datetime,rtadf,bsadf,bsadf_gap,bubble_flag,bubble_age,ssa_noise_vol,cusum,cusum_sq,chow_f,qlr_f,qlr_loc,bp_nbreaks,bp_since,bp_dmean,rup_ncp,rup_since,rup_lvr,hmm_p_bull,hmm_p_bear,hmm_mu,hmm_sig,hmm_entropy,mom_5,mom_21,vol_21,fwd_ret,dir_up,bubble_ends_h,fold,proba_up,tau,tau_lb,tau_ub
2025-06-04 00:00:00+00:00,,,,,0.0,,,,,,,,,,,,,,,,,,,,,-1.1038893457689534,0.0,,,,,,
2025-06-05 00:00:00+00:00,,,,,0.0,,,,,,,,,,,,,,,,,,,,,-0.32314212383065044,0.0,,,,,,
2025-06-06 00:00:00+00:00,,,,,0.0,,,,,,,,,,,,,,,,,,,,,-0.4201418225240974,0.0,,,,,,
2025-06-09 00:00:00+00:00,,,,,0.0,,,,,,,,,,,,,,,,,,,,,-0.3719264669790172,0.0,,,,,,
2025-06-10 00:00:00+00:00,,,,,0.0,,,,,,,,,,,,,,,,,,,,,-0.3367685768219295,0.0,,,,,,
2025-06-11 00:00:00+00:00,,,,,0.0,,,,,,,,,,,,,,,,,,-1.1038893457689534,,,-0.2929871246814739,0.0,,,,,,
2025-06-12 00:00:00+00:00,,,,,0.0,,,,,,,,,,,,,,,,,,-0.32314212383065044,,,-0.1963228625260478,0.0,,,,,,
2025-06-13 00:00:00+00:00,,,,,0.0,,,,,,,,,,,,,,,,,,-0.4201418225240974,,,-0.1198011998126205,0.0,,,,,,
2025-06-16 00:00:00+00:00,,,,,0.0,,,,,,,,,,,,,,,,,,-0.3719264669790172,,,-0.07200492195694319,0.0,,,,,,
2025-06-17 00:00:00+00:00,,,,,0.0,,,,,,,,,,,,,,,,,,-0.3367685768219295,,,-0.09801091895501024,0.0,,,,,,
2025-06-18 00:00:00+00:00,,,,,0.0,,,,,,,,,,,,,,,,,,-0.2929871246814739,,,-0.061422812626406254,0.0,,,,,,
2025-06-20 00:00:00+00:00,,,,,0.0,,,,,,,,,,,,,,,,,,-0.1963228625260478,,,-0.07895869672727818,0.0,,,,,,
2025-06-23 00:00:00+00:00,,,,,0.0,,,,,,,,,,,,,,,,,,-0.1198011998126205,,,2.041810473462189,1.0,,,,,,
2025-06-24 00:00:00+00:00,,,,,0.0,,,,,,,,,,,,,,,,,,-0.07200492195694319,,,2.342501700399488,1.0,,,,,,
2025-06-25 00:00:00+00:00,,-2.301202310090102,-2.4543604304942277,0.0,0.0,,,,,,,,,,,,,,,,,,-0.09801091895501024,,,2.594263745130312,1.0,,,,,,
2025-06-26 00:00:00+00:00,,-2.4442970412757057,-2.594039987418972,0.0,0.0,,,,,,,,,,,,,,,,,,-0.061422812626406254,,,3.4191350823488227,1.0,,,,,,
2025-06-27 00:00:00+00:00,,-1.6753048761325677,-1.9001829763525668,0.0,0.0,,,,,,,,,,,,,,,,,,-0.07895869672727818,,,3.2280356234660115,1.0,,,,,,
2025-06-30 00:00:00+00:00,,-1.179292252798754,-1.4690307990658802,0.0,0.0,,,,,,,,,,,,,,,,,,2.041810473462189,,,1.190609576513769,1.0,,,,,,
2025-07-01 00:00:00+00:00,,-0.7560413234106094,-1.090375865797556,0.0,0.0,,,,,,,,,,,,,,,,,,2.342501700399488,,,0.3718633615613962,1.0,,,,,,
2025-07-02 00:00:00+00:00,,-0.09288532684647324,-0.47657548062928246,0.0,0.0,,,,,,,,,,,,,,,,,,2.594263745130312,,,-0.24016799007043366,0.0,,,,,,
2025-07-03 00:00:00+00:00,,0.6948622676412135,0.29217729378541263,1.0,1.0,,,,,,,,,,,,,,,,,,3.4191350823488227,,,-1.201014222286191,0.0,1.0,,,,,
2025-07-07 00:00:00+00:00,,0.11075288248758124,-0.2486466479393163,0.0,0.0,,,,,,,,,,,,,,,,,,3.2280356234660115,1.7328658045808503,0.5438397447350112,-0.9632450311030558,0.0,,,,,,
2025-07-08 00:00:00+00:00,,-0.019553810190635842,-0.4093658737474735,0.0,0.0,,,,,,,,,,,,,,,,,,1.190609576513769,2.666331747534918,0.4958266027665833,-1.0261456371198205,0.0,,,,,,
2025-07-09 00:00:00+00:00,,-0.5754743160934548,-1.0902696253508493,0.0,0.0,,,,,,,,,,,,,,,,,,0.3718633615613962,2.178957194789558,0.5144098765068011,-0.3982966186295518,0.0,,,,,,
2025-07-10 00:00:00+00:00,,-0.8499418774686438,-1.4083894527071823,0.0,0.0,,,,,,,,,,,,,,,,,,-0.24016799007043366,1.8987876791418101,0.5232831961553526,-0.09357293723928528,0.0,,,,,,
2025-07-11 00:00:00+00:00,,-0.9210186371839416,-1.4091848754827365,0.0,0.0,,,,,,,,,,,,,,,,,,-1.201014222286191,1.7947180512678,0.5248768070734209,0.0417078649458249,1.0,,,,,,
2025-07-14 00:00:00+00:00,,-0.9372589935873237,-1.462404203878978,0.0,0.0,,,,,,,,,,,,,,,,,,-0.9632450311030558,1.8735101192467478,0.5239983805336372,0.03190866845382878,1.0,,,,,,
2025-07-15 00:00:00+00:00,,-0.9756661335394046,-1.5024313998232623,0.0,0.0,,,,,,,,,,,,,,,,,,-1.0261456371198205,1.9633282342457479,0.5226043140318362,-0.009807698383019758,0.0,,,,,,
2025-07-16 00:00:00+00:00,,-0.9586108147760692,-1.5412908058932846,0.0,0.0,,,,,,,,,,,,,,,,,,-0.3982966186295518,2.2008023986841034,0.5202462227745761,-0.10511253053566261,0.0,,,,,,
2025-07-17 00:00:00+00:00,,-1.0155794612888902,-1.5902570494863126,0.0,0.0,,,,,,,,,,,,,,,,,,-0.09357293723928528,2.177141208881542,0.5206084156336097,-0.05898515502101587,0.0,,,,,,
2025-07-18 00:00:00+00:00,,-1.0340904946820868,-1.608721743193657,0.0,0.0,,,,,,,,,,,,,,,,,,0.0417078649458249,2.1731944930355542,0.5206428788894315,-0.01426896980119885,0.0,,,,,,
2025-07-19 00:00:00+00:00,,-1.060341061615736,-1.62373546546207,0.0,0.0,,,,,,,,,,,,,,,,,,0.03190866845382878,2.1984059123820505,0.520360271034965,-0.062101508807671735,0.0,,,,,,
2025-07-21 00:00:00+00:00,,-1.1078543307044588,-1.7169586547545113,0.0,0.0,,,,,,,,,,,,,,,,,,-0.009807698383019758,2.149843398388776,0.521046435512891,0.005795656893058609,1.0,,,,,,
2025-07-22 00:00:00+00:00,,-1.123089797814061,-1.6199982820263426,0.0,0.0,,,,,,,,,,,,,,,,,,-0.10511253053566261,2.2154910679610613,0.5203042172150728,-0.13860961870493593,0.0,,,,,,
2025-07-23 00:00:00+00:00,,-1.1543239261916916,-1.595961809845007,0.0,0.0,,,,,,,,,,,,,,,,,,-0.05898515502101587,2.190160975817469,0.5205792689723169,-0.21056476910734956,0.0,,,,,,
2025-07-24 00:00:00+00:00,,-1.1605175757770527,-1.59699126645895,0.0,0.0,,,,,,,,,,,,,,,,,,-0.01426896980119885,2.2569364421893656,0.5200410700948397,-0.19364288691751197,0.0,,,,,,
2025-07-25 00:00:00+00:00,,-1.19993830916592,-1.7281190822608175,0.0,0.0,,,,,,,,,,,,,,,,,,-0.062101508807671735,2.197727216200785,0.5207481483667749,-0.13885782859615725,0.0,,,,,,
2025-07-26 00:00:00+00:00,,-1.2207223044113744,-1.7743374581824092,0.0,0.0,,,,,,,,,,,,,,,,,,0.005795656893058609,2.2345977520091127,0.5203091021105973,-0.22818134534416679,0.0,,,,,,
2025-07-28 00:00:00+00:00,,-0.49098240266885984,-0.9680503988277216,0.0,0.0,,,,,,,,,,,,,,,,,,-0.13860961870493593,0.035070975793936476,0.2613230050761826,-0.10280042323411598,0.0,,,,,,
2025-07-29 00:00:00+00:00,-1.3425531471526873,1.0036596023255866,0.46983573294073444,1.0,1.0,,,,,,,,,,,,,,,,,,-0.21056476910734956,-0.36290549368936853,0.25248968460957855,-0.02756391834620997,0.0,1.0,,,,,
2025-07-30 00:00:00+00:00,-1.318989550566671,-0.22148716667727736,-0.6752835332697712,0.0,0.0,,,,,,,,,,,,,,,,,,-0.19364288691751197,-0.5309701898584582,0.24650681686948256,-0.032499167392954664,0.0,,,,,,
2025-07-31 00:00:00+00:00,-1.3851517345146833,-0.6013981923399704,-1.2232841024602226,0.0,0.0,,,,,,,,,,,,,,,,,,-0.13885782859615725,-1.3602656947441951,0.14855376029593306,0.10486963306996921,1.0,,,,,,
2025-08-01 00:00:00+00:00,-1.4412589416583674,-0.09899482943565176,-0.625595209076097,0.0,0.0,,,,,,,,,,,,,,,,,,-0.22818134534416679,-1.2216192168010656,0.14394771982585122,0.26469255422708216,1.0,,,,,,
2025-08-02 00:00:00+00:00,-1.5146850638428995,-0.06665703748983748,-0.6913790265620545,0.0,0.0,,,,,,,,,,,,,,,,,,-0.10280042323411598,-1.2583390239539485,0.14295702418454267,0.48453609284059995,1.0,,,,,,
2025-08-04 00:00:00+00:00,-1.6284008340571565,-0.06804996564191819,-0.6383101385067168,0.0,0.0,,,,,,,,,,,,,,,,,,-0.02756391834620997,-0.7623327735969747,0.09825102211919948,0.6390264189336134,1.0,,,,,,
2025-08-05 00:00:00+00:00,-1.7593684492612138,-0.585561450943367,-1.0694017740876514,0.0,0.0,,,,,,,,,,,,,,,,,,-0.032499167392954664,-0.32330136718097924,0.06410220855948061,0.6286486986608333,1.0,,,,,,
2025-08-06 00:00:00+00:00,-1.8586415204228535,-1.305425197380595,-1.8584801331811673,0.0,0.0,,,,,,,,,,,,,,,,,,0.10486963306996921,-0.05438183938803487,0.06794199271699297,0.47127004820994767,1.0,,,,,,
2025-08-07 00:00:00+00:00,-1.9577029909826167,-1.4102941626261025,-1.9754615478356428,0.0,0.0,,,,,,,,,,,,,,,,,,0.26469255422708216,0.006318368529072416,0.06976222332010537,0.38143845588749503,1.0,,,,,,
2025-08-08 00:00:00+00:00,-2.0874437093423577,-0.5686423384320706,-1.258205038189223,0.0,0.0,,,,,,,,,,,,,,,,,,0.48453609284059995,0.252342706006472,0.08424689127574458,0.11694011130755966,1.0,,,,,,
2025-08-11 00:00:00+00:00,-2.264308878628992,-0.36790150766024154,-1.0315407931699534,0.0,0.0,,,,,,,,,,,,,,,,,,0.6390264189336134,0.27499026396619053,0.08575358139407152,-0.07223165231624584,0.0,,,,,,
2025-08-12 00:00:00+00:00,-2.55134116811364,-0.4779052499382685,-1.1685993537063208,0.0,0.0,,,,,,,,,,,,,3.3938286854404186e-302,1.0,-0.019211967956825227,0.21771563238081074,9.377495207124823e-301,0.6286486986608333,0.3989202687191393,0.08422225967074336,-0.22659279870778537,0.0,,,,,,
2025-08-13 00:00:00+00:00,-2.8925339083446207,-0.7121118644801165,-1.396558524742962,0.0,0.0,,,,,,,,,,,,,3.1933719957451376e-302,1.0,-0.019211967956825227,0.21771563238081074,8.823612904544879e-301,0.47127004820994767,0.3751803438760879,0.08449830060071319,-0.16875186540773202,0.0,,,,,,
2025-08-14 00:00:00+00:00,-3.436107449933469,-0.807128776762699,-1.452555645795764,0.0,0.0,,,,,,,,,,,,,3.192096753323274e-302,1.0,-0.019211967956825227,0.21771563238081074,8.820089279516235e-301,0.38143845588749503,0.35584815596273867,0.08480741714895551,-0.23625644604299723,0.0,,,,,,
2025-08-15 00:00:00+00:00,-4.321526426158629,-1.0243193922603924,-1.6447529217265642,0.0,0.0,,,,,,,,,,,,,3.2139679135561215e-302,1.0,-0.019211967956825227,0.21771563238081074,8.880521528538601e-301,0.11694011130755966,0.37909051569705143,0.0837903848724498,-0.0776670505512258,0.0,,,,,,
2025-08-18 00:00:00+00:00,-6.8106794409446465,-1.187707806360519,-1.8978024785502265,0.0,0.0,,,,,,,,,,,,,3.228938224373635e-302,1.0,-0.019211967956825227,0.21771563238081074,8.921886025969673e-301,-0.07223165231624584,0.3078711421856073,0.08517884917370101,-0.10097591734000222,0.0,,,,,,
2025-08-19 00:00:00+00:00,-2.0715443844981305,-1.4291013633476863,-2.061642883002125,0.0,0.0,,,,,,,,,,,,,3.404465520707145e-302,1.0,-0.019211967956825227,0.21771563238081074,9.40688586911098e-301,-0.22659279870778537,0.23131262503236982,0.08835147549661491,0.003409208155116694,1.0,,,,,,
2025-08-20 00:00:00+00:00,-2.3760614982905066,-1.1548320526284674,-1.9919195294306002,0.0,0.0,,,,,,,,,,,,,3.3330190685721134e-302,1.0,-0.019211967956825227,0.21771563238081074,9.209472026350856e-301,-0.16875186540773202,0.22069744826955473,0.08811489513401084,-0.12310354173726923,0.0,,,,,,
2025-08-21 00:00:00+00:00,-2.338585836857952,-1.324525094112248,-2.1202190236843657,0.0,0.0,,,,,,,,,,,,,3.349855917089742e-302,1.0,-0.019211967956825227,0.21771563238081074,9.255993958042485e-301,-0.23625644604299723,0.18169321872741317,0.08980109839832495,-0.04631052574201355,0.0,,,,,,
2025-08-22 00:00:00+00:00,-4.0836028595610605,-1.0133277775509568,-1.7265172035944474,0.0,0.0,,,,,,,,,,,,,3.8484933617168315e-302,1.0,-0.019211967956825227,0.21771563238081074,1.0633780134210862e-300,-0.0776670505512258,0.295627808252767,0.09264884015033388,-0.20397895976967595,0.0,,,,,,
2025-08-25 00:00:00+00:00,-3.05948047157601,-1.1740154191794396,-1.7987303129827157,0.0,0.0,0.32713439648531845,,,,,,,,,1.0,34.0,-3.6957625948532193,3.3005981858233906e-302,1.0,-0.019211967956825227,0.21771563238081074,9.119889816768156e-301,-0.10097591734000222,0.345504843550541,0.0894801264898262,-0.1547220796041615,0.0,,,,,,
2025-08-26 00:00:00+00:00,-4.655695313569724,-1.1366862940570064,-1.920407986297318,0.0,0.0,0.3238689553597019,,,,,,,,,1.0,36.0,-3.7528900909563467,2.662809564012453e-302,1.0,-0.018891423721028543,0.20023890568353342,7.357614729092458e-301,0.003409208155116694,0.4452866022948361,0.08597187654325145,-0.10747597600250058,0.0,,,,,,
2025-08-27 00:00:00+00:00,-2.207495539598252,-1.1324849116105655,-1.9132464493169299,0.0,0.0,0.3267832148731894,,,,,,,,,1.0,36.0,-3.6484525373387506,2.773863951519526e-302,1.0,-0.018891423721028543,0.20023890568353342,7.664469341714902e-301,-0.12310354173726923,0.29123679344979747,0.08794190270866732,-0.08711013169290283,0.0,,,,,,
2025-08-28 00:00:00+00:00,-1.5308554969137158,-0.34566590077707665,-1.0841671564171786,0.0,0.0,0.32798845146050276,,,,,,,,,1.0,38.0,-3.709059093821066,2.643167270165157e-302,1.0,-0.018891423721028543,0.20023890568353342,7.303341065486467e-301,-0.04631052574201355,0.2742405215815569,0.08808682405501173,-0.08062805926704097,0.0,,,,,,
2025-08-29 00:00:00+00:00,-1.4651440428171232,-0.14897635445912116,-0.9772247870371995,0.0,0.0,0.32536408852335513,,,,,,,,,1.0,38.0,-3.7721035275338295,2.6609884871903833e-302,1.0,-0.018891423721028543,0.20023890568353342,7.352582907880025e-301,-0.20397895976967595,0.31983019382725786,0.08597384485716843,0.0038897200398242404,1.0,,,,,,
2025-09-02 00:00:00+00:00,-1.4718604522223857,-0.06171982586721738,-0.7399935122211337,0.0,0.0,0.32365663588118493,,,,,,,,,1.0,40.0,-3.8371123533456286,2.642370507435492e-302,1.0,-0.018891423721028543,0.20023890568353342,7.30113952870569e-301,-0.1547220796041615,0.2935831871804955,0.08639607185466656,0.048465104899297895,1.0,,,,,,
2025-09-03 00:00:00+00:00,-1.4924091020327892,-0.5716461984091142,-1.3016211528481745,0.0,0.0,0.31949144000067575,,,,,,,,,1.0,40.0,-3.8962767103054494,2.822897362334013e-302,1.0,-0.018891423721028543,0.20023890568353342,7.799953662675012e-301,-0.10747597600250058,0.36537454463854546,0.08650787225783749,0.016361187428278523,1.0,,,,,,
2025-09-04 00:00:00+00:00,-1.4308021818614847,-0.34469254598558674,-1.0252168309926097,0.0,0.0,0.321182622775602,,,,,,,,,1.0,42.0,-3.9484954065489672,2.70066009557106e-302,1.0,-0.018891423721028543,0.20023890568353342,7.462199612766957e-301,-0.08711013169290283,0.2366258291498493,0.08734635057668952,0.12463318645381971,1.0,,,,,,
2025-09-05 00:00:00+00:00,-1.4922901650844533,-0.35930908957822494,-1.0612867627539413,0.0,0.0,0.3260495281228304,,,,,,,,,1.0,42.0,-4.014140273386812,2.648337929331274e-302,1.0,-0.018891423721028543,0.20023890568353342,7.317628124746691e-301,-0.08062805926704097,0.08874282924454668,0.08187276805780225,0.2703466654758744,1.0,,,,,,
2025-09-08 00:00:00+00:00,-1.5028003924439306,-0.7083808831061297,-1.4683262625560483,0.0,0.0,0.3282979850059879,,,,,,,,,1.0,44.0,-4.087917545327976,2.760494794997913e-302,1.0,-0.018891423721028543,0.20023890568353342,7.627528997099819e-301,0.0038897200398242404,0.05902735963999994,0.08092133971541877,0.19295975362100082,1.0,,,,,,
2025-09-09 00:00:00+00:00,-1.5059240035299568,-0.9245387920301315,-1.5650864899680446,0.0,0.0,0.32001970162395255,,,,,,,,,1.0,44.0,-4.162888494519825,2.6866011021656485e-302,1.0,-0.018891423721028543,0.20023890568353342,7.423353178401594e-301,0.048465104899297895,-0.14248780076080658,0.0640972422762433,0.2263670498074779,1.0,,,,,,
2025-09-10 00:00:00+00:00,-1.5477868002772681,-1.0440951893028743,-1.8564686580816394,0.0,0.0,0.2964835019470448,,,,,,,,,1.0,44.0,-4.159542093205096,2.30045893084544e-302,1.0,-0.01769349238037026,0.18584301199271858,6.356402929451676e-301,0.016361187428278523,-0.25729068686678946,0.05554847898091143,0.22437086802827633,1.0,,,,,,
2025-09-11 00:00:00+00:00,-1.5061996819897452,-1.0861230979279883,-1.8636780178217462,0.0,0.0,0.26137173638626804,,,,,,,,,1.0,44.0,-4.155408708232282,2.3881467686691977e-302,1.0,-0.01769349238037026,0.18584301199271858,6.598693379303513e-301,0.12463318645381971,-0.26738968305716426,0.05495948414004766,0.22686126064432965,1.0,,,,,,
2025-09-12 00:00:00+00:00,-1.3916705456665373,-0.44290718721139327,-1.2586544398295287,0.0,0.0,0.2295993686937801,,,,,,,,,1.0,44.0,-4.119469371587001,3.254350831979134e-302,1.0,-0.01769349238037026,0.18584301199271858,8.992103655705508e-301,0.2703466654758744,-0.1121805534895266,0.06451856624032014,0.10664848601301546,1.0,,,,,,
2025-09-15 00:00:00+00:00,-1.4486064870364244,-0.5894251272450437,-1.2943515476317689,0.0,0.0,0.20040782875843235,,,,,,,,,1.0,44.0,-4.1387911891274785,2.2597978831222109e-302,1.0,-0.01769349238037026,0.18584301199271858,6.244052302628044e-301,0.19295975362100082,-0.12945134262649427,0.06481521028457576,0.03678448172456106,1.0,,,,,,
2025-09-16 00:00:00+00:00,-1.3792592616352526,0.12897294028586861,-0.7107983829172886,0.0,0.0,0.18133055449355054,,,,,,,,,1.0,44.0,-4.128742872938753,2.4106194926441305e-302,1.0,-0.01769349238037026,0.18584301199271858,6.660787810371893e-301,0.2263670498074779,-0.033060862260888335,0.06536386338495569,-0.02608371023848921,0.0,,,,,,
2025-09-17 00:00:00+00:00,-1.3592418820176313,0.325339180637335,-0.4898001618685177,0.0,0.0,0.1773933717032867,,,,,,,,,1.0,44.0,-4.128718049883905,2.2952966619418438e-302,1.0,-0.01769349238037026,0.18584301199271858,6.342139053343539e-301,0.22437086802827633,0.039311833477732705,0.0644631555131502,-0.09457451215278212,0.0,,,,,,
2025-09-18 00:00:00+00:00,-1.5082300875729944,0.5960347429148175,-0.17969786985457104,0.0,0.0,0.19052101486573378,,,,,,,,,1.0,44.0,-4.148388204748959,2.3995127339255765e-302,1.0,-0.01769349238037026,0.18584301199271858,6.630098701903704e-301,0.22686126064432965,0.18606437629495076,0.061031780900445066,-0.190291861201914,0.0,,,,,,
2025-09-19 00:00:00+00:00,-1.7126008354685893,0.5913937574166913,-0.17881312381264913,0.0,0.0,0.20334822179956125,,,,,,,,,1.0,44.0,-2.7682140487283786,2.299837261743206e-302,1.0,-0.01769349238037026,0.18584301199271858,6.354685194242581e-301,0.10664848601301546,0.16321979793122088,0.06056124156169983,-0.19364336121632597,0.0,,,,,,
2025-09-22 00:00:00+00:00,-1.7799295117539151,-0.49599310265555313,-1.2813322662927182,0.0,0.0,0.2058038155205779,,,,,,,,,1.0,44.0,-2.6450008486266254,2.519821226841227e-302,1.0,-0.01769349238037026,0.18584301199271858,6.962523352721492e-301,0.03678448172456106,0.143589585141064,0.0622232553654553,-0.03471545060932568,0.0,,,,,,
2025-09-23 00:00:00+00:00,-1.9008891484176396,-0.7434272420241693,-1.5250108132164442,0.0,0.0,0.20598880008749937,,,,,,,,,1.0,44.0,-2.603888155474504,2.2495316742554848e-302,1.0,-0.01769349238037026,0.18584301199271858,6.21568571923034e-301,-0.02608371023848921,0.018522478051848257,0.05724638993899912,-0.04812054073877947,0.0,,,,,,
2025-09-24 00:00:00+00:00,-2.586135743777361,-0.9271744408936894,-1.672002977410187,0.0,0.0,0.20021888375587027,,,,,,,,,0.0,60.0,0.0,2.0096398143268377e-302,1.0,-0.012918577654133644,0.1754957413439442,5.5528400145075575e-301,-0.09457451215278212,0.045713238664952804,0.05571944551716585,0.008438868645864517,1.0,,,,,,
2025-09-25 00:00:00+00:00,-2.749454432430233,-1.0625881657660001,-1.7956896053855322,0.0,0.0,0.19556366189350646,,,,,,,,,0.0,60.0,0.0,2.0051674509680578e-302,1.0,-0.012918577654133644,0.1754957413439442,5.540482417867103e-301,-0.190291861201914,-0.0076366930620799245,0.05669470938696926,0.13085482611991273,1.0,,,,,,
2025-09-26 00:00:00+00:00,-3.2935090961882185,-1.0783266675493763,-1.8609020625577006,0.0,0.0,0.1872832105904891,,,,,,,,,0.0,60.0,0.0,2.0011705670456097e-302,1.0,-0.012918577654133644,0.1754957413439442,5.5294386194611944e-301,-0.19364336121632597,0.09267997845216414,0.05364018715029865,0.11491865119270095,1.0,,,,,,
2025-09-29 00:00:00+00:00,-3.200864569960969,-1.0622794516556842,-1.7794037499750928,0.0,0.0,0.18098609860534637,,,,,,,,,0.0,60.0,0.0,2.1106820849591586e-302,1.0,-0.012918577654133644,0.1754957413439442,5.8320301258518605e-301,-0.03471545060932568,0.15518466027375188,0.05452472743978107,0.17218644123792837,1.0,,,,,,
2025-09-30 00:00:00+00:00,-2.6644858372884523,-1.1081131038379628,-1.7990917191982723,0.0,0.0,0.17631081861503278,,,,,,,,,0.0,60.0,0.0,1.9735010004450333e-302,1.0,-0.012918577654133644,0.1754957413439442,5.452984781560283e-301,-0.04812054073877947,0.17438089708274473,0.0537806215383396,0.1310248840337329,1.0,,,,,,
2025-10-01 00:00:00+00:00,-2.6522816790189814,-1.1229460141661904,-1.961476541227055,0.0,0.0,0.17160019873511953,,,,,,,,,0.0,60.0,0.0,1.9835529919764219e-302,1.0,-0.012918577654133644,0.1754957413439442,5.480759460586376e-301,0.008438868645864517,0.20887418691497883,0.05319618877295929,0.13620162118040113,1.0,,,,,,
2025-10-02 00:00:00+00:00,-1.7848202610609099,-0.9878028637199946,-1.7102348122642437,0.0,0.0,0.16845398751455257,,,,,,,,,0.0,60.0,0.0,2.2395105536616456e-302,1.0,-0.012918577654133644,0.1754957413439442,6.187996339756976e-301,0.13085482611991273,0.23069410906033339,0.05430687888657713,0.044990286259657175,1.0,,,,,,
2025-10-03 00:00:00+00:00,-1.5784592597585791,-0.9671600203076176,-1.672328406982433,0.0,0.0,0.16189598438201303,,,,,,,,,0.0,60.0,0.0,1.9769456193516447e-302,1.0,-0.012918577654133644,0.1754957413439442,5.462502615334773e-301,0.11491865119270095,0.2947087613377679,0.051780653823641845,-0.07665040977539483,0.0,,,,,,
2025-10-06 00:00:00+00:00,-1.3689348495937712,-0.5214909776249923,-1.2606829101258747,0.0,0.0,0.1565570445892001,,,,,,,,,0.0,60.0,0.0,2.5138651327424674e-302,1.0,-0.012918577654133644,0.1754957413439442,6.946066056540364e-301,0.17218644123792837,0.4079991607787212,0.05561540847206965,-0.10620448659092663,0.0,,,,,,
2025-10-07 00:00:00+00:00,-1.5435851273114676,-0.7279106620409554,-1.4269932170717734,0.0,0.0,0.1522177599129813,,,,,,,,,0.0,60.0,0.0,2.0602825706358064e-302,1.0,-0.012918577654133644,0.1754957413439442,5.692771121401751e-301,0.1310248840337329,0.3015160610766534,0.05835760828181897,-0.11214020264320546,0.0,,,,,,
2025-10-08 00:00:00+00:00,-1.4375787509865416,-0.7526428564360838,-1.4757640804619374,0.0,0.0,0.14963500739057461,,,,,,,,,0.0,60.0,0.0,1.7679330387335538e-302,1.0,-0.010535542599793321,0.16648105797985,4.884979512479455e-301,0.13620162118040113,0.29661070319608207,0.05835073796896102,-0.10907109505436186,0.0,,,,,,
2025-10-09 00:00:00+00:00,-1.2894795841606153,-0.8153977595695675,-1.504082720743234,0.0,0.0,0.14812064105290082,,,,,,,,,0.0,60.0,0.0,1.7503817579868354e-302,1.0,-0.010535542599793321,0.16648105797985,4.836483531587038e-301,0.044990286259657175,0.25932320789171204,0.0586600494387097,-0.14583789324771423,0.0,,,,,,
2025-10-10 00:00:00+00:00,-1.4772670342387315,-1.2595473287117047,-1.8944255501450837,0.0,0.0,0.14938294356831142,,,,,,,,,0.0,60.0,0.0,2.1633290453843567e-302,1.0,-0.010535542599793321,0.16648105797985,5.9774990533716705e-301,-0.07665040977539483,0.09342516510855337,0.06463928609508136,-0.05122308129077302,0.0,,,,,,
2025-10-13 00:00:00+00:00,-1.1490310155168757,-1.1239156513153439,-1.790294769520083,0.0,0.0,0.14625845819463482,,,,,,,,,0.0,60.0,0.0,2.0297168996377376e-302,1.0,-0.010535542599793321,0.16648105797985,5.608315051324735e-301,-0.10620448659092663,0.03144800871192022,0.0592258908131944,-0.055142753028806446,0.0,,,,,,
2025-10-14 00:00:00+00:00,-1.222086451969881,-1.21413806150214,-1.9306888173830332,0.0,0.0,0.14653910164220452,,,,,,,,,0.0,60.0,0.0,1.8716156660297374e-302,1.0,-0.010535542599793321,0.16648105797985,5.171465198897035e-301,-0.11214020264320546,-0.0035838951875528657,0.06082449490680942,-0.020426404571218804,0.0,,,,,,
2025-10-15 00:00:00+00:00,-1.2771978146757372,-1.22564689629833,-2.058362415954483,0.0,0.0,0.14264473017386786,,,,,,,,,0.0,60.0,0.0,1.7729309017464466e-302,1.0,-0.010535542599793321,0.16648105797985,4.89878911832383e-301,-0.10907109505436186,-0.03882744166575769,0.05979825100550819,-0.11344765149100544,0.0,,,,,,
2025-10-16 00:00:00+00:00,-1.275650188801382,-1.1048439864442332,-1.872719194022069,0.0,0.0,0.13961710454956866,,,,,,,,,0.0,60.0,0.0,1.8045182515279367e-302,1.0,-0.010535542599793321,0.16648105797985,4.986068191204688e-301,-0.14583789324771423,-0.11088555338427852,0.0605340158597555,-0.037702680357090124,0.0,,,,,,
2025-10-17 00:00:00+00:00,-1.3290634702275212,-0.8257007652848579,-1.5651298556504702,0.0,0.0,0.13216930489080186,,,,,,,,,0.0,60.0,0.0,1.7557758138711567e-302,1.0,-0.010535542599793321,0.16648105797985,4.851387858791056e-301,-0.05122308129077302,-0.1846591768265493,0.059330823394130684,0.01117107168669218,1.0,,,,,,
2025-10-20 00:00:00+00:00,-1.3416733842549342,-1.2388159660880282,-2.1000337012655406,0.0,0.0,0.11572881203493104,1.434048911723029,2.7726712019867334,0.24966190770247634,7.828421876957339,0.15254237288135594,1.0,47.0,0.030133298693277875,0.0,60.0,0.0,2.0044004416672192e-302,1.0,-0.010535542599793321,0.16648105797985,5.538363092848344e-301,-0.055142753028806446,-0.1303432303299017,0.06186726812134814,-0.0016742632503703447,0.0,,,,,,
2025-10-21 00:00:00+00:00,-1.467943596842605,-0.8854329083997018,-1.7050459273716,0.0,0.0,0.11166674400016174,1.424354770999056,2.905216999022497,0.3660584725155284,9.28990922043253,0.15254237288135594,1.0,47.0,0.025558545373095213,0.0,60.0,0.0,1.7718299460340192e-302,1.0,-0.010535542599793321,0.16648105797985,4.895747065270053e-301,-0.020426404571218804,-0.06079478148333273,0.057970662405722274,0.013219849581857623,1.0,,,,,,
2025-10-22 00:00:00+00:00,-1.5433227642484766,-0.43307471229284783,-1.1982193646019745,0.0,0.0,0.11264772149872931,1.3557528569943627,2.9822341559491683,0.5246579842688947,8.690860742393582,0.15254237288135594,2.0,35.0,-0.0225081968683801,0.0,60.0,0.0,1.715281863446211e-302,1.0,-0.010810403016121503,0.15896823629817095,4.739498938865152e-301,-0.11344765149100544,-0.12619138291827392,0.06015082253103289,0.03538563275419104,1.0,,,,,,
2025-10-23 00:00:00+00:00,-1.7677117065186392,-0.4335016602265587,-1.1379413812749941,0.0,0.0,0.11386598748204804,1.2375735541499129,3.030549596042365,0.763482494050759,7.461206391215258,0.2542372881355932,1.0,43.0,-0.02395984419744999,0.0,60.0,0.0,1.6127062075108353e-302,1.0,-0.010810403016121503,0.15896823629817095,4.456071927352093e-301,-0.037702680357090124,-0.05401372158858653,0.05967292414330142,-0.09907819689043018,0.0,,,,,,
2025-10-24 00:00:00+00:00,-2.0603190127693702,-0.7720202885995435,-1.5852192100175857,0.0,0.0,0.11342155277768638,1.0624434021550955,3.035872983752895,1.045438215199332,8.122359410590748,0.2542372881355932,2.0,27.0,0.030962646147616568,0.0,60.0,0.0,1.6141241346554798e-302,1.0,-0.010810403016121503,0.15896823629817095,4.4599898048395455e-301,0.01117107168669218,0.016803756062056863,0.05907515113415644,-0.07751664080118692,0.0,,,,,,
2025-10-27 00:00:00+00:00,-1.9541222942144931,-1.1648289939768592,-2.0629528054565203,0.0,0.0,0.11268102059451275,0.8933340533181235,2.9867491651568714,1.3296388897155684,11.573643851568534,0.22033898305084745,1.0,45.0,-0.03274266848101205,0.0,60.0,0.0,1.75613548774709e-302,1.0,-0.010810403016121503,0.15896823629817095,4.852381674437132e-301,-0.0016742632503703447,0.06162586763605393,0.0605414553741184,-0.22566021387193747,0.0,,,,,,
2025-10-28 00:00:00+00:00,-2.443143177553585,-1.2188185310144872,-1.962252799864391,0.0,0.0,0.11223780930030103,1.2366083305458917,2.9768067186595215,1.553502779451863,10.881550606493981,0.22033898305084745,2.0,29.0,0.02926090206055572,0.0,60.0,0.0,1.5787170411649446e-302,1.0,-0.010810403016121503,0.15896823629817095,4.362156390050482e-301,0.013219849581857623,-0.012859481292149422,0.05967045034027654,-0.28628728366292444,0.0,,,,,,
2025-10-29 00:00:00+00:00,-2.7491243362191446,-1.1517827309049493,-1.9779001561505143,0.0,0.0,0.1102883122948018,1.809291985879905,2.733933711382546,1.3859436340079048,15.519288983136954,0.1864406779661017,2.0,31.0,0.02616504502330187,0.0,60.0,0.0,1.6350197347825534e-302,1.0,-0.010810403016121503,0.15896823629817095,4.517726481673663e-301,0.03538563275419104,-0.042685209425303405,0.06061585698291001,-0.18344759246348596,0.0,,,,,,
2025-10-30 00:00:00+00:00,-2.30502198274077,-0.6886832584779752,-1.531679344159175,0.0,0.0,0.1133348109731752,2.1224207197944986,2.776494665462469,1.3194621983972432,13.496537989642604,0.1864406779661017,2.0,31.0,0.028991180678943886,0.0,60.0,0.0,1.9177371565128718e-302,1.0,-0.010810403016121503,0.15896823629817095,5.298903586640793e-301,-0.09907819689043018,-0.16153078712488123,0.06499773950927416,-0.1757439104194254,0.0,,,,,,
2025-10-31 00:00:00+00:00,-2.432842741912941,-0.8094061755830739,-1.564943586466728,0.0,0.0,0.11395538362345617,2.1664650066036946,2.730627737974065,0.6534692815472145,18.721093254320248,0.15254237288135594,2.0,31.0,0.026225346639385805,0.0,60.0,0.0,1.6788643444819497e-302,1.0,-0.010810403016121503,0.15896823629817095,4.638873615316029e-301,-0.07751664080118692,-0.19156771085904278,0.06337184346992607,-0.14805994133165568,0.0,,,,,,
2025-11-03 00:00:00+00:00,-1.7858265667699345,-0.30006487164825857,-1.0782870667869515,0.0,0.0,0.11652113962273766,2.1643221777621586,2.5661866238157285,0.14351577882759822,16.519610112221137,0.15254237288135594,2.0,33.0,0.029154376583269095,0.0,60.0,0.0,1.7546099151945517e-302,1.0,-0.010810403016121503,0.15896823629817095,4.848166361695825e-301,-0.22566021387193747,-0.2789529974285845,0.06539674634600101,-0.04071506292235183,0.0,,,,,,
2025-11-04 00:00:00+00:00,-0.88047573118065,0.4967611372210352,-0.2996405525812097,0.0,0.0,0.11441148753337929,2.1826339197150055,2.600740729615254,0.04807550012536683,13.274841440332098,0.15254237288135594,2.0,33.0,0.022995207804618764,0.0,60.0,0.0,1.7441035469756446e-302,1.0,-0.010810403016121503,0.15896823629817095,4.8191361934849915e-301,-0.28628728366292444,-0.47133320619300223,0.06060207169601335,0.003289060523569809,1.0,,,,,,
2025-11-05 00:00:00+00:00,-0.5136552944057171,-0.052670816911445206,-0.8134705619640543,0.0,0.0,0.10985444983723207,2.1370956375467576,2.556701625430823,0.12321441622250347,10.647352104459973,0.15254237288135594,0.0,59.0,0.0,0.0,60.0,0.0,1.5509338946908085e-302,1.0,-0.012323828740156846,0.15264124892982026,4.285388719361103e-301,-0.18344759246348596,-0.3571576859225223,0.06164018382565549,-0.020734978749082256,0.0,,,,,,
2025-11-06 00:00:00+00:00,0.22151055766443492,0.5411588589053348,-0.2142608674335188,0.0,0.0,0.10903996058699048,2.085905102013189,2.5476666100950385,0.15171471636570932,8.373976278179319,0.15254237288135594,0.0,59.0,0.0,0.0,60.0,0.0,1.708418010787615e-302,1.0,-0.012323828740156846,0.15264124892982026,4.720533413090523e-301,-0.1757439104194254,-0.47347631872470775,0.06395182077328299,-0.021640011336102827,0.0,,,,,,
2025-11-07 00:00:00+00:00,-0.2509445514033862,0.123841548134495,-0.6111944222310047,0.0,0.0,0.0984829955238341,2.1033261144051805,2.7021171697488664,0.2721651124741264,10.526128996009227,0.15254237288135594,1.0,47.0,-0.02569951234797234,0.0,60.0,0.0,1.679502476406313e-302,1.0,-0.012323828740156846,0.15264124892982026,4.640636838983712e-301,-0.14805994133165568,-0.38461793845035563,0.06731919153175882,-0.15655642158234429,0.0,,,,,,
2025-11-10 00:00:00+00:00,-0.6380433456711178,-0.31884517171261595,-1.1418052245158443,0.0,0.0,0.09552606340287538,2.0239640399328875,2.631021195244827,0.48573722700854666,10.718682246355359,0.15254237288135594,1.0,47.0,-0.018737899711354464,0.0,60.0,0.0,1.470669769498945e-302,1.0,-0.012323828740156846,0.15264124892982026,4.063610745558312e-301,-0.04071506292235183,-0.24301765057554148,0.06372688864094715,-0.284850927992474,0.0,,,,,,
2025-11-11 00:00:00+00:00,-0.636014836420932,-0.20211815190590873,-0.9673970974769217,0.0,0.0,0.08675788630614614,1.7592742725124166,2.1804816412958443,0.7726227323841778,6.62089854078684,0.15254237288135594,0.0,59.0,0.0,0.0,60.0,0.0,1.454115279095012e-302,1.0,-0.012323828740156846,0.15264124892982026,4.017868998166861e-301,0.003289060523569809,-0.3618396590785058,0.06035957844564679,-0.20412871771629115,0.0,,,,,,
2025-11-12 00:00:00+00:00,-0.9018352736534783,-0.30844323773265275,-1.124025317771943,0.0,0.0,0.08501253077585612,1.1906169741272057,1.354075691036496,0.885938100078686,2.3787863006547947,0.6949152542372882,0.0,59.0,0.0,0.0,60.0,0.0,1.4748431147434136e-302,1.0,-0.012323828740156846,0.15264124892982026,4.075142124615709e-301,-0.020734978749082256,-0.2657524620283991,0.059667215564221505,-0.3295453341237162,0.0,,,,,,
2025-11-13 00:00:00+00:00,-0.13271029108428284,0.119776841590369,-0.532541575247572,0.0,0.0,0.08407136729113902,0.8648674614520303,1.0624257092470533,1.1382938458437903,2.7854858558557543,0.6610169491525424,0.0,59.0,0.0,0.0,60.0,0.0,1.7144691881471723e-302,1.0,-0.012323828740156846,0.15264124892982026,4.737253434030339e-301,-0.021640011336102827,-0.3860452350064487,0.06243895840835552,-0.3403627590769305,0.0,,,,,,
2025-11-14 00:00:00+00:00,0.3391855661096267,0.4921452209348838,-0.32609004639785233,0.0,0.0,0.08468451758577512,1.3351867953056353,1.0698112737707235,1.9807996450840784,3.79711356591085,0.7966101694915254,2.0,19.0,-0.0333823951217288,0.0,60.0,0.0,1.507922787661846e-302,1.0,-0.012323828740156846,0.15264124892982026,4.166544638707431e-301,-0.15655642158234429,-0.3953364667849857,0.06272047099133454,-0.27996002635787054,0.0,,,,,,
2025-11-17 00:00:00+00:00,0.9949361486862652,1.0706507419017992,0.3504577300879388,1.0,1.0,0.08854404335574334,1.3031678745382111,1.0895176184759792,2.8087652428255656,4.235736238763094,0.22033898305084745,2.0,21.0,-0.03447920481027245,0.0,60.0,0.0,1.7273220091938703e-302,1.0,-0.012323828740156846,0.15264124892982026,4.7727670910043956e-301,-0.284850927992474,-0.4766454972772425,0.06552703899325159,0.004834820054583577,1.0,1.0,,,,,
2025-11-18 00:00:00+00:00,0.8021107673571681,0.8021107673571681,0.03419306588041615,1.0,2.0,0.08894330682964152,1.2771288933326113,1.3013581360383795,3.118052914456349,5.295049098875941,0.22033898305084745,2.0,21.0,-0.033800249530806584,0.0,60.0,0.0,1.5265828153091257e-302,1.0,-0.012323828740156846,0.15264124892982026,4.21810420050201e-301,-0.20412871771629115,-0.5108256237659905,0.06333407297257883,-0.11026028737349325,0.0,1.0,,,,,
2025-11-19 00:00:00+00:00,1.2116308235681477,1.251151367411366,0.40505697297596377,1.0,3.0,0.09469376743429667,1.220310342336011,1.5453324494938907,2.6502743576476124,5.8707550825850365,0.288135593220339,2.0,23.0,-0.03375084842912807,0.0,60.0,0.0,1.573168884505246e-302,1.0,-0.012975941091343006,0.14737290229987737,4.346826266668621e-301,-0.3295453341237162,-0.5748713915808965,0.06547661826469232,0.08409417200362324,1.0,1.0,,,,,
2025-11-20 00:00:00+00:00,1.7575894275266764,1.8375332588688824,0.9914388644334803,1.0,4.0,0.10865205801941681,1.197746847600782,1.535727133376457,2.268391283370609,6.2479598289656115,0.8305084745762712,2.0,23.0,-0.0329619522320439,0.0,60.0,0.0,1.6697914465408478e-302,1.0,-0.012975941091343006,0.14737290229987737,4.6138042718567044e-301,-0.3403627590769305,-0.6129603425923738,0.0674054543520036,0.24127185643269966,1.0,1.0,,,,,
2025-11-21 00:00:00+00:00,1.6377669385485158,1.7468369636653758,0.9007425692299736,1.0,5.0,0.11754563381463738,1.2871390847187247,1.393323579002271,2.556536967663163,6.138197373872566,0.8305084745762712,2.0,25.0,-0.03362461144190196,0.0,60.0,0.0,1.3208700627711774e-302,1.0,-0.012975941091343006,0.14737290229987737,3.649698859582827e-301,-0.27996002635787054,-0.6375938127857661,0.06664609993381759,0.1071281831818558,1.0,1.0,,,,,
2025-11-24 00:00:00+00:00,0.02821800198682321,0.1327919923350052,-0.713302402100397,0.0,0.0,0.11429043539717461,1.3012230548444346,1.2650414570784194,3.685832802373401,7.244296776429731,0.7966101694915254,2.0,25.0,-0.033145034799427354,0.0,60.0,0.0,3.078055880059704e-302,1.0,-0.012975941091343006,0.14737290229987737,8.50498270179377e-301,0.004834820054583577,-0.4829817489093511,0.08017633891033096,0.025711621104963722,1.0,,,,,,
2025-11-25 00:00:00+00:00,-0.007088642746264683,0.25231444196088937,-0.5937799524745128,0.0,0.0,0.10351843018906642,1.2570719056782822,1.1884786588096923,5.373562239203481,6.902778737538764,0.5254237288135594,2.0,27.0,-0.03340431688401298,0.0,60.0,0.0,1.4302657896504104e-302,1.0,-0.012975941091343006,0.14737290229987737,3.951970423522071e-301,-0.11026028737349325,-0.6194116478891134,0.07833077498854608,0.15212263273440518,1.0,,,,,,
2025-11-26 00:00:00+00:00,-0.4095818229114775,-0.09270649372950367,-0.9388008881649058,0.0,0.0,0.09541631959212178,1.1889249666334367,1.177285216818684,7.001701604563043,7.824282444724067,0.7627118644067796,1.0,13.0,-0.03069959045071764,0.0,60.0,0.0,1.707995214102158e-302,1.0,-0.012975941091343006,0.14737290229987737,4.7193651826761626e-301,0.08409417200362324,-0.5039970691591309,0.08280248523837214,0.13479083863482977,1.0,,,,,,
2025-11-28 00:00:00+00:00,-1.0492490629043547,-0.38033594805076104,-1.2264303424861631,0.0,0.0,0.0972259716552488,1.1006757228966961,1.192184303068128,8.011972489207782,8.011972489207782,0.4915254237288136,1.0,29.0,-0.027373837860721055,0.0,60.0,0.0,1.4132093281125636e-302,1.0,-0.012975941091343006,0.14737290229987737,3.904841678630544e-301,0.24127185643269966,-0.40707411891386514,0.08372153790376481,0.027986345717483374,1.0,,,,,,
2025-12-01 00:00:00+00:00,-0.7062495307412503,-0.04294554623487131,-0.8890399406702735,0.0,0.0,0.09968096429139739,0.9864581937795501,1.2291665587667682,8.404405830972776,8.404405830972776,0.4915254237288136,1.0,29.0,-0.028812659602447048,0.0,60.0,0.0,1.8536513807486478e-302,1.0,-0.012975941091343006,0.14737290229987737,5.1218280443036e-301,0.1071281831818558,-0.4313874327134801,0.08520104892028811,0.21383986690339185,1.0,,,,,,
2025-12-02 00:00:00+00:00,-1.0058874856497249,-0.2577968534534821,-1.1038912478888843,0.0,0.0,0.11024038706380195,1.0637567100291074,1.1468100181794099,8.600628322676219,10.113484168656068,0.22033898305084745,1.0,45.0,-0.02882580879317627,0.0,60.0,0.0,1.7451283977443539e-302,1.0,-0.012975941091343006,0.14737290229987737,4.821967960808079e-301,0.025711621104963722,-0.37975348700320044,0.08792082754716454,0.20601237601408817,1.0,,,,,,
2025-12-03 00:00:00+00:00,-1.3129696861322595,-0.5332773747108899,-1.379371769146292,0.0,0.0,0.1310638781855586,1.5315115366585572,1.0191156187365127,8.86345614016183,11.98474293509244,0.1864406779661017,1.0,47.0,-0.03092639887037934,0.0,60.0,0.0,1.456825148758599e-302,1.0,-0.012975941091343006,0.14737290229987737,4.02535664475646e-301,0.15212263273440518,-0.24162880128277076,0.0878519291080699,0.18251959620444413,1.0,,,,,,
2025-12-04 00:00:00+00:00,-1.172327554907297,-0.7527504544950826,-1.5988448489304847,0.0,0.0,0.1576286859489111,1.9882755011679856,1.0569177985894804,9.436360799751881,14.503160436429836,0.1864406779661017,1.0,47.0,-0.03632703715562666,0.0,60.0,0.0,1.4762697591512935e-302,1.0,-0.011645539879913996,0.1443755085856845,4.079084088791614e-301,0.13479083863482977,-0.08291894686137669,0.08825124393657828,0.05516793684646126,1.0,,,,,,
2025-12-05 00:00:00+00:00,-1.3709303040317646,-0.6571743851943528,-1.5032687796297548,0.0,0.0,0.1724870558677234,2.052921328598404,1.0424011978803769,9.994810881801262,16.193049463776997,0.15254237288135594,2.0,19.0,-0.02550814164018413,0.0,60.0,0.0,1.3117652712832702e-302,1.0,-0.011645539879913996,0.1443755085856845,3.624541390996978e-301,0.027986345717483374,-0.1956401807328958,0.08833115895990278,0.023216364857332472,1.0,,,,,,
2025-12-08 00:00:00+00:00,-1.3334977124803582,-0.7374451360270693,-1.5835395304624713,0.0,0.0,0.18380084744187083,2.0103039376585308,1.0057487254251793,10.548566265725295,17.336368759270876,0.15254237288135594,1.0,35.0,-0.035042176702080124,0.0,60.0,0.0,1.348466773606298e-302,1.0,-0.011645539879913996,0.1443755085856845,3.7259513895643663e-301,0.21383986690339185,-0.041803655390662886,0.08654326918298484,-0.1466915889761249,0.0,,,,,,
2025-12-09 00:00:00+00:00,-1.5000789657620397,-0.6224404620478431,-1.4685348564832452,0.0,0.0,0.20134932946484965,1.9189629981966858,0.9307741740473171,11.4156338595309,17.272711816961557,0.6271186440677966,2.0,21.0,-0.015348427698775606,0.0,60.0,0.0,1.5717573584933018e-302,1.0,-0.011645539879913996,0.1443755085856845,4.34292607616445e-301,0.20601237601408817,-0.025681169657456593,0.08731677705502565,-0.22244244545037795,0.0,,,,,,
2025-12-10 00:00:00+00:00,-1.4151167508646738,-0.4615100109199469,-1.307604405355349,0.0,0.0,0.21670786826094443,1.7887729949457383,0.8572676627551824,10.430017706351844,17.05180813944235,0.3559322033898305,2.0,21.0,-0.01174820612367496,0.0,60.0,0.0,1.2794202392115417e-302,1.0,-0.011645539879913996,0.1443755085856845,3.535168764580046e-301,0.18251959620444413,-0.01839414215597479,0.08743063512477282,-0.3205599079486534,0.0,,,,,,
2025-12-11 00:00:00+00:00,-1.3896479581881993,-0.7519579022233464,-1.5980522966587485,0.0,0.0,0.22344231189417968,1.6313343081903309,0.7854814251992254,12.462025403024928,17.153712903461297,0.5932203389830508,2.0,23.0,-0.010669084557467652,0.0,60.0,0.0,1.2747051928302359e-302,1.0,-0.011645539879913996,0.1443755085856845,3.5221406099676016e-301,0.05516793684646126,-0.03104007053848523,0.08774677591596437,-0.30009156491664557,0.0,,,,,,
2025-12-12 00:00:00+00:00,-1.6851249867342852,-0.8478550793369367,-1.6939494737723388,0.0,0.0,0.2247023482658956,1.4538587877250781,0.7214319995877162,8.753980598903347,13.863401204710446,0.3559322033898305,2.0,23.0,-0.006801375587657806,0.0,60.0,0.0,1.4571616681171052e-302,1.0,-0.011645539879913996,0.1443755085856845,4.02628648210654e-301,0.023216364857332472,-0.15168883712648107,0.08988769789232903,-0.10580684460966783,0.0,,,,,,
2025-12-15 00:00:00+00:00,-1.5548599420854956,-0.662555361548669,-1.508649755984071,0.0,0.0,0.22298354632470588,1.3118615848179578,1.019332790527401,6.272678184153005,12.475047860636572,0.559322033898305,1.0,25.0,-0.019716635345152642,0.0,60.0,0.0,1.6181645781064448e-302,1.0,-0.011645539879913996,0.1443755085856845,4.471153962670679e-301,-0.1466915889761249,-0.16685523303068495,0.09075915713286935,0.004513224940057459,1.0,,,,,,
2025-12-16 00:00:00+00:00,-1.4013011257556292,-0.678055149807245,-1.5241495442426471,0.0,0.0,0.2209498825130691,1.123167572226133,1.4727226129974955,4.8959346144338,12.656488059510442,0.8305084745762712,1.0,27.0,-0.015987403315333056,0.0,60.0,0.0,1.2472335588936163e-302,1.0,-0.011645539879913996,0.1443755085856845,3.4462336802284225e-301,-0.22244244545037795,-0.09156719352549025,0.09003562430605468,-0.05265234359799953,0.0,,,,,,
2025-12-17 00:00:00+00:00,-1.415948705489965,-0.5207479991509648,-1.366842393586367,0.0,0.0,0.21799752633195027,0.8612958245566226,1.8845362194262392,4.8331077215138665,16.189541916433637,0.8305084745762712,1.0,27.0,-0.012794457933926962,0.0,60.0,0.0,1.32549028420058e-302,1.0,-0.011645539879913996,0.1443755085856845,3.6624650031704358e-301,-0.3205599079486534,-0.05410312211215418,0.08828166077888518,0.0010226692556547512,1.0,,,,,,
2025-12-18 00:00:00+00:00,-1.5341783862178218,-0.44050521282832883,-1.286599607263731,0.0,0.0,0.220690555763013,0.6652188009027408,2.206851522778575,5.997675494377836,18.09308782229083,0.8305084745762712,1.0,13.0,0.023138568236438627,0.0,60.0,0.0,1.1544348184398702e-302,1.0,-0.011800827023403702,0.14038447961721776,3.189821284527519e-301,-0.30009156491664557,-0.12700291773883965,0.08787042243682795,-0.004229826539100312,0.0,,,,,,
2025-12-19 00:00:00+00:00,-2.206598948296997,-0.7080206121616738,-1.554115006597076,0.0,0.0,0.21498274889500785,0.844302859077202,2.075923979811083,6.200309700475116,21.412223105871494,0.7966101694915254,1.0,13.0,0.029814655779801573,0.0,60.0,0.0,1.5539423092691782e-302,1.0,-0.011800827023403702,0.14038447961721776,4.293701276035143e-301,-0.10580684460966783,0.07204965238756733,0.08785574161675505,-0.09422658343351653,0.0,,,,,,
2025-12-22 00:00:00+00:00,-2.3842843447731266,-0.7193863287429678,-1.56548072317837,0.0,0.0,0.20132507040117428,0.846874478315046,1.9096833793422001,5.124562256313312,19.010326835854787,0.7966101694915254,1.0,13.0,0.03377902397335922,0.0,60.0,0.0,1.1441719237412056e-302,1.0,-0.011800827023403702,0.14038447961721776,3.161463858514584e-301,0.004513224940057459,0.178020750986303,0.0836803976066645,-0.11473204974896012,0.0,,,,,,
2025-12-23 00:00:00+00:00,-2.2827541897268566,-0.6319340199608822,-1.4780284143962843,0.0,0.0,0.18973305466278342,0.7958350228741302,1.7643409556240406,3.4083760144362776,17.997486646871945,0.7627118644067796,2.0,13.0,0.051800725747647554,0.0,60.0,0.0,1.1725750883285326e-302,1.0,-0.011800827023403702,0.14038447961721776,3.2399447025617465e-301,-0.05265234359799953,0.13574048923438076,0.08441934933175582,-0.09245998087591856,0.0,,,,,,
2025-12-24 00:00:00+00:00,-1.881846180661689,-0.599386036051052,-1.4454804304864541,0.0,0.0,0.18978602723157034,0.6476470741890791,1.9662083478747725,2.8197257320171163,12.47781751668722,0.7627118644067796,1.0,13.0,0.030661875078544586,0.0,60.0,0.0,1.1441017013148298e-302,1.0,-0.011800827023403702,0.14038447961721776,3.1612698267799837e-301,0.0010226692556547512,-0.057915272911083004,0.07462603525129222,0.06080498434560644,1.0,,,,,,
2025-12-26 00:00:00+00:00,-2.1629150096835623,-0.5185272881003162,-1.3646216825357183,0.0,0.0,0.18612965996304848,0.6190083988914236,2.4271263165747583,2.3312547329921105,9.250254422659125,0.7288135593220338,1.0,15.0,0.02327532204426149,0.0,60.0,0.0,1.1611154250066114e-302,1.0,-0.011800827023403702,0.14038447961721776,3.208280482638803e-301,-0.004229826539100312,-0.020972456904446712,0.07331074408288145,0.16384267323782487,1.0,,,,,,
2025-12-29 00:00:00+00:00,-1.9782408258629776,-0.5415091911127473,-1.3876035855481494,0.0,0.0,0.18584639475159176,0.8954730739685072,2.671555353702771,2.1211927639099746,6.721754801015843,0.7288135593220338,1.0,15.0,0.01886487517454703,0.0,60.0,0.0,1.1554248484372306e-302,1.0,-0.011800827023403702,0.14038447961721776,3.192556838503766e-301,-0.09422658343351653,-0.10627110304957244,0.07011284180205812,0.124688979688651,1.0,,,,,,
2025-12-30 00:00:00+00:00,-1.6370717567090103,-0.4793266645631396,-1.3254210589985418,0.0,0.0,0.18629641230666766,1.037648292718471,2.4065340109145437,1.9910492825506605,6.156201160319423,0.6949152542372882,0.0,59.0,0.0,0.0,60.0,0.0,1.1526542956263863e-302,1.0,-0.011800827023403702,0.14038447961721776,3.1849015181818425e-301,-0.11473204974896012,-0.1779831551953568,0.06942048226826203,0.0909717782057271,1.0,,,,,,
2025-12-31 00:00:00+00:00,-1.8365986161974621,-0.43185657820820966,-1.2779509726436118,0.0,0.0,0.18592916895192693,1.0924648914925204,2.1865704395911045,1.9358150146974786,5.757972097901937,0.6610169491525424,0.0,59.0,0.0,0.0,60.0,0.0,1.1462239554905531e-302,1.0,-0.011800827023403702,0.14038447961721776,3.1671338317742617e-301,-0.09245998087591856,-0.0638476748233936,0.06321736328875774,0.1416018692971659,1.0,,,,,,
2026-01-02 00:00:00+00:00,-1.9311217418026048,-0.7854917346602022,-1.6315861290956044,0.0,0.0,0.18582536168924296,1.106505730872991,2.0736922367570854,2.1443409615902005,6.687151092007727,0.6610169491525424,1.0,19.0,0.016258724183030145,0.0,60.0,0.0,2.0324529570539646e-302,1.0,-0.011800827023403702,0.14038447961721776,5.615875057348951e-301,0.06080498434560644,-0.022821909670440288,0.06700639276061399,-0.03690214629488331,0.0,,,,,,
2026-01-05 00:00:00+00:00,-2.4097177765881295,-0.9691154579606036,-1.8152098523960056,0.0,0.0,0.18427825513600066,1.0794373853875157,1.9873551379589525,2.3735889421605036,6.7304166098852125,0.6271186440677966,1.0,21.0,0.016303713616807696,0.0,60.0,0.0,1.2578954164883084e-302,1.0,-0.010593874514441973,0.1365094818595305,3.4756934814618185e-301,0.16384267323782487,-0.00925241640102703,0.06762061842277042,-0.06888578790811639,0.0,,,,,,
2026-01-06 00:00:00+00:00,-2.610806020526425,-0.9326000460307341,-1.7786944404661362,0.0,0.0,0.17679270798068822,0.9735537056880994,1.9656947709199508,2.3986897157179294,7.1780498463553295,0.6271186440677966,1.0,21.0,0.018163310242488014,0.0,60.0,0.0,1.0825284715152199e-302,1.0,-0.010593874514441973,0.1365094818595305,2.9911367055030897e-301,0.124688979688651,-0.1163729619957512,0.06557062321033805,-0.03493667665005562,0.0,,,,,,
2026-01-07 00:00:00+00:00,-2.611864879934528,-0.8425136399784234,-1.6886080344138255,0.0,0.0,0.17193105618209067,0.7204112483770845,2.1542140049575558,2.164895799273461,7.334198183365707,0.8305084745762712,0.0,59.0,0.0,0.0,60.0,0.0,1.1518648425056587e-302,1.0,-0.010593874514441973,0.1365094818595305,3.1827201785969566e-301,0.0909717782057271,-0.11499772270711306,0.0655097212604185,0.07302513501488939,1.0,,,,,,
2026-01-08 00:00:00+00:00,-2.99857512645755,-0.8898476852744673,-1.7359420797098695,0.0,0.0,0.16541790527416567,0.8510837993637385,2.4718039470360953,1.7571426857852936,5.609041354105356,0.5932203389830508,2.0,13.0,-0.036145342658240306,0.0,60.0,0.0,1.118460563394271e-302,1.0,-0.010593874514441973,0.1365094818595305,3.0904207444480444e-301,0.1416018692971659,-0.13608567242961955,0.06475899915993472,-0.013194077163042106,0.0,,,,,,
2026-01-09 00:00:00+00:00,-2.6563575653288356,-0.8268708290631913,-1.6729652234985934,0.0,0.0,0.15111690674968709,0.9266573021709998,2.318919702553582,1.5847079516318476,7.29052325227078,0.7966101694915254,2.0,13.0,-0.04512737451035301,0.0,60.0,0.0,1.0951811393000211e-302,1.0,-0.010593874514441973,0.1365094818595305,3.0260973185765564e-301,-0.03690214629488331,-0.26573643197941177,0.061196561356944935,0.03593983667771905,1.0,,,,,,
2026-01-12 00:00:00+00:00,-2.5520732046437122,-0.8872850262820502,-1.7333794207174522,0.0,0.0,0.13570447342245257,0.8255795693501684,2.181450749044254,1.967048531073449,5.268995254050712,0.7966101694915254,2.0,13.0,-0.04679980681672937,0.0,60.0,0.0,1.1317650954395449e-302,1.0,-0.010593874514441973,0.1365094818595305,3.127182525036095e-301,-0.06888578790811639,-0.26065780051358756,0.06138288011813561,-0.0974325718284752,0.0,,,,,,
2026-01-13 00:00:00+00:00,-2.3370790821884686,-0.9024467740940454,-1.7485411685294476,0.0,0.0,0.12587504428678495,0.727472074205576,2.060850487081088,2.691793541942858,8.618212210961062,0.7627118644067796,2.0,13.0,-0.04291746378403207,0.0,60.0,0.0,1.07566011881996e-302,1.0,-0.010593874514441973,0.1365094818595305,2.9721587456676524e-301,-0.03493667665005562,-0.20647757549226808,0.06080283958290753,-0.06176636881318043,0.0,,,,,,
2026-01-14 00:00:00+00:00,-2.3876710760958058,-0.978972059659012,-1.8250664540944141,0.0,0.0,0.1252461768644634,0.5691448649586703,2.1934490230345185,3.804915332944122,6.5455181324288745,0.7627118644067796,2.0,15.0,-0.037050673851713324,0.0,60.0,0.0,1.163300293720086e-302,1.0,-0.010593874514441973,0.1365094818595305,3.2143174979945576e-301,0.07302513501488939,-0.06518895254955615,0.058543587785745706,-0.1223094924239323,0.0,,,,,,
2026-01-15 00:00:00+00:00,-2.4403735755988727,-0.9033446123301243,-1.7494390067655265,0.0,0.0,0.12529829379464277,0.6094446684940649,2.1350388070746966,5.007548048061197,7.253247933886992,0.7288135593220338,2.0,15.0,-0.033412983794763186,0.0,60.0,0.0,1.1323252639783355e-302,1.0,-0.010593874514441973,0.1365094818595305,3.1287303279084754e-301,-0.013194077163042106,-0.002588160616536772,0.053746196848612614,-0.06940945137216792,0.0,,,,,,
2026-01-16 00:00:00+00:00,-2.637393846036539,-0.9160660004576556,-1.7621603948930578,0.0,0.0,0.12474908293843427,0.689101300606998,2.0212539535660725,5.759763449123607,5.759763449123607,0.4915254237288136,2.0,17.0,-0.03204954029805726,0.0,60.0,0.0,1.0819135089349463e-302,1.0,-0.010593874514441973,0.1365094818595305,2.989437501098985e-301,0.03593983667771905,-0.007354149851314773,0.053693097689513074,-0.11409920030595622,0.0,,,,,,
2026-01-20 00:00:00+00:00,-2.6640710800066154,-0.7570822834710659,-1.603176677906468,0.0,0.0,0.1210381801719603,0.7682918283131049,1.8918172826431303,5.234184084716626,6.163885166041273,0.6949152542372882,2.0,17.0,-0.03188436999685387,0.0,60.0,0.0,1.2544821821144078e-302,1.0,-0.009933645360182508,0.13260808575420246,3.4662623663559323e-301,-0.0974325718284752,-0.037530464393409346,0.05595637266273497,0.03787147036431815,1.0,,,,,,
2026-01-21 00:00:00+00:00,-2.0234072485241406,-0.8148689837363859,-1.660963378171788,0.0,0.0,0.11036223825799589,0.855896940442294,1.7827466217929886,4.21076590153336,5.6787943251673,0.4576271186440678,2.0,19.0,-0.0332329222032733,0.0,60.0,0.0,1.0736470868350481e-302,1.0,-0.009933645360182508,0.13260808575420246,2.9665965327394386e-301,-0.06176636881318043,0.03184762061119706,0.056203760476812636,0.00949481531136831,1.0,,,,,,
2026-01-22 00:00:00+00:00,-2.211293097377838,-0.7967107647797399,-1.642805159215142,0.0,0.0,0.10478497473371243,0.9175566762181814,1.6696500881808216,2.9684959852991253,6.651360659603396,0.6610169491525424,2.0,19.0,-0.03328468609310174,0.0,60.0,0.0,1.0050936171585311e-302,1.0,-0.009933645360182508,0.13260808575420246,2.7771762959192377e-301,-0.1223094924239323,-0.08169160036382062,0.05173257634959933,-0.07917802971218268,0.0,,,,,,
2026-01-23 00:00:00+00:00,-2.099544266679539,-0.7936044645276618,-1.6396988589630639,0.0,0.0,0.09784470054222344,0.9283486212601991,1.498911628266976,1.9550296904531246,5.5436951346348025,0.423728813559322,2.0,21.0,-0.032614223737384124,0.0,60.0,0.0,1.0054190934096282e-302,1.0,-0.009933645360182508,0.13260808575420246,2.7780756200359175e-301,-0.06940945137216792,-0.07651083692876215,0.051721109142037716,-0.13750754100416174,0.0,,,,,,
2026-01-26 00:00:00+00:00,-1.9275886575503312,-0.7308402928098887,-1.576934687245291,0.0,0.0,0.0884516011745148,1.0784808341925758,1.475973403701362,1.273657505935443,6.178673915959577,0.6271186440677966,2.0,21.0,-0.03079085504175275,0.0,60.0,0.0,1.0228241360331938e-302,1.0,-0.009933645360182508,0.13260808575420246,2.826167530061455e-301,-0.11409920030595622,-0.06880100655927146,0.05145408104495973,-0.19827548473619627,0.0,,,,,,
2026-01-27 00:00:00+00:00,-2.0688886335636223,-0.6825945869649885,-1.5286889814003906,0.0,0.0,0.0816171075211094,1.2131638105457627,1.7601559810939125,0.6626752986649231,5.619441621069613,0.3898305084745763,2.0,23.0,-0.030015801136356247,0.0,60.0,0.0,1.1262536509570353e-302,1.0,-0.009933645360182508,0.13260808575420246,3.111953841148546e-301,0.03787147036431815,-0.0006816632847459481,0.05283680508866861,-0.2717845619297816,0.0,,,,,,
2026-01-28 00:00:00+00:00,-2.1260415827014643,-0.8683419902446564,-1.7144363846800585,0.0,0.0,0.07737458297814367,1.4098448019662875,1.5912403230100827,0.32421883387304934,5.633931914757988,0.5932203389830508,2.0,23.0,-0.029445987040348384,0.0,60.0,0.0,1.0158382554664458e-302,1.0,-0.009933645360182508,0.13260808575420246,2.8068648287161383e-301,0.00949481531136831,0.04557226246166568,0.052219566912635,-0.3781664755377321,0.0,,,,,,
2026-01-29 00:00:00+00:00,-1.790883147642681,-0.6147712948610633,-1.4608656892964653,0.0,0.0,0.08164342264159316,1.3871814209651594,1.4690288482116278,0.1903821326305868,5.3524295529272035,0.3559322033898305,2.0,25.0,-0.030872711610273176,0.0,60.0,0.0,1.2923610904560637e-302,1.0,-0.009933645360182508,0.13260808575420246,3.570925657979594e-301,-0.07917802971218268,-0.06664304664248677,0.057097006125435175,-0.42819335918572055,0.0,,,,,,
2026-01-30 00:00:00+00:00,-1.7593868173595624,0.16510640428782178,-0.6809879901475804,0.0,0.0,0.08636042279566994,1.283540797228935,1.4099739431253313,0.3642124727615573,5.922701422397404,0.559322033898305,2.0,25.0,-0.03232261073336942,0.0,60.0,0.0,1.0840369210651488e-302,1.0,-0.009933645360182508,0.13260808575420246,2.9953047056397294e-301,-0.13750754100416174,-0.09928632818396377,0.05827189754873256,-0.2039074464645405,0.0,,,,,,
2026-02-02 00:00:00+00:00,-1.0410681040308327,1.2374549903224126,0.39136059588701044,1.0,1.0,0.09760832585992678,1.184178502182324,1.3891890272383483,0.9151614283797904,3.837399923966688,0.3220338983050847,2.0,27.0,-0.032819419065530084,0.0,60.0,0.0,1.240307504636125e-302,1.0,-0.009933645360182508,0.13260808575420246,3.4270962850845412e-301,-0.19827548473619627,-0.17461651041954918,0.061536442826454665,-0.061035890586369046,0.0,1.0,,,,,
2026-02-03 00:00:00+00:00,-1.3236378730550855,1.1654440251339153,0.3193496306985132,1.0,2.0,0.10768837839661512,1.033821356524969,1.3500250349236393,1.9920293738259107,5.540420472072216,0.5254237288135594,2.0,27.0,-0.03235478541646024,0.0,60.0,0.0,9.490876515476262e-303,1.0,-0.011194226611308703,0.1294052589218944,2.6224260940779495e-301,-0.2717845619297816,-0.333271209560134,0.05150319972707728,-0.11359717772370548,0.0,1.0,,,,,
2026-02-04 00:00:00+00:00,-0.9041448069413363,1.9353943602678336,1.0892999658324314,1.0,3.0,0.12305261922726839,0.8876770262270042,1.241705274420835,3.3208819285807043,3.5984663890515627,0.5254237288135594,2.0,29.0,-0.03226219427694969,0.0,60.0,0.0,1.1749771753253347e-302,1.0,-0.011194226611308703,0.1294052589218944,3.2465819142148402e-301,-0.3781664755377321,-0.49643688631389127,0.050683696737881236,-0.04174606666363356,0.0,1.0,,,,,
2026-02-05 00:00:00+00:00,-0.06092586022332912,3.0243560100870535,2.1782616156516514,1.0,4.0,0.15408974551776541,0.8549450242376472,1.052762713926869,5.421935362672541,5.421935362672541,0.4915254237288136,2.0,29.0,-0.03133957338569965,0.0,60.0,0.0,1.743103510189905e-302,1.0,-0.011194226611308703,0.1294052589218944,4.8163729897306435e-301,-0.42819335918572055,-0.6195253855168583,0.05815206872314219,0.12617682778485229,1.0,1.0,,,,,
2026-02-06 00:00:00+00:00,-1.281095452262846,0.7234405083917989,-0.12265388604360328,0.0,0.0,0.16227513442744926,0.9132791415817871,1.1537797201490771,3.605017429197102,3.605017429197102,0.4915254237288136,2.0,31.0,-0.03120961127181636,0.0,60.0,0.0,2.3307289552817608e-302,1.0,-0.011194226611308703,0.1294052589218944,6.440042097889642e-301,-0.2039074464645405,-0.3941655528542314,0.07105000956742691,0.02365545977964345,1.0,,,,,,
2026-02-09 00:00:00+00:00,-1.2235092921916026,-0.3382756583638464,-1.1843700527992485,0.0,0.0,0.16069633933697736,1.017441975814923,1.2677479481886929,1.1524414420708036,5.389772754776169,0.4576271186440678,2.0,31.0,-0.03090008666846996,0.0,60.0,0.0,1.046828232034597e-302,1.0,-0.011194226611308703,0.1294052589218944,2.89249329840981e-301,-0.061035890586369046,-0.3772542703030841,0.07172133441326853,-0.0625203569813344,0.0,,,,,,
2026-02-10 00:00:00+00:00,-0.4189352370757951,-0.15198156170100774,-0.9980759561364099,0.0,0.0,0.15824763313100254,1.1830926940084825,0.9748056882485865,0.20063306133737235,3.0451648210527704,0.423728813559322,2.0,33.0,-0.032769900689202255,0.0,60.0,0.0,1.059363499840116e-302,1.0,-0.011194226611308703,0.1294052589218944,2.9271295233526216e-301,-0.11359717772370548,-0.4099662409889562,0.07256913982945734,-0.006537614434030559,0.0,,,,,,
2026-02-11 00:00:00+00:00,-0.4044557560127103,-0.08903508555086766,-0.9351294799862698,0.0,0.0,0.1488346750535301,1.3037886257795586,0.78301628836457,0.14863919044424342,3.277033447565174,0.423728813559322,2.0,33.0,-0.03415438551039769,0.0,60.0,0.0,9.518347805063434e-303,1.0,-0.011194226611308703,0.1294052589218944,2.6300166919045987e-301,-0.04174606666363356,-0.46929716506940844,0.0714881824110911,0.024855451499209646,1.0,,,,,,
2026-02-12 00:00:00+00:00,-0.4218726305435162,-0.14431246716301113,-0.9904068615984133,0.0,0.0,0.13817357783126635,1.2988463912181436,1.2032637946776839,1.187281684900544,5.869328354411547,0.8305084745762712,0.0,59.0,0.0,0.0,60.0,0.0,9.647140823812362e-303,1.0,-0.011194226611308703,0.1294052589218944,2.665603518110957e-301,0.12617682778485229,-0.4584118810819504,0.07171939036403584,0.01956420564636474,1.0,,,,,,
2026-02-13 00:00:00+00:00,-0.7073528099903228,-0.34110903320136615,-1.1872034276367682,0.0,0.0,0.1306068677840294,1.2599234370932841,1.4159314482658432,3.0829422606620405,7.281053100370733,0.8305084745762712,1.0,13.0,-0.024529544145481,0.0,60.0,0.0,1.1015004031610604e-302,1.0,-0.011194226611308703,0.1294052589218944,3.0435580898947065e-301,0.02365545977964345,-0.4435352280894773,0.07248286876591843,-0.08666445591069483,0.0,,,,,,
2026-02-17 00:00:00+00:00,-0.6789038605203377,-0.2583937635312925,-1.1044881579666948,0.0,0.0,0.13083524612770553,1.2339712634524127,1.4498420523255975,4.256923808464805,8.225358570851874,0.7627118644067796,1.0,13.0,-0.028511419990606184,0.0,60.0,0.0,9.697071740072888e-303,1.0,-0.011194226611308703,0.1294052589218944,2.6793999401262794e-301,-0.0625203569813344,-0.4265805501213764,0.07216437651544498,-0.035871489360398634,0.0,,,,,,
2026-02-18 00:00:00+00:00,-0.6465524031982242,-0.22403623977274642,-1.0701306342081485,0.0,0.0,0.13065068657117984,1.2213382264087744,1.3371101338922822,2.839026431668576,6.070584812948088,0.7288135593220338,0.0,59.0,0.0,0.0,60.0,0.0,9.006815404637542e-303,1.0,-0.011259109189267454,0.12732062334256872,2.4886750663281044e-301,-0.006537614434030559,-0.4524436921007058,0.0718528354506016,0.08136140623177512,1.0,,,,,,
2026-02-19 00:00:00+00:00,-0.6343126567939856,-0.2551080344297441,-1.1012024288651463,0.0,0.0,0.1354044965603794,1.2000047848381887,1.202753721224782,2.5520965972948,6.264304707426295,0.8305084745762712,0.0,59.0,0.0,0.0,60.0,0.0,9.092566379404564e-303,1.0,-0.011259109189267454,0.12732062334256872,2.512368936273095e-301,0.024855451499209646,-0.3470091417417236,0.06987067166358318,0.023763494452186062,1.0,,,,,,
2026-02-20 00:00:00+00:00,-0.6828217600546813,-0.29398420205150694,-1.1400785964869091,0.0,0.0,0.13951324488940933,1.1617806400566677,1.0427989231001087,1.8617608247938175,7.782541753871171,0.8305084745762712,0.0,59.0,0.0,0.0,60.0,0.0,9.107964824850694e-303,1.0,-0.011259109189267454,0.12732062334256872,2.51662368398584e-301,0.01956420564636474,-0.37708130662240524,0.06898800427765223,-0.058825446469918496,0.0,,,,,,
2026-02-23 00:00:00+00:00,-0.49600838418729304,-0.20004314559102074,-1.0461375400264228,0.0,0.0,0.1413432205038849,1.106078908642628,1.0278749204765005,1.1322930305154506,9.536534234754003,0.8305084745762712,0.0,59.0,0.0,0.0,60.0,0.0,9.345695471763373e-303,1.0,-0.011259109189267454,0.12732062334256872,2.5823110892333158e-301,-0.08666445591069483,-0.40789019157623985,0.06925911910458613,0.059583497308024036,1.0,,,,,,
2026-02-24 00:00:00+00:00,-0.5853665125401212,-0.23597492128854555,-1.0820693157239476,0.0,0.0,0.14442242356129734,0.9845398364536317,1.12510081605093,0.7781513348374488,7.529360492154562,0.8305084745762712,0.0,59.0,0.0,0.0,60.0,0.0,9.142562443922278e-303,1.0,-0.011259109189267454,0.12732062334256872,2.5261833594171174e-301,-0.035871489360398634,-0.3930425881096071,0.06950550900456726,0.006664982375691686,1.0,,,,,,
2026-02-25 00:00:00+00:00,-0.9052911038882585,-0.5069071375479425,-1.3530015319833446,0.0,0.0,0.15506443831099437,0.7738424861787361,1.1409031548033217,0.913213763225971,9.4016060279029,0.7966101694915254,0.0,59.0,0.0,0.0,60.0,0.0,1.3248649048995584e-302,1.0,-0.011259109189267454,0.12732062334256872,3.6607370163032364e-301,0.08136140623177512,-0.25698308556297444,0.07407007578318887,-0.017832476295556177,0.0,,,,,,
2026-02-26 00:00:00+00:00,-0.7546863716585062,-0.44481143672401086,-1.290905831159413,0.0,0.0,0.16006535574819225,0.8414867646552019,1.0564918411799793,1.6673138422887677,8.008948041920316,0.7966101694915254,2.0,13.0,-0.021443832974277304,0.0,60.0,0.0,9.438233446343185e-303,1.0,-0.011259109189267454,0.12732062334256872,2.607880276529716e-301,0.023763494452186062,-0.3611171176538557,0.07292066703821116,-0.004412853446899678,0.0,,,,,,
2026-02-27 00:00:00+00:00,-0.8250361558558469,-0.3146521790367957,-1.1607465734721978,0.0,0.0,0.16092070807300857,1.2090515497077605,0.9566064895072516,2.499028665473818,10.214059018520187,0.7627118644067796,2.0,13.0,-0.02001074316157584,0.0,60.0,0.0,1.0165136834744988e-302,1.0,-0.011259109189267454,0.12732062334256872,2.8087311052714184e-301,-0.058825446469918496,-0.44540156840369205,0.07365456713110659,-0.005282632464427284,0.0,,,,,,
2026-03-02 00:00:00+00:00,-1.2311747591077473,-0.5015109676123494,-1.3476053620477515,0.0,0.0,0.16518325885935703,1.377723440859382,1.1510199243471375,3.262457156451369,8.876527684758793,0.7627118644067796,2.0,13.0,-0.013730567288408595,0.0,60.0,0.0,1.1153024211044425e-302,1.0,-0.011259109189267454,0.12732062334256872,3.0816944748183082e-301,0.059583497308024036,-0.2691286645560331,0.0737771521104548,0.01459879942115272,1.0,,,,,,
2026-03-03 00:00:00+00:00,-1.160383433269652,-0.48748183342248036,-1.3335762278578824,0.0,0.0,0.16708887430779382,1.451175786955467,1.2762975011884385,3.4717562795539454,11.135618201316305,0.7288135593220338,2.0,15.0,-0.015630457836745302,0.0,60.0,0.0,9.257248181865607e-303,1.0,-0.011259109189267454,0.12732062334256872,2.5578721998851974e-301,0.006664982375691686,-0.2488700647297537,0.07323513355809064,0.05758414503970366,1.0,,,,,,
2026-03-04 00:00:00+00:00,-1.1695575920791559,-0.8229937616172343,-1.6690881560526365,0.0,0.0,0.16997868678983244,1.4513171993805112,1.359258023623943,3.066635991628144,9.231608096710714,0.7288135593220338,2.0,15.0,-0.010127348603606201,0.0,60.0,0.0,1.0905958994983642e-302,1.0,-0.010817920909331116,0.12451020758034227,3.013427832798439e-301,-0.017832476295556177,-0.07654007712233435,0.07297648753036941,-0.0033198987096705324,0.0,,,,,,
2026-03-05 00:00:00+00:00,-1.2813349483547034,-0.7760826135347338,-1.6221770079701359,0.0,0.0,0.16960799169084614,1.456165253673768,1.495715295546361,2.7752085987978803,11.159703224340651,0.6949152542372882,2.0,17.0,-0.014453800338030644,0.0,60.0,0.0,8.73475062717908e-303,1.0,-0.010817920909331116,0.12451020758034227,2.4135007902195526e-301,-0.004412853446899678,-0.09374540917097374,0.07326452501398784,0.009780029053639616,1.0,,,,,,
2026-03-06 00:00:00+00:00,-1.0793565316024445,-0.6530851033991535,-1.4991794978345556,0.0,0.0,0.1604688434437353,1.4144010443170232,1.6547526709658584,2.9466138733417706,9.090709324880578,0.6949152542372882,1.0,17.0,-0.016020644618415354,0.0,60.0,0.0,9.754512674984937e-303,1.0,-0.010817920909331116,0.12451020758034227,2.6952714569810144e-301,-0.005282632464427284,-0.07251772533038725,0.07207220536703601,0.08427104378305783,1.0,,,,,,
2026-03-09 00:00:00+00:00,-1.4655454830009758,-0.8388546074399813,-1.6849490018753834,0.0,0.0,0.13096411533915717,1.3081264278222304,1.7967535356232778,3.5000313117278763,10.808930689093078,0.6610169491525424,1.0,19.0,-0.017841270807070476,0.0,60.0,0.0,1.201459575573331e-302,1.0,-0.010817920909331116,0.12451020758034227,3.3197554902601257e-301,0.01459879942115272,0.17366349405084014,0.06610957592449501,0.12217488032476442,1.0,,,,,,
2026-03-10 00:00:00+00:00,-1.6443895449739754,-0.8790876882598079,-1.72518208269521,0.0,0.0,0.11483812965758443,1.1644889504341915,1.9231736309571932,4.227893652555043,9.009253750365987,0.6610169491525424,1.0,19.0,-0.012577872799953935,0.0,60.0,0.0,8.583285370900386e-303,1.0,-0.010817920909331116,0.12451020758034227,2.371649393273892e-301,0.05758414503970366,0.012621526774490466,0.05587356817338095,0.11386262033462957,1.0,,,,,,
2026-03-11 00:00:00+00:00,-2.0567860096067863,-0.9203455538103537,-1.7664399482457558,0.0,0.0,0.1014745832596056,0.9229003280298989,1.6270438307053166,4.411282101213665,10.813615298643304,0.6271186440677966,1.0,21.0,-0.013985427117670611,0.0,60.0,0.0,8.732016018039696e-303,1.0,-0.010817920909331116,0.12451020758034227,2.4127451897908114e-301,-0.0033198987096705324,-0.018824085245635835,0.054988903651876954,0.016957542473201137,1.0,,,,,,
2026-03-12 00:00:00+00:00,-1.9565796210940352,-0.8931157829575631,-1.7392101773929651,0.0,0.0,0.07944774102728448,0.6210646585889376,1.5269275378414346,3.6795455433656503,9.404763827647894,0.6271186440677966,1.0,21.0,-0.008742692655421604,0.0,60.0,0.0,8.590030205502914e-303,1.0,-0.010817920909331116,0.12451020758034227,2.3735130599471504e-301,0.009780029053639616,0.029631797606371357,0.05280765001756694,0.028306039499848,1.0,,,,,,
2026-03-13 00:00:00+00:00,-2.172757549139636,-0.8999062177739445,-1.7460006122093468,0.0,0.0,0.05516477724918591,0.8191591864605515,1.649777703469061,2.3150537934006024,11.82692841308092,0.5932203389830508,1.0,23.0,-0.009961670881755263,0.0,60.0,0.0,8.571189498762788e-303,1.0,-0.010817920909331116,0.12451020758034227,2.368307180289396e-301,0.08427104378305783,0.05349938511630414,0.05248122470491793,0.01928700094197877,1.0,,,,,,
2026-03-16 00:00:00+00:00,-1.8611037460975202,-1.128288514552224,-1.974382908987626,0.0,0.0,0.04906296712341181,0.8739478455978421,1.8816437572197895,2.489381527485577,10.633124457575677,0.5932203389830508,1.0,23.0,-0.005135172838328502,0.0,60.0,0.0,1.6182336448411532e-302,1.0,-0.010817920909331116,0.12451020758034227,4.471344801111192e-301,0.12217488032476442,0.16966154659075228,0.05939041395853613,-0.09501095138394211,0.0,,,,,,
2026-03-17 00:00:00+00:00,-2.1506475343379132,-0.9960685383839691,-1.8421629328193712,0.0,0.0,0.055012340194529934,0.7967808201760925,2.1282229632337484,3.36160922946686,14.121696916518943,0.559322033898305,1.0,25.0,-0.006895979679376571,0.0,60.0,0.0,8.546042716973305e-303,1.0,-0.010817920909331116,0.12451020758034227,2.3613588677031678e-301,0.11386262033462957,0.10282868732947659,0.05825053011307948,-0.11049156007504557,0.0,,,,,,
2026-03-18 00:00:00+00:00,-2.3209565844591786,-1.093245252767387,-1.939339647202789,0.0,0.0,0.054806153718136484,0.671266491082049,2.3847835277641773,5.612426305663324,14.030680535207573,0.559322033898305,1.0,25.0,-0.002567160464057472,0.0,60.0,0.0,9.69625887751651e-303,1.0,-0.009412765258739943,0.12223880436493967,2.6791753379016833e-301,0.016957542473201137,0.0606538142088997,0.0605367192203361,-0.007971906227853598,0.0,,,,,,
2026-03-19 00:00:00+00:00,-2.538268829125252,-1.082132696018295,-1.9282270904536971,0.0,0.0,0.052488326243856666,0.5916238075345815,2.4162166054157592,9.214970050398126,19.29694573827593,0.5254237288135594,1.0,27.0,-0.0037975270702409296,0.0,60.0,0.0,8.148182548579951e-303,1.0,-0.009412765258739943,0.12223880436493967,2.251426040562531e-301,0.028306039499848,0.06447545154024992,0.06048119933893049,-0.08229216105798365,0.0,,,,,,
2026-03-20 00:00:00+00:00,-2.5823962333817705,-1.0746424873892277,-1.92073688182463,0.0,0.0,0.05276776515863875,0.6441427526404786,2.444226115949432,15.991108786589479,17.781710675891674,0.5254237288135594,1.0,27.0,0.0011510876578825647,0.0,60.0,0.0,8.145255045938103e-303,1.0,-0.009412765258739943,0.12223880436493967,2.2506171416893925e-301,0.01928700094197877,0.04793093455907327,0.060534652443008014,-0.12985416682616124,0.0,,,,,,
2026-03-23 00:00:00+00:00,-3.4068130603188536,-1.10875910468218,-1.9548534991175823,0.0,0.0,0.05308032944111827,0.6205187692200249,2.340588910991424,20.022053248822417,20.022053248822417,0.4915254237288136,1.0,29.0,-0.0036032718724510887,0.0,60.0,0.0,8.318079431892728e-303,1.0,-0.009412765258739943,0.12223880436493967,2.298370284265989e-301,-0.09501095138394211,0.055086389560445426,0.060591398786841125,-0.1503965693647702,0.0,,,,,,
2026-03-24 00:00:00+00:00,-4.433827058426812,-1.0807405516876154,-1.9268349461230176,0.0,0.0,0.052153370593179045,0.708634127956356,1.863793240234139,14.591573023257554,14.591573023257554,0.4915254237288136,1.0,29.0,-0.003567702118482614,0.0,60.0,0.0,8.190961006233134e-303,1.0,-0.009412765258739943,0.12223880436493967,2.2632461652297506e-301,-0.11049156007504557,0.07900158316512584,0.05984687162005487,-0.05028166051270633,0.0,,,,,,
2026-03-25 00:00:00+00:00,-4.312434866178551,-1.1200717050932774,-1.9661660995286794,0.0,0.0,0.05168040270557751,0.7858637445570219,1.6404369958537939,9.832594448553644,18.229142351589818,0.4576271186440678,1.0,31.0,-0.008184020735717952,0.0,60.0,0.0,8.400151034059299e-303,1.0,-0.009412765258739943,0.12223880436493967,2.321047505990815e-301,-0.007971906227853598,0.08855339734144474,0.059943895377565566,-0.07577530372270358,0.0,,,,,,
2026-03-26 00:00:00+00:00,-4.610439929071304,-0.978404408765972,-1.824498803201374,0.0,0.0,0.06212535128703516,0.6650402043993469,0.9619085413154594,4.5584213540184795,11.199495657747203,0.4576271186440678,1.0,31.0,-0.0030214411706400842,0.0,60.0,0.0,9.96349738390574e-303,1.0,-0.009412765258739943,0.12223880436493967,2.7530160660319833e-301,-0.08229216105798365,-0.09917811574950886,0.0588204322839363,-0.00102774931965266,0.0,,,,,,
2026-03-27 00:00:00+00:00,-4.16012160959316,-0.8691837309839237,-1.7152781254193257,0.0,0.0,0.07922387147807503,0.631062829354263,0.9787254327110281,3.9642439459179757,13.09381926698078,0.423728813559322,1.0,33.0,-0.0064614935999946005,0.0,60.0,0.0,8.788354304839504e-303,1.0,-0.009412765258739943,0.12223880436493967,2.4283120337128187e-301,-0.12985416682616124,-0.10568672671927404,0.059090554440601815,0.11348403717930555,1.0,,,,,,
2026-03-30 00:00:00+00:00,-4.285441521393615,-0.8530977863480033,-1.6991921807834054,0.0,0.0,0.08772948074628854,0.7327095291530715,1.0321758579382383,6.269426728376788,10.816404211594628,0.423728813559322,1.0,33.0,-0.002772104259084796,0.0,60.0,0.0,8.150790496680919e-303,1.0,-0.009412765258739943,0.12223880436493967,2.252146643253002e-301,-0.1503965693647702,-0.03648473333440627,0.05693612731802049,0.0972952921187451,1.0,,,,,,
2026-03-31 00:00:00+00:00,-4.197634665135922,-1.0391444325871302,-1.8852388270225324,0.0,0.0,0.089036996178661,0.8251097772512032,1.1179223065149575,4.020046672830017,13.80671812674744,0.3898305084745763,1.0,35.0,-0.005773287132076074,0.0,60.0,0.0,1.0504207593238334e-302,1.0,-0.009412765258739943,0.12223880436493967,2.902419818148654e-301,-0.05028166051270633,-0.03086357465560452,0.05731282573553807,0.08431140909901735,1.0,,,,,,
2026-04-01 00:00:00+00:00,-4.046167245853416,-1.0450052525966604,-1.8910996470320627,0.0,0.0,0.09054758970803835,0.9250261179516956,1.0588671984421556,4.244842001705975,10.744093187077178,0.3898305084745763,1.0,35.0,-0.0018232318933703593,0.0,60.0,0.0,7.774356351334078e-303,1.0,-0.0097316435745311,0.11973524270084093,2.1481340450646514e-301,-0.07577530372270358,0.006113111243049474,0.05658367503966643,0.06821383102212719,1.0,,,,,,
2026-04-02 00:00:00+00:00,-3.4759295254732367,-1.025916725647128,-1.8720111200825302,0.0,0.0,0.09184278279061966,1.0070106964145067,0.8818441100849284,4.3528766752024515,13.639754636282358,0.3559322033898305,1.0,37.0,-0.006311741476180324,0.0,60.0,0.0,7.768846208890287e-303,1.0,-0.0097316435745311,0.11973524270084093,2.1466115364424896e-301,-0.00102774931965266,-0.08237338877360534,0.053876440507867725,0.08992059440898803,1.0,,,,,,
2026-04-06 00:00:00+00:00,-3.3417307721178453,-1.131790270674869,-1.9778846651102713,0.0,0.0,0.09170153172714227,1.0896258211144845,1.065231020513091,4.344325948234916,11.599338793259845,0.3559322033898305,1.0,37.0,-0.004409154544817802,0.0,60.0,0.0,9.090938196442231e-303,1.0,-0.0097316435745311,0.11973524270084093,2.511919052694967e-301,0.11348403717930555,0.012210163906931193,0.05490441619443532,0.043226867484103426,1.0,,,,,,
2026-04-07 00:00:00+00:00,-3.2369635128885434,-1.1070393642000067,-1.953133758635409,0.0,0.0,0.09116714247705951,1.1944017415969679,1.339360207469641,3.8893497720662698,17.22035066921827,0.3220338983050847,1.0,39.0,-0.010402680457012132,0.0,60.0,0.0,7.802164585778699e-303,1.0,-0.0097316435745311,0.11973524270084093,2.1558177441960115e-301,0.0972952921187451,0.06609319124876611,0.05239861984379483,0.06292591767454336,1.0,,,,,,
2026-04-08 00:00:00+00:00,-3.1168353450586443,-1.2029781116408862,-2.049072506076288,0.0,0.0,0.09342548698416195,1.242877783258583,1.3796296396385004,2.9300683051068246,12.258106012940964,0.288135593220339,1.0,41.0,-0.012200380944556454,0.0,60.0,0.0,9.42684952679494e-303,1.0,-0.0097316435745311,0.11973524270084093,2.6047347833155202e-301,0.08431140909901735,0.038849035022260114,0.05038655987149116,0.03739605834747106,1.0,,,,,,
2026-04-09 00:00:00+00:00,-3.1286508296839624,-1.1865626642311253,-2.0326570586665276,0.0,0.0,0.09737686741765214,1.1503875727571404,1.1357763951488347,1.7088760335173563,12.980637317130588,0.288135593220339,1.0,41.0,-0.010531261060980953,0.0,60.0,0.0,7.79951631706056e-303,1.0,-0.0097316435745311,0.11973524270084093,2.155086000507296e-301,0.06821383102212719,0.016742797225473005,0.05062572700562817,0.0625203569813344,1.0,,,,,,
2026-04-10 00:00:00+00:00,-2.9478371591273014,-1.2014121101298805,-2.0475065045652827,0.0,0.0,0.10079689392139136,0.8868633933993832,0.8207340049272058,1.692970956328494,9.930445589386823,0.288135593220339,1.0,41.0,-0.0023322335403700815,0.0,60.0,0.0,7.867345343897945e-303,1.0,-0.0097316435745311,0.11973524270084093,2.1738278532354626e-301,0.08992059440898803,0.010867104345053225,0.05055764947053268,0.07555027203311049,1.0,,,,,,
2026-04-13 00:00:00+00:00,-2.893194523489161,-1.2210332256314458,-2.067127620066848,0.0,0.0,0.1026184750558593,0.7528139044830426,1.0601698208115333,2.1894660957100633,13.265857313389443,0.2542372881355932,1.0,43.0,-0.0024659080447660374,0.0,60.0,0.0,7.881583352528199e-303,1.0,-0.0097316435745311,0.11973524270084093,2.1777619604065756e-301,0.043226867484103426,0.045657002337395,0.050281976032502645,0.04632981116451429,1.0,,,,,,
2026-04-14 00:00:00+00:00,-2.847446686024322,-1.22624362945386,-2.072338023889262,0.0,0.0,0.10397392738700661,0.7691259759074186,1.0110333628748038,1.9544213743467211,10.904990702403218,0.2542372881355932,1.0,43.0,0.0036345607670254096,0.0,60.0,0.0,7.785955328045483e-303,1.0,-0.0097316435745311,0.11973524270084093,2.151338960769011e-301,0.06292591767454336,0.04474806514025165,0.05028477217048937,0.010650714249536453,1.0,,,,,,
2026-04-15 00:00:00+00:00,-2.6234054322554634,-0.6837986039571069,-1.529892998392509,0.0,0.0,0.10337666040970281,0.9314366295503692,1.1526245617354494,1.5178170888042817,12.786613607854756,0.22033898305084745,1.0,45.0,-0.0011889440508345032,0.0,60.0,0.0,8.445170588084498e-303,1.0,-0.0097316435745311,0.11973524270084093,2.333486868469815e-301,0.03739605834747106,-0.04592978695503325,0.04196677028525544,0.04250365940661105,1.0,,,,,,
2026-04-16 00:00:00+00:00,-2.490269940871526,-0.6348359569673618,-1.480930351402764,0.0,0.0,0.10217074214954477,1.0601244325688812,1.0495554876419368,1.6344943312395601,10.964268856589731,0.22033898305084745,1.0,45.0,0.002487927191275173,0.0,60.0,0.0,7.46689355869576e-303,1.0,-0.008731534427536585,0.11723028238575403,2.0631789359071342e-301,0.0625203569813344,-0.034599466127822165,0.04197646817127649,-0.019802627296179764,0.0,,,,,,
2026-04-17 00:00:00+00:00,-2.380360400166945,-0.5214511029608856,-1.3675454973962877,0.0,0.0,0.10435658032352854,1.0790753836406122,0.9750874772688115,1.8239439051983577,13.357954718309323,0.1864406779661017,1.0,47.0,-0.0024580700300942176,0.0,60.0,0.0,7.687286549242531e-303,1.0,-0.008731534427536585,0.11723028238575403,2.1240757696631388e-301,0.07555027203311049,0.06945983390496258,0.03802395213435268,-0.03593200922606332,0.0,,,,,,
2026-04-20 00:00:00+00:00,-2.425550420698142,-0.8001482154442691,-1.6462426098796712,0.0,0.0,0.10483620029103914,1.0542453740759261,1.0580191202620293,1.9207432797876058,10.10170374924632,0.1864406779661017,1.0,47.0,0.005264235048351244,0.0,60.0,0.0,7.445370568012493e-303,1.0,-0.008731534427536585,0.11723028238575403,2.057231913806661e-301,0.04632981116451429,0.06368077400206129,0.03816617689076161,-0.044471937894396074,0.0,,,,,,
2026-04-21 00:00:00+00:00,-2.282862860398366,-1.1777539251236666,-2.0238483195590686,0.0,0.0,0.10471253461667401,1.0157357269366334,1.017031452896093,1.7973191441159362,11.082781557014934,0.15254237288135594,1.0,45.0,0.025378826518269875,0.0,60.0,0.0,7.63978324240167e-303,1.0,-0.008731534427536585,0.11723028238575403,2.110950120919176e-301,0.010650714249536453,0.03611177844780933,0.03908217535818379,-0.010650714249536453,0.0,,,,,,
2026-04-22 00:00:00+00:00,-1.9590917348979757,-0.7053034915489191,-1.5513978859843212,0.0,0.0,0.10609882140980129,0.9131607065084598,0.9401679163654989,1.6169475964557036,8.83390094778734,0.15254237288135594,1.0,45.0,0.03187105317688097,0.0,60.0,0.0,9.356432854360542e-303,1.0,-0.008731534427536585,0.11723028238575403,2.5852779376860375e-301,0.04250365940661105,0.09158482383551991,0.0418467845228252,-0.12068298935617294,0.0,,,,,,
2026-04-23 00:00:00+00:00,-2.163596442119104,-0.9718972984317036,-1.8179916928671056,0.0,0.0,0.10615502129117614,0.863187655618327,1.1510560440038855,1.4832482390499668,5.5411347509751625,0.1864406779661017,0.0,59.0,0.0,0.0,60.0,0.0,8.100153404066833e-303,1.0,-0.008731534427536585,0.11723028238575403,2.2381550975003115e-301,-0.019802627296179764,0.05608946665104364,0.043657105513659776,-0.02765153133051035,0.0,,,,,,
2026-04-24 00:00:00+00:00,-2.0396093298806335,-1.024819907491982,-1.870914301927384,0.0,0.0,0.10612690392560688,1.126821061437331,0.9722110190736526,1.4293779775137512,7.444357010564576,0.1864406779661017,1.0,47.0,0.03438278786841934,0.0,60.0,0.0,7.481325558099043e-303,1.0,-0.008731534427536585,0.11723028238575403,2.067166644709706e-301,-0.03593200922606332,0.04149973090675285,0.043467630289580464,-0.011812949726710098,0.0,,,,,,
2026-04-27 00:00:00+00:00,-2.28321401422502,-1.1440754324296796,-1.9901698268650816,0.0,0.0,0.10068534958737703,1.6938371921891193,0.9141300583464899,1.492522920636426,8.321398848820516,0.15254237288135594,0.0,59.0,0.0,0.0,60.0,0.0,7.510465576343437e-303,1.0,-0.008731534427536585,0.11723028238575403,2.0752183293039998e-301,-0.044471937894396074,0.10150099716564887,0.03907600407183788,0.055946026707835994,1.0,,,,,,
2026-04-28 00:00:00+00:00,-2.1468573509563487,-1.1968218826993848,-2.042916277134787,0.0,0.0,0.08841988395510328,1.6718628063307501,0.8903438447924353,1.5827096823023108,8.943161028899926,0.15254237288135594,0.0,59.0,0.0,0.0,60.0,0.0,7.427829334955747e-303,1.0,-0.008731534427536585,0.11723028238575403,2.0523850919967576e-301,-0.010650714249536453,0.15531523102443412,0.03649275480247544,0.07271034788708386,1.0,,,,,,
2026-04-29 00:00:00+00:00,-2.2673856918083968,-1.0660222017876861,-1.9121165962230884,0.0,0.0,0.08122620718598318,1.6132129584827393,0.9126778981981247,1.8558774674868674,4.471985623544502,0.1864406779661017,0.0,59.0,0.0,0.0,60.0,0.0,7.669909734232727e-303,1.0,-0.008731534427536585,0.11723028238575403,2.119274378238504e-301,-0.12068298935617294,0.12129840384411716,0.037797758896928976,0.10337403277391166,1.0,,,,,,
2026-04-30 00:00:00+00:00,-2.4903531170786493,-1.0787840637508128,-1.9248784581862148,0.0,0.0,0.0800054739534079,1.53810948688562,1.0728903250968564,1.379762201042482,4.426873558873986,0.15254237288135594,0.0,59.0,0.0,0.0,60.0,0.0,7.63778402737406e-303,1.0,-0.008691639168471939,0.11487651566114843,2.1103977173927445e-301,-0.02765153133051035,0.07871959583323962,0.03476290042375951,0.02765153133051035,1.0,,,,,,
2026-05-01 00:00:00+00:00,-2.1782447486451084,-1.3040873455444772,-2.1501817399798795,0.0,0.0,0.0770503815043827,1.420204413792864,1.790376530156014,1.0897719978379619,4.494092176783229,0.15254237288135594,0.0,59.0,0.0,0.0,60.0,0.0,7.36146805716475e-303,1.0,-0.008691639168471939,0.11487651566114843,2.034048793317527e-301,-0.011812949726710098,0.10546208490274633,0.03493270991971729,0.013167046074439526,1.0,,,,,,
2026-05-04 00:00:00+00:00,-2.0418554774409325,-1.1907698166719163,-2.0368642111073183,0.0,0.0,0.0709942071698553,1.3395369414315004,1.9347508411180843,1.8714010512468622,5.174080096252101,0.15254237288135594,0.0,59.0,0.0,0.0,60.0,0.0,7.789353804531427e-303,1.0,-0.008691639168471939,0.11487651566114843,2.152277994524462e-301,0.055946026707835994,0.15847477319313752,0.03553144194265276,0.010041560036143427,1.0,,,,,,
2026-05-05 00:00:00+00:00,-1.9252126249670227,-1.1021211981417807,-1.9482155925771827,0.0,0.0,0.06928652499307109,1.2897095333125725,2.08915653754046,4.77084359167659,7.590278279096425,0.7627118644067796,1.0,13.0,0.017672713640883783,0.0,60.0,0.0,7.234213536638588e-303,1.0,-0.008691639168471939,0.11487651566114843,1.99888706987997e-301,0.07271034788708386,0.11454154173221243,0.033692403222537706,-0.06390380197947998,0.0,,,,,,
2026-05-06 00:00:00+00:00,-1.9684709266256768,-1.146402255608352,-1.992496650043754,0.0,0.0,0.06763892179603558,1.2933787000751868,2.0953226063108734,6.054842358969706,8.32200021140966,0.7288135593220338,1.0,15.0,0.016422656041078704,0.0,60.0,0.0,7.10040416650031e-303,1.0,-0.008691639168471939,0.11487651566114843,1.961914174561971e-301,0.10337403277391166,0.12737714449928372,0.03330084162946066,-0.0785161562921437,0.0,,,,,,
2026-05-07 00:00:00+00:00,-2.1629251182184515,-1.3795742183929955,-2.2256686128283976,0.0,0.0,0.06709645898562128,1.2806587586003506,2.0460619646283535,4.249299555514577,8.370145182187189,0.3898305084745763,1.0,35.0,0.012627935268327933,0.0,60.0,0.0,7.378379277305196e-303,1.0,-0.008691639168471939,0.11487651566114843,2.0387215361254947e-301,0.02765153133051035,0.022059718064732614,0.03191696585491057,0.0,0.0,,,,,,
2026-05-08 00:00:00+00:00,-2.069300720683727,-1.3882673633410876,-2.23436175777649,0.0,0.0,0.06442371434897297,1.2046197079864536,1.9383231209396534,1.3540781817732854,6.763835349635034,0.15254237288135594,1.0,37.0,0.008902365749177705,0.0,60.0,0.0,7.172983715170417e-303,1.0,-0.008691639168471939,0.11487651566114843,1.9819686449808537e-301,0.013167046074439526,0.05041529995505867,0.031550350864232024,-0.10952896706449478,0.0,,,,,,
2026-05-11 00:00:00+00:00,-1.9446730457175467,-1.2930129793869387,-2.1391073738223407,0.0,0.0,0.06212847768256914,1.0767150185103276,1.7979468984323064,0.7115274534271441,4.304750607849648,0.6949152542372882,0.0,59.0,0.0,0.0,60.0,0.0,7.701526341255516e-303,1.0,-0.008691639168471939,0.11487651566114843,2.128010369601111e-301,0.010041560036143427,0.07859573882029292,0.032451285903822694,-0.20623688683773933,0.0,,,,,,
2026-05-12 00:00:00+00:00,-1.7038966499523835,-1.387564780674259,-2.2336591751096613,0.0,0.0,0.061113432310473864,0.7467438013006109,1.7120877307162017,0.3049642958593898,3.49248829816341,0.6610169491525424,0.0,59.0,0.0,0.0,60.0,0.0,7.858413646738809e-303,1.0,-0.008691639168471939,0.11487651566114843,2.171359934107411e-301,-0.06390380197947998,0.007410872268629021,0.03527749383464535,-0.1511556309347708,0.0,,0.0,0.5044103426037763,,,
2026-05-13 00:00:00+00:00,-1.7249051508616555,-1.3720951634209997,-2.2181895578564017,0.0,0.0,0.06158820953567141,0.8289665183308017,1.5179006999013602,0.2996097793877524,4.053651038408776,0.6610169491525424,0.0,59.0,0.0,0.0,60.0,0.0,7.154652014279432e-303,1.0,-0.008691639168471939,0.11487651566114843,1.976903408836757e-301,-0.0785161562921437,-0.014064929467403342,0.03564013403897246,-0.08829987091869995,0.0,,0.0,0.5051891872174905,,,
2026-05-14 00:00:00+00:00,-1.6991947203821935,-1.4114518752420695,-2.2575462696774715,0.0,0.0,0.0563558237488372,0.5623798106324159,1.4699415920325172,0.1602147621523585,3.7747273170021978,0.6271186440677966,0.0,59.0,0.0,0.0,60.0,0.0,7.40600640967965e-303,1.0,-0.00822396440626906,0.11267165793391491,2.046355194905606e-301,0.0,-0.015336340282738448,0.03556992914063105,-0.11500281315006111,0.0,,0.0,0.5034909128475082,,,
2026-05-15 00:00:00+00:00,-1.6325653384495555,-1.0822694942167297,-1.928363888652132,0.0,0.0,0.05974635723760397,0.37361507705796265,1.5179096997862627,0.33720625330598325,3.9533292004537213,0.6271186440677966,0.0,59.0,0.0,0.0,60.0,0.0,9.614808680500497e-303,1.0,-0.00822396440626906,0.11267165793391491,2.6566698167652235e-301,-0.10952896706449478,-0.12163402409077051,0.04180954855191915,-0.05110789584637088,0.0,,0.0,0.5011805450491702,,,
2026-05-18 00:00:00+00:00,-1.4675695073400927,-0.3393599867273705,-1.1854543811627727,0.0,0.0,0.06892235336318626,0.3595268185071715,1.626028785774896,0.7896484313698766,3.6788001412330176,0.5932203389830508,0.0,59.0,0.0,0.0,60.0,0.0,7.538889097395541e-303,1.0,-0.00822396440626906,0.11267165793391491,2.0830720384077968e-301,-0.20623688683773933,-0.2031914200505569,0.0428282621392378,0.024783762577738955,1.0,,0.0,0.45077469254104946,,,
2026-05-19 00:00:00+00:00,-1.338113631040439,-0.13803769385457668,-0.9841320882899788,0.0,0.0,0.07822776148833699,0.4133258289514857,1.7490294026526403,1.5724673524924522,3.9005915089739944,0.5932203389830508,0.0,59.0,0.0,0.0,60.0,0.0,6.810844057101909e-303,1.0,-0.00822396440626906,0.11267165793391491,1.881905759590793e-301,-0.1511556309347708,-0.19007456983065607,0.04278922172514882,0.010146949543736739,1.0,,0.0,0.4863070351070006,,,
2026-05-20 00:00:00+00:00,-1.7753331117333926,-0.8239688241797607,-1.6700632186151627,0.0,0.0,0.08268584140952952,0.4442951003111768,1.8823481634482175,2.6280944935540758,3.650480563217981,0.559322033898305,0.0,59.0,0.0,0.0,60.0,0.0,7.461270344846212e-303,1.0,-0.00822396440626906,0.11267165793391491,2.0616251845009714e-301,-0.08829987091869995,-0.11301551463563975,0.043563021571425005,-0.0072464085207673,0.0,,0.0,0.5457692191239236,,,
2026-05-21 00:00:00+00:00,-2.0879804928487786,-0.969278009394784,-1.8153724038301862,0.0,0.0,0.08100363861214159,0.4353633833264413,2.0196504711092165,2.9747750858104687,3.89199794033487,0.559322033898305,0.0,59.0,0.0,0.0,60.0,0.0,6.911435820551049e-303,1.0,-0.00822396440626906,0.11267165793391491,1.9097002909903096e-301,-0.11500281315006111,-0.1728428128394106,0.04013170849627967,-0.01749015778197993,0.0,,0.0,0.49604818100691417,,,
2026-05-22 00:00:00+00:00,-2.023483535833162,-0.6854443287570705,-1.5315387231924726,0.0,0.0,0.083137170276139,0.41144803205842606,2.1293208946444597,2.0771252249054952,3.521584879444963,0.5254237288135594,0.0,59.0,0.0,0.0,60.0,0.0,7.049542199547133e-303,1.0,-0.00822396440626906,0.11267165793391491,1.947860493733162e-301,-0.05110789584637088,-0.15293929264096162,0.03912388234032916,-0.001590246823334418,0.0,,0.0,0.4747506503537155,,,
2026-05-26 00:00:00+00:00,-1.41205881475501,-0.8184462487840757,-1.6645406432194778,0.0,0.0,0.08289726996081921,0.4036000926161761,2.195298322868635,1.9678457146160395,3.508308815905038,0.5254237288135594,0.0,59.0,0.0,0.0,60.0,0.0,6.978743765596477e-303,1.0,-0.00822396440626906,0.11267165793391491,1.9282981634985095e-301,0.024783762577738955,-0.14247564824675463,0.03937194368753445,-0.06620657823826859,0.0,,0.0,0.4758302992215563,,,
2026-05-27 00:00:00+00:00,-1.1852063885634836,-0.6880301408454778,-1.5341245352808799,0.0,0.0,0.08354625246928064,0.39451376869628585,2.174727539441765,2.6466039044521943,2.6466039044521943,0.4915254237288136,0.0,59.0,0.0,0.0,60.0,0.0,6.8458607265679e-303,1.0,-0.00822396440626906,0.11267165793391491,1.891581222925036e-301,0.010146949543736739,-0.13545568239252326,0.039221146609103995,-0.10760651222820616,0.0,,0.0,0.4894545204964011,,,
2026-05-28 00:00:00+00:00,-1.3761765634064673,-0.8627132650912781,-1.7088076595266801,0.0,0.0,0.08362610516712063,0.39342300920344986,1.8920278714973706,1.4987802825764858,3.2092855249351446,0.8305084745762712,0.0,59.0,0.0,0.0,60.0,0.0,7.06809263484571e-303,1.0,-0.00822396440626906,0.11267165793391491,1.9529861684276086e-301,-0.0072464085207673,-0.1096112089068706,0.03972866245073429,-0.07326916321316546,0.0,,0.0,0.5084449366498414,,,
2026-05-29 00:00:00+00:00,-1.113854000727361,-0.923005169922036,-1.769099564357438,0.0,0.0,0.08414039791737433,0.41393729980508703,1.7936755395275275,0.9451629390838979,4.878347770269399,0.8305084745762712,0.0,59.0,0.0,0.0,60.0,0.0,6.567044858216413e-303,1.0,-0.008277404708987043,0.11072713496024793,1.814541551466277e-301,-0.01749015778197993,-0.0696499812652176,0.038983679158559964,-0.19223037320008896,0.0,,0.0,0.48834132700071237,,,
2026-06-01 00:00:00+00:00,-0.9879079221687277,-0.8076692613611525,-1.6537636557965545,0.0,0.0,0.08475348902791138,0.46321076148052526,1.8582138135247888,2.3086450473399722,4.706841323420492,0.8305084745762712,0.0,59.0,0.0,0.0,60.0,0.0,6.594561216690196e-303,1.0,-0.008277404708987043,0.11072713496024793,1.8221446022865025e-301,-0.001590246823334418,-0.1268780081337857,0.038148492322504036,-0.11216225709564931,0.0,,0.0,0.5500306458580376,,,
2026-06-02 00:00:00+00:00,-0.4768240546683485,-0.47330138975841024,-1.3193957841938124,0.0,0.0,0.08443310944622794,0.4037685139170775,1.9636176104857295,2.1626133041891467,4.007906102303413,0.8305084745762712,0.0,59.0,0.0,0.0,60.0,0.0,6.974470448208062e-303,1.0,-0.008277404708987043,0.11072713496024793,1.927117402268566e-301,-0.06620657823826859,-0.19686927675831312,0.03861398942780821,-0.10369245855712927,0.0,,0.0,0.5145482828018957,,,
2026-06-03 00:00:00+00:00,0.04029489492460458,0.05664358435315397,-0.7894508100822482,0.0,0.0,0.08392333158633997,0.4999708296835011,1.9637358501673383,1.9556062562260226,3.8837852879546033,0.8305084745762712,0.0,59.0,0.0,0.0,60.0,0.0,7.341676454638132e-303,1.0,-0.008277404708987043,0.11072713496024793,2.028580171444217e-301,-0.10760651222820616,-0.2990082213285654,0.0384169536415558,-0.0774818868118623,0.0,,0.0,0.5015968009635698,,,
2026-06-04 00:00:00+00:00,-0.5085215816286665,-0.4910885399882277,-1.33718293442363,0.0,0.0,0.08113167943301818,0.4581966030293029,2.075551486356928,1.9101941644605864,4.308765885643892,0.8305084745762712,0.0,59.0,0.0,0.0,60.0,0.0,7.782815890263312e-303,1.0,-0.008277404708987043,0.11072713496024793,2.150471502052498e-301,-0.07326916321316546,-0.2555907200071199,0.04106224995571558,-0.07967012942779572,0.0,,0.0,0.473550362771118,,,
2026-06-05 00:00:00+00:00,0.5341528692174268,0.5886038373931386,-0.25749055704226353,0.0,0.0,0.08177013255743747,0.5232669168612428,2.1121449229214195,1.7843249940556734,4.557016984720895,0.8305084745762712,0.0,59.0,0.0,0.0,60.0,0.0,1.0684594522667721e-302,1.0,-0.008277404708987043,0.11072713496024793,2.952262568709663e-301,-0.19223037320008896,-0.3652543872392182,0.04707315365829473,0.013121087962697064,1.0,,0.0,0.4589732511425444,,,
2026-06-08 00:00:00+00:00,0.24737782445895004,0.621310254008164,-0.22478414042723815,0.0,0.0,0.07989623464414551,0.49215888537394914,2.2481693918636756,1.6398575722114508,4.737916292732624,0.8305084745762712,0.0,59.0,0.0,0.0,60.0,0.0,7.829005133241776e-303,1.0,-0.008277404708987043,0.11072713496024793,2.163234061533165e-301,-0.11216225709564931,-0.26669179655994535,0.04950178936906751,0.015312431105731328,1.0,,0.0,0.45348612372265956,,,
2026-06-09 00:00:00+00:00,0.2612679737591793,0.407134102882525,-0.43896029155287714,0.0,0.0,0.07704870938928428,0.8871019616922847,1.761004512330645,1.6091047384234936,4.617612657916771,0.8305084745762712,0.0,59.0,0.0,0.0,60.0,0.0,6.806462916580753e-303,1.0,-0.008277404708987043,0.11072713496024793,1.880695205728274e-301,-0.10369245855712927,-0.3137287813898819,0.04959678477812893,0.0006170935092466578,1.0,,0.0,0.5037252667359026,,,
2026-06-10 00:00:00+00:00,0.48231164948985955,0.7138381527132088,-0.1322562417221933,0.0,0.0,0.06934384729401118,1.0195117326775027,1.896596212675942,1.8691583247703927,5.1395065505234365,0.7966101694915254,0.0,59.0,0.0,0.0,60.0,0.0,6.739860089076559e-303,1.0,-0.008277404708987043,0.11072713496024793,1.8622921643967846e-301,-0.0774818868118623,-0.38653166817657114,0.04826553346326492,0.0038289772370969644,1.0,,0.0,0.534954408481448,,,
2026-06-11 00:00:00+00:00,-0.1317529873830816,0.20351092853927452,-0.6425834658961276,0.0,0.0,0.0644833295459392,0.9955268636178418,2.002451752583683,2.4170971206706136,5.459831072594114,0.7627118644067796,0.0,59.0,0.0,0.0,60.0,0.0,7.694268026768551e-303,1.0,-0.008277404708987043,0.11072713496024793,2.126004823192557e-301,-0.07967012942779572,-0.27135704745543565,0.049771257100319884,-0.02327110525102949,0.0,,0.0,0.509933767114097,,,
2026-06-12 00:00:00+00:00,-0.18828038971903852,0.19582297368188295,-0.6502714207535192,0.0,0.0,0.062040953755080896,0.9336142909131092,1.9956748060921548,2.521330229137717,5.257092933845518,0.7627118644067796,0.0,59.0,0.0,0.0,60.0,0.0,6.379796305971721e-303,1.0,-0.008548312992968082,0.10911765059118708,1.7628028644562757e-301,0.013121087962697064,-0.27361714298437745,0.049796285029485556,-0.015639980982181445,0.0,,0.0,0.5131803032432958,,,
2026-06-15 00:00:00+00:00,-0.44044148390876015,-0.20898222631705807,-1.0550766207524602,0.0,0.0,0.0607404395693784,0.8603825720345434,1.971552751532726,2.459430083638184,4.896474531153974,0.7288135593220338,0.0,59.0,0.0,0.0,60.0,0.0,7.692103073993312e-303,1.0,-0.008548312992968082,0.10911765059118708,2.125406624634081e-301,0.015312431105731328,-0.251379365454214,0.05115333251024066,-0.1229835601038376,0.0,,0.0,0.5244935920150955,,,
2026-06-16 00:00:00+00:00,-0.5759943024137353,-0.02470703623758909,-0.8708014306729912,0.0,0.0,0.061400147770775404,0.9148887937341859,2.059989195642615,2.7164413634852473,4.81593154225952,0.6949152542372882,0.0,59.0,0.0,0.0,60.0,0.0,6.87899550611811e-303,1.0,-0.008548312992968082,0.10911765059118708,1.900736700859271e-301,0.0006170935092466578,-0.20358272081614048,0.04791601886628807,-0.14514345414114072,0.0,,0.0,0.5113517791110559,,,
2026-06-17 00:00:00+00:00,-0.2693734867026139,0.2218412090980565,-0.6242531853373456,0.0,0.0,0.058395015667083,0.946664390556484,2.306896619488952,3.4379833380466733,5.545738879485483,0.6949152542372882,0.0,59.0,0.0,0.0,60.0,0.0,6.453480792055026e-303,1.0,-0.008548312992968082,0.10911765059118708,1.783162640365117e-301,0.0038289772370969644,-0.17646580410173485,0.04687248290269129,-0.16439404724201934,0.0,,0.0,0.5141591537661094,,,
2026-06-18 00:00:00+00:00,-0.43928685303645704,0.06539432266471056,-0.7807000717706916,0.0,0.0,0.05665014380449354,0.7685094252402922,2.341830024212855,3.3015565153915816,5.403060554513512,0.6610169491525424,0.0,59.0,0.0,0.0,60.0,0.0,6.663080049768499e-303,1.0,-0.008548312992968082,0.10911765059118708,1.8410770555227564e-301,-0.02327110525102949,-0.14347252177169434,0.04752818093089946,-0.1741763803295533,0.0,,0.0,0.4976083077460527,,,
2026-06-22 00:00:00+00:00,-0.39143260415611064,0.073859499894832,-0.7722348945405701,0.0,0.0,0.05692684662889114,1.3200296903486053,1.8792834355516832,2.7580028097963933,5.048216792943713,0.6610169491525424,2.0,19.0,-0.019823447365927723,0.0,60.0,0.0,6.327803632038505e-303,1.0,-0.008548312992968082,0.10911765059118708,1.7484367577430529e-301,-0.015639980982181445,-0.20095725304785894,0.04633748545648799,-0.1391316240435425,0.0,,0.0,0.4940156709705429,,,
2026-06-23 00:00:00+00:00,-0.1519214874836009,0.3506430991644236,-0.49545129527097853,0.0,0.0,0.05633446372125177,1.4917301798859757,1.9564191167482663,2.8312981344469756,5.1820061047386625,0.6271186440677966,2.0,21.0,-0.020743099408558334,0.0,60.0,0.0,6.713138912969498e-303,1.0,-0.008548312992968082,0.10911765059118708,1.854908830584218e-301,-0.1229835601038376,-0.2593601124079905,0.0467739990340784,-0.12816389539324424,0.0,,0.0,0.4633214023351965,,,
2026-06-24 00:00:00+00:00,0.395439485953429,0.8448531835986653,-0.0012412108367367836,0.0,0.0,0.055593655662691574,1.3126020509441885,1.8073760431806227,2.6472721009963096,5.355697875240405,0.6271186440677966,2.0,21.0,-0.019127993218806535,0.0,60.0,0.0,7.642694845361764e-303,1.0,-0.008548312992968082,0.10911765059118708,2.1117546265478916e-301,-0.14514345414114072,-0.2976182791109103,0.048532398655736705,0.009229742482802727,1.0,,0.0,0.49832986758789083,,,
2026-06-25 00:00:00+00:00,0.6085379076540303,1.355381905159299,0.5092875107238969,1.0,1.0,0.05954162719693718,1.1131200976236664,1.4175631301033822,3.0981374681133347,5.8866597011787105,0.5932203389830508,0.0,59.0,0.0,0.0,60.0,0.0,6.807642600381715e-303,1.0,-0.008548312992968082,0.10911765059118708,1.881021164408419e-301,-0.16439404724201934,-0.36564361392149314,0.04863136616977734,0.07517989850783513,1.0,1.0,0.0,0.5669283215782578,,,
2026-06-26 00:00:00+00:00,0.3054106103429062,1.0757707369659542,0.22967634253055202,1.0,2.0,0.06190234975533674,1.1474039600307675,1.5523227946981966,3.6609562124441672,5.716898301203332,0.5932203389830508,0.0,59.0,0.0,0.0,60.0,0.0,6.49393475228194e-303,1.0,-0.008548312992968082,0.10911765059118708,1.794340482657645e-301,-0.1741763803295533,-0.32779585164498437,0.049228676759823176,0.1369363561129937,1.0,1.0,0.0,0.5690514753400623,,,
2026-06-29 00:00:00+00:00,-0.2560684354420431,0.7436070912614687,-0.1024873031739334,0.0,0.0,0.06159046170648277,1.3813576433506292,1.9185764169348591,4.262650696885632,5.762857311776888,0.559322033898305,0.0,59.0,0.0,0.0,60.0,0.0,6.26709661115429e-303,1.0,-0.008964537363417536,0.10737424566553398,1.7316627879836843e-301,-0.1391316240435425,-0.33284246857063415,0.049044848755756716,0.06995858860691007,1.0,,0.0,0.5672519000697541,,,
2026-06-30 00:00:00+00:00,-0.35867725035144016,0.8941637025389753,0.04806930810357313,1.0,1.0,0.059393792387651044,1.3463802166220555,2.1926430828969865,5.214503312491324,5.800464656676588,0.559322033898305,0.0,59.0,0.0,0.0,60.0,0.0,6.277022506070347e-303,1.0,-0.008964537363417536,0.10737424566553398,1.7344054141038849e-301,-0.12816389539324424,-0.3700338500192548,0.04907601004645539,0.11015740688259301,1.0,1.0,0.0,0.5167039398416391,,,
2026-07-01 00:00:00+00:00,-0.8806659187238647,0.44991307975074685,-0.3961813146846553,0.0,0.0,0.05465233856903695,1.1034124258789695,1.980517949172008,5.99902139821704,6.657219028787168,0.5254237288135594,1.0,27.0,-0.015687539096457342,0.0,60.0,0.0,7.525784452267763e-303,1.0,-0.008964537363417536,0.10737424566553398,2.079451091145373e-301,0.009229742482802727,-0.2867982898047732,0.05197702381670504,0.0374523660965389,1.0,,0.0,0.46489831145553295,,,
2026-07-02 00:00:00+00:00,-1.0047627940452406,0.16322821769730889,-0.6828661767380932,0.0,0.0,0.05383792604682021,1.2929692360359182,1.5202662634585942,9.327618995564254,9.327618995564254,0.4915254237288136,1.0,29.0,-0.017736723144255527,0.0,60.0,0.0,6.228837983132401e-303,1.0,-0.008964537363417536,0.10737424566553398,1.7210915383962915e-301,0.07517989850783513,-0.22425713717538942,0.05171340690088659,0.04226941446899524,1.0,,0.0,0.5516354873035753,,,
2026-07-06 00:00:00+00:00,-1.4817115735456756,-0.32344434992282645,-1.1695387443582286,0.0,0.0,0.06269210132188298,1.5754153825743655,1.5597011334475468,18.856730152636075,18.856730152636075,0.4915254237288136,1.0,29.0,-0.019849942382153322,0.0,60.0,0.0,8.54298648029221e-303,1.0,-0.008964537363417536,0.10737424566553398,2.3605143983004615e-301,0.1369363561129937,-0.0832529833037845,0.053907309271153385,-0.06235441286263521,0.0,,0.0,0.48189923329791956,,,
2026-07-07 00:00:00+00:00,-1.8518085455674635,-0.20638192514181028,-1.0524763195772124,0.0,0.0,0.06678998394743517,1.4143349274770598,1.5345468728784233,18.21688917428399,18.5146786367031,0.4576271186440678,1.0,31.0,-0.020290083178894025,0.0,60.0,0.0,6.526448570415097e-303,1.0,-0.008964537363417536,0.10737424566553398,1.8033243826116122e-301,0.06995858860691007,-0.18961471675055863,0.05288703319086781,0.0959242418438846,1.0,,0.0,0.4873228347595214,,,
2026-07-08 00:00:00+00:00,-1.6722807979173453,-0.19202663820802685,-1.038121032643429,0.0,0.0,0.07391594938659549,1.2823225296970389,1.4579727780240221,8.403968138060842,10.485961067544501,0.4576271186440678,1.0,31.0,-0.0200257984079911,0.0,60.0,0.0,6.123773982930606e-303,1.0,-0.008964537363417536,0.10737424566553398,1.6920612823152944e-301,0.11015740688259301,-0.06764606993657285,0.04666129506322446,,,,,,,,
2026-07-09 00:00:00+00:00,-1.5602816490851164,-0.1687025351516285,-1.0147969295870307,0.0,0.0,0.0816001676762378,1.2915648724880522,1.628985383283509,6.152866409525476,10.29847652945662,0.423728813559322,1.0,33.0,-0.020140856666644724,0.0,60.0,0.0,6.080687540487378e-303,1.0,-0.008964537363417536,0.10737424566553398,1.6801560583057037e-301,0.0374523660965389,-0.13718366661258496,0.044515167185775036,,,,,,,,
2026-07-10 00:00:00+00:00,-2.0786965912805337,-0.25712373049009984,-1.103218124925502,0.0,0.0,0.08808361566335243,1.4084448050554572,1.6858345668417638,5.248384257902767,16.49457816436946,0.423728813559322,1.0,33.0,-0.02061400006857641,0.0,60.0,0.0,6.297147636121878e-303,1.0,-0.008964537363417536,0.10737424566553398,1.7399661930380315e-301,0.04226941446899524,-0.07829526414926491,0.0441988821559807,,,,,,,,
2026-07-13 00:00:00+00:00,-1.5108092608365276,-0.19493822480438464,-1.0410326192397867,0.0,0.0,0.08816221356662005,1.2410420963692506,1.695369864556855,1.1685899538697324,16.138664649480297,0.3898305084745763,1.0,35.0,-0.01978150028715451,0.0,60.0,0.0,6.147236920543027e-303,1.0,-0.008964537363417536,0.10737424566553398,1.6985443315613997e-301,-0.06235441286263521,-0.06812550935455741,0.04389169707707638,,,,,,,,
2026-07-14 00:00:00+00:00,-1.3424697375554397,-0.5814833194962501,-1.4275777139316523,0.0,0.0,0.0981138979878594,0.9747532907581682,1.387761612054267,0.2708927882743779,13.747846209492025,0.3898305084745763,1.0,35.0,-0.017557999820353318,0.0,60.0,0.0,1.0852052374459036e-302,1.0,-0.008375908987487305,0.10573031646861526,2.9985328830984016e-301,0.0959242418438846,-0.014020345478878316,0.04878118012205058,,,,,,,,
