timestamp_utc,timestamp_riyadh,date,hour,minute,is_morning_peak,road_segment_id,road_name,lat,lon,avg_speed_kmh,free_flow_speed_kmh,congestion_index,congestion_definition,granularity_minutes,source_name,source_url,retrieved_at,license,quality_flag
2020-12-31T21:00:00Z,2021-01-01T00:00:00+03:00,2021-01-01,0,0,0,CITY_RIYADH,Riyadh (city-wide),24.7136,46.6753,,,23,TomTom congestion level: extra travel time vs free-flow conditions expressed as a percent; annual city average (Traffic Index 2021 edition methodology),525600,tomtom_traffic_index_2021_edition,https://nonews.co/wp-content/uploads/2022/02/TomTom2021.pdf,2026-07-27T04:29:15Z,TomTom Traffic Index terms (free to view),source_aggregate
2023-12-31T21:00:00Z,2024-01-01T00:00:00+03:00,2024-01-01,0,0,0,CITY_RIYADH_RUSH_HOUR,"Riyadh (city-wide, rush-hour periods)",24.7136,46.6753,,,71.1,"TomTom Traffic Index: hours lost per year driving in rush hour vs free-flow conditions, typical 10 km commute twice daily",525600,tomtom_traffic_index_2026_edition,https://www.tomtom.com/traffic-index/city/riyadh,2026-07-27T04:29:15Z,TomTom Traffic Index terms (free to view),source_aggregate
2024-12-31T21:00:00Z,2025-01-01T00:00:00+03:00,2025-01-01,0,0,0,CITY_RIYADH_RUSH_HOUR,"Riyadh (city-wide, rush-hour periods)",24.7136,46.6753,,,66.0,"TomTom Traffic Index: hours lost per year driving in rush hour vs free-flow conditions, typical 10 km commute twice daily",525600,tomtom_traffic_index_2026_edition,https://www.tomtom.com/traffic-index/city/riyadh,2026-07-27T04:29:15Z,TomTom Traffic Index terms (free to view),source_aggregate
2024-12-31T21:00:00Z,2025-01-01T00:00:00+03:00,2025-01-01,0,0,0,CITY_RIYADH,Riyadh (city-wide),24.7136,46.6753,24.8,,,,525600,tomtom_traffic_index_2026_edition,https://www.tomtom.com/traffic-index/city/riyadh,2026-07-27T04:29:15Z,TomTom Traffic Index terms (free to view),source_aggregate
2023-12-31T21:00:00Z,2024-01-01T00:00:00+03:00,2024-01-01,0,0,0,CITY_RIYADH,Riyadh (city-wide),24.7136,46.6753,,,34.0,Hours per year lost to traffic delays; report Breaking the Middle East Billion-Dollar Traffic Challenge (blended INRIX + TomTom 2024 data) as republished by AGBI 2026-01-26,525600,agbi_inrix_tomtom_blend_2024,https://www.agbi.com/infrastructure/2026/01/traffic-congestion-tightens-grip-on-dubai-and-riyadh/,2026-07-27T04:29:15Z,AGBI editorial content (c) AGBI,source_aggregate
2023-12-31T21:00:00Z,2024-01-01T00:00:00+03:00,2024-01-01,0,0,0,CITY_RIYADH_RUSH_HOUR,"Riyadh (city-wide, rush-hour periods)",24.7136,46.6753,,,58.0,Hours per year lost in rush-hour periods; same blended INRIX + TomTom 2024 report via AGBI,525600,agbi_inrix_tomtom_blend_2024,https://www.agbi.com/infrastructure/2026/01/traffic-congestion-tightens-grip-on-dubai-and-riyadh/,2026-07-27T04:29:15Z,AGBI editorial content (c) AGBI,source_aggregate
2026-07-26T21:00:00Z,2026-07-27T00:00:00+03:00,2026-07-27,0,0,0,CITY_RIYADH,Riyadh (city-wide),24.7136,46.6753,,,156.69,"Numbeo Traffic Index: survey-based composite of commute time, time dissatisfaction, CO2 and overall inefficiency; rolling snapshot, scale ~0-320; NOT a road measurement",525600,numbeo_traffic_index,https://www.numbeo.com/traffic/in/Riyadh,2026-07-27T04:29:15Z,(c) Numbeo (free to view),source_aggregate
2021-06-30T21:00:00Z,2021-07-01T00:00:00+03:00,2021-07-01,0,0,0,CITY_RIYADH,Riyadh (city-wide),24.7136,46.6753,,,6,"TomTom daily congestion level: extra travel time vs free-flow conditions, percent, city-wide daily average; field passed through unchanged from api.midway.tomtom.com/ranking/dailyStats/SAU_riyadh by ActiveConclusion/COVID19_mobility scraper",1440,tomtom_dailystats_api_via_activeconclusion_github,https://github.com/ActiveConclusion/COVID19_mobility/blob/master/tomtom_reports/tomtom_trafic_index.csv,2026-07-27T19:18:34Z,(c) TomTom via MIT-licensed repo republication,verified
2021-07-01T21:00:00Z,2021-07-02T00:00:00+03:00,2021-07-02,0,0,0,CITY_RIYADH,Riyadh (city-wide),24.7136,46.6753,,,3,"TomTom daily congestion level: extra travel time vs free-flow conditions, percent, city-wide daily average; field passed through unchanged from api.midway.tomtom.com/ranking/dailyStats/SAU_riyadh by ActiveConclusion/COVID19_mobility scraper",1440,tomtom_dailystats_api_via_activeconclusion_github,https://github.com/ActiveConclusion/COVID19_mobility/blob/master/tomtom_reports/tomtom_trafic_index.csv,2026-07-27T19:18:34Z,(c) TomTom via MIT-licensed repo republication,verified
2021-07-02T21:00:00Z,2021-07-03T00:00:00+03:00,2021-07-03,0,0,0,CITY_RIYADH,Riyadh (city-wide),24.7136,46.6753,,,3,"TomTom daily congestion level: extra travel time vs free-flow conditions, percent, city-wide daily average; field passed through unchanged from api.midway.tomtom.com/ranking/dailyStats/SAU_riyadh by ActiveConclusion/COVID19_mobility scraper",1440,tomtom_dailystats_api_via_activeconclusion_github,https://github.com/ActiveConclusion/COVID19_mobility/blob/master/tomtom_reports/tomtom_trafic_index.csv,2026-07-27T19:18:34Z,(c) TomTom via MIT-licensed repo republication,verified
2021-07-03T21:00:00Z,2021-07-04T00:00:00+03:00,2021-07-04,0,0,0,CITY_RIYADH,Riyadh (city-wide),24.7136,46.6753,,,3,"TomTom daily congestion level: extra travel time vs free-flow conditions, percent, city-wide daily average; field passed through unchanged from api.midway.tomtom.com/ranking/dailyStats/SAU_riyadh by ActiveConclusion/COVID19_mobility scraper",1440,tomtom_dailystats_api_via_activeconclusion_github,https://github.com/ActiveConclusion/COVID19_mobility/blob/master/tomtom_reports/tomtom_trafic_index.csv,2026-07-27T19:18:34Z,(c) TomTom via MIT-licensed repo republication,verified
2021-07-04T21:00:00Z,2021-07-05T00:00:00+03:00,2021-07-05,0,0,0,CITY_RIYADH,Riyadh (city-wide),24.7136,46.6753,,,4,"TomTom daily congestion level: extra travel time vs free-flow conditions, percent, city-wide daily average; field passed through unchanged from api.midway.tomtom.com/ranking/dailyStats/SAU_riyadh by ActiveConclusion/COVID19_mobility scraper",1440,tomtom_dailystats_api_via_activeconclusion_github,https://github.com/ActiveConclusion/COVID19_mobility/blob/master/tomtom_reports/tomtom_trafic_index.csv,2026-07-27T19:18:34Z,(c) TomTom via MIT-licensed repo republication,verified
2021-07-05T21:00:00Z,2021-07-06T00:00:00+03:00,2021-07-06,0,0,0,CITY_RIYADH,Riyadh (city-wide),24.7136,46.6753,,,3,"TomTom daily congestion level: extra travel time vs free-flow conditions, percent, city-wide daily average; field passed through unchanged from api.midway.tomtom.com/ranking/dailyStats/SAU_riyadh by ActiveConclusion/COVID19_mobility scraper",1440,tomtom_dailystats_api_via_activeconclusion_github,https://github.com/ActiveConclusion/COVID19_mobility/blob/master/tomtom_reports/tomtom_trafic_index.csv,2026-07-27T19:18:34Z,(c) TomTom via MIT-licensed repo republication,verified
2021-07-06T21:00:00Z,2021-07-07T00:00:00+03:00,2021-07-07,0,0,0,CITY_RIYADH,Riyadh (city-wide),24.7136,46.6753,,,4,"TomTom daily congestion level: extra travel time vs free-flow conditions, percent, city-wide daily average; field passed through unchanged from api.midway.tomtom.com/ranking/dailyStats/SAU_riyadh by ActiveConclusion/COVID19_mobility scraper",1440,tomtom_dailystats_api_via_activeconclusion_github,https://github.com/ActiveConclusion/COVID19_mobility/blob/master/tomtom_reports/tomtom_trafic_index.csv,2026-07-27T19:18:34Z,(c) TomTom via MIT-licensed repo republication,verified
2021-07-07T21:00:00Z,2021-07-08T00:00:00+03:00,2021-07-08,0,0,0,CITY_RIYADH,Riyadh (city-wide),24.7136,46.6753,,,5,"TomTom daily congestion level: extra travel time vs free-flow conditions, percent, city-wide daily average; field passed through unchanged from api.midway.tomtom.com/ranking/dailyStats/SAU_riyadh by ActiveConclusion/COVID19_mobility scraper",1440,tomtom_dailystats_api_via_activeconclusion_github,https://github.com/ActiveConclusion/COVID19_mobility/blob/master/tomtom_reports/tomtom_trafic_index.csv,2026-07-27T19:18:34Z,(c) TomTom via MIT-licensed repo republication,verified
2021-07-08T21:00:00Z,2021-07-09T00:00:00+03:00,2021-07-09,0,0,0,CITY_RIYADH,Riyadh (city-wide),24.7136,46.6753,,,3,"TomTom daily congestion level: extra travel time vs free-flow conditions, percent, city-wide daily average; field passed through unchanged from api.midway.tomtom.com/ranking/dailyStats/SAU_riyadh by ActiveConclusion/COVID19_mobility scraper",1440,tomtom_dailystats_api_via_activeconclusion_github,https://github.com/ActiveConclusion/COVID19_mobility/blob/master/tomtom_reports/tomtom_trafic_index.csv,2026-07-27T19:18:34Z,(c) TomTom via MIT-licensed repo republication,verified
2021-07-09T21:00:00Z,2021-07-10T00:00:00+03:00,2021-07-10,0,0,0,CITY_RIYADH,Riyadh (city-wide),24.7136,46.6753,,,3,"TomTom daily congestion level: extra travel time vs free-flow conditions, percent, city-wide daily average; field passed through unchanged from api.midway.tomtom.com/ranking/dailyStats/SAU_riyadh by ActiveConclusion/COVID19_mobility scraper",1440,tomtom_dailystats_api_via_activeconclusion_github,https://github.com/ActiveConclusion/COVID19_mobility/blob/master/tomtom_reports/tomtom_trafic_index.csv,2026-07-27T19:18:34Z,(c) TomTom via MIT-licensed repo republication,verified
2021-07-10T21:00:00Z,2021-07-11T00:00:00+03:00,2021-07-11,0,0,0,CITY_RIYADH,Riyadh (city-wide),24.7136,46.6753,,,3,"TomTom daily congestion level: extra travel time vs free-flow conditions, percent, city-wide daily average; field passed through unchanged from api.midway.tomtom.com/ranking/dailyStats/SAU_riyadh by ActiveConclusion/COVID19_mobility scraper",1440,tomtom_dailystats_api_via_activeconclusion_github,https://github.com/ActiveConclusion/COVID19_mobility/blob/master/tomtom_reports/tomtom_trafic_index.csv,2026-07-27T19:18:34Z,(c) TomTom via MIT-licensed repo republication,verified
2021-07-11T21:00:00Z,2021-07-12T00:00:00+03:00,2021-07-12,0,0,0,CITY_RIYADH,Riyadh (city-wide),24.7136,46.6753,,,3,"TomTom daily congestion level: extra travel time vs free-flow conditions, percent, city-wide daily average; field passed through unchanged from api.midway.tomtom.com/ranking/dailyStats/SAU_riyadh by ActiveConclusion/COVID19_mobility scraper",1440,tomtom_dailystats_api_via_activeconclusion_github,https://github.com/ActiveConclusion/COVID19_mobility/blob/master/tomtom_reports/tomtom_trafic_index.csv,2026-07-27T19:18:34Z,(c) TomTom via MIT-licensed repo republication,verified
2021-07-12T21:00:00Z,2021-07-13T00:00:00+03:00,2021-07-13,0,0,0,CITY_RIYADH,Riyadh (city-wide),24.7136,46.6753,,,4,"TomTom daily congestion level: extra travel time vs free-flow conditions, percent, city-wide daily average; field passed through unchanged from api.midway.tomtom.com/ranking/dailyStats/SAU_riyadh by ActiveConclusion/COVID19_mobility scraper",1440,tomtom_dailystats_api_via_activeconclusion_github,https://github.com/ActiveConclusion/COVID19_mobility/blob/master/tomtom_reports/tomtom_trafic_index.csv,2026-07-27T19:18:34Z,(c) TomTom via MIT-licensed repo republication,verified
2021-07-13T21:00:00Z,2021-07-14T00:00:00+03:00,2021-07-14,0,0,0,CITY_RIYADH,Riyadh (city-wide),24.7136,46.6753,,,4,"TomTom daily congestion level: extra travel time vs free-flow conditions, percent, city-wide daily average; field passed through unchanged from api.midway.tomtom.com/ranking/dailyStats/SAU_riyadh by ActiveConclusion/COVID19_mobility scraper",1440,tomtom_dailystats_api_via_activeconclusion_github,https://github.com/ActiveConclusion/COVID19_mobility/blob/master/tomtom_reports/tomtom_trafic_index.csv,2026-07-27T19:18:34Z,(c) TomTom via MIT-licensed repo republication,verified
2021-07-14T21:00:00Z,2021-07-15T00:00:00+03:00,2021-07-15,0,0,0,CITY_RIYADH,Riyadh (city-wide),24.7136,46.6753,,,5,"TomTom daily congestion level: extra travel time vs free-flow conditions, percent, city-wide daily average; field passed through unchanged from api.midway.tomtom.com/ranking/dailyStats/SAU_riyadh by ActiveConclusion/COVID19_mobility scraper",1440,tomtom_dailystats_api_via_activeconclusion_github,https://github.com/ActiveConclusion/COVID19_mobility/blob/master/tomtom_reports/tomtom_trafic_index.csv,2026-07-27T19:18:34Z,(c) TomTom via MIT-licensed repo republication,verified
2021-07-15T21:00:00Z,2021-07-16T00:00:00+03:00,2021-07-16,0,0,0,CITY_RIYADH,Riyadh (city-wide),24.7136,46.6753,,,2,"TomTom daily congestion level: extra travel time vs free-flow conditions, percent, city-wide daily average; field passed through unchanged from api.midway.tomtom.com/ranking/dailyStats/SAU_riyadh by ActiveConclusion/COVID19_mobility scraper",1440,tomtom_dailystats_api_via_activeconclusion_github,https://github.com/ActiveConclusion/COVID19_mobility/blob/master/tomtom_reports/tomtom_trafic_index.csv,2026-07-27T19:18:34Z,(c) TomTom via MIT-licensed repo republication,verified
2021-07-16T21:00:00Z,2021-07-17T00:00:00+03:00,2021-07-17,0,0,0,CITY_RIYADH,Riyadh (city-wide),24.7136,46.6753,,,4,"TomTom daily congestion level: extra travel time vs free-flow conditions, percent, city-wide daily average; field passed through unchanged from api.midway.tomtom.com/ranking/dailyStats/SAU_riyadh by ActiveConclusion/COVID19_mobility scraper",1440,tomtom_dailystats_api_via_activeconclusion_github,https://github.com/ActiveConclusion/COVID19_mobility/blob/master/tomtom_reports/tomtom_trafic_index.csv,2026-07-27T19:18:34Z,(c) TomTom via MIT-licensed repo republication,verified
2021-07-17T21:00:00Z,2021-07-18T00:00:00+03:00,2021-07-18,0,0,0,CITY_RIYADH,Riyadh (city-wide),24.7136,46.6753,,,3,"TomTom daily congestion level: extra travel time vs free-flow conditions, percent, city-wide daily average; field passed through unchanged from api.midway.tomtom.com/ranking/dailyStats/SAU_riyadh by ActiveConclusion/COVID19_mobility scraper",1440,tomtom_dailystats_api_via_activeconclusion_github,https://github.com/ActiveConclusion/COVID19_mobility/blob/master/tomtom_reports/tomtom_trafic_index.csv,2026-07-27T19:18:34Z,(c) TomTom via MIT-licensed repo republication,verified
2021-07-18T21:00:00Z,2021-07-19T00:00:00+03:00,2021-07-19,0,0,0,CITY_RIYADH,Riyadh (city-wide),24.7136,46.6753,,,1,"TomTom daily congestion level: extra travel time vs free-flow conditions, percent, city-wide daily average; field passed through unchanged from api.midway.tomtom.com/ranking/dailyStats/SAU_riyadh by ActiveConclusion/COVID19_mobility scraper",1440,tomtom_dailystats_api_via_activeconclusion_github,https://github.com/ActiveConclusion/COVID19_mobility/blob/master/tomtom_reports/tomtom_trafic_index.csv,2026-07-27T19:18:34Z,(c) TomTom via MIT-licensed repo republication,verified
2021-07-19T21:00:00Z,2021-07-20T00:00:00+03:00,2021-07-20,0,0,0,CITY_RIYADH,Riyadh (city-wide),24.7136,46.6753,,,0,"TomTom daily congestion level: extra travel time vs free-flow conditions, percent, city-wide daily average; field passed through unchanged from api.midway.tomtom.com/ranking/dailyStats/SAU_riyadh by ActiveConclusion/COVID19_mobility scraper",1440,tomtom_dailystats_api_via_activeconclusion_github,https://github.com/ActiveConclusion/COVID19_mobility/blob/master/tomtom_reports/tomtom_trafic_index.csv,2026-07-27T19:18:34Z,(c) TomTom via MIT-licensed repo republication,verified
2021-07-20T21:00:00Z,2021-07-21T00:00:00+03:00,2021-07-21,0,0,0,CITY_RIYADH,Riyadh (city-wide),24.7136,46.6753,,,0,"TomTom daily congestion level: extra travel time vs free-flow conditions, percent, city-wide daily average; field passed through unchanged from api.midway.tomtom.com/ranking/dailyStats/SAU_riyadh by ActiveConclusion/COVID19_mobility scraper",1440,tomtom_dailystats_api_via_activeconclusion_github,https://github.com/ActiveConclusion/COVID19_mobility/blob/master/tomtom_reports/tomtom_trafic_index.csv,2026-07-27T19:18:34Z,(c) TomTom via MIT-licensed repo republication,verified
2021-07-21T21:00:00Z,2021-07-22T00:00:00+03:00,2021-07-22,0,0,0,CITY_RIYADH,Riyadh (city-wide),24.7136,46.6753,,,2,"TomTom daily congestion level: extra travel time vs free-flow conditions, percent, city-wide daily average; field passed through unchanged from api.midway.tomtom.com/ranking/dailyStats/SAU_riyadh by ActiveConclusion/COVID19_mobility scraper",1440,tomtom_dailystats_api_via_activeconclusion_github,https://github.com/ActiveConclusion/COVID19_mobility/blob/master/tomtom_reports/tomtom_trafic_index.csv,2026-07-27T19:18:34Z,(c) TomTom via MIT-licensed repo republication,verified
2021-07-22T21:00:00Z,2021-07-23T00:00:00+03:00,2021-07-23,0,0,0,CITY_RIYADH,Riyadh (city-wide),24.7136,46.6753,,,1,"TomTom daily congestion level: extra travel time vs free-flow conditions, percent, city-wide daily average; field passed through unchanged from api.midway.tomtom.com/ranking/dailyStats/SAU_riyadh by ActiveConclusion/COVID19_mobility scraper",1440,tomtom_dailystats_api_via_activeconclusion_github,https://github.com/ActiveConclusion/COVID19_mobility/blob/master/tomtom_reports/tomtom_trafic_index.csv,2026-07-27T19:18:34Z,(c) TomTom via MIT-licensed repo republication,verified
2021-07-23T21:00:00Z,2021-07-24T00:00:00+03:00,2021-07-24,0,0,0,CITY_RIYADH,Riyadh (city-wide),24.7136,46.6753,,,0,"TomTom daily congestion level: extra travel time vs free-flow conditions, percent, city-wide daily average; field passed through unchanged from api.midway.tomtom.com/ranking/dailyStats/SAU_riyadh by ActiveConclusion/COVID19_mobility scraper",1440,tomtom_dailystats_api_via_activeconclusion_github,https://github.com/ActiveConclusion/COVID19_mobility/blob/master/tomtom_reports/tomtom_trafic_index.csv,2026-07-27T19:18:34Z,(c) TomTom via MIT-licensed repo republication,verified
2021-07-24T21:00:00Z,2021-07-25T00:00:00+03:00,2021-07-25,0,0,0,CITY_RIYADH,Riyadh (city-wide),24.7136,46.6753,,,0,"TomTom daily congestion level: extra travel time vs free-flow conditions, percent, city-wide daily average; field passed through unchanged from api.midway.tomtom.com/ranking/dailyStats/SAU_riyadh by ActiveConclusion/COVID19_mobility scraper",1440,tomtom_dailystats_api_via_activeconclusion_github,https://github.com/ActiveConclusion/COVID19_mobility/blob/master/tomtom_reports/tomtom_trafic_index.csv,2026-07-27T19:18:34Z,(c) TomTom via MIT-licensed repo republication,verified
2021-07-25T21:00:00Z,2021-07-26T00:00:00+03:00,2021-07-26,0,0,0,CITY_RIYADH,Riyadh (city-wide),24.7136,46.6753,,,1,"TomTom daily congestion level: extra travel time vs free-flow conditions, percent, city-wide daily average; field passed through unchanged from api.midway.tomtom.com/ranking/dailyStats/SAU_riyadh by ActiveConclusion/COVID19_mobility scraper",1440,tomtom_dailystats_api_via_activeconclusion_github,https://github.com/ActiveConclusion/COVID19_mobility/blob/master/tomtom_reports/tomtom_trafic_index.csv,2026-07-27T19:18:34Z,(c) TomTom via MIT-licensed repo republication,verified
2021-07-26T21:00:00Z,2021-07-27T00:00:00+03:00,2021-07-27,0,0,0,CITY_RIYADH,Riyadh (city-wide),24.7136,46.6753,,,2,"TomTom daily congestion level: extra travel time vs free-flow conditions, percent, city-wide daily average; field passed through unchanged from api.midway.tomtom.com/ranking/dailyStats/SAU_riyadh by ActiveConclusion/COVID19_mobility scraper",1440,tomtom_dailystats_api_via_activeconclusion_github,https://github.com/ActiveConclusion/COVID19_mobility/blob/master/tomtom_reports/tomtom_trafic_index.csv,2026-07-27T19:18:34Z,(c) TomTom via MIT-licensed repo republication,verified
2021-07-27T21:00:00Z,2021-07-28T00:00:00+03:00,2021-07-28,0,0,0,CITY_RIYADH,Riyadh (city-wide),24.7136,46.6753,,,2,"TomTom daily congestion level: extra travel time vs free-flow conditions, percent, city-wide daily average; field passed through unchanged from api.midway.tomtom.com/ranking/dailyStats/SAU_riyadh by ActiveConclusion/COVID19_mobility scraper",1440,tomtom_dailystats_api_via_activeconclusion_github,https://github.com/ActiveConclusion/COVID19_mobility/blob/master/tomtom_reports/tomtom_trafic_index.csv,2026-07-27T19:18:34Z,(c) TomTom via MIT-licensed repo republication,verified
2021-07-28T21:00:00Z,2021-07-29T00:00:00+03:00,2021-07-29,0,0,0,CITY_RIYADH,Riyadh (city-wide),24.7136,46.6753,,,3,"TomTom daily congestion level: extra travel time vs free-flow conditions, percent, city-wide daily average; field passed through unchanged from api.midway.tomtom.com/ranking/dailyStats/SAU_riyadh by ActiveConclusion/COVID19_mobility scraper",1440,tomtom_dailystats_api_via_activeconclusion_github,https://github.com/ActiveConclusion/COVID19_mobility/blob/master/tomtom_reports/tomtom_trafic_index.csv,2026-07-27T19:18:34Z,(c) TomTom via MIT-licensed repo republication,verified
2021-07-29T21:00:00Z,2021-07-30T00:00:00+03:00,2021-07-30,0,0,0,CITY_RIYADH,Riyadh (city-wide),24.7136,46.6753,,,2,"TomTom daily congestion level: extra travel time vs free-flow conditions, percent, city-wide daily average; field passed through unchanged from api.midway.tomtom.com/ranking/dailyStats/SAU_riyadh by ActiveConclusion/COVID19_mobility scraper",1440,tomtom_dailystats_api_via_activeconclusion_github,https://github.com/ActiveConclusion/COVID19_mobility/blob/master/tomtom_reports/tomtom_trafic_index.csv,2026-07-27T19:18:34Z,(c) TomTom via MIT-licensed repo republication,verified
2021-07-30T21:00:00Z,2021-07-31T00:00:00+03:00,2021-07-31,0,0,0,CITY_RIYADH,Riyadh (city-wide),24.7136,46.6753,,,2,"TomTom daily congestion level: extra travel time vs free-flow conditions, percent, city-wide daily average; field passed through unchanged from api.midway.tomtom.com/ranking/dailyStats/SAU_riyadh by ActiveConclusion/COVID19_mobility scraper",1440,tomtom_dailystats_api_via_activeconclusion_github,https://github.com/ActiveConclusion/COVID19_mobility/blob/master/tomtom_reports/tomtom_trafic_index.csv,2026-07-27T19:18:34Z,(c) TomTom via MIT-licensed repo republication,verified
2021-07-31T21:00:00Z,2021-08-01T00:00:00+03:00,2021-08-01,0,0,0,CITY_RIYADH,Riyadh (city-wide),24.7136,46.6753,,,2,"TomTom daily congestion level: extra travel time vs free-flow conditions, percent, city-wide daily average; field passed through unchanged from api.midway.tomtom.com/ranking/dailyStats/SAU_riyadh by ActiveConclusion/COVID19_mobility scraper",1440,tomtom_dailystats_api_via_activeconclusion_github,https://github.com/ActiveConclusion/COVID19_mobility/blob/master/tomtom_reports/tomtom_trafic_index.csv,2026-07-27T19:18:34Z,(c) TomTom via MIT-licensed repo republication,verified
2021-08-01T21:00:00Z,2021-08-02T00:00:00+03:00,2021-08-02,0,0,0,CITY_RIYADH,Riyadh (city-wide),24.7136,46.6753,,,3,"TomTom daily congestion level: extra travel time vs free-flow conditions, percent, city-wide daily average; field passed through unchanged from api.midway.tomtom.com/ranking/dailyStats/SAU_riyadh by ActiveConclusion/COVID19_mobility scraper",1440,tomtom_dailystats_api_via_activeconclusion_github,https://github.com/ActiveConclusion/COVID19_mobility/blob/master/tomtom_reports/tomtom_trafic_index.csv,2026-07-27T19:18:34Z,(c) TomTom via MIT-licensed repo republication,verified
2021-08-02T21:00:00Z,2021-08-03T00:00:00+03:00,2021-08-03,0,0,0,CITY_RIYADH,Riyadh (city-wide),24.7136,46.6753,,,3,"TomTom daily congestion level: extra travel time vs free-flow conditions, percent, city-wide daily average; field passed through unchanged from api.midway.tomtom.com/ranking/dailyStats/SAU_riyadh by ActiveConclusion/COVID19_mobility scraper",1440,tomtom_dailystats_api_via_activeconclusion_github,https://github.com/ActiveConclusion/COVID19_mobility/blob/master/tomtom_reports/tomtom_trafic_index.csv,2026-07-27T19:18:34Z,(c) TomTom via MIT-licensed repo republication,verified
2021-08-03T21:00:00Z,2021-08-04T00:00:00+03:00,2021-08-04,0,0,0,CITY_RIYADH,Riyadh (city-wide),24.7136,46.6753,,,3,"TomTom daily congestion level: extra travel time vs free-flow conditions, percent, city-wide daily average; field passed through unchanged from api.midway.tomtom.com/ranking/dailyStats/SAU_riyadh by ActiveConclusion/COVID19_mobility scraper",1440,tomtom_dailystats_api_via_activeconclusion_github,https://github.com/ActiveConclusion/COVID19_mobility/blob/master/tomtom_reports/tomtom_trafic_index.csv,2026-07-27T19:18:34Z,(c) TomTom via MIT-licensed repo republication,verified
2021-08-04T21:00:00Z,2021-08-05T00:00:00+03:00,2021-08-05,0,0,0,CITY_RIYADH,Riyadh (city-wide),24.7136,46.6753,,,3,"TomTom daily congestion level: extra travel time vs free-flow conditions, percent, city-wide daily average; field passed through unchanged from api.midway.tomtom.com/ranking/dailyStats/SAU_riyadh by ActiveConclusion/COVID19_mobility scraper",1440,tomtom_dailystats_api_via_activeconclusion_github,https://github.com/ActiveConclusion/COVID19_mobility/blob/master/tomtom_reports/tomtom_trafic_index.csv,2026-07-27T19:18:34Z,(c) TomTom via MIT-licensed repo republication,verified
2021-08-05T21:00:00Z,2021-08-06T00:00:00+03:00,2021-08-06,0,0,0,CITY_RIYADH,Riyadh (city-wide),24.7136,46.6753,,,2,"TomTom daily congestion level: extra travel time vs free-flow conditions, percent, city-wide daily average; field passed through unchanged from api.midway.tomtom.com/ranking/dailyStats/SAU_riyadh by ActiveConclusion/COVID19_mobility scraper",1440,tomtom_dailystats_api_via_activeconclusion_github,https://github.com/ActiveConclusion/COVID19_mobility/blob/master/tomtom_reports/tomtom_trafic_index.csv,2026-07-27T19:18:34Z,(c) TomTom via MIT-licensed repo republication,verified
2021-08-06T21:00:00Z,2021-08-07T00:00:00+03:00,2021-08-07,0,0,0,CITY_RIYADH,Riyadh (city-wide),24.7136,46.6753,,,2,"TomTom daily congestion level: extra travel time vs free-flow conditions, percent, city-wide daily average; field passed through unchanged from api.midway.tomtom.com/ranking/dailyStats/SAU_riyadh by ActiveConclusion/COVID19_mobility scraper",1440,tomtom_dailystats_api_via_activeconclusion_github,https://github.com/ActiveConclusion/COVID19_mobility/blob/master/tomtom_reports/tomtom_trafic_index.csv,2026-07-27T19:18:34Z,(c) TomTom via MIT-licensed repo republication,verified
2021-08-07T21:00:00Z,2021-08-08T00:00:00+03:00,2021-08-08,0,0,0,CITY_RIYADH,Riyadh (city-wide),24.7136,46.6753,,,2,"TomTom daily congestion level: extra travel time vs free-flow conditions, percent, city-wide daily average; field passed through unchanged from api.midway.tomtom.com/ranking/dailyStats/SAU_riyadh by ActiveConclusion/COVID19_mobility scraper",1440,tomtom_dailystats_api_via_activeconclusion_github,https://github.com/ActiveConclusion/COVID19_mobility/blob/master/tomtom_reports/tomtom_trafic_index.csv,2026-07-27T19:18:34Z,(c) TomTom via MIT-licensed repo republication,verified
2021-08-08T21:00:00Z,2021-08-09T00:00:00+03:00,2021-08-09,0,0,0,CITY_RIYADH,Riyadh (city-wide),24.7136,46.6753,,,2,"TomTom daily congestion level: extra travel time vs free-flow conditions, percent, city-wide daily average; field passed through unchanged from api.midway.tomtom.com/ranking/dailyStats/SAU_riyadh by ActiveConclusion/COVID19_mobility scraper",1440,tomtom_dailystats_api_via_activeconclusion_github,https://github.com/ActiveConclusion/COVID19_mobility/blob/master/tomtom_reports/tomtom_trafic_index.csv,2026-07-27T19:18:34Z,(c) TomTom via MIT-licensed repo republication,verified
2021-08-09T21:00:00Z,2021-08-10T00:00:00+03:00,2021-08-10,0,0,0,CITY_RIYADH,Riyadh (city-wide),24.7136,46.6753,,,2,"TomTom daily congestion level: extra travel time vs free-flow conditions, percent, city-wide daily average; field passed through unchanged from api.midway.tomtom.com/ranking/dailyStats/SAU_riyadh by ActiveConclusion/COVID19_mobility scraper",1440,tomtom_dailystats_api_via_activeconclusion_github,https://github.com/ActiveConclusion/COVID19_mobility/blob/master/tomtom_reports/tomtom_trafic_index.csv,2026-07-27T19:18:34Z,(c) TomTom via MIT-licensed repo republication,verified
2021-08-10T21:00:00Z,2021-08-11T00:00:00+03:00,2021-08-11,0,0,0,CITY_RIYADH,Riyadh (city-wide),24.7136,46.6753,,,2,"TomTom daily congestion level: extra travel time vs free-flow conditions, percent, city-wide daily average; field passed through unchanged from api.midway.tomtom.com/ranking/dailyStats/SAU_riyadh by ActiveConclusion/COVID19_mobility scraper",1440,tomtom_dailystats_api_via_activeconclusion_github,https://github.com/ActiveConclusion/COVID19_mobility/blob/master/tomtom_reports/tomtom_trafic_index.csv,2026-07-27T19:18:34Z,(c) TomTom via MIT-licensed repo republication,verified
2021-08-11T21:00:00Z,2021-08-12T00:00:00+03:00,2021-08-12,0,0,0,CITY_RIYADH,Riyadh (city-wide),24.7136,46.6753,,,3,"TomTom daily congestion level: extra travel time vs free-flow conditions, percent, city-wide daily average; field passed through unchanged from api.midway.tomtom.com/ranking/dailyStats/SAU_riyadh by ActiveConclusion/COVID19_mobility scraper",1440,tomtom_dailystats_api_via_activeconclusion_github,https://github.com/ActiveConclusion/COVID19_mobility/blob/master/tomtom_reports/tomtom_trafic_index.csv,2026-07-27T19:18:34Z,(c) TomTom via MIT-licensed repo republication,verified
2021-08-12T21:00:00Z,2021-08-13T00:00:00+03:00,2021-08-13,0,0,0,CITY_RIYADH,Riyadh (city-wide),24.7136,46.6753,,,1,"TomTom daily congestion level: extra travel time vs free-flow conditions, percent, city-wide daily average; field passed through unchanged from api.midway.tomtom.com/ranking/dailyStats/SAU_riyadh by ActiveConclusion/COVID19_mobility scraper",1440,tomtom_dailystats_api_via_activeconclusion_github,https://github.com/ActiveConclusion/COVID19_mobility/blob/master/tomtom_reports/tomtom_trafic_index.csv,2026-07-27T19:18:34Z,(c) TomTom via MIT-licensed repo republication,verified
2021-08-13T21:00:00Z,2021-08-14T00:00:00+03:00,2021-08-14,0,0,0,CITY_RIYADH,Riyadh (city-wide),24.7136,46.6753,,,1,"TomTom daily congestion level: extra travel time vs free-flow conditions, percent, city-wide daily average; field passed through unchanged from api.midway.tomtom.com/ranking/dailyStats/SAU_riyadh by ActiveConclusion/COVID19_mobility scraper",1440,tomtom_dailystats_api_via_activeconclusion_github,https://github.com/ActiveConclusion/COVID19_mobility/blob/master/tomtom_reports/tomtom_trafic_index.csv,2026-07-27T19:18:34Z,(c) TomTom via MIT-licensed repo republication,verified
2021-08-14T21:00:00Z,2021-08-15T00:00:00+03:00,2021-08-15,0,0,0,CITY_RIYADH,Riyadh (city-wide),24.7136,46.6753,,,1,"TomTom daily congestion level: extra travel time vs free-flow conditions, percent, city-wide daily average; field passed through unchanged from api.midway.tomtom.com/ranking/dailyStats/SAU_riyadh by ActiveConclusion/COVID19_mobility scraper",1440,tomtom_dailystats_api_via_activeconclusion_github,https://github.com/ActiveConclusion/COVID19_mobility/blob/master/tomtom_reports/tomtom_trafic_index.csv,2026-07-27T19:18:34Z,(c) TomTom via MIT-licensed repo republication,verified
2021-08-15T21:00:00Z,2021-08-16T00:00:00+03:00,2021-08-16,0,0,0,CITY_RIYADH,Riyadh (city-wide),24.7136,46.6753,,,2,"TomTom daily congestion level: extra travel time vs free-flow conditions, percent, city-wide daily average; field passed through unchanged from api.midway.tomtom.com/ranking/dailyStats/SAU_riyadh by ActiveConclusion/COVID19_mobility scraper",1440,tomtom_dailystats_api_via_activeconclusion_github,https://github.com/ActiveConclusion/COVID19_mobility/blob/master/tomtom_reports/tomtom_trafic_index.csv,2026-07-27T19:18:34Z,(c) TomTom via MIT-licensed repo republication,verified
2021-08-16T21:00:00Z,2021-08-17T00:00:00+03:00,2021-08-17,0,0,0,CITY_RIYADH,Riyadh (city-wide),24.7136,46.6753,,,2,"TomTom daily congestion level: extra travel time vs free-flow conditions, percent, city-wide daily average; field passed through unchanged from api.midway.tomtom.com/ranking/dailyStats/SAU_riyadh by ActiveConclusion/COVID19_mobility scraper",1440,tomtom_dailystats_api_via_activeconclusion_github,https://github.com/ActiveConclusion/COVID19_mobility/blob/master/tomtom_reports/tomtom_trafic_index.csv,2026-07-27T19:18:34Z,(c) TomTom via MIT-licensed repo republication,verified
2021-08-17T21:00:00Z,2021-08-18T00:00:00+03:00,2021-08-18,0,0,0,CITY_RIYADH,Riyadh (city-wide),24.7136,46.6753,,,2,"TomTom daily congestion level: extra travel time vs free-flow conditions, percent, city-wide daily average; field passed through unchanged from api.midway.tomtom.com/ranking/dailyStats/SAU_riyadh by ActiveConclusion/COVID19_mobility scraper",1440,tomtom_dailystats_api_via_activeconclusion_github,https://github.com/ActiveConclusion/COVID19_mobility/blob/master/tomtom_reports/tomtom_trafic_index.csv,2026-07-27T19:18:34Z,(c) TomTom via MIT-licensed repo republication,verified
2021-08-18T21:00:00Z,2021-08-19T00:00:00+03:00,2021-08-19,0,0,0,CITY_RIYADH,Riyadh (city-wide),24.7136,46.6753,,,2,"TomTom daily congestion level: extra travel time vs free-flow conditions, percent, city-wide daily average; field passed through unchanged from api.midway.tomtom.com/ranking/dailyStats/SAU_riyadh by ActiveConclusion/COVID19_mobility scraper",1440,tomtom_dailystats_api_via_activeconclusion_github,https://github.com/ActiveConclusion/COVID19_mobility/blob/master/tomtom_reports/tomtom_trafic_index.csv,2026-07-27T19:18:34Z,(c) TomTom via MIT-licensed repo republication,verified
2021-08-19T21:00:00Z,2021-08-20T00:00:00+03:00,2021-08-20,0,0,0,CITY_RIYADH,Riyadh (city-wide),24.7136,46.6753,,,1,"TomTom daily congestion level: extra travel time vs free-flow conditions, percent, city-wide daily average; field passed through unchanged from api.midway.tomtom.com/ranking/dailyStats/SAU_riyadh by ActiveConclusion/COVID19_mobility scraper",1440,tomtom_dailystats_api_via_activeconclusion_github,https://github.com/ActiveConclusion/COVID19_mobility/blob/master/tomtom_reports/tomtom_trafic_index.csv,2026-07-27T19:18:34Z,(c) TomTom via MIT-licensed repo republication,verified
2021-08-20T21:00:00Z,2021-08-21T00:00:00+03:00,2021-08-21,0,0,0,CITY_RIYADH,Riyadh (city-wide),24.7136,46.6753,,,1,"TomTom daily congestion level: extra travel time vs free-flow conditions, percent, city-wide daily average; field passed through unchanged from api.midway.tomtom.com/ranking/dailyStats/SAU_riyadh by ActiveConclusion/COVID19_mobility scraper",1440,tomtom_dailystats_api_via_activeconclusion_github,https://github.com/ActiveConclusion/COVID19_mobility/blob/master/tomtom_reports/tomtom_trafic_index.csv,2026-07-27T19:18:34Z,(c) TomTom via MIT-licensed repo republication,verified
2021-08-21T21:00:00Z,2021-08-22T00:00:00+03:00,2021-08-22,0,0,0,CITY_RIYADH,Riyadh (city-wide),24.7136,46.6753,,,1,"TomTom daily congestion level: extra travel time vs free-flow conditions, percent, city-wide daily average; field passed through unchanged from api.midway.tomtom.com/ranking/dailyStats/SAU_riyadh by ActiveConclusion/COVID19_mobility scraper",1440,tomtom_dailystats_api_via_activeconclusion_github,https://github.com/ActiveConclusion/COVID19_mobility/blob/master/tomtom_reports/tomtom_trafic_index.csv,2026-07-27T19:18:34Z,(c) TomTom via MIT-licensed repo republication,verified
2021-08-22T21:00:00Z,2021-08-23T00:00:00+03:00,2021-08-23,0,0,0,CITY_RIYADH,Riyadh (city-wide),24.7136,46.6753,,,2,"TomTom daily congestion level: extra travel time vs free-flow conditions, percent, city-wide daily average; field passed through unchanged from api.midway.tomtom.com/ranking/dailyStats/SAU_riyadh by ActiveConclusion/COVID19_mobility scraper",1440,tomtom_dailystats_api_via_activeconclusion_github,https://github.com/ActiveConclusion/COVID19_mobility/blob/master/tomtom_reports/tomtom_trafic_index.csv,2026-07-27T19:18:34Z,(c) TomTom via MIT-licensed repo republication,verified
2021-08-23T21:00:00Z,2021-08-24T00:00:00+03:00,2021-08-24,0,0,0,CITY_RIYADH,Riyadh (city-wide),24.7136,46.6753,,,2,"TomTom daily congestion level: extra travel time vs free-flow conditions, percent, city-wide daily average; field passed through unchanged from api.midway.tomtom.com/ranking/dailyStats/SAU_riyadh by ActiveConclusion/COVID19_mobility scraper",1440,tomtom_dailystats_api_via_activeconclusion_github,https://github.com/ActiveConclusion/COVID19_mobility/blob/master/tomtom_reports/tomtom_trafic_index.csv,2026-07-27T19:18:34Z,(c) TomTom via MIT-licensed repo republication,verified
2021-08-24T21:00:00Z,2021-08-25T00:00:00+03:00,2021-08-25,0,0,0,CITY_RIYADH,Riyadh (city-wide),24.7136,46.6753,,,3,"TomTom daily congestion level: extra travel time vs free-flow conditions, percent, city-wide daily average; field passed through unchanged from api.midway.tomtom.com/ranking/dailyStats/SAU_riyadh by ActiveConclusion/COVID19_mobility scraper",1440,tomtom_dailystats_api_via_activeconclusion_github,https://github.com/ActiveConclusion/COVID19_mobility/blob/master/tomtom_reports/tomtom_trafic_index.csv,2026-07-27T19:18:34Z,(c) TomTom via MIT-licensed repo republication,verified
2021-08-25T21:00:00Z,2021-08-26T00:00:00+03:00,2021-08-26,0,0,0,CITY_RIYADH,Riyadh (city-wide),24.7136,46.6753,,,6,"TomTom daily congestion level: extra travel time vs free-flow conditions, percent, city-wide daily average; field passed through unchanged from api.midway.tomtom.com/ranking/dailyStats/SAU_riyadh by ActiveConclusion/COVID19_mobility scraper",1440,tomtom_dailystats_api_via_activeconclusion_github,https://github.com/ActiveConclusion/COVID19_mobility/blob/master/tomtom_reports/tomtom_trafic_index.csv,2026-07-27T19:18:34Z,(c) TomTom via MIT-licensed repo republication,verified
2021-08-27T21:00:00Z,2021-08-28T00:00:00+03:00,2021-08-28,0,0,0,CITY_RIYADH,Riyadh (city-wide),24.7136,46.6753,,,5,"TomTom daily congestion level: extra travel time vs free-flow conditions, percent, city-wide daily average; field passed through unchanged from api.midway.tomtom.com/ranking/dailyStats/SAU_riyadh by ActiveConclusion/COVID19_mobility scraper",1440,tomtom_dailystats_api_via_activeconclusion_github,https://github.com/ActiveConclusion/COVID19_mobility/blob/master/tomtom_reports/tomtom_trafic_index.csv,2026-07-27T19:18:34Z,(c) TomTom via MIT-licensed repo republication,verified
2021-08-28T21:00:00Z,2021-08-29T00:00:00+03:00,2021-08-29,0,0,0,CITY_RIYADH,Riyadh (city-wide),24.7136,46.6753,,,4,"TomTom daily congestion level: extra travel time vs free-flow conditions, percent, city-wide daily average; field passed through unchanged from api.midway.tomtom.com/ranking/dailyStats/SAU_riyadh by ActiveConclusion/COVID19_mobility scraper",1440,tomtom_dailystats_api_via_activeconclusion_github,https://github.com/ActiveConclusion/COVID19_mobility/blob/master/tomtom_reports/tomtom_trafic_index.csv,2026-07-27T19:18:34Z,(c) TomTom via MIT-licensed repo republication,verified
2021-08-29T21:00:00Z,2021-08-30T00:00:00+03:00,2021-08-30,0,0,0,CITY_RIYADH,Riyadh (city-wide),24.7136,46.6753,,,3,"TomTom daily congestion level: extra travel time vs free-flow conditions, percent, city-wide daily average; field passed through unchanged from api.midway.tomtom.com/ranking/dailyStats/SAU_riyadh by ActiveConclusion/COVID19_mobility scraper",1440,tomtom_dailystats_api_via_activeconclusion_github,https://github.com/ActiveConclusion/COVID19_mobility/blob/master/tomtom_reports/tomtom_trafic_index.csv,2026-07-27T19:18:34Z,(c) TomTom via MIT-licensed repo republication,verified
2021-08-30T21:00:00Z,2021-08-31T00:00:00+03:00,2021-08-31,0,0,0,CITY_RIYADH,Riyadh (city-wide),24.7136,46.6753,,,3,"TomTom daily congestion level: extra travel time vs free-flow conditions, percent, city-wide daily average; field passed through unchanged from api.midway.tomtom.com/ranking/dailyStats/SAU_riyadh by ActiveConclusion/COVID19_mobility scraper",1440,tomtom_dailystats_api_via_activeconclusion_github,https://github.com/ActiveConclusion/COVID19_mobility/blob/master/tomtom_reports/tomtom_trafic_index.csv,2026-07-27T19:18:34Z,(c) TomTom via MIT-licensed repo republication,verified
2021-08-31T21:00:00Z,2021-09-01T00:00:00+03:00,2021-09-01,0,0,0,CITY_RIYADH,Riyadh (city-wide),24.7136,46.6753,,,4,"TomTom daily congestion level: extra travel time vs free-flow conditions, percent, city-wide daily average; field passed through unchanged from api.midway.tomtom.com/ranking/dailyStats/SAU_riyadh by ActiveConclusion/COVID19_mobility scraper",1440,tomtom_dailystats_api_via_activeconclusion_github,https://github.com/ActiveConclusion/COVID19_mobility/blob/master/tomtom_reports/tomtom_trafic_index.csv,2026-07-27T19:18:34Z,(c) TomTom via MIT-licensed repo republication,verified
2021-09-01T21:00:00Z,2021-09-02T00:00:00+03:00,2021-09-02,0,0,0,CITY_RIYADH,Riyadh (city-wide),24.7136,46.6753,,,5,"TomTom daily congestion level: extra travel time vs free-flow conditions, percent, city-wide daily average; field passed through unchanged from api.midway.tomtom.com/ranking/dailyStats/SAU_riyadh by ActiveConclusion/COVID19_mobility scraper",1440,tomtom_dailystats_api_via_activeconclusion_github,https://github.com/ActiveConclusion/COVID19_mobility/blob/master/tomtom_reports/tomtom_trafic_index.csv,2026-07-27T19:18:34Z,(c) TomTom via MIT-licensed repo republication,verified
2021-09-02T21:00:00Z,2021-09-03T00:00:00+03:00,2021-09-03,0,0,0,CITY_RIYADH,Riyadh (city-wide),24.7136,46.6753,,,4,"TomTom daily congestion level: extra travel time vs free-flow conditions, percent, city-wide daily average; field passed through unchanged from api.midway.tomtom.com/ranking/dailyStats/SAU_riyadh by ActiveConclusion/COVID19_mobility scraper",1440,tomtom_dailystats_api_via_activeconclusion_github,https://github.com/ActiveConclusion/COVID19_mobility/blob/master/tomtom_reports/tomtom_trafic_index.csv,2026-07-27T19:18:34Z,(c) TomTom via MIT-licensed repo republication,verified
2021-09-03T21:00:00Z,2021-09-04T00:00:00+03:00,2021-09-04,0,0,0,CITY_RIYADH,Riyadh (city-wide),24.7136,46.6753,,,4,"TomTom daily congestion level: extra travel time vs free-flow conditions, percent, city-wide daily average; field passed through unchanged from api.midway.tomtom.com/ranking/dailyStats/SAU_riyadh by ActiveConclusion/COVID19_mobility scraper",1440,tomtom_dailystats_api_via_activeconclusion_github,https://github.com/ActiveConclusion/COVID19_mobility/blob/master/tomtom_reports/tomtom_trafic_index.csv,2026-07-27T19:18:34Z,(c) TomTom via MIT-licensed repo republication,verified
2021-09-04T21:00:00Z,2021-09-05T00:00:00+03:00,2021-09-05,0,0,0,CITY_RIYADH,Riyadh (city-wide),24.7136,46.6753,,,5,"TomTom daily congestion level: extra travel time vs free-flow conditions, percent, city-wide daily average; field passed through unchanged from api.midway.tomtom.com/ranking/dailyStats/SAU_riyadh by ActiveConclusion/COVID19_mobility scraper",1440,tomtom_dailystats_api_via_activeconclusion_github,https://github.com/ActiveConclusion/COVID19_mobility/blob/master/tomtom_reports/tomtom_trafic_index.csv,2026-07-27T19:18:34Z,(c) TomTom via MIT-licensed repo republication,verified
2021-09-05T21:00:00Z,2021-09-06T00:00:00+03:00,2021-09-06,0,0,0,CITY_RIYADH,Riyadh (city-wide),24.7136,46.6753,,,5,"TomTom daily congestion level: extra travel time vs free-flow conditions, percent, city-wide daily average; field passed through unchanged from api.midway.tomtom.com/ranking/dailyStats/SAU_riyadh by ActiveConclusion/COVID19_mobility scraper",1440,tomtom_dailystats_api_via_activeconclusion_github,https://github.com/ActiveConclusion/COVID19_mobility/blob/master/tomtom_reports/tomtom_trafic_index.csv,2026-07-27T19:18:34Z,(c) TomTom via MIT-licensed repo republication,verified
2021-09-06T21:00:00Z,2021-09-07T00:00:00+03:00,2021-09-07,0,0,0,CITY_RIYADH,Riyadh (city-wide),24.7136,46.6753,,,4,"TomTom daily congestion level: extra travel time vs free-flow conditions, percent, city-wide daily average; field passed through unchanged from api.midway.tomtom.com/ranking/dailyStats/SAU_riyadh by ActiveConclusion/COVID19_mobility scraper",1440,tomtom_dailystats_api_via_activeconclusion_github,https://github.com/ActiveConclusion/COVID19_mobility/blob/master/tomtom_reports/tomtom_trafic_index.csv,2026-07-27T19:18:34Z,(c) TomTom via MIT-licensed repo republication,verified
2021-09-07T21:00:00Z,2021-09-08T00:00:00+03:00,2021-09-08,0,0,0,CITY_RIYADH,Riyadh (city-wide),24.7136,46.6753,,,5,"TomTom daily congestion level: extra travel time vs free-flow conditions, percent, city-wide daily average; field passed through unchanged from api.midway.tomtom.com/ranking/dailyStats/SAU_riyadh by ActiveConclusion/COVID19_mobility scraper",1440,tomtom_dailystats_api_via_activeconclusion_github,https://github.com/ActiveConclusion/COVID19_mobility/blob/master/tomtom_reports/tomtom_trafic_index.csv,2026-07-27T19:18:34Z,(c) TomTom via MIT-licensed repo republication,verified
2021-09-08T21:00:00Z,2021-09-09T00:00:00+03:00,2021-09-09,0,0,0,CITY_RIYADH,Riyadh (city-wide),24.7136,46.6753,,,7,"TomTom daily congestion level: extra travel time vs free-flow conditions, percent, city-wide daily average; field passed through unchanged from api.midway.tomtom.com/ranking/dailyStats/SAU_riyadh by ActiveConclusion/COVID19_mobility scraper",1440,tomtom_dailystats_api_via_activeconclusion_github,https://github.com/ActiveConclusion/COVID19_mobility/blob/master/tomtom_reports/tomtom_trafic_index.csv,2026-07-27T19:18:34Z,(c) TomTom via MIT-licensed repo republication,verified
2021-09-09T21:00:00Z,2021-09-10T00:00:00+03:00,2021-09-10,0,0,0,CITY_RIYADH,Riyadh (city-wide),24.7136,46.6753,,,4,"TomTom daily congestion level: extra travel time vs free-flow conditions, percent, city-wide daily average; field passed through unchanged from api.midway.tomtom.com/ranking/dailyStats/SAU_riyadh by ActiveConclusion/COVID19_mobility scraper",1440,tomtom_dailystats_api_via_activeconclusion_github,https://github.com/ActiveConclusion/COVID19_mobility/blob/master/tomtom_reports/tomtom_trafic_index.csv,2026-07-27T19:18:34Z,(c) TomTom via MIT-licensed repo republication,verified
2021-09-10T21:00:00Z,2021-09-11T00:00:00+03:00,2021-09-11,0,0,0,CITY_RIYADH,Riyadh (city-wide),24.7136,46.6753,,,3,"TomTom daily congestion level: extra travel time vs free-flow conditions, percent, city-wide daily average; field passed through unchanged from api.midway.tomtom.com/ranking/dailyStats/SAU_riyadh by ActiveConclusion/COVID19_mobility scraper",1440,tomtom_dailystats_api_via_activeconclusion_github,https://github.com/ActiveConclusion/COVID19_mobility/blob/master/tomtom_reports/tomtom_trafic_index.csv,2026-07-27T19:18:34Z,(c) TomTom via MIT-licensed repo republication,verified
2021-09-11T21:00:00Z,2021-09-12T00:00:00+03:00,2021-09-12,0,0,0,CITY_RIYADH,Riyadh (city-wide),24.7136,46.6753,,,5,"TomTom daily congestion level: extra travel time vs free-flow conditions, percent, city-wide daily average; field passed through unchanged from api.midway.tomtom.com/ranking/dailyStats/SAU_riyadh by ActiveConclusion/COVID19_mobility scraper",1440,tomtom_dailystats_api_via_activeconclusion_github,https://github.com/ActiveConclusion/COVID19_mobility/blob/master/tomtom_reports/tomtom_trafic_index.csv,2026-07-27T19:18:34Z,(c) TomTom via MIT-licensed repo republication,verified
2021-09-12T21:00:00Z,2021-09-13T00:00:00+03:00,2021-09-13,0,0,0,CITY_RIYADH,Riyadh (city-wide),24.7136,46.6753,,,5,"TomTom daily congestion level: extra travel time vs free-flow conditions, percent, city-wide daily average; field passed through unchanged from api.midway.tomtom.com/ranking/dailyStats/SAU_riyadh by ActiveConclusion/COVID19_mobility scraper",1440,tomtom_dailystats_api_via_activeconclusion_github,https://github.com/ActiveConclusion/COVID19_mobility/blob/master/tomtom_reports/tomtom_trafic_index.csv,2026-07-27T19:18:34Z,(c) TomTom via MIT-licensed repo republication,verified
2021-09-13T21:00:00Z,2021-09-14T00:00:00+03:00,2021-09-14,0,0,0,CITY_RIYADH,Riyadh (city-wide),24.7136,46.6753,,,5,"TomTom daily congestion level: extra travel time vs free-flow conditions, percent, city-wide daily average; field passed through unchanged from api.midway.tomtom.com/ranking/dailyStats/SAU_riyadh by ActiveConclusion/COVID19_mobility scraper",1440,tomtom_dailystats_api_via_activeconclusion_github,https://github.com/ActiveConclusion/COVID19_mobility/blob/master/tomtom_reports/tomtom_trafic_index.csv,2026-07-27T19:18:34Z,(c) TomTom via MIT-licensed repo republication,verified
2021-09-14T21:00:00Z,2021-09-15T00:00:00+03:00,2021-09-15,0,0,0,CITY_RIYADH,Riyadh (city-wide),24.7136,46.6753,,,5,"TomTom daily congestion level: extra travel time vs free-flow conditions, percent, city-wide daily average; field passed through unchanged from api.midway.tomtom.com/ranking/dailyStats/SAU_riyadh by ActiveConclusion/COVID19_mobility scraper",1440,tomtom_dailystats_api_via_activeconclusion_github,https://github.com/ActiveConclusion/COVID19_mobility/blob/master/tomtom_reports/tomtom_trafic_index.csv,2026-07-27T19:18:34Z,(c) TomTom via MIT-licensed repo republication,verified
2021-09-15T21:00:00Z,2021-09-16T00:00:00+03:00,2021-09-16,0,0,0,CITY_RIYADH,Riyadh (city-wide),24.7136,46.6753,,,7,"TomTom daily congestion level: extra travel time vs free-flow conditions, percent, city-wide daily average; field passed through unchanged from api.midway.tomtom.com/ranking/dailyStats/SAU_riyadh by ActiveConclusion/COVID19_mobility scraper",1440,tomtom_dailystats_api_via_activeconclusion_github,https://github.com/ActiveConclusion/COVID19_mobility/blob/master/tomtom_reports/tomtom_trafic_index.csv,2026-07-27T19:18:34Z,(c) TomTom via MIT-licensed repo republication,verified
2021-09-16T21:00:00Z,2021-09-17T00:00:00+03:00,2021-09-17,0,0,0,CITY_RIYADH,Riyadh (city-wide),24.7136,46.6753,,,3,"TomTom daily congestion level: extra travel time vs free-flow conditions, percent, city-wide daily average; field passed through unchanged from api.midway.tomtom.com/ranking/dailyStats/SAU_riyadh by ActiveConclusion/COVID19_mobility scraper",1440,tomtom_dailystats_api_via_activeconclusion_github,https://github.com/ActiveConclusion/COVID19_mobility/blob/master/tomtom_reports/tomtom_trafic_index.csv,2026-07-27T19:18:34Z,(c) TomTom via MIT-licensed repo republication,verified
2021-09-17T21:00:00Z,2021-09-18T00:00:00+03:00,2021-09-18,0,0,0,CITY_RIYADH,Riyadh (city-wide),24.7136,46.6753,,,3,"TomTom daily congestion level: extra travel time vs free-flow conditions, percent, city-wide daily average; field passed through unchanged from api.midway.tomtom.com/ranking/dailyStats/SAU_riyadh by ActiveConclusion/COVID19_mobility scraper",1440,tomtom_dailystats_api_via_activeconclusion_github,https://github.com/ActiveConclusion/COVID19_mobility/blob/master/tomtom_reports/tomtom_trafic_index.csv,2026-07-27T19:18:34Z,(c) TomTom via MIT-licensed repo republication,verified
2021-09-18T21:00:00Z,2021-09-19T00:00:00+03:00,2021-09-19,0,0,0,CITY_RIYADH,Riyadh (city-wide),24.7136,46.6753,,,5,"TomTom daily congestion level: extra travel time vs free-flow conditions, percent, city-wide daily average; field passed through unchanged from api.midway.tomtom.com/ranking/dailyStats/SAU_riyadh by ActiveConclusion/COVID19_mobility scraper",1440,tomtom_dailystats_api_via_activeconclusion_github,https://github.com/ActiveConclusion/COVID19_mobility/blob/master/tomtom_reports/tomtom_trafic_index.csv,2026-07-27T19:18:34Z,(c) TomTom via MIT-licensed repo republication,verified
2021-09-19T21:00:00Z,2021-09-20T00:00:00+03:00,2021-09-20,0,0,0,CITY_RIYADH,Riyadh (city-wide),24.7136,46.6753,,,5,"TomTom daily congestion level: extra travel time vs free-flow conditions, percent, city-wide daily average; field passed through unchanged from api.midway.tomtom.com/ranking/dailyStats/SAU_riyadh by ActiveConclusion/COVID19_mobility scraper",1440,tomtom_dailystats_api_via_activeconclusion_github,https://github.com/ActiveConclusion/COVID19_mobility/blob/master/tomtom_reports/tomtom_trafic_index.csv,2026-07-27T19:18:34Z,(c) TomTom via MIT-licensed repo republication,verified
2021-09-20T21:00:00Z,2021-09-21T00:00:00+03:00,2021-09-21,0,0,0,CITY_RIYADH,Riyadh (city-wide),24.7136,46.6753,,,7,"TomTom daily congestion level: extra travel time vs free-flow conditions, percent, city-wide daily average; field passed through unchanged from api.midway.tomtom.com/ranking/dailyStats/SAU_riyadh by ActiveConclusion/COVID19_mobility scraper",1440,tomtom_dailystats_api_via_activeconclusion_github,https://github.com/ActiveConclusion/COVID19_mobility/blob/master/tomtom_reports/tomtom_trafic_index.csv,2026-07-27T19:18:34Z,(c) TomTom via MIT-licensed repo republication,verified
2021-09-21T21:00:00Z,2021-09-22T00:00:00+03:00,2021-09-22,0,0,0,CITY_RIYADH,Riyadh (city-wide),24.7136,46.6753,,,8,"TomTom daily congestion level: extra travel time vs free-flow conditions, percent, city-wide daily average; field passed through unchanged from api.midway.tomtom.com/ranking/dailyStats/SAU_riyadh by ActiveConclusion/COVID19_mobility scraper",1440,tomtom_dailystats_api_via_activeconclusion_github,https://github.com/ActiveConclusion/COVID19_mobility/blob/master/tomtom_reports/tomtom_trafic_index.csv,2026-07-27T19:18:34Z,(c) TomTom via MIT-licensed repo republication,verified
2021-09-22T21:00:00Z,2021-09-23T00:00:00+03:00,2021-09-23,0,0,0,CITY_RIYADH,Riyadh (city-wide),24.7136,46.6753,,,15,"TomTom daily congestion level: extra travel time vs free-flow conditions, percent, city-wide daily average; field passed through unchanged from api.midway.tomtom.com/ranking/dailyStats/SAU_riyadh by ActiveConclusion/COVID19_mobility scraper",1440,tomtom_dailystats_api_via_activeconclusion_github,https://github.com/ActiveConclusion/COVID19_mobility/blob/master/tomtom_reports/tomtom_trafic_index.csv,2026-07-27T19:18:34Z,(c) TomTom via MIT-licensed repo republication,verified
2021-09-23T21:00:00Z,2021-09-24T00:00:00+03:00,2021-09-24,0,0,0,CITY_RIYADH,Riyadh (city-wide),24.7136,46.6753,,,7,"TomTom daily congestion level: extra travel time vs free-flow conditions, percent, city-wide daily average; field passed through unchanged from api.midway.tomtom.com/ranking/dailyStats/SAU_riyadh by ActiveConclusion/COVID19_mobility scraper",1440,tomtom_dailystats_api_via_activeconclusion_github,https://github.com/ActiveConclusion/COVID19_mobility/blob/master/tomtom_reports/tomtom_trafic_index.csv,2026-07-27T19:18:34Z,(c) TomTom via MIT-licensed repo republication,verified
2021-09-24T21:00:00Z,2021-09-25T00:00:00+03:00,2021-09-25,0,0,0,CITY_RIYADH,Riyadh (city-wide),24.7136,46.6753,,,4,"TomTom daily congestion level: extra travel time vs free-flow conditions, percent, city-wide daily average; field passed through unchanged from api.midway.tomtom.com/ranking/dailyStats/SAU_riyadh by ActiveConclusion/COVID19_mobility scraper",1440,tomtom_dailystats_api_via_activeconclusion_github,https://github.com/ActiveConclusion/COVID19_mobility/blob/master/tomtom_reports/tomtom_trafic_index.csv,2026-07-27T19:18:34Z,(c) TomTom via MIT-licensed repo republication,verified
2021-09-25T21:00:00Z,2021-09-26T00:00:00+03:00,2021-09-26,0,0,0,CITY_RIYADH,Riyadh (city-wide),24.7136,46.6753,,,5,"TomTom daily congestion level: extra travel time vs free-flow conditions, percent, city-wide daily average; field passed through unchanged from api.midway.tomtom.com/ranking/dailyStats/SAU_riyadh by ActiveConclusion/COVID19_mobility scraper",1440,tomtom_dailystats_api_via_activeconclusion_github,https://github.com/ActiveConclusion/COVID19_mobility/blob/master/tomtom_reports/tomtom_trafic_index.csv,2026-07-27T19:18:34Z,(c) TomTom via MIT-licensed repo republication,verified
2021-09-26T21:00:00Z,2021-09-27T00:00:00+03:00,2021-09-27,0,0,0,CITY_RIYADH,Riyadh (city-wide),24.7136,46.6753,,,7,"TomTom daily congestion level: extra travel time vs free-flow conditions, percent, city-wide daily average; field passed through unchanged from api.midway.tomtom.com/ranking/dailyStats/SAU_riyadh by ActiveConclusion/COVID19_mobility scraper",1440,tomtom_dailystats_api_via_activeconclusion_github,https://github.com/ActiveConclusion/COVID19_mobility/blob/master/tomtom_reports/tomtom_trafic_index.csv,2026-07-27T19:18:34Z,(c) TomTom via MIT-licensed repo republication,verified
2021-09-27T21:00:00Z,2021-09-28T00:00:00+03:00,2021-09-28,0,0,0,CITY_RIYADH,Riyadh (city-wide),24.7136,46.6753,,,7,"TomTom daily congestion level: extra travel time vs free-flow conditions, percent, city-wide daily average; field passed through unchanged from api.midway.tomtom.com/ranking/dailyStats/SAU_riyadh by ActiveConclusion/COVID19_mobility scraper",1440,tomtom_dailystats_api_via_activeconclusion_github,https://github.com/ActiveConclusion/COVID19_mobility/blob/master/tomtom_reports/tomtom_trafic_index.csv,2026-07-27T19:18:34Z,(c) TomTom via MIT-licensed repo republication,verified
2021-09-28T21:00:00Z,2021-09-29T00:00:00+03:00,2021-09-29,0,0,0,CITY_RIYADH,Riyadh (city-wide),24.7136,46.6753,,,7,"TomTom daily congestion level: extra travel time vs free-flow conditions, percent, city-wide daily average; field passed through unchanged from api.midway.tomtom.com/ranking/dailyStats/SAU_riyadh by ActiveConclusion/COVID19_mobility scraper",1440,tomtom_dailystats_api_via_activeconclusion_github,https://github.com/ActiveConclusion/COVID19_mobility/blob/master/tomtom_reports/tomtom_trafic_index.csv,2026-07-27T19:18:34Z,(c) TomTom via MIT-licensed repo republication,verified
2021-09-29T21:00:00Z,2021-09-30T00:00:00+03:00,2021-09-30,0,0,0,CITY_RIYADH,Riyadh (city-wide),24.7136,46.6753,,,8,"TomTom daily congestion level: extra travel time vs free-flow conditions, percent, city-wide daily average; field passed through unchanged from api.midway.tomtom.com/ranking/dailyStats/SAU_riyadh by ActiveConclusion/COVID19_mobility scraper",1440,tomtom_dailystats_api_via_activeconclusion_github,https://github.com/ActiveConclusion/COVID19_mobility/blob/master/tomtom_reports/tomtom_trafic_index.csv,2026-07-27T19:18:34Z,(c) TomTom via MIT-licensed repo republication,verified
2021-09-30T21:00:00Z,2021-10-01T00:00:00+03:00,2021-10-01,0,0,0,CITY_RIYADH,Riyadh (city-wide),24.7136,46.6753,,,4,"TomTom daily congestion level: extra travel time vs free-flow conditions, percent, city-wide daily average; field passed through unchanged from api.midway.tomtom.com/ranking/dailyStats/SAU_riyadh by ActiveConclusion/COVID19_mobility scraper",1440,tomtom_dailystats_api_via_activeconclusion_github,https://github.com/ActiveConclusion/COVID19_mobility/blob/master/tomtom_reports/tomtom_trafic_index.csv,2026-07-27T19:18:34Z,(c) TomTom via MIT-licensed repo republication,verified
2021-10-01T21:00:00Z,2021-10-02T00:00:00+03:00,2021-10-02,0,0,0,CITY_RIYADH,Riyadh (city-wide),24.7136,46.6753,,,5,"TomTom daily congestion level: extra travel time vs free-flow conditions, percent, city-wide daily average; field passed through unchanged from api.midway.tomtom.com/ranking/dailyStats/SAU_riyadh by ActiveConclusion/COVID19_mobility scraper",1440,tomtom_dailystats_api_via_activeconclusion_github,https://github.com/ActiveConclusion/COVID19_mobility/blob/master/tomtom_reports/tomtom_trafic_index.csv,2026-07-27T19:18:34Z,(c) TomTom via MIT-licensed repo republication,verified
2021-10-02T21:00:00Z,2021-10-03T00:00:00+03:00,2021-10-03,0,0,0,CITY_RIYADH,Riyadh (city-wide),24.7136,46.6753,,,6,"TomTom daily congestion level: extra travel time vs free-flow conditions, percent, city-wide daily average; field passed through unchanged from api.midway.tomtom.com/ranking/dailyStats/SAU_riyadh by ActiveConclusion/COVID19_mobility scraper",1440,tomtom_dailystats_api_via_activeconclusion_github,https://github.com/ActiveConclusion/COVID19_mobility/blob/master/tomtom_reports/tomtom_trafic_index.csv,2026-07-27T19:18:34Z,(c) TomTom via MIT-licensed repo republication,verified
2021-10-03T21:00:00Z,2021-10-04T00:00:00+03:00,2021-10-04,0,0,0,CITY_RIYADH,Riyadh (city-wide),24.7136,46.6753,,,7,"TomTom daily congestion level: extra travel time vs free-flow conditions, percent, city-wide daily average; field passed through unchanged from api.midway.tomtom.com/ranking/dailyStats/SAU_riyadh by ActiveConclusion/COVID19_mobility scraper",1440,tomtom_dailystats_api_via_activeconclusion_github,https://github.com/ActiveConclusion/COVID19_mobility/blob/master/tomtom_reports/tomtom_trafic_index.csv,2026-07-27T19:18:34Z,(c) TomTom via MIT-licensed repo republication,verified
2021-10-04T21:00:00Z,2021-10-05T00:00:00+03:00,2021-10-05,0,0,0,CITY_RIYADH,Riyadh (city-wide),24.7136,46.6753,,,6,"TomTom daily congestion level: extra travel time vs free-flow conditions, percent, city-wide daily average; field passed through unchanged from api.midway.tomtom.com/ranking/dailyStats/SAU_riyadh by ActiveConclusion/COVID19_mobility scraper",1440,tomtom_dailystats_api_via_activeconclusion_github,https://github.com/ActiveConclusion/COVID19_mobility/blob/master/tomtom_reports/tomtom_trafic_index.csv,2026-07-27T19:18:34Z,(c) TomTom via MIT-licensed repo republication,verified
2021-10-05T21:00:00Z,2021-10-06T00:00:00+03:00,2021-10-06,0,0,0,CITY_RIYADH,Riyadh (city-wide),24.7136,46.6753,,,7,"TomTom daily congestion level: extra travel time vs free-flow conditions, percent, city-wide daily average; field passed through unchanged from api.midway.tomtom.com/ranking/dailyStats/SAU_riyadh by ActiveConclusion/COVID19_mobility scraper",1440,tomtom_dailystats_api_via_activeconclusion_github,https://github.com/ActiveConclusion/COVID19_mobility/blob/master/tomtom_reports/tomtom_trafic_index.csv,2026-07-27T19:18:34Z,(c) TomTom via MIT-licensed repo republication,verified
2021-10-06T21:00:00Z,2021-10-07T00:00:00+03:00,2021-10-07,0,0,0,CITY_RIYADH,Riyadh (city-wide),24.7136,46.6753,,,7,"TomTom daily congestion level: extra travel time vs free-flow conditions, percent, city-wide daily average; field passed through unchanged from api.midway.tomtom.com/ranking/dailyStats/SAU_riyadh by ActiveConclusion/COVID19_mobility scraper",1440,tomtom_dailystats_api_via_activeconclusion_github,https://github.com/ActiveConclusion/COVID19_mobility/blob/master/tomtom_reports/tomtom_trafic_index.csv,2026-07-27T19:18:34Z,(c) TomTom via MIT-licensed repo republication,verified
2021-10-07T21:00:00Z,2021-10-08T00:00:00+03:00,2021-10-08,0,0,0,CITY_RIYADH,Riyadh (city-wide),24.7136,46.6753,,,5,"TomTom daily congestion level: extra travel time vs free-flow conditions, percent, city-wide daily average; field passed through unchanged from api.midway.tomtom.com/ranking/dailyStats/SAU_riyadh by ActiveConclusion/COVID19_mobility scraper",1440,tomtom_dailystats_api_via_activeconclusion_github,https://github.com/ActiveConclusion/COVID19_mobility/blob/master/tomtom_reports/tomtom_trafic_index.csv,2026-07-27T19:18:34Z,(c) TomTom via MIT-licensed repo republication,verified
2021-10-08T21:00:00Z,2021-10-09T00:00:00+03:00,2021-10-09,0,0,0,CITY_RIYADH,Riyadh (city-wide),24.7136,46.6753,,,5,"TomTom daily congestion level: extra travel time vs free-flow conditions, percent, city-wide daily average; field passed through unchanged from api.midway.tomtom.com/ranking/dailyStats/SAU_riyadh by ActiveConclusion/COVID19_mobility scraper",1440,tomtom_dailystats_api_via_activeconclusion_github,https://github.com/ActiveConclusion/COVID19_mobility/blob/master/tomtom_reports/tomtom_trafic_index.csv,2026-07-27T19:18:34Z,(c) TomTom via MIT-licensed repo republication,verified
2021-10-09T21:00:00Z,2021-10-10T00:00:00+03:00,2021-10-10,0,0,0,CITY_RIYADH,Riyadh (city-wide),24.7136,46.6753,,,6,"TomTom daily congestion level: extra travel time vs free-flow conditions, percent, city-wide daily average; field passed through unchanged from api.midway.tomtom.com/ranking/dailyStats/SAU_riyadh by ActiveConclusion/COVID19_mobility scraper",1440,tomtom_dailystats_api_via_activeconclusion_github,https://github.com/ActiveConclusion/COVID19_mobility/blob/master/tomtom_reports/tomtom_trafic_index.csv,2026-07-27T19:18:34Z,(c) TomTom via MIT-licensed repo republication,verified
2021-10-10T21:00:00Z,2021-10-11T00:00:00+03:00,2021-10-11,0,0,0,CITY_RIYADH,Riyadh (city-wide),24.7136,46.6753,,,6,"TomTom daily congestion level: extra travel time vs free-flow conditions, percent, city-wide daily average; field passed through unchanged from api.midway.tomtom.com/ranking/dailyStats/SAU_riyadh by ActiveConclusion/COVID19_mobility scraper",1440,tomtom_dailystats_api_via_activeconclusion_github,https://github.com/ActiveConclusion/COVID19_mobility/blob/master/tomtom_reports/tomtom_trafic_index.csv,2026-07-27T19:18:34Z,(c) TomTom via MIT-licensed repo republication,verified
2021-10-11T21:00:00Z,2021-10-12T00:00:00+03:00,2021-10-12,0,0,0,CITY_RIYADH,Riyadh (city-wide),24.7136,46.6753,,,5,"TomTom daily congestion level: extra travel time vs free-flow conditions, percent, city-wide daily average; field passed through unchanged from api.midway.tomtom.com/ranking/dailyStats/SAU_riyadh by ActiveConclusion/COVID19_mobility scraper",1440,tomtom_dailystats_api_via_activeconclusion_github,https://github.com/ActiveConclusion/COVID19_mobility/blob/master/tomtom_reports/tomtom_trafic_index.csv,2026-07-27T19:18:34Z,(c) TomTom via MIT-licensed repo republication,verified
2021-10-12T21:00:00Z,2021-10-13T00:00:00+03:00,2021-10-13,0,0,0,CITY_RIYADH,Riyadh (city-wide),24.7136,46.6753,,,5,"TomTom daily congestion level: extra travel time vs free-flow conditions, percent, city-wide daily average; field passed through unchanged from api.midway.tomtom.com/ranking/dailyStats/SAU_riyadh by ActiveConclusion/COVID19_mobility scraper",1440,tomtom_dailystats_api_via_activeconclusion_github,https://github.com/ActiveConclusion/COVID19_mobility/blob/master/tomtom_reports/tomtom_trafic_index.csv,2026-07-27T19:18:34Z,(c) TomTom via MIT-licensed repo republication,verified
2021-10-13T21:00:00Z,2021-10-14T00:00:00+03:00,2021-10-14,0,0,0,CITY_RIYADH,Riyadh (city-wide),24.7136,46.6753,,,6,"TomTom daily congestion level: extra travel time vs free-flow conditions, percent, city-wide daily average; field passed through unchanged from api.midway.tomtom.com/ranking/dailyStats/SAU_riyadh by ActiveConclusion/COVID19_mobility scraper",1440,tomtom_dailystats_api_via_activeconclusion_github,https://github.com/ActiveConclusion/COVID19_mobility/blob/master/tomtom_reports/tomtom_trafic_index.csv,2026-07-27T19:18:34Z,(c) TomTom via MIT-licensed repo republication,verified
2021-10-14T21:00:00Z,2021-10-15T00:00:00+03:00,2021-10-15,0,0,0,CITY_RIYADH,Riyadh (city-wide),24.7136,46.6753,,,3,"TomTom daily congestion level: extra travel time vs free-flow conditions, percent, city-wide daily average; field passed through unchanged from api.midway.tomtom.com/ranking/dailyStats/SAU_riyadh by ActiveConclusion/COVID19_mobility scraper",1440,tomtom_dailystats_api_via_activeconclusion_github,https://github.com/ActiveConclusion/COVID19_mobility/blob/master/tomtom_reports/tomtom_trafic_index.csv,2026-07-27T19:18:34Z,(c) TomTom via MIT-licensed repo republication,verified
2021-10-15T21:00:00Z,2021-10-16T00:00:00+03:00,2021-10-16,0,0,0,CITY_RIYADH,Riyadh (city-wide),24.7136,46.6753,,,3,"TomTom daily congestion level: extra travel time vs free-flow conditions, percent, city-wide daily average; field passed through unchanged from api.midway.tomtom.com/ranking/dailyStats/SAU_riyadh by ActiveConclusion/COVID19_mobility scraper",1440,tomtom_dailystats_api_via_activeconclusion_github,https://github.com/ActiveConclusion/COVID19_mobility/blob/master/tomtom_reports/tomtom_trafic_index.csv,2026-07-27T19:18:34Z,(c) TomTom via MIT-licensed repo republication,verified
2021-10-16T21:00:00Z,2021-10-17T00:00:00+03:00,2021-10-17,0,0,0,CITY_RIYADH,Riyadh (city-wide),24.7136,46.6753,,,4,"TomTom daily congestion level: extra travel time vs free-flow conditions, percent, city-wide daily average; field passed through unchanged from api.midway.tomtom.com/ranking/dailyStats/SAU_riyadh by ActiveConclusion/COVID19_mobility scraper",1440,tomtom_dailystats_api_via_activeconclusion_github,https://github.com/ActiveConclusion/COVID19_mobility/blob/master/tomtom_reports/tomtom_trafic_index.csv,2026-07-27T19:18:34Z,(c) TomTom via MIT-licensed repo republication,verified
2021-10-17T21:00:00Z,2021-10-18T00:00:00+03:00,2021-10-18,0,0,0,CITY_RIYADH,Riyadh (city-wide),24.7136,46.6753,,,4,"TomTom daily congestion level: extra travel time vs free-flow conditions, percent, city-wide daily average; field passed through unchanged from api.midway.tomtom.com/ranking/dailyStats/SAU_riyadh by ActiveConclusion/COVID19_mobility scraper",1440,tomtom_dailystats_api_via_activeconclusion_github,https://github.com/ActiveConclusion/COVID19_mobility/blob/master/tomtom_reports/tomtom_trafic_index.csv,2026-07-27T19:18:34Z,(c) TomTom via MIT-licensed repo republication,verified
2021-10-18T21:00:00Z,2021-10-19T00:00:00+03:00,2021-10-19,0,0,0,CITY_RIYADH,Riyadh (city-wide),24.7136,46.6753,,,4,"TomTom daily congestion level: extra travel time vs free-flow conditions, percent, city-wide daily average; field passed through unchanged from api.midway.tomtom.com/ranking/dailyStats/SAU_riyadh by ActiveConclusion/COVID19_mobility scraper",1440,tomtom_dailystats_api_via_activeconclusion_github,https://github.com/ActiveConclusion/COVID19_mobility/blob/master/tomtom_reports/tomtom_trafic_index.csv,2026-07-27T19:18:34Z,(c) TomTom via MIT-licensed repo republication,verified
2021-10-19T21:00:00Z,2021-10-20T00:00:00+03:00,2021-10-20,0,0,0,CITY_RIYADH,Riyadh (city-wide),24.7136,46.6753,,,5,"TomTom daily congestion level: extra travel time vs free-flow conditions, percent, city-wide daily average; field passed through unchanged from api.midway.tomtom.com/ranking/dailyStats/SAU_riyadh by ActiveConclusion/COVID19_mobility scraper",1440,tomtom_dailystats_api_via_activeconclusion_github,https://github.com/ActiveConclusion/COVID19_mobility/blob/master/tomtom_reports/tomtom_trafic_index.csv,2026-07-27T19:18:34Z,(c) TomTom via MIT-licensed repo republication,verified
2021-10-20T21:00:00Z,2021-10-21T00:00:00+03:00,2021-10-21,0,0,0,CITY_RIYADH,Riyadh (city-wide),24.7136,46.6753,,,5,"TomTom daily congestion level: extra travel time vs free-flow conditions, percent, city-wide daily average; field passed through unchanged from api.midway.tomtom.com/ranking/dailyStats/SAU_riyadh by ActiveConclusion/COVID19_mobility scraper",1440,tomtom_dailystats_api_via_activeconclusion_github,https://github.com/ActiveConclusion/COVID19_mobility/blob/master/tomtom_reports/tomtom_trafic_index.csv,2026-07-27T19:18:34Z,(c) TomTom via MIT-licensed repo republication,verified
2021-10-21T21:00:00Z,2021-10-22T00:00:00+03:00,2021-10-22,0,0,0,CITY_RIYADH,Riyadh (city-wide),24.7136,46.6753,,,2,"TomTom daily congestion level: extra travel time vs free-flow conditions, percent, city-wide daily average; field passed through unchanged from api.midway.tomtom.com/ranking/dailyStats/SAU_riyadh by ActiveConclusion/COVID19_mobility scraper",1440,tomtom_dailystats_api_via_activeconclusion_github,https://github.com/ActiveConclusion/COVID19_mobility/blob/master/tomtom_reports/tomtom_trafic_index.csv,2026-07-27T19:18:34Z,(c) TomTom via MIT-licensed repo republication,verified
2021-10-22T21:00:00Z,2021-10-23T00:00:00+03:00,2021-10-23,0,0,0,CITY_RIYADH,Riyadh (city-wide),24.7136,46.6753,,,2,"TomTom daily congestion level: extra travel time vs free-flow conditions, percent, city-wide daily average; field passed through unchanged from api.midway.tomtom.com/ranking/dailyStats/SAU_riyadh by ActiveConclusion/COVID19_mobility scraper",1440,tomtom_dailystats_api_via_activeconclusion_github,https://github.com/ActiveConclusion/COVID19_mobility/blob/master/tomtom_reports/tomtom_trafic_index.csv,2026-07-27T19:18:34Z,(c) TomTom via MIT-licensed repo republication,verified
2021-10-23T21:00:00Z,2021-10-24T00:00:00+03:00,2021-10-24,0,0,0,CITY_RIYADH,Riyadh (city-wide),24.7136,46.6753,,,5,"TomTom daily congestion level: extra travel time vs free-flow conditions, percent, city-wide daily average; field passed through unchanged from api.midway.tomtom.com/ranking/dailyStats/SAU_riyadh by ActiveConclusion/COVID19_mobility scraper",1440,tomtom_dailystats_api_via_activeconclusion_github,https://github.com/ActiveConclusion/COVID19_mobility/blob/master/tomtom_reports/tomtom_trafic_index.csv,2026-07-27T19:18:34Z,(c) TomTom via MIT-licensed repo republication,verified
2021-10-24T21:00:00Z,2021-10-25T00:00:00+03:00,2021-10-25,0,0,0,CITY_RIYADH,Riyadh (city-wide),24.7136,46.6753,,,7,"TomTom daily congestion level: extra travel time vs free-flow conditions, percent, city-wide daily average; field passed through unchanged from api.midway.tomtom.com/ranking/dailyStats/SAU_riyadh by ActiveConclusion/COVID19_mobility scraper",1440,tomtom_dailystats_api_via_activeconclusion_github,https://github.com/ActiveConclusion/COVID19_mobility/blob/master/tomtom_reports/tomtom_trafic_index.csv,2026-07-27T19:18:34Z,(c) TomTom via MIT-licensed repo republication,verified
2021-10-25T21:00:00Z,2021-10-26T00:00:00+03:00,2021-10-26,0,0,0,CITY_RIYADH,Riyadh (city-wide),24.7136,46.6753,,,6,"TomTom daily congestion level: extra travel time vs free-flow conditions, percent, city-wide daily average; field passed through unchanged from api.midway.tomtom.com/ranking/dailyStats/SAU_riyadh by ActiveConclusion/COVID19_mobility scraper",1440,tomtom_dailystats_api_via_activeconclusion_github,https://github.com/ActiveConclusion/COVID19_mobility/blob/master/tomtom_reports/tomtom_trafic_index.csv,2026-07-27T19:18:34Z,(c) TomTom via MIT-licensed repo republication,verified
2021-10-26T21:00:00Z,2021-10-27T00:00:00+03:00,2021-10-27,0,0,0,CITY_RIYADH,Riyadh (city-wide),24.7136,46.6753,,,7,"TomTom daily congestion level: extra travel time vs free-flow conditions, percent, city-wide daily average; field passed through unchanged from api.midway.tomtom.com/ranking/dailyStats/SAU_riyadh by ActiveConclusion/COVID19_mobility scraper",1440,tomtom_dailystats_api_via_activeconclusion_github,https://github.com/ActiveConclusion/COVID19_mobility/blob/master/tomtom_reports/tomtom_trafic_index.csv,2026-07-27T19:18:34Z,(c) TomTom via MIT-licensed repo republication,verified
2021-10-27T21:00:00Z,2021-10-28T00:00:00+03:00,2021-10-28,0,0,0,CITY_RIYADH,Riyadh (city-wide),24.7136,46.6753,,,8,"TomTom daily congestion level: extra travel time vs free-flow conditions, percent, city-wide daily average; field passed through unchanged from api.midway.tomtom.com/ranking/dailyStats/SAU_riyadh by ActiveConclusion/COVID19_mobility scraper",1440,tomtom_dailystats_api_via_activeconclusion_github,https://github.com/ActiveConclusion/COVID19_mobility/blob/master/tomtom_reports/tomtom_trafic_index.csv,2026-07-27T19:18:34Z,(c) TomTom via MIT-licensed repo republication,verified
2021-10-28T21:00:00Z,2021-10-29T00:00:00+03:00,2021-10-29,0,0,0,CITY_RIYADH,Riyadh (city-wide),24.7136,46.6753,,,3,"TomTom daily congestion level: extra travel time vs free-flow conditions, percent, city-wide daily average; field passed through unchanged from api.midway.tomtom.com/ranking/dailyStats/SAU_riyadh by ActiveConclusion/COVID19_mobility scraper",1440,tomtom_dailystats_api_via_activeconclusion_github,https://github.com/ActiveConclusion/COVID19_mobility/blob/master/tomtom_reports/tomtom_trafic_index.csv,2026-07-27T19:18:34Z,(c) TomTom via MIT-licensed repo republication,verified
2021-10-29T21:00:00Z,2021-10-30T00:00:00+03:00,2021-10-30,0,0,0,CITY_RIYADH,Riyadh (city-wide),24.7136,46.6753,,,5,"TomTom daily congestion level: extra travel time vs free-flow conditions, percent, city-wide daily average; field passed through unchanged from api.midway.tomtom.com/ranking/dailyStats/SAU_riyadh by ActiveConclusion/COVID19_mobility scraper",1440,tomtom_dailystats_api_via_activeconclusion_github,https://github.com/ActiveConclusion/COVID19_mobility/blob/master/tomtom_reports/tomtom_trafic_index.csv,2026-07-27T19:18:34Z,(c) TomTom via MIT-licensed repo republication,verified
2021-10-30T21:00:00Z,2021-10-31T00:00:00+03:00,2021-10-31,0,0,0,CITY_RIYADH,Riyadh (city-wide),24.7136,46.6753,,,6,"TomTom daily congestion level: extra travel time vs free-flow conditions, percent, city-wide daily average; field passed through unchanged from api.midway.tomtom.com/ranking/dailyStats/SAU_riyadh by ActiveConclusion/COVID19_mobility scraper",1440,tomtom_dailystats_api_via_activeconclusion_github,https://github.com/ActiveConclusion/COVID19_mobility/blob/master/tomtom_reports/tomtom_trafic_index.csv,2026-07-27T19:18:34Z,(c) TomTom via MIT-licensed repo republication,verified
2021-10-31T21:00:00Z,2021-11-01T00:00:00+03:00,2021-11-01,0,0,0,CITY_RIYADH,Riyadh (city-wide),24.7136,46.6753,,,7,"TomTom daily congestion level: extra travel time vs free-flow conditions, percent, city-wide daily average; field passed through unchanged from api.midway.tomtom.com/ranking/dailyStats/SAU_riyadh by ActiveConclusion/COVID19_mobility scraper",1440,tomtom_dailystats_api_via_activeconclusion_github,https://github.com/ActiveConclusion/COVID19_mobility/blob/master/tomtom_reports/tomtom_trafic_index.csv,2026-07-27T19:18:34Z,(c) TomTom via MIT-licensed repo republication,verified
2021-11-01T21:00:00Z,2021-11-02T00:00:00+03:00,2021-11-02,0,0,0,CITY_RIYADH,Riyadh (city-wide),24.7136,46.6753,,,8,"TomTom daily congestion level: extra travel time vs free-flow conditions, percent, city-wide daily average; field passed through unchanged from api.midway.tomtom.com/ranking/dailyStats/SAU_riyadh by ActiveConclusion/COVID19_mobility scraper",1440,tomtom_dailystats_api_via_activeconclusion_github,https://github.com/ActiveConclusion/COVID19_mobility/blob/master/tomtom_reports/tomtom_trafic_index.csv,2026-07-27T19:18:34Z,(c) TomTom via MIT-licensed repo republication,verified
2021-11-02T21:00:00Z,2021-11-03T00:00:00+03:00,2021-11-03,0,0,0,CITY_RIYADH,Riyadh (city-wide),24.7136,46.6753,,,8,"TomTom daily congestion level: extra travel time vs free-flow conditions, percent, city-wide daily average; field passed through unchanged from api.midway.tomtom.com/ranking/dailyStats/SAU_riyadh by ActiveConclusion/COVID19_mobility scraper",1440,tomtom_dailystats_api_via_activeconclusion_github,https://github.com/ActiveConclusion/COVID19_mobility/blob/master/tomtom_reports/tomtom_trafic_index.csv,2026-07-27T19:18:34Z,(c) TomTom via MIT-licensed repo republication,verified
2021-11-03T21:00:00Z,2021-11-04T00:00:00+03:00,2021-11-04,0,0,0,CITY_RIYADH,Riyadh (city-wide),24.7136,46.6753,,,9,"TomTom daily congestion level: extra travel time vs free-flow conditions, percent, city-wide daily average; field passed through unchanged from api.midway.tomtom.com/ranking/dailyStats/SAU_riyadh by ActiveConclusion/COVID19_mobility scraper",1440,tomtom_dailystats_api_via_activeconclusion_github,https://github.com/ActiveConclusion/COVID19_mobility/blob/master/tomtom_reports/tomtom_trafic_index.csv,2026-07-27T19:18:34Z,(c) TomTom via MIT-licensed repo republication,verified
2021-11-04T21:00:00Z,2021-11-05T00:00:00+03:00,2021-11-05,0,0,0,CITY_RIYADH,Riyadh (city-wide),24.7136,46.6753,,,3,"TomTom daily congestion level: extra travel time vs free-flow conditions, percent, city-wide daily average; field passed through unchanged from api.midway.tomtom.com/ranking/dailyStats/SAU_riyadh by ActiveConclusion/COVID19_mobility scraper",1440,tomtom_dailystats_api_via_activeconclusion_github,https://github.com/ActiveConclusion/COVID19_mobility/blob/master/tomtom_reports/tomtom_trafic_index.csv,2026-07-27T19:18:34Z,(c) TomTom via MIT-licensed repo republication,verified
2021-11-05T21:00:00Z,2021-11-06T00:00:00+03:00,2021-11-06,0,0,0,CITY_RIYADH,Riyadh (city-wide),24.7136,46.6753,,,4,"TomTom daily congestion level: extra travel time vs free-flow conditions, percent, city-wide daily average; field passed through unchanged from api.midway.tomtom.com/ranking/dailyStats/SAU_riyadh by ActiveConclusion/COVID19_mobility scraper",1440,tomtom_dailystats_api_via_activeconclusion_github,https://github.com/ActiveConclusion/COVID19_mobility/blob/master/tomtom_reports/tomtom_trafic_index.csv,2026-07-27T19:18:34Z,(c) TomTom via MIT-licensed repo republication,verified
2021-11-06T21:00:00Z,2021-11-07T00:00:00+03:00,2021-11-07,0,0,0,CITY_RIYADH,Riyadh (city-wide),24.7136,46.6753,,,6,"TomTom daily congestion level: extra travel time vs free-flow conditions, percent, city-wide daily average; field passed through unchanged from api.midway.tomtom.com/ranking/dailyStats/SAU_riyadh by ActiveConclusion/COVID19_mobility scraper",1440,tomtom_dailystats_api_via_activeconclusion_github,https://github.com/ActiveConclusion/COVID19_mobility/blob/master/tomtom_reports/tomtom_trafic_index.csv,2026-07-27T19:18:34Z,(c) TomTom via MIT-licensed repo republication,verified
2021-11-07T21:00:00Z,2021-11-08T00:00:00+03:00,2021-11-08,0,0,0,CITY_RIYADH,Riyadh (city-wide),24.7136,46.6753,,,7,"TomTom daily congestion level: extra travel time vs free-flow conditions, percent, city-wide daily average; field passed through unchanged from api.midway.tomtom.com/ranking/dailyStats/SAU_riyadh by ActiveConclusion/COVID19_mobility scraper",1440,tomtom_dailystats_api_via_activeconclusion_github,https://github.com/ActiveConclusion/COVID19_mobility/blob/master/tomtom_reports/tomtom_trafic_index.csv,2026-07-27T19:18:34Z,(c) TomTom via MIT-licensed repo republication,verified
2021-11-08T21:00:00Z,2021-11-09T00:00:00+03:00,2021-11-09,0,0,0,CITY_RIYADH,Riyadh (city-wide),24.7136,46.6753,,,7,"TomTom daily congestion level: extra travel time vs free-flow conditions, percent, city-wide daily average; field passed through unchanged from api.midway.tomtom.com/ranking/dailyStats/SAU_riyadh by ActiveConclusion/COVID19_mobility scraper",1440,tomtom_dailystats_api_via_activeconclusion_github,https://github.com/ActiveConclusion/COVID19_mobility/blob/master/tomtom_reports/tomtom_trafic_index.csv,2026-07-27T19:18:34Z,(c) TomTom via MIT-licensed repo republication,verified
2021-11-09T21:00:00Z,2021-11-10T00:00:00+03:00,2021-11-10,0,0,0,CITY_RIYADH,Riyadh (city-wide),24.7136,46.6753,,,7,"TomTom daily congestion level: extra travel time vs free-flow conditions, percent, city-wide daily average; field passed through unchanged from api.midway.tomtom.com/ranking/dailyStats/SAU_riyadh by ActiveConclusion/COVID19_mobility scraper",1440,tomtom_dailystats_api_via_activeconclusion_github,https://github.com/ActiveConclusion/COVID19_mobility/blob/master/tomtom_reports/tomtom_trafic_index.csv,2026-07-27T19:18:34Z,(c) TomTom via MIT-licensed repo republication,verified
2021-11-10T21:00:00Z,2021-11-11T00:00:00+03:00,2021-11-11,0,0,0,CITY_RIYADH,Riyadh (city-wide),24.7136,46.6753,,,8,"TomTom daily congestion level: extra travel time vs free-flow conditions, percent, city-wide daily average; field passed through unchanged from api.midway.tomtom.com/ranking/dailyStats/SAU_riyadh by ActiveConclusion/COVID19_mobility scraper",1440,tomtom_dailystats_api_via_activeconclusion_github,https://github.com/ActiveConclusion/COVID19_mobility/blob/master/tomtom_reports/tomtom_trafic_index.csv,2026-07-27T19:18:34Z,(c) TomTom via MIT-licensed repo republication,verified
2021-11-11T21:00:00Z,2021-11-12T00:00:00+03:00,2021-11-12,0,0,0,CITY_RIYADH,Riyadh (city-wide),24.7136,46.6753,,,4,"TomTom daily congestion level: extra travel time vs free-flow conditions, percent, city-wide daily average; field passed through unchanged from api.midway.tomtom.com/ranking/dailyStats/SAU_riyadh by ActiveConclusion/COVID19_mobility scraper",1440,tomtom_dailystats_api_via_activeconclusion_github,https://github.com/ActiveConclusion/COVID19_mobility/blob/master/tomtom_reports/tomtom_trafic_index.csv,2026-07-27T19:18:34Z,(c) TomTom via MIT-licensed repo republication,verified
2021-11-12T21:00:00Z,2021-11-13T00:00:00+03:00,2021-11-13,0,0,0,CITY_RIYADH,Riyadh (city-wide),24.7136,46.6753,,,4,"TomTom daily congestion level: extra travel time vs free-flow conditions, percent, city-wide daily average; field passed through unchanged from api.midway.tomtom.com/ranking/dailyStats/SAU_riyadh by ActiveConclusion/COVID19_mobility scraper",1440,tomtom_dailystats_api_via_activeconclusion_github,https://github.com/ActiveConclusion/COVID19_mobility/blob/master/tomtom_reports/tomtom_trafic_index.csv,2026-07-27T19:18:34Z,(c) TomTom via MIT-licensed repo republication,verified
2021-11-13T21:00:00Z,2021-11-14T00:00:00+03:00,2021-11-14,0,0,0,CITY_RIYADH,Riyadh (city-wide),24.7136,46.6753,,,7,"TomTom daily congestion level: extra travel time vs free-flow conditions, percent, city-wide daily average; field passed through unchanged from api.midway.tomtom.com/ranking/dailyStats/SAU_riyadh by ActiveConclusion/COVID19_mobility scraper",1440,tomtom_dailystats_api_via_activeconclusion_github,https://github.com/ActiveConclusion/COVID19_mobility/blob/master/tomtom_reports/tomtom_trafic_index.csv,2026-07-27T19:18:34Z,(c) TomTom via MIT-licensed repo republication,verified
2021-11-14T21:00:00Z,2021-11-15T00:00:00+03:00,2021-11-15,0,0,0,CITY_RIYADH,Riyadh (city-wide),24.7136,46.6753,,,8,"TomTom daily congestion level: extra travel time vs free-flow conditions, percent, city-wide daily average; field passed through unchanged from api.midway.tomtom.com/ranking/dailyStats/SAU_riyadh by ActiveConclusion/COVID19_mobility scraper",1440,tomtom_dailystats_api_via_activeconclusion_github,https://github.com/ActiveConclusion/COVID19_mobility/blob/master/tomtom_reports/tomtom_trafic_index.csv,2026-07-27T19:18:34Z,(c) TomTom via MIT-licensed repo republication,verified
2021-11-15T21:00:00Z,2021-11-16T00:00:00+03:00,2021-11-16,0,0,0,CITY_RIYADH,Riyadh (city-wide),24.7136,46.6753,,,6,"TomTom daily congestion level: extra travel time vs free-flow conditions, percent, city-wide daily average; field passed through unchanged from api.midway.tomtom.com/ranking/dailyStats/SAU_riyadh by ActiveConclusion/COVID19_mobility scraper",1440,tomtom_dailystats_api_via_activeconclusion_github,https://github.com/ActiveConclusion/COVID19_mobility/blob/master/tomtom_reports/tomtom_trafic_index.csv,2026-07-27T19:18:34Z,(c) TomTom via MIT-licensed repo republication,verified
2021-11-16T21:00:00Z,2021-11-17T00:00:00+03:00,2021-11-17,0,0,0,CITY_RIYADH,Riyadh (city-wide),24.7136,46.6753,,,7,"TomTom daily congestion level: extra travel time vs free-flow conditions, percent, city-wide daily average; field passed through unchanged from api.midway.tomtom.com/ranking/dailyStats/SAU_riyadh by ActiveConclusion/COVID19_mobility scraper",1440,tomtom_dailystats_api_via_activeconclusion_github,https://github.com/ActiveConclusion/COVID19_mobility/blob/master/tomtom_reports/tomtom_trafic_index.csv,2026-07-27T19:18:34Z,(c) TomTom via MIT-licensed repo republication,verified
2021-11-17T21:00:00Z,2021-11-18T00:00:00+03:00,2021-11-18,0,0,0,CITY_RIYADH,Riyadh (city-wide),24.7136,46.6753,,,8,"TomTom daily congestion level: extra travel time vs free-flow conditions, percent, city-wide daily average; field passed through unchanged from api.midway.tomtom.com/ranking/dailyStats/SAU_riyadh by ActiveConclusion/COVID19_mobility scraper",1440,tomtom_dailystats_api_via_activeconclusion_github,https://github.com/ActiveConclusion/COVID19_mobility/blob/master/tomtom_reports/tomtom_trafic_index.csv,2026-07-27T19:18:34Z,(c) TomTom via MIT-licensed repo republication,verified
2021-11-18T21:00:00Z,2021-11-19T00:00:00+03:00,2021-11-19,0,0,0,CITY_RIYADH,Riyadh (city-wide),24.7136,46.6753,,,2,"TomTom daily congestion level: extra travel time vs free-flow conditions, percent, city-wide daily average; field passed through unchanged from api.midway.tomtom.com/ranking/dailyStats/SAU_riyadh by ActiveConclusion/COVID19_mobility scraper",1440,tomtom_dailystats_api_via_activeconclusion_github,https://github.com/ActiveConclusion/COVID19_mobility/blob/master/tomtom_reports/tomtom_trafic_index.csv,2026-07-27T19:18:34Z,(c) TomTom via MIT-licensed repo republication,verified
2021-11-19T21:00:00Z,2021-11-20T00:00:00+03:00,2021-11-20,0,0,0,CITY_RIYADH,Riyadh (city-wide),24.7136,46.6753,,,3,"TomTom daily congestion level: extra travel time vs free-flow conditions, percent, city-wide daily average; field passed through unchanged from api.midway.tomtom.com/ranking/dailyStats/SAU_riyadh by ActiveConclusion/COVID19_mobility scraper",1440,tomtom_dailystats_api_via_activeconclusion_github,https://github.com/ActiveConclusion/COVID19_mobility/blob/master/tomtom_reports/tomtom_trafic_index.csv,2026-07-27T19:18:34Z,(c) TomTom via MIT-licensed repo republication,verified
2021-11-20T21:00:00Z,2021-11-21T00:00:00+03:00,2021-11-21,0,0,0,CITY_RIYADH,Riyadh (city-wide),24.7136,46.6753,,,5,"TomTom daily congestion level: extra travel time vs free-flow conditions, percent, city-wide daily average; field passed through unchanged from api.midway.tomtom.com/ranking/dailyStats/SAU_riyadh by ActiveConclusion/COVID19_mobility scraper",1440,tomtom_dailystats_api_via_activeconclusion_github,https://github.com/ActiveConclusion/COVID19_mobility/blob/master/tomtom_reports/tomtom_trafic_index.csv,2026-07-27T19:18:34Z,(c) TomTom via MIT-licensed repo republication,verified
2021-11-21T21:00:00Z,2021-11-22T00:00:00+03:00,2021-11-22,0,0,0,CITY_RIYADH,Riyadh (city-wide),24.7136,46.6753,,,7,"TomTom daily congestion level: extra travel time vs free-flow conditions, percent, city-wide daily average; field passed through unchanged from api.midway.tomtom.com/ranking/dailyStats/SAU_riyadh by ActiveConclusion/COVID19_mobility scraper",1440,tomtom_dailystats_api_via_activeconclusion_github,https://github.com/ActiveConclusion/COVID19_mobility/blob/master/tomtom_reports/tomtom_trafic_index.csv,2026-07-27T19:18:34Z,(c) TomTom via MIT-licensed repo republication,verified
2021-11-22T21:00:00Z,2021-11-23T00:00:00+03:00,2021-11-23,0,0,0,CITY_RIYADH,Riyadh (city-wide),24.7136,46.6753,,,8,"TomTom daily congestion level: extra travel time vs free-flow conditions, percent, city-wide daily average; field passed through unchanged from api.midway.tomtom.com/ranking/dailyStats/SAU_riyadh by ActiveConclusion/COVID19_mobility scraper",1440,tomtom_dailystats_api_via_activeconclusion_github,https://github.com/ActiveConclusion/COVID19_mobility/blob/master/tomtom_reports/tomtom_trafic_index.csv,2026-07-27T19:18:34Z,(c) TomTom via MIT-licensed repo republication,verified
2021-11-23T21:00:00Z,2021-11-24T00:00:00+03:00,2021-11-24,0,0,0,CITY_RIYADH,Riyadh (city-wide),24.7136,46.6753,,,9,"TomTom daily congestion level: extra travel time vs free-flow conditions, percent, city-wide daily average; field passed through unchanged from api.midway.tomtom.com/ranking/dailyStats/SAU_riyadh by ActiveConclusion/COVID19_mobility scraper",1440,tomtom_dailystats_api_via_activeconclusion_github,https://github.com/ActiveConclusion/COVID19_mobility/blob/master/tomtom_reports/tomtom_trafic_index.csv,2026-07-27T19:18:34Z,(c) TomTom via MIT-licensed repo republication,verified
2021-11-24T21:00:00Z,2021-11-25T00:00:00+03:00,2021-11-25,0,0,0,CITY_RIYADH,Riyadh (city-wide),24.7136,46.6753,,,11,"TomTom daily congestion level: extra travel time vs free-flow conditions, percent, city-wide daily average; field passed through unchanged from api.midway.tomtom.com/ranking/dailyStats/SAU_riyadh by ActiveConclusion/COVID19_mobility scraper",1440,tomtom_dailystats_api_via_activeconclusion_github,https://github.com/ActiveConclusion/COVID19_mobility/blob/master/tomtom_reports/tomtom_trafic_index.csv,2026-07-27T19:18:34Z,(c) TomTom via MIT-licensed repo republication,verified
2021-11-25T21:00:00Z,2021-11-26T00:00:00+03:00,2021-11-26,0,0,0,CITY_RIYADH,Riyadh (city-wide),24.7136,46.6753,,,4,"TomTom daily congestion level: extra travel time vs free-flow conditions, percent, city-wide daily average; field passed through unchanged from api.midway.tomtom.com/ranking/dailyStats/SAU_riyadh by ActiveConclusion/COVID19_mobility scraper",1440,tomtom_dailystats_api_via_activeconclusion_github,https://github.com/ActiveConclusion/COVID19_mobility/blob/master/tomtom_reports/tomtom_trafic_index.csv,2026-07-27T19:18:34Z,(c) TomTom via MIT-licensed repo republication,verified
2021-11-26T21:00:00Z,2021-11-27T00:00:00+03:00,2021-11-27,0,0,0,CITY_RIYADH,Riyadh (city-wide),24.7136,46.6753,,,5,"TomTom daily congestion level: extra travel time vs free-flow conditions, percent, city-wide daily average; field passed through unchanged from api.midway.tomtom.com/ranking/dailyStats/SAU_riyadh by ActiveConclusion/COVID19_mobility scraper",1440,tomtom_dailystats_api_via_activeconclusion_github,https://github.com/ActiveConclusion/COVID19_mobility/blob/master/tomtom_reports/tomtom_trafic_index.csv,2026-07-27T19:18:34Z,(c) TomTom via MIT-licensed repo republication,verified
2021-11-27T21:00:00Z,2021-11-28T00:00:00+03:00,2021-11-28,0,0,0,CITY_RIYADH,Riyadh (city-wide),24.7136,46.6753,,,8,"TomTom daily congestion level: extra travel time vs free-flow conditions, percent, city-wide daily average; field passed through unchanged from api.midway.tomtom.com/ranking/dailyStats/SAU_riyadh by ActiveConclusion/COVID19_mobility scraper",1440,tomtom_dailystats_api_via_activeconclusion_github,https://github.com/ActiveConclusion/COVID19_mobility/blob/master/tomtom_reports/tomtom_trafic_index.csv,2026-07-27T19:18:34Z,(c) TomTom via MIT-licensed repo republication,verified
2021-11-28T21:00:00Z,2021-11-29T00:00:00+03:00,2021-11-29,0,0,0,CITY_RIYADH,Riyadh (city-wide),24.7136,46.6753,,,10,"TomTom daily congestion level: extra travel time vs free-flow conditions, percent, city-wide daily average; field passed through unchanged from api.midway.tomtom.com/ranking/dailyStats/SAU_riyadh by ActiveConclusion/COVID19_mobility scraper",1440,tomtom_dailystats_api_via_activeconclusion_github,https://github.com/ActiveConclusion/COVID19_mobility/blob/master/tomtom_reports/tomtom_trafic_index.csv,2026-07-27T19:18:34Z,(c) TomTom via MIT-licensed repo republication,verified
2021-11-29T21:00:00Z,2021-11-30T00:00:00+03:00,2021-11-30,0,0,0,CITY_RIYADH,Riyadh (city-wide),24.7136,46.6753,,,9,"TomTom daily congestion level: extra travel time vs free-flow conditions, percent, city-wide daily average; field passed through unchanged from api.midway.tomtom.com/ranking/dailyStats/SAU_riyadh by ActiveConclusion/COVID19_mobility scraper",1440,tomtom_dailystats_api_via_activeconclusion_github,https://github.com/ActiveConclusion/COVID19_mobility/blob/master/tomtom_reports/tomtom_trafic_index.csv,2026-07-27T19:18:34Z,(c) TomTom via MIT-licensed repo republication,verified
2021-11-30T21:00:00Z,2021-12-01T00:00:00+03:00,2021-12-01,0,0,0,CITY_RIYADH,Riyadh (city-wide),24.7136,46.6753,,,8,"TomTom daily congestion level: extra travel time vs free-flow conditions, percent, city-wide daily average; field passed through unchanged from api.midway.tomtom.com/ranking/dailyStats/SAU_riyadh by ActiveConclusion/COVID19_mobility scraper",1440,tomtom_dailystats_api_via_activeconclusion_github,https://github.com/ActiveConclusion/COVID19_mobility/blob/master/tomtom_reports/tomtom_trafic_index.csv,2026-07-27T19:18:34Z,(c) TomTom via MIT-licensed repo republication,verified
2021-12-01T21:00:00Z,2021-12-02T00:00:00+03:00,2021-12-02,0,0,0,CITY_RIYADH,Riyadh (city-wide),24.7136,46.6753,,,10,"TomTom daily congestion level: extra travel time vs free-flow conditions, percent, city-wide daily average; field passed through unchanged from api.midway.tomtom.com/ranking/dailyStats/SAU_riyadh by ActiveConclusion/COVID19_mobility scraper",1440,tomtom_dailystats_api_via_activeconclusion_github,https://github.com/ActiveConclusion/COVID19_mobility/blob/master/tomtom_reports/tomtom_trafic_index.csv,2026-07-27T19:18:34Z,(c) TomTom via MIT-licensed repo republication,verified
2021-12-02T21:00:00Z,2021-12-03T00:00:00+03:00,2021-12-03,0,0,0,CITY_RIYADH,Riyadh (city-wide),24.7136,46.6753,,,5,"TomTom daily congestion level: extra travel time vs free-flow conditions, percent, city-wide daily average; field passed through unchanged from api.midway.tomtom.com/ranking/dailyStats/SAU_riyadh by ActiveConclusion/COVID19_mobility scraper",1440,tomtom_dailystats_api_via_activeconclusion_github,https://github.com/ActiveConclusion/COVID19_mobility/blob/master/tomtom_reports/tomtom_trafic_index.csv,2026-07-27T19:18:34Z,(c) TomTom via MIT-licensed repo republication,verified
2021-12-03T21:00:00Z,2021-12-04T00:00:00+03:00,2021-12-04,0,0,0,CITY_RIYADH,Riyadh (city-wide),24.7136,46.6753,,,6,"TomTom daily congestion level: extra travel time vs free-flow conditions, percent, city-wide daily average; field passed through unchanged from api.midway.tomtom.com/ranking/dailyStats/SAU_riyadh by ActiveConclusion/COVID19_mobility scraper",1440,tomtom_dailystats_api_via_activeconclusion_github,https://github.com/ActiveConclusion/COVID19_mobility/blob/master/tomtom_reports/tomtom_trafic_index.csv,2026-07-27T19:18:34Z,(c) TomTom via MIT-licensed repo republication,verified
2021-12-04T21:00:00Z,2021-12-05T00:00:00+03:00,2021-12-05,0,0,0,CITY_RIYADH,Riyadh (city-wide),24.7136,46.6753,,,8,"TomTom daily congestion level: extra travel time vs free-flow conditions, percent, city-wide daily average; field passed through unchanged from api.midway.tomtom.com/ranking/dailyStats/SAU_riyadh by ActiveConclusion/COVID19_mobility scraper",1440,tomtom_dailystats_api_via_activeconclusion_github,https://github.com/ActiveConclusion/COVID19_mobility/blob/master/tomtom_reports/tomtom_trafic_index.csv,2026-07-27T19:18:34Z,(c) TomTom via MIT-licensed repo republication,verified
2021-12-05T21:00:00Z,2021-12-06T00:00:00+03:00,2021-12-06,0,0,0,CITY_RIYADH,Riyadh (city-wide),24.7136,46.6753,,,7,"TomTom daily congestion level: extra travel time vs free-flow conditions, percent, city-wide daily average; field passed through unchanged from api.midway.tomtom.com/ranking/dailyStats/SAU_riyadh by ActiveConclusion/COVID19_mobility scraper",1440,tomtom_dailystats_api_via_activeconclusion_github,https://github.com/ActiveConclusion/COVID19_mobility/blob/master/tomtom_reports/tomtom_trafic_index.csv,2026-07-27T19:18:34Z,(c) TomTom via MIT-licensed repo republication,verified
2021-12-06T21:00:00Z,2021-12-07T00:00:00+03:00,2021-12-07,0,0,0,CITY_RIYADH,Riyadh (city-wide),24.7136,46.6753,,,7,"TomTom daily congestion level: extra travel time vs free-flow conditions, percent, city-wide daily average; field passed through unchanged from api.midway.tomtom.com/ranking/dailyStats/SAU_riyadh by ActiveConclusion/COVID19_mobility scraper",1440,tomtom_dailystats_api_via_activeconclusion_github,https://github.com/ActiveConclusion/COVID19_mobility/blob/master/tomtom_reports/tomtom_trafic_index.csv,2026-07-27T19:18:34Z,(c) TomTom via MIT-licensed repo republication,verified
2021-12-07T21:00:00Z,2021-12-08T00:00:00+03:00,2021-12-08,0,0,0,CITY_RIYADH,Riyadh (city-wide),24.7136,46.6753,,,8,"TomTom daily congestion level: extra travel time vs free-flow conditions, percent, city-wide daily average; field passed through unchanged from api.midway.tomtom.com/ranking/dailyStats/SAU_riyadh by ActiveConclusion/COVID19_mobility scraper",1440,tomtom_dailystats_api_via_activeconclusion_github,https://github.com/ActiveConclusion/COVID19_mobility/blob/master/tomtom_reports/tomtom_trafic_index.csv,2026-07-27T19:18:34Z,(c) TomTom via MIT-licensed repo republication,verified
2021-12-08T21:00:00Z,2021-12-09T00:00:00+03:00,2021-12-09,0,0,0,CITY_RIYADH,Riyadh (city-wide),24.7136,46.6753,,,9,"TomTom daily congestion level: extra travel time vs free-flow conditions, percent, city-wide daily average; field passed through unchanged from api.midway.tomtom.com/ranking/dailyStats/SAU_riyadh by ActiveConclusion/COVID19_mobility scraper",1440,tomtom_dailystats_api_via_activeconclusion_github,https://github.com/ActiveConclusion/COVID19_mobility/blob/master/tomtom_reports/tomtom_trafic_index.csv,2026-07-27T19:18:34Z,(c) TomTom via MIT-licensed repo republication,verified
2021-12-09T21:00:00Z,2021-12-10T00:00:00+03:00,2021-12-10,0,0,0,CITY_RIYADH,Riyadh (city-wide),24.7136,46.6753,,,4,"TomTom daily congestion level: extra travel time vs free-flow conditions, percent, city-wide daily average; field passed through unchanged from api.midway.tomtom.com/ranking/dailyStats/SAU_riyadh by ActiveConclusion/COVID19_mobility scraper",1440,tomtom_dailystats_api_via_activeconclusion_github,https://github.com/ActiveConclusion/COVID19_mobility/blob/master/tomtom_reports/tomtom_trafic_index.csv,2026-07-27T19:18:34Z,(c) TomTom via MIT-licensed repo republication,verified
2021-12-10T21:00:00Z,2021-12-11T00:00:00+03:00,2021-12-11,0,0,0,CITY_RIYADH,Riyadh (city-wide),24.7136,46.6753,,,5,"TomTom daily congestion level: extra travel time vs free-flow conditions, percent, city-wide daily average; field passed through unchanged from api.midway.tomtom.com/ranking/dailyStats/SAU_riyadh by ActiveConclusion/COVID19_mobility scraper",1440,tomtom_dailystats_api_via_activeconclusion_github,https://github.com/ActiveConclusion/COVID19_mobility/blob/master/tomtom_reports/tomtom_trafic_index.csv,2026-07-27T19:18:34Z,(c) TomTom via MIT-licensed repo republication,verified
2021-12-11T21:00:00Z,2021-12-12T00:00:00+03:00,2021-12-12,0,0,0,CITY_RIYADH,Riyadh (city-wide),24.7136,46.6753,,,7,"TomTom daily congestion level: extra travel time vs free-flow conditions, percent, city-wide daily average; field passed through unchanged from api.midway.tomtom.com/ranking/dailyStats/SAU_riyadh by ActiveConclusion/COVID19_mobility scraper",1440,tomtom_dailystats_api_via_activeconclusion_github,https://github.com/ActiveConclusion/COVID19_mobility/blob/master/tomtom_reports/tomtom_trafic_index.csv,2026-07-27T19:18:34Z,(c) TomTom via MIT-licensed repo republication,verified
2021-12-12T21:00:00Z,2021-12-13T00:00:00+03:00,2021-12-13,0,0,0,CITY_RIYADH,Riyadh (city-wide),24.7136,46.6753,,,8,"TomTom daily congestion level: extra travel time vs free-flow conditions, percent, city-wide daily average; field passed through unchanged from api.midway.tomtom.com/ranking/dailyStats/SAU_riyadh by ActiveConclusion/COVID19_mobility scraper",1440,tomtom_dailystats_api_via_activeconclusion_github,https://github.com/ActiveConclusion/COVID19_mobility/blob/master/tomtom_reports/tomtom_trafic_index.csv,2026-07-27T19:18:34Z,(c) TomTom via MIT-licensed repo republication,verified
2021-12-13T21:00:00Z,2021-12-14T00:00:00+03:00,2021-12-14,0,0,0,CITY_RIYADH,Riyadh (city-wide),24.7136,46.6753,,,8,"TomTom daily congestion level: extra travel time vs free-flow conditions, percent, city-wide daily average; field passed through unchanged from api.midway.tomtom.com/ranking/dailyStats/SAU_riyadh by ActiveConclusion/COVID19_mobility scraper",1440,tomtom_dailystats_api_via_activeconclusion_github,https://github.com/ActiveConclusion/COVID19_mobility/blob/master/tomtom_reports/tomtom_trafic_index.csv,2026-07-27T19:18:34Z,(c) TomTom via MIT-licensed repo republication,verified
2021-12-14T21:00:00Z,2021-12-15T00:00:00+03:00,2021-12-15,0,0,0,CITY_RIYADH,Riyadh (city-wide),24.7136,46.6753,,,7,"TomTom daily congestion level: extra travel time vs free-flow conditions, percent, city-wide daily average; field passed through unchanged from api.midway.tomtom.com/ranking/dailyStats/SAU_riyadh by ActiveConclusion/COVID19_mobility scraper",1440,tomtom_dailystats_api_via_activeconclusion_github,https://github.com/ActiveConclusion/COVID19_mobility/blob/master/tomtom_reports/tomtom_trafic_index.csv,2026-07-27T19:18:34Z,(c) TomTom via MIT-licensed repo republication,verified
2021-12-15T21:00:00Z,2021-12-16T00:00:00+03:00,2021-12-16,0,0,0,CITY_RIYADH,Riyadh (city-wide),24.7136,46.6753,,,8,"TomTom daily congestion level: extra travel time vs free-flow conditions, percent, city-wide daily average; field passed through unchanged from api.midway.tomtom.com/ranking/dailyStats/SAU_riyadh by ActiveConclusion/COVID19_mobility scraper",1440,tomtom_dailystats_api_via_activeconclusion_github,https://github.com/ActiveConclusion/COVID19_mobility/blob/master/tomtom_reports/tomtom_trafic_index.csv,2026-07-27T19:18:34Z,(c) TomTom via MIT-licensed repo republication,verified
2021-12-16T21:00:00Z,2021-12-17T00:00:00+03:00,2021-12-17,0,0,0,CITY_RIYADH,Riyadh (city-wide),24.7136,46.6753,,,3,"TomTom daily congestion level: extra travel time vs free-flow conditions, percent, city-wide daily average; field passed through unchanged from api.midway.tomtom.com/ranking/dailyStats/SAU_riyadh by ActiveConclusion/COVID19_mobility scraper",1440,tomtom_dailystats_api_via_activeconclusion_github,https://github.com/ActiveConclusion/COVID19_mobility/blob/master/tomtom_reports/tomtom_trafic_index.csv,2026-07-27T19:18:34Z,(c) TomTom via MIT-licensed repo republication,verified
2021-12-17T21:00:00Z,2021-12-18T00:00:00+03:00,2021-12-18,0,0,0,CITY_RIYADH,Riyadh (city-wide),24.7136,46.6753,,,3,"TomTom daily congestion level: extra travel time vs free-flow conditions, percent, city-wide daily average; field passed through unchanged from api.midway.tomtom.com/ranking/dailyStats/SAU_riyadh by ActiveConclusion/COVID19_mobility scraper",1440,tomtom_dailystats_api_via_activeconclusion_github,https://github.com/ActiveConclusion/COVID19_mobility/blob/master/tomtom_reports/tomtom_trafic_index.csv,2026-07-27T19:18:34Z,(c) TomTom via MIT-licensed repo republication,verified
2021-12-18T21:00:00Z,2021-12-19T00:00:00+03:00,2021-12-19,0,0,0,CITY_RIYADH,Riyadh (city-wide),24.7136,46.6753,,,5,"TomTom daily congestion level: extra travel time vs free-flow conditions, percent, city-wide daily average; field passed through unchanged from api.midway.tomtom.com/ranking/dailyStats/SAU_riyadh by ActiveConclusion/COVID19_mobility scraper",1440,tomtom_dailystats_api_via_activeconclusion_github,https://github.com/ActiveConclusion/COVID19_mobility/blob/master/tomtom_reports/tomtom_trafic_index.csv,2026-07-27T19:18:34Z,(c) TomTom via MIT-licensed repo republication,verified
2021-12-19T21:00:00Z,2021-12-20T00:00:00+03:00,2021-12-20,0,0,0,CITY_RIYADH,Riyadh (city-wide),24.7136,46.6753,,,6,"TomTom daily congestion level: extra travel time vs free-flow conditions, percent, city-wide daily average; field passed through unchanged from api.midway.tomtom.com/ranking/dailyStats/SAU_riyadh by ActiveConclusion/COVID19_mobility scraper",1440,tomtom_dailystats_api_via_activeconclusion_github,https://github.com/ActiveConclusion/COVID19_mobility/blob/master/tomtom_reports/tomtom_trafic_index.csv,2026-07-27T19:18:34Z,(c) TomTom via MIT-licensed repo republication,verified
2021-12-20T21:00:00Z,2021-12-21T00:00:00+03:00,2021-12-21,0,0,0,CITY_RIYADH,Riyadh (city-wide),24.7136,46.6753,,,5,"TomTom daily congestion level: extra travel time vs free-flow conditions, percent, city-wide daily average; field passed through unchanged from api.midway.tomtom.com/ranking/dailyStats/SAU_riyadh by ActiveConclusion/COVID19_mobility scraper",1440,tomtom_dailystats_api_via_activeconclusion_github,https://github.com/ActiveConclusion/COVID19_mobility/blob/master/tomtom_reports/tomtom_trafic_index.csv,2026-07-27T19:18:34Z,(c) TomTom via MIT-licensed repo republication,verified
2021-12-21T21:00:00Z,2021-12-22T00:00:00+03:00,2021-12-22,0,0,0,CITY_RIYADH,Riyadh (city-wide),24.7136,46.6753,,,6,"TomTom daily congestion level: extra travel time vs free-flow conditions, percent, city-wide daily average; field passed through unchanged from api.midway.tomtom.com/ranking/dailyStats/SAU_riyadh by ActiveConclusion/COVID19_mobility scraper",1440,tomtom_dailystats_api_via_activeconclusion_github,https://github.com/ActiveConclusion/COVID19_mobility/blob/master/tomtom_reports/tomtom_trafic_index.csv,2026-07-27T19:18:34Z,(c) TomTom via MIT-licensed repo republication,verified
2021-12-22T21:00:00Z,2021-12-23T00:00:00+03:00,2021-12-23,0,0,0,CITY_RIYADH,Riyadh (city-wide),24.7136,46.6753,,,7,"TomTom daily congestion level: extra travel time vs free-flow conditions, percent, city-wide daily average; field passed through unchanged from api.midway.tomtom.com/ranking/dailyStats/SAU_riyadh by ActiveConclusion/COVID19_mobility scraper",1440,tomtom_dailystats_api_via_activeconclusion_github,https://github.com/ActiveConclusion/COVID19_mobility/blob/master/tomtom_reports/tomtom_trafic_index.csv,2026-07-27T19:18:34Z,(c) TomTom via MIT-licensed repo republication,verified
2021-12-23T21:00:00Z,2021-12-24T00:00:00+03:00,2021-12-24,0,0,0,CITY_RIYADH,Riyadh (city-wide),24.7136,46.6753,,,2,"TomTom daily congestion level: extra travel time vs free-flow conditions, percent, city-wide daily average; field passed through unchanged from api.midway.tomtom.com/ranking/dailyStats/SAU_riyadh by ActiveConclusion/COVID19_mobility scraper",1440,tomtom_dailystats_api_via_activeconclusion_github,https://github.com/ActiveConclusion/COVID19_mobility/blob/master/tomtom_reports/tomtom_trafic_index.csv,2026-07-27T19:18:34Z,(c) TomTom via MIT-licensed repo republication,verified
2021-12-24T21:00:00Z,2021-12-25T00:00:00+03:00,2021-12-25,0,0,0,CITY_RIYADH,Riyadh (city-wide),24.7136,46.6753,,,4,"TomTom daily congestion level: extra travel time vs free-flow conditions, percent, city-wide daily average; field passed through unchanged from api.midway.tomtom.com/ranking/dailyStats/SAU_riyadh by ActiveConclusion/COVID19_mobility scraper",1440,tomtom_dailystats_api_via_activeconclusion_github,https://github.com/ActiveConclusion/COVID19_mobility/blob/master/tomtom_reports/tomtom_trafic_index.csv,2026-07-27T19:18:34Z,(c) TomTom via MIT-licensed repo republication,verified
2021-12-25T21:00:00Z,2021-12-26T00:00:00+03:00,2021-12-26,0,0,0,CITY_RIYADH,Riyadh (city-wide),24.7136,46.6753,,,7,"TomTom daily congestion level: extra travel time vs free-flow conditions, percent, city-wide daily average; field passed through unchanged from api.midway.tomtom.com/ranking/dailyStats/SAU_riyadh by ActiveConclusion/COVID19_mobility scraper",1440,tomtom_dailystats_api_via_activeconclusion_github,https://github.com/ActiveConclusion/COVID19_mobility/blob/master/tomtom_reports/tomtom_trafic_index.csv,2026-07-27T19:18:34Z,(c) TomTom via MIT-licensed repo republication,verified
2021-12-26T21:00:00Z,2021-12-27T00:00:00+03:00,2021-12-27,0,0,0,CITY_RIYADH,Riyadh (city-wide),24.7136,46.6753,,,8,"TomTom daily congestion level: extra travel time vs free-flow conditions, percent, city-wide daily average; field passed through unchanged from api.midway.tomtom.com/ranking/dailyStats/SAU_riyadh by ActiveConclusion/COVID19_mobility scraper",1440,tomtom_dailystats_api_via_activeconclusion_github,https://github.com/ActiveConclusion/COVID19_mobility/blob/master/tomtom_reports/tomtom_trafic_index.csv,2026-07-27T19:18:34Z,(c) TomTom via MIT-licensed repo republication,verified
2021-12-27T21:00:00Z,2021-12-28T00:00:00+03:00,2021-12-28,0,0,0,CITY_RIYADH,Riyadh (city-wide),24.7136,46.6753,,,8,"TomTom daily congestion level: extra travel time vs free-flow conditions, percent, city-wide daily average; field passed through unchanged from api.midway.tomtom.com/ranking/dailyStats/SAU_riyadh by ActiveConclusion/COVID19_mobility scraper",1440,tomtom_dailystats_api_via_activeconclusion_github,https://github.com/ActiveConclusion/COVID19_mobility/blob/master/tomtom_reports/tomtom_trafic_index.csv,2026-07-27T19:18:34Z,(c) TomTom via MIT-licensed repo republication,verified
2021-12-28T21:00:00Z,2021-12-29T00:00:00+03:00,2021-12-29,0,0,0,CITY_RIYADH,Riyadh (city-wide),24.7136,46.6753,,,15,"TomTom daily congestion level: extra travel time vs free-flow conditions, percent, city-wide daily average; field passed through unchanged from api.midway.tomtom.com/ranking/dailyStats/SAU_riyadh by ActiveConclusion/COVID19_mobility scraper",1440,tomtom_dailystats_api_via_activeconclusion_github,https://github.com/ActiveConclusion/COVID19_mobility/blob/master/tomtom_reports/tomtom_trafic_index.csv,2026-07-27T19:18:34Z,(c) TomTom via MIT-licensed repo republication,verified
2021-12-29T21:00:00Z,2021-12-30T00:00:00+03:00,2021-12-30,0,0,0,CITY_RIYADH,Riyadh (city-wide),24.7136,46.6753,,,13,"TomTom daily congestion level: extra travel time vs free-flow conditions, percent, city-wide daily average; field passed through unchanged from api.midway.tomtom.com/ranking/dailyStats/SAU_riyadh by ActiveConclusion/COVID19_mobility scraper",1440,tomtom_dailystats_api_via_activeconclusion_github,https://github.com/ActiveConclusion/COVID19_mobility/blob/master/tomtom_reports/tomtom_trafic_index.csv,2026-07-27T19:18:34Z,(c) TomTom via MIT-licensed repo republication,verified
2021-12-30T21:00:00Z,2021-12-31T00:00:00+03:00,2021-12-31,0,0,0,CITY_RIYADH,Riyadh (city-wide),24.7136,46.6753,,,5,"TomTom daily congestion level: extra travel time vs free-flow conditions, percent, city-wide daily average; field passed through unchanged from api.midway.tomtom.com/ranking/dailyStats/SAU_riyadh by ActiveConclusion/COVID19_mobility scraper",1440,tomtom_dailystats_api_via_activeconclusion_github,https://github.com/ActiveConclusion/COVID19_mobility/blob/master/tomtom_reports/tomtom_trafic_index.csv,2026-07-27T19:18:34Z,(c) TomTom via MIT-licensed repo republication,verified
2021-12-31T21:00:00Z,2022-01-01T00:00:00+03:00,2022-01-01,0,0,0,CITY_RIYADH,Riyadh (city-wide),24.7136,46.6753,,,12,"TomTom daily congestion level: extra travel time vs free-flow conditions, percent, city-wide daily average; field passed through unchanged from api.midway.tomtom.com/ranking/dailyStats/SAU_riyadh by ActiveConclusion/COVID19_mobility scraper",1440,tomtom_dailystats_api_via_activeconclusion_github,https://github.com/ActiveConclusion/COVID19_mobility/blob/master/tomtom_reports/tomtom_trafic_index.csv,2026-07-27T19:18:34Z,(c) TomTom via MIT-licensed repo republication,verified
2022-01-01T21:00:00Z,2022-01-02T00:00:00+03:00,2022-01-02,0,0,0,CITY_RIYADH,Riyadh (city-wide),24.7136,46.6753,,,11,"TomTom daily congestion level: extra travel time vs free-flow conditions, percent, city-wide daily average; field passed through unchanged from api.midway.tomtom.com/ranking/dailyStats/SAU_riyadh by ActiveConclusion/COVID19_mobility scraper",1440,tomtom_dailystats_api_via_activeconclusion_github,https://github.com/ActiveConclusion/COVID19_mobility/blob/master/tomtom_reports/tomtom_trafic_index.csv,2026-07-27T19:18:34Z,(c) TomTom via MIT-licensed repo republication,verified
2022-01-02T21:00:00Z,2022-01-03T00:00:00+03:00,2022-01-03,0,0,0,CITY_RIYADH,Riyadh (city-wide),24.7136,46.6753,,,8,"TomTom daily congestion level: extra travel time vs free-flow conditions, percent, city-wide daily average; field passed through unchanged from api.midway.tomtom.com/ranking/dailyStats/SAU_riyadh by ActiveConclusion/COVID19_mobility scraper",1440,tomtom_dailystats_api_via_activeconclusion_github,https://github.com/ActiveConclusion/COVID19_mobility/blob/master/tomtom_reports/tomtom_trafic_index.csv,2026-07-27T19:18:34Z,(c) TomTom via MIT-licensed repo republication,verified
2022-01-03T21:00:00Z,2022-01-04T00:00:00+03:00,2022-01-04,0,0,0,CITY_RIYADH,Riyadh (city-wide),24.7136,46.6753,,,7,"TomTom daily congestion level: extra travel time vs free-flow conditions, percent, city-wide daily average; field passed through unchanged from api.midway.tomtom.com/ranking/dailyStats/SAU_riyadh by ActiveConclusion/COVID19_mobility scraper",1440,tomtom_dailystats_api_via_activeconclusion_github,https://github.com/ActiveConclusion/COVID19_mobility/blob/master/tomtom_reports/tomtom_trafic_index.csv,2026-07-27T19:18:34Z,(c) TomTom via MIT-licensed repo republication,verified
2022-01-04T21:00:00Z,2022-01-05T00:00:00+03:00,2022-01-05,0,0,0,CITY_RIYADH,Riyadh (city-wide),24.7136,46.6753,,,8,"TomTom daily congestion level: extra travel time vs free-flow conditions, percent, city-wide daily average; field passed through unchanged from api.midway.tomtom.com/ranking/dailyStats/SAU_riyadh by ActiveConclusion/COVID19_mobility scraper",1440,tomtom_dailystats_api_via_activeconclusion_github,https://github.com/ActiveConclusion/COVID19_mobility/blob/master/tomtom_reports/tomtom_trafic_index.csv,2026-07-27T19:18:34Z,(c) TomTom via MIT-licensed repo republication,verified
2022-01-05T21:00:00Z,2022-01-06T00:00:00+03:00,2022-01-06,0,0,0,CITY_RIYADH,Riyadh (city-wide),24.7136,46.6753,,,8,"TomTom daily congestion level: extra travel time vs free-flow conditions, percent, city-wide daily average; field passed through unchanged from api.midway.tomtom.com/ranking/dailyStats/SAU_riyadh by ActiveConclusion/COVID19_mobility scraper",1440,tomtom_dailystats_api_via_activeconclusion_github,https://github.com/ActiveConclusion/COVID19_mobility/blob/master/tomtom_reports/tomtom_trafic_index.csv,2026-07-27T19:18:34Z,(c) TomTom via MIT-licensed repo republication,verified
2022-01-06T21:00:00Z,2022-01-07T00:00:00+03:00,2022-01-07,0,0,0,CITY_RIYADH,Riyadh (city-wide),24.7136,46.6753,,,3,"TomTom daily congestion level: extra travel time vs free-flow conditions, percent, city-wide daily average; field passed through unchanged from api.midway.tomtom.com/ranking/dailyStats/SAU_riyadh by ActiveConclusion/COVID19_mobility scraper",1440,tomtom_dailystats_api_via_activeconclusion_github,https://github.com/ActiveConclusion/COVID19_mobility/blob/master/tomtom_reports/tomtom_trafic_index.csv,2026-07-27T19:18:34Z,(c) TomTom via MIT-licensed repo republication,verified
2022-01-07T21:00:00Z,2022-01-08T00:00:00+03:00,2022-01-08,0,0,0,CITY_RIYADH,Riyadh (city-wide),24.7136,46.6753,,,5,"TomTom daily congestion level: extra travel time vs free-flow conditions, percent, city-wide daily average; field passed through unchanged from api.midway.tomtom.com/ranking/dailyStats/SAU_riyadh by ActiveConclusion/COVID19_mobility scraper",1440,tomtom_dailystats_api_via_activeconclusion_github,https://github.com/ActiveConclusion/COVID19_mobility/blob/master/tomtom_reports/tomtom_trafic_index.csv,2026-07-27T19:18:34Z,(c) TomTom via MIT-licensed repo republication,verified
2022-01-08T21:00:00Z,2022-01-09T00:00:00+03:00,2022-01-09,0,0,0,CITY_RIYADH,Riyadh (city-wide),24.7136,46.6753,,,5,"TomTom daily congestion level: extra travel time vs free-flow conditions, percent, city-wide daily average; field passed through unchanged from api.midway.tomtom.com/ranking/dailyStats/SAU_riyadh by ActiveConclusion/COVID19_mobility scraper",1440,tomtom_dailystats_api_via_activeconclusion_github,https://github.com/ActiveConclusion/COVID19_mobility/blob/master/tomtom_reports/tomtom_trafic_index.csv,2026-07-27T19:18:34Z,(c) TomTom via MIT-licensed repo republication,verified
2022-01-09T21:00:00Z,2022-01-10T00:00:00+03:00,2022-01-10,0,0,0,CITY_RIYADH,Riyadh (city-wide),24.7136,46.6753,,,6,"TomTom daily congestion level: extra travel time vs free-flow conditions, percent, city-wide daily average; field passed through unchanged from api.midway.tomtom.com/ranking/dailyStats/SAU_riyadh by ActiveConclusion/COVID19_mobility scraper",1440,tomtom_dailystats_api_via_activeconclusion_github,https://github.com/ActiveConclusion/COVID19_mobility/blob/master/tomtom_reports/tomtom_trafic_index.csv,2026-07-27T19:18:34Z,(c) TomTom via MIT-licensed repo republication,verified
2022-01-10T21:00:00Z,2022-01-11T00:00:00+03:00,2022-01-11,0,0,0,CITY_RIYADH,Riyadh (city-wide),24.7136,46.6753,,,5,"TomTom daily congestion level: extra travel time vs free-flow conditions, percent, city-wide daily average; field passed through unchanged from api.midway.tomtom.com/ranking/dailyStats/SAU_riyadh by ActiveConclusion/COVID19_mobility scraper",1440,tomtom_dailystats_api_via_activeconclusion_github,https://github.com/ActiveConclusion/COVID19_mobility/blob/master/tomtom_reports/tomtom_trafic_index.csv,2026-07-27T19:18:34Z,(c) TomTom via MIT-licensed repo republication,verified
2022-01-11T21:00:00Z,2022-01-12T00:00:00+03:00,2022-01-12,0,0,0,CITY_RIYADH,Riyadh (city-wide),24.7136,46.6753,,,5,"TomTom daily congestion level: extra travel time vs free-flow conditions, percent, city-wide daily average; field passed through unchanged from api.midway.tomtom.com/ranking/dailyStats/SAU_riyadh by ActiveConclusion/COVID19_mobility scraper",1440,tomtom_dailystats_api_via_activeconclusion_github,https://github.com/ActiveConclusion/COVID19_mobility/blob/master/tomtom_reports/tomtom_trafic_index.csv,2026-07-27T19:18:34Z,(c) TomTom via MIT-licensed repo republication,verified
2022-01-12T21:00:00Z,2022-01-13T00:00:00+03:00,2022-01-13,0,0,0,CITY_RIYADH,Riyadh (city-wide),24.7136,46.6753,,,5,"TomTom daily congestion level: extra travel time vs free-flow conditions, percent, city-wide daily average; field passed through unchanged from api.midway.tomtom.com/ranking/dailyStats/SAU_riyadh by ActiveConclusion/COVID19_mobility scraper",1440,tomtom_dailystats_api_via_activeconclusion_github,https://github.com/ActiveConclusion/COVID19_mobility/blob/master/tomtom_reports/tomtom_trafic_index.csv,2026-07-27T19:18:34Z,(c) TomTom via MIT-licensed repo republication,verified
2022-01-13T21:00:00Z,2022-01-14T00:00:00+03:00,2022-01-14,0,0,0,CITY_RIYADH,Riyadh (city-wide),24.7136,46.6753,,,10,"TomTom daily congestion level: extra travel time vs free-flow conditions, percent, city-wide daily average; field passed through unchanged from api.midway.tomtom.com/ranking/dailyStats/SAU_riyadh by ActiveConclusion/COVID19_mobility scraper",1440,tomtom_dailystats_api_via_activeconclusion_github,https://github.com/ActiveConclusion/COVID19_mobility/blob/master/tomtom_reports/tomtom_trafic_index.csv,2026-07-27T19:18:34Z,(c) TomTom via MIT-licensed repo republication,verified
2022-01-14T21:00:00Z,2022-01-15T00:00:00+03:00,2022-01-15,0,0,0,CITY_RIYADH,Riyadh (city-wide),24.7136,46.6753,,,13,"TomTom daily congestion level: extra travel time vs free-flow conditions, percent, city-wide daily average; field passed through unchanged from api.midway.tomtom.com/ranking/dailyStats/SAU_riyadh by ActiveConclusion/COVID19_mobility scraper",1440,tomtom_dailystats_api_via_activeconclusion_github,https://github.com/ActiveConclusion/COVID19_mobility/blob/master/tomtom_reports/tomtom_trafic_index.csv,2026-07-27T19:18:34Z,(c) TomTom via MIT-licensed repo republication,verified
2022-01-15T21:00:00Z,2022-01-16T00:00:00+03:00,2022-01-16,0,0,0,CITY_RIYADH,Riyadh (city-wide),24.7136,46.6753,,,6,"TomTom daily congestion level: extra travel time vs free-flow conditions, percent, city-wide daily average; field passed through unchanged from api.midway.tomtom.com/ranking/dailyStats/SAU_riyadh by ActiveConclusion/COVID19_mobility scraper",1440,tomtom_dailystats_api_via_activeconclusion_github,https://github.com/ActiveConclusion/COVID19_mobility/blob/master/tomtom_reports/tomtom_trafic_index.csv,2026-07-27T19:18:34Z,(c) TomTom via MIT-licensed repo republication,verified
2022-01-16T21:00:00Z,2022-01-17T00:00:00+03:00,2022-01-17,0,0,0,CITY_RIYADH,Riyadh (city-wide),24.7136,46.6753,,,5,"TomTom daily congestion level: extra travel time vs free-flow conditions, percent, city-wide daily average; field passed through unchanged from api.midway.tomtom.com/ranking/dailyStats/SAU_riyadh by ActiveConclusion/COVID19_mobility scraper",1440,tomtom_dailystats_api_via_activeconclusion_github,https://github.com/ActiveConclusion/COVID19_mobility/blob/master/tomtom_reports/tomtom_trafic_index.csv,2026-07-27T19:18:34Z,(c) TomTom via MIT-licensed repo republication,verified
2022-01-17T21:00:00Z,2022-01-18T00:00:00+03:00,2022-01-18,0,0,0,CITY_RIYADH,Riyadh (city-wide),24.7136,46.6753,,,5,"TomTom daily congestion level: extra travel time vs free-flow conditions, percent, city-wide daily average; field passed through unchanged from api.midway.tomtom.com/ranking/dailyStats/SAU_riyadh by ActiveConclusion/COVID19_mobility scraper",1440,tomtom_dailystats_api_via_activeconclusion_github,https://github.com/ActiveConclusion/COVID19_mobility/blob/master/tomtom_reports/tomtom_trafic_index.csv,2026-07-27T19:18:34Z,(c) TomTom via MIT-licensed repo republication,verified
2022-01-18T21:00:00Z,2022-01-19T00:00:00+03:00,2022-01-19,0,0,0,CITY_RIYADH,Riyadh (city-wide),24.7136,46.6753,,,5,"TomTom daily congestion level: extra travel time vs free-flow conditions, percent, city-wide daily average; field passed through unchanged from api.midway.tomtom.com/ranking/dailyStats/SAU_riyadh by ActiveConclusion/COVID19_mobility scraper",1440,tomtom_dailystats_api_via_activeconclusion_github,https://github.com/ActiveConclusion/COVID19_mobility/blob/master/tomtom_reports/tomtom_trafic_index.csv,2026-07-27T19:18:34Z,(c) TomTom via MIT-licensed repo republication,verified
2022-01-19T21:00:00Z,2022-01-20T00:00:00+03:00,2022-01-20,0,0,0,CITY_RIYADH,Riyadh (city-wide),24.7136,46.6753,,,6,"TomTom daily congestion level: extra travel time vs free-flow conditions, percent, city-wide daily average; field passed through unchanged from api.midway.tomtom.com/ranking/dailyStats/SAU_riyadh by ActiveConclusion/COVID19_mobility scraper",1440,tomtom_dailystats_api_via_activeconclusion_github,https://github.com/ActiveConclusion/COVID19_mobility/blob/master/tomtom_reports/tomtom_trafic_index.csv,2026-07-27T19:18:34Z,(c) TomTom via MIT-licensed repo republication,verified
2022-01-20T21:00:00Z,2022-01-21T00:00:00+03:00,2022-01-21,0,0,0,CITY_RIYADH,Riyadh (city-wide),24.7136,46.6753,,,2,"TomTom daily congestion level: extra travel time vs free-flow conditions, percent, city-wide daily average; field passed through unchanged from api.midway.tomtom.com/ranking/dailyStats/SAU_riyadh by ActiveConclusion/COVID19_mobility scraper",1440,tomtom_dailystats_api_via_activeconclusion_github,https://github.com/ActiveConclusion/COVID19_mobility/blob/master/tomtom_reports/tomtom_trafic_index.csv,2026-07-27T19:18:34Z,(c) TomTom via MIT-licensed repo republication,verified
2022-01-21T21:00:00Z,2022-01-22T00:00:00+03:00,2022-01-22,0,0,0,CITY_RIYADH,Riyadh (city-wide),24.7136,46.6753,,,5,"TomTom daily congestion level: extra travel time vs free-flow conditions, percent, city-wide daily average; field passed through unchanged from api.midway.tomtom.com/ranking/dailyStats/SAU_riyadh by ActiveConclusion/COVID19_mobility scraper",1440,tomtom_dailystats_api_via_activeconclusion_github,https://github.com/ActiveConclusion/COVID19_mobility/blob/master/tomtom_reports/tomtom_trafic_index.csv,2026-07-27T19:18:34Z,(c) TomTom via MIT-licensed repo republication,verified
2022-01-22T21:00:00Z,2022-01-23T00:00:00+03:00,2022-01-23,0,0,0,CITY_RIYADH,Riyadh (city-wide),24.7136,46.6753,,,7,"TomTom daily congestion level: extra travel time vs free-flow conditions, percent, city-wide daily average; field passed through unchanged from api.midway.tomtom.com/ranking/dailyStats/SAU_riyadh by ActiveConclusion/COVID19_mobility scraper",1440,tomtom_dailystats_api_via_activeconclusion_github,https://github.com/ActiveConclusion/COVID19_mobility/blob/master/tomtom_reports/tomtom_trafic_index.csv,2026-07-27T19:18:34Z,(c) TomTom via MIT-licensed repo republication,verified
2022-01-23T21:00:00Z,2022-01-24T00:00:00+03:00,2022-01-24,0,0,0,CITY_RIYADH,Riyadh (city-wide),24.7136,46.6753,,,7,"TomTom daily congestion level: extra travel time vs free-flow conditions, percent, city-wide daily average; field passed through unchanged from api.midway.tomtom.com/ranking/dailyStats/SAU_riyadh by ActiveConclusion/COVID19_mobility scraper",1440,tomtom_dailystats_api_via_activeconclusion_github,https://github.com/ActiveConclusion/COVID19_mobility/blob/master/tomtom_reports/tomtom_trafic_index.csv,2026-07-27T19:18:34Z,(c) TomTom via MIT-licensed repo republication,verified
2022-01-24T21:00:00Z,2022-01-25T00:00:00+03:00,2022-01-25,0,0,0,CITY_RIYADH,Riyadh (city-wide),24.7136,46.6753,,,8,"TomTom daily congestion level: extra travel time vs free-flow conditions, percent, city-wide daily average; field passed through unchanged from api.midway.tomtom.com/ranking/dailyStats/SAU_riyadh by ActiveConclusion/COVID19_mobility scraper",1440,tomtom_dailystats_api_via_activeconclusion_github,https://github.com/ActiveConclusion/COVID19_mobility/blob/master/tomtom_reports/tomtom_trafic_index.csv,2026-07-27T19:18:34Z,(c) TomTom via MIT-licensed repo republication,verified
2022-01-25T21:00:00Z,2022-01-26T00:00:00+03:00,2022-01-26,0,0,0,CITY_RIYADH,Riyadh (city-wide),24.7136,46.6753,,,8,"TomTom daily congestion level: extra travel time vs free-flow conditions, percent, city-wide daily average; field passed through unchanged from api.midway.tomtom.com/ranking/dailyStats/SAU_riyadh by ActiveConclusion/COVID19_mobility scraper",1440,tomtom_dailystats_api_via_activeconclusion_github,https://github.com/ActiveConclusion/COVID19_mobility/blob/master/tomtom_reports/tomtom_trafic_index.csv,2026-07-27T19:18:34Z,(c) TomTom via MIT-licensed repo republication,verified
2022-01-26T21:00:00Z,2022-01-27T00:00:00+03:00,2022-01-27,0,0,0,CITY_RIYADH,Riyadh (city-wide),24.7136,46.6753,,,11,"TomTom daily congestion level: extra travel time vs free-flow conditions, percent, city-wide daily average; field passed through unchanged from api.midway.tomtom.com/ranking/dailyStats/SAU_riyadh by ActiveConclusion/COVID19_mobility scraper",1440,tomtom_dailystats_api_via_activeconclusion_github,https://github.com/ActiveConclusion/COVID19_mobility/blob/master/tomtom_reports/tomtom_trafic_index.csv,2026-07-27T19:18:34Z,(c) TomTom via MIT-licensed repo republication,verified
2022-01-27T21:00:00Z,2022-01-28T00:00:00+03:00,2022-01-28,0,0,0,CITY_RIYADH,Riyadh (city-wide),24.7136,46.6753,,,5,"TomTom daily congestion level: extra travel time vs free-flow conditions, percent, city-wide daily average; field passed through unchanged from api.midway.tomtom.com/ranking/dailyStats/SAU_riyadh by ActiveConclusion/COVID19_mobility scraper",1440,tomtom_dailystats_api_via_activeconclusion_github,https://github.com/ActiveConclusion/COVID19_mobility/blob/master/tomtom_reports/tomtom_trafic_index.csv,2026-07-27T19:18:34Z,(c) TomTom via MIT-licensed repo republication,verified
2022-01-28T21:00:00Z,2022-01-29T00:00:00+03:00,2022-01-29,0,0,0,CITY_RIYADH,Riyadh (city-wide),24.7136,46.6753,,,6,"TomTom daily congestion level: extra travel time vs free-flow conditions, percent, city-wide daily average; field passed through unchanged from api.midway.tomtom.com/ranking/dailyStats/SAU_riyadh by ActiveConclusion/COVID19_mobility scraper",1440,tomtom_dailystats_api_via_activeconclusion_github,https://github.com/ActiveConclusion/COVID19_mobility/blob/master/tomtom_reports/tomtom_trafic_index.csv,2026-07-27T19:18:34Z,(c) TomTom via MIT-licensed repo republication,verified
2022-01-29T21:00:00Z,2022-01-30T00:00:00+03:00,2022-01-30,0,0,0,CITY_RIYADH,Riyadh (city-wide),24.7136,46.6753,,,11,"TomTom daily congestion level: extra travel time vs free-flow conditions, percent, city-wide daily average; field passed through unchanged from api.midway.tomtom.com/ranking/dailyStats/SAU_riyadh by ActiveConclusion/COVID19_mobility scraper",1440,tomtom_dailystats_api_via_activeconclusion_github,https://github.com/ActiveConclusion/COVID19_mobility/blob/master/tomtom_reports/tomtom_trafic_index.csv,2026-07-27T19:18:34Z,(c) TomTom via MIT-licensed repo republication,verified
2022-01-30T21:00:00Z,2022-01-31T00:00:00+03:00,2022-01-31,0,0,0,CITY_RIYADH,Riyadh (city-wide),24.7136,46.6753,,,11,"TomTom daily congestion level: extra travel time vs free-flow conditions, percent, city-wide daily average; field passed through unchanged from api.midway.tomtom.com/ranking/dailyStats/SAU_riyadh by ActiveConclusion/COVID19_mobility scraper",1440,tomtom_dailystats_api_via_activeconclusion_github,https://github.com/ActiveConclusion/COVID19_mobility/blob/master/tomtom_reports/tomtom_trafic_index.csv,2026-07-27T19:18:34Z,(c) TomTom via MIT-licensed repo republication,verified
2022-01-31T21:00:00Z,2022-02-01T00:00:00+03:00,2022-02-01,0,0,0,CITY_RIYADH,Riyadh (city-wide),24.7136,46.6753,,,12,"TomTom daily congestion level: extra travel time vs free-flow conditions, percent, city-wide daily average; field passed through unchanged from api.midway.tomtom.com/ranking/dailyStats/SAU_riyadh by ActiveConclusion/COVID19_mobility scraper",1440,tomtom_dailystats_api_via_activeconclusion_github,https://github.com/ActiveConclusion/COVID19_mobility/blob/master/tomtom_reports/tomtom_trafic_index.csv,2026-07-27T19:18:34Z,(c) TomTom via MIT-licensed repo republication,verified
2022-02-01T21:00:00Z,2022-02-02T00:00:00+03:00,2022-02-02,0,0,0,CITY_RIYADH,Riyadh (city-wide),24.7136,46.6753,,,10,"TomTom daily congestion level: extra travel time vs free-flow conditions, percent, city-wide daily average; field passed through unchanged from api.midway.tomtom.com/ranking/dailyStats/SAU_riyadh by ActiveConclusion/COVID19_mobility scraper",1440,tomtom_dailystats_api_via_activeconclusion_github,https://github.com/ActiveConclusion/COVID19_mobility/blob/master/tomtom_reports/tomtom_trafic_index.csv,2026-07-27T19:18:34Z,(c) TomTom via MIT-licensed repo republication,verified
2022-02-02T21:00:00Z,2022-02-03T00:00:00+03:00,2022-02-03,0,0,0,CITY_RIYADH,Riyadh (city-wide),24.7136,46.6753,,,10,"TomTom daily congestion level: extra travel time vs free-flow conditions, percent, city-wide daily average; field passed through unchanged from api.midway.tomtom.com/ranking/dailyStats/SAU_riyadh by ActiveConclusion/COVID19_mobility scraper",1440,tomtom_dailystats_api_via_activeconclusion_github,https://github.com/ActiveConclusion/COVID19_mobility/blob/master/tomtom_reports/tomtom_trafic_index.csv,2026-07-27T19:18:34Z,(c) TomTom via MIT-licensed repo republication,verified
2022-02-03T21:00:00Z,2022-02-04T00:00:00+03:00,2022-02-04,0,0,0,CITY_RIYADH,Riyadh (city-wide),24.7136,46.6753,,,4,"TomTom daily congestion level: extra travel time vs free-flow conditions, percent, city-wide daily average; field passed through unchanged from api.midway.tomtom.com/ranking/dailyStats/SAU_riyadh by ActiveConclusion/COVID19_mobility scraper",1440,tomtom_dailystats_api_via_activeconclusion_github,https://github.com/ActiveConclusion/COVID19_mobility/blob/master/tomtom_reports/tomtom_trafic_index.csv,2026-07-27T19:18:34Z,(c) TomTom via MIT-licensed repo republication,verified
2022-02-04T21:00:00Z,2022-02-05T00:00:00+03:00,2022-02-05,0,0,0,CITY_RIYADH,Riyadh (city-wide),24.7136,46.6753,,,6,"TomTom daily congestion level: extra travel time vs free-flow conditions, percent, city-wide daily average; field passed through unchanged from api.midway.tomtom.com/ranking/dailyStats/SAU_riyadh by ActiveConclusion/COVID19_mobility scraper",1440,tomtom_dailystats_api_via_activeconclusion_github,https://github.com/ActiveConclusion/COVID19_mobility/blob/master/tomtom_reports/tomtom_trafic_index.csv,2026-07-27T19:18:34Z,(c) TomTom via MIT-licensed repo republication,verified
2022-02-05T21:00:00Z,2022-02-06T00:00:00+03:00,2022-02-06,0,0,0,CITY_RIYADH,Riyadh (city-wide),24.7136,46.6753,,,11,"TomTom daily congestion level: extra travel time vs free-flow conditions, percent, city-wide daily average; field passed through unchanged from api.midway.tomtom.com/ranking/dailyStats/SAU_riyadh by ActiveConclusion/COVID19_mobility scraper",1440,tomtom_dailystats_api_via_activeconclusion_github,https://github.com/ActiveConclusion/COVID19_mobility/blob/master/tomtom_reports/tomtom_trafic_index.csv,2026-07-27T19:18:34Z,(c) TomTom via MIT-licensed repo republication,verified
2022-02-06T21:00:00Z,2022-02-07T00:00:00+03:00,2022-02-07,0,0,0,CITY_RIYADH,Riyadh (city-wide),24.7136,46.6753,,,11,"TomTom daily congestion level: extra travel time vs free-flow conditions, percent, city-wide daily average; field passed through unchanged from api.midway.tomtom.com/ranking/dailyStats/SAU_riyadh by ActiveConclusion/COVID19_mobility scraper",1440,tomtom_dailystats_api_via_activeconclusion_github,https://github.com/ActiveConclusion/COVID19_mobility/blob/master/tomtom_reports/tomtom_trafic_index.csv,2026-07-27T19:18:34Z,(c) TomTom via MIT-licensed repo republication,verified
2022-02-07T21:00:00Z,2022-02-08T00:00:00+03:00,2022-02-08,0,0,0,CITY_RIYADH,Riyadh (city-wide),24.7136,46.6753,,,12,"TomTom daily congestion level: extra travel time vs free-flow conditions, percent, city-wide daily average; field passed through unchanged from api.midway.tomtom.com/ranking/dailyStats/SAU_riyadh by ActiveConclusion/COVID19_mobility scraper",1440,tomtom_dailystats_api_via_activeconclusion_github,https://github.com/ActiveConclusion/COVID19_mobility/blob/master/tomtom_reports/tomtom_trafic_index.csv,2026-07-27T19:18:34Z,(c) TomTom via MIT-licensed repo republication,verified
2022-02-08T21:00:00Z,2022-02-09T00:00:00+03:00,2022-02-09,0,0,0,CITY_RIYADH,Riyadh (city-wide),24.7136,46.6753,,,11,"TomTom daily congestion level: extra travel time vs free-flow conditions, percent, city-wide daily average; field passed through unchanged from api.midway.tomtom.com/ranking/dailyStats/SAU_riyadh by ActiveConclusion/COVID19_mobility scraper",1440,tomtom_dailystats_api_via_activeconclusion_github,https://github.com/ActiveConclusion/COVID19_mobility/blob/master/tomtom_reports/tomtom_trafic_index.csv,2026-07-27T19:18:34Z,(c) TomTom via MIT-licensed repo republication,verified
2022-02-09T21:00:00Z,2022-02-10T00:00:00+03:00,2022-02-10,0,0,0,CITY_RIYADH,Riyadh (city-wide),24.7136,46.6753,,,12,"TomTom daily congestion level: extra travel time vs free-flow conditions, percent, city-wide daily average; field passed through unchanged from api.midway.tomtom.com/ranking/dailyStats/SAU_riyadh by ActiveConclusion/COVID19_mobility scraper",1440,tomtom_dailystats_api_via_activeconclusion_github,https://github.com/ActiveConclusion/COVID19_mobility/blob/master/tomtom_reports/tomtom_trafic_index.csv,2026-07-27T19:18:34Z,(c) TomTom via MIT-licensed repo republication,verified
2022-02-10T21:00:00Z,2022-02-11T00:00:00+03:00,2022-02-11,0,0,0,CITY_RIYADH,Riyadh (city-wide),24.7136,46.6753,,,4,"TomTom daily congestion level: extra travel time vs free-flow conditions, percent, city-wide daily average; field passed through unchanged from api.midway.tomtom.com/ranking/dailyStats/SAU_riyadh by ActiveConclusion/COVID19_mobility scraper",1440,tomtom_dailystats_api_via_activeconclusion_github,https://github.com/ActiveConclusion/COVID19_mobility/blob/master/tomtom_reports/tomtom_trafic_index.csv,2026-07-27T19:18:34Z,(c) TomTom via MIT-licensed repo republication,verified
2022-02-11T21:00:00Z,2022-02-12T00:00:00+03:00,2022-02-12,0,0,0,CITY_RIYADH,Riyadh (city-wide),24.7136,46.6753,,,5,"TomTom daily congestion level: extra travel time vs free-flow conditions, percent, city-wide daily average; field passed through unchanged from api.midway.tomtom.com/ranking/dailyStats/SAU_riyadh by ActiveConclusion/COVID19_mobility scraper",1440,tomtom_dailystats_api_via_activeconclusion_github,https://github.com/ActiveConclusion/COVID19_mobility/blob/master/tomtom_reports/tomtom_trafic_index.csv,2026-07-27T19:18:34Z,(c) TomTom via MIT-licensed repo republication,verified
2022-02-12T21:00:00Z,2022-02-13T00:00:00+03:00,2022-02-13,0,0,0,CITY_RIYADH,Riyadh (city-wide),24.7136,46.6753,,,12,"TomTom daily congestion level: extra travel time vs free-flow conditions, percent, city-wide daily average; field passed through unchanged from api.midway.tomtom.com/ranking/dailyStats/SAU_riyadh by ActiveConclusion/COVID19_mobility scraper",1440,tomtom_dailystats_api_via_activeconclusion_github,https://github.com/ActiveConclusion/COVID19_mobility/blob/master/tomtom_reports/tomtom_trafic_index.csv,2026-07-27T19:18:34Z,(c) TomTom via MIT-licensed repo republication,verified
2022-02-13T21:00:00Z,2022-02-14T00:00:00+03:00,2022-02-14,0,0,0,CITY_RIYADH,Riyadh (city-wide),24.7136,46.6753,,,14,"TomTom daily congestion level: extra travel time vs free-flow conditions, percent, city-wide daily average; field passed through unchanged from api.midway.tomtom.com/ranking/dailyStats/SAU_riyadh by ActiveConclusion/COVID19_mobility scraper",1440,tomtom_dailystats_api_via_activeconclusion_github,https://github.com/ActiveConclusion/COVID19_mobility/blob/master/tomtom_reports/tomtom_trafic_index.csv,2026-07-27T19:18:34Z,(c) TomTom via MIT-licensed repo republication,verified
2022-02-14T21:00:00Z,2022-02-15T00:00:00+03:00,2022-02-15,0,0,0,CITY_RIYADH,Riyadh (city-wide),24.7136,46.6753,,,12,"TomTom daily congestion level: extra travel time vs free-flow conditions, percent, city-wide daily average; field passed through unchanged from api.midway.tomtom.com/ranking/dailyStats/SAU_riyadh by ActiveConclusion/COVID19_mobility scraper",1440,tomtom_dailystats_api_via_activeconclusion_github,https://github.com/ActiveConclusion/COVID19_mobility/blob/master/tomtom_reports/tomtom_trafic_index.csv,2026-07-27T19:18:34Z,(c) TomTom via MIT-licensed repo republication,verified
2022-02-15T21:00:00Z,2022-02-16T00:00:00+03:00,2022-02-16,0,0,0,CITY_RIYADH,Riyadh (city-wide),24.7136,46.6753,,,8,"TomTom daily congestion level: extra travel time vs free-flow conditions, percent, city-wide daily average; field passed through unchanged from api.midway.tomtom.com/ranking/dailyStats/SAU_riyadh by ActiveConclusion/COVID19_mobility scraper",1440,tomtom_dailystats_api_via_activeconclusion_github,https://github.com/ActiveConclusion/COVID19_mobility/blob/master/tomtom_reports/tomtom_trafic_index.csv,2026-07-27T19:18:34Z,(c) TomTom via MIT-licensed repo republication,verified
2022-02-16T21:00:00Z,2022-02-17T00:00:00+03:00,2022-02-17,0,0,0,CITY_RIYADH,Riyadh (city-wide),24.7136,46.6753,,,8,"TomTom daily congestion level: extra travel time vs free-flow conditions, percent, city-wide daily average; field passed through unchanged from api.midway.tomtom.com/ranking/dailyStats/SAU_riyadh by ActiveConclusion/COVID19_mobility scraper",1440,tomtom_dailystats_api_via_activeconclusion_github,https://github.com/ActiveConclusion/COVID19_mobility/blob/master/tomtom_reports/tomtom_trafic_index.csv,2026-07-27T19:18:34Z,(c) TomTom via MIT-licensed repo republication,verified
2022-02-17T21:00:00Z,2022-02-18T00:00:00+03:00,2022-02-18,0,0,0,CITY_RIYADH,Riyadh (city-wide),24.7136,46.6753,,,3,"TomTom daily congestion level: extra travel time vs free-flow conditions, percent, city-wide daily average; field passed through unchanged from api.midway.tomtom.com/ranking/dailyStats/SAU_riyadh by ActiveConclusion/COVID19_mobility scraper",1440,tomtom_dailystats_api_via_activeconclusion_github,https://github.com/ActiveConclusion/COVID19_mobility/blob/master/tomtom_reports/tomtom_trafic_index.csv,2026-07-27T19:18:34Z,(c) TomTom via MIT-licensed repo republication,verified
2022-02-18T21:00:00Z,2022-02-19T00:00:00+03:00,2022-02-19,0,0,0,CITY_RIYADH,Riyadh (city-wide),24.7136,46.6753,,,4,"TomTom daily congestion level: extra travel time vs free-flow conditions, percent, city-wide daily average; field passed through unchanged from api.midway.tomtom.com/ranking/dailyStats/SAU_riyadh by ActiveConclusion/COVID19_mobility scraper",1440,tomtom_dailystats_api_via_activeconclusion_github,https://github.com/ActiveConclusion/COVID19_mobility/blob/master/tomtom_reports/tomtom_trafic_index.csv,2026-07-27T19:18:34Z,(c) TomTom via MIT-licensed repo republication,verified
2022-02-19T21:00:00Z,2022-02-20T00:00:00+03:00,2022-02-20,0,0,0,CITY_RIYADH,Riyadh (city-wide),24.7136,46.6753,,,11,"TomTom daily congestion level: extra travel time vs free-flow conditions, percent, city-wide daily average; field passed through unchanged from api.midway.tomtom.com/ranking/dailyStats/SAU_riyadh by ActiveConclusion/COVID19_mobility scraper",1440,tomtom_dailystats_api_via_activeconclusion_github,https://github.com/ActiveConclusion/COVID19_mobility/blob/master/tomtom_reports/tomtom_trafic_index.csv,2026-07-27T19:18:34Z,(c) TomTom via MIT-licensed repo republication,verified
2022-02-20T21:00:00Z,2022-02-21T00:00:00+03:00,2022-02-21,0,0,0,CITY_RIYADH,Riyadh (city-wide),24.7136,46.6753,,,12,"TomTom daily congestion level: extra travel time vs free-flow conditions, percent, city-wide daily average; field passed through unchanged from api.midway.tomtom.com/ranking/dailyStats/SAU_riyadh by ActiveConclusion/COVID19_mobility scraper",1440,tomtom_dailystats_api_via_activeconclusion_github,https://github.com/ActiveConclusion/COVID19_mobility/blob/master/tomtom_reports/tomtom_trafic_index.csv,2026-07-27T19:18:34Z,(c) TomTom via MIT-licensed repo republication,verified
2022-02-21T21:00:00Z,2022-02-22T00:00:00+03:00,2022-02-22,0,0,0,CITY_RIYADH,Riyadh (city-wide),24.7136,46.6753,,,11,"TomTom daily congestion level: extra travel time vs free-flow conditions, percent, city-wide daily average; field passed through unchanged from api.midway.tomtom.com/ranking/dailyStats/SAU_riyadh by ActiveConclusion/COVID19_mobility scraper",1440,tomtom_dailystats_api_via_activeconclusion_github,https://github.com/ActiveConclusion/COVID19_mobility/blob/master/tomtom_reports/tomtom_trafic_index.csv,2026-07-27T19:18:34Z,(c) TomTom via MIT-licensed repo republication,verified
2022-02-22T21:00:00Z,2022-02-23T00:00:00+03:00,2022-02-23,0,0,0,CITY_RIYADH,Riyadh (city-wide),24.7136,46.6753,,,8,"TomTom daily congestion level: extra travel time vs free-flow conditions, percent, city-wide daily average; field passed through unchanged from api.midway.tomtom.com/ranking/dailyStats/SAU_riyadh by ActiveConclusion/COVID19_mobility scraper",1440,tomtom_dailystats_api_via_activeconclusion_github,https://github.com/ActiveConclusion/COVID19_mobility/blob/master/tomtom_reports/tomtom_trafic_index.csv,2026-07-27T19:18:34Z,(c) TomTom via MIT-licensed repo republication,verified
2022-02-23T21:00:00Z,2022-02-24T00:00:00+03:00,2022-02-24,0,0,0,CITY_RIYADH,Riyadh (city-wide),24.7136,46.6753,,,8,"TomTom daily congestion level: extra travel time vs free-flow conditions, percent, city-wide daily average; field passed through unchanged from api.midway.tomtom.com/ranking/dailyStats/SAU_riyadh by ActiveConclusion/COVID19_mobility scraper",1440,tomtom_dailystats_api_via_activeconclusion_github,https://github.com/ActiveConclusion/COVID19_mobility/blob/master/tomtom_reports/tomtom_trafic_index.csv,2026-07-27T19:18:34Z,(c) TomTom via MIT-licensed repo republication,verified
2022-02-24T21:00:00Z,2022-02-25T00:00:00+03:00,2022-02-25,0,0,0,CITY_RIYADH,Riyadh (city-wide),24.7136,46.6753,,,4,"TomTom daily congestion level: extra travel time vs free-flow conditions, percent, city-wide daily average; field passed through unchanged from api.midway.tomtom.com/ranking/dailyStats/SAU_riyadh by ActiveConclusion/COVID19_mobility scraper",1440,tomtom_dailystats_api_via_activeconclusion_github,https://github.com/ActiveConclusion/COVID19_mobility/blob/master/tomtom_reports/tomtom_trafic_index.csv,2026-07-27T19:18:34Z,(c) TomTom via MIT-licensed repo republication,verified
2022-02-25T21:00:00Z,2022-02-26T00:00:00+03:00,2022-02-26,0,0,0,CITY_RIYADH,Riyadh (city-wide),24.7136,46.6753,,,3,"TomTom daily congestion level: extra travel time vs free-flow conditions, percent, city-wide daily average; field passed through unchanged from api.midway.tomtom.com/ranking/dailyStats/SAU_riyadh by ActiveConclusion/COVID19_mobility scraper",1440,tomtom_dailystats_api_via_activeconclusion_github,https://github.com/ActiveConclusion/COVID19_mobility/blob/master/tomtom_reports/tomtom_trafic_index.csv,2026-07-27T19:18:34Z,(c) TomTom via MIT-licensed repo republication,verified
2022-02-26T21:00:00Z,2022-02-27T00:00:00+03:00,2022-02-27,0,0,0,CITY_RIYADH,Riyadh (city-wide),24.7136,46.6753,,,12,"TomTom daily congestion level: extra travel time vs free-flow conditions, percent, city-wide daily average; field passed through unchanged from api.midway.tomtom.com/ranking/dailyStats/SAU_riyadh by ActiveConclusion/COVID19_mobility scraper",1440,tomtom_dailystats_api_via_activeconclusion_github,https://github.com/ActiveConclusion/COVID19_mobility/blob/master/tomtom_reports/tomtom_trafic_index.csv,2026-07-27T19:18:34Z,(c) TomTom via MIT-licensed repo republication,verified
2022-02-27T21:00:00Z,2022-02-28T00:00:00+03:00,2022-02-28,0,0,0,CITY_RIYADH,Riyadh (city-wide),24.7136,46.6753,,,13,"TomTom daily congestion level: extra travel time vs free-flow conditions, percent, city-wide daily average; field passed through unchanged from api.midway.tomtom.com/ranking/dailyStats/SAU_riyadh by ActiveConclusion/COVID19_mobility scraper",1440,tomtom_dailystats_api_via_activeconclusion_github,https://github.com/ActiveConclusion/COVID19_mobility/blob/master/tomtom_reports/tomtom_trafic_index.csv,2026-07-27T19:18:34Z,(c) TomTom via MIT-licensed repo republication,verified
2022-02-28T21:00:00Z,2022-03-01T00:00:00+03:00,2022-03-01,0,0,0,CITY_RIYADH,Riyadh (city-wide),24.7136,46.6753,,,13,"TomTom daily congestion level: extra travel time vs free-flow conditions, percent, city-wide daily average; field passed through unchanged from api.midway.tomtom.com/ranking/dailyStats/SAU_riyadh by ActiveConclusion/COVID19_mobility scraper",1440,tomtom_dailystats_api_via_activeconclusion_github,https://github.com/ActiveConclusion/COVID19_mobility/blob/master/tomtom_reports/tomtom_trafic_index.csv,2026-07-27T19:18:34Z,(c) TomTom via MIT-licensed repo republication,verified
2022-03-01T21:00:00Z,2022-03-02T00:00:00+03:00,2022-03-02,0,0,0,CITY_RIYADH,Riyadh (city-wide),24.7136,46.6753,,,13,"TomTom daily congestion level: extra travel time vs free-flow conditions, percent, city-wide daily average; field passed through unchanged from api.midway.tomtom.com/ranking/dailyStats/SAU_riyadh by ActiveConclusion/COVID19_mobility scraper",1440,tomtom_dailystats_api_via_activeconclusion_github,https://github.com/ActiveConclusion/COVID19_mobility/blob/master/tomtom_reports/tomtom_trafic_index.csv,2026-07-27T19:18:34Z,(c) TomTom via MIT-licensed repo republication,verified
2022-03-02T21:00:00Z,2022-03-03T00:00:00+03:00,2022-03-03,0,0,0,CITY_RIYADH,Riyadh (city-wide),24.7136,46.6753,,,12,"TomTom daily congestion level: extra travel time vs free-flow conditions, percent, city-wide daily average; field passed through unchanged from api.midway.tomtom.com/ranking/dailyStats/SAU_riyadh by ActiveConclusion/COVID19_mobility scraper",1440,tomtom_dailystats_api_via_activeconclusion_github,https://github.com/ActiveConclusion/COVID19_mobility/blob/master/tomtom_reports/tomtom_trafic_index.csv,2026-07-27T19:18:34Z,(c) TomTom via MIT-licensed repo republication,verified
2022-03-03T21:00:00Z,2022-03-04T00:00:00+03:00,2022-03-04,0,0,0,CITY_RIYADH,Riyadh (city-wide),24.7136,46.6753,,,2,"TomTom daily congestion level: extra travel time vs free-flow conditions, percent, city-wide daily average; field passed through unchanged from api.midway.tomtom.com/ranking/dailyStats/SAU_riyadh by ActiveConclusion/COVID19_mobility scraper",1440,tomtom_dailystats_api_via_activeconclusion_github,https://github.com/ActiveConclusion/COVID19_mobility/blob/master/tomtom_reports/tomtom_trafic_index.csv,2026-07-27T19:18:34Z,(c) TomTom via MIT-licensed repo republication,verified
2022-03-04T21:00:00Z,2022-03-05T00:00:00+03:00,2022-03-05,0,0,0,CITY_RIYADH,Riyadh (city-wide),24.7136,46.6753,,,6,"TomTom daily congestion level: extra travel time vs free-flow conditions, percent, city-wide daily average; field passed through unchanged from api.midway.tomtom.com/ranking/dailyStats/SAU_riyadh by ActiveConclusion/COVID19_mobility scraper",1440,tomtom_dailystats_api_via_activeconclusion_github,https://github.com/ActiveConclusion/COVID19_mobility/blob/master/tomtom_reports/tomtom_trafic_index.csv,2026-07-27T19:18:34Z,(c) TomTom via MIT-licensed repo republication,verified
2022-03-05T21:00:00Z,2022-03-06T00:00:00+03:00,2022-03-06,0,0,0,CITY_RIYADH,Riyadh (city-wide),24.7136,46.6753,,,11,"TomTom daily congestion level: extra travel time vs free-flow conditions, percent, city-wide daily average; field passed through unchanged from api.midway.tomtom.com/ranking/dailyStats/SAU_riyadh by ActiveConclusion/COVID19_mobility scraper",1440,tomtom_dailystats_api_via_activeconclusion_github,https://github.com/ActiveConclusion/COVID19_mobility/blob/master/tomtom_reports/tomtom_trafic_index.csv,2026-07-27T19:18:34Z,(c) TomTom via MIT-licensed repo republication,verified
2022-03-06T21:00:00Z,2022-03-07T00:00:00+03:00,2022-03-07,0,0,0,CITY_RIYADH,Riyadh (city-wide),24.7136,46.6753,,,11,"TomTom daily congestion level: extra travel time vs free-flow conditions, percent, city-wide daily average; field passed through unchanged from api.midway.tomtom.com/ranking/dailyStats/SAU_riyadh by ActiveConclusion/COVID19_mobility scraper",1440,tomtom_dailystats_api_via_activeconclusion_github,https://github.com/ActiveConclusion/COVID19_mobility/blob/master/tomtom_reports/tomtom_trafic_index.csv,2026-07-27T19:18:34Z,(c) TomTom via MIT-licensed repo republication,verified
2022-03-07T21:00:00Z,2022-03-08T00:00:00+03:00,2022-03-08,0,0,0,CITY_RIYADH,Riyadh (city-wide),24.7136,46.6753,,,11,"TomTom daily congestion level: extra travel time vs free-flow conditions, percent, city-wide daily average; field passed through unchanged from api.midway.tomtom.com/ranking/dailyStats/SAU_riyadh by ActiveConclusion/COVID19_mobility scraper",1440,tomtom_dailystats_api_via_activeconclusion_github,https://github.com/ActiveConclusion/COVID19_mobility/blob/master/tomtom_reports/tomtom_trafic_index.csv,2026-07-27T19:18:34Z,(c) TomTom via MIT-licensed repo republication,verified
2022-03-08T21:00:00Z,2022-03-09T00:00:00+03:00,2022-03-09,0,0,0,CITY_RIYADH,Riyadh (city-wide),24.7136,46.6753,,,10,"TomTom daily congestion level: extra travel time vs free-flow conditions, percent, city-wide daily average; field passed through unchanged from api.midway.tomtom.com/ranking/dailyStats/SAU_riyadh by ActiveConclusion/COVID19_mobility scraper",1440,tomtom_dailystats_api_via_activeconclusion_github,https://github.com/ActiveConclusion/COVID19_mobility/blob/master/tomtom_reports/tomtom_trafic_index.csv,2026-07-27T19:18:34Z,(c) TomTom via MIT-licensed repo republication,verified
2022-03-09T21:00:00Z,2022-03-10T00:00:00+03:00,2022-03-10,0,0,0,CITY_RIYADH,Riyadh (city-wide),24.7136,46.6753,,,12,"TomTom daily congestion level: extra travel time vs free-flow conditions, percent, city-wide daily average; field passed through unchanged from api.midway.tomtom.com/ranking/dailyStats/SAU_riyadh by ActiveConclusion/COVID19_mobility scraper",1440,tomtom_dailystats_api_via_activeconclusion_github,https://github.com/ActiveConclusion/COVID19_mobility/blob/master/tomtom_reports/tomtom_trafic_index.csv,2026-07-27T19:18:34Z,(c) TomTom via MIT-licensed repo republication,verified
2022-03-10T21:00:00Z,2022-03-11T00:00:00+03:00,2022-03-11,0,0,0,CITY_RIYADH,Riyadh (city-wide),24.7136,46.6753,,,6,"TomTom daily congestion level: extra travel time vs free-flow conditions, percent, city-wide daily average; field passed through unchanged from api.midway.tomtom.com/ranking/dailyStats/SAU_riyadh by ActiveConclusion/COVID19_mobility scraper",1440,tomtom_dailystats_api_via_activeconclusion_github,https://github.com/ActiveConclusion/COVID19_mobility/blob/master/tomtom_reports/tomtom_trafic_index.csv,2026-07-27T19:18:34Z,(c) TomTom via MIT-licensed repo republication,verified
2022-03-11T21:00:00Z,2022-03-12T00:00:00+03:00,2022-03-12,0,0,0,CITY_RIYADH,Riyadh (city-wide),24.7136,46.6753,,,7,"TomTom daily congestion level: extra travel time vs free-flow conditions, percent, city-wide daily average; field passed through unchanged from api.midway.tomtom.com/ranking/dailyStats/SAU_riyadh by ActiveConclusion/COVID19_mobility scraper",1440,tomtom_dailystats_api_via_activeconclusion_github,https://github.com/ActiveConclusion/COVID19_mobility/blob/master/tomtom_reports/tomtom_trafic_index.csv,2026-07-27T19:18:34Z,(c) TomTom via MIT-licensed repo republication,verified
2022-03-12T21:00:00Z,2022-03-13T00:00:00+03:00,2022-03-13,0,0,0,CITY_RIYADH,Riyadh (city-wide),24.7136,46.6753,,,7,"TomTom daily congestion level: extra travel time vs free-flow conditions, percent, city-wide daily average; field passed through unchanged from api.midway.tomtom.com/ranking/dailyStats/SAU_riyadh by ActiveConclusion/COVID19_mobility scraper",1440,tomtom_dailystats_api_via_activeconclusion_github,https://github.com/ActiveConclusion/COVID19_mobility/blob/master/tomtom_reports/tomtom_trafic_index.csv,2026-07-27T19:18:34Z,(c) TomTom via MIT-licensed repo republication,verified
2022-03-13T21:00:00Z,2022-03-14T00:00:00+03:00,2022-03-14,0,0,0,CITY_RIYADH,Riyadh (city-wide),24.7136,46.6753,,,8,"TomTom daily congestion level: extra travel time vs free-flow conditions, percent, city-wide daily average; field passed through unchanged from api.midway.tomtom.com/ranking/dailyStats/SAU_riyadh by ActiveConclusion/COVID19_mobility scraper",1440,tomtom_dailystats_api_via_activeconclusion_github,https://github.com/ActiveConclusion/COVID19_mobility/blob/master/tomtom_reports/tomtom_trafic_index.csv,2026-07-27T19:18:34Z,(c) TomTom via MIT-licensed repo republication,verified
2022-03-14T21:00:00Z,2022-03-15T00:00:00+03:00,2022-03-15,0,0,0,CITY_RIYADH,Riyadh (city-wide),24.7136,46.6753,,,8,"TomTom daily congestion level: extra travel time vs free-flow conditions, percent, city-wide daily average; field passed through unchanged from api.midway.tomtom.com/ranking/dailyStats/SAU_riyadh by ActiveConclusion/COVID19_mobility scraper",1440,tomtom_dailystats_api_via_activeconclusion_github,https://github.com/ActiveConclusion/COVID19_mobility/blob/master/tomtom_reports/tomtom_trafic_index.csv,2026-07-27T19:18:34Z,(c) TomTom via MIT-licensed repo republication,verified
2022-03-15T21:00:00Z,2022-03-16T00:00:00+03:00,2022-03-16,0,0,0,CITY_RIYADH,Riyadh (city-wide),24.7136,46.6753,,,9,"TomTom daily congestion level: extra travel time vs free-flow conditions, percent, city-wide daily average; field passed through unchanged from api.midway.tomtom.com/ranking/dailyStats/SAU_riyadh by ActiveConclusion/COVID19_mobility scraper",1440,tomtom_dailystats_api_via_activeconclusion_github,https://github.com/ActiveConclusion/COVID19_mobility/blob/master/tomtom_reports/tomtom_trafic_index.csv,2026-07-27T19:18:34Z,(c) TomTom via MIT-licensed repo republication,verified
2022-03-16T21:00:00Z,2022-03-17T00:00:00+03:00,2022-03-17,0,0,0,CITY_RIYADH,Riyadh (city-wide),24.7136,46.6753,,,8,"TomTom daily congestion level: extra travel time vs free-flow conditions, percent, city-wide daily average; field passed through unchanged from api.midway.tomtom.com/ranking/dailyStats/SAU_riyadh by ActiveConclusion/COVID19_mobility scraper",1440,tomtom_dailystats_api_via_activeconclusion_github,https://github.com/ActiveConclusion/COVID19_mobility/blob/master/tomtom_reports/tomtom_trafic_index.csv,2026-07-27T19:18:34Z,(c) TomTom via MIT-licensed repo republication,verified
2022-03-17T21:00:00Z,2022-03-18T00:00:00+03:00,2022-03-18,0,0,0,CITY_RIYADH,Riyadh (city-wide),24.7136,46.6753,,,4,"TomTom daily congestion level: extra travel time vs free-flow conditions, percent, city-wide daily average; field passed through unchanged from api.midway.tomtom.com/ranking/dailyStats/SAU_riyadh by ActiveConclusion/COVID19_mobility scraper",1440,tomtom_dailystats_api_via_activeconclusion_github,https://github.com/ActiveConclusion/COVID19_mobility/blob/master/tomtom_reports/tomtom_trafic_index.csv,2026-07-27T19:18:34Z,(c) TomTom via MIT-licensed repo republication,verified
2022-03-18T21:00:00Z,2022-03-19T00:00:00+03:00,2022-03-19,0,0,0,CITY_RIYADH,Riyadh (city-wide),24.7136,46.6753,,,5,"TomTom daily congestion level: extra travel time vs free-flow conditions, percent, city-wide daily average; field passed through unchanged from api.midway.tomtom.com/ranking/dailyStats/SAU_riyadh by ActiveConclusion/COVID19_mobility scraper",1440,tomtom_dailystats_api_via_activeconclusion_github,https://github.com/ActiveConclusion/COVID19_mobility/blob/master/tomtom_reports/tomtom_trafic_index.csv,2026-07-27T19:18:34Z,(c) TomTom via MIT-licensed repo republication,verified
2022-03-19T21:00:00Z,2022-03-20T00:00:00+03:00,2022-03-20,0,0,0,CITY_RIYADH,Riyadh (city-wide),24.7136,46.6753,,,8,"TomTom daily congestion level: extra travel time vs free-flow conditions, percent, city-wide daily average; field passed through unchanged from api.midway.tomtom.com/ranking/dailyStats/SAU_riyadh by ActiveConclusion/COVID19_mobility scraper",1440,tomtom_dailystats_api_via_activeconclusion_github,https://github.com/ActiveConclusion/COVID19_mobility/blob/master/tomtom_reports/tomtom_trafic_index.csv,2026-07-27T19:18:34Z,(c) TomTom via MIT-licensed repo republication,verified
2022-03-20T21:00:00Z,2022-03-21T00:00:00+03:00,2022-03-21,0,0,0,CITY_RIYADH,Riyadh (city-wide),24.7136,46.6753,,,9,"TomTom daily congestion level: extra travel time vs free-flow conditions, percent, city-wide daily average; field passed through unchanged from api.midway.tomtom.com/ranking/dailyStats/SAU_riyadh by ActiveConclusion/COVID19_mobility scraper",1440,tomtom_dailystats_api_via_activeconclusion_github,https://github.com/ActiveConclusion/COVID19_mobility/blob/master/tomtom_reports/tomtom_trafic_index.csv,2026-07-27T19:18:34Z,(c) TomTom via MIT-licensed repo republication,verified
2022-03-21T21:00:00Z,2022-03-22T00:00:00+03:00,2022-03-22,0,0,0,CITY_RIYADH,Riyadh (city-wide),24.7136,46.6753,,,11,"TomTom daily congestion level: extra travel time vs free-flow conditions, percent, city-wide daily average; field passed through unchanged from api.midway.tomtom.com/ranking/dailyStats/SAU_riyadh by ActiveConclusion/COVID19_mobility scraper",1440,tomtom_dailystats_api_via_activeconclusion_github,https://github.com/ActiveConclusion/COVID19_mobility/blob/master/tomtom_reports/tomtom_trafic_index.csv,2026-07-27T19:18:34Z,(c) TomTom via MIT-licensed repo republication,verified
2022-03-22T21:00:00Z,2022-03-23T00:00:00+03:00,2022-03-23,0,0,0,CITY_RIYADH,Riyadh (city-wide),24.7136,46.6753,,,9,"TomTom daily congestion level: extra travel time vs free-flow conditions, percent, city-wide daily average; field passed through unchanged from api.midway.tomtom.com/ranking/dailyStats/SAU_riyadh by ActiveConclusion/COVID19_mobility scraper",1440,tomtom_dailystats_api_via_activeconclusion_github,https://github.com/ActiveConclusion/COVID19_mobility/blob/master/tomtom_reports/tomtom_trafic_index.csv,2026-07-27T19:18:34Z,(c) TomTom via MIT-licensed repo republication,verified
2022-03-23T21:00:00Z,2022-03-24T00:00:00+03:00,2022-03-24,0,0,0,CITY_RIYADH,Riyadh (city-wide),24.7136,46.6753,,,13,"TomTom daily congestion level: extra travel time vs free-flow conditions, percent, city-wide daily average; field passed through unchanged from api.midway.tomtom.com/ranking/dailyStats/SAU_riyadh by ActiveConclusion/COVID19_mobility scraper",1440,tomtom_dailystats_api_via_activeconclusion_github,https://github.com/ActiveConclusion/COVID19_mobility/blob/master/tomtom_reports/tomtom_trafic_index.csv,2026-07-27T19:18:34Z,(c) TomTom via MIT-licensed repo republication,verified
2022-03-24T21:00:00Z,2022-03-25T00:00:00+03:00,2022-03-25,0,0,0,CITY_RIYADH,Riyadh (city-wide),24.7136,46.6753,,,7,"TomTom daily congestion level: extra travel time vs free-flow conditions, percent, city-wide daily average; field passed through unchanged from api.midway.tomtom.com/ranking/dailyStats/SAU_riyadh by ActiveConclusion/COVID19_mobility scraper",1440,tomtom_dailystats_api_via_activeconclusion_github,https://github.com/ActiveConclusion/COVID19_mobility/blob/master/tomtom_reports/tomtom_trafic_index.csv,2026-07-27T19:18:34Z,(c) TomTom via MIT-licensed repo republication,verified
2022-03-25T21:00:00Z,2022-03-26T00:00:00+03:00,2022-03-26,0,0,0,CITY_RIYADH,Riyadh (city-wide),24.7136,46.6753,,,7,"TomTom daily congestion level: extra travel time vs free-flow conditions, percent, city-wide daily average; field passed through unchanged from api.midway.tomtom.com/ranking/dailyStats/SAU_riyadh by ActiveConclusion/COVID19_mobility scraper",1440,tomtom_dailystats_api_via_activeconclusion_github,https://github.com/ActiveConclusion/COVID19_mobility/blob/master/tomtom_reports/tomtom_trafic_index.csv,2026-07-27T19:18:34Z,(c) TomTom via MIT-licensed repo republication,verified
2022-03-26T21:00:00Z,2022-03-27T00:00:00+03:00,2022-03-27,0,0,0,CITY_RIYADH,Riyadh (city-wide),24.7136,46.6753,,,13,"TomTom daily congestion level: extra travel time vs free-flow conditions, percent, city-wide daily average; field passed through unchanged from api.midway.tomtom.com/ranking/dailyStats/SAU_riyadh by ActiveConclusion/COVID19_mobility scraper",1440,tomtom_dailystats_api_via_activeconclusion_github,https://github.com/ActiveConclusion/COVID19_mobility/blob/master/tomtom_reports/tomtom_trafic_index.csv,2026-07-27T19:18:34Z,(c) TomTom via MIT-licensed repo republication,verified
2022-03-27T21:00:00Z,2022-03-28T00:00:00+03:00,2022-03-28,0,0,0,CITY_RIYADH,Riyadh (city-wide),24.7136,46.6753,,,14,"TomTom daily congestion level: extra travel time vs free-flow conditions, percent, city-wide daily average; field passed through unchanged from api.midway.tomtom.com/ranking/dailyStats/SAU_riyadh by ActiveConclusion/COVID19_mobility scraper",1440,tomtom_dailystats_api_via_activeconclusion_github,https://github.com/ActiveConclusion/COVID19_mobility/blob/master/tomtom_reports/tomtom_trafic_index.csv,2026-07-27T19:18:34Z,(c) TomTom via MIT-licensed repo republication,verified
2022-03-28T21:00:00Z,2022-03-29T00:00:00+03:00,2022-03-29,0,0,0,CITY_RIYADH,Riyadh (city-wide),24.7136,46.6753,,,14,"TomTom daily congestion level: extra travel time vs free-flow conditions, percent, city-wide daily average; field passed through unchanged from api.midway.tomtom.com/ranking/dailyStats/SAU_riyadh by ActiveConclusion/COVID19_mobility scraper",1440,tomtom_dailystats_api_via_activeconclusion_github,https://github.com/ActiveConclusion/COVID19_mobility/blob/master/tomtom_reports/tomtom_trafic_index.csv,2026-07-27T19:18:34Z,(c) TomTom via MIT-licensed repo republication,verified
2022-03-29T21:00:00Z,2022-03-30T00:00:00+03:00,2022-03-30,0,0,0,CITY_RIYADH,Riyadh (city-wide),24.7136,46.6753,,,15,"TomTom daily congestion level: extra travel time vs free-flow conditions, percent, city-wide daily average; field passed through unchanged from api.midway.tomtom.com/ranking/dailyStats/SAU_riyadh by ActiveConclusion/COVID19_mobility scraper",1440,tomtom_dailystats_api_via_activeconclusion_github,https://github.com/ActiveConclusion/COVID19_mobility/blob/master/tomtom_reports/tomtom_trafic_index.csv,2026-07-27T19:18:34Z,(c) TomTom via MIT-licensed repo republication,verified
2022-03-30T21:00:00Z,2022-03-31T00:00:00+03:00,2022-03-31,0,0,0,CITY_RIYADH,Riyadh (city-wide),24.7136,46.6753,,,19,"TomTom daily congestion level: extra travel time vs free-flow conditions, percent, city-wide daily average; field passed through unchanged from api.midway.tomtom.com/ranking/dailyStats/SAU_riyadh by ActiveConclusion/COVID19_mobility scraper",1440,tomtom_dailystats_api_via_activeconclusion_github,https://github.com/ActiveConclusion/COVID19_mobility/blob/master/tomtom_reports/tomtom_trafic_index.csv,2026-07-27T19:18:34Z,(c) TomTom via MIT-licensed repo republication,verified
2022-03-31T21:00:00Z,2022-04-01T00:00:00+03:00,2022-04-01,0,0,0,CITY_RIYADH,Riyadh (city-wide),24.7136,46.6753,,,10,"TomTom daily congestion level: extra travel time vs free-flow conditions, percent, city-wide daily average; field passed through unchanged from api.midway.tomtom.com/ranking/dailyStats/SAU_riyadh by ActiveConclusion/COVID19_mobility scraper",1440,tomtom_dailystats_api_via_activeconclusion_github,https://github.com/ActiveConclusion/COVID19_mobility/blob/master/tomtom_reports/tomtom_trafic_index.csv,2026-07-27T19:18:34Z,(c) TomTom via MIT-licensed repo republication,verified
2022-04-01T21:00:00Z,2022-04-02T00:00:00+03:00,2022-04-02,0,0,0,CITY_RIYADH,Riyadh (city-wide),24.7136,46.6753,,,3,"TomTom daily congestion level: extra travel time vs free-flow conditions, percent, city-wide daily average; field passed through unchanged from api.midway.tomtom.com/ranking/dailyStats/SAU_riyadh by ActiveConclusion/COVID19_mobility scraper",1440,tomtom_dailystats_api_via_activeconclusion_github,https://github.com/ActiveConclusion/COVID19_mobility/blob/master/tomtom_reports/tomtom_trafic_index.csv,2026-07-27T19:18:34Z,(c) TomTom via MIT-licensed repo republication,verified
2022-04-02T21:00:00Z,2022-04-03T00:00:00+03:00,2022-04-03,0,0,0,CITY_RIYADH,Riyadh (city-wide),24.7136,46.6753,,,7,"TomTom daily congestion level: extra travel time vs free-flow conditions, percent, city-wide daily average; field passed through unchanged from api.midway.tomtom.com/ranking/dailyStats/SAU_riyadh by ActiveConclusion/COVID19_mobility scraper",1440,tomtom_dailystats_api_via_activeconclusion_github,https://github.com/ActiveConclusion/COVID19_mobility/blob/master/tomtom_reports/tomtom_trafic_index.csv,2026-07-27T19:18:34Z,(c) TomTom via MIT-licensed repo republication,verified
2022-04-03T21:00:00Z,2022-04-04T00:00:00+03:00,2022-04-04,0,0,0,CITY_RIYADH,Riyadh (city-wide),24.7136,46.6753,,,7,"TomTom daily congestion level: extra travel time vs free-flow conditions, percent, city-wide daily average; field passed through unchanged from api.midway.tomtom.com/ranking/dailyStats/SAU_riyadh by ActiveConclusion/COVID19_mobility scraper",1440,tomtom_dailystats_api_via_activeconclusion_github,https://github.com/ActiveConclusion/COVID19_mobility/blob/master/tomtom_reports/tomtom_trafic_index.csv,2026-07-27T19:18:34Z,(c) TomTom via MIT-licensed repo republication,verified
2022-04-04T21:00:00Z,2022-04-05T00:00:00+03:00,2022-04-05,0,0,0,CITY_RIYADH,Riyadh (city-wide),24.7136,46.6753,,,7,"TomTom daily congestion level: extra travel time vs free-flow conditions, percent, city-wide daily average; field passed through unchanged from api.midway.tomtom.com/ranking/dailyStats/SAU_riyadh by ActiveConclusion/COVID19_mobility scraper",1440,tomtom_dailystats_api_via_activeconclusion_github,https://github.com/ActiveConclusion/COVID19_mobility/blob/master/tomtom_reports/tomtom_trafic_index.csv,2026-07-27T19:18:34Z,(c) TomTom via MIT-licensed repo republication,verified
2022-04-05T21:00:00Z,2022-04-06T00:00:00+03:00,2022-04-06,0,0,0,CITY_RIYADH,Riyadh (city-wide),24.7136,46.6753,,,6,"TomTom daily congestion level: extra travel time vs free-flow conditions, percent, city-wide daily average; field passed through unchanged from api.midway.tomtom.com/ranking/dailyStats/SAU_riyadh by ActiveConclusion/COVID19_mobility scraper",1440,tomtom_dailystats_api_via_activeconclusion_github,https://github.com/ActiveConclusion/COVID19_mobility/blob/master/tomtom_reports/tomtom_trafic_index.csv,2026-07-27T19:18:34Z,(c) TomTom via MIT-licensed repo republication,verified
2022-04-06T21:00:00Z,2022-04-07T00:00:00+03:00,2022-04-07,0,0,0,CITY_RIYADH,Riyadh (city-wide),24.7136,46.6753,,,7,"TomTom daily congestion level: extra travel time vs free-flow conditions, percent, city-wide daily average; field passed through unchanged from api.midway.tomtom.com/ranking/dailyStats/SAU_riyadh by ActiveConclusion/COVID19_mobility scraper",1440,tomtom_dailystats_api_via_activeconclusion_github,https://github.com/ActiveConclusion/COVID19_mobility/blob/master/tomtom_reports/tomtom_trafic_index.csv,2026-07-27T19:18:34Z,(c) TomTom via MIT-licensed repo republication,verified
2022-04-07T21:00:00Z,2022-04-08T00:00:00+03:00,2022-04-08,0,0,0,CITY_RIYADH,Riyadh (city-wide),24.7136,46.6753,,,5,"TomTom daily congestion level: extra travel time vs free-flow conditions, percent, city-wide daily average; field passed through unchanged from api.midway.tomtom.com/ranking/dailyStats/SAU_riyadh by ActiveConclusion/COVID19_mobility scraper",1440,tomtom_dailystats_api_via_activeconclusion_github,https://github.com/ActiveConclusion/COVID19_mobility/blob/master/tomtom_reports/tomtom_trafic_index.csv,2026-07-27T19:18:34Z,(c) TomTom via MIT-licensed repo republication,verified
2022-04-08T21:00:00Z,2022-04-09T00:00:00+03:00,2022-04-09,0,0,0,CITY_RIYADH,Riyadh (city-wide),24.7136,46.6753,,,5,"TomTom daily congestion level: extra travel time vs free-flow conditions, percent, city-wide daily average; field passed through unchanged from api.midway.tomtom.com/ranking/dailyStats/SAU_riyadh by ActiveConclusion/COVID19_mobility scraper",1440,tomtom_dailystats_api_via_activeconclusion_github,https://github.com/ActiveConclusion/COVID19_mobility/blob/master/tomtom_reports/tomtom_trafic_index.csv,2026-07-27T19:18:34Z,(c) TomTom via MIT-licensed repo republication,verified
2022-04-09T21:00:00Z,2022-04-10T00:00:00+03:00,2022-04-10,0,0,0,CITY_RIYADH,Riyadh (city-wide),24.7136,46.6753,,,6,"TomTom daily congestion level: extra travel time vs free-flow conditions, percent, city-wide daily average; field passed through unchanged from api.midway.tomtom.com/ranking/dailyStats/SAU_riyadh by ActiveConclusion/COVID19_mobility scraper",1440,tomtom_dailystats_api_via_activeconclusion_github,https://github.com/ActiveConclusion/COVID19_mobility/blob/master/tomtom_reports/tomtom_trafic_index.csv,2026-07-27T19:18:34Z,(c) TomTom via MIT-licensed repo republication,verified
2022-04-10T21:00:00Z,2022-04-11T00:00:00+03:00,2022-04-11,0,0,0,CITY_RIYADH,Riyadh (city-wide),24.7136,46.6753,,,6,"TomTom daily congestion level: extra travel time vs free-flow conditions, percent, city-wide daily average; field passed through unchanged from api.midway.tomtom.com/ranking/dailyStats/SAU_riyadh by ActiveConclusion/COVID19_mobility scraper",1440,tomtom_dailystats_api_via_activeconclusion_github,https://github.com/ActiveConclusion/COVID19_mobility/blob/master/tomtom_reports/tomtom_trafic_index.csv,2026-07-27T19:18:34Z,(c) TomTom via MIT-licensed repo republication,verified
2022-04-11T21:00:00Z,2022-04-12T00:00:00+03:00,2022-04-12,0,0,0,CITY_RIYADH,Riyadh (city-wide),24.7136,46.6753,,,5,"TomTom daily congestion level: extra travel time vs free-flow conditions, percent, city-wide daily average; field passed through unchanged from api.midway.tomtom.com/ranking/dailyStats/SAU_riyadh by ActiveConclusion/COVID19_mobility scraper",1440,tomtom_dailystats_api_via_activeconclusion_github,https://github.com/ActiveConclusion/COVID19_mobility/blob/master/tomtom_reports/tomtom_trafic_index.csv,2026-07-27T19:18:34Z,(c) TomTom via MIT-licensed repo republication,verified
2022-04-12T21:00:00Z,2022-04-13T00:00:00+03:00,2022-04-13,0,0,0,CITY_RIYADH,Riyadh (city-wide),24.7136,46.6753,,,6,"TomTom daily congestion level: extra travel time vs free-flow conditions, percent, city-wide daily average; field passed through unchanged from api.midway.tomtom.com/ranking/dailyStats/SAU_riyadh by ActiveConclusion/COVID19_mobility scraper",1440,tomtom_dailystats_api_via_activeconclusion_github,https://github.com/ActiveConclusion/COVID19_mobility/blob/master/tomtom_reports/tomtom_trafic_index.csv,2026-07-27T19:18:34Z,(c) TomTom via MIT-licensed repo republication,verified
2022-04-13T21:00:00Z,2022-04-14T00:00:00+03:00,2022-04-14,0,0,0,CITY_RIYADH,Riyadh (city-wide),24.7136,46.6753,,,7,"TomTom daily congestion level: extra travel time vs free-flow conditions, percent, city-wide daily average; field passed through unchanged from api.midway.tomtom.com/ranking/dailyStats/SAU_riyadh by ActiveConclusion/COVID19_mobility scraper",1440,tomtom_dailystats_api_via_activeconclusion_github,https://github.com/ActiveConclusion/COVID19_mobility/blob/master/tomtom_reports/tomtom_trafic_index.csv,2026-07-27T19:18:34Z,(c) TomTom via MIT-licensed repo republication,verified
2022-04-14T21:00:00Z,2022-04-15T00:00:00+03:00,2022-04-15,0,0,0,CITY_RIYADH,Riyadh (city-wide),24.7136,46.6753,,,6,"TomTom daily congestion level: extra travel time vs free-flow conditions, percent, city-wide daily average; field passed through unchanged from api.midway.tomtom.com/ranking/dailyStats/SAU_riyadh by ActiveConclusion/COVID19_mobility scraper",1440,tomtom_dailystats_api_via_activeconclusion_github,https://github.com/ActiveConclusion/COVID19_mobility/blob/master/tomtom_reports/tomtom_trafic_index.csv,2026-07-27T19:18:34Z,(c) TomTom via MIT-licensed repo republication,verified
2022-04-15T21:00:00Z,2022-04-16T00:00:00+03:00,2022-04-16,0,0,0,CITY_RIYADH,Riyadh (city-wide),24.7136,46.6753,,,5,"TomTom daily congestion level: extra travel time vs free-flow conditions, percent, city-wide daily average; field passed through unchanged from api.midway.tomtom.com/ranking/dailyStats/SAU_riyadh by ActiveConclusion/COVID19_mobility scraper",1440,tomtom_dailystats_api_via_activeconclusion_github,https://github.com/ActiveConclusion/COVID19_mobility/blob/master/tomtom_reports/tomtom_trafic_index.csv,2026-07-27T19:18:34Z,(c) TomTom via MIT-licensed repo republication,verified
2022-04-16T21:00:00Z,2022-04-17T00:00:00+03:00,2022-04-17,0,0,0,CITY_RIYADH,Riyadh (city-wide),24.7136,46.6753,,,5,"TomTom daily congestion level: extra travel time vs free-flow conditions, percent, city-wide daily average; field passed through unchanged from api.midway.tomtom.com/ranking/dailyStats/SAU_riyadh by ActiveConclusion/COVID19_mobility scraper",1440,tomtom_dailystats_api_via_activeconclusion_github,https://github.com/ActiveConclusion/COVID19_mobility/blob/master/tomtom_reports/tomtom_trafic_index.csv,2026-07-27T19:18:34Z,(c) TomTom via MIT-licensed repo republication,verified
2022-04-17T21:00:00Z,2022-04-18T00:00:00+03:00,2022-04-18,0,0,0,CITY_RIYADH,Riyadh (city-wide),24.7136,46.6753,,,5,"TomTom daily congestion level: extra travel time vs free-flow conditions, percent, city-wide daily average; field passed through unchanged from api.midway.tomtom.com/ranking/dailyStats/SAU_riyadh by ActiveConclusion/COVID19_mobility scraper",1440,tomtom_dailystats_api_via_activeconclusion_github,https://github.com/ActiveConclusion/COVID19_mobility/blob/master/tomtom_reports/tomtom_trafic_index.csv,2026-07-27T19:18:34Z,(c) TomTom via MIT-licensed repo republication,verified
2022-04-18T21:00:00Z,2022-04-19T00:00:00+03:00,2022-04-19,0,0,0,CITY_RIYADH,Riyadh (city-wide),24.7136,46.6753,,,5,"TomTom daily congestion level: extra travel time vs free-flow conditions, percent, city-wide daily average; field passed through unchanged from api.midway.tomtom.com/ranking/dailyStats/SAU_riyadh by ActiveConclusion/COVID19_mobility scraper",1440,tomtom_dailystats_api_via_activeconclusion_github,https://github.com/ActiveConclusion/COVID19_mobility/blob/master/tomtom_reports/tomtom_trafic_index.csv,2026-07-27T19:18:34Z,(c) TomTom via MIT-licensed repo republication,verified
2022-04-19T21:00:00Z,2022-04-20T00:00:00+03:00,2022-04-20,0,0,0,CITY_RIYADH,Riyadh (city-wide),24.7136,46.6753,,,6,"TomTom daily congestion level: extra travel time vs free-flow conditions, percent, city-wide daily average; field passed through unchanged from api.midway.tomtom.com/ranking/dailyStats/SAU_riyadh by ActiveConclusion/COVID19_mobility scraper",1440,tomtom_dailystats_api_via_activeconclusion_github,https://github.com/ActiveConclusion/COVID19_mobility/blob/master/tomtom_reports/tomtom_trafic_index.csv,2026-07-27T19:18:34Z,(c) TomTom via MIT-licensed repo republication,verified
2022-04-20T21:00:00Z,2022-04-21T00:00:00+03:00,2022-04-21,0,0,0,CITY_RIYADH,Riyadh (city-wide),24.7136,46.6753,,,7,"TomTom daily congestion level: extra travel time vs free-flow conditions, percent, city-wide daily average; field passed through unchanged from api.midway.tomtom.com/ranking/dailyStats/SAU_riyadh by ActiveConclusion/COVID19_mobility scraper",1440,tomtom_dailystats_api_via_activeconclusion_github,https://github.com/ActiveConclusion/COVID19_mobility/blob/master/tomtom_reports/tomtom_trafic_index.csv,2026-07-27T19:18:34Z,(c) TomTom via MIT-licensed repo republication,verified
2022-04-21T21:00:00Z,2022-04-22T00:00:00+03:00,2022-04-22,0,0,0,CITY_RIYADH,Riyadh (city-wide),24.7136,46.6753,,,5,"TomTom daily congestion level: extra travel time vs free-flow conditions, percent, city-wide daily average; field passed through unchanged from api.midway.tomtom.com/ranking/dailyStats/SAU_riyadh by ActiveConclusion/COVID19_mobility scraper",1440,tomtom_dailystats_api_via_activeconclusion_github,https://github.com/ActiveConclusion/COVID19_mobility/blob/master/tomtom_reports/tomtom_trafic_index.csv,2026-07-27T19:18:34Z,(c) TomTom via MIT-licensed repo republication,verified
2022-04-22T21:00:00Z,2022-04-23T00:00:00+03:00,2022-04-23,0,0,0,CITY_RIYADH,Riyadh (city-wide),24.7136,46.6753,,,4,"TomTom daily congestion level: extra travel time vs free-flow conditions, percent, city-wide daily average; field passed through unchanged from api.midway.tomtom.com/ranking/dailyStats/SAU_riyadh by ActiveConclusion/COVID19_mobility scraper",1440,tomtom_dailystats_api_via_activeconclusion_github,https://github.com/ActiveConclusion/COVID19_mobility/blob/master/tomtom_reports/tomtom_trafic_index.csv,2026-07-27T19:18:34Z,(c) TomTom via MIT-licensed repo republication,verified
2022-04-23T21:00:00Z,2022-04-24T00:00:00+03:00,2022-04-24,0,0,0,CITY_RIYADH,Riyadh (city-wide),24.7136,46.6753,,,5,"TomTom daily congestion level: extra travel time vs free-flow conditions, percent, city-wide daily average; field passed through unchanged from api.midway.tomtom.com/ranking/dailyStats/SAU_riyadh by ActiveConclusion/COVID19_mobility scraper",1440,tomtom_dailystats_api_via_activeconclusion_github,https://github.com/ActiveConclusion/COVID19_mobility/blob/master/tomtom_reports/tomtom_trafic_index.csv,2026-07-27T19:18:34Z,(c) TomTom via MIT-licensed repo republication,verified
2022-04-24T21:00:00Z,2022-04-25T00:00:00+03:00,2022-04-25,0,0,0,CITY_RIYADH,Riyadh (city-wide),24.7136,46.6753,,,6,"TomTom daily congestion level: extra travel time vs free-flow conditions, percent, city-wide daily average; field passed through unchanged from api.midway.tomtom.com/ranking/dailyStats/SAU_riyadh by ActiveConclusion/COVID19_mobility scraper",1440,tomtom_dailystats_api_via_activeconclusion_github,https://github.com/ActiveConclusion/COVID19_mobility/blob/master/tomtom_reports/tomtom_trafic_index.csv,2026-07-27T19:18:34Z,(c) TomTom via MIT-licensed repo republication,verified
2022-04-25T21:00:00Z,2022-04-26T00:00:00+03:00,2022-04-26,0,0,0,CITY_RIYADH,Riyadh (city-wide),24.7136,46.6753,,,5,"TomTom daily congestion level: extra travel time vs free-flow conditions, percent, city-wide daily average; field passed through unchanged from api.midway.tomtom.com/ranking/dailyStats/SAU_riyadh by ActiveConclusion/COVID19_mobility scraper",1440,tomtom_dailystats_api_via_activeconclusion_github,https://github.com/ActiveConclusion/COVID19_mobility/blob/master/tomtom_reports/tomtom_trafic_index.csv,2026-07-27T19:18:34Z,(c) TomTom via MIT-licensed repo republication,verified
2022-04-26T21:00:00Z,2022-04-27T00:00:00+03:00,2022-04-27,0,0,0,CITY_RIYADH,Riyadh (city-wide),24.7136,46.6753,,,5,"TomTom daily congestion level: extra travel time vs free-flow conditions, percent, city-wide daily average; field passed through unchanged from api.midway.tomtom.com/ranking/dailyStats/SAU_riyadh by ActiveConclusion/COVID19_mobility scraper",1440,tomtom_dailystats_api_via_activeconclusion_github,https://github.com/ActiveConclusion/COVID19_mobility/blob/master/tomtom_reports/tomtom_trafic_index.csv,2026-07-27T19:18:34Z,(c) TomTom via MIT-licensed repo republication,verified
2022-04-27T21:00:00Z,2022-04-28T00:00:00+03:00,2022-04-28,0,0,0,CITY_RIYADH,Riyadh (city-wide),24.7136,46.6753,,,11,"TomTom daily congestion level: extra travel time vs free-flow conditions, percent, city-wide daily average; field passed through unchanged from api.midway.tomtom.com/ranking/dailyStats/SAU_riyadh by ActiveConclusion/COVID19_mobility scraper",1440,tomtom_dailystats_api_via_activeconclusion_github,https://github.com/ActiveConclusion/COVID19_mobility/blob/master/tomtom_reports/tomtom_trafic_index.csv,2026-07-27T19:18:34Z,(c) TomTom via MIT-licensed repo republication,verified
2022-04-28T21:00:00Z,2022-04-29T00:00:00+03:00,2022-04-29,0,0,0,CITY_RIYADH,Riyadh (city-wide),24.7136,46.6753,,,9,"TomTom daily congestion level: extra travel time vs free-flow conditions, percent, city-wide daily average; field passed through unchanged from api.midway.tomtom.com/ranking/dailyStats/SAU_riyadh by ActiveConclusion/COVID19_mobility scraper",1440,tomtom_dailystats_api_via_activeconclusion_github,https://github.com/ActiveConclusion/COVID19_mobility/blob/master/tomtom_reports/tomtom_trafic_index.csv,2026-07-27T19:18:34Z,(c) TomTom via MIT-licensed repo republication,verified
2022-04-29T21:00:00Z,2022-04-30T00:00:00+03:00,2022-04-30,0,0,0,CITY_RIYADH,Riyadh (city-wide),24.7136,46.6753,,,5,"TomTom daily congestion level: extra travel time vs free-flow conditions, percent, city-wide daily average; field passed through unchanged from api.midway.tomtom.com/ranking/dailyStats/SAU_riyadh by ActiveConclusion/COVID19_mobility scraper",1440,tomtom_dailystats_api_via_activeconclusion_github,https://github.com/ActiveConclusion/COVID19_mobility/blob/master/tomtom_reports/tomtom_trafic_index.csv,2026-07-27T19:18:34Z,(c) TomTom via MIT-licensed repo republication,verified
2022-04-30T21:00:00Z,2022-05-01T00:00:00+03:00,2022-05-01,0,0,0,CITY_RIYADH,Riyadh (city-wide),24.7136,46.6753,,,4,"TomTom daily congestion level: extra travel time vs free-flow conditions, percent, city-wide daily average; field passed through unchanged from api.midway.tomtom.com/ranking/dailyStats/SAU_riyadh by ActiveConclusion/COVID19_mobility scraper",1440,tomtom_dailystats_api_via_activeconclusion_github,https://github.com/ActiveConclusion/COVID19_mobility/blob/master/tomtom_reports/tomtom_trafic_index.csv,2026-07-27T19:18:34Z,(c) TomTom via MIT-licensed repo republication,verified
2022-05-01T21:00:00Z,2022-05-02T00:00:00+03:00,2022-05-02,0,0,0,CITY_RIYADH,Riyadh (city-wide),24.7136,46.6753,,,1,"TomTom daily congestion level: extra travel time vs free-flow conditions, percent, city-wide daily average; field passed through unchanged from api.midway.tomtom.com/ranking/dailyStats/SAU_riyadh by ActiveConclusion/COVID19_mobility scraper",1440,tomtom_dailystats_api_via_activeconclusion_github,https://github.com/ActiveConclusion/COVID19_mobility/blob/master/tomtom_reports/tomtom_trafic_index.csv,2026-07-27T19:18:34Z,(c) TomTom via MIT-licensed repo republication,verified
2022-05-02T21:00:00Z,2022-05-03T00:00:00+03:00,2022-05-03,0,0,0,CITY_RIYADH,Riyadh (city-wide),24.7136,46.6753,,,1,"TomTom daily congestion level: extra travel time vs free-flow conditions, percent, city-wide daily average; field passed through unchanged from api.midway.tomtom.com/ranking/dailyStats/SAU_riyadh by ActiveConclusion/COVID19_mobility scraper",1440,tomtom_dailystats_api_via_activeconclusion_github,https://github.com/ActiveConclusion/COVID19_mobility/blob/master/tomtom_reports/tomtom_trafic_index.csv,2026-07-27T19:18:34Z,(c) TomTom via MIT-licensed repo republication,verified
2022-05-03T21:00:00Z,2022-05-04T00:00:00+03:00,2022-05-04,0,0,0,CITY_RIYADH,Riyadh (city-wide),24.7136,46.6753,,,1,"TomTom daily congestion level: extra travel time vs free-flow conditions, percent, city-wide daily average; field passed through unchanged from api.midway.tomtom.com/ranking/dailyStats/SAU_riyadh by ActiveConclusion/COVID19_mobility scraper",1440,tomtom_dailystats_api_via_activeconclusion_github,https://github.com/ActiveConclusion/COVID19_mobility/blob/master/tomtom_reports/tomtom_trafic_index.csv,2026-07-27T19:18:34Z,(c) TomTom via MIT-licensed repo republication,verified
2022-05-04T21:00:00Z,2022-05-05T00:00:00+03:00,2022-05-05,0,0,0,CITY_RIYADH,Riyadh (city-wide),24.7136,46.6753,,,1,"TomTom daily congestion level: extra travel time vs free-flow conditions, percent, city-wide daily average; field passed through unchanged from api.midway.tomtom.com/ranking/dailyStats/SAU_riyadh by ActiveConclusion/COVID19_mobility scraper",1440,tomtom_dailystats_api_via_activeconclusion_github,https://github.com/ActiveConclusion/COVID19_mobility/blob/master/tomtom_reports/tomtom_trafic_index.csv,2026-07-27T19:18:34Z,(c) TomTom via MIT-licensed repo republication,verified
2022-05-05T21:00:00Z,2022-05-06T00:00:00+03:00,2022-05-06,0,0,0,CITY_RIYADH,Riyadh (city-wide),24.7136,46.6753,,,1,"TomTom daily congestion level: extra travel time vs free-flow conditions, percent, city-wide daily average; field passed through unchanged from api.midway.tomtom.com/ranking/dailyStats/SAU_riyadh by ActiveConclusion/COVID19_mobility scraper",1440,tomtom_dailystats_api_via_activeconclusion_github,https://github.com/ActiveConclusion/COVID19_mobility/blob/master/tomtom_reports/tomtom_trafic_index.csv,2026-07-27T19:18:34Z,(c) TomTom via MIT-licensed repo republication,verified
2022-05-06T21:00:00Z,2022-05-07T00:00:00+03:00,2022-05-07,0,0,0,CITY_RIYADH,Riyadh (city-wide),24.7136,46.6753,,,1,"TomTom daily congestion level: extra travel time vs free-flow conditions, percent, city-wide daily average; field passed through unchanged from api.midway.tomtom.com/ranking/dailyStats/SAU_riyadh by ActiveConclusion/COVID19_mobility scraper",1440,tomtom_dailystats_api_via_activeconclusion_github,https://github.com/ActiveConclusion/COVID19_mobility/blob/master/tomtom_reports/tomtom_trafic_index.csv,2026-07-27T19:18:34Z,(c) TomTom via MIT-licensed repo republication,verified
2022-05-07T21:00:00Z,2022-05-08T00:00:00+03:00,2022-05-08,0,0,0,CITY_RIYADH,Riyadh (city-wide),24.7136,46.6753,,,3,"TomTom daily congestion level: extra travel time vs free-flow conditions, percent, city-wide daily average; field passed through unchanged from api.midway.tomtom.com/ranking/dailyStats/SAU_riyadh by ActiveConclusion/COVID19_mobility scraper",1440,tomtom_dailystats_api_via_activeconclusion_github,https://github.com/ActiveConclusion/COVID19_mobility/blob/master/tomtom_reports/tomtom_trafic_index.csv,2026-07-27T19:18:34Z,(c) TomTom via MIT-licensed repo republication,verified
2022-05-08T21:00:00Z,2022-05-09T00:00:00+03:00,2022-05-09,0,0,0,CITY_RIYADH,Riyadh (city-wide),24.7136,46.6753,,,4,"TomTom daily congestion level: extra travel time vs free-flow conditions, percent, city-wide daily average; field passed through unchanged from api.midway.tomtom.com/ranking/dailyStats/SAU_riyadh by ActiveConclusion/COVID19_mobility scraper",1440,tomtom_dailystats_api_via_activeconclusion_github,https://github.com/ActiveConclusion/COVID19_mobility/blob/master/tomtom_reports/tomtom_trafic_index.csv,2026-07-27T19:18:34Z,(c) TomTom via MIT-licensed repo republication,verified
2022-05-09T21:00:00Z,2022-05-10T00:00:00+03:00,2022-05-10,0,0,0,CITY_RIYADH,Riyadh (city-wide),24.7136,46.6753,,,5,"TomTom daily congestion level: extra travel time vs free-flow conditions, percent, city-wide daily average; field passed through unchanged from api.midway.tomtom.com/ranking/dailyStats/SAU_riyadh by ActiveConclusion/COVID19_mobility scraper",1440,tomtom_dailystats_api_via_activeconclusion_github,https://github.com/ActiveConclusion/COVID19_mobility/blob/master/tomtom_reports/tomtom_trafic_index.csv,2026-07-27T19:18:34Z,(c) TomTom via MIT-licensed repo republication,verified
2022-05-10T21:00:00Z,2022-05-11T00:00:00+03:00,2022-05-11,0,0,0,CITY_RIYADH,Riyadh (city-wide),24.7136,46.6753,,,5,"TomTom daily congestion level: extra travel time vs free-flow conditions, percent, city-wide daily average; field passed through unchanged from api.midway.tomtom.com/ranking/dailyStats/SAU_riyadh by ActiveConclusion/COVID19_mobility scraper",1440,tomtom_dailystats_api_via_activeconclusion_github,https://github.com/ActiveConclusion/COVID19_mobility/blob/master/tomtom_reports/tomtom_trafic_index.csv,2026-07-27T19:18:34Z,(c) TomTom via MIT-licensed repo republication,verified
2022-05-11T21:00:00Z,2022-05-12T00:00:00+03:00,2022-05-12,0,0,0,CITY_RIYADH,Riyadh (city-wide),24.7136,46.6753,,,6,"TomTom daily congestion level: extra travel time vs free-flow conditions, percent, city-wide daily average; field passed through unchanged from api.midway.tomtom.com/ranking/dailyStats/SAU_riyadh by ActiveConclusion/COVID19_mobility scraper",1440,tomtom_dailystats_api_via_activeconclusion_github,https://github.com/ActiveConclusion/COVID19_mobility/blob/master/tomtom_reports/tomtom_trafic_index.csv,2026-07-27T19:18:34Z,(c) TomTom via MIT-licensed repo republication,verified
2022-05-12T21:00:00Z,2022-05-13T00:00:00+03:00,2022-05-13,0,0,0,CITY_RIYADH,Riyadh (city-wide),24.7136,46.6753,,,4,"TomTom daily congestion level: extra travel time vs free-flow conditions, percent, city-wide daily average; field passed through unchanged from api.midway.tomtom.com/ranking/dailyStats/SAU_riyadh by ActiveConclusion/COVID19_mobility scraper",1440,tomtom_dailystats_api_via_activeconclusion_github,https://github.com/ActiveConclusion/COVID19_mobility/blob/master/tomtom_reports/tomtom_trafic_index.csv,2026-07-27T19:18:34Z,(c) TomTom via MIT-licensed repo republication,verified
2022-05-13T21:00:00Z,2022-05-14T00:00:00+03:00,2022-05-14,0,0,0,CITY_RIYADH,Riyadh (city-wide),24.7136,46.6753,,,3,"TomTom daily congestion level: extra travel time vs free-flow conditions, percent, city-wide daily average; field passed through unchanged from api.midway.tomtom.com/ranking/dailyStats/SAU_riyadh by ActiveConclusion/COVID19_mobility scraper",1440,tomtom_dailystats_api_via_activeconclusion_github,https://github.com/ActiveConclusion/COVID19_mobility/blob/master/tomtom_reports/tomtom_trafic_index.csv,2026-07-27T19:18:34Z,(c) TomTom via MIT-licensed repo republication,verified
2022-05-14T21:00:00Z,2022-05-15T00:00:00+03:00,2022-05-15,0,0,0,CITY_RIYADH,Riyadh (city-wide),24.7136,46.6753,,,7,"TomTom daily congestion level: extra travel time vs free-flow conditions, percent, city-wide daily average; field passed through unchanged from api.midway.tomtom.com/ranking/dailyStats/SAU_riyadh by ActiveConclusion/COVID19_mobility scraper",1440,tomtom_dailystats_api_via_activeconclusion_github,https://github.com/ActiveConclusion/COVID19_mobility/blob/master/tomtom_reports/tomtom_trafic_index.csv,2026-07-27T19:18:34Z,(c) TomTom via MIT-licensed repo republication,verified
2022-05-15T21:00:00Z,2022-05-16T00:00:00+03:00,2022-05-16,0,0,0,CITY_RIYADH,Riyadh (city-wide),24.7136,46.6753,,,7,"TomTom daily congestion level: extra travel time vs free-flow conditions, percent, city-wide daily average; field passed through unchanged from api.midway.tomtom.com/ranking/dailyStats/SAU_riyadh by ActiveConclusion/COVID19_mobility scraper",1440,tomtom_dailystats_api_via_activeconclusion_github,https://github.com/ActiveConclusion/COVID19_mobility/blob/master/tomtom_reports/tomtom_trafic_index.csv,2026-07-27T19:18:34Z,(c) TomTom via MIT-licensed repo republication,verified
2022-05-16T21:00:00Z,2022-05-17T00:00:00+03:00,2022-05-17,0,0,0,CITY_RIYADH,Riyadh (city-wide),24.7136,46.6753,,,5,"TomTom daily congestion level: extra travel time vs free-flow conditions, percent, city-wide daily average; field passed through unchanged from api.midway.tomtom.com/ranking/dailyStats/SAU_riyadh by ActiveConclusion/COVID19_mobility scraper",1440,tomtom_dailystats_api_via_activeconclusion_github,https://github.com/ActiveConclusion/COVID19_mobility/blob/master/tomtom_reports/tomtom_trafic_index.csv,2026-07-27T19:18:34Z,(c) TomTom via MIT-licensed repo republication,verified
2022-05-17T21:00:00Z,2022-05-18T00:00:00+03:00,2022-05-18,0,0,0,CITY_RIYADH,Riyadh (city-wide),24.7136,46.6753,,,6,"TomTom daily congestion level: extra travel time vs free-flow conditions, percent, city-wide daily average; field passed through unchanged from api.midway.tomtom.com/ranking/dailyStats/SAU_riyadh by ActiveConclusion/COVID19_mobility scraper",1440,tomtom_dailystats_api_via_activeconclusion_github,https://github.com/ActiveConclusion/COVID19_mobility/blob/master/tomtom_reports/tomtom_trafic_index.csv,2026-07-27T19:18:34Z,(c) TomTom via MIT-licensed repo republication,verified
2022-05-18T21:00:00Z,2022-05-19T00:00:00+03:00,2022-05-19,0,0,0,CITY_RIYADH,Riyadh (city-wide),24.7136,46.6753,,,7,"TomTom daily congestion level: extra travel time vs free-flow conditions, percent, city-wide daily average; field passed through unchanged from api.midway.tomtom.com/ranking/dailyStats/SAU_riyadh by ActiveConclusion/COVID19_mobility scraper",1440,tomtom_dailystats_api_via_activeconclusion_github,https://github.com/ActiveConclusion/COVID19_mobility/blob/master/tomtom_reports/tomtom_trafic_index.csv,2026-07-27T19:18:34Z,(c) TomTom via MIT-licensed repo republication,verified
2022-05-19T21:00:00Z,2022-05-20T00:00:00+03:00,2022-05-20,0,0,0,CITY_RIYADH,Riyadh (city-wide),24.7136,46.6753,,,5,"TomTom daily congestion level: extra travel time vs free-flow conditions, percent, city-wide daily average; field passed through unchanged from api.midway.tomtom.com/ranking/dailyStats/SAU_riyadh by ActiveConclusion/COVID19_mobility scraper",1440,tomtom_dailystats_api_via_activeconclusion_github,https://github.com/ActiveConclusion/COVID19_mobility/blob/master/tomtom_reports/tomtom_trafic_index.csv,2026-07-27T19:18:34Z,(c) TomTom via MIT-licensed repo republication,verified
2022-05-20T21:00:00Z,2022-05-21T00:00:00+03:00,2022-05-21,0,0,0,CITY_RIYADH,Riyadh (city-wide),24.7136,46.6753,,,4,"TomTom daily congestion level: extra travel time vs free-flow conditions, percent, city-wide daily average; field passed through unchanged from api.midway.tomtom.com/ranking/dailyStats/SAU_riyadh by ActiveConclusion/COVID19_mobility scraper",1440,tomtom_dailystats_api_via_activeconclusion_github,https://github.com/ActiveConclusion/COVID19_mobility/blob/master/tomtom_reports/tomtom_trafic_index.csv,2026-07-27T19:18:34Z,(c) TomTom via MIT-licensed repo republication,verified
2022-05-21T21:00:00Z,2022-05-22T00:00:00+03:00,2022-05-22,0,0,0,CITY_RIYADH,Riyadh (city-wide),24.7136,46.6753,,,5,"TomTom daily congestion level: extra travel time vs free-flow conditions, percent, city-wide daily average; field passed through unchanged from api.midway.tomtom.com/ranking/dailyStats/SAU_riyadh by ActiveConclusion/COVID19_mobility scraper",1440,tomtom_dailystats_api_via_activeconclusion_github,https://github.com/ActiveConclusion/COVID19_mobility/blob/master/tomtom_reports/tomtom_trafic_index.csv,2026-07-27T19:18:34Z,(c) TomTom via MIT-licensed repo republication,verified
2022-05-22T21:00:00Z,2022-05-23T00:00:00+03:00,2022-05-23,0,0,0,CITY_RIYADH,Riyadh (city-wide),24.7136,46.6753,,,4,"TomTom daily congestion level: extra travel time vs free-flow conditions, percent, city-wide daily average; field passed through unchanged from api.midway.tomtom.com/ranking/dailyStats/SAU_riyadh by ActiveConclusion/COVID19_mobility scraper",1440,tomtom_dailystats_api_via_activeconclusion_github,https://github.com/ActiveConclusion/COVID19_mobility/blob/master/tomtom_reports/tomtom_trafic_index.csv,2026-07-27T19:18:34Z,(c) TomTom via MIT-licensed repo republication,verified
2022-05-23T21:00:00Z,2022-05-24T00:00:00+03:00,2022-05-24,0,0,0,CITY_RIYADH,Riyadh (city-wide),24.7136,46.6753,,,14,"TomTom daily congestion level: extra travel time vs free-flow conditions, percent, city-wide daily average; field passed through unchanged from api.midway.tomtom.com/ranking/dailyStats/SAU_riyadh by ActiveConclusion/COVID19_mobility scraper",1440,tomtom_dailystats_api_via_activeconclusion_github,https://github.com/ActiveConclusion/COVID19_mobility/blob/master/tomtom_reports/tomtom_trafic_index.csv,2026-07-27T19:18:34Z,(c) TomTom via MIT-licensed repo republication,verified
2022-05-24T21:00:00Z,2022-05-25T00:00:00+03:00,2022-05-25,0,0,0,CITY_RIYADH,Riyadh (city-wide),24.7136,46.6753,,,19,"TomTom daily congestion level: extra travel time vs free-flow conditions, percent, city-wide daily average; field passed through unchanged from api.midway.tomtom.com/ranking/dailyStats/SAU_riyadh by ActiveConclusion/COVID19_mobility scraper",1440,tomtom_dailystats_api_via_activeconclusion_github,https://github.com/ActiveConclusion/COVID19_mobility/blob/master/tomtom_reports/tomtom_trafic_index.csv,2026-07-27T19:18:34Z,(c) TomTom via MIT-licensed repo republication,verified
2022-05-25T21:00:00Z,2022-05-26T00:00:00+03:00,2022-05-26,0,0,0,CITY_RIYADH,Riyadh (city-wide),24.7136,46.6753,,,22,"TomTom daily congestion level: extra travel time vs free-flow conditions, percent, city-wide daily average; field passed through unchanged from api.midway.tomtom.com/ranking/dailyStats/SAU_riyadh by ActiveConclusion/COVID19_mobility scraper",1440,tomtom_dailystats_api_via_activeconclusion_github,https://github.com/ActiveConclusion/COVID19_mobility/blob/master/tomtom_reports/tomtom_trafic_index.csv,2026-07-27T19:18:34Z,(c) TomTom via MIT-licensed repo republication,verified
2022-05-26T21:00:00Z,2022-05-27T00:00:00+03:00,2022-05-27,0,0,0,CITY_RIYADH,Riyadh (city-wide),24.7136,46.6753,,,18,"TomTom daily congestion level: extra travel time vs free-flow conditions, percent, city-wide daily average; field passed through unchanged from api.midway.tomtom.com/ranking/dailyStats/SAU_riyadh by ActiveConclusion/COVID19_mobility scraper",1440,tomtom_dailystats_api_via_activeconclusion_github,https://github.com/ActiveConclusion/COVID19_mobility/blob/master/tomtom_reports/tomtom_trafic_index.csv,2026-07-27T19:18:34Z,(c) TomTom via MIT-licensed repo republication,verified
2022-05-27T21:00:00Z,2022-05-28T00:00:00+03:00,2022-05-28,0,0,0,CITY_RIYADH,Riyadh (city-wide),24.7136,46.6753,,,16,"TomTom daily congestion level: extra travel time vs free-flow conditions, percent, city-wide daily average; field passed through unchanged from api.midway.tomtom.com/ranking/dailyStats/SAU_riyadh by ActiveConclusion/COVID19_mobility scraper",1440,tomtom_dailystats_api_via_activeconclusion_github,https://github.com/ActiveConclusion/COVID19_mobility/blob/master/tomtom_reports/tomtom_trafic_index.csv,2026-07-27T19:18:34Z,(c) TomTom via MIT-licensed repo republication,verified
2022-05-28T21:00:00Z,2022-05-29T00:00:00+03:00,2022-05-29,0,0,0,CITY_RIYADH,Riyadh (city-wide),24.7136,46.6753,,,16,"TomTom daily congestion level: extra travel time vs free-flow conditions, percent, city-wide daily average; field passed through unchanged from api.midway.tomtom.com/ranking/dailyStats/SAU_riyadh by ActiveConclusion/COVID19_mobility scraper",1440,tomtom_dailystats_api_via_activeconclusion_github,https://github.com/ActiveConclusion/COVID19_mobility/blob/master/tomtom_reports/tomtom_trafic_index.csv,2026-07-27T19:18:34Z,(c) TomTom via MIT-licensed repo republication,verified
2022-05-29T21:00:00Z,2022-05-30T00:00:00+03:00,2022-05-30,0,0,0,CITY_RIYADH,Riyadh (city-wide),24.7136,46.6753,,,18,"TomTom daily congestion level: extra travel time vs free-flow conditions, percent, city-wide daily average; field passed through unchanged from api.midway.tomtom.com/ranking/dailyStats/SAU_riyadh by ActiveConclusion/COVID19_mobility scraper",1440,tomtom_dailystats_api_via_activeconclusion_github,https://github.com/ActiveConclusion/COVID19_mobility/blob/master/tomtom_reports/tomtom_trafic_index.csv,2026-07-27T19:18:34Z,(c) TomTom via MIT-licensed repo republication,verified
2022-05-30T21:00:00Z,2022-05-31T00:00:00+03:00,2022-05-31,0,0,0,CITY_RIYADH,Riyadh (city-wide),24.7136,46.6753,,,18,"TomTom daily congestion level: extra travel time vs free-flow conditions, percent, city-wide daily average; field passed through unchanged from api.midway.tomtom.com/ranking/dailyStats/SAU_riyadh by ActiveConclusion/COVID19_mobility scraper",1440,tomtom_dailystats_api_via_activeconclusion_github,https://github.com/ActiveConclusion/COVID19_mobility/blob/master/tomtom_reports/tomtom_trafic_index.csv,2026-07-27T19:18:34Z,(c) TomTom via MIT-licensed repo republication,verified
2022-05-31T21:00:00Z,2022-06-01T00:00:00+03:00,2022-06-01,0,0,0,CITY_RIYADH,Riyadh (city-wide),24.7136,46.6753,,,19,"TomTom daily congestion level: extra travel time vs free-flow conditions, percent, city-wide daily average; field passed through unchanged from api.midway.tomtom.com/ranking/dailyStats/SAU_riyadh by ActiveConclusion/COVID19_mobility scraper",1440,tomtom_dailystats_api_via_activeconclusion_github,https://github.com/ActiveConclusion/COVID19_mobility/blob/master/tomtom_reports/tomtom_trafic_index.csv,2026-07-27T19:18:34Z,(c) TomTom via MIT-licensed repo republication,verified
2022-06-01T21:00:00Z,2022-06-02T00:00:00+03:00,2022-06-02,0,0,0,CITY_RIYADH,Riyadh (city-wide),24.7136,46.6753,,,23,"TomTom daily congestion level: extra travel time vs free-flow conditions, percent, city-wide daily average; field passed through unchanged from api.midway.tomtom.com/ranking/dailyStats/SAU_riyadh by ActiveConclusion/COVID19_mobility scraper",1440,tomtom_dailystats_api_via_activeconclusion_github,https://github.com/ActiveConclusion/COVID19_mobility/blob/master/tomtom_reports/tomtom_trafic_index.csv,2026-07-27T19:18:34Z,(c) TomTom via MIT-licensed repo republication,verified
2022-06-02T21:00:00Z,2022-06-03T00:00:00+03:00,2022-06-03,0,0,0,CITY_RIYADH,Riyadh (city-wide),24.7136,46.6753,,,18,"TomTom daily congestion level: extra travel time vs free-flow conditions, percent, city-wide daily average; field passed through unchanged from api.midway.tomtom.com/ranking/dailyStats/SAU_riyadh by ActiveConclusion/COVID19_mobility scraper",1440,tomtom_dailystats_api_via_activeconclusion_github,https://github.com/ActiveConclusion/COVID19_mobility/blob/master/tomtom_reports/tomtom_trafic_index.csv,2026-07-27T19:18:34Z,(c) TomTom via MIT-licensed repo republication,verified
2022-06-03T21:00:00Z,2022-06-04T00:00:00+03:00,2022-06-04,0,0,0,CITY_RIYADH,Riyadh (city-wide),24.7136,46.6753,,,18,"TomTom daily congestion level: extra travel time vs free-flow conditions, percent, city-wide daily average; field passed through unchanged from api.midway.tomtom.com/ranking/dailyStats/SAU_riyadh by ActiveConclusion/COVID19_mobility scraper",1440,tomtom_dailystats_api_via_activeconclusion_github,https://github.com/ActiveConclusion/COVID19_mobility/blob/master/tomtom_reports/tomtom_trafic_index.csv,2026-07-27T19:18:34Z,(c) TomTom via MIT-licensed repo republication,verified
2022-06-04T21:00:00Z,2022-06-05T00:00:00+03:00,2022-06-05,0,0,0,CITY_RIYADH,Riyadh (city-wide),24.7136,46.6753,,,18,"TomTom daily congestion level: extra travel time vs free-flow conditions, percent, city-wide daily average; field passed through unchanged from api.midway.tomtom.com/ranking/dailyStats/SAU_riyadh by ActiveConclusion/COVID19_mobility scraper",1440,tomtom_dailystats_api_via_activeconclusion_github,https://github.com/ActiveConclusion/COVID19_mobility/blob/master/tomtom_reports/tomtom_trafic_index.csv,2026-07-27T19:18:34Z,(c) TomTom via MIT-licensed repo republication,verified
2022-06-05T21:00:00Z,2022-06-06T00:00:00+03:00,2022-06-06,0,0,0,CITY_RIYADH,Riyadh (city-wide),24.7136,46.6753,,,18,"TomTom daily congestion level: extra travel time vs free-flow conditions, percent, city-wide daily average; field passed through unchanged from api.midway.tomtom.com/ranking/dailyStats/SAU_riyadh by ActiveConclusion/COVID19_mobility scraper",1440,tomtom_dailystats_api_via_activeconclusion_github,https://github.com/ActiveConclusion/COVID19_mobility/blob/master/tomtom_reports/tomtom_trafic_index.csv,2026-07-27T19:18:34Z,(c) TomTom via MIT-licensed repo republication,verified
2022-06-06T21:00:00Z,2022-06-07T00:00:00+03:00,2022-06-07,0,0,0,CITY_RIYADH,Riyadh (city-wide),24.7136,46.6753,,,17,"TomTom daily congestion level: extra travel time vs free-flow conditions, percent, city-wide daily average; field passed through unchanged from api.midway.tomtom.com/ranking/dailyStats/SAU_riyadh by ActiveConclusion/COVID19_mobility scraper",1440,tomtom_dailystats_api_via_activeconclusion_github,https://github.com/ActiveConclusion/COVID19_mobility/blob/master/tomtom_reports/tomtom_trafic_index.csv,2026-07-27T19:18:34Z,(c) TomTom via MIT-licensed repo republication,verified
2022-06-07T21:00:00Z,2022-06-08T00:00:00+03:00,2022-06-08,0,0,0,CITY_RIYADH,Riyadh (city-wide),24.7136,46.6753,,,17,"TomTom daily congestion level: extra travel time vs free-flow conditions, percent, city-wide daily average; field passed through unchanged from api.midway.tomtom.com/ranking/dailyStats/SAU_riyadh by ActiveConclusion/COVID19_mobility scraper",1440,tomtom_dailystats_api_via_activeconclusion_github,https://github.com/ActiveConclusion/COVID19_mobility/blob/master/tomtom_reports/tomtom_trafic_index.csv,2026-07-27T19:18:34Z,(c) TomTom via MIT-licensed repo republication,verified
2022-06-08T21:00:00Z,2022-06-09T00:00:00+03:00,2022-06-09,0,0,0,CITY_RIYADH,Riyadh (city-wide),24.7136,46.6753,,,21,"TomTom daily congestion level: extra travel time vs free-flow conditions, percent, city-wide daily average; field passed through unchanged from api.midway.tomtom.com/ranking/dailyStats/SAU_riyadh by ActiveConclusion/COVID19_mobility scraper",1440,tomtom_dailystats_api_via_activeconclusion_github,https://github.com/ActiveConclusion/COVID19_mobility/blob/master/tomtom_reports/tomtom_trafic_index.csv,2026-07-27T19:18:34Z,(c) TomTom via MIT-licensed repo republication,verified
2022-06-09T21:00:00Z,2022-06-10T00:00:00+03:00,2022-06-10,0,0,0,CITY_RIYADH,Riyadh (city-wide),24.7136,46.6753,,,17,"TomTom daily congestion level: extra travel time vs free-flow conditions, percent, city-wide daily average; field passed through unchanged from api.midway.tomtom.com/ranking/dailyStats/SAU_riyadh by ActiveConclusion/COVID19_mobility scraper",1440,tomtom_dailystats_api_via_activeconclusion_github,https://github.com/ActiveConclusion/COVID19_mobility/blob/master/tomtom_reports/tomtom_trafic_index.csv,2026-07-27T19:18:34Z,(c) TomTom via MIT-licensed repo republication,verified
2022-06-10T21:00:00Z,2022-06-11T00:00:00+03:00,2022-06-11,0,0,0,CITY_RIYADH,Riyadh (city-wide),24.7136,46.6753,,,17,"TomTom daily congestion level: extra travel time vs free-flow conditions, percent, city-wide daily average; field passed through unchanged from api.midway.tomtom.com/ranking/dailyStats/SAU_riyadh by ActiveConclusion/COVID19_mobility scraper",1440,tomtom_dailystats_api_via_activeconclusion_github,https://github.com/ActiveConclusion/COVID19_mobility/blob/master/tomtom_reports/tomtom_trafic_index.csv,2026-07-27T19:18:34Z,(c) TomTom via MIT-licensed repo republication,verified
2022-06-11T21:00:00Z,2022-06-12T00:00:00+03:00,2022-06-12,0,0,0,CITY_RIYADH,Riyadh (city-wide),24.7136,46.6753,,,16,"TomTom daily congestion level: extra travel time vs free-flow conditions, percent, city-wide daily average; field passed through unchanged from api.midway.tomtom.com/ranking/dailyStats/SAU_riyadh by ActiveConclusion/COVID19_mobility scraper",1440,tomtom_dailystats_api_via_activeconclusion_github,https://github.com/ActiveConclusion/COVID19_mobility/blob/master/tomtom_reports/tomtom_trafic_index.csv,2026-07-27T19:18:34Z,(c) TomTom via MIT-licensed repo republication,verified
2022-06-12T21:00:00Z,2022-06-13T00:00:00+03:00,2022-06-13,0,0,0,CITY_RIYADH,Riyadh (city-wide),24.7136,46.6753,,,17,"TomTom daily congestion level: extra travel time vs free-flow conditions, percent, city-wide daily average; field passed through unchanged from api.midway.tomtom.com/ranking/dailyStats/SAU_riyadh by ActiveConclusion/COVID19_mobility scraper",1440,tomtom_dailystats_api_via_activeconclusion_github,https://github.com/ActiveConclusion/COVID19_mobility/blob/master/tomtom_reports/tomtom_trafic_index.csv,2026-07-27T19:18:34Z,(c) TomTom via MIT-licensed repo republication,verified
2022-06-13T21:00:00Z,2022-06-14T00:00:00+03:00,2022-06-14,0,0,0,CITY_RIYADH,Riyadh (city-wide),24.7136,46.6753,,,18,"TomTom daily congestion level: extra travel time vs free-flow conditions, percent, city-wide daily average; field passed through unchanged from api.midway.tomtom.com/ranking/dailyStats/SAU_riyadh by ActiveConclusion/COVID19_mobility scraper",1440,tomtom_dailystats_api_via_activeconclusion_github,https://github.com/ActiveConclusion/COVID19_mobility/blob/master/tomtom_reports/tomtom_trafic_index.csv,2026-07-27T19:18:34Z,(c) TomTom via MIT-licensed repo republication,verified
2022-06-14T21:00:00Z,2022-06-15T00:00:00+03:00,2022-06-15,0,0,0,CITY_RIYADH,Riyadh (city-wide),24.7136,46.6753,,,18,"TomTom daily congestion level: extra travel time vs free-flow conditions, percent, city-wide daily average; field passed through unchanged from api.midway.tomtom.com/ranking/dailyStats/SAU_riyadh by ActiveConclusion/COVID19_mobility scraper",1440,tomtom_dailystats_api_via_activeconclusion_github,https://github.com/ActiveConclusion/COVID19_mobility/blob/master/tomtom_reports/tomtom_trafic_index.csv,2026-07-27T19:18:34Z,(c) TomTom via MIT-licensed repo republication,verified
2022-06-15T21:00:00Z,2022-06-16T00:00:00+03:00,2022-06-16,0,0,0,CITY_RIYADH,Riyadh (city-wide),24.7136,46.6753,,,19,"TomTom daily congestion level: extra travel time vs free-flow conditions, percent, city-wide daily average; field passed through unchanged from api.midway.tomtom.com/ranking/dailyStats/SAU_riyadh by ActiveConclusion/COVID19_mobility scraper",1440,tomtom_dailystats_api_via_activeconclusion_github,https://github.com/ActiveConclusion/COVID19_mobility/blob/master/tomtom_reports/tomtom_trafic_index.csv,2026-07-27T19:18:34Z,(c) TomTom via MIT-licensed repo republication,verified
2022-06-16T21:00:00Z,2022-06-17T00:00:00+03:00,2022-06-17,0,0,0,CITY_RIYADH,Riyadh (city-wide),24.7136,46.6753,,,15,"TomTom daily congestion level: extra travel time vs free-flow conditions, percent, city-wide daily average; field passed through unchanged from api.midway.tomtom.com/ranking/dailyStats/SAU_riyadh by ActiveConclusion/COVID19_mobility scraper",1440,tomtom_dailystats_api_via_activeconclusion_github,https://github.com/ActiveConclusion/COVID19_mobility/blob/master/tomtom_reports/tomtom_trafic_index.csv,2026-07-27T19:18:34Z,(c) TomTom via MIT-licensed repo republication,verified
2022-06-17T21:00:00Z,2022-06-18T00:00:00+03:00,2022-06-18,0,0,0,CITY_RIYADH,Riyadh (city-wide),24.7136,46.6753,,,15,"TomTom daily congestion level: extra travel time vs free-flow conditions, percent, city-wide daily average; field passed through unchanged from api.midway.tomtom.com/ranking/dailyStats/SAU_riyadh by ActiveConclusion/COVID19_mobility scraper",1440,tomtom_dailystats_api_via_activeconclusion_github,https://github.com/ActiveConclusion/COVID19_mobility/blob/master/tomtom_reports/tomtom_trafic_index.csv,2026-07-27T19:18:34Z,(c) TomTom via MIT-licensed repo republication,verified
2022-06-18T21:00:00Z,2022-06-19T00:00:00+03:00,2022-06-19,0,0,0,CITY_RIYADH,Riyadh (city-wide),24.7136,46.6753,,,16,"TomTom daily congestion level: extra travel time vs free-flow conditions, percent, city-wide daily average; field passed through unchanged from api.midway.tomtom.com/ranking/dailyStats/SAU_riyadh by ActiveConclusion/COVID19_mobility scraper",1440,tomtom_dailystats_api_via_activeconclusion_github,https://github.com/ActiveConclusion/COVID19_mobility/blob/master/tomtom_reports/tomtom_trafic_index.csv,2026-07-27T19:18:34Z,(c) TomTom via MIT-licensed repo republication,verified
2022-06-19T21:00:00Z,2022-06-20T00:00:00+03:00,2022-06-20,0,0,0,CITY_RIYADH,Riyadh (city-wide),24.7136,46.6753,,,16,"TomTom daily congestion level: extra travel time vs free-flow conditions, percent, city-wide daily average; field passed through unchanged from api.midway.tomtom.com/ranking/dailyStats/SAU_riyadh by ActiveConclusion/COVID19_mobility scraper",1440,tomtom_dailystats_api_via_activeconclusion_github,https://github.com/ActiveConclusion/COVID19_mobility/blob/master/tomtom_reports/tomtom_trafic_index.csv,2026-07-27T19:18:34Z,(c) TomTom via MIT-licensed repo republication,verified
2022-06-20T21:00:00Z,2022-06-21T00:00:00+03:00,2022-06-21,0,0,0,CITY_RIYADH,Riyadh (city-wide),24.7136,46.6753,,,17,"TomTom daily congestion level: extra travel time vs free-flow conditions, percent, city-wide daily average; field passed through unchanged from api.midway.tomtom.com/ranking/dailyStats/SAU_riyadh by ActiveConclusion/COVID19_mobility scraper",1440,tomtom_dailystats_api_via_activeconclusion_github,https://github.com/ActiveConclusion/COVID19_mobility/blob/master/tomtom_reports/tomtom_trafic_index.csv,2026-07-27T19:18:34Z,(c) TomTom via MIT-licensed repo republication,verified
2022-06-21T21:00:00Z,2022-06-22T00:00:00+03:00,2022-06-22,0,0,0,CITY_RIYADH,Riyadh (city-wide),24.7136,46.6753,,,16,"TomTom daily congestion level: extra travel time vs free-flow conditions, percent, city-wide daily average; field passed through unchanged from api.midway.tomtom.com/ranking/dailyStats/SAU_riyadh by ActiveConclusion/COVID19_mobility scraper",1440,tomtom_dailystats_api_via_activeconclusion_github,https://github.com/ActiveConclusion/COVID19_mobility/blob/master/tomtom_reports/tomtom_trafic_index.csv,2026-07-27T19:18:34Z,(c) TomTom via MIT-licensed repo republication,verified
2022-06-22T21:00:00Z,2022-06-23T00:00:00+03:00,2022-06-23,0,0,0,CITY_RIYADH,Riyadh (city-wide),24.7136,46.6753,,,17,"TomTom daily congestion level: extra travel time vs free-flow conditions, percent, city-wide daily average; field passed through unchanged from api.midway.tomtom.com/ranking/dailyStats/SAU_riyadh by ActiveConclusion/COVID19_mobility scraper",1440,tomtom_dailystats_api_via_activeconclusion_github,https://github.com/ActiveConclusion/COVID19_mobility/blob/master/tomtom_reports/tomtom_trafic_index.csv,2026-07-27T19:18:34Z,(c) TomTom via MIT-licensed repo republication,verified
2022-06-23T21:00:00Z,2022-06-24T00:00:00+03:00,2022-06-24,0,0,0,CITY_RIYADH,Riyadh (city-wide),24.7136,46.6753,,,14,"TomTom daily congestion level: extra travel time vs free-flow conditions, percent, city-wide daily average; field passed through unchanged from api.midway.tomtom.com/ranking/dailyStats/SAU_riyadh by ActiveConclusion/COVID19_mobility scraper",1440,tomtom_dailystats_api_via_activeconclusion_github,https://github.com/ActiveConclusion/COVID19_mobility/blob/master/tomtom_reports/tomtom_trafic_index.csv,2026-07-27T19:18:34Z,(c) TomTom via MIT-licensed repo republication,verified
2022-06-24T21:00:00Z,2022-06-25T00:00:00+03:00,2022-06-25,0,0,0,CITY_RIYADH,Riyadh (city-wide),24.7136,46.6753,,,14,"TomTom daily congestion level: extra travel time vs free-flow conditions, percent, city-wide daily average; field passed through unchanged from api.midway.tomtom.com/ranking/dailyStats/SAU_riyadh by ActiveConclusion/COVID19_mobility scraper",1440,tomtom_dailystats_api_via_activeconclusion_github,https://github.com/ActiveConclusion/COVID19_mobility/blob/master/tomtom_reports/tomtom_trafic_index.csv,2026-07-27T19:18:34Z,(c) TomTom via MIT-licensed repo republication,verified
2022-06-25T21:00:00Z,2022-06-26T00:00:00+03:00,2022-06-26,0,0,0,CITY_RIYADH,Riyadh (city-wide),24.7136,46.6753,,,16,"TomTom daily congestion level: extra travel time vs free-flow conditions, percent, city-wide daily average; field passed through unchanged from api.midway.tomtom.com/ranking/dailyStats/SAU_riyadh by ActiveConclusion/COVID19_mobility scraper",1440,tomtom_dailystats_api_via_activeconclusion_github,https://github.com/ActiveConclusion/COVID19_mobility/blob/master/tomtom_reports/tomtom_trafic_index.csv,2026-07-27T19:18:34Z,(c) TomTom via MIT-licensed repo republication,verified
2022-06-26T21:00:00Z,2022-06-27T00:00:00+03:00,2022-06-27,0,0,0,CITY_RIYADH,Riyadh (city-wide),24.7136,46.6753,,,18,"TomTom daily congestion level: extra travel time vs free-flow conditions, percent, city-wide daily average; field passed through unchanged from api.midway.tomtom.com/ranking/dailyStats/SAU_riyadh by ActiveConclusion/COVID19_mobility scraper",1440,tomtom_dailystats_api_via_activeconclusion_github,https://github.com/ActiveConclusion/COVID19_mobility/blob/master/tomtom_reports/tomtom_trafic_index.csv,2026-07-27T19:18:34Z,(c) TomTom via MIT-licensed repo republication,verified
2022-06-27T21:00:00Z,2022-06-28T00:00:00+03:00,2022-06-28,0,0,0,CITY_RIYADH,Riyadh (city-wide),24.7136,46.6753,,,20,"TomTom daily congestion level: extra travel time vs free-flow conditions, percent, city-wide daily average; field passed through unchanged from api.midway.tomtom.com/ranking/dailyStats/SAU_riyadh by ActiveConclusion/COVID19_mobility scraper",1440,tomtom_dailystats_api_via_activeconclusion_github,https://github.com/ActiveConclusion/COVID19_mobility/blob/master/tomtom_reports/tomtom_trafic_index.csv,2026-07-27T19:18:34Z,(c) TomTom via MIT-licensed repo republication,verified
2022-06-28T21:00:00Z,2022-06-29T00:00:00+03:00,2022-06-29,0,0,0,CITY_RIYADH,Riyadh (city-wide),24.7136,46.6753,,,22,"TomTom daily congestion level: extra travel time vs free-flow conditions, percent, city-wide daily average; field passed through unchanged from api.midway.tomtom.com/ranking/dailyStats/SAU_riyadh by ActiveConclusion/COVID19_mobility scraper",1440,tomtom_dailystats_api_via_activeconclusion_github,https://github.com/ActiveConclusion/COVID19_mobility/blob/master/tomtom_reports/tomtom_trafic_index.csv,2026-07-27T19:18:34Z,(c) TomTom via MIT-licensed repo republication,verified
2022-06-29T21:00:00Z,2022-06-30T00:00:00+03:00,2022-06-30,0,0,0,CITY_RIYADH,Riyadh (city-wide),24.7136,46.6753,,,23,"TomTom daily congestion level: extra travel time vs free-flow conditions, percent, city-wide daily average; field passed through unchanged from api.midway.tomtom.com/ranking/dailyStats/SAU_riyadh by ActiveConclusion/COVID19_mobility scraper",1440,tomtom_dailystats_api_via_activeconclusion_github,https://github.com/ActiveConclusion/COVID19_mobility/blob/master/tomtom_reports/tomtom_trafic_index.csv,2026-07-27T19:18:34Z,(c) TomTom via MIT-licensed repo republication,verified
2022-06-30T21:00:00Z,2022-07-01T00:00:00+03:00,2022-07-01,0,0,0,CITY_RIYADH,Riyadh (city-wide),24.7136,46.6753,,,18,"TomTom daily congestion level: extra travel time vs free-flow conditions, percent, city-wide daily average; field passed through unchanged from api.midway.tomtom.com/ranking/dailyStats/SAU_riyadh by ActiveConclusion/COVID19_mobility scraper",1440,tomtom_dailystats_api_via_activeconclusion_github,https://github.com/ActiveConclusion/COVID19_mobility/blob/master/tomtom_reports/tomtom_trafic_index.csv,2026-07-27T19:18:34Z,(c) TomTom via MIT-licensed repo republication,verified
2022-07-01T21:00:00Z,2022-07-02T00:00:00+03:00,2022-07-02,0,0,0,CITY_RIYADH,Riyadh (city-wide),24.7136,46.6753,,,18,"TomTom daily congestion level: extra travel time vs free-flow conditions, percent, city-wide daily average; field passed through unchanged from api.midway.tomtom.com/ranking/dailyStats/SAU_riyadh by ActiveConclusion/COVID19_mobility scraper",1440,tomtom_dailystats_api_via_activeconclusion_github,https://github.com/ActiveConclusion/COVID19_mobility/blob/master/tomtom_reports/tomtom_trafic_index.csv,2026-07-27T19:18:34Z,(c) TomTom via MIT-licensed repo republication,verified
2022-07-02T21:00:00Z,2022-07-03T00:00:00+03:00,2022-07-03,0,0,0,CITY_RIYADH,Riyadh (city-wide),24.7136,46.6753,,,17,"TomTom daily congestion level: extra travel time vs free-flow conditions, percent, city-wide daily average; field passed through unchanged from api.midway.tomtom.com/ranking/dailyStats/SAU_riyadh by ActiveConclusion/COVID19_mobility scraper",1440,tomtom_dailystats_api_via_activeconclusion_github,https://github.com/ActiveConclusion/COVID19_mobility/blob/master/tomtom_reports/tomtom_trafic_index.csv,2026-07-27T19:18:34Z,(c) TomTom via MIT-licensed repo republication,verified
2022-07-03T21:00:00Z,2022-07-04T00:00:00+03:00,2022-07-04,0,0,0,CITY_RIYADH,Riyadh (city-wide),24.7136,46.6753,,,16,"TomTom daily congestion level: extra travel time vs free-flow conditions, percent, city-wide daily average; field passed through unchanged from api.midway.tomtom.com/ranking/dailyStats/SAU_riyadh by ActiveConclusion/COVID19_mobility scraper",1440,tomtom_dailystats_api_via_activeconclusion_github,https://github.com/ActiveConclusion/COVID19_mobility/blob/master/tomtom_reports/tomtom_trafic_index.csv,2026-07-27T19:18:34Z,(c) TomTom via MIT-licensed repo republication,verified
2022-07-04T21:00:00Z,2022-07-05T00:00:00+03:00,2022-07-05,0,0,0,CITY_RIYADH,Riyadh (city-wide),24.7136,46.6753,,,16,"TomTom daily congestion level: extra travel time vs free-flow conditions, percent, city-wide daily average; field passed through unchanged from api.midway.tomtom.com/ranking/dailyStats/SAU_riyadh by ActiveConclusion/COVID19_mobility scraper",1440,tomtom_dailystats_api_via_activeconclusion_github,https://github.com/ActiveConclusion/COVID19_mobility/blob/master/tomtom_reports/tomtom_trafic_index.csv,2026-07-27T19:18:34Z,(c) TomTom via MIT-licensed repo republication,verified
2022-07-05T21:00:00Z,2022-07-06T00:00:00+03:00,2022-07-06,0,0,0,CITY_RIYADH,Riyadh (city-wide),24.7136,46.6753,,,15,"TomTom daily congestion level: extra travel time vs free-flow conditions, percent, city-wide daily average; field passed through unchanged from api.midway.tomtom.com/ranking/dailyStats/SAU_riyadh by ActiveConclusion/COVID19_mobility scraper",1440,tomtom_dailystats_api_via_activeconclusion_github,https://github.com/ActiveConclusion/COVID19_mobility/blob/master/tomtom_reports/tomtom_trafic_index.csv,2026-07-27T19:18:34Z,(c) TomTom via MIT-licensed repo republication,verified
2022-07-06T21:00:00Z,2022-07-07T00:00:00+03:00,2022-07-07,0,0,0,CITY_RIYADH,Riyadh (city-wide),24.7136,46.6753,,,15,"TomTom daily congestion level: extra travel time vs free-flow conditions, percent, city-wide daily average; field passed through unchanged from api.midway.tomtom.com/ranking/dailyStats/SAU_riyadh by ActiveConclusion/COVID19_mobility scraper",1440,tomtom_dailystats_api_via_activeconclusion_github,https://github.com/ActiveConclusion/COVID19_mobility/blob/master/tomtom_reports/tomtom_trafic_index.csv,2026-07-27T19:18:34Z,(c) TomTom via MIT-licensed repo republication,verified
2022-07-07T21:00:00Z,2022-07-08T00:00:00+03:00,2022-07-08,0,0,0,CITY_RIYADH,Riyadh (city-wide),24.7136,46.6753,,,11,"TomTom daily congestion level: extra travel time vs free-flow conditions, percent, city-wide daily average; field passed through unchanged from api.midway.tomtom.com/ranking/dailyStats/SAU_riyadh by ActiveConclusion/COVID19_mobility scraper",1440,tomtom_dailystats_api_via_activeconclusion_github,https://github.com/ActiveConclusion/COVID19_mobility/blob/master/tomtom_reports/tomtom_trafic_index.csv,2026-07-27T19:18:34Z,(c) TomTom via MIT-licensed repo republication,verified
2022-07-08T21:00:00Z,2022-07-09T00:00:00+03:00,2022-07-09,0,0,0,CITY_RIYADH,Riyadh (city-wide),24.7136,46.6753,,,6,"TomTom daily congestion level: extra travel time vs free-flow conditions, percent, city-wide daily average; field passed through unchanged from api.midway.tomtom.com/ranking/dailyStats/SAU_riyadh by ActiveConclusion/COVID19_mobility scraper",1440,tomtom_dailystats_api_via_activeconclusion_github,https://github.com/ActiveConclusion/COVID19_mobility/blob/master/tomtom_reports/tomtom_trafic_index.csv,2026-07-27T19:18:34Z,(c) TomTom via MIT-licensed repo republication,verified
2022-07-09T21:00:00Z,2022-07-10T00:00:00+03:00,2022-07-10,0,0,0,CITY_RIYADH,Riyadh (city-wide),24.7136,46.6753,,,6,"TomTom daily congestion level: extra travel time vs free-flow conditions, percent, city-wide daily average; field passed through unchanged from api.midway.tomtom.com/ranking/dailyStats/SAU_riyadh by ActiveConclusion/COVID19_mobility scraper",1440,tomtom_dailystats_api_via_activeconclusion_github,https://github.com/ActiveConclusion/COVID19_mobility/blob/master/tomtom_reports/tomtom_trafic_index.csv,2026-07-27T19:18:34Z,(c) TomTom via MIT-licensed repo republication,verified
2022-07-10T21:00:00Z,2022-07-11T00:00:00+03:00,2022-07-11,0,0,0,CITY_RIYADH,Riyadh (city-wide),24.7136,46.6753,,,6,"TomTom daily congestion level: extra travel time vs free-flow conditions, percent, city-wide daily average; field passed through unchanged from api.midway.tomtom.com/ranking/dailyStats/SAU_riyadh by ActiveConclusion/COVID19_mobility scraper",1440,tomtom_dailystats_api_via_activeconclusion_github,https://github.com/ActiveConclusion/COVID19_mobility/blob/master/tomtom_reports/tomtom_trafic_index.csv,2026-07-27T19:18:34Z,(c) TomTom via MIT-licensed repo republication,verified
2022-07-11T21:00:00Z,2022-07-12T00:00:00+03:00,2022-07-12,0,0,0,CITY_RIYADH,Riyadh (city-wide),24.7136,46.6753,,,6,"TomTom daily congestion level: extra travel time vs free-flow conditions, percent, city-wide daily average; field passed through unchanged from api.midway.tomtom.com/ranking/dailyStats/SAU_riyadh by ActiveConclusion/COVID19_mobility scraper",1440,tomtom_dailystats_api_via_activeconclusion_github,https://github.com/ActiveConclusion/COVID19_mobility/blob/master/tomtom_reports/tomtom_trafic_index.csv,2026-07-27T19:18:34Z,(c) TomTom via MIT-licensed repo republication,verified
2022-07-12T21:00:00Z,2022-07-13T00:00:00+03:00,2022-07-13,0,0,0,CITY_RIYADH,Riyadh (city-wide),24.7136,46.6753,,,7,"TomTom daily congestion level: extra travel time vs free-flow conditions, percent, city-wide daily average; field passed through unchanged from api.midway.tomtom.com/ranking/dailyStats/SAU_riyadh by ActiveConclusion/COVID19_mobility scraper",1440,tomtom_dailystats_api_via_activeconclusion_github,https://github.com/ActiveConclusion/COVID19_mobility/blob/master/tomtom_reports/tomtom_trafic_index.csv,2026-07-27T19:18:34Z,(c) TomTom via MIT-licensed repo republication,verified
2022-07-13T21:00:00Z,2022-07-14T00:00:00+03:00,2022-07-14,0,0,0,CITY_RIYADH,Riyadh (city-wide),24.7136,46.6753,,,9,"TomTom daily congestion level: extra travel time vs free-flow conditions, percent, city-wide daily average; field passed through unchanged from api.midway.tomtom.com/ranking/dailyStats/SAU_riyadh by ActiveConclusion/COVID19_mobility scraper",1440,tomtom_dailystats_api_via_activeconclusion_github,https://github.com/ActiveConclusion/COVID19_mobility/blob/master/tomtom_reports/tomtom_trafic_index.csv,2026-07-27T19:18:34Z,(c) TomTom via MIT-licensed repo republication,verified
2022-07-14T21:00:00Z,2022-07-15T00:00:00+03:00,2022-07-15,0,0,0,CITY_RIYADH,Riyadh (city-wide),24.7136,46.6753,,,9,"TomTom daily congestion level: extra travel time vs free-flow conditions, percent, city-wide daily average; field passed through unchanged from api.midway.tomtom.com/ranking/dailyStats/SAU_riyadh by ActiveConclusion/COVID19_mobility scraper",1440,tomtom_dailystats_api_via_activeconclusion_github,https://github.com/ActiveConclusion/COVID19_mobility/blob/master/tomtom_reports/tomtom_trafic_index.csv,2026-07-27T19:18:34Z,(c) TomTom via MIT-licensed repo republication,verified
2022-07-15T21:00:00Z,2022-07-16T00:00:00+03:00,2022-07-16,0,0,0,CITY_RIYADH,Riyadh (city-wide),24.7136,46.6753,,,10,"TomTom daily congestion level: extra travel time vs free-flow conditions, percent, city-wide daily average; field passed through unchanged from api.midway.tomtom.com/ranking/dailyStats/SAU_riyadh by ActiveConclusion/COVID19_mobility scraper",1440,tomtom_dailystats_api_via_activeconclusion_github,https://github.com/ActiveConclusion/COVID19_mobility/blob/master/tomtom_reports/tomtom_trafic_index.csv,2026-07-27T19:18:34Z,(c) TomTom via MIT-licensed repo republication,verified
2022-07-16T21:00:00Z,2022-07-17T00:00:00+03:00,2022-07-17,0,0,0,CITY_RIYADH,Riyadh (city-wide),24.7136,46.6753,,,12,"TomTom daily congestion level: extra travel time vs free-flow conditions, percent, city-wide daily average; field passed through unchanged from api.midway.tomtom.com/ranking/dailyStats/SAU_riyadh by ActiveConclusion/COVID19_mobility scraper",1440,tomtom_dailystats_api_via_activeconclusion_github,https://github.com/ActiveConclusion/COVID19_mobility/blob/master/tomtom_reports/tomtom_trafic_index.csv,2026-07-27T19:18:34Z,(c) TomTom via MIT-licensed repo republication,verified
2022-07-17T21:00:00Z,2022-07-18T00:00:00+03:00,2022-07-18,0,0,0,CITY_RIYADH,Riyadh (city-wide),24.7136,46.6753,,,13,"TomTom daily congestion level: extra travel time vs free-flow conditions, percent, city-wide daily average; field passed through unchanged from api.midway.tomtom.com/ranking/dailyStats/SAU_riyadh by ActiveConclusion/COVID19_mobility scraper",1440,tomtom_dailystats_api_via_activeconclusion_github,https://github.com/ActiveConclusion/COVID19_mobility/blob/master/tomtom_reports/tomtom_trafic_index.csv,2026-07-27T19:18:34Z,(c) TomTom via MIT-licensed repo republication,verified
2022-07-18T21:00:00Z,2022-07-19T00:00:00+03:00,2022-07-19,0,0,0,CITY_RIYADH,Riyadh (city-wide),24.7136,46.6753,,,13,"TomTom daily congestion level: extra travel time vs free-flow conditions, percent, city-wide daily average; field passed through unchanged from api.midway.tomtom.com/ranking/dailyStats/SAU_riyadh by ActiveConclusion/COVID19_mobility scraper",1440,tomtom_dailystats_api_via_activeconclusion_github,https://github.com/ActiveConclusion/COVID19_mobility/blob/master/tomtom_reports/tomtom_trafic_index.csv,2026-07-27T19:18:34Z,(c) TomTom via MIT-licensed repo republication,verified
2022-07-19T21:00:00Z,2022-07-20T00:00:00+03:00,2022-07-20,0,0,0,CITY_RIYADH,Riyadh (city-wide),24.7136,46.6753,,,13,"TomTom daily congestion level: extra travel time vs free-flow conditions, percent, city-wide daily average; field passed through unchanged from api.midway.tomtom.com/ranking/dailyStats/SAU_riyadh by ActiveConclusion/COVID19_mobility scraper",1440,tomtom_dailystats_api_via_activeconclusion_github,https://github.com/ActiveConclusion/COVID19_mobility/blob/master/tomtom_reports/tomtom_trafic_index.csv,2026-07-27T19:18:34Z,(c) TomTom via MIT-licensed repo republication,verified
2022-07-20T21:00:00Z,2022-07-21T00:00:00+03:00,2022-07-21,0,0,0,CITY_RIYADH,Riyadh (city-wide),24.7136,46.6753,,,14,"TomTom daily congestion level: extra travel time vs free-flow conditions, percent, city-wide daily average; field passed through unchanged from api.midway.tomtom.com/ranking/dailyStats/SAU_riyadh by ActiveConclusion/COVID19_mobility scraper",1440,tomtom_dailystats_api_via_activeconclusion_github,https://github.com/ActiveConclusion/COVID19_mobility/blob/master/tomtom_reports/tomtom_trafic_index.csv,2026-07-27T19:18:34Z,(c) TomTom via MIT-licensed repo republication,verified
2022-07-21T21:00:00Z,2022-07-22T00:00:00+03:00,2022-07-22,0,0,0,CITY_RIYADH,Riyadh (city-wide),24.7136,46.6753,,,12,"TomTom daily congestion level: extra travel time vs free-flow conditions, percent, city-wide daily average; field passed through unchanged from api.midway.tomtom.com/ranking/dailyStats/SAU_riyadh by ActiveConclusion/COVID19_mobility scraper",1440,tomtom_dailystats_api_via_activeconclusion_github,https://github.com/ActiveConclusion/COVID19_mobility/blob/master/tomtom_reports/tomtom_trafic_index.csv,2026-07-27T19:18:34Z,(c) TomTom via MIT-licensed repo republication,verified
2022-07-22T21:00:00Z,2022-07-23T00:00:00+03:00,2022-07-23,0,0,0,CITY_RIYADH,Riyadh (city-wide),24.7136,46.6753,,,12,"TomTom daily congestion level: extra travel time vs free-flow conditions, percent, city-wide daily average; field passed through unchanged from api.midway.tomtom.com/ranking/dailyStats/SAU_riyadh by ActiveConclusion/COVID19_mobility scraper",1440,tomtom_dailystats_api_via_activeconclusion_github,https://github.com/ActiveConclusion/COVID19_mobility/blob/master/tomtom_reports/tomtom_trafic_index.csv,2026-07-27T19:18:34Z,(c) TomTom via MIT-licensed repo republication,verified
2022-07-23T21:00:00Z,2022-07-24T00:00:00+03:00,2022-07-24,0,0,0,CITY_RIYADH,Riyadh (city-wide),24.7136,46.6753,,,14,"TomTom daily congestion level: extra travel time vs free-flow conditions, percent, city-wide daily average; field passed through unchanged from api.midway.tomtom.com/ranking/dailyStats/SAU_riyadh by ActiveConclusion/COVID19_mobility scraper",1440,tomtom_dailystats_api_via_activeconclusion_github,https://github.com/ActiveConclusion/COVID19_mobility/blob/master/tomtom_reports/tomtom_trafic_index.csv,2026-07-27T19:18:34Z,(c) TomTom via MIT-licensed repo republication,verified
2022-07-24T21:00:00Z,2022-07-25T00:00:00+03:00,2022-07-25,0,0,0,CITY_RIYADH,Riyadh (city-wide),24.7136,46.6753,,,15,"TomTom daily congestion level: extra travel time vs free-flow conditions, percent, city-wide daily average; field passed through unchanged from api.midway.tomtom.com/ranking/dailyStats/SAU_riyadh by ActiveConclusion/COVID19_mobility scraper",1440,tomtom_dailystats_api_via_activeconclusion_github,https://github.com/ActiveConclusion/COVID19_mobility/blob/master/tomtom_reports/tomtom_trafic_index.csv,2026-07-27T19:18:34Z,(c) TomTom via MIT-licensed repo republication,verified
2022-07-25T21:00:00Z,2022-07-26T00:00:00+03:00,2022-07-26,0,0,0,CITY_RIYADH,Riyadh (city-wide),24.7136,46.6753,,,15,"TomTom daily congestion level: extra travel time vs free-flow conditions, percent, city-wide daily average; field passed through unchanged from api.midway.tomtom.com/ranking/dailyStats/SAU_riyadh by ActiveConclusion/COVID19_mobility scraper",1440,tomtom_dailystats_api_via_activeconclusion_github,https://github.com/ActiveConclusion/COVID19_mobility/blob/master/tomtom_reports/tomtom_trafic_index.csv,2026-07-27T19:18:34Z,(c) TomTom via MIT-licensed repo republication,verified
2022-07-26T21:00:00Z,2022-07-27T00:00:00+03:00,2022-07-27,0,0,0,CITY_RIYADH,Riyadh (city-wide),24.7136,46.6753,,,18,"TomTom daily congestion level: extra travel time vs free-flow conditions, percent, city-wide daily average; field passed through unchanged from api.midway.tomtom.com/ranking/dailyStats/SAU_riyadh by ActiveConclusion/COVID19_mobility scraper",1440,tomtom_dailystats_api_via_activeconclusion_github,https://github.com/ActiveConclusion/COVID19_mobility/blob/master/tomtom_reports/tomtom_trafic_index.csv,2026-07-27T19:18:34Z,(c) TomTom via MIT-licensed repo republication,verified
2022-07-27T21:00:00Z,2022-07-28T00:00:00+03:00,2022-07-28,0,0,0,CITY_RIYADH,Riyadh (city-wide),24.7136,46.6753,,,21,"TomTom daily congestion level: extra travel time vs free-flow conditions, percent, city-wide daily average; field passed through unchanged from api.midway.tomtom.com/ranking/dailyStats/SAU_riyadh by ActiveConclusion/COVID19_mobility scraper",1440,tomtom_dailystats_api_via_activeconclusion_github,https://github.com/ActiveConclusion/COVID19_mobility/blob/master/tomtom_reports/tomtom_trafic_index.csv,2026-07-27T19:18:34Z,(c) TomTom via MIT-licensed repo republication,verified
2022-07-28T21:00:00Z,2022-07-29T00:00:00+03:00,2022-07-29,0,0,0,CITY_RIYADH,Riyadh (city-wide),24.7136,46.6753,,,15,"TomTom daily congestion level: extra travel time vs free-flow conditions, percent, city-wide daily average; field passed through unchanged from api.midway.tomtom.com/ranking/dailyStats/SAU_riyadh by ActiveConclusion/COVID19_mobility scraper",1440,tomtom_dailystats_api_via_activeconclusion_github,https://github.com/ActiveConclusion/COVID19_mobility/blob/master/tomtom_reports/tomtom_trafic_index.csv,2026-07-27T19:18:34Z,(c) TomTom via MIT-licensed repo republication,verified
2022-07-29T21:00:00Z,2022-07-30T00:00:00+03:00,2022-07-30,0,0,0,CITY_RIYADH,Riyadh (city-wide),24.7136,46.6753,,,15,"TomTom daily congestion level: extra travel time vs free-flow conditions, percent, city-wide daily average; field passed through unchanged from api.midway.tomtom.com/ranking/dailyStats/SAU_riyadh by ActiveConclusion/COVID19_mobility scraper",1440,tomtom_dailystats_api_via_activeconclusion_github,https://github.com/ActiveConclusion/COVID19_mobility/blob/master/tomtom_reports/tomtom_trafic_index.csv,2026-07-27T19:18:34Z,(c) TomTom via MIT-licensed repo republication,verified
2022-07-30T21:00:00Z,2022-07-31T00:00:00+03:00,2022-07-31,0,0,0,CITY_RIYADH,Riyadh (city-wide),24.7136,46.6753,,,24,"TomTom daily congestion level: extra travel time vs free-flow conditions, percent, city-wide daily average; field passed through unchanged from api.midway.tomtom.com/ranking/dailyStats/SAU_riyadh by ActiveConclusion/COVID19_mobility scraper",1440,tomtom_dailystats_api_via_activeconclusion_github,https://github.com/ActiveConclusion/COVID19_mobility/blob/master/tomtom_reports/tomtom_trafic_index.csv,2026-07-27T19:18:34Z,(c) TomTom via MIT-licensed repo republication,verified
2022-07-31T21:00:00Z,2022-08-01T00:00:00+03:00,2022-08-01,0,0,0,CITY_RIYADH,Riyadh (city-wide),24.7136,46.6753,,,20,"TomTom daily congestion level: extra travel time vs free-flow conditions, percent, city-wide daily average; field passed through unchanged from api.midway.tomtom.com/ranking/dailyStats/SAU_riyadh by ActiveConclusion/COVID19_mobility scraper",1440,tomtom_dailystats_api_via_activeconclusion_github,https://github.com/ActiveConclusion/COVID19_mobility/blob/master/tomtom_reports/tomtom_trafic_index.csv,2026-07-27T19:18:34Z,(c) TomTom via MIT-licensed repo republication,verified
2022-08-01T21:00:00Z,2022-08-02T00:00:00+03:00,2022-08-02,0,0,0,CITY_RIYADH,Riyadh (city-wide),24.7136,46.6753,,,18,"TomTom daily congestion level: extra travel time vs free-flow conditions, percent, city-wide daily average; field passed through unchanged from api.midway.tomtom.com/ranking/dailyStats/SAU_riyadh by ActiveConclusion/COVID19_mobility scraper",1440,tomtom_dailystats_api_via_activeconclusion_github,https://github.com/ActiveConclusion/COVID19_mobility/blob/master/tomtom_reports/tomtom_trafic_index.csv,2026-07-27T19:18:34Z,(c) TomTom via MIT-licensed repo republication,verified
2022-08-02T21:00:00Z,2022-08-03T00:00:00+03:00,2022-08-03,0,0,0,CITY_RIYADH,Riyadh (city-wide),24.7136,46.6753,,,18,"TomTom daily congestion level: extra travel time vs free-flow conditions, percent, city-wide daily average; field passed through unchanged from api.midway.tomtom.com/ranking/dailyStats/SAU_riyadh by ActiveConclusion/COVID19_mobility scraper",1440,tomtom_dailystats_api_via_activeconclusion_github,https://github.com/ActiveConclusion/COVID19_mobility/blob/master/tomtom_reports/tomtom_trafic_index.csv,2026-07-27T19:18:34Z,(c) TomTom via MIT-licensed repo republication,verified
2022-08-03T21:00:00Z,2022-08-04T00:00:00+03:00,2022-08-04,0,0,0,CITY_RIYADH,Riyadh (city-wide),24.7136,46.6753,,,19,"TomTom daily congestion level: extra travel time vs free-flow conditions, percent, city-wide daily average; field passed through unchanged from api.midway.tomtom.com/ranking/dailyStats/SAU_riyadh by ActiveConclusion/COVID19_mobility scraper",1440,tomtom_dailystats_api_via_activeconclusion_github,https://github.com/ActiveConclusion/COVID19_mobility/blob/master/tomtom_reports/tomtom_trafic_index.csv,2026-07-27T19:18:34Z,(c) TomTom via MIT-licensed repo republication,verified
2022-08-04T21:00:00Z,2022-08-05T00:00:00+03:00,2022-08-05,0,0,0,CITY_RIYADH,Riyadh (city-wide),24.7136,46.6753,,,16,"TomTom daily congestion level: extra travel time vs free-flow conditions, percent, city-wide daily average; field passed through unchanged from api.midway.tomtom.com/ranking/dailyStats/SAU_riyadh by ActiveConclusion/COVID19_mobility scraper",1440,tomtom_dailystats_api_via_activeconclusion_github,https://github.com/ActiveConclusion/COVID19_mobility/blob/master/tomtom_reports/tomtom_trafic_index.csv,2026-07-27T19:18:34Z,(c) TomTom via MIT-licensed repo republication,verified
2022-08-05T21:00:00Z,2022-08-06T00:00:00+03:00,2022-08-06,0,0,0,CITY_RIYADH,Riyadh (city-wide),24.7136,46.6753,,,15,"TomTom daily congestion level: extra travel time vs free-flow conditions, percent, city-wide daily average; field passed through unchanged from api.midway.tomtom.com/ranking/dailyStats/SAU_riyadh by ActiveConclusion/COVID19_mobility scraper",1440,tomtom_dailystats_api_via_activeconclusion_github,https://github.com/ActiveConclusion/COVID19_mobility/blob/master/tomtom_reports/tomtom_trafic_index.csv,2026-07-27T19:18:34Z,(c) TomTom via MIT-licensed repo republication,verified
2022-08-06T21:00:00Z,2022-08-07T00:00:00+03:00,2022-08-07,0,0,0,CITY_RIYADH,Riyadh (city-wide),24.7136,46.6753,,,16,"TomTom daily congestion level: extra travel time vs free-flow conditions, percent, city-wide daily average; field passed through unchanged from api.midway.tomtom.com/ranking/dailyStats/SAU_riyadh by ActiveConclusion/COVID19_mobility scraper",1440,tomtom_dailystats_api_via_activeconclusion_github,https://github.com/ActiveConclusion/COVID19_mobility/blob/master/tomtom_reports/tomtom_trafic_index.csv,2026-07-27T19:18:34Z,(c) TomTom via MIT-licensed repo republication,verified
2022-08-07T21:00:00Z,2022-08-08T00:00:00+03:00,2022-08-08,0,0,0,CITY_RIYADH,Riyadh (city-wide),24.7136,46.6753,,,14,"TomTom daily congestion level: extra travel time vs free-flow conditions, percent, city-wide daily average; field passed through unchanged from api.midway.tomtom.com/ranking/dailyStats/SAU_riyadh by ActiveConclusion/COVID19_mobility scraper",1440,tomtom_dailystats_api_via_activeconclusion_github,https://github.com/ActiveConclusion/COVID19_mobility/blob/master/tomtom_reports/tomtom_trafic_index.csv,2026-07-27T19:18:34Z,(c) TomTom via MIT-licensed repo republication,verified
2022-08-08T21:00:00Z,2022-08-09T00:00:00+03:00,2022-08-09,0,0,0,CITY_RIYADH,Riyadh (city-wide),24.7136,46.6753,,,16,"TomTom daily congestion level: extra travel time vs free-flow conditions, percent, city-wide daily average; field passed through unchanged from api.midway.tomtom.com/ranking/dailyStats/SAU_riyadh by ActiveConclusion/COVID19_mobility scraper",1440,tomtom_dailystats_api_via_activeconclusion_github,https://github.com/ActiveConclusion/COVID19_mobility/blob/master/tomtom_reports/tomtom_trafic_index.csv,2026-07-27T19:18:34Z,(c) TomTom via MIT-licensed repo republication,verified
2022-08-09T21:00:00Z,2022-08-10T00:00:00+03:00,2022-08-10,0,0,0,CITY_RIYADH,Riyadh (city-wide),24.7136,46.6753,,,18,"TomTom daily congestion level: extra travel time vs free-flow conditions, percent, city-wide daily average; field passed through unchanged from api.midway.tomtom.com/ranking/dailyStats/SAU_riyadh by ActiveConclusion/COVID19_mobility scraper",1440,tomtom_dailystats_api_via_activeconclusion_github,https://github.com/ActiveConclusion/COVID19_mobility/blob/master/tomtom_reports/tomtom_trafic_index.csv,2026-07-27T19:18:34Z,(c) TomTom via MIT-licensed repo republication,verified
2022-08-10T21:00:00Z,2022-08-11T00:00:00+03:00,2022-08-11,0,0,0,CITY_RIYADH,Riyadh (city-wide),24.7136,46.6753,,,18,"TomTom daily congestion level: extra travel time vs free-flow conditions, percent, city-wide daily average; field passed through unchanged from api.midway.tomtom.com/ranking/dailyStats/SAU_riyadh by ActiveConclusion/COVID19_mobility scraper",1440,tomtom_dailystats_api_via_activeconclusion_github,https://github.com/ActiveConclusion/COVID19_mobility/blob/master/tomtom_reports/tomtom_trafic_index.csv,2026-07-27T19:18:34Z,(c) TomTom via MIT-licensed repo republication,verified
2022-08-11T21:00:00Z,2022-08-12T00:00:00+03:00,2022-08-12,0,0,0,CITY_RIYADH,Riyadh (city-wide),24.7136,46.6753,,,14,"TomTom daily congestion level: extra travel time vs free-flow conditions, percent, city-wide daily average; field passed through unchanged from api.midway.tomtom.com/ranking/dailyStats/SAU_riyadh by ActiveConclusion/COVID19_mobility scraper",1440,tomtom_dailystats_api_via_activeconclusion_github,https://github.com/ActiveConclusion/COVID19_mobility/blob/master/tomtom_reports/tomtom_trafic_index.csv,2026-07-27T19:18:34Z,(c) TomTom via MIT-licensed repo republication,verified
2022-08-12T21:00:00Z,2022-08-13T00:00:00+03:00,2022-08-13,0,0,0,CITY_RIYADH,Riyadh (city-wide),24.7136,46.6753,,,14,"TomTom daily congestion level: extra travel time vs free-flow conditions, percent, city-wide daily average; field passed through unchanged from api.midway.tomtom.com/ranking/dailyStats/SAU_riyadh by ActiveConclusion/COVID19_mobility scraper",1440,tomtom_dailystats_api_via_activeconclusion_github,https://github.com/ActiveConclusion/COVID19_mobility/blob/master/tomtom_reports/tomtom_trafic_index.csv,2026-07-27T19:18:34Z,(c) TomTom via MIT-licensed repo republication,verified
2022-08-13T21:00:00Z,2022-08-14T00:00:00+03:00,2022-08-14,0,0,0,CITY_RIYADH,Riyadh (city-wide),24.7136,46.6753,,,16,"TomTom daily congestion level: extra travel time vs free-flow conditions, percent, city-wide daily average; field passed through unchanged from api.midway.tomtom.com/ranking/dailyStats/SAU_riyadh by ActiveConclusion/COVID19_mobility scraper",1440,tomtom_dailystats_api_via_activeconclusion_github,https://github.com/ActiveConclusion/COVID19_mobility/blob/master/tomtom_reports/tomtom_trafic_index.csv,2026-07-27T19:18:34Z,(c) TomTom via MIT-licensed repo republication,verified
2022-08-14T21:00:00Z,2022-08-15T00:00:00+03:00,2022-08-15,0,0,0,CITY_RIYADH,Riyadh (city-wide),24.7136,46.6753,,,18,"TomTom daily congestion level: extra travel time vs free-flow conditions, percent, city-wide daily average; field passed through unchanged from api.midway.tomtom.com/ranking/dailyStats/SAU_riyadh by ActiveConclusion/COVID19_mobility scraper",1440,tomtom_dailystats_api_via_activeconclusion_github,https://github.com/ActiveConclusion/COVID19_mobility/blob/master/tomtom_reports/tomtom_trafic_index.csv,2026-07-27T19:18:34Z,(c) TomTom via MIT-licensed repo republication,verified
2022-08-15T21:00:00Z,2022-08-16T00:00:00+03:00,2022-08-16,0,0,0,CITY_RIYADH,Riyadh (city-wide),24.7136,46.6753,,,20,"TomTom daily congestion level: extra travel time vs free-flow conditions, percent, city-wide daily average; field passed through unchanged from api.midway.tomtom.com/ranking/dailyStats/SAU_riyadh by ActiveConclusion/COVID19_mobility scraper",1440,tomtom_dailystats_api_via_activeconclusion_github,https://github.com/ActiveConclusion/COVID19_mobility/blob/master/tomtom_reports/tomtom_trafic_index.csv,2026-07-27T19:18:34Z,(c) TomTom via MIT-licensed repo republication,verified
2022-08-16T21:00:00Z,2022-08-17T00:00:00+03:00,2022-08-17,0,0,0,CITY_RIYADH,Riyadh (city-wide),24.7136,46.6753,,,21,"TomTom daily congestion level: extra travel time vs free-flow conditions, percent, city-wide daily average; field passed through unchanged from api.midway.tomtom.com/ranking/dailyStats/SAU_riyadh by ActiveConclusion/COVID19_mobility scraper",1440,tomtom_dailystats_api_via_activeconclusion_github,https://github.com/ActiveConclusion/COVID19_mobility/blob/master/tomtom_reports/tomtom_trafic_index.csv,2026-07-27T19:18:34Z,(c) TomTom via MIT-licensed repo republication,verified
2022-08-17T21:00:00Z,2022-08-18T00:00:00+03:00,2022-08-18,0,0,0,CITY_RIYADH,Riyadh (city-wide),24.7136,46.6753,,,22,"TomTom daily congestion level: extra travel time vs free-flow conditions, percent, city-wide daily average; field passed through unchanged from api.midway.tomtom.com/ranking/dailyStats/SAU_riyadh by ActiveConclusion/COVID19_mobility scraper",1440,tomtom_dailystats_api_via_activeconclusion_github,https://github.com/ActiveConclusion/COVID19_mobility/blob/master/tomtom_reports/tomtom_trafic_index.csv,2026-07-27T19:18:34Z,(c) TomTom via MIT-licensed repo republication,verified
2022-08-18T21:00:00Z,2022-08-19T00:00:00+03:00,2022-08-19,0,0,0,CITY_RIYADH,Riyadh (city-wide),24.7136,46.6753,,,16,"TomTom daily congestion level: extra travel time vs free-flow conditions, percent, city-wide daily average; field passed through unchanged from api.midway.tomtom.com/ranking/dailyStats/SAU_riyadh by ActiveConclusion/COVID19_mobility scraper",1440,tomtom_dailystats_api_via_activeconclusion_github,https://github.com/ActiveConclusion/COVID19_mobility/blob/master/tomtom_reports/tomtom_trafic_index.csv,2026-07-27T19:18:34Z,(c) TomTom via MIT-licensed repo republication,verified
2022-08-19T21:00:00Z,2022-08-20T00:00:00+03:00,2022-08-20,0,0,0,CITY_RIYADH,Riyadh (city-wide),24.7136,46.6753,,,17,"TomTom daily congestion level: extra travel time vs free-flow conditions, percent, city-wide daily average; field passed through unchanged from api.midway.tomtom.com/ranking/dailyStats/SAU_riyadh by ActiveConclusion/COVID19_mobility scraper",1440,tomtom_dailystats_api_via_activeconclusion_github,https://github.com/ActiveConclusion/COVID19_mobility/blob/master/tomtom_reports/tomtom_trafic_index.csv,2026-07-27T19:18:34Z,(c) TomTom via MIT-licensed repo republication,verified
2022-08-20T21:00:00Z,2022-08-21T00:00:00+03:00,2022-08-21,0,0,0,CITY_RIYADH,Riyadh (city-wide),24.7136,46.6753,,,21,"TomTom daily congestion level: extra travel time vs free-flow conditions, percent, city-wide daily average; field passed through unchanged from api.midway.tomtom.com/ranking/dailyStats/SAU_riyadh by ActiveConclusion/COVID19_mobility scraper",1440,tomtom_dailystats_api_via_activeconclusion_github,https://github.com/ActiveConclusion/COVID19_mobility/blob/master/tomtom_reports/tomtom_trafic_index.csv,2026-07-27T19:18:34Z,(c) TomTom via MIT-licensed repo republication,verified
2022-08-21T21:00:00Z,2022-08-22T00:00:00+03:00,2022-08-22,0,0,0,CITY_RIYADH,Riyadh (city-wide),24.7136,46.6753,,,21,"TomTom daily congestion level: extra travel time vs free-flow conditions, percent, city-wide daily average; field passed through unchanged from api.midway.tomtom.com/ranking/dailyStats/SAU_riyadh by ActiveConclusion/COVID19_mobility scraper",1440,tomtom_dailystats_api_via_activeconclusion_github,https://github.com/ActiveConclusion/COVID19_mobility/blob/master/tomtom_reports/tomtom_trafic_index.csv,2026-07-27T19:18:34Z,(c) TomTom via MIT-licensed repo republication,verified
2022-08-22T21:00:00Z,2022-08-23T00:00:00+03:00,2022-08-23,0,0,0,CITY_RIYADH,Riyadh (city-wide),24.7136,46.6753,,,21,"TomTom daily congestion level: extra travel time vs free-flow conditions, percent, city-wide daily average; field passed through unchanged from api.midway.tomtom.com/ranking/dailyStats/SAU_riyadh by ActiveConclusion/COVID19_mobility scraper",1440,tomtom_dailystats_api_via_activeconclusion_github,https://github.com/ActiveConclusion/COVID19_mobility/blob/master/tomtom_reports/tomtom_trafic_index.csv,2026-07-27T19:18:34Z,(c) TomTom via MIT-licensed repo republication,verified
2022-08-23T21:00:00Z,2022-08-24T00:00:00+03:00,2022-08-24,0,0,0,CITY_RIYADH,Riyadh (city-wide),24.7136,46.6753,,,23,"TomTom daily congestion level: extra travel time vs free-flow conditions, percent, city-wide daily average; field passed through unchanged from api.midway.tomtom.com/ranking/dailyStats/SAU_riyadh by ActiveConclusion/COVID19_mobility scraper",1440,tomtom_dailystats_api_via_activeconclusion_github,https://github.com/ActiveConclusion/COVID19_mobility/blob/master/tomtom_reports/tomtom_trafic_index.csv,2026-07-27T19:18:34Z,(c) TomTom via MIT-licensed repo republication,verified
2022-08-24T21:00:00Z,2022-08-25T00:00:00+03:00,2022-08-25,0,0,0,CITY_RIYADH,Riyadh (city-wide),24.7136,46.6753,,,25,"TomTom daily congestion level: extra travel time vs free-flow conditions, percent, city-wide daily average; field passed through unchanged from api.midway.tomtom.com/ranking/dailyStats/SAU_riyadh by ActiveConclusion/COVID19_mobility scraper",1440,tomtom_dailystats_api_via_activeconclusion_github,https://github.com/ActiveConclusion/COVID19_mobility/blob/master/tomtom_reports/tomtom_trafic_index.csv,2026-07-27T19:18:34Z,(c) TomTom via MIT-licensed repo republication,verified
2022-08-25T21:00:00Z,2022-08-26T00:00:00+03:00,2022-08-26,0,0,0,CITY_RIYADH,Riyadh (city-wide),24.7136,46.6753,,,19,"TomTom daily congestion level: extra travel time vs free-flow conditions, percent, city-wide daily average; field passed through unchanged from api.midway.tomtom.com/ranking/dailyStats/SAU_riyadh by ActiveConclusion/COVID19_mobility scraper",1440,tomtom_dailystats_api_via_activeconclusion_github,https://github.com/ActiveConclusion/COVID19_mobility/blob/master/tomtom_reports/tomtom_trafic_index.csv,2026-07-27T19:18:34Z,(c) TomTom via MIT-licensed repo republication,verified
2022-08-26T21:00:00Z,2022-08-27T00:00:00+03:00,2022-08-27,0,0,0,CITY_RIYADH,Riyadh (city-wide),24.7136,46.6753,,,20,"TomTom daily congestion level: extra travel time vs free-flow conditions, percent, city-wide daily average; field passed through unchanged from api.midway.tomtom.com/ranking/dailyStats/SAU_riyadh by ActiveConclusion/COVID19_mobility scraper",1440,tomtom_dailystats_api_via_activeconclusion_github,https://github.com/ActiveConclusion/COVID19_mobility/blob/master/tomtom_reports/tomtom_trafic_index.csv,2026-07-27T19:18:34Z,(c) TomTom via MIT-licensed repo republication,verified
2022-08-27T21:00:00Z,2022-08-28T00:00:00+03:00,2022-08-28,0,0,0,CITY_RIYADH,Riyadh (city-wide),24.7136,46.6753,,,26,"TomTom daily congestion level: extra travel time vs free-flow conditions, percent, city-wide daily average; field passed through unchanged from api.midway.tomtom.com/ranking/dailyStats/SAU_riyadh by ActiveConclusion/COVID19_mobility scraper",1440,tomtom_dailystats_api_via_activeconclusion_github,https://github.com/ActiveConclusion/COVID19_mobility/blob/master/tomtom_reports/tomtom_trafic_index.csv,2026-07-27T19:18:34Z,(c) TomTom via MIT-licensed repo republication,verified
2022-08-28T21:00:00Z,2022-08-29T00:00:00+03:00,2022-08-29,0,0,0,CITY_RIYADH,Riyadh (city-wide),24.7136,46.6753,,,28,"TomTom daily congestion level: extra travel time vs free-flow conditions, percent, city-wide daily average; field passed through unchanged from api.midway.tomtom.com/ranking/dailyStats/SAU_riyadh by ActiveConclusion/COVID19_mobility scraper",1440,tomtom_dailystats_api_via_activeconclusion_github,https://github.com/ActiveConclusion/COVID19_mobility/blob/master/tomtom_reports/tomtom_trafic_index.csv,2026-07-27T19:18:34Z,(c) TomTom via MIT-licensed repo republication,verified
2022-08-29T21:00:00Z,2022-08-30T00:00:00+03:00,2022-08-30,0,0,0,CITY_RIYADH,Riyadh (city-wide),24.7136,46.6753,,,28,"TomTom daily congestion level: extra travel time vs free-flow conditions, percent, city-wide daily average; field passed through unchanged from api.midway.tomtom.com/ranking/dailyStats/SAU_riyadh by ActiveConclusion/COVID19_mobility scraper",1440,tomtom_dailystats_api_via_activeconclusion_github,https://github.com/ActiveConclusion/COVID19_mobility/blob/master/tomtom_reports/tomtom_trafic_index.csv,2026-07-27T19:18:34Z,(c) TomTom via MIT-licensed repo republication,verified
2022-08-30T21:00:00Z,2022-08-31T00:00:00+03:00,2022-08-31,0,0,0,CITY_RIYADH,Riyadh (city-wide),24.7136,46.6753,,,28,"TomTom daily congestion level: extra travel time vs free-flow conditions, percent, city-wide daily average; field passed through unchanged from api.midway.tomtom.com/ranking/dailyStats/SAU_riyadh by ActiveConclusion/COVID19_mobility scraper",1440,tomtom_dailystats_api_via_activeconclusion_github,https://github.com/ActiveConclusion/COVID19_mobility/blob/master/tomtom_reports/tomtom_trafic_index.csv,2026-07-27T19:18:34Z,(c) TomTom via MIT-licensed repo republication,verified
2022-08-31T21:00:00Z,2022-09-01T00:00:00+03:00,2022-09-01,0,0,0,CITY_RIYADH,Riyadh (city-wide),24.7136,46.6753,,,33,"TomTom daily congestion level: extra travel time vs free-flow conditions, percent, city-wide daily average; field passed through unchanged from api.midway.tomtom.com/ranking/dailyStats/SAU_riyadh by ActiveConclusion/COVID19_mobility scraper",1440,tomtom_dailystats_api_via_activeconclusion_github,https://github.com/ActiveConclusion/COVID19_mobility/blob/master/tomtom_reports/tomtom_trafic_index.csv,2026-07-27T19:18:34Z,(c) TomTom via MIT-licensed repo republication,verified
2022-09-01T21:00:00Z,2022-09-02T00:00:00+03:00,2022-09-02,0,0,0,CITY_RIYADH,Riyadh (city-wide),24.7136,46.6753,,,22,"TomTom daily congestion level: extra travel time vs free-flow conditions, percent, city-wide daily average; field passed through unchanged from api.midway.tomtom.com/ranking/dailyStats/SAU_riyadh by ActiveConclusion/COVID19_mobility scraper",1440,tomtom_dailystats_api_via_activeconclusion_github,https://github.com/ActiveConclusion/COVID19_mobility/blob/master/tomtom_reports/tomtom_trafic_index.csv,2026-07-27T19:18:34Z,(c) TomTom via MIT-licensed repo republication,verified
2022-09-02T21:00:00Z,2022-09-03T00:00:00+03:00,2022-09-03,0,0,0,CITY_RIYADH,Riyadh (city-wide),24.7136,46.6753,,,23,"TomTom daily congestion level: extra travel time vs free-flow conditions, percent, city-wide daily average; field passed through unchanged from api.midway.tomtom.com/ranking/dailyStats/SAU_riyadh by ActiveConclusion/COVID19_mobility scraper",1440,tomtom_dailystats_api_via_activeconclusion_github,https://github.com/ActiveConclusion/COVID19_mobility/blob/master/tomtom_reports/tomtom_trafic_index.csv,2026-07-27T19:18:34Z,(c) TomTom via MIT-licensed repo republication,verified
2022-09-03T21:00:00Z,2022-09-04T00:00:00+03:00,2022-09-04,0,0,0,CITY_RIYADH,Riyadh (city-wide),24.7136,46.6753,,,33,"TomTom daily congestion level: extra travel time vs free-flow conditions, percent, city-wide daily average; field passed through unchanged from api.midway.tomtom.com/ranking/dailyStats/SAU_riyadh by ActiveConclusion/COVID19_mobility scraper",1440,tomtom_dailystats_api_via_activeconclusion_github,https://github.com/ActiveConclusion/COVID19_mobility/blob/master/tomtom_reports/tomtom_trafic_index.csv,2026-07-27T19:18:34Z,(c) TomTom via MIT-licensed repo republication,verified
2022-09-04T21:00:00Z,2022-09-05T00:00:00+03:00,2022-09-05,0,0,0,CITY_RIYADH,Riyadh (city-wide),24.7136,46.6753,,,33,"TomTom daily congestion level: extra travel time vs free-flow conditions, percent, city-wide daily average; field passed through unchanged from api.midway.tomtom.com/ranking/dailyStats/SAU_riyadh by ActiveConclusion/COVID19_mobility scraper",1440,tomtom_dailystats_api_via_activeconclusion_github,https://github.com/ActiveConclusion/COVID19_mobility/blob/master/tomtom_reports/tomtom_trafic_index.csv,2026-07-27T19:18:34Z,(c) TomTom via MIT-licensed repo republication,verified
2022-09-05T21:00:00Z,2022-09-06T00:00:00+03:00,2022-09-06,0,0,0,CITY_RIYADH,Riyadh (city-wide),24.7136,46.6753,,,33,"TomTom daily congestion level: extra travel time vs free-flow conditions, percent, city-wide daily average; field passed through unchanged from api.midway.tomtom.com/ranking/dailyStats/SAU_riyadh by ActiveConclusion/COVID19_mobility scraper",1440,tomtom_dailystats_api_via_activeconclusion_github,https://github.com/ActiveConclusion/COVID19_mobility/blob/master/tomtom_reports/tomtom_trafic_index.csv,2026-07-27T19:18:34Z,(c) TomTom via MIT-licensed repo republication,verified
2022-09-06T21:00:00Z,2022-09-07T00:00:00+03:00,2022-09-07,0,0,0,CITY_RIYADH,Riyadh (city-wide),24.7136,46.6753,,,31,"TomTom daily congestion level: extra travel time vs free-flow conditions, percent, city-wide daily average; field passed through unchanged from api.midway.tomtom.com/ranking/dailyStats/SAU_riyadh by ActiveConclusion/COVID19_mobility scraper",1440,tomtom_dailystats_api_via_activeconclusion_github,https://github.com/ActiveConclusion/COVID19_mobility/blob/master/tomtom_reports/tomtom_trafic_index.csv,2026-07-27T19:18:34Z,(c) TomTom via MIT-licensed repo republication,verified
2022-09-07T21:00:00Z,2022-09-08T00:00:00+03:00,2022-09-08,0,0,0,CITY_RIYADH,Riyadh (city-wide),24.7136,46.6753,,,33,"TomTom daily congestion level: extra travel time vs free-flow conditions, percent, city-wide daily average; field passed through unchanged from api.midway.tomtom.com/ranking/dailyStats/SAU_riyadh by ActiveConclusion/COVID19_mobility scraper",1440,tomtom_dailystats_api_via_activeconclusion_github,https://github.com/ActiveConclusion/COVID19_mobility/blob/master/tomtom_reports/tomtom_trafic_index.csv,2026-07-27T19:18:34Z,(c) TomTom via MIT-licensed repo republication,verified
2022-09-08T21:00:00Z,2022-09-09T00:00:00+03:00,2022-09-09,0,0,0,CITY_RIYADH,Riyadh (city-wide),24.7136,46.6753,,,19,"TomTom daily congestion level: extra travel time vs free-flow conditions, percent, city-wide daily average; field passed through unchanged from api.midway.tomtom.com/ranking/dailyStats/SAU_riyadh by ActiveConclusion/COVID19_mobility scraper",1440,tomtom_dailystats_api_via_activeconclusion_github,https://github.com/ActiveConclusion/COVID19_mobility/blob/master/tomtom_reports/tomtom_trafic_index.csv,2026-07-27T19:18:34Z,(c) TomTom via MIT-licensed repo republication,verified
2022-09-09T21:00:00Z,2022-09-10T00:00:00+03:00,2022-09-10,0,0,0,CITY_RIYADH,Riyadh (city-wide),24.7136,46.6753,,,21,"TomTom daily congestion level: extra travel time vs free-flow conditions, percent, city-wide daily average; field passed through unchanged from api.midway.tomtom.com/ranking/dailyStats/SAU_riyadh by ActiveConclusion/COVID19_mobility scraper",1440,tomtom_dailystats_api_via_activeconclusion_github,https://github.com/ActiveConclusion/COVID19_mobility/blob/master/tomtom_reports/tomtom_trafic_index.csv,2026-07-27T19:18:34Z,(c) TomTom via MIT-licensed repo republication,verified
2022-09-10T21:00:00Z,2022-09-11T00:00:00+03:00,2022-09-11,0,0,0,CITY_RIYADH,Riyadh (city-wide),24.7136,46.6753,,,32,"TomTom daily congestion level: extra travel time vs free-flow conditions, percent, city-wide daily average; field passed through unchanged from api.midway.tomtom.com/ranking/dailyStats/SAU_riyadh by ActiveConclusion/COVID19_mobility scraper",1440,tomtom_dailystats_api_via_activeconclusion_github,https://github.com/ActiveConclusion/COVID19_mobility/blob/master/tomtom_reports/tomtom_trafic_index.csv,2026-07-27T19:18:34Z,(c) TomTom via MIT-licensed repo republication,verified
2022-09-11T21:00:00Z,2022-09-12T00:00:00+03:00,2022-09-12,0,0,0,CITY_RIYADH,Riyadh (city-wide),24.7136,46.6753,,,32,"TomTom daily congestion level: extra travel time vs free-flow conditions, percent, city-wide daily average; field passed through unchanged from api.midway.tomtom.com/ranking/dailyStats/SAU_riyadh by ActiveConclusion/COVID19_mobility scraper",1440,tomtom_dailystats_api_via_activeconclusion_github,https://github.com/ActiveConclusion/COVID19_mobility/blob/master/tomtom_reports/tomtom_trafic_index.csv,2026-07-27T19:18:34Z,(c) TomTom via MIT-licensed repo republication,verified
2022-09-12T21:00:00Z,2022-09-13T00:00:00+03:00,2022-09-13,0,0,0,CITY_RIYADH,Riyadh (city-wide),24.7136,46.6753,,,31,"TomTom daily congestion level: extra travel time vs free-flow conditions, percent, city-wide daily average; field passed through unchanged from api.midway.tomtom.com/ranking/dailyStats/SAU_riyadh by ActiveConclusion/COVID19_mobility scraper",1440,tomtom_dailystats_api_via_activeconclusion_github,https://github.com/ActiveConclusion/COVID19_mobility/blob/master/tomtom_reports/tomtom_trafic_index.csv,2026-07-27T19:18:34Z,(c) TomTom via MIT-licensed repo republication,verified
2022-09-13T21:00:00Z,2022-09-14T00:00:00+03:00,2022-09-14,0,0,0,CITY_RIYADH,Riyadh (city-wide),24.7136,46.6753,,,30,"TomTom daily congestion level: extra travel time vs free-flow conditions, percent, city-wide daily average; field passed through unchanged from api.midway.tomtom.com/ranking/dailyStats/SAU_riyadh by ActiveConclusion/COVID19_mobility scraper",1440,tomtom_dailystats_api_via_activeconclusion_github,https://github.com/ActiveConclusion/COVID19_mobility/blob/master/tomtom_reports/tomtom_trafic_index.csv,2026-07-27T19:18:34Z,(c) TomTom via MIT-licensed repo republication,verified
2022-09-14T21:00:00Z,2022-09-15T00:00:00+03:00,2022-09-15,0,0,0,CITY_RIYADH,Riyadh (city-wide),24.7136,46.6753,,,32,"TomTom daily congestion level: extra travel time vs free-flow conditions, percent, city-wide daily average; field passed through unchanged from api.midway.tomtom.com/ranking/dailyStats/SAU_riyadh by ActiveConclusion/COVID19_mobility scraper",1440,tomtom_dailystats_api_via_activeconclusion_github,https://github.com/ActiveConclusion/COVID19_mobility/blob/master/tomtom_reports/tomtom_trafic_index.csv,2026-07-27T19:18:34Z,(c) TomTom via MIT-licensed repo republication,verified
2022-09-15T21:00:00Z,2022-09-16T00:00:00+03:00,2022-09-16,0,0,0,CITY_RIYADH,Riyadh (city-wide),24.7136,46.6753,,,20,"TomTom daily congestion level: extra travel time vs free-flow conditions, percent, city-wide daily average; field passed through unchanged from api.midway.tomtom.com/ranking/dailyStats/SAU_riyadh by ActiveConclusion/COVID19_mobility scraper",1440,tomtom_dailystats_api_via_activeconclusion_github,https://github.com/ActiveConclusion/COVID19_mobility/blob/master/tomtom_reports/tomtom_trafic_index.csv,2026-07-27T19:18:34Z,(c) TomTom via MIT-licensed repo republication,verified
2022-09-16T21:00:00Z,2022-09-17T00:00:00+03:00,2022-09-17,0,0,0,CITY_RIYADH,Riyadh (city-wide),24.7136,46.6753,,,20,"TomTom daily congestion level: extra travel time vs free-flow conditions, percent, city-wide daily average; field passed through unchanged from api.midway.tomtom.com/ranking/dailyStats/SAU_riyadh by ActiveConclusion/COVID19_mobility scraper",1440,tomtom_dailystats_api_via_activeconclusion_github,https://github.com/ActiveConclusion/COVID19_mobility/blob/master/tomtom_reports/tomtom_trafic_index.csv,2026-07-27T19:18:34Z,(c) TomTom via MIT-licensed repo republication,verified
2022-09-17T21:00:00Z,2022-09-18T00:00:00+03:00,2022-09-18,0,0,0,CITY_RIYADH,Riyadh (city-wide),24.7136,46.6753,,,28,"TomTom daily congestion level: extra travel time vs free-flow conditions, percent, city-wide daily average; field passed through unchanged from api.midway.tomtom.com/ranking/dailyStats/SAU_riyadh by ActiveConclusion/COVID19_mobility scraper",1440,tomtom_dailystats_api_via_activeconclusion_github,https://github.com/ActiveConclusion/COVID19_mobility/blob/master/tomtom_reports/tomtom_trafic_index.csv,2026-07-27T19:18:34Z,(c) TomTom via MIT-licensed repo republication,verified
2022-09-18T21:00:00Z,2022-09-19T00:00:00+03:00,2022-09-19,0,0,0,CITY_RIYADH,Riyadh (city-wide),24.7136,46.6753,,,30,"TomTom daily congestion level: extra travel time vs free-flow conditions, percent, city-wide daily average; field passed through unchanged from api.midway.tomtom.com/ranking/dailyStats/SAU_riyadh by ActiveConclusion/COVID19_mobility scraper",1440,tomtom_dailystats_api_via_activeconclusion_github,https://github.com/ActiveConclusion/COVID19_mobility/blob/master/tomtom_reports/tomtom_trafic_index.csv,2026-07-27T19:18:34Z,(c) TomTom via MIT-licensed repo republication,verified
2022-09-19T21:00:00Z,2022-09-20T00:00:00+03:00,2022-09-20,0,0,0,CITY_RIYADH,Riyadh (city-wide),24.7136,46.6753,,,31,"TomTom daily congestion level: extra travel time vs free-flow conditions, percent, city-wide daily average; field passed through unchanged from api.midway.tomtom.com/ranking/dailyStats/SAU_riyadh by ActiveConclusion/COVID19_mobility scraper",1440,tomtom_dailystats_api_via_activeconclusion_github,https://github.com/ActiveConclusion/COVID19_mobility/blob/master/tomtom_reports/tomtom_trafic_index.csv,2026-07-27T19:18:34Z,(c) TomTom via MIT-licensed repo republication,verified
2022-09-20T21:00:00Z,2022-09-21T00:00:00+03:00,2022-09-21,0,0,0,CITY_RIYADH,Riyadh (city-wide),24.7136,46.6753,,,26,"TomTom daily congestion level: extra travel time vs free-flow conditions, percent, city-wide daily average; field passed through unchanged from api.midway.tomtom.com/ranking/dailyStats/SAU_riyadh by ActiveConclusion/COVID19_mobility scraper",1440,tomtom_dailystats_api_via_activeconclusion_github,https://github.com/ActiveConclusion/COVID19_mobility/blob/master/tomtom_reports/tomtom_trafic_index.csv,2026-07-27T19:18:34Z,(c) TomTom via MIT-licensed repo republication,verified
2022-09-21T21:00:00Z,2022-09-22T00:00:00+03:00,2022-09-22,0,0,0,CITY_RIYADH,Riyadh (city-wide),24.7136,46.6753,,,23,"TomTom daily congestion level: extra travel time vs free-flow conditions, percent, city-wide daily average; field passed through unchanged from api.midway.tomtom.com/ranking/dailyStats/SAU_riyadh by ActiveConclusion/COVID19_mobility scraper",1440,tomtom_dailystats_api_via_activeconclusion_github,https://github.com/ActiveConclusion/COVID19_mobility/blob/master/tomtom_reports/tomtom_trafic_index.csv,2026-07-27T19:18:34Z,(c) TomTom via MIT-licensed repo republication,verified
2022-09-22T21:00:00Z,2022-09-23T00:00:00+03:00,2022-09-23,0,0,0,CITY_RIYADH,Riyadh (city-wide),24.7136,46.6753,,,41,"TomTom daily congestion level: extra travel time vs free-flow conditions, percent, city-wide daily average; field passed through unchanged from api.midway.tomtom.com/ranking/dailyStats/SAU_riyadh by ActiveConclusion/COVID19_mobility scraper",1440,tomtom_dailystats_api_via_activeconclusion_github,https://github.com/ActiveConclusion/COVID19_mobility/blob/master/tomtom_reports/tomtom_trafic_index.csv,2026-07-27T19:18:34Z,(c) TomTom via MIT-licensed repo republication,verified
2022-09-23T21:00:00Z,2022-09-24T00:00:00+03:00,2022-09-24,0,0,0,CITY_RIYADH,Riyadh (city-wide),24.7136,46.6753,,,26,"TomTom daily congestion level: extra travel time vs free-flow conditions, percent, city-wide daily average; field passed through unchanged from api.midway.tomtom.com/ranking/dailyStats/SAU_riyadh by ActiveConclusion/COVID19_mobility scraper",1440,tomtom_dailystats_api_via_activeconclusion_github,https://github.com/ActiveConclusion/COVID19_mobility/blob/master/tomtom_reports/tomtom_trafic_index.csv,2026-07-27T19:18:34Z,(c) TomTom via MIT-licensed repo republication,verified
2022-09-24T21:00:00Z,2022-09-25T00:00:00+03:00,2022-09-25,0,0,0,CITY_RIYADH,Riyadh (city-wide),24.7136,46.6753,,,30,"TomTom daily congestion level: extra travel time vs free-flow conditions, percent, city-wide daily average; field passed through unchanged from api.midway.tomtom.com/ranking/dailyStats/SAU_riyadh by ActiveConclusion/COVID19_mobility scraper",1440,tomtom_dailystats_api_via_activeconclusion_github,https://github.com/ActiveConclusion/COVID19_mobility/blob/master/tomtom_reports/tomtom_trafic_index.csv,2026-07-27T19:18:34Z,(c) TomTom via MIT-licensed repo republication,verified
2022-09-25T21:00:00Z,2022-09-26T00:00:00+03:00,2022-09-26,0,0,0,CITY_RIYADH,Riyadh (city-wide),24.7136,46.6753,,,32,"TomTom daily congestion level: extra travel time vs free-flow conditions, percent, city-wide daily average; field passed through unchanged from api.midway.tomtom.com/ranking/dailyStats/SAU_riyadh by ActiveConclusion/COVID19_mobility scraper",1440,tomtom_dailystats_api_via_activeconclusion_github,https://github.com/ActiveConclusion/COVID19_mobility/blob/master/tomtom_reports/tomtom_trafic_index.csv,2026-07-27T19:18:34Z,(c) TomTom via MIT-licensed repo republication,verified
2022-09-26T21:00:00Z,2022-09-27T00:00:00+03:00,2022-09-27,0,0,0,CITY_RIYADH,Riyadh (city-wide),24.7136,46.6753,,,33,"TomTom daily congestion level: extra travel time vs free-flow conditions, percent, city-wide daily average; field passed through unchanged from api.midway.tomtom.com/ranking/dailyStats/SAU_riyadh by ActiveConclusion/COVID19_mobility scraper",1440,tomtom_dailystats_api_via_activeconclusion_github,https://github.com/ActiveConclusion/COVID19_mobility/blob/master/tomtom_reports/tomtom_trafic_index.csv,2026-07-27T19:18:34Z,(c) TomTom via MIT-licensed repo republication,verified
2022-09-27T21:00:00Z,2022-09-28T00:00:00+03:00,2022-09-28,0,0,0,CITY_RIYADH,Riyadh (city-wide),24.7136,46.6753,,,33,"TomTom daily congestion level: extra travel time vs free-flow conditions, percent, city-wide daily average; field passed through unchanged from api.midway.tomtom.com/ranking/dailyStats/SAU_riyadh by ActiveConclusion/COVID19_mobility scraper",1440,tomtom_dailystats_api_via_activeconclusion_github,https://github.com/ActiveConclusion/COVID19_mobility/blob/master/tomtom_reports/tomtom_trafic_index.csv,2026-07-27T19:18:34Z,(c) TomTom via MIT-licensed repo republication,verified
2022-09-28T21:00:00Z,2022-09-29T00:00:00+03:00,2022-09-29,0,0,0,CITY_RIYADH,Riyadh (city-wide),24.7136,46.6753,,,39,"TomTom daily congestion level: extra travel time vs free-flow conditions, percent, city-wide daily average; field passed through unchanged from api.midway.tomtom.com/ranking/dailyStats/SAU_riyadh by ActiveConclusion/COVID19_mobility scraper",1440,tomtom_dailystats_api_via_activeconclusion_github,https://github.com/ActiveConclusion/COVID19_mobility/blob/master/tomtom_reports/tomtom_trafic_index.csv,2026-07-27T19:18:34Z,(c) TomTom via MIT-licensed repo republication,verified
2022-09-29T21:00:00Z,2022-09-30T00:00:00+03:00,2022-09-30,0,0,0,CITY_RIYADH,Riyadh (city-wide),24.7136,46.6753,,,24,"TomTom daily congestion level: extra travel time vs free-flow conditions, percent, city-wide daily average; field passed through unchanged from api.midway.tomtom.com/ranking/dailyStats/SAU_riyadh by ActiveConclusion/COVID19_mobility scraper",1440,tomtom_dailystats_api_via_activeconclusion_github,https://github.com/ActiveConclusion/COVID19_mobility/blob/master/tomtom_reports/tomtom_trafic_index.csv,2026-07-27T19:18:34Z,(c) TomTom via MIT-licensed repo republication,verified
2022-09-30T21:00:00Z,2022-10-01T00:00:00+03:00,2022-10-01,0,0,0,CITY_RIYADH,Riyadh (city-wide),24.7136,46.6753,,,24,"TomTom daily congestion level: extra travel time vs free-flow conditions, percent, city-wide daily average; field passed through unchanged from api.midway.tomtom.com/ranking/dailyStats/SAU_riyadh by ActiveConclusion/COVID19_mobility scraper",1440,tomtom_dailystats_api_via_activeconclusion_github,https://github.com/ActiveConclusion/COVID19_mobility/blob/master/tomtom_reports/tomtom_trafic_index.csv,2026-07-27T19:18:34Z,(c) TomTom via MIT-licensed repo republication,verified
2022-10-01T21:00:00Z,2022-10-02T00:00:00+03:00,2022-10-02,0,0,0,CITY_RIYADH,Riyadh (city-wide),24.7136,46.6753,,,33,"TomTom daily congestion level: extra travel time vs free-flow conditions, percent, city-wide daily average; field passed through unchanged from api.midway.tomtom.com/ranking/dailyStats/SAU_riyadh by ActiveConclusion/COVID19_mobility scraper",1440,tomtom_dailystats_api_via_activeconclusion_github,https://github.com/ActiveConclusion/COVID19_mobility/blob/master/tomtom_reports/tomtom_trafic_index.csv,2026-07-27T19:18:34Z,(c) TomTom via MIT-licensed repo republication,verified
2022-10-02T21:00:00Z,2022-10-03T00:00:00+03:00,2022-10-03,0,0,0,CITY_RIYADH,Riyadh (city-wide),24.7136,46.6753,,,32,"TomTom daily congestion level: extra travel time vs free-flow conditions, percent, city-wide daily average; field passed through unchanged from api.midway.tomtom.com/ranking/dailyStats/SAU_riyadh by ActiveConclusion/COVID19_mobility scraper",1440,tomtom_dailystats_api_via_activeconclusion_github,https://github.com/ActiveConclusion/COVID19_mobility/blob/master/tomtom_reports/tomtom_trafic_index.csv,2026-07-27T19:18:34Z,(c) TomTom via MIT-licensed repo republication,verified
2022-10-03T21:00:00Z,2022-10-04T00:00:00+03:00,2022-10-04,0,0,0,CITY_RIYADH,Riyadh (city-wide),24.7136,46.6753,,,32,"TomTom daily congestion level: extra travel time vs free-flow conditions, percent, city-wide daily average; field passed through unchanged from api.midway.tomtom.com/ranking/dailyStats/SAU_riyadh by ActiveConclusion/COVID19_mobility scraper",1440,tomtom_dailystats_api_via_activeconclusion_github,https://github.com/ActiveConclusion/COVID19_mobility/blob/master/tomtom_reports/tomtom_trafic_index.csv,2026-07-27T19:18:34Z,(c) TomTom via MIT-licensed repo republication,verified
2022-10-04T21:00:00Z,2022-10-05T00:00:00+03:00,2022-10-05,0,0,0,CITY_RIYADH,Riyadh (city-wide),24.7136,46.6753,,,31,"TomTom daily congestion level: extra travel time vs free-flow conditions, percent, city-wide daily average; field passed through unchanged from api.midway.tomtom.com/ranking/dailyStats/SAU_riyadh by ActiveConclusion/COVID19_mobility scraper",1440,tomtom_dailystats_api_via_activeconclusion_github,https://github.com/ActiveConclusion/COVID19_mobility/blob/master/tomtom_reports/tomtom_trafic_index.csv,2026-07-27T19:18:34Z,(c) TomTom via MIT-licensed repo republication,verified
2022-10-05T21:00:00Z,2022-10-06T00:00:00+03:00,2022-10-06,0,0,0,CITY_RIYADH,Riyadh (city-wide),24.7136,46.6753,,,36,"TomTom daily congestion level: extra travel time vs free-flow conditions, percent, city-wide daily average; field passed through unchanged from api.midway.tomtom.com/ranking/dailyStats/SAU_riyadh by ActiveConclusion/COVID19_mobility scraper",1440,tomtom_dailystats_api_via_activeconclusion_github,https://github.com/ActiveConclusion/COVID19_mobility/blob/master/tomtom_reports/tomtom_trafic_index.csv,2026-07-27T19:18:34Z,(c) TomTom via MIT-licensed repo republication,verified
2022-10-06T21:00:00Z,2022-10-07T00:00:00+03:00,2022-10-07,0,0,0,CITY_RIYADH,Riyadh (city-wide),24.7136,46.6753,,,21,"TomTom daily congestion level: extra travel time vs free-flow conditions, percent, city-wide daily average; field passed through unchanged from api.midway.tomtom.com/ranking/dailyStats/SAU_riyadh by ActiveConclusion/COVID19_mobility scraper",1440,tomtom_dailystats_api_via_activeconclusion_github,https://github.com/ActiveConclusion/COVID19_mobility/blob/master/tomtom_reports/tomtom_trafic_index.csv,2026-07-27T19:18:34Z,(c) TomTom via MIT-licensed repo republication,verified
2022-10-07T21:00:00Z,2022-10-08T00:00:00+03:00,2022-10-08,0,0,0,CITY_RIYADH,Riyadh (city-wide),24.7136,46.6753,,,21,"TomTom daily congestion level: extra travel time vs free-flow conditions, percent, city-wide daily average; field passed through unchanged from api.midway.tomtom.com/ranking/dailyStats/SAU_riyadh by ActiveConclusion/COVID19_mobility scraper",1440,tomtom_dailystats_api_via_activeconclusion_github,https://github.com/ActiveConclusion/COVID19_mobility/blob/master/tomtom_reports/tomtom_trafic_index.csv,2026-07-27T19:18:34Z,(c) TomTom via MIT-licensed repo republication,verified
2022-10-08T21:00:00Z,2022-10-09T00:00:00+03:00,2022-10-09,0,0,0,CITY_RIYADH,Riyadh (city-wide),24.7136,46.6753,,,29,"TomTom daily congestion level: extra travel time vs free-flow conditions, percent, city-wide daily average; field passed through unchanged from api.midway.tomtom.com/ranking/dailyStats/SAU_riyadh by ActiveConclusion/COVID19_mobility scraper",1440,tomtom_dailystats_api_via_activeconclusion_github,https://github.com/ActiveConclusion/COVID19_mobility/blob/master/tomtom_reports/tomtom_trafic_index.csv,2026-07-27T19:18:34Z,(c) TomTom via MIT-licensed repo republication,verified
2022-10-09T21:00:00Z,2022-10-10T00:00:00+03:00,2022-10-10,0,0,0,CITY_RIYADH,Riyadh (city-wide),24.7136,46.6753,,,31,"TomTom daily congestion level: extra travel time vs free-flow conditions, percent, city-wide daily average; field passed through unchanged from api.midway.tomtom.com/ranking/dailyStats/SAU_riyadh by ActiveConclusion/COVID19_mobility scraper",1440,tomtom_dailystats_api_via_activeconclusion_github,https://github.com/ActiveConclusion/COVID19_mobility/blob/master/tomtom_reports/tomtom_trafic_index.csv,2026-07-27T19:18:34Z,(c) TomTom via MIT-licensed repo republication,verified
2022-10-10T21:00:00Z,2022-10-11T00:00:00+03:00,2022-10-11,0,0,0,CITY_RIYADH,Riyadh (city-wide),24.7136,46.6753,,,30,"TomTom daily congestion level: extra travel time vs free-flow conditions, percent, city-wide daily average; field passed through unchanged from api.midway.tomtom.com/ranking/dailyStats/SAU_riyadh by ActiveConclusion/COVID19_mobility scraper",1440,tomtom_dailystats_api_via_activeconclusion_github,https://github.com/ActiveConclusion/COVID19_mobility/blob/master/tomtom_reports/tomtom_trafic_index.csv,2026-07-27T19:18:34Z,(c) TomTom via MIT-licensed repo republication,verified
2022-10-11T21:00:00Z,2022-10-12T00:00:00+03:00,2022-10-12,0,0,0,CITY_RIYADH,Riyadh (city-wide),24.7136,46.6753,,,30,"TomTom daily congestion level: extra travel time vs free-flow conditions, percent, city-wide daily average; field passed through unchanged from api.midway.tomtom.com/ranking/dailyStats/SAU_riyadh by ActiveConclusion/COVID19_mobility scraper",1440,tomtom_dailystats_api_via_activeconclusion_github,https://github.com/ActiveConclusion/COVID19_mobility/blob/master/tomtom_reports/tomtom_trafic_index.csv,2026-07-27T19:18:34Z,(c) TomTom via MIT-licensed repo republication,verified
2022-10-12T21:00:00Z,2022-10-13T00:00:00+03:00,2022-10-13,0,0,0,CITY_RIYADH,Riyadh (city-wide),24.7136,46.6753,,,33,"TomTom daily congestion level: extra travel time vs free-flow conditions, percent, city-wide daily average; field passed through unchanged from api.midway.tomtom.com/ranking/dailyStats/SAU_riyadh by ActiveConclusion/COVID19_mobility scraper",1440,tomtom_dailystats_api_via_activeconclusion_github,https://github.com/ActiveConclusion/COVID19_mobility/blob/master/tomtom_reports/tomtom_trafic_index.csv,2026-07-27T19:18:34Z,(c) TomTom via MIT-licensed repo republication,verified
2022-10-13T21:00:00Z,2022-10-14T00:00:00+03:00,2022-10-14,0,0,0,CITY_RIYADH,Riyadh (city-wide),24.7136,46.6753,,,18,"TomTom daily congestion level: extra travel time vs free-flow conditions, percent, city-wide daily average; field passed through unchanged from api.midway.tomtom.com/ranking/dailyStats/SAU_riyadh by ActiveConclusion/COVID19_mobility scraper",1440,tomtom_dailystats_api_via_activeconclusion_github,https://github.com/ActiveConclusion/COVID19_mobility/blob/master/tomtom_reports/tomtom_trafic_index.csv,2026-07-27T19:18:34Z,(c) TomTom via MIT-licensed repo republication,verified
2022-10-14T21:00:00Z,2022-10-15T00:00:00+03:00,2022-10-15,0,0,0,CITY_RIYADH,Riyadh (city-wide),24.7136,46.6753,,,21,"TomTom daily congestion level: extra travel time vs free-flow conditions, percent, city-wide daily average; field passed through unchanged from api.midway.tomtom.com/ranking/dailyStats/SAU_riyadh by ActiveConclusion/COVID19_mobility scraper",1440,tomtom_dailystats_api_via_activeconclusion_github,https://github.com/ActiveConclusion/COVID19_mobility/blob/master/tomtom_reports/tomtom_trafic_index.csv,2026-07-27T19:18:34Z,(c) TomTom via MIT-licensed repo republication,verified
2022-10-15T21:00:00Z,2022-10-16T00:00:00+03:00,2022-10-16,0,0,0,CITY_RIYADH,Riyadh (city-wide),24.7136,46.6753,,,24,"TomTom daily congestion level: extra travel time vs free-flow conditions, percent, city-wide daily average; field passed through unchanged from api.midway.tomtom.com/ranking/dailyStats/SAU_riyadh by ActiveConclusion/COVID19_mobility scraper",1440,tomtom_dailystats_api_via_activeconclusion_github,https://github.com/ActiveConclusion/COVID19_mobility/blob/master/tomtom_reports/tomtom_trafic_index.csv,2026-07-27T19:18:34Z,(c) TomTom via MIT-licensed repo republication,verified
2022-10-16T21:00:00Z,2022-10-17T00:00:00+03:00,2022-10-17,0,0,0,CITY_RIYADH,Riyadh (city-wide),24.7136,46.6753,,,25,"TomTom daily congestion level: extra travel time vs free-flow conditions, percent, city-wide daily average; field passed through unchanged from api.midway.tomtom.com/ranking/dailyStats/SAU_riyadh by ActiveConclusion/COVID19_mobility scraper",1440,tomtom_dailystats_api_via_activeconclusion_github,https://github.com/ActiveConclusion/COVID19_mobility/blob/master/tomtom_reports/tomtom_trafic_index.csv,2026-07-27T19:18:34Z,(c) TomTom via MIT-licensed repo republication,verified
2022-10-17T21:00:00Z,2022-10-18T00:00:00+03:00,2022-10-18,0,0,0,CITY_RIYADH,Riyadh (city-wide),24.7136,46.6753,,,28,"TomTom daily congestion level: extra travel time vs free-flow conditions, percent, city-wide daily average; field passed through unchanged from api.midway.tomtom.com/ranking/dailyStats/SAU_riyadh by ActiveConclusion/COVID19_mobility scraper",1440,tomtom_dailystats_api_via_activeconclusion_github,https://github.com/ActiveConclusion/COVID19_mobility/blob/master/tomtom_reports/tomtom_trafic_index.csv,2026-07-27T19:18:34Z,(c) TomTom via MIT-licensed repo republication,verified
2022-10-18T21:00:00Z,2022-10-19T00:00:00+03:00,2022-10-19,0,0,0,CITY_RIYADH,Riyadh (city-wide),24.7136,46.6753,,,28,"TomTom daily congestion level: extra travel time vs free-flow conditions, percent, city-wide daily average; field passed through unchanged from api.midway.tomtom.com/ranking/dailyStats/SAU_riyadh by ActiveConclusion/COVID19_mobility scraper",1440,tomtom_dailystats_api_via_activeconclusion_github,https://github.com/ActiveConclusion/COVID19_mobility/blob/master/tomtom_reports/tomtom_trafic_index.csv,2026-07-27T19:18:34Z,(c) TomTom via MIT-licensed repo republication,verified
2022-10-19T21:00:00Z,2022-10-20T00:00:00+03:00,2022-10-20,0,0,0,CITY_RIYADH,Riyadh (city-wide),24.7136,46.6753,,,30,"TomTom daily congestion level: extra travel time vs free-flow conditions, percent, city-wide daily average; field passed through unchanged from api.midway.tomtom.com/ranking/dailyStats/SAU_riyadh by ActiveConclusion/COVID19_mobility scraper",1440,tomtom_dailystats_api_via_activeconclusion_github,https://github.com/ActiveConclusion/COVID19_mobility/blob/master/tomtom_reports/tomtom_trafic_index.csv,2026-07-27T19:18:34Z,(c) TomTom via MIT-licensed repo republication,verified
2022-10-20T21:00:00Z,2022-10-21T00:00:00+03:00,2022-10-21,0,0,0,CITY_RIYADH,Riyadh (city-wide),24.7136,46.6753,,,19,"TomTom daily congestion level: extra travel time vs free-flow conditions, percent, city-wide daily average; field passed through unchanged from api.midway.tomtom.com/ranking/dailyStats/SAU_riyadh by ActiveConclusion/COVID19_mobility scraper",1440,tomtom_dailystats_api_via_activeconclusion_github,https://github.com/ActiveConclusion/COVID19_mobility/blob/master/tomtom_reports/tomtom_trafic_index.csv,2026-07-27T19:18:34Z,(c) TomTom via MIT-licensed repo republication,verified
2022-10-21T21:00:00Z,2022-10-22T00:00:00+03:00,2022-10-22,0,0,0,CITY_RIYADH,Riyadh (city-wide),24.7136,46.6753,,,18,"TomTom daily congestion level: extra travel time vs free-flow conditions, percent, city-wide daily average; field passed through unchanged from api.midway.tomtom.com/ranking/dailyStats/SAU_riyadh by ActiveConclusion/COVID19_mobility scraper",1440,tomtom_dailystats_api_via_activeconclusion_github,https://github.com/ActiveConclusion/COVID19_mobility/blob/master/tomtom_reports/tomtom_trafic_index.csv,2026-07-27T19:18:34Z,(c) TomTom via MIT-licensed repo republication,verified
2022-10-22T21:00:00Z,2022-10-23T00:00:00+03:00,2022-10-23,0,0,0,CITY_RIYADH,Riyadh (city-wide),24.7136,46.6753,,,27,"TomTom daily congestion level: extra travel time vs free-flow conditions, percent, city-wide daily average; field passed through unchanged from api.midway.tomtom.com/ranking/dailyStats/SAU_riyadh by ActiveConclusion/COVID19_mobility scraper",1440,tomtom_dailystats_api_via_activeconclusion_github,https://github.com/ActiveConclusion/COVID19_mobility/blob/master/tomtom_reports/tomtom_trafic_index.csv,2026-07-27T19:18:34Z,(c) TomTom via MIT-licensed repo republication,verified
2022-10-23T21:00:00Z,2022-10-24T00:00:00+03:00,2022-10-24,0,0,0,CITY_RIYADH,Riyadh (city-wide),24.7136,46.6753,,,28,"TomTom daily congestion level: extra travel time vs free-flow conditions, percent, city-wide daily average; field passed through unchanged from api.midway.tomtom.com/ranking/dailyStats/SAU_riyadh by ActiveConclusion/COVID19_mobility scraper",1440,tomtom_dailystats_api_via_activeconclusion_github,https://github.com/ActiveConclusion/COVID19_mobility/blob/master/tomtom_reports/tomtom_trafic_index.csv,2026-07-27T19:18:34Z,(c) TomTom via MIT-licensed repo republication,verified
2022-10-24T21:00:00Z,2022-10-25T00:00:00+03:00,2022-10-25,0,0,0,CITY_RIYADH,Riyadh (city-wide),24.7136,46.6753,,,28,"TomTom daily congestion level: extra travel time vs free-flow conditions, percent, city-wide daily average; field passed through unchanged from api.midway.tomtom.com/ranking/dailyStats/SAU_riyadh by ActiveConclusion/COVID19_mobility scraper",1440,tomtom_dailystats_api_via_activeconclusion_github,https://github.com/ActiveConclusion/COVID19_mobility/blob/master/tomtom_reports/tomtom_trafic_index.csv,2026-07-27T19:18:34Z,(c) TomTom via MIT-licensed repo republication,verified
2022-10-25T21:00:00Z,2022-10-26T00:00:00+03:00,2022-10-26,0,0,0,CITY_RIYADH,Riyadh (city-wide),24.7136,46.6753,,,30,"TomTom daily congestion level: extra travel time vs free-flow conditions, percent, city-wide daily average; field passed through unchanged from api.midway.tomtom.com/ranking/dailyStats/SAU_riyadh by ActiveConclusion/COVID19_mobility scraper",1440,tomtom_dailystats_api_via_activeconclusion_github,https://github.com/ActiveConclusion/COVID19_mobility/blob/master/tomtom_reports/tomtom_trafic_index.csv,2026-07-27T19:18:34Z,(c) TomTom via MIT-licensed repo republication,verified
2022-10-26T21:00:00Z,2022-10-27T00:00:00+03:00,2022-10-27,0,0,0,CITY_RIYADH,Riyadh (city-wide),24.7136,46.6753,,,39,"TomTom daily congestion level: extra travel time vs free-flow conditions, percent, city-wide daily average; field passed through unchanged from api.midway.tomtom.com/ranking/dailyStats/SAU_riyadh by ActiveConclusion/COVID19_mobility scraper",1440,tomtom_dailystats_api_via_activeconclusion_github,https://github.com/ActiveConclusion/COVID19_mobility/blob/master/tomtom_reports/tomtom_trafic_index.csv,2026-07-27T19:18:34Z,(c) TomTom via MIT-licensed repo republication,verified
2022-10-27T21:00:00Z,2022-10-28T00:00:00+03:00,2022-10-28,0,0,0,CITY_RIYADH,Riyadh (city-wide),24.7136,46.6753,,,24,"TomTom daily congestion level: extra travel time vs free-flow conditions, percent, city-wide daily average; field passed through unchanged from api.midway.tomtom.com/ranking/dailyStats/SAU_riyadh by ActiveConclusion/COVID19_mobility scraper",1440,tomtom_dailystats_api_via_activeconclusion_github,https://github.com/ActiveConclusion/COVID19_mobility/blob/master/tomtom_reports/tomtom_trafic_index.csv,2026-07-27T19:18:34Z,(c) TomTom via MIT-licensed repo republication,verified
2022-10-28T21:00:00Z,2022-10-29T00:00:00+03:00,2022-10-29,0,0,0,CITY_RIYADH,Riyadh (city-wide),24.7136,46.6753,,,24,"TomTom daily congestion level: extra travel time vs free-flow conditions, percent, city-wide daily average; field passed through unchanged from api.midway.tomtom.com/ranking/dailyStats/SAU_riyadh by ActiveConclusion/COVID19_mobility scraper",1440,tomtom_dailystats_api_via_activeconclusion_github,https://github.com/ActiveConclusion/COVID19_mobility/blob/master/tomtom_reports/tomtom_trafic_index.csv,2026-07-27T19:18:34Z,(c) TomTom via MIT-licensed repo republication,verified
2022-10-29T21:00:00Z,2022-10-30T00:00:00+03:00,2022-10-30,0,0,0,CITY_RIYADH,Riyadh (city-wide),24.7136,46.6753,,,31,"TomTom daily congestion level: extra travel time vs free-flow conditions, percent, city-wide daily average; field passed through unchanged from api.midway.tomtom.com/ranking/dailyStats/SAU_riyadh by ActiveConclusion/COVID19_mobility scraper",1440,tomtom_dailystats_api_via_activeconclusion_github,https://github.com/ActiveConclusion/COVID19_mobility/blob/master/tomtom_reports/tomtom_trafic_index.csv,2026-07-27T19:18:34Z,(c) TomTom via MIT-licensed repo republication,verified
2022-10-30T21:00:00Z,2022-10-31T00:00:00+03:00,2022-10-31,0,0,0,CITY_RIYADH,Riyadh (city-wide),24.7136,46.6753,,,33,"TomTom daily congestion level: extra travel time vs free-flow conditions, percent, city-wide daily average; field passed through unchanged from api.midway.tomtom.com/ranking/dailyStats/SAU_riyadh by ActiveConclusion/COVID19_mobility scraper",1440,tomtom_dailystats_api_via_activeconclusion_github,https://github.com/ActiveConclusion/COVID19_mobility/blob/master/tomtom_reports/tomtom_trafic_index.csv,2026-07-27T19:18:34Z,(c) TomTom via MIT-licensed repo republication,verified
2022-10-31T21:00:00Z,2022-11-01T00:00:00+03:00,2022-11-01,0,0,0,CITY_RIYADH,Riyadh (city-wide),24.7136,46.6753,,,35,"TomTom daily congestion level: extra travel time vs free-flow conditions, percent, city-wide daily average; field passed through unchanged from api.midway.tomtom.com/ranking/dailyStats/SAU_riyadh by ActiveConclusion/COVID19_mobility scraper",1440,tomtom_dailystats_api_via_activeconclusion_github,https://github.com/ActiveConclusion/COVID19_mobility/blob/master/tomtom_reports/tomtom_trafic_index.csv,2026-07-27T19:18:34Z,(c) TomTom via MIT-licensed repo republication,verified
2022-11-01T21:00:00Z,2022-11-02T00:00:00+03:00,2022-11-02,0,0,0,CITY_RIYADH,Riyadh (city-wide),24.7136,46.6753,,,34,"TomTom daily congestion level: extra travel time vs free-flow conditions, percent, city-wide daily average; field passed through unchanged from api.midway.tomtom.com/ranking/dailyStats/SAU_riyadh by ActiveConclusion/COVID19_mobility scraper",1440,tomtom_dailystats_api_via_activeconclusion_github,https://github.com/ActiveConclusion/COVID19_mobility/blob/master/tomtom_reports/tomtom_trafic_index.csv,2026-07-27T19:18:34Z,(c) TomTom via MIT-licensed repo republication,verified
2022-11-02T21:00:00Z,2022-11-03T00:00:00+03:00,2022-11-03,0,0,0,CITY_RIYADH,Riyadh (city-wide),24.7136,46.6753,,,37,"TomTom daily congestion level: extra travel time vs free-flow conditions, percent, city-wide daily average; field passed through unchanged from api.midway.tomtom.com/ranking/dailyStats/SAU_riyadh by ActiveConclusion/COVID19_mobility scraper",1440,tomtom_dailystats_api_via_activeconclusion_github,https://github.com/ActiveConclusion/COVID19_mobility/blob/master/tomtom_reports/tomtom_trafic_index.csv,2026-07-27T19:18:34Z,(c) TomTom via MIT-licensed repo republication,verified
2022-11-03T21:00:00Z,2022-11-04T00:00:00+03:00,2022-11-04,0,0,0,CITY_RIYADH,Riyadh (city-wide),24.7136,46.6753,,,22,"TomTom daily congestion level: extra travel time vs free-flow conditions, percent, city-wide daily average; field passed through unchanged from api.midway.tomtom.com/ranking/dailyStats/SAU_riyadh by ActiveConclusion/COVID19_mobility scraper",1440,tomtom_dailystats_api_via_activeconclusion_github,https://github.com/ActiveConclusion/COVID19_mobility/blob/master/tomtom_reports/tomtom_trafic_index.csv,2026-07-27T19:18:34Z,(c) TomTom via MIT-licensed repo republication,verified
2022-11-04T21:00:00Z,2022-11-05T00:00:00+03:00,2022-11-05,0,0,0,CITY_RIYADH,Riyadh (city-wide),24.7136,46.6753,,,23,"TomTom daily congestion level: extra travel time vs free-flow conditions, percent, city-wide daily average; field passed through unchanged from api.midway.tomtom.com/ranking/dailyStats/SAU_riyadh by ActiveConclusion/COVID19_mobility scraper",1440,tomtom_dailystats_api_via_activeconclusion_github,https://github.com/ActiveConclusion/COVID19_mobility/blob/master/tomtom_reports/tomtom_trafic_index.csv,2026-07-27T19:18:34Z,(c) TomTom via MIT-licensed repo republication,verified
2022-11-05T21:00:00Z,2022-11-06T00:00:00+03:00,2022-11-06,0,0,0,CITY_RIYADH,Riyadh (city-wide),24.7136,46.6753,,,29,"TomTom daily congestion level: extra travel time vs free-flow conditions, percent, city-wide daily average; field passed through unchanged from api.midway.tomtom.com/ranking/dailyStats/SAU_riyadh by ActiveConclusion/COVID19_mobility scraper",1440,tomtom_dailystats_api_via_activeconclusion_github,https://github.com/ActiveConclusion/COVID19_mobility/blob/master/tomtom_reports/tomtom_trafic_index.csv,2026-07-27T19:18:34Z,(c) TomTom via MIT-licensed repo republication,verified
2022-11-06T21:00:00Z,2022-11-07T00:00:00+03:00,2022-11-07,0,0,0,CITY_RIYADH,Riyadh (city-wide),24.7136,46.6753,,,30,"TomTom daily congestion level: extra travel time vs free-flow conditions, percent, city-wide daily average; field passed through unchanged from api.midway.tomtom.com/ranking/dailyStats/SAU_riyadh by ActiveConclusion/COVID19_mobility scraper",1440,tomtom_dailystats_api_via_activeconclusion_github,https://github.com/ActiveConclusion/COVID19_mobility/blob/master/tomtom_reports/tomtom_trafic_index.csv,2026-07-27T19:18:34Z,(c) TomTom via MIT-licensed repo republication,verified
2022-11-07T21:00:00Z,2022-11-08T00:00:00+03:00,2022-11-08,0,0,0,CITY_RIYADH,Riyadh (city-wide),24.7136,46.6753,,,31,"TomTom daily congestion level: extra travel time vs free-flow conditions, percent, city-wide daily average; field passed through unchanged from api.midway.tomtom.com/ranking/dailyStats/SAU_riyadh by ActiveConclusion/COVID19_mobility scraper",1440,tomtom_dailystats_api_via_activeconclusion_github,https://github.com/ActiveConclusion/COVID19_mobility/blob/master/tomtom_reports/tomtom_trafic_index.csv,2026-07-27T19:18:34Z,(c) TomTom via MIT-licensed repo republication,verified
2022-11-08T21:00:00Z,2022-11-09T00:00:00+03:00,2022-11-09,0,0,0,CITY_RIYADH,Riyadh (city-wide),24.7136,46.6753,,,33,"TomTom daily congestion level: extra travel time vs free-flow conditions, percent, city-wide daily average; field passed through unchanged from api.midway.tomtom.com/ranking/dailyStats/SAU_riyadh by ActiveConclusion/COVID19_mobility scraper",1440,tomtom_dailystats_api_via_activeconclusion_github,https://github.com/ActiveConclusion/COVID19_mobility/blob/master/tomtom_reports/tomtom_trafic_index.csv,2026-07-27T19:18:34Z,(c) TomTom via MIT-licensed repo republication,verified
2022-11-09T21:00:00Z,2022-11-10T00:00:00+03:00,2022-11-10,0,0,0,CITY_RIYADH,Riyadh (city-wide),24.7136,46.6753,,,34,"TomTom daily congestion level: extra travel time vs free-flow conditions, percent, city-wide daily average; field passed through unchanged from api.midway.tomtom.com/ranking/dailyStats/SAU_riyadh by ActiveConclusion/COVID19_mobility scraper",1440,tomtom_dailystats_api_via_activeconclusion_github,https://github.com/ActiveConclusion/COVID19_mobility/blob/master/tomtom_reports/tomtom_trafic_index.csv,2026-07-27T19:18:34Z,(c) TomTom via MIT-licensed repo republication,verified
2022-11-10T21:00:00Z,2022-11-11T00:00:00+03:00,2022-11-11,0,0,0,CITY_RIYADH,Riyadh (city-wide),24.7136,46.6753,,,20,"TomTom daily congestion level: extra travel time vs free-flow conditions, percent, city-wide daily average; field passed through unchanged from api.midway.tomtom.com/ranking/dailyStats/SAU_riyadh by ActiveConclusion/COVID19_mobility scraper",1440,tomtom_dailystats_api_via_activeconclusion_github,https://github.com/ActiveConclusion/COVID19_mobility/blob/master/tomtom_reports/tomtom_trafic_index.csv,2026-07-27T19:18:34Z,(c) TomTom via MIT-licensed repo republication,verified
2022-11-11T21:00:00Z,2022-11-12T00:00:00+03:00,2022-11-12,0,0,0,CITY_RIYADH,Riyadh (city-wide),24.7136,46.6753,,,20,"TomTom daily congestion level: extra travel time vs free-flow conditions, percent, city-wide daily average; field passed through unchanged from api.midway.tomtom.com/ranking/dailyStats/SAU_riyadh by ActiveConclusion/COVID19_mobility scraper",1440,tomtom_dailystats_api_via_activeconclusion_github,https://github.com/ActiveConclusion/COVID19_mobility/blob/master/tomtom_reports/tomtom_trafic_index.csv,2026-07-27T19:18:34Z,(c) TomTom via MIT-licensed repo republication,verified
2022-11-12T21:00:00Z,2022-11-13T00:00:00+03:00,2022-11-13,0,0,0,CITY_RIYADH,Riyadh (city-wide),24.7136,46.6753,,,30,"TomTom daily congestion level: extra travel time vs free-flow conditions, percent, city-wide daily average; field passed through unchanged from api.midway.tomtom.com/ranking/dailyStats/SAU_riyadh by ActiveConclusion/COVID19_mobility scraper",1440,tomtom_dailystats_api_via_activeconclusion_github,https://github.com/ActiveConclusion/COVID19_mobility/blob/master/tomtom_reports/tomtom_trafic_index.csv,2026-07-27T19:18:34Z,(c) TomTom via MIT-licensed repo republication,verified
2022-11-13T21:00:00Z,2022-11-14T00:00:00+03:00,2022-11-14,0,0,0,CITY_RIYADH,Riyadh (city-wide),24.7136,46.6753,,,29,"TomTom daily congestion level: extra travel time vs free-flow conditions, percent, city-wide daily average; field passed through unchanged from api.midway.tomtom.com/ranking/dailyStats/SAU_riyadh by ActiveConclusion/COVID19_mobility scraper",1440,tomtom_dailystats_api_via_activeconclusion_github,https://github.com/ActiveConclusion/COVID19_mobility/blob/master/tomtom_reports/tomtom_trafic_index.csv,2026-07-27T19:18:34Z,(c) TomTom via MIT-licensed repo republication,verified
2022-11-14T21:00:00Z,2022-11-15T00:00:00+03:00,2022-11-15,0,0,0,CITY_RIYADH,Riyadh (city-wide),24.7136,46.6753,,,31,"TomTom daily congestion level: extra travel time vs free-flow conditions, percent, city-wide daily average; field passed through unchanged from api.midway.tomtom.com/ranking/dailyStats/SAU_riyadh by ActiveConclusion/COVID19_mobility scraper",1440,tomtom_dailystats_api_via_activeconclusion_github,https://github.com/ActiveConclusion/COVID19_mobility/blob/master/tomtom_reports/tomtom_trafic_index.csv,2026-07-27T19:18:34Z,(c) TomTom via MIT-licensed repo republication,verified
2022-11-15T21:00:00Z,2022-11-16T00:00:00+03:00,2022-11-16,0,0,0,CITY_RIYADH,Riyadh (city-wide),24.7136,46.6753,,,29,"TomTom daily congestion level: extra travel time vs free-flow conditions, percent, city-wide daily average; field passed through unchanged from api.midway.tomtom.com/ranking/dailyStats/SAU_riyadh by ActiveConclusion/COVID19_mobility scraper",1440,tomtom_dailystats_api_via_activeconclusion_github,https://github.com/ActiveConclusion/COVID19_mobility/blob/master/tomtom_reports/tomtom_trafic_index.csv,2026-07-27T19:18:34Z,(c) TomTom via MIT-licensed repo republication,verified
2022-11-16T21:00:00Z,2022-11-17T00:00:00+03:00,2022-11-17,0,0,0,CITY_RIYADH,Riyadh (city-wide),24.7136,46.6753,,,33,"TomTom daily congestion level: extra travel time vs free-flow conditions, percent, city-wide daily average; field passed through unchanged from api.midway.tomtom.com/ranking/dailyStats/SAU_riyadh by ActiveConclusion/COVID19_mobility scraper",1440,tomtom_dailystats_api_via_activeconclusion_github,https://github.com/ActiveConclusion/COVID19_mobility/blob/master/tomtom_reports/tomtom_trafic_index.csv,2026-07-27T19:18:34Z,(c) TomTom via MIT-licensed repo republication,verified
2022-11-17T21:00:00Z,2022-11-18T00:00:00+03:00,2022-11-18,0,0,0,CITY_RIYADH,Riyadh (city-wide),24.7136,46.6753,,,18,"TomTom daily congestion level: extra travel time vs free-flow conditions, percent, city-wide daily average; field passed through unchanged from api.midway.tomtom.com/ranking/dailyStats/SAU_riyadh by ActiveConclusion/COVID19_mobility scraper",1440,tomtom_dailystats_api_via_activeconclusion_github,https://github.com/ActiveConclusion/COVID19_mobility/blob/master/tomtom_reports/tomtom_trafic_index.csv,2026-07-27T19:18:34Z,(c) TomTom via MIT-licensed repo republication,verified
2022-11-18T21:00:00Z,2022-11-19T00:00:00+03:00,2022-11-19,0,0,0,CITY_RIYADH,Riyadh (city-wide),24.7136,46.6753,,,19,"TomTom daily congestion level: extra travel time vs free-flow conditions, percent, city-wide daily average; field passed through unchanged from api.midway.tomtom.com/ranking/dailyStats/SAU_riyadh by ActiveConclusion/COVID19_mobility scraper",1440,tomtom_dailystats_api_via_activeconclusion_github,https://github.com/ActiveConclusion/COVID19_mobility/blob/master/tomtom_reports/tomtom_trafic_index.csv,2026-07-27T19:18:34Z,(c) TomTom via MIT-licensed repo republication,verified
2022-11-19T21:00:00Z,2022-11-20T00:00:00+03:00,2022-11-20,0,0,0,CITY_RIYADH,Riyadh (city-wide),24.7136,46.6753,,,27,"TomTom daily congestion level: extra travel time vs free-flow conditions, percent, city-wide daily average; field passed through unchanged from api.midway.tomtom.com/ranking/dailyStats/SAU_riyadh by ActiveConclusion/COVID19_mobility scraper",1440,tomtom_dailystats_api_via_activeconclusion_github,https://github.com/ActiveConclusion/COVID19_mobility/blob/master/tomtom_reports/tomtom_trafic_index.csv,2026-07-27T19:18:34Z,(c) TomTom via MIT-licensed repo republication,verified
2022-11-20T21:00:00Z,2022-11-21T00:00:00+03:00,2022-11-21,0,0,0,CITY_RIYADH,Riyadh (city-wide),24.7136,46.6753,,,27,"TomTom daily congestion level: extra travel time vs free-flow conditions, percent, city-wide daily average; field passed through unchanged from api.midway.tomtom.com/ranking/dailyStats/SAU_riyadh by ActiveConclusion/COVID19_mobility scraper",1440,tomtom_dailystats_api_via_activeconclusion_github,https://github.com/ActiveConclusion/COVID19_mobility/blob/master/tomtom_reports/tomtom_trafic_index.csv,2026-07-27T19:18:34Z,(c) TomTom via MIT-licensed repo republication,verified
2022-11-21T21:00:00Z,2022-11-22T00:00:00+03:00,2022-11-22,0,0,0,CITY_RIYADH,Riyadh (city-wide),24.7136,46.6753,,,38,"TomTom daily congestion level: extra travel time vs free-flow conditions, percent, city-wide daily average; field passed through unchanged from api.midway.tomtom.com/ranking/dailyStats/SAU_riyadh by ActiveConclusion/COVID19_mobility scraper",1440,tomtom_dailystats_api_via_activeconclusion_github,https://github.com/ActiveConclusion/COVID19_mobility/blob/master/tomtom_reports/tomtom_trafic_index.csv,2026-07-27T19:18:34Z,(c) TomTom via MIT-licensed repo republication,verified
2022-11-22T21:00:00Z,2022-11-23T00:00:00+03:00,2022-11-23,0,0,0,CITY_RIYADH,Riyadh (city-wide),24.7136,46.6753,,,17,"TomTom daily congestion level: extra travel time vs free-flow conditions, percent, city-wide daily average; field passed through unchanged from api.midway.tomtom.com/ranking/dailyStats/SAU_riyadh by ActiveConclusion/COVID19_mobility scraper",1440,tomtom_dailystats_api_via_activeconclusion_github,https://github.com/ActiveConclusion/COVID19_mobility/blob/master/tomtom_reports/tomtom_trafic_index.csv,2026-07-27T19:18:34Z,(c) TomTom via MIT-licensed repo republication,verified
2022-11-23T21:00:00Z,2022-11-24T00:00:00+03:00,2022-11-24,0,0,0,CITY_RIYADH,Riyadh (city-wide),24.7136,46.6753,,,33,"TomTom daily congestion level: extra travel time vs free-flow conditions, percent, city-wide daily average; field passed through unchanged from api.midway.tomtom.com/ranking/dailyStats/SAU_riyadh by ActiveConclusion/COVID19_mobility scraper",1440,tomtom_dailystats_api_via_activeconclusion_github,https://github.com/ActiveConclusion/COVID19_mobility/blob/master/tomtom_reports/tomtom_trafic_index.csv,2026-07-27T19:18:34Z,(c) TomTom via MIT-licensed repo republication,verified
2022-11-24T21:00:00Z,2022-11-25T00:00:00+03:00,2022-11-25,0,0,0,CITY_RIYADH,Riyadh (city-wide),24.7136,46.6753,,,17,"TomTom daily congestion level: extra travel time vs free-flow conditions, percent, city-wide daily average; field passed through unchanged from api.midway.tomtom.com/ranking/dailyStats/SAU_riyadh by ActiveConclusion/COVID19_mobility scraper",1440,tomtom_dailystats_api_via_activeconclusion_github,https://github.com/ActiveConclusion/COVID19_mobility/blob/master/tomtom_reports/tomtom_trafic_index.csv,2026-07-27T19:18:34Z,(c) TomTom via MIT-licensed repo republication,verified
2022-11-25T21:00:00Z,2022-11-26T00:00:00+03:00,2022-11-26,0,0,0,CITY_RIYADH,Riyadh (city-wide),24.7136,46.6753,,,18,"TomTom daily congestion level: extra travel time vs free-flow conditions, percent, city-wide daily average; field passed through unchanged from api.midway.tomtom.com/ranking/dailyStats/SAU_riyadh by ActiveConclusion/COVID19_mobility scraper",1440,tomtom_dailystats_api_via_activeconclusion_github,https://github.com/ActiveConclusion/COVID19_mobility/blob/master/tomtom_reports/tomtom_trafic_index.csv,2026-07-27T19:18:34Z,(c) TomTom via MIT-licensed repo republication,verified
2022-11-26T21:00:00Z,2022-11-27T00:00:00+03:00,2022-11-27,0,0,0,CITY_RIYADH,Riyadh (city-wide),24.7136,46.6753,,,28,"TomTom daily congestion level: extra travel time vs free-flow conditions, percent, city-wide daily average; field passed through unchanged from api.midway.tomtom.com/ranking/dailyStats/SAU_riyadh by ActiveConclusion/COVID19_mobility scraper",1440,tomtom_dailystats_api_via_activeconclusion_github,https://github.com/ActiveConclusion/COVID19_mobility/blob/master/tomtom_reports/tomtom_trafic_index.csv,2026-07-27T19:18:34Z,(c) TomTom via MIT-licensed repo republication,verified
2022-11-27T21:00:00Z,2022-11-28T00:00:00+03:00,2022-11-28,0,0,0,CITY_RIYADH,Riyadh (city-wide),24.7136,46.6753,,,30,"TomTom daily congestion level: extra travel time vs free-flow conditions, percent, city-wide daily average; field passed through unchanged from api.midway.tomtom.com/ranking/dailyStats/SAU_riyadh by ActiveConclusion/COVID19_mobility scraper",1440,tomtom_dailystats_api_via_activeconclusion_github,https://github.com/ActiveConclusion/COVID19_mobility/blob/master/tomtom_reports/tomtom_trafic_index.csv,2026-07-27T19:18:34Z,(c) TomTom via MIT-licensed repo republication,verified
2022-11-28T21:00:00Z,2022-11-29T00:00:00+03:00,2022-11-29,0,0,0,CITY_RIYADH,Riyadh (city-wide),24.7136,46.6753,,,31,"TomTom daily congestion level: extra travel time vs free-flow conditions, percent, city-wide daily average; field passed through unchanged from api.midway.tomtom.com/ranking/dailyStats/SAU_riyadh by ActiveConclusion/COVID19_mobility scraper",1440,tomtom_dailystats_api_via_activeconclusion_github,https://github.com/ActiveConclusion/COVID19_mobility/blob/master/tomtom_reports/tomtom_trafic_index.csv,2026-07-27T19:18:34Z,(c) TomTom via MIT-licensed repo republication,verified
2022-11-29T21:00:00Z,2022-11-30T00:00:00+03:00,2022-11-30,0,0,0,CITY_RIYADH,Riyadh (city-wide),24.7136,46.6753,,,28,"TomTom daily congestion level: extra travel time vs free-flow conditions, percent, city-wide daily average; field passed through unchanged from api.midway.tomtom.com/ranking/dailyStats/SAU_riyadh by ActiveConclusion/COVID19_mobility scraper",1440,tomtom_dailystats_api_via_activeconclusion_github,https://github.com/ActiveConclusion/COVID19_mobility/blob/master/tomtom_reports/tomtom_trafic_index.csv,2026-07-27T19:18:34Z,(c) TomTom via MIT-licensed repo republication,verified
2022-11-30T21:00:00Z,2022-12-01T00:00:00+03:00,2022-12-01,0,0,0,CITY_RIYADH,Riyadh (city-wide),24.7136,46.6753,,,32,"TomTom daily congestion level: extra travel time vs free-flow conditions, percent, city-wide daily average; field passed through unchanged from api.midway.tomtom.com/ranking/dailyStats/SAU_riyadh by ActiveConclusion/COVID19_mobility scraper",1440,tomtom_dailystats_api_via_activeconclusion_github,https://github.com/ActiveConclusion/COVID19_mobility/blob/master/tomtom_reports/tomtom_trafic_index.csv,2026-07-27T19:18:34Z,(c) TomTom via MIT-licensed repo republication,verified
2022-12-01T21:00:00Z,2022-12-02T00:00:00+03:00,2022-12-02,0,0,0,CITY_RIYADH,Riyadh (city-wide),24.7136,46.6753,,,24,"TomTom daily congestion level: extra travel time vs free-flow conditions, percent, city-wide daily average; field passed through unchanged from api.midway.tomtom.com/ranking/dailyStats/SAU_riyadh by ActiveConclusion/COVID19_mobility scraper",1440,tomtom_dailystats_api_via_activeconclusion_github,https://github.com/ActiveConclusion/COVID19_mobility/blob/master/tomtom_reports/tomtom_trafic_index.csv,2026-07-27T19:18:34Z,(c) TomTom via MIT-licensed repo republication,verified
2022-12-02T21:00:00Z,2022-12-03T00:00:00+03:00,2022-12-03,0,0,0,CITY_RIYADH,Riyadh (city-wide),24.7136,46.6753,,,25,"TomTom daily congestion level: extra travel time vs free-flow conditions, percent, city-wide daily average; field passed through unchanged from api.midway.tomtom.com/ranking/dailyStats/SAU_riyadh by ActiveConclusion/COVID19_mobility scraper",1440,tomtom_dailystats_api_via_activeconclusion_github,https://github.com/ActiveConclusion/COVID19_mobility/blob/master/tomtom_reports/tomtom_trafic_index.csv,2026-07-27T19:18:34Z,(c) TomTom via MIT-licensed repo republication,verified
2022-12-03T21:00:00Z,2022-12-04T00:00:00+03:00,2022-12-04,0,0,0,CITY_RIYADH,Riyadh (city-wide),24.7136,46.6753,,,32,"TomTom daily congestion level: extra travel time vs free-flow conditions, percent, city-wide daily average; field passed through unchanged from api.midway.tomtom.com/ranking/dailyStats/SAU_riyadh by ActiveConclusion/COVID19_mobility scraper",1440,tomtom_dailystats_api_via_activeconclusion_github,https://github.com/ActiveConclusion/COVID19_mobility/blob/master/tomtom_reports/tomtom_trafic_index.csv,2026-07-27T19:18:34Z,(c) TomTom via MIT-licensed repo republication,verified
2022-12-04T21:00:00Z,2022-12-05T00:00:00+03:00,2022-12-05,0,0,0,CITY_RIYADH,Riyadh (city-wide),24.7136,46.6753,,,32,"TomTom daily congestion level: extra travel time vs free-flow conditions, percent, city-wide daily average; field passed through unchanged from api.midway.tomtom.com/ranking/dailyStats/SAU_riyadh by ActiveConclusion/COVID19_mobility scraper",1440,tomtom_dailystats_api_via_activeconclusion_github,https://github.com/ActiveConclusion/COVID19_mobility/blob/master/tomtom_reports/tomtom_trafic_index.csv,2026-07-27T19:18:34Z,(c) TomTom via MIT-licensed repo republication,verified
2022-12-05T21:00:00Z,2022-12-06T00:00:00+03:00,2022-12-06,0,0,0,CITY_RIYADH,Riyadh (city-wide),24.7136,46.6753,,,35,"TomTom daily congestion level: extra travel time vs free-flow conditions, percent, city-wide daily average; field passed through unchanged from api.midway.tomtom.com/ranking/dailyStats/SAU_riyadh by ActiveConclusion/COVID19_mobility scraper",1440,tomtom_dailystats_api_via_activeconclusion_github,https://github.com/ActiveConclusion/COVID19_mobility/blob/master/tomtom_reports/tomtom_trafic_index.csv,2026-07-27T19:18:34Z,(c) TomTom via MIT-licensed repo republication,verified
2022-12-06T21:00:00Z,2022-12-07T00:00:00+03:00,2022-12-07,0,0,0,CITY_RIYADH,Riyadh (city-wide),24.7136,46.6753,,,33,"TomTom daily congestion level: extra travel time vs free-flow conditions, percent, city-wide daily average; field passed through unchanged from api.midway.tomtom.com/ranking/dailyStats/SAU_riyadh by ActiveConclusion/COVID19_mobility scraper",1440,tomtom_dailystats_api_via_activeconclusion_github,https://github.com/ActiveConclusion/COVID19_mobility/blob/master/tomtom_reports/tomtom_trafic_index.csv,2026-07-27T19:18:34Z,(c) TomTom via MIT-licensed repo republication,verified
2022-12-07T21:00:00Z,2022-12-08T00:00:00+03:00,2022-12-08,0,0,0,CITY_RIYADH,Riyadh (city-wide),24.7136,46.6753,,,39,"TomTom daily congestion level: extra travel time vs free-flow conditions, percent, city-wide daily average; field passed through unchanged from api.midway.tomtom.com/ranking/dailyStats/SAU_riyadh by ActiveConclusion/COVID19_mobility scraper",1440,tomtom_dailystats_api_via_activeconclusion_github,https://github.com/ActiveConclusion/COVID19_mobility/blob/master/tomtom_reports/tomtom_trafic_index.csv,2026-07-27T19:18:34Z,(c) TomTom via MIT-licensed repo republication,verified
2022-12-08T21:00:00Z,2022-12-09T00:00:00+03:00,2022-12-09,0,0,0,CITY_RIYADH,Riyadh (city-wide),24.7136,46.6753,,,21,"TomTom daily congestion level: extra travel time vs free-flow conditions, percent, city-wide daily average; field passed through unchanged from api.midway.tomtom.com/ranking/dailyStats/SAU_riyadh by ActiveConclusion/COVID19_mobility scraper",1440,tomtom_dailystats_api_via_activeconclusion_github,https://github.com/ActiveConclusion/COVID19_mobility/blob/master/tomtom_reports/tomtom_trafic_index.csv,2026-07-27T19:18:34Z,(c) TomTom via MIT-licensed repo republication,verified
2022-12-09T21:00:00Z,2022-12-10T00:00:00+03:00,2022-12-10,0,0,0,CITY_RIYADH,Riyadh (city-wide),24.7136,46.6753,,,27,"TomTom daily congestion level: extra travel time vs free-flow conditions, percent, city-wide daily average; field passed through unchanged from api.midway.tomtom.com/ranking/dailyStats/SAU_riyadh by ActiveConclusion/COVID19_mobility scraper",1440,tomtom_dailystats_api_via_activeconclusion_github,https://github.com/ActiveConclusion/COVID19_mobility/blob/master/tomtom_reports/tomtom_trafic_index.csv,2026-07-27T19:18:34Z,(c) TomTom via MIT-licensed repo republication,verified
2022-12-10T21:00:00Z,2022-12-11T00:00:00+03:00,2022-12-11,0,0,0,CITY_RIYADH,Riyadh (city-wide),24.7136,46.6753,,,41,"TomTom daily congestion level: extra travel time vs free-flow conditions, percent, city-wide daily average; field passed through unchanged from api.midway.tomtom.com/ranking/dailyStats/SAU_riyadh by ActiveConclusion/COVID19_mobility scraper",1440,tomtom_dailystats_api_via_activeconclusion_github,https://github.com/ActiveConclusion/COVID19_mobility/blob/master/tomtom_reports/tomtom_trafic_index.csv,2026-07-27T19:18:34Z,(c) TomTom via MIT-licensed repo republication,verified
2022-12-11T21:00:00Z,2022-12-12T00:00:00+03:00,2022-12-12,0,0,0,CITY_RIYADH,Riyadh (city-wide),24.7136,46.6753,,,41,"TomTom daily congestion level: extra travel time vs free-flow conditions, percent, city-wide daily average; field passed through unchanged from api.midway.tomtom.com/ranking/dailyStats/SAU_riyadh by ActiveConclusion/COVID19_mobility scraper",1440,tomtom_dailystats_api_via_activeconclusion_github,https://github.com/ActiveConclusion/COVID19_mobility/blob/master/tomtom_reports/tomtom_trafic_index.csv,2026-07-27T19:18:34Z,(c) TomTom via MIT-licensed repo republication,verified
2022-12-12T21:00:00Z,2022-12-13T00:00:00+03:00,2022-12-13,0,0,0,CITY_RIYADH,Riyadh (city-wide),24.7136,46.6753,,,37,"TomTom daily congestion level: extra travel time vs free-flow conditions, percent, city-wide daily average; field passed through unchanged from api.midway.tomtom.com/ranking/dailyStats/SAU_riyadh by ActiveConclusion/COVID19_mobility scraper",1440,tomtom_dailystats_api_via_activeconclusion_github,https://github.com/ActiveConclusion/COVID19_mobility/blob/master/tomtom_reports/tomtom_trafic_index.csv,2026-07-27T19:18:34Z,(c) TomTom via MIT-licensed repo republication,verified
2022-12-13T21:00:00Z,2022-12-14T00:00:00+03:00,2022-12-14,0,0,0,CITY_RIYADH,Riyadh (city-wide),24.7136,46.6753,,,35,"TomTom daily congestion level: extra travel time vs free-flow conditions, percent, city-wide daily average; field passed through unchanged from api.midway.tomtom.com/ranking/dailyStats/SAU_riyadh by ActiveConclusion/COVID19_mobility scraper",1440,tomtom_dailystats_api_via_activeconclusion_github,https://github.com/ActiveConclusion/COVID19_mobility/blob/master/tomtom_reports/tomtom_trafic_index.csv,2026-07-27T19:18:34Z,(c) TomTom via MIT-licensed repo republication,verified
2022-12-14T21:00:00Z,2022-12-15T00:00:00+03:00,2022-12-15,0,0,0,CITY_RIYADH,Riyadh (city-wide),24.7136,46.6753,,,36,"TomTom daily congestion level: extra travel time vs free-flow conditions, percent, city-wide daily average; field passed through unchanged from api.midway.tomtom.com/ranking/dailyStats/SAU_riyadh by ActiveConclusion/COVID19_mobility scraper",1440,tomtom_dailystats_api_via_activeconclusion_github,https://github.com/ActiveConclusion/COVID19_mobility/blob/master/tomtom_reports/tomtom_trafic_index.csv,2026-07-27T19:18:34Z,(c) TomTom via MIT-licensed repo republication,verified
2022-12-15T21:00:00Z,2022-12-16T00:00:00+03:00,2022-12-16,0,0,0,CITY_RIYADH,Riyadh (city-wide),24.7136,46.6753,,,19,"TomTom daily congestion level: extra travel time vs free-flow conditions, percent, city-wide daily average; field passed through unchanged from api.midway.tomtom.com/ranking/dailyStats/SAU_riyadh by ActiveConclusion/COVID19_mobility scraper",1440,tomtom_dailystats_api_via_activeconclusion_github,https://github.com/ActiveConclusion/COVID19_mobility/blob/master/tomtom_reports/tomtom_trafic_index.csv,2026-07-27T19:18:34Z,(c) TomTom via MIT-licensed repo republication,verified
2022-12-16T21:00:00Z,2022-12-17T00:00:00+03:00,2022-12-17,0,0,0,CITY_RIYADH,Riyadh (city-wide),24.7136,46.6753,,,24,"TomTom daily congestion level: extra travel time vs free-flow conditions, percent, city-wide daily average; field passed through unchanged from api.midway.tomtom.com/ranking/dailyStats/SAU_riyadh by ActiveConclusion/COVID19_mobility scraper",1440,tomtom_dailystats_api_via_activeconclusion_github,https://github.com/ActiveConclusion/COVID19_mobility/blob/master/tomtom_reports/tomtom_trafic_index.csv,2026-07-27T19:18:34Z,(c) TomTom via MIT-licensed repo republication,verified
2022-12-17T21:00:00Z,2022-12-18T00:00:00+03:00,2022-12-18,0,0,0,CITY_RIYADH,Riyadh (city-wide),24.7136,46.6753,,,27,"TomTom daily congestion level: extra travel time vs free-flow conditions, percent, city-wide daily average; field passed through unchanged from api.midway.tomtom.com/ranking/dailyStats/SAU_riyadh by ActiveConclusion/COVID19_mobility scraper",1440,tomtom_dailystats_api_via_activeconclusion_github,https://github.com/ActiveConclusion/COVID19_mobility/blob/master/tomtom_reports/tomtom_trafic_index.csv,2026-07-27T19:18:34Z,(c) TomTom via MIT-licensed repo republication,verified
2022-12-18T21:00:00Z,2022-12-19T00:00:00+03:00,2022-12-19,0,0,0,CITY_RIYADH,Riyadh (city-wide),24.7136,46.6753,,,35,"TomTom daily congestion level: extra travel time vs free-flow conditions, percent, city-wide daily average; field passed through unchanged from api.midway.tomtom.com/ranking/dailyStats/SAU_riyadh by ActiveConclusion/COVID19_mobility scraper",1440,tomtom_dailystats_api_via_activeconclusion_github,https://github.com/ActiveConclusion/COVID19_mobility/blob/master/tomtom_reports/tomtom_trafic_index.csv,2026-07-27T19:18:34Z,(c) TomTom via MIT-licensed repo republication,verified
2022-12-19T21:00:00Z,2022-12-20T00:00:00+03:00,2022-12-20,0,0,0,CITY_RIYADH,Riyadh (city-wide),24.7136,46.6753,,,34,"TomTom daily congestion level: extra travel time vs free-flow conditions, percent, city-wide daily average; field passed through unchanged from api.midway.tomtom.com/ranking/dailyStats/SAU_riyadh by ActiveConclusion/COVID19_mobility scraper",1440,tomtom_dailystats_api_via_activeconclusion_github,https://github.com/ActiveConclusion/COVID19_mobility/blob/master/tomtom_reports/tomtom_trafic_index.csv,2026-07-27T19:18:34Z,(c) TomTom via MIT-licensed repo republication,verified
2022-12-20T21:00:00Z,2022-12-21T00:00:00+03:00,2022-12-21,0,0,0,CITY_RIYADH,Riyadh (city-wide),24.7136,46.6753,,,33,"TomTom daily congestion level: extra travel time vs free-flow conditions, percent, city-wide daily average; field passed through unchanged from api.midway.tomtom.com/ranking/dailyStats/SAU_riyadh by ActiveConclusion/COVID19_mobility scraper",1440,tomtom_dailystats_api_via_activeconclusion_github,https://github.com/ActiveConclusion/COVID19_mobility/blob/master/tomtom_reports/tomtom_trafic_index.csv,2026-07-27T19:18:34Z,(c) TomTom via MIT-licensed repo republication,verified
2022-12-21T21:00:00Z,2022-12-22T00:00:00+03:00,2022-12-22,0,0,0,CITY_RIYADH,Riyadh (city-wide),24.7136,46.6753,,,34,"TomTom daily congestion level: extra travel time vs free-flow conditions, percent, city-wide daily average; field passed through unchanged from api.midway.tomtom.com/ranking/dailyStats/SAU_riyadh by ActiveConclusion/COVID19_mobility scraper",1440,tomtom_dailystats_api_via_activeconclusion_github,https://github.com/ActiveConclusion/COVID19_mobility/blob/master/tomtom_reports/tomtom_trafic_index.csv,2026-07-27T19:18:34Z,(c) TomTom via MIT-licensed repo republication,verified
2022-12-22T21:00:00Z,2022-12-23T00:00:00+03:00,2022-12-23,0,0,0,CITY_RIYADH,Riyadh (city-wide),24.7136,46.6753,,,19,"TomTom daily congestion level: extra travel time vs free-flow conditions, percent, city-wide daily average; field passed through unchanged from api.midway.tomtom.com/ranking/dailyStats/SAU_riyadh by ActiveConclusion/COVID19_mobility scraper",1440,tomtom_dailystats_api_via_activeconclusion_github,https://github.com/ActiveConclusion/COVID19_mobility/blob/master/tomtom_reports/tomtom_trafic_index.csv,2026-07-27T19:18:34Z,(c) TomTom via MIT-licensed repo republication,verified
2022-12-23T21:00:00Z,2022-12-24T00:00:00+03:00,2022-12-24,0,0,0,CITY_RIYADH,Riyadh (city-wide),24.7136,46.6753,,,22,"TomTom daily congestion level: extra travel time vs free-flow conditions, percent, city-wide daily average; field passed through unchanged from api.midway.tomtom.com/ranking/dailyStats/SAU_riyadh by ActiveConclusion/COVID19_mobility scraper",1440,tomtom_dailystats_api_via_activeconclusion_github,https://github.com/ActiveConclusion/COVID19_mobility/blob/master/tomtom_reports/tomtom_trafic_index.csv,2026-07-27T19:18:34Z,(c) TomTom via MIT-licensed repo republication,verified
2022-12-24T21:00:00Z,2022-12-25T00:00:00+03:00,2022-12-25,0,0,0,CITY_RIYADH,Riyadh (city-wide),24.7136,46.6753,,,31,"TomTom daily congestion level: extra travel time vs free-flow conditions, percent, city-wide daily average; field passed through unchanged from api.midway.tomtom.com/ranking/dailyStats/SAU_riyadh by ActiveConclusion/COVID19_mobility scraper",1440,tomtom_dailystats_api_via_activeconclusion_github,https://github.com/ActiveConclusion/COVID19_mobility/blob/master/tomtom_reports/tomtom_trafic_index.csv,2026-07-27T19:18:34Z,(c) TomTom via MIT-licensed repo republication,verified
2022-12-25T21:00:00Z,2022-12-26T00:00:00+03:00,2022-12-26,0,0,0,CITY_RIYADH,Riyadh (city-wide),24.7136,46.6753,,,32,"TomTom daily congestion level: extra travel time vs free-flow conditions, percent, city-wide daily average; field passed through unchanged from api.midway.tomtom.com/ranking/dailyStats/SAU_riyadh by ActiveConclusion/COVID19_mobility scraper",1440,tomtom_dailystats_api_via_activeconclusion_github,https://github.com/ActiveConclusion/COVID19_mobility/blob/master/tomtom_reports/tomtom_trafic_index.csv,2026-07-27T19:18:34Z,(c) TomTom via MIT-licensed repo republication,verified
2022-12-26T21:00:00Z,2022-12-27T00:00:00+03:00,2022-12-27,0,0,0,CITY_RIYADH,Riyadh (city-wide),24.7136,46.6753,,,38,"TomTom daily congestion level: extra travel time vs free-flow conditions, percent, city-wide daily average; field passed through unchanged from api.midway.tomtom.com/ranking/dailyStats/SAU_riyadh by ActiveConclusion/COVID19_mobility scraper",1440,tomtom_dailystats_api_via_activeconclusion_github,https://github.com/ActiveConclusion/COVID19_mobility/blob/master/tomtom_reports/tomtom_trafic_index.csv,2026-07-27T19:18:34Z,(c) TomTom via MIT-licensed repo republication,verified
2022-12-27T21:00:00Z,2022-12-28T00:00:00+03:00,2022-12-28,0,0,0,CITY_RIYADH,Riyadh (city-wide),24.7136,46.6753,,,39,"TomTom daily congestion level: extra travel time vs free-flow conditions, percent, city-wide daily average; field passed through unchanged from api.midway.tomtom.com/ranking/dailyStats/SAU_riyadh by ActiveConclusion/COVID19_mobility scraper",1440,tomtom_dailystats_api_via_activeconclusion_github,https://github.com/ActiveConclusion/COVID19_mobility/blob/master/tomtom_reports/tomtom_trafic_index.csv,2026-07-27T19:18:34Z,(c) TomTom via MIT-licensed repo republication,verified
2022-12-28T21:00:00Z,2022-12-29T00:00:00+03:00,2022-12-29,0,0,0,CITY_RIYADH,Riyadh (city-wide),24.7136,46.6753,,,40,"TomTom daily congestion level: extra travel time vs free-flow conditions, percent, city-wide daily average; field passed through unchanged from api.midway.tomtom.com/ranking/dailyStats/SAU_riyadh by ActiveConclusion/COVID19_mobility scraper",1440,tomtom_dailystats_api_via_activeconclusion_github,https://github.com/ActiveConclusion/COVID19_mobility/blob/master/tomtom_reports/tomtom_trafic_index.csv,2026-07-27T19:18:34Z,(c) TomTom via MIT-licensed repo republication,verified
2022-12-29T21:00:00Z,2022-12-30T00:00:00+03:00,2022-12-30,0,0,0,CITY_RIYADH,Riyadh (city-wide),24.7136,46.6753,,,35,"TomTom daily congestion level: extra travel time vs free-flow conditions, percent, city-wide daily average; field passed through unchanged from api.midway.tomtom.com/ranking/dailyStats/SAU_riyadh by ActiveConclusion/COVID19_mobility scraper",1440,tomtom_dailystats_api_via_activeconclusion_github,https://github.com/ActiveConclusion/COVID19_mobility/blob/master/tomtom_reports/tomtom_trafic_index.csv,2026-07-27T19:18:34Z,(c) TomTom via MIT-licensed repo republication,verified
2022-12-30T21:00:00Z,2022-12-31T00:00:00+03:00,2022-12-31,0,0,0,CITY_RIYADH,Riyadh (city-wide),24.7136,46.6753,,,28,"TomTom daily congestion level: extra travel time vs free-flow conditions, percent, city-wide daily average; field passed through unchanged from api.midway.tomtom.com/ranking/dailyStats/SAU_riyadh by ActiveConclusion/COVID19_mobility scraper",1440,tomtom_dailystats_api_via_activeconclusion_github,https://github.com/ActiveConclusion/COVID19_mobility/blob/master/tomtom_reports/tomtom_trafic_index.csv,2026-07-27T19:18:34Z,(c) TomTom via MIT-licensed repo republication,verified
2022-12-31T21:00:00Z,2023-01-01T00:00:00+03:00,2023-01-01,0,0,0,CITY_RIYADH,Riyadh (city-wide),24.7136,46.6753,,,35,"TomTom daily congestion level: extra travel time vs free-flow conditions, percent, city-wide daily average; field passed through unchanged from api.midway.tomtom.com/ranking/dailyStats/SAU_riyadh by ActiveConclusion/COVID19_mobility scraper",1440,tomtom_dailystats_api_via_activeconclusion_github,https://github.com/ActiveConclusion/COVID19_mobility/blob/master/tomtom_reports/tomtom_trafic_index.csv,2026-07-27T19:18:34Z,(c) TomTom via MIT-licensed repo republication,verified
2023-01-01T21:00:00Z,2023-01-02T00:00:00+03:00,2023-01-02,0,0,0,CITY_RIYADH,Riyadh (city-wide),24.7136,46.6753,,,53,"TomTom daily congestion level: extra travel time vs free-flow conditions, percent, city-wide daily average; field passed through unchanged from api.midway.tomtom.com/ranking/dailyStats/SAU_riyadh by ActiveConclusion/COVID19_mobility scraper",1440,tomtom_dailystats_api_via_activeconclusion_github,https://github.com/ActiveConclusion/COVID19_mobility/blob/master/tomtom_reports/tomtom_trafic_index.csv,2026-07-27T19:18:34Z,(c) TomTom via MIT-licensed repo republication,verified
2023-01-02T21:00:00Z,2023-01-03T00:00:00+03:00,2023-01-03,0,0,0,CITY_RIYADH,Riyadh (city-wide),24.7136,46.6753,,,33,"TomTom daily congestion level: extra travel time vs free-flow conditions, percent, city-wide daily average; field passed through unchanged from api.midway.tomtom.com/ranking/dailyStats/SAU_riyadh by ActiveConclusion/COVID19_mobility scraper",1440,tomtom_dailystats_api_via_activeconclusion_github,https://github.com/ActiveConclusion/COVID19_mobility/blob/master/tomtom_reports/tomtom_trafic_index.csv,2026-07-27T19:18:34Z,(c) TomTom via MIT-licensed repo republication,verified
2023-01-03T21:00:00Z,2023-01-04T00:00:00+03:00,2023-01-04,0,0,0,CITY_RIYADH,Riyadh (city-wide),24.7136,46.6753,,,32,"TomTom daily congestion level: extra travel time vs free-flow conditions, percent, city-wide daily average; field passed through unchanged from api.midway.tomtom.com/ranking/dailyStats/SAU_riyadh by ActiveConclusion/COVID19_mobility scraper",1440,tomtom_dailystats_api_via_activeconclusion_github,https://github.com/ActiveConclusion/COVID19_mobility/blob/master/tomtom_reports/tomtom_trafic_index.csv,2026-07-27T19:18:34Z,(c) TomTom via MIT-licensed repo republication,verified
2023-01-04T21:00:00Z,2023-01-05T00:00:00+03:00,2023-01-05,0,0,0,CITY_RIYADH,Riyadh (city-wide),24.7136,46.6753,,,41,"TomTom daily congestion level: extra travel time vs free-flow conditions, percent, city-wide daily average; field passed through unchanged from api.midway.tomtom.com/ranking/dailyStats/SAU_riyadh by ActiveConclusion/COVID19_mobility scraper",1440,tomtom_dailystats_api_via_activeconclusion_github,https://github.com/ActiveConclusion/COVID19_mobility/blob/master/tomtom_reports/tomtom_trafic_index.csv,2026-07-27T19:18:34Z,(c) TomTom via MIT-licensed repo republication,verified
2023-01-05T21:00:00Z,2023-01-06T00:00:00+03:00,2023-01-06,0,0,0,CITY_RIYADH,Riyadh (city-wide),24.7136,46.6753,,,34,"TomTom daily congestion level: extra travel time vs free-flow conditions, percent, city-wide daily average; field passed through unchanged from api.midway.tomtom.com/ranking/dailyStats/SAU_riyadh by ActiveConclusion/COVID19_mobility scraper",1440,tomtom_dailystats_api_via_activeconclusion_github,https://github.com/ActiveConclusion/COVID19_mobility/blob/master/tomtom_reports/tomtom_trafic_index.csv,2026-07-27T19:18:34Z,(c) TomTom via MIT-licensed repo republication,verified
2023-01-06T21:00:00Z,2023-01-07T00:00:00+03:00,2023-01-07,0,0,0,CITY_RIYADH,Riyadh (city-wide),24.7136,46.6753,,,26,"TomTom daily congestion level: extra travel time vs free-flow conditions, percent, city-wide daily average; field passed through unchanged from api.midway.tomtom.com/ranking/dailyStats/SAU_riyadh by ActiveConclusion/COVID19_mobility scraper",1440,tomtom_dailystats_api_via_activeconclusion_github,https://github.com/ActiveConclusion/COVID19_mobility/blob/master/tomtom_reports/tomtom_trafic_index.csv,2026-07-27T19:18:34Z,(c) TomTom via MIT-licensed repo republication,verified
2023-01-07T21:00:00Z,2023-01-08T00:00:00+03:00,2023-01-08,0,0,0,CITY_RIYADH,Riyadh (city-wide),24.7136,46.6753,,,38,"TomTom daily congestion level: extra travel time vs free-flow conditions, percent, city-wide daily average; field passed through unchanged from api.midway.tomtom.com/ranking/dailyStats/SAU_riyadh by ActiveConclusion/COVID19_mobility scraper",1440,tomtom_dailystats_api_via_activeconclusion_github,https://github.com/ActiveConclusion/COVID19_mobility/blob/master/tomtom_reports/tomtom_trafic_index.csv,2026-07-27T19:18:34Z,(c) TomTom via MIT-licensed repo republication,verified
2023-01-08T21:00:00Z,2023-01-09T00:00:00+03:00,2023-01-09,0,0,0,CITY_RIYADH,Riyadh (city-wide),24.7136,46.6753,,,40,"TomTom daily congestion level: extra travel time vs free-flow conditions, percent, city-wide daily average; field passed through unchanged from api.midway.tomtom.com/ranking/dailyStats/SAU_riyadh by ActiveConclusion/COVID19_mobility scraper",1440,tomtom_dailystats_api_via_activeconclusion_github,https://github.com/ActiveConclusion/COVID19_mobility/blob/master/tomtom_reports/tomtom_trafic_index.csv,2026-07-27T19:18:34Z,(c) TomTom via MIT-licensed repo republication,verified
2023-01-09T21:00:00Z,2023-01-10T00:00:00+03:00,2023-01-10,0,0,0,CITY_RIYADH,Riyadh (city-wide),24.7136,46.6753,,,38,"TomTom daily congestion level: extra travel time vs free-flow conditions, percent, city-wide daily average; field passed through unchanged from api.midway.tomtom.com/ranking/dailyStats/SAU_riyadh by ActiveConclusion/COVID19_mobility scraper",1440,tomtom_dailystats_api_via_activeconclusion_github,https://github.com/ActiveConclusion/COVID19_mobility/blob/master/tomtom_reports/tomtom_trafic_index.csv,2026-07-27T19:18:34Z,(c) TomTom via MIT-licensed repo republication,verified
2023-01-10T21:00:00Z,2023-01-11T00:00:00+03:00,2023-01-11,0,0,0,CITY_RIYADH,Riyadh (city-wide),24.7136,46.6753,,,38,"TomTom daily congestion level: extra travel time vs free-flow conditions, percent, city-wide daily average; field passed through unchanged from api.midway.tomtom.com/ranking/dailyStats/SAU_riyadh by ActiveConclusion/COVID19_mobility scraper",1440,tomtom_dailystats_api_via_activeconclusion_github,https://github.com/ActiveConclusion/COVID19_mobility/blob/master/tomtom_reports/tomtom_trafic_index.csv,2026-07-27T19:18:34Z,(c) TomTom via MIT-licensed repo republication,verified
2023-01-11T21:00:00Z,2023-01-12T00:00:00+03:00,2023-01-12,0,0,0,CITY_RIYADH,Riyadh (city-wide),24.7136,46.6753,,,41,"TomTom daily congestion level: extra travel time vs free-flow conditions, percent, city-wide daily average; field passed through unchanged from api.midway.tomtom.com/ranking/dailyStats/SAU_riyadh by ActiveConclusion/COVID19_mobility scraper",1440,tomtom_dailystats_api_via_activeconclusion_github,https://github.com/ActiveConclusion/COVID19_mobility/blob/master/tomtom_reports/tomtom_trafic_index.csv,2026-07-27T19:18:34Z,(c) TomTom via MIT-licensed repo republication,verified
2023-01-12T21:00:00Z,2023-01-13T00:00:00+03:00,2023-01-13,0,0,0,CITY_RIYADH,Riyadh (city-wide),24.7136,46.6753,,,23,"TomTom daily congestion level: extra travel time vs free-flow conditions, percent, city-wide daily average; field passed through unchanged from api.midway.tomtom.com/ranking/dailyStats/SAU_riyadh by ActiveConclusion/COVID19_mobility scraper",1440,tomtom_dailystats_api_via_activeconclusion_github,https://github.com/ActiveConclusion/COVID19_mobility/blob/master/tomtom_reports/tomtom_trafic_index.csv,2026-07-27T19:18:34Z,(c) TomTom via MIT-licensed repo republication,verified
2023-01-13T21:00:00Z,2023-01-14T00:00:00+03:00,2023-01-14,0,0,0,CITY_RIYADH,Riyadh (city-wide),24.7136,46.6753,,,28,"TomTom daily congestion level: extra travel time vs free-flow conditions, percent, city-wide daily average; field passed through unchanged from api.midway.tomtom.com/ranking/dailyStats/SAU_riyadh by ActiveConclusion/COVID19_mobility scraper",1440,tomtom_dailystats_api_via_activeconclusion_github,https://github.com/ActiveConclusion/COVID19_mobility/blob/master/tomtom_reports/tomtom_trafic_index.csv,2026-07-27T19:18:34Z,(c) TomTom via MIT-licensed repo republication,verified
2023-01-14T21:00:00Z,2023-01-15T00:00:00+03:00,2023-01-15,0,0,0,CITY_RIYADH,Riyadh (city-wide),24.7136,46.6753,,,34,"TomTom daily congestion level: extra travel time vs free-flow conditions, percent, city-wide daily average; field passed through unchanged from api.midway.tomtom.com/ranking/dailyStats/SAU_riyadh by ActiveConclusion/COVID19_mobility scraper",1440,tomtom_dailystats_api_via_activeconclusion_github,https://github.com/ActiveConclusion/COVID19_mobility/blob/master/tomtom_reports/tomtom_trafic_index.csv,2026-07-27T19:18:34Z,(c) TomTom via MIT-licensed repo republication,verified
2023-01-15T21:00:00Z,2023-01-16T00:00:00+03:00,2023-01-16,0,0,0,CITY_RIYADH,Riyadh (city-wide),24.7136,46.6753,,,29,"TomTom daily congestion level: extra travel time vs free-flow conditions, percent, city-wide daily average; field passed through unchanged from api.midway.tomtom.com/ranking/dailyStats/SAU_riyadh by ActiveConclusion/COVID19_mobility scraper",1440,tomtom_dailystats_api_via_activeconclusion_github,https://github.com/ActiveConclusion/COVID19_mobility/blob/master/tomtom_reports/tomtom_trafic_index.csv,2026-07-27T19:18:34Z,(c) TomTom via MIT-licensed repo republication,verified
2023-01-16T21:00:00Z,2023-01-17T00:00:00+03:00,2023-01-17,0,0,0,CITY_RIYADH,Riyadh (city-wide),24.7136,46.6753,,,35,"TomTom daily congestion level: extra travel time vs free-flow conditions, percent, city-wide daily average; field passed through unchanged from api.midway.tomtom.com/ranking/dailyStats/SAU_riyadh by ActiveConclusion/COVID19_mobility scraper",1440,tomtom_dailystats_api_via_activeconclusion_github,https://github.com/ActiveConclusion/COVID19_mobility/blob/master/tomtom_reports/tomtom_trafic_index.csv,2026-07-27T19:18:34Z,(c) TomTom via MIT-licensed repo republication,verified
2023-01-17T21:00:00Z,2023-01-18T00:00:00+03:00,2023-01-18,0,0,0,CITY_RIYADH,Riyadh (city-wide),24.7136,46.6753,,,35,"TomTom daily congestion level: extra travel time vs free-flow conditions, percent, city-wide daily average; field passed through unchanged from api.midway.tomtom.com/ranking/dailyStats/SAU_riyadh by ActiveConclusion/COVID19_mobility scraper",1440,tomtom_dailystats_api_via_activeconclusion_github,https://github.com/ActiveConclusion/COVID19_mobility/blob/master/tomtom_reports/tomtom_trafic_index.csv,2026-07-27T19:18:34Z,(c) TomTom via MIT-licensed repo republication,verified
2023-01-18T21:00:00Z,2023-01-19T00:00:00+03:00,2023-01-19,0,0,0,CITY_RIYADH,Riyadh (city-wide),24.7136,46.6753,,,38,"TomTom daily congestion level: extra travel time vs free-flow conditions, percent, city-wide daily average; field passed through unchanged from api.midway.tomtom.com/ranking/dailyStats/SAU_riyadh by ActiveConclusion/COVID19_mobility scraper",1440,tomtom_dailystats_api_via_activeconclusion_github,https://github.com/ActiveConclusion/COVID19_mobility/blob/master/tomtom_reports/tomtom_trafic_index.csv,2026-07-27T19:18:34Z,(c) TomTom via MIT-licensed repo republication,verified
2023-01-19T21:00:00Z,2023-01-20T00:00:00+03:00,2023-01-20,0,0,0,CITY_RIYADH,Riyadh (city-wide),24.7136,46.6753,,,22,"TomTom daily congestion level: extra travel time vs free-flow conditions, percent, city-wide daily average; field passed through unchanged from api.midway.tomtom.com/ranking/dailyStats/SAU_riyadh by ActiveConclusion/COVID19_mobility scraper",1440,tomtom_dailystats_api_via_activeconclusion_github,https://github.com/ActiveConclusion/COVID19_mobility/blob/master/tomtom_reports/tomtom_trafic_index.csv,2026-07-27T19:18:34Z,(c) TomTom via MIT-licensed repo republication,verified
2023-01-20T21:00:00Z,2023-01-21T00:00:00+03:00,2023-01-21,0,0,0,CITY_RIYADH,Riyadh (city-wide),24.7136,46.6753,,,22,"TomTom daily congestion level: extra travel time vs free-flow conditions, percent, city-wide daily average; field passed through unchanged from api.midway.tomtom.com/ranking/dailyStats/SAU_riyadh by ActiveConclusion/COVID19_mobility scraper",1440,tomtom_dailystats_api_via_activeconclusion_github,https://github.com/ActiveConclusion/COVID19_mobility/blob/master/tomtom_reports/tomtom_trafic_index.csv,2026-07-27T19:18:34Z,(c) TomTom via MIT-licensed repo republication,verified
2023-01-21T21:00:00Z,2023-01-22T00:00:00+03:00,2023-01-22,0,0,0,CITY_RIYADH,Riyadh (city-wide),24.7136,46.6753,,,34,"TomTom daily congestion level: extra travel time vs free-flow conditions, percent, city-wide daily average; field passed through unchanged from api.midway.tomtom.com/ranking/dailyStats/SAU_riyadh by ActiveConclusion/COVID19_mobility scraper",1440,tomtom_dailystats_api_via_activeconclusion_github,https://github.com/ActiveConclusion/COVID19_mobility/blob/master/tomtom_reports/tomtom_trafic_index.csv,2026-07-27T19:18:34Z,(c) TomTom via MIT-licensed repo republication,verified
2023-01-22T21:00:00Z,2023-01-23T00:00:00+03:00,2023-01-23,0,0,0,CITY_RIYADH,Riyadh (city-wide),24.7136,46.6753,,,35,"TomTom daily congestion level: extra travel time vs free-flow conditions, percent, city-wide daily average; field passed through unchanged from api.midway.tomtom.com/ranking/dailyStats/SAU_riyadh by ActiveConclusion/COVID19_mobility scraper",1440,tomtom_dailystats_api_via_activeconclusion_github,https://github.com/ActiveConclusion/COVID19_mobility/blob/master/tomtom_reports/tomtom_trafic_index.csv,2026-07-27T19:18:34Z,(c) TomTom via MIT-licensed repo republication,verified
2023-01-23T21:00:00Z,2023-01-24T00:00:00+03:00,2023-01-24,0,0,0,CITY_RIYADH,Riyadh (city-wide),24.7136,46.6753,,,37,"TomTom daily congestion level: extra travel time vs free-flow conditions, percent, city-wide daily average; field passed through unchanged from api.midway.tomtom.com/ranking/dailyStats/SAU_riyadh by ActiveConclusion/COVID19_mobility scraper",1440,tomtom_dailystats_api_via_activeconclusion_github,https://github.com/ActiveConclusion/COVID19_mobility/blob/master/tomtom_reports/tomtom_trafic_index.csv,2026-07-27T19:18:34Z,(c) TomTom via MIT-licensed repo republication,verified
2023-01-24T21:00:00Z,2023-01-25T00:00:00+03:00,2023-01-25,0,0,0,CITY_RIYADH,Riyadh (city-wide),24.7136,46.6753,,,48,"TomTom daily congestion level: extra travel time vs free-flow conditions, percent, city-wide daily average; field passed through unchanged from api.midway.tomtom.com/ranking/dailyStats/SAU_riyadh by ActiveConclusion/COVID19_mobility scraper",1440,tomtom_dailystats_api_via_activeconclusion_github,https://github.com/ActiveConclusion/COVID19_mobility/blob/master/tomtom_reports/tomtom_trafic_index.csv,2026-07-27T19:18:34Z,(c) TomTom via MIT-licensed repo republication,verified
2023-01-25T21:00:00Z,2023-01-26T00:00:00+03:00,2023-01-26,0,0,0,CITY_RIYADH,Riyadh (city-wide),24.7136,46.6753,,,43,"TomTom daily congestion level: extra travel time vs free-flow conditions, percent, city-wide daily average; field passed through unchanged from api.midway.tomtom.com/ranking/dailyStats/SAU_riyadh by ActiveConclusion/COVID19_mobility scraper",1440,tomtom_dailystats_api_via_activeconclusion_github,https://github.com/ActiveConclusion/COVID19_mobility/blob/master/tomtom_reports/tomtom_trafic_index.csv,2026-07-27T19:18:34Z,(c) TomTom via MIT-licensed repo republication,verified
2023-01-26T21:00:00Z,2023-01-27T00:00:00+03:00,2023-01-27,0,0,0,CITY_RIYADH,Riyadh (city-wide),24.7136,46.6753,,,24,"TomTom daily congestion level: extra travel time vs free-flow conditions, percent, city-wide daily average; field passed through unchanged from api.midway.tomtom.com/ranking/dailyStats/SAU_riyadh by ActiveConclusion/COVID19_mobility scraper",1440,tomtom_dailystats_api_via_activeconclusion_github,https://github.com/ActiveConclusion/COVID19_mobility/blob/master/tomtom_reports/tomtom_trafic_index.csv,2026-07-27T19:18:34Z,(c) TomTom via MIT-licensed repo republication,verified
2023-01-27T21:00:00Z,2023-01-28T00:00:00+03:00,2023-01-28,0,0,0,CITY_RIYADH,Riyadh (city-wide),24.7136,46.6753,,,27,"TomTom daily congestion level: extra travel time vs free-flow conditions, percent, city-wide daily average; field passed through unchanged from api.midway.tomtom.com/ranking/dailyStats/SAU_riyadh by ActiveConclusion/COVID19_mobility scraper",1440,tomtom_dailystats_api_via_activeconclusion_github,https://github.com/ActiveConclusion/COVID19_mobility/blob/master/tomtom_reports/tomtom_trafic_index.csv,2026-07-27T19:18:34Z,(c) TomTom via MIT-licensed repo republication,verified
2023-01-28T21:00:00Z,2023-01-29T00:00:00+03:00,2023-01-29,0,0,0,CITY_RIYADH,Riyadh (city-wide),24.7136,46.6753,,,36,"TomTom daily congestion level: extra travel time vs free-flow conditions, percent, city-wide daily average; field passed through unchanged from api.midway.tomtom.com/ranking/dailyStats/SAU_riyadh by ActiveConclusion/COVID19_mobility scraper",1440,tomtom_dailystats_api_via_activeconclusion_github,https://github.com/ActiveConclusion/COVID19_mobility/blob/master/tomtom_reports/tomtom_trafic_index.csv,2026-07-27T19:18:34Z,(c) TomTom via MIT-licensed repo republication,verified
2023-01-29T21:00:00Z,2023-01-30T00:00:00+03:00,2023-01-30,0,0,0,CITY_RIYADH,Riyadh (city-wide),24.7136,46.6753,,,37,"TomTom daily congestion level: extra travel time vs free-flow conditions, percent, city-wide daily average; field passed through unchanged from api.midway.tomtom.com/ranking/dailyStats/SAU_riyadh by ActiveConclusion/COVID19_mobility scraper",1440,tomtom_dailystats_api_via_activeconclusion_github,https://github.com/ActiveConclusion/COVID19_mobility/blob/master/tomtom_reports/tomtom_trafic_index.csv,2026-07-27T19:18:34Z,(c) TomTom via MIT-licensed repo republication,verified
2023-01-30T21:00:00Z,2023-01-31T00:00:00+03:00,2023-01-31,0,0,0,CITY_RIYADH,Riyadh (city-wide),24.7136,46.6753,,,36,"TomTom daily congestion level: extra travel time vs free-flow conditions, percent, city-wide daily average; field passed through unchanged from api.midway.tomtom.com/ranking/dailyStats/SAU_riyadh by ActiveConclusion/COVID19_mobility scraper",1440,tomtom_dailystats_api_via_activeconclusion_github,https://github.com/ActiveConclusion/COVID19_mobility/blob/master/tomtom_reports/tomtom_trafic_index.csv,2026-07-27T19:18:34Z,(c) TomTom via MIT-licensed repo republication,verified
2023-01-31T21:00:00Z,2023-02-01T00:00:00+03:00,2023-02-01,0,0,0,CITY_RIYADH,Riyadh (city-wide),24.7136,46.6753,,,36,"TomTom daily congestion level: extra travel time vs free-flow conditions, percent, city-wide daily average; field passed through unchanged from api.midway.tomtom.com/ranking/dailyStats/SAU_riyadh by ActiveConclusion/COVID19_mobility scraper",1440,tomtom_dailystats_api_via_activeconclusion_github,https://github.com/ActiveConclusion/COVID19_mobility/blob/master/tomtom_reports/tomtom_trafic_index.csv,2026-07-27T19:18:34Z,(c) TomTom via MIT-licensed repo republication,verified
2023-02-01T21:00:00Z,2023-02-02T00:00:00+03:00,2023-02-02,0,0,0,CITY_RIYADH,Riyadh (city-wide),24.7136,46.6753,,,39,"TomTom daily congestion level: extra travel time vs free-flow conditions, percent, city-wide daily average; field passed through unchanged from api.midway.tomtom.com/ranking/dailyStats/SAU_riyadh by ActiveConclusion/COVID19_mobility scraper",1440,tomtom_dailystats_api_via_activeconclusion_github,https://github.com/ActiveConclusion/COVID19_mobility/blob/master/tomtom_reports/tomtom_trafic_index.csv,2026-07-27T19:18:34Z,(c) TomTom via MIT-licensed repo republication,verified
2023-02-02T21:00:00Z,2023-02-03T00:00:00+03:00,2023-02-03,0,0,0,CITY_RIYADH,Riyadh (city-wide),24.7136,46.6753,,,23,"TomTom daily congestion level: extra travel time vs free-flow conditions, percent, city-wide daily average; field passed through unchanged from api.midway.tomtom.com/ranking/dailyStats/SAU_riyadh by ActiveConclusion/COVID19_mobility scraper",1440,tomtom_dailystats_api_via_activeconclusion_github,https://github.com/ActiveConclusion/COVID19_mobility/blob/master/tomtom_reports/tomtom_trafic_index.csv,2026-07-27T19:18:34Z,(c) TomTom via MIT-licensed repo republication,verified
2023-02-03T21:00:00Z,2023-02-04T00:00:00+03:00,2023-02-04,0,0,0,CITY_RIYADH,Riyadh (city-wide),24.7136,46.6753,,,23,"TomTom daily congestion level: extra travel time vs free-flow conditions, percent, city-wide daily average; field passed through unchanged from api.midway.tomtom.com/ranking/dailyStats/SAU_riyadh by ActiveConclusion/COVID19_mobility scraper",1440,tomtom_dailystats_api_via_activeconclusion_github,https://github.com/ActiveConclusion/COVID19_mobility/blob/master/tomtom_reports/tomtom_trafic_index.csv,2026-07-27T19:18:34Z,(c) TomTom via MIT-licensed repo republication,verified
2023-02-04T21:00:00Z,2023-02-05T00:00:00+03:00,2023-02-05,0,0,0,CITY_RIYADH,Riyadh (city-wide),24.7136,46.6753,,,33,"TomTom daily congestion level: extra travel time vs free-flow conditions, percent, city-wide daily average; field passed through unchanged from api.midway.tomtom.com/ranking/dailyStats/SAU_riyadh by ActiveConclusion/COVID19_mobility scraper",1440,tomtom_dailystats_api_via_activeconclusion_github,https://github.com/ActiveConclusion/COVID19_mobility/blob/master/tomtom_reports/tomtom_trafic_index.csv,2026-07-27T19:18:34Z,(c) TomTom via MIT-licensed repo republication,verified
2023-02-05T21:00:00Z,2023-02-06T00:00:00+03:00,2023-02-06,0,0,0,CITY_RIYADH,Riyadh (city-wide),24.7136,46.6753,,,35,"TomTom daily congestion level: extra travel time vs free-flow conditions, percent, city-wide daily average; field passed through unchanged from api.midway.tomtom.com/ranking/dailyStats/SAU_riyadh by ActiveConclusion/COVID19_mobility scraper",1440,tomtom_dailystats_api_via_activeconclusion_github,https://github.com/ActiveConclusion/COVID19_mobility/blob/master/tomtom_reports/tomtom_trafic_index.csv,2026-07-27T19:18:34Z,(c) TomTom via MIT-licensed repo republication,verified
2023-02-06T21:00:00Z,2023-02-07T00:00:00+03:00,2023-02-07,0,0,0,CITY_RIYADH,Riyadh (city-wide),24.7136,46.6753,,,35,"TomTom daily congestion level: extra travel time vs free-flow conditions, percent, city-wide daily average; field passed through unchanged from api.midway.tomtom.com/ranking/dailyStats/SAU_riyadh by ActiveConclusion/COVID19_mobility scraper",1440,tomtom_dailystats_api_via_activeconclusion_github,https://github.com/ActiveConclusion/COVID19_mobility/blob/master/tomtom_reports/tomtom_trafic_index.csv,2026-07-27T19:18:34Z,(c) TomTom via MIT-licensed repo republication,verified
2023-02-07T21:00:00Z,2023-02-08T00:00:00+03:00,2023-02-08,0,0,0,CITY_RIYADH,Riyadh (city-wide),24.7136,46.6753,,,34,"TomTom daily congestion level: extra travel time vs free-flow conditions, percent, city-wide daily average; field passed through unchanged from api.midway.tomtom.com/ranking/dailyStats/SAU_riyadh by ActiveConclusion/COVID19_mobility scraper",1440,tomtom_dailystats_api_via_activeconclusion_github,https://github.com/ActiveConclusion/COVID19_mobility/blob/master/tomtom_reports/tomtom_trafic_index.csv,2026-07-27T19:18:34Z,(c) TomTom via MIT-licensed repo republication,verified
2023-02-08T21:00:00Z,2023-02-09T00:00:00+03:00,2023-02-09,0,0,0,CITY_RIYADH,Riyadh (city-wide),24.7136,46.6753,,,38,"TomTom daily congestion level: extra travel time vs free-flow conditions, percent, city-wide daily average; field passed through unchanged from api.midway.tomtom.com/ranking/dailyStats/SAU_riyadh by ActiveConclusion/COVID19_mobility scraper",1440,tomtom_dailystats_api_via_activeconclusion_github,https://github.com/ActiveConclusion/COVID19_mobility/blob/master/tomtom_reports/tomtom_trafic_index.csv,2026-07-27T19:18:34Z,(c) TomTom via MIT-licensed repo republication,verified
2023-02-09T21:00:00Z,2023-02-10T00:00:00+03:00,2023-02-10,0,0,0,CITY_RIYADH,Riyadh (city-wide),24.7136,46.6753,,,21,"TomTom daily congestion level: extra travel time vs free-flow conditions, percent, city-wide daily average; field passed through unchanged from api.midway.tomtom.com/ranking/dailyStats/SAU_riyadh by ActiveConclusion/COVID19_mobility scraper",1440,tomtom_dailystats_api_via_activeconclusion_github,https://github.com/ActiveConclusion/COVID19_mobility/blob/master/tomtom_reports/tomtom_trafic_index.csv,2026-07-27T19:18:34Z,(c) TomTom via MIT-licensed repo republication,verified
2023-02-10T21:00:00Z,2023-02-11T00:00:00+03:00,2023-02-11,0,0,0,CITY_RIYADH,Riyadh (city-wide),24.7136,46.6753,,,23,"TomTom daily congestion level: extra travel time vs free-flow conditions, percent, city-wide daily average; field passed through unchanged from api.midway.tomtom.com/ranking/dailyStats/SAU_riyadh by ActiveConclusion/COVID19_mobility scraper",1440,tomtom_dailystats_api_via_activeconclusion_github,https://github.com/ActiveConclusion/COVID19_mobility/blob/master/tomtom_reports/tomtom_trafic_index.csv,2026-07-27T19:18:34Z,(c) TomTom via MIT-licensed repo republication,verified
2023-02-11T21:00:00Z,2023-02-12T00:00:00+03:00,2023-02-12,0,0,0,CITY_RIYADH,Riyadh (city-wide),24.7136,46.6753,,,28,"TomTom daily congestion level: extra travel time vs free-flow conditions, percent, city-wide daily average; field passed through unchanged from api.midway.tomtom.com/ranking/dailyStats/SAU_riyadh by ActiveConclusion/COVID19_mobility scraper",1440,tomtom_dailystats_api_via_activeconclusion_github,https://github.com/ActiveConclusion/COVID19_mobility/blob/master/tomtom_reports/tomtom_trafic_index.csv,2026-07-27T19:18:34Z,(c) TomTom via MIT-licensed repo republication,verified
2023-02-12T21:00:00Z,2023-02-13T00:00:00+03:00,2023-02-13,0,0,0,CITY_RIYADH,Riyadh (city-wide),24.7136,46.6753,,,32,"TomTom daily congestion level: extra travel time vs free-flow conditions, percent, city-wide daily average; field passed through unchanged from api.midway.tomtom.com/ranking/dailyStats/SAU_riyadh by ActiveConclusion/COVID19_mobility scraper",1440,tomtom_dailystats_api_via_activeconclusion_github,https://github.com/ActiveConclusion/COVID19_mobility/blob/master/tomtom_reports/tomtom_trafic_index.csv,2026-07-27T19:18:34Z,(c) TomTom via MIT-licensed repo republication,verified
2024-12-31T21:00:00Z,2025-01-01T00:00:00+03:00,2025-01-01,0,0,0,CITY_RIYADH,Riyadh (city-wide),24.7136,46.6753,,,43.7,TomTom average congestion level for 2025 (percent extra travel time vs free flow) as reported by An-Nahar (2026-06) citing the TomTom Traffic Index; article also carries the cross-matching 66 h/yr rush-hour loss,525600,annahar_citing_tomtom_2025,https://www.annahar.com/economy/316355/,2026-07-27T19:32:16Z,(c) An-Nahar editorial; underlying data (c) TomTom,source_aggregate
2023-12-31T21:00:00Z,2024-01-01T00:00:00+03:00,2024-01-01,0,0,0,CITY_RIYADH_RUSH_HOUR,"Riyadh (city-wide, rush-hour periods)",24.7136,46.6753,,,56,"Hours lost by a Riyadh driver in 2024 on a typical 9.5 km trip during morning+evening rush hours, per TomTom index as reported by Sabq; NOTE: differs from tomtom.com 2026-edition 10-km-round-trip recomputation (71.1 h) — distinct methodology, do not merge",525600,sabq_citing_tomtom_2024,https://sabq.org/saudia/dl5qk8spdg,2026-07-27T19:32:16Z,(c) Sabq editorial; underlying data (c) TomTom,source_aggregate
