date,start,end,n_alert_windows,peak_z,peak_time,peak_classes,share_multiclass,sigma_ratio,event,type
2013-04-23,13:08:00,13:38:00,31,12.375786971668395,13:10:00,2,1.0,4.547118495231989,AP TWITTER-HACK FLASH CRASH (13:07),dispersed
2019-09-18,14:01:00,14:11:00,11,11.274381933284875,14:01:00,2,1.0,4.608028810670739,,dispersed
2021-03-17,14:00:00,14:17:00,18,9.893536245393204,14:01:00,2,1.0,3.742700706512806,,dispersed
2008-11-28,15:06:00,15:59:00,54,9.867669204279487,15:29:00,1,0.6851851851851852,0.17080411243594343,,compressed
2009-03-18,14:11:00,14:30:00,16,9.843051993886359,14:17:00,2,0.875,3.026576304866136,,dispersed
2020-04-23,12:44:00,12:56:00,13,9.757065641950122,12:45:00,2,1.0,2.650254610352013,,dispersed
2020-01-14,13:36:00,13:54:00,19,9.643282721317025,13:36:00,2,1.0,3.2152352259806416,,dispersed
2016-03-16,14:00:00,14:20:00,21,9.379927693805788,14:03:00,2,1.0,3.5087079411108237,,dispersed
2019-09-20,13:13:00,13:29:00,17,9.211292024839198,13:14:00,2,1.0,4.555877348300521,,dispersed
2008-09-16,14:14:00,14:26:00,13,8.988011851942606,14:14:00,2,1.0,3.1634007067013283,,dispersed
2018-12-19,14:00:00,14:17:00,18,8.503466312907618,14:00:00,2,1.0,3.9468278834695165,,dispersed
2020-03-16,10:00:00,10:07:00,8,8.35946532976228,10:00:00,3,1.0,1.8857902265317152,COVID CIRCUIT BREAKER #3 (-12% day),dispersed
2019-01-30,14:00:00,14:09:00,10,8.04773176016574,14:00:00,2,1.0,2.2468771710472644,,dispersed
2021-04-22,13:06:00,13:20:00,15,7.924515450750846,13:07:00,2,1.0,2.9379695591275086,,dispersed
2020-12-24,14:29:00,16:00:00,92,7.903044511772095,14:53:00,2,0.8913043478260869,0.2678537648351806,,compressed
2020-11-27,15:05:00,16:00:00,50,7.705596077860316,16:00:00,2,0.98,0.4578569399415026,,compressed
2012-03-08,12:46:00,13:19:00,34,7.618231925449413,12:56:00,3,0.2647058823529412,0.36791880742262234,,compressed
2013-09-18,14:00:00,14:11:00,12,7.57354669338568,14:00:00,2,1.0,11.435505558107907,,dispersed
2017-02-27,14:17:00,14:27:00,11,7.489926516089739,14:25:00,2,0.45454545454545453,0.5315306913601273,,compressed
2015-12-16,14:00:00,14:09:00,10,7.483739722280712,14:00:00,2,1.0,2.5601132116839067,,dispersed
2014-10-23,14:55:00,15:04:00,10,7.4193539894044305,14:57:00,2,1.0,1.4742299090184439,,mixed
2013-12-18,14:00:00,14:10:00,11,7.3273385532213,14:00:00,2,1.0,4.452253994297786,,dispersed
2012-07-27,13:25:00,13:38:00,14,7.307011641061704,13:26:00,2,1.0,1.6417830272586584,,dispersed
2012-10-24,14:13:00,14:38:00,25,7.2591355881632795,14:16:00,2,0.92,1.7459933405149668,,dispersed
2019-08-01,13:26:00,13:36:00,11,7.25473773396028,13:28:00,2,1.0,4.771387288654385,,dispersed
2009-09-09,12:22:00,12:34:00,9,7.145786328462661,12:34:00,2,1.0,0.3704567132993621,,compressed
2015-07-29,14:00:00,14:07:00,8,7.0938601120458555,14:02:00,2,1.0,1.7227381603303427,,dispersed
2008-03-18,14:14:00,14:22:00,9,7.049740300953419,14:14:00,3,1.0,1.9579968822479903,,dispersed
2012-06-14,15:06:00,15:17:00,11,7.049034483156,15:09:00,2,1.0,3.079859254087751,,dispersed
2014-12-17,14:00:00,14:08:00,9,7.020864642315749,14:00:00,2,1.0,1.9133910764958582,,dispersed
2017-03-15,14:00:00,14:13:00,14,6.905874995998571,14:00:00,2,1.0,2.726120810016983,,dispersed
2019-10-03,10:00:00,10:17:00,18,6.872896757405042,10:00:00,2,1.0,4.783190544974152,,dispersed
2020-10-06,14:49:00,14:55:00,7,6.693526430408319,14:50:00,2,1.0,2.909894671772049,,dispersed
2008-11-28,14:05:00,14:58:00,45,6.673835589707517,14:14:00,2,0.8222222222222222,0.1141285870073329,,compressed
2020-06-10,14:01:00,14:15:00,14,6.604829441295947,14:02:00,2,1.0,2.6707766148692382,,dispersed
2014-12-04,12:32:00,12:49:00,18,6.553553040109597,12:33:00,2,1.0,3.930675219907489,,dispersed
2010-03-16,13:14:00,13:49:00,34,6.549359244689136,13:43:00,3,1.0,0.39961230674207865,,compressed
2020-12-16,14:02:00,14:11:00,10,6.502511471763632,14:06:00,2,1.0,0.9399908888047187,,mixed
2020-03-18,13:10:00,13:27:00,14,6.4977488815938305,13:14:00,2,1.0,0.4590028349260398,COVID intraday halt (~13:00),compressed
2018-09-14,12:00:00,12:11:00,12,6.491742437897465,12:00:00,2,1.0,1.9295015132126847,,dispersed
2018-03-21,14:00:00,14:15:00,16,6.482138856030569,14:03:00,3,1.0,2.0210606316122144,,dispersed
2015-05-18,14:39:00,15:24:00,39,6.448520168335679,15:18:00,1,0.5128205128205128,0.2789446382868662,,compressed
2014-02-24,13:10:00,13:21:00,12,6.408396282710074,13:20:00,3,0.5833333333333334,0.31400579485810187,,compressed
2019-06-06,14:33:00,14:44:00,12,6.390899736999843,14:33:00,2,1.0,1.3636308582097807,,mixed
2020-01-30,14:42:00,14:53:00,12,6.370862424952154,14:43:00,2,1.0,2.750035706855756,,dispersed
2012-11-23,11:39:00,11:43:00,5,6.337840653177195,11:39:00,3,0.2,0.3349188338210534,,compressed
2014-11-26,12:43:00,12:49:00,7,6.332031879852969,12:47:00,2,1.0,0.40962040982076914,,compressed
2019-11-06,11:44:00,11:54:00,11,6.32703453542672,11:45:00,2,1.0,2.5490246698751338,,dispersed
2011-11-07,13:55:00,14:07:00,13,6.323981639341187,13:55:00,2,1.0,1.1453295220932627,,mixed
2009-09-10,12:20:00,12:28:00,9,6.308646443782026,12:20:00,1,0.0,0.4168257773323381,,compressed
2008-08-05,14:16:00,14:24:00,9,6.308537553321771,14:16:00,2,1.0,1.7205284821721623,,dispersed
2015-04-29,14:02:00,14:14:00,13,6.2836916883785205,14:02:00,2,1.0,3.383624522546126,,dispersed
2020-03-12,10:00:00,10:09:00,10,6.268675622660497,10:00:00,2,1.0,3.092978327744423,COVID CIRCUIT BREAKER #2 (-9.5% day),dispersed
2019-08-29,10:37:00,11:06:00,30,6.188648077106577,10:38:00,2,1.0,2.211301375814007,,dispersed
2016-05-27,12:55:00,13:11:00,13,6.160124141820718,13:00:00,3,0.46153846153846156,0.5049677600081285,,compressed
2020-07-29,14:01:00,14:08:00,8,6.145879370820574,14:01:00,2,1.0,1.2856223936531197,,mixed
2011-12-30,14:09:00,14:15:00,7,6.144173955971222,14:11:00,2,1.0,0.31594677761426254,,compressed
2018-07-06,13:44:00,13:53:00,8,6.139149877628125,13:48:00,2,1.0,0.6419217550675284,,compressed
2013-01-04,13:11:00,13:28:00,14,6.134684830393617,13:20:00,1,0.0,0.28778492253451965,,compressed
2009-10-12,12:03:00,12:12:00,10,6.130850084574198,12:05:00,1,0.0,0.27707620075520534,,compressed
2008-01-28,12:06:00,12:19:00,14,6.105972796214882,12:13:00,3,0.9285714285714286,0.5601145504290119,,compressed
2009-11-13,13:10:00,13:30:00,18,6.10047151256801,13:18:00,3,0.4444444444444444,0.4219179697565192,,compressed
2009-05-04,12:11:00,12:33:00,20,6.099492160679647,12:23:00,3,0.7,1.1404853767841903,,mixed
2013-03-26,14:17:00,14:21:00,5,6.093861241716197,14:17:00,1,0.0,0.3154984836519602,,compressed
2013-05-02,15:37:00,15:43:00,7,6.069888647450915,15:39:00,2,1.0,0.6057945513790842,,compressed
2018-11-26,14:40:00,14:46:00,7,6.045142654749611,14:45:00,2,0.5714285714285714,0.6230614614295159,,compressed
2014-12-24,11:02:00,11:17:00,16,6.043019370716411,11:05:00,2,1.0,0.5102840894876995,,compressed
2012-09-17,12:56:00,13:09:00,14,6.042538748179419,13:03:00,3,1.0,0.34846515703579933,,compressed
2010-02-09,12:41:00,12:56:00,16,6.0315469572000735,12:41:00,2,1.0,2.643658233643931,,dispersed
2008-07-18,10:23:00,10:31:00,8,5.934040502876273,10:28:00,2,1.0,0.8751033953067446,,mixed
2016-08-05,13:13:00,14:00:00,46,5.919027983808043,13:30:00,3,0.45652173913043476,0.3047255142408599,,compressed
2016-09-07,13:28:00,13:57:00,30,5.91315552198777,13:36:00,3,1.0,0.5987872046534822,,compressed
2015-10-08,10:42:00,10:57:00,14,5.89704247785765,10:52:00,2,0.7857142857142857,0.9080152581741134,,mixed
2011-11-10,12:43:00,12:44:00,2,5.889694450841714,12:43:00,1,0.0,0.794071486951222,,mixed
2015-03-18,14:00:00,14:05:00,6,5.885017662107706,14:00:00,2,1.0,4.008024459116876,,dispersed
2015-02-20,12:35:00,12:38:00,4,5.868741109936975,12:35:00,2,1.0,2.496192863302794,,dispersed
2017-03-13,14:01:00,14:22:00,21,5.867524280539095,14:01:00,1,0.047619047619047616,0.37299777570062914,,compressed
2015-05-18,13:04:00,13:24:00,18,5.867022137471967,13:22:00,1,0.3333333333333333,0.251280766592894,,compressed
2011-08-16,12:09:00,12:20:00,12,5.859568690295419,12:14:00,2,1.0,1.4230051873721568,,mixed
2012-03-09,13:09:00,13:28:00,15,5.852252251408525,13:13:00,3,1.0,0.37900192625307333,,compressed
2014-03-19,14:00:00,14:04:00,5,5.84049077795576,14:01:00,2,1.0,1.6611628148850979,,dispersed
2018-02-21,14:00:00,14:07:00,8,5.8391601016798,14:00:00,2,1.0,1.4292670517378574,,mixed
2010-01-19,13:51:00,14:04:00,14,5.787846332681548,13:59:00,2,0.9285714285714286,0.4519719803304884,,compressed
2009-09-18,13:31:00,13:38:00,8,5.772281749383863,13:34:00,3,0.25,0.4089098662257118,,compressed
2020-06-08,13:34:00,13:59:00,26,5.759771765327814,13:44:00,2,1.0,1.281203662210273,,mixed
2010-10-22,12:40:00,12:51:00,12,5.741020400314418,12:48:00,3,0.75,0.41937577065466713,,compressed
2008-06-25,14:10:00,14:17:00,8,5.739866309496246,14:14:00,2,1.0,1.2798092700178874,,mixed
2019-12-23,13:27:00,13:44:00,18,5.736319850609509,13:34:00,3,0.8888888888888888,0.38615932464054664,,compressed
2010-12-13,13:32:00,13:55:00,24,5.736167962559147,13:40:00,2,0.7916666666666666,0.3540626573642261,,compressed
2019-06-19,14:01:00,14:05:00,5,5.7343100169085535,14:02:00,2,1.0,3.4637392189882674,,dispersed
2020-09-30,14:23:00,14:27:00,5,5.732820982111137,14:23:00,2,1.0,1.677065074480514,,dispersed
2018-09-19,14:34:00,14:42:00,9,5.725882176283107,14:41:00,1,0.0,0.7276037141662436,,mixed
2008-11-28,10:56:00,11:04:00,8,5.721380671757012,10:58:00,1,0.0,0.4567174418614837,,compressed
2008-01-30,14:14:00,14:21:00,8,5.719331985867677,14:17:00,2,1.0,1.691744349851527,,dispersed
2019-04-22,13:46:00,14:01:00,13,5.711528522605267,13:58:00,1,0.0,0.3481210978024389,,compressed
2009-10-12,13:10:00,13:35:00,25,5.698747797573575,13:30:00,3,0.32,0.3798445917056938,,compressed
2018-09-26,12:43:00,12:46:00,4,5.684407782072664,12:43:00,3,0.5,0.3854939590352706,,compressed
2009-12-16,12:59:00,13:22:00,24,5.681580862706505,12:59:00,3,0.25,0.38890286396227236,,compressed
2018-11-30,13:33:00,13:49:00,17,5.6808194794832865,13:39:00,2,1.0,1.3417894284126435,,mixed
2014-02-19,11:58:00,12:02:00,5,5.664316441361448,11:59:00,2,1.0,2.0083961400489105,,dispersed
2008-10-14,13:28:00,13:36:00,6,5.650386241553564,13:33:00,2,0.6666666666666666,0.5519316934199704,,compressed
2015-02-04,10:00:00,10:05:00,6,5.643343031748505,10:00:00,3,1.0,1.1518206210550632,,mixed
2012-12-10,13:30:00,13:37:00,8,5.623714104382184,13:36:00,1,0.0,0.3960126497820067,,compressed
2019-11-07,11:59:00,12:22:00,21,5.622546722532661,12:00:00,2,1.0,2.930866901438174,,dispersed
2013-09-17,13:52:00,14:05:00,12,5.6086924589328655,14:01:00,3,1.0,0.5378885841762809,,compressed
2012-01-17,13:21:00,13:31:00,9,5.608416811278746,13:30:00,1,0.0,0.421989104567963,,compressed
2012-08-06,12:28:00,12:36:00,5,5.6016465460932965,12:34:00,3,0.8,0.4640381944212268,,compressed
2013-10-21,12:19:00,12:25:00,7,5.592043913592987,12:22:00,2,1.0,0.5810159861648392,,compressed
2009-11-04,14:19:00,14:23:00,5,5.57732473950423,14:19:00,2,1.0,1.8393879289331256,,dispersed
2015-02-23,13:26:00,13:44:00,17,5.571523404715631,13:30:00,3,0.8823529411764706,0.9654517526522427,,mixed
2013-05-17,13:47:00,14:09:00,20,5.5708569599972,13:54:00,3,1.0,0.518222463468964,,compressed
2015-07-31,12:50:00,12:55:00,6,5.5412377694553685,12:52:00,3,1.0,0.445607878720678,,compressed
2014-07-14,13:25:00,13:32:00,8,5.5364740900859495,13:25:00,1,0.0,0.3474157350943283,,compressed
2019-11-07,14:43:00,14:51:00,9,5.5328226445633755,14:43:00,2,1.0,2.8940683424250047,,dispersed
2010-08-10,12:27:00,12:49:00,20,5.519743862911026,12:37:00,3,0.85,0.42030592292548036,,compressed
2012-05-14,13:51:00,14:10:00,19,5.518248468263036,13:53:00,2,0.8947368421052632,1.0468601370270472,,mixed
2020-03-03,10:00:00,10:19:00,19,5.507908574225947,10:04:00,2,1.0,4.4431654213434575,,dispersed
2013-11-15,12:38:00,13:03:00,26,5.504973893355661,12:41:00,1,0.8076923076923077,0.5088789404786972,,compressed
2016-03-29,12:20:00,12:31:00,12,5.497579177389979,12:20:00,2,1.0,1.9435169159823105,,dispersed
2011-10-03,15:21:00,15:30:00,10,5.495025861490114,15:28:00,3,0.9,1.608143947043149,,dispersed
2014-04-30,13:05:00,13:18:00,14,5.494522766302704,13:06:00,1,0.0,0.3125176039361215,,compressed
2014-05-22,15:05:00,15:08:00,4,5.492382542029684,15:06:00,2,1.0,0.6994910453758785,,mixed
2013-05-03,12:26:00,12:40:00,15,5.47952253562393,12:27:00,3,0.5333333333333333,0.424449212054586,,compressed
2009-08-17,10:10:00,10:14:00,5,5.4724154529435065,10:10:00,2,0.6,2.0211685098138608,,dispersed
2013-03-28,13:32:00,13:35:00,4,5.464096576044958,13:32:00,1,0.0,0.33726724965347854,,compressed
2010-09-10,15:15:00,15:22:00,6,5.463788297945347,15:19:00,1,0.0,0.3876250044380298,,compressed
2017-05-26,12:44:00,13:01:00,17,5.46266211382523,12:57:00,3,0.6470588235294118,0.5051074393629578,,compressed
2013-06-19,14:02:00,14:09:00,7,5.451945437529524,14:04:00,2,1.0,1.7869116796033147,,dispersed
2013-12-23,11:20:00,11:28:00,9,5.449793158647043,11:21:00,2,0.7777777777777778,0.5012606670902235,,compressed
2015-08-10,13:41:00,14:02:00,17,5.447736593277693,13:59:00,2,0.17647058823529413,0.30544331731138696,,compressed
2012-03-09,12:17:00,12:41:00,23,5.4207331048837935,12:22:00,3,0.6521739130434783,0.4730619813328261,,compressed
2015-12-16,13:36:00,13:42:00,7,5.41859498653605,13:38:00,1,0.14285714285714285,0.6181438978803756,,compressed
2011-11-11,12:05:00,12:14:00,10,5.413391758769282,12:08:00,2,0.6,0.5856484042832488,,compressed
2011-12-23,13:30:00,13:43:00,13,5.413024112028804,13:41:00,1,0.0,0.3525420702889975,,compressed
2017-08-30,12:43:00,12:50:00,8,5.398231092751692,12:46:00,2,0.375,0.3925301748580375,,compressed
2018-07-05,13:58:00,14:08:00,9,5.396331553409461,14:03:00,2,0.8888888888888888,1.2867754930052946,,mixed
2012-10-03,13:38:00,13:43:00,6,5.38342953049678,13:38:00,2,1.0,1.3502252252061195,,mixed
2020-08-19,14:05:00,14:15:00,11,5.382297925893915,14:12:00,2,1.0,1.7277860498351214,,dispersed
2014-12-26,11:39:00,12:10:00,30,5.382135081480321,11:39:00,1,0.3333333333333333,0.3668562252296165,,compressed
2015-10-12,13:06:00,13:30:00,23,5.371499804741363,13:10:00,2,1.0,0.534565631560317,,compressed
2018-08-06,15:15:00,15:29:00,13,5.361462076405058,15:23:00,3,0.23076923076923078,0.7469388926749277,,mixed
2016-08-01,10:34:00,10:43:00,9,5.357665573902536,10:37:00,2,0.2222222222222222,1.4186225485549357,,mixed
2020-02-07,13:34:00,13:38:00,5,5.3375691222689445,13:34:00,2,1.0,1.0337267197491231,,mixed
2019-12-06,12:11:00,12:29:00,19,5.330642337481479,12:14:00,2,0.8421052631578947,0.36655794558943516,,compressed
2014-02-19,14:01:00,14:09:00,9,5.327397388032792,14:01:00,3,1.0,2.1911348545050275,,dispersed
2015-07-14,14:16:00,14:21:00,6,5.327166415934488,14:17:00,2,1.0,0.27042969897919444,,compressed
2008-12-18,12:24:00,12:30:00,7,5.3250761379983125,12:25:00,2,0.14285714285714285,0.5722826852898946,,compressed
2013-09-05,14:31:00,14:49:00,18,5.312592055836963,14:41:00,3,0.2777777777777778,0.3048244855091772,,compressed
2017-03-09,13:21:00,13:29:00,9,5.310636642004836,13:21:00,1,0.2222222222222222,0.5409980350218245,,compressed
2010-10-22,13:48:00,14:05:00,17,5.308764475331163,14:00:00,2,0.5294117647058824,0.3329195761320179,,compressed
2016-04-22,15:42:00,15:43:00,2,5.3040293347574465,15:42:00,1,0.0,0.9482306400896967,,mixed
2011-05-18,12:35:00,12:40:00,6,5.287717380288909,12:37:00,3,0.8333333333333334,0.4281653609400041,,compressed
2020-10-20,12:34:00,12:46:00,13,5.277117189772725,12:34:00,3,1.0,1.4199789791010744,,mixed
2020-10-01,13:59:00,14:07:00,9,5.2580361018102515,14:01:00,2,1.0,1.6016815516078222,,dispersed
2013-10-28,13:28:00,13:39:00,11,5.25651214119995,13:31:00,1,0.09090909090909091,0.46341860352134695,,compressed
2015-03-16,12:24:00,12:27:00,4,5.248374503807488,12:24:00,2,0.75,0.32866084820119174,,compressed
2012-08-06,13:10:00,13:35:00,22,5.242601693032502,13:32:00,3,0.36363636363636365,0.30046847448178365,,compressed
2011-09-01,10:00:00,10:29:00,30,5.23070336462803,10:00:00,2,1.0,3.4296502015926387,,dispersed
2017-10-05,14:19:00,14:28:00,9,5.226193912189915,14:28:00,3,0.4444444444444444,0.4299662930703507,,compressed
2016-12-21,13:34:00,13:45:00,12,5.2199254002208315,13:40:00,2,0.5833333333333334,0.33679999148597045,,compressed
2012-08-17,14:02:00,14:09:00,8,5.212695730667962,14:07:00,3,1.0,0.39776713135640623,,compressed
2009-01-28,14:18:00,14:24:00,7,5.210517665795655,14:22:00,3,1.0,1.1029954585193735,,mixed
2018-04-09,14:35:00,14:39:00,5,5.209427137774199,14:36:00,2,1.0,0.7555266413022105,,mixed
2008-03-26,15:01:00,15:23:00,20,5.2050747837047515,15:07:00,3,1.0,1.561803854060915,,dispersed
2008-02-12,14:05:00,14:09:00,5,5.198537020029989,14:08:00,1,0.0,0.5639986003730094,,compressed
2017-12-22,13:25:00,13:40:00,16,5.1897874511442526,13:39:00,2,0.8125,0.3676809269560308,,compressed
2016-10-04,10:32:00,10:39:00,8,5.1895009981454105,10:39:00,2,1.0,1.3581757975268673,,mixed
2020-12-14,11:16:00,11:21:00,6,5.188230521178786,11:19:00,3,0.5,1.602255165268356,,dispersed
2019-02-22,14:35:00,14:43:00,9,5.186603490086225,14:37:00,3,1.0,1.6097461411911709,,dispersed
2017-09-12,13:17:00,13:41:00,25,5.184740897026904,13:38:00,3,0.48,0.3272202098271757,,compressed
2014-03-06,12:14:00,12:24:00,7,5.180272710237317,12:15:00,2,0.8571428571428571,0.44059901838523075,,compressed
2019-07-26,13:03:00,13:12:00,7,5.1714530709814275,13:03:00,1,0.42857142857142855,0.2871014769943154,,compressed
2014-04-30,14:03:00,14:10:00,5,5.163664065396778,14:04:00,2,1.0,1.5633837576161165,,dispersed
2015-10-07,14:50:00,14:54:00,5,5.158236451996502,14:50:00,2,1.0,0.9760199443028872,,mixed
2019-08-21,14:01:00,14:05:00,5,5.158059419592088,14:01:00,2,1.0,1.3519368902906435,,mixed
2014-11-26,13:25:00,13:51:00,23,5.157285889567513,13:30:00,1,0.391304347826087,0.33841955629526377,,compressed
2012-10-16,13:27:00,13:29:00,3,5.149026465789588,13:28:00,1,0.0,0.3678941981270006,,compressed
2011-12-14,14:59:00,15:04:00,6,5.148147640643511,15:03:00,3,1.0,1.3123027235018419,,mixed
2017-09-11,14:12:00,14:26:00,11,5.147847491888225,14:25:00,3,0.2727272727272727,0.4198640501644794,,compressed
2009-11-25,13:42:00,13:58:00,17,5.132871826703421,13:47:00,2,0.9411764705882353,0.42013193513728486,,compressed
2019-09-12,10:10:00,10:15:00,6,5.130165877222542,10:11:00,2,1.0,4.350016443375325,,dispersed
2020-12-23,15:10:00,15:13:00,4,5.123633241982234,15:12:00,2,0.5,0.6172655960784843,,compressed
2015-07-15,14:08:00,14:20:00,12,5.121317765823188,14:14:00,3,0.6666666666666666,0.5645947336502131,,compressed
2015-10-21,14:14:00,14:24:00,9,5.118091723539449,14:16:00,1,0.0,1.439475923625618,,mixed
2019-11-11,14:36:00,14:53:00,18,5.115139139069721,14:48:00,3,0.05555555555555555,0.341701174674431,,compressed
2012-07-13,13:09:00,13:11:00,3,5.114806997284676,13:10:00,1,0.3333333333333333,0.26839901019705537,,compressed
2010-07-14,13:21:00,13:35:00,15,5.114026758238271,13:25:00,2,0.5333333333333333,0.4057606132892744,,compressed
2013-03-07,12:42:00,13:01:00,20,5.109011984574333,12:58:00,2,0.6,0.5196503118615048,,compressed
2009-08-21,14:52:00,15:05:00,12,5.1051180398375555,14:59:00,2,1.0,0.5237510387416523,,compressed
2014-10-03,14:30:00,14:45:00,16,5.090285447207649,14:37:00,1,0.0,0.6314164664688733,,compressed
2011-05-27,14:31:00,14:38:00,8,5.085359929382006,14:35:00,3,0.875,0.323188801217109,,compressed
2012-03-16,14:10:00,14:14:00,5,5.082970233732297,14:12:00,3,0.2,0.35750571323628283,,compressed
2010-11-18,11:42:00,11:58:00,15,5.075810645590633,11:43:00,1,0.3333333333333333,0.44990499389691985,,compressed
2012-02-03,13:38:00,13:59:00,19,5.071413523097693,13:48:00,1,0.05263157894736842,0.4015178009852302,,compressed
2016-10-21,15:13:00,15:17:00,5,5.069911117485837,15:16:00,2,1.0,0.5692484687252269,,compressed
2012-12-17,12:53:00,13:11:00,19,5.068973342718623,12:53:00,3,0.3684210526315789,0.5611397295872145,,compressed
2013-03-07,12:17:00,12:26:00,9,5.0684845391750475,12:25:00,3,0.8888888888888888,0.6839438312703531,,mixed
2010-10-29,14:59:00,15:12:00,14,5.062731148129647,15:08:00,2,0.6428571428571429,0.4469618474557577,,compressed
2014-05-06,12:42:00,12:54:00,13,5.054420015413896,12:48:00,3,0.6923076923076923,0.8122237881113269,,mixed
2012-08-06,14:24:00,14:38:00,14,5.0512797379959995,14:32:00,2,0.5714285714285714,0.42048128148683606,,compressed
2017-10-03,13:54:00,14:27:00,34,5.0477432579485,14:04:00,3,0.9411764705882353,0.3879315114821717,,compressed
2018-12-11,14:10:00,14:24:00,11,5.04216225397096,14:13:00,2,1.0,0.7328303747482036,,mixed
2018-04-19,15:48:00,15:59:00,12,5.039725770975678,15:56:00,2,1.0,1.9897050579883269,,dispersed
2010-03-30,12:57:00,13:16:00,20,5.035450078470465,13:10:00,2,0.95,0.6291385782016917,,compressed
2015-09-16,11:40:00,11:52:00,13,5.020363912457339,11:47:00,1,0.0,0.7441973984798173,,mixed
2016-12-23,13:07:00,13:14:00,8,5.017129759094578,13:11:00,3,1.0,0.29642474720942835,,compressed
2008-11-11,10:47:00,10:58:00,12,5.016123700960052,10:49:00,3,0.5,1.194134267045071,,mixed
2017-12-20,13:54:00,13:56:00,3,5.015978695347936,13:54:00,2,0.3333333333333333,0.4568148364697305,,compressed
2015-07-10,13:00:00,13:04:00,5,5.010520537198124,13:03:00,1,0.0,0.7743866660607187,,mixed
2012-10-24,13:59:00,14:05:00,7,5.009749184213722,14:02:00,2,0.8571428571428571,0.46358743665298985,,compressed
2016-05-23,13:50:00,14:02:00,11,5.003044849627736,13:53:00,3,1.0,0.5578439659331907,,compressed
2013-07-03,11:52:00,11:59:00,5,4.996997961139264,11:55:00,1,0.2,0.9224930667103086,,mixed
2014-05-22,11:38:00,11:42:00,4,4.990791854291074,11:40:00,2,1.0,0.6540420542045904,,compressed
2014-05-29,13:35:00,13:44:00,10,4.983745226563584,13:38:00,2,0.8,0.5018310282671142,,compressed
2014-04-22,11:23:00,11:39:00,8,4.975648857518391,11:31:00,1,0.0,0.5532655629525296,,compressed
2016-08-15,14:37:00,15:17:00,36,4.972841388670535,14:44:00,2,0.5,0.4914280361290868,,compressed
2016-11-25,12:20:00,12:52:00,29,4.9694442744126865,12:33:00,3,0.3793103448275862,0.35838318793736973,,compressed
2012-09-07,12:06:00,12:27:00,22,4.9666709930055255,12:14:00,2,0.8636363636363636,0.40461002643523447,,compressed
2016-06-21,10:56:00,10:57:00,2,4.966397250538572,10:57:00,1,0.0,0.8223746389400557,,mixed
2020-07-17,15:43:00,16:00:00,17,4.966325301588438,15:49:00,3,0.29411764705882354,0.5863059665474863,,compressed
2013-08-01,12:37:00,12:41:00,5,4.9635629534774575,12:39:00,2,1.0,0.8521051908246238,,mixed
2013-07-10,14:01:00,14:07:00,7,4.961882253831001,14:03:00,2,1.0,1.8373420885586398,,dispersed
2019-10-09,15:44:00,15:54:00,11,4.945524050570993,15:44:00,2,1.0,1.635799807735734,,dispersed
2011-04-29,13:03:00,13:05:00,3,4.944241734969788,13:03:00,3,1.0,0.37948661663558064,,compressed
2019-03-13,14:46:00,14:47:00,2,4.9388475342465314,14:46:00,2,1.0,1.76882381195804,,dispersed
2011-01-12,11:56:00,11:58:00,3,4.938821331847482,11:57:00,3,1.0,0.4301280766747651,,compressed
2010-03-05,11:47:00,12:03:00,13,4.934465656131777,12:00:00,3,0.6153846153846154,0.4137321731111671,,compressed
2017-12-22,12:37:00,12:40:00,4,4.932897726759817,12:37:00,1,0.0,0.43245706915372656,,compressed
2019-10-17,15:20:00,15:26:00,7,4.922274723334978,15:23:00,3,0.14285714285714285,0.783653958563496,,mixed
2010-05-19,12:01:00,12:16:00,11,4.912900722267129,12:08:00,1,0.0,1.2599751306698501,,mixed
2019-04-11,11:40:00,11:44:00,5,4.911383341979686,11:41:00,2,1.0,2.5049489995544527,,dispersed
2014-09-12,14:28:00,14:36:00,9,4.910718416987515,14:35:00,3,0.7777777777777778,1.0661561997871511,,mixed
2013-09-17,13:36:00,13:39:00,4,4.907968072517185,13:39:00,1,0.0,0.5001777800296525,,compressed
2017-03-17,12:52:00,13:13:00,22,4.898684152171436,12:53:00,1,0.09090909090909091,0.41994130379142125,,compressed
2010-09-24,12:13:00,12:36:00,20,4.893601461233491,12:22:00,3,0.5,0.5282551603008256,,compressed
2014-03-31,13:52:00,14:02:00,8,4.8918955978344165,13:54:00,1,0.5,0.6403790694190207,,compressed
2020-02-26,13:08:00,13:11:00,4,4.888656930046806,13:08:00,3,1.0,1.5520271336815121,,dispersed
2012-07-18,12:57:00,13:01:00,5,4.885100617397863,13:00:00,1,0.0,0.3729493573972839,,compressed
2009-11-27,15:34:00,15:59:00,26,4.8839160908470785,15:48:00,2,1.0,0.9413782593308003,,mixed
2014-04-17,12:47:00,12:58:00,12,4.8783080123723055,12:47:00,1,0.0,0.6217292865077614,,compressed
2011-12-27,12:56:00,13:20:00,25,4.8764014902834605,12:56:00,3,0.6,0.26767765815658234,,compressed
2017-08-16,11:59:00,12:18:00,19,4.873705283274544,12:02:00,3,0.47368421052631576,0.43675855694025245,,compressed
2018-04-18,13:32:00,13:41:00,10,4.873528741054847,13:37:00,1,0.4,0.7210750893037609,,mixed
2020-12-23,15:59:00,16:00:00,2,4.8716248002591875,15:59:00,2,1.0,2.1573417202997534,,dispersed
2011-02-01,13:40:00,14:07:00,28,4.871613149168912,13:45:00,1,0.21428571428571427,0.43901414010270945,,compressed
2018-11-02,14:28:00,14:38:00,9,4.871527169602317,14:30:00,2,1.0,1.8287637944396644,,dispersed
2019-11-25,12:30:00,12:45:00,16,4.8705466448286066,12:34:00,2,0.6875,0.5675557537370998,,compressed
2021-04-14,13:59:00,14:09:00,7,4.86965754619346,14:05:00,2,1.0,2.3772323466200493,,dispersed
2013-09-13,14:51:00,14:56:00,6,4.864002731850602,14:54:00,3,0.3333333333333333,0.5134270784049235,,compressed
2018-08-20,13:31:00,13:51:00,21,4.854600282612631,13:51:00,1,0.0,0.30156371995324405,,compressed
2018-03-08,15:32:00,15:35:00,4,4.854437021837481,15:33:00,1,0.0,0.8686531136322094,,mixed
2010-03-31,14:41:00,14:43:00,3,4.853741320836743,14:42:00,1,0.0,0.45654801209698026,,compressed
2008-02-20,11:41:00,11:43:00,3,4.8532296423588415,11:42:00,2,0.6666666666666666,0.595890576035201,,compressed
2016-11-21,13:41:00,14:04:00,20,4.8480297635237575,13:59:00,2,0.35,0.4793989518073351,,compressed
2017-01-10,13:18:00,13:21:00,4,4.844204259930085,13:18:00,2,1.0,0.6476047966106646,,compressed
2013-04-02,12:42:00,13:07:00,22,4.84108150676045,13:03:00,3,0.18181818181818182,0.38106755378508606,,compressed
2014-05-22,14:45:00,14:59:00,15,4.834373121008869,14:53:00,2,0.6666666666666666,0.46353961106301095,,compressed
2021-01-20,12:50:00,13:00:00,11,4.8343163695396845,13:00:00,1,0.0,0.5205591053247519,,compressed
2008-11-10,11:41:00,11:44:00,4,4.832793788879267,11:43:00,1,0.0,0.7496722781629582,,mixed
2015-06-11,10:38:00,10:51:00,14,4.831741321231336,10:39:00,2,0.5,1.4472209512467868,,mixed
2012-06-15,10:36:00,10:43:00,8,4.827889560009979,10:37:00,1,0.0,0.8792133878239408,,mixed
2012-06-29,13:31:00,13:33:00,3,4.826628181834437,13:32:00,1,0.0,0.4002131574481754,,compressed
2011-03-28,14:02:00,14:22:00,20,4.8209166772015415,14:11:00,1,0.05,0.4526092476839903,,compressed
2017-08-07,12:44:00,13:20:00,35,4.815595680641303,12:47:00,3,0.9714285714285714,0.5449955230837583,,compressed
2021-02-02,15:06:00,15:10:00,5,4.810379206895909,15:07:00,3,1.0,0.4110757251877475,,compressed
2020-09-09,10:58:00,11:01:00,4,4.809764286619856,10:59:00,1,0.5,0.5875563394610935,,compressed
2011-08-12,14:12:00,14:24:00,13,4.809010325551745,14:15:00,2,1.0,0.5223015986302736,,compressed
2019-12-05,14:57:00,15:26:00,30,4.809004671946445,14:57:00,2,1.0,2.204907880445063,,dispersed
2011-03-31,13:25:00,14:08:00,39,4.805131825611577,13:27:00,1,0.358974358974359,0.40981603608241446,,compressed
2010-01-19,14:42:00,15:03:00,22,4.803084127434009,15:03:00,3,0.5,0.31656789096141325,,compressed
2015-10-28,14:00:00,14:05:00,6,4.798630204918686,14:00:00,2,1.0,2.1252927403708526,,dispersed
2015-11-12,12:29:00,12:34:00,6,4.79593881521414,12:32:00,1,0.0,0.9757101365450325,,mixed
2014-08-20,12:50:00,13:16:00,27,4.790218120027771,13:03:00,3,0.48148148148148145,0.33466030566965144,,compressed
2012-07-11,14:00:00,14:03:00,2,4.789994397540953,14:00:00,3,1.0,0.9213129502484302,,mixed
2015-06-10,11:13:00,11:18:00,5,4.789818956722415,11:13:00,2,1.0,2.1280069540266817,,dispersed
2014-06-20,14:41:00,14:44:00,4,4.769084166211655,14:44:00,1,0.5,0.44065144155353125,,compressed
2020-03-09,10:00:00,10:06:00,7,4.766530943647411,10:02:00,2,1.0,2.248971106283428,COVID CIRCUIT BREAKER #1 (open),dispersed
2011-07-20,13:38:00,13:53:00,16,4.7623863200559455,13:48:00,2,0.375,0.44563663623344113,,compressed
2015-07-13,10:00:00,10:15:00,15,4.76221102064341,10:10:00,2,0.6,1.0218753345920166,,mixed
2012-08-29,12:30:00,13:04:00,35,4.761431897102345,12:44:00,3,0.22857142857142856,0.4275965479446247,,compressed
2018-09-12,14:04:00,14:09:00,6,4.7589798370618706,14:08:00,2,0.8333333333333334,0.7655140707482728,,mixed
2014-01-30,12:24:00,12:34:00,7,4.756303601008325,12:26:00,3,0.7142857142857143,0.5879598056237125,,compressed
2011-05-10,13:49:00,14:07:00,19,4.750519194023393,13:50:00,2,0.9473684210526315,0.4648025056602793,,compressed
2009-08-20,13:12:00,13:27:00,12,4.750253035198059,13:19:00,3,0.16666666666666666,0.37004634175735096,,compressed
2010-11-15,13:34:00,13:46:00,12,4.749402100890748,13:39:00,2,0.75,0.8055816533925599,,mixed
2008-02-25,11:58:00,12:04:00,7,4.746867536465776,12:01:00,3,1.0,0.8381320231969561,,mixed
2009-12-16,13:30:00,13:46:00,16,4.739936466488323,13:38:00,3,1.0,0.4069436507843013,,compressed
2017-09-15,13:10:00,13:39:00,30,4.73513018401301,13:27:00,3,0.9,0.4810211499623664,,compressed
2017-11-21,12:39:00,12:39:00,1,4.7316302800548975,12:39:00,1,0.0,0.46530633489192674,,compressed
2018-05-01,13:08:00,13:17:00,10,4.728802654157326,13:13:00,2,1.0,1.1254488452381284,,mixed
2016-04-27,14:00:00,14:10:00,8,4.721354424871192,14:02:00,2,1.0,1.8177043712932262,,dispersed
2012-08-28,14:58:00,14:59:00,2,4.719512991555681,14:58:00,2,1.0,0.45446696733546155,,compressed
2012-10-17,12:55:00,13:01:00,7,4.714719246194183,13:01:00,1,0.0,0.43285843798525225,,compressed
2017-12-01,11:13:00,11:19:00,7,4.707868792718652,11:14:00,2,1.0,10.480666512730696,,dispersed
2019-10-30,10:03:00,10:25:00,23,4.703333035514399,10:10:00,2,1.0,2.58910969545777,,dispersed
2009-12-17,13:19:00,13:24:00,6,4.69866257001545,13:24:00,3,1.0,2.196329737527823,,dispersed
2012-10-01,10:00:00,10:25:00,24,4.696429200608051,10:25:00,2,1.0,2.864978704224359,,dispersed
2009-05-20,11:04:00,11:17:00,10,4.6932967158688506,11:10:00,2,0.6,0.8658416041593381,,mixed
2016-03-02,13:00:00,13:04:00,4,4.691506686126696,13:00:00,1,0.0,0.7078307936321386,,mixed
2019-07-24,14:07:00,14:17:00,8,4.6866137331866025,14:15:00,1,0.0,0.8324176680604839,,mixed
2014-07-11,13:50:00,13:59:00,10,4.684449808708048,13:55:00,3,0.2,0.47688410474016857,,compressed
2020-12-11,13:27:00,13:36:00,8,4.683321813078308,13:30:00,2,0.625,1.0952225879928248,,mixed
2011-01-12,13:48:00,14:01:00,14,4.679712865435481,14:01:00,1,0.5714285714285714,0.4143283080261266,,compressed
2009-08-28,15:29:00,15:38:00,9,4.679084465606017,15:33:00,3,1.0,1.2727124692776663,,mixed
2019-11-13,13:57:00,14:01:00,5,4.678660308199367,13:59:00,2,1.0,3.137558412520645,,dispersed
2014-12-23,15:51:00,15:54:00,4,4.675252992093692,15:51:00,1,0.75,0.6925022439995415,,mixed
2009-10-12,14:07:00,14:09:00,3,4.673873931482545,14:07:00,3,0.6666666666666666,0.34266284382226087,,compressed
2010-04-28,14:07:00,14:09:00,3,4.672188065874247,14:07:00,3,1.0,0.453613254105691,,compressed
2009-08-21,13:54:00,14:03:00,9,4.668100344016743,13:58:00,2,0.8888888888888888,0.5287116244194205,,compressed
2013-06-06,11:56:00,11:58:00,3,4.664618229765148,11:57:00,2,1.0,1.1886452670078045,,mixed
2017-03-31,12:34:00,13:05:00,32,4.659988771759724,12:44:00,2,0.125,0.48779056425695566,,compressed
2015-02-17,14:52:00,14:58:00,7,4.657588474852333,14:53:00,1,0.0,0.7241716769642476,,mixed
2010-07-22,13:49:00,13:51:00,3,4.657109521579833,13:50:00,1,0.0,0.36302438962910094,,compressed
2020-06-22,12:23:00,12:32:00,10,4.6531040241921495,12:28:00,2,1.0,0.6990405221215674,,mixed
2008-10-01,13:44:00,13:53:00,10,4.652607563384926,13:46:00,3,1.0,2.456982705302131,,dispersed
2014-06-20,14:00:00,14:03:00,4,4.652188168813357,14:00:00,1,0.0,0.43242967112253333,,compressed
2019-06-27,15:00:00,15:05:00,6,4.6466179775642695,15:01:00,1,0.0,0.6273650187282115,,compressed
2010-05-06,14:44:00,14:55:00,11,4.642237069244773,14:54:00,2,1.0,14.986292978072436,FLASH CRASH,dispersed
2012-01-20,13:13:00,13:14:00,2,4.640132884929086,13:13:00,3,1.0,0.4189107475823447,,compressed
2012-02-03,15:11:00,15:15:00,5,4.639159094525612,15:11:00,2,0.4,0.48510166319445364,,compressed
2012-04-27,14:22:00,14:29:00,8,4.637269682123016,14:29:00,1,0.0,0.4748669183323641,,compressed
2011-12-07,13:57:00,14:07:00,11,4.635365253471308,14:05:00,1,0.09090909090909091,0.6468959388664366,,compressed
2016-01-27,14:02:00,14:06:00,4,4.633046709706146,14:03:00,2,1.0,2.701548238358625,,dispersed
2014-09-17,12:42:00,12:54:00,13,4.632357578454262,12:45:00,2,0.7692307692307693,0.5938362836503434,,compressed
2009-12-15,11:48:00,11:55:00,8,4.630783493368454,11:48:00,2,0.5,0.4694531384243289,,compressed
2008-03-06,12:55:00,12:55:00,1,4.629092952659359,12:55:00,2,1.0,0.6843047051606175,,mixed
2008-02-20,14:01:00,14:06:00,6,4.628381180991141,14:03:00,2,1.0,2.679649313008002,,dispersed
2018-06-06,13:34:00,13:50:00,17,4.610712200830975,13:49:00,2,1.0,0.8435023773035452,,mixed
2014-08-19,15:33:00,15:59:00,27,4.610508727091607,15:34:00,1,0.18518518518518517,0.4506469203257329,,compressed
2016-05-05,13:11:00,13:18:00,7,4.608991417704341,13:12:00,1,0.0,0.8123932646724327,,mixed
2011-02-08,14:27:00,14:29:00,3,4.606205762571573,14:28:00,3,1.0,0.5709691941297309,,compressed
2014-02-10,11:19:00,11:25:00,7,4.6060322644745515,11:21:00,2,0.7142857142857143,0.8229130947759625,,mixed
2008-06-26,14:45:00,14:51:00,7,4.605910286143651,14:46:00,1,0.0,1.361245549233399,,mixed
2010-03-02,13:50:00,14:01:00,12,4.604428221673097,13:53:00,3,1.0,0.45724207607280687,,compressed
2011-03-02,10:47:00,10:50:00,4,4.6037098854550935,10:47:00,2,1.0,1.1976470834054518,,mixed
2017-08-03,14:22:00,14:32:00,10,4.601157982212688,14:22:00,2,1.0,0.5720028612986884,,compressed
2014-02-05,13:35:00,13:43:00,6,4.6006999622475755,13:36:00,2,0.3333333333333333,0.6512286952069019,,compressed
2008-10-22,15:27:00,15:29:00,3,4.599269030328634,15:27:00,2,0.6666666666666666,1.0595888154066746,,mixed
2021-02-12,13:21:00,13:32:00,12,4.598796114229134,13:25:00,2,1.0,1.2507809326458958,,mixed
2021-04-05,13:42:00,13:44:00,3,4.595482865189227,13:42:00,2,0.3333333333333333,0.6346297912396415,,compressed
2010-05-28,12:39:00,13:01:00,18,4.594250860734097,12:47:00,1,0.2222222222222222,1.6319653593161236,,dispersed
2010-04-12,12:39:00,12:48:00,8,4.59374318855015,12:42:00,3,0.875,0.49276745631011953,,compressed
2012-02-13,14:08:00,14:09:00,2,4.592778688804972,14:08:00,2,1.0,0.4941048854348251,,compressed
2014-07-22,14:16:00,14:25:00,8,4.5891936134066995,14:23:00,2,0.875,0.5818939374399678,,compressed
2021-01-26,14:33:00,14:47:00,11,4.588684472206232,14:46:00,3,1.0,1.4772446352897728,,mixed
2019-11-27,12:13:00,12:14:00,2,4.58648424095955,12:14:00,2,1.0,0.5098443654827077,,compressed
2011-07-20,14:01:00,14:04:00,4,4.5856776682574685,14:04:00,1,0.0,0.4558062933358673,,compressed
2009-06-24,14:23:00,14:30:00,8,4.585639826377048,14:25:00,2,1.0,2.381326435204244,,dispersed
2020-12-21,15:35:00,15:38:00,4,4.583228798975513,15:36:00,1,0.0,1.2985702916186581,,mixed
2010-04-23,15:12:00,15:17:00,6,4.582278651788359,15:16:00,3,1.0,0.8541911939486584,,mixed
2015-10-22,11:11:00,11:17:00,3,4.578627116951132,11:11:00,1,0.0,1.0531307480574423,,mixed
2015-06-23,13:37:00,13:39:00,3,4.5755060817971485,13:38:00,1,0.0,0.4407633943925669,,compressed
2009-06-29,13:49:00,13:55:00,4,4.573694532307257,13:55:00,1,0.0,0.44620373418379167,,compressed
2016-09-12,13:15:00,13:23:00,9,4.565897251583086,13:18:00,2,1.0,3.0842617972605013,,dispersed
2009-10-01,10:00:00,10:03:00,4,4.563934088573687,10:02:00,2,1.0,3.111247451038769,,dispersed
2014-12-24,10:45:00,10:47:00,3,4.555027770497654,10:47:00,2,0.6666666666666666,0.36039626379261924,,compressed
2011-01-18,13:00:00,13:19:00,20,4.549733943430802,13:03:00,3,0.95,0.47458318003384437,,compressed
2008-12-16,14:21:00,14:24:00,4,4.547021906124343,14:22:00,2,1.0,1.1934757373539229,FOMC cuts to zero (ZIRP),mixed
2009-06-09,12:02:00,12:11:00,8,4.544959532994189,12:02:00,3,1.0,0.46163053741352705,,compressed
2012-04-17,11:57:00,12:15:00,19,4.540541079004788,11:58:00,1,0.5789473684210527,0.5464682991762297,,compressed
2015-07-28,14:06:00,14:10:00,5,4.538549428257331,14:08:00,3,0.4,0.7803866144883321,,mixed
2018-11-12,14:49:00,14:57:00,9,4.5374002830570825,14:55:00,3,0.5555555555555556,1.8153407275309952,,dispersed
2010-01-19,11:40:00,11:44:00,5,4.5361866831118896,11:44:00,3,1.0,0.5517806872231114,,compressed
2019-08-13,13:17:00,13:46:00,29,4.536135764017815,13:44:00,2,1.0,1.634991032818818,,dispersed
2021-04-16,12:31:00,12:35:00,5,4.534775059680889,12:32:00,1,0.0,0.7707748873544888,,mixed
2019-11-22,13:23:00,13:25:00,3,4.533257706540639,13:23:00,3,1.0,0.39228580824989007,,compressed
2018-12-13,13:45:00,13:54:00,9,4.530203685915527,13:51:00,2,1.0,0.897524917484836,,mixed
2018-07-25,15:36:00,15:41:00,6,4.516058638875536,15:37:00,3,1.0,2.1129748425190042,,dispersed
2009-08-07,14:05:00,14:23:00,17,4.5154164387599085,14:05:00,3,0.7647058823529411,0.445046828247995,,compressed
2010-10-29,13:55:00,14:21:00,27,4.514455044180675,13:57:00,3,1.0,0.5282629614390979,,compressed
2014-11-10,10:22:00,10:30:00,9,4.51352362327029,10:22:00,1,0.0,0.9025527953620655,,mixed
2012-08-29,14:33:00,14:34:00,2,4.512633251625124,14:33:00,2,1.0,0.447337678519992,,compressed
2011-04-21,12:52:00,12:57:00,6,4.507640017696382,12:54:00,2,0.16666666666666666,0.5086091396743859,,compressed
2013-11-15,13:28:00,13:34:00,7,4.506278451714367,13:29:00,1,0.14285714285714285,0.43791816277134776,,compressed
2011-12-23,14:22:00,15:13:00,48,4.506151390382723,14:50:00,2,0.041666666666666664,0.33307610529420645,,compressed
2015-04-13,14:51:00,14:59:00,9,4.502044126072245,14:54:00,2,1.0,1.7072705516337974,,dispersed
2020-09-14,14:41:00,14:43:00,3,4.501928201084323,14:41:00,2,1.0,0.7442944827600118,,mixed
2016-05-20,11:12:00,11:14:00,3,4.501902239762082,11:13:00,1,0.0,0.6718549460853634,,mixed
2010-01-27,14:12:00,14:23:00,11,4.5015849041291105,14:19:00,3,0.7272727272727273,1.7968636372006388,,dispersed
2017-11-21,15:00:00,15:15:00,16,4.493549577121524,15:01:00,2,1.0,0.7493753791797254,,mixed
2018-03-13,15:01:00,15:01:00,1,4.492501820572729,15:01:00,1,0.0,1.4305691215066478,,mixed
2009-09-18,13:59:00,14:12:00,14,4.488381243325903,14:04:00,2,1.0,0.8307512169420552,,mixed
2015-10-26,13:18:00,13:19:00,2,4.487156862069987,13:18:00,1,0.0,0.6761030390286402,,mixed
2016-05-24,12:42:00,12:51:00,10,4.485888135210662,12:42:00,1,0.5,0.38222588130209506,,compressed
2011-10-17,11:49:00,11:53:00,5,4.482708743166633,11:51:00,1,0.0,0.7018407841219749,,mixed
2015-11-27,12:48:00,12:49:00,2,4.480549025370092,12:49:00,1,0.0,0.5018022970331697,,compressed
2018-10-17,13:45:00,13:49:00,5,4.477757041979303,13:47:00,1,0.0,0.6792713021750786,,mixed
2012-08-01,14:13:00,14:15:00,3,4.476072353721402,14:13:00,3,1.0,2.2060697039771022,,dispersed
2018-05-16,14:37:00,14:52:00,14,4.475696104935476,14:39:00,1,0.7857142857142857,0.6016169684305831,,compressed
2013-07-11,12:45:00,13:12:00,28,4.474708853542337,13:02:00,2,0.5714285714285714,0.4593578206415132,,compressed
2010-08-17,13:04:00,13:13:00,10,4.473731347365966,13:08:00,1,0.0,0.38005915862747736,,compressed
2009-11-27,13:58:00,14:49:00,45,4.47184141996449,14:12:00,2,1.0,0.6347988858272543,,compressed
2019-07-15,14:50:00,14:59:00,10,4.466182780075554,14:50:00,1,0.3,0.4842871868619623,,compressed
2010-06-21,14:36:00,14:37:00,2,4.463306474031667,14:36:00,1,0.0,0.9284270740588845,,mixed
2008-12-16,15:21:00,15:25:00,5,4.462044308307357,15:24:00,3,1.0,1.7900565931389514,FOMC cuts to zero (ZIRP),dispersed
2014-01-29,14:04:00,14:09:00,6,4.460983217962532,14:05:00,3,1.0,2.1585036836913822,,dispersed
2019-12-26,14:33:00,15:20:00,48,4.460037806893256,14:55:00,3,0.6041666666666666,0.4683712499713928,,compressed
2020-01-07,15:45:00,15:47:00,3,4.457404107161478,15:45:00,1,0.0,0.845512493589852,,mixed
2016-12-14,14:02:00,14:05:00,4,4.455656376497535,14:02:00,2,1.0,2.9032812603280944,,dispersed
2010-10-12,12:56:00,13:02:00,7,4.453101539935083,12:59:00,2,0.8571428571428571,0.42704228219317747,,compressed
2020-07-08,13:50:00,13:53:00,4,4.451637517677295,13:52:00,1,0.0,1.0475697634117154,,mixed
2011-08-09,14:21:00,14:31:00,9,4.443160667667291,14:21:00,2,0.7777777777777778,2.239440806728697,FOMC reversal rally,dispersed
2018-07-12,12:41:00,12:54:00,14,4.442521797932113,12:45:00,2,1.0,1.3571168912856006,,mixed
2011-04-21,14:36:00,14:56:00,21,4.4419991013534155,14:46:00,2,0.5238095238095238,0.4289536532231211,,compressed
2015-10-27,11:11:00,11:23:00,13,4.439269139727586,11:16:00,3,1.0,1.2146901555913554,,mixed
2013-05-16,13:30:00,13:37:00,8,4.438308281872813,13:31:00,2,0.75,0.4816074398041974,,compressed
2009-09-22,13:48:00,13:52:00,5,4.437993432744455,13:50:00,3,1.0,0.9973784908949396,,mixed
2021-01-05,14:00:00,14:08:00,9,4.437927885060991,14:02:00,2,1.0,1.6050669765932037,,dispersed
2010-02-22,15:51:00,15:57:00,7,4.4374761801085185,15:56:00,2,1.0,1.1344889166470453,,mixed
2014-06-18,12:10:00,12:18:00,9,4.436328934945279,12:14:00,1,0.2222222222222222,0.49997890808331147,,compressed
2010-08-09,13:11:00,13:22:00,10,4.43199573317529,13:20:00,2,0.9,0.4521433312183556,,compressed
2017-04-21,13:10:00,13:39:00,29,4.429733976686524,13:23:00,2,1.0,1.7986864956022508,,dispersed
2014-08-12,12:34:00,12:40:00,7,4.428817121182754,12:35:00,3,0.8571428571428571,0.6758353462871056,,mixed
2008-08-26,13:43:00,13:48:00,6,4.428774820260333,13:44:00,1,0.0,0.7495394642307237,,mixed
2011-12-16,10:02:00,10:12:00,8,4.426709519164603,10:04:00,1,0.0,1.4841836235707093,,mixed
2008-06-13,12:39:00,12:52:00,13,4.425656116028101,12:42:00,2,1.0,0.9814315848584751,,mixed
2020-07-29,10:25:00,10:42:00,14,4.423350565363117,10:38:00,1,0.0,0.5031290847000146,,compressed
2015-11-20,14:08:00,14:16:00,7,4.418899806560275,14:16:00,1,0.42857142857142855,0.32880509856938595,,compressed
2011-01-27,13:08:00,13:16:00,6,4.417657103592904,13:16:00,3,1.0,0.45956636186862543,,compressed
2010-12-06,13:41:00,14:04:00,24,4.412487777483076,13:41:00,3,0.5833333333333334,0.5652677324014495,,compressed
2012-08-17,13:13:00,13:31:00,19,4.4099695765745075,13:28:00,3,0.5789473684210527,0.4826623486653898,,compressed
2009-12-10,13:08:00,13:12:00,5,4.409623269488766,13:09:00,2,1.0,1.0257961320763243,,mixed
2010-10-05,10:02:00,10:22:00,21,4.409223007300959,10:15:00,2,1.0,2.051118898269853,,dispersed
2011-07-05,14:56:00,14:59:00,4,4.407873499195165,14:56:00,2,1.0,1.1856494938209086,,mixed
2013-07-22,12:23:00,12:23:00,1,4.407253935192641,12:23:00,3,1.0,0.4010208962996389,,compressed
2018-05-25,14:32:00,14:35:00,4,4.407000962005486,14:32:00,1,0.0,0.6804172322901976,,mixed
2017-12-26,15:01:00,15:11:00,11,4.401910845582389,15:02:00,1,0.09090909090909091,0.3715657415177713,,compressed
2016-10-10,12:57:00,13:02:00,5,4.3976026543106945,12:58:00,3,0.6,0.5861195091838347,,compressed
2008-09-29,13:43:00,13:46:00,4,4.395614184995954,13:46:00,2,1.0,4.726509844909065,TARP vote fails in House (-8.8% day),dispersed
2008-06-09,13:03:00,13:11:00,9,4.394850217902812,13:06:00,2,1.0,0.9349825438357472,,mixed
2015-09-09,15:14:00,15:18:00,3,4.394481918374419,15:15:00,1,0.0,1.6022194814850568,,dispersed
2015-09-08,13:30:00,13:30:00,1,4.394088312822036,13:30:00,1,0.0,0.6272566183282012,,compressed
2017-12-15,13:36:00,13:36:00,1,4.38613084343106,13:36:00,1,0.0,0.4090955375807327,,compressed
2013-05-03,14:30:00,14:36:00,7,4.384899958466856,14:35:00,1,0.0,0.4568541076075508,,compressed
2017-08-15,14:25:00,14:35:00,11,4.3815159451501104,14:31:00,2,1.0,0.840413472659417,,mixed
2010-06-07,13:04:00,13:11:00,8,4.378604903817333,13:08:00,2,1.0,0.7773743297992564,,mixed
2020-11-17,12:14:00,12:23:00,10,4.374295662560263,12:19:00,3,1.0,1.1575534638658849,,mixed
2012-12-03,15:00:00,15:14:00,15,4.371826200927392,15:13:00,3,0.6,1.157008197765599,,mixed
2009-03-20,10:00:00,10:01:00,2,4.368895020444431,10:00:00,2,0.5,1.2707678521853099,,mixed
2008-12-26,14:11:00,14:16:00,6,4.367367431269568,14:12:00,3,0.8333333333333334,0.22405427360528207,,compressed
2010-10-11,13:23:00,13:41:00,16,4.364932737052532,13:34:00,2,0.625,0.37079848941215077,,compressed
2010-02-11,12:00:00,12:08:00,5,4.363613476133974,12:06:00,2,1.0,0.9935079614392964,,mixed
2016-11-22,13:36:00,13:40:00,5,4.362715407370664,13:40:00,2,1.0,0.6847467460941652,,mixed
2008-12-26,11:53:00,12:26:00,27,4.359029964811662,12:14:00,3,0.4444444444444444,0.2508993543942345,,compressed
2016-09-20,10:48:00,10:52:00,5,4.355314540050588,10:49:00,2,1.0,1.051498993352382,,mixed
2014-03-19,13:12:00,13:19:00,7,4.355217535901378,13:12:00,1,0.14285714285714285,0.46661469846509457,,compressed
2010-04-05,13:01:00,13:06:00,6,4.355202596654985,13:05:00,3,0.6666666666666666,0.5670485606643924,,compressed
2012-09-19,14:06:00,14:18:00,13,4.354301683945514,14:18:00,1,0.0,0.4149138242402167,,compressed
2021-04-01,12:43:00,12:56:00,14,4.352234923693034,12:47:00,3,0.35714285714285715,0.36878507520882065,,compressed
2019-03-19,12:46:00,12:53:00,7,4.350324395834388,12:46:00,2,1.0,2.114409579865408,,dispersed
2019-09-17,14:00:00,14:05:00,6,4.345195767840275,14:00:00,2,1.0,0.6992038390795866,,mixed
2009-01-13,10:14:00,10:23:00,9,4.340677110524772,10:19:00,2,0.5555555555555556,1.3580256929582475,,mixed
2015-08-21,15:05:00,15:18:00,12,4.340617848984402,15:14:00,2,1.0,1.6704411085084636,,dispersed
2012-09-11,12:44:00,12:55:00,12,4.333713467305021,12:53:00,3,1.0,0.40406205235960696,,compressed
2011-02-17,12:05:00,12:10:00,6,4.333428491157296,12:05:00,3,0.5,0.48158527030949944,,compressed
2012-11-14,14:34:00,14:36:00,3,4.327277470360084,14:35:00,1,0.0,1.2645236637441777,,mixed
2019-05-15,13:46:00,14:00:00,12,4.325760471396278,13:52:00,2,0.9166666666666666,0.5449750982129383,,compressed
2012-11-21,15:56:00,15:59:00,4,4.323556934500591,15:59:00,2,1.0,0.6087980455713229,,compressed
2018-08-20,11:33:00,11:41:00,9,4.3181365703095596,11:40:00,1,0.0,0.8395291820630337,,mixed
2013-11-22,15:12:00,15:13:00,2,4.3175271715066454,15:13:00,1,0.0,0.3851179379860326,,compressed
2014-02-07,15:20:00,15:25:00,6,4.313202668230132,15:24:00,3,0.6666666666666666,0.6039416358190094,,compressed
2014-11-07,13:36:00,13:57:00,17,4.31189387779662,13:48:00,1,0.0,0.4163857375910424,,compressed
2016-10-18,14:44:00,14:46:00,3,4.310791847193047,14:45:00,2,1.0,0.6817137642285119,,mixed
2012-02-27,14:35:00,14:44:00,10,4.309251146299587,14:35:00,3,0.5,0.3934987118054077,,compressed
2016-11-25,11:15:00,11:24:00,10,4.309081776813405,11:15:00,1,0.3,0.5058362700401381,,compressed
2010-10-12,13:35:00,14:02:00,27,4.305910825326343,13:55:00,1,0.1111111111111111,0.35801758578363874,,compressed
2018-01-08,14:34:00,14:39:00,6,4.30477705369969,14:35:00,2,0.5,0.4707525855864722,,compressed
2010-05-28,11:55:00,12:08:00,13,4.303046664739055,11:59:00,1,0.0,0.8672661258079645,,mixed
2010-09-24,13:14:00,13:21:00,8,4.3028691414534155,13:15:00,3,0.875,0.5484383278267361,,compressed
2015-04-10,13:21:00,13:26:00,6,4.301619938834355,13:24:00,1,0.0,0.42459158295221705,,compressed
2011-12-30,12:46:00,13:05:00,20,4.295981434206909,13:00:00,3,1.0,0.38290703838751133,,compressed
2019-09-17,13:12:00,13:15:00,4,4.295879292465187,13:13:00,3,0.75,0.4121457816876675,,compressed
2012-06-19,14:30:00,14:42:00,13,4.295753736928904,14:39:00,3,1.0,1.3002727114663848,,mixed
2010-10-26,12:44:00,12:49:00,6,4.295354045254486,12:45:00,2,0.6666666666666666,0.5439926778794991,,compressed
2017-05-26,14:19:00,14:22:00,4,4.293323486022991,14:19:00,2,1.0,0.4246029319358381,,compressed
2014-05-23,13:20:00,13:25:00,6,4.290482537694287,13:25:00,1,0.0,0.3705377095874156,,compressed
2013-02-11,11:52:00,12:00:00,9,4.290140539700649,11:58:00,2,1.0,0.4185040336003232,,compressed
2020-02-07,12:47:00,12:55:00,8,4.289598473567491,12:49:00,2,1.0,0.6142433722302956,,compressed
2021-04-12,13:16:00,13:23:00,8,4.2893919493686665,13:18:00,1,0.0,0.5788968446841257,,compressed
2019-04-26,14:34:00,14:39:00,6,4.288348912153403,14:38:00,2,0.8333333333333334,0.8863035728511116,,mixed
2009-04-01,10:40:00,10:42:00,3,4.288032743398653,10:41:00,3,0.3333333333333333,1.0849904220433129,,mixed
2012-05-01,13:04:00,13:19:00,16,4.28654815503863,13:10:00,3,0.625,0.3811061231430797,,compressed
2019-03-20,14:00:00,14:07:00,8,4.284111982818712,14:03:00,2,1.0,2.6523322976150636,,dispersed
2008-05-14,13:37:00,13:49:00,12,4.283936398709716,13:40:00,1,0.0,0.7212848735046661,,mixed
2013-12-23,12:46:00,12:50:00,5,4.2838304225841215,12:47:00,1,0.0,0.46144979932124836,,compressed
2015-11-20,12:03:00,12:07:00,5,4.282435499731078,12:04:00,1,0.0,0.6692905169863325,,compressed
2011-01-11,12:30:00,12:35:00,6,4.282119710689722,12:30:00,1,0.0,0.4414829698798251,,compressed
2020-11-03,11:41:00,11:53:00,11,4.280277005685962,11:43:00,1,0.36363636363636365,0.5420847446668947,,compressed
2010-02-16,12:40:00,12:45:00,5,4.279444075888605,12:43:00,1,0.2,0.4096130203597743,,compressed
2016-09-30,12:58:00,12:59:00,2,4.279002280660814,12:58:00,3,1.0,0.9451762206325948,,mixed
2012-04-03,14:00:00,14:04:00,5,4.277358897640781,14:00:00,2,1.0,1.84432607695583,,dispersed
2017-07-07,14:30:00,14:59:00,26,4.276947019434545,14:40:00,1,0.038461538461538464,0.510690893798552,,compressed
2012-09-24,13:13:00,13:28:00,16,4.276899164070803,13:19:00,1,0.125,0.48030248713633644,,compressed
2015-03-05,14:18:00,14:20:00,3,4.2759670454819005,14:19:00,2,1.0,0.6736074101856316,,mixed
2019-05-23,14:36:00,14:52:00,13,4.275004908644193,14:38:00,3,0.07692307692307693,0.8602994493158695,,mixed
2012-06-05,13:21:00,13:22:00,2,4.274469011164754,13:22:00,1,0.0,0.8448929281520677,,mixed
2020-06-16,14:10:00,14:15:00,6,4.273913449576824,14:12:00,1,0.3333333333333333,0.7487113805985787,,mixed
2014-02-06,11:26:00,11:29:00,4,4.271888679244465,11:26:00,1,0.0,0.7203930632294675,,mixed
2012-03-30,12:49:00,12:57:00,9,4.271853328528421,12:50:00,1,0.0,0.5256656839593989,,compressed
2011-10-03,14:01:00,14:06:00,6,4.271789833991314,14:04:00,3,0.6666666666666666,1.3279420090878207,,mixed
2013-07-30,13:30:00,13:31:00,2,4.271748112422776,13:30:00,1,0.0,0.9277319691047331,,mixed
2019-03-15,11:49:00,11:58:00,10,4.270864125682078,11:49:00,2,1.0,1.5210421697581222,,dispersed
2017-02-17,12:36:00,13:01:00,22,4.2690722659223725,12:56:00,2,0.8636363636363636,0.6114076791011952,,compressed
2015-11-09,15:18:00,15:24:00,6,4.268106132086416,15:23:00,3,1.0,1.233090688167864,,mixed
2016-11-18,13:30:00,13:39:00,10,4.267530542073215,13:35:00,1,0.2,0.386440109370142,,compressed
2011-11-14,12:51:00,13:00:00,7,4.263820567151225,12:53:00,1,0.2857142857142857,0.6510878684625022,,compressed
2017-12-28,12:53:00,13:29:00,31,4.261153056790884,13:08:00,3,1.0,0.38555546955694514,,compressed
2008-12-22,10:12:00,10:15:00,4,4.260103115806377,10:14:00,1,0.0,0.8582654058038115,,mixed
2013-07-08,11:44:00,11:57:00,13,4.258238379221875,11:47:00,2,0.6923076923076923,0.7968417761796504,,mixed
2017-01-19,13:17:00,13:18:00,2,4.256862626957707,13:17:00,3,1.0,0.9443515655492201,,mixed
2015-11-17,12:50:00,12:56:00,7,4.255973611841197,12:54:00,3,0.7142857142857143,1.038571252542122,,mixed
2011-08-30,14:34:00,14:50:00,16,4.2543057327349105,14:46:00,2,0.5,0.8247500903513959,,mixed
2011-04-25,13:27:00,14:01:00,35,4.248469516674713,13:37:00,3,0.34285714285714286,0.3966477024735424,,compressed
2015-10-05,12:35:00,12:37:00,2,4.247683730743227,12:35:00,1,0.5,0.5057909448913641,,compressed
2020-10-21,12:10:00,12:14:00,5,4.247680832826685,12:11:00,3,1.0,1.2468729831725205,,mixed
2019-07-26,13:25:00,13:34:00,10,4.247426936371324,13:31:00,1,0.0,0.50444581096986,,compressed
2011-12-08,12:38:00,12:39:00,2,4.247373703127433,12:39:00,3,0.5,1.0180562884047861,,mixed
2014-12-26,12:55:00,12:59:00,5,4.2454707397768985,12:55:00,1,0.4,0.40962141342458874,,compressed
2012-08-07,13:27:00,13:43:00,13,4.2439064956994,13:36:00,3,0.5384615384615384,0.45688485569912557,,compressed
2016-02-11,12:42:00,12:44:00,3,4.240477441154242,12:43:00,3,1.0,1.0336599356720884,,mixed
2017-10-31,14:10:00,14:20:00,7,4.24026690790928,14:10:00,2,0.7142857142857143,0.5034802515365373,,compressed
2015-09-04,11:50:00,11:57:00,8,4.2357761992210206,11:56:00,1,0.0,0.6886200774062918,,mixed
2014-06-06,14:20:00,14:56:00,34,4.229635791683289,14:30:00,2,1.0,0.4940054301815397,,compressed
2010-04-09,12:42:00,12:54:00,10,4.229327365120166,12:51:00,3,1.0,0.5773206470433675,,compressed
2017-09-22,15:16:00,15:23:00,8,4.228570703395632,15:23:00,3,1.0,0.37886187853648323,,compressed
2012-08-27,13:10:00,13:22:00,11,4.226887552475153,13:14:00,1,0.09090909090909091,0.578196746024478,,compressed
2015-04-24,11:41:00,11:43:00,3,4.2258862851255135,11:42:00,3,0.3333333333333333,0.8171161829750724,,mixed
2017-12-21,12:32:00,12:46:00,11,4.225148263373818,12:43:00,3,0.5454545454545454,0.5074559538626665,,compressed
2020-04-02,14:49:00,14:52:00,4,4.224837567996815,14:49:00,1,0.0,1.3089753527066634,,mixed
2021-04-26,15:29:00,15:38:00,10,4.220343920805729,15:29:00,2,1.0,1.6760068154725334,,dispersed
2018-03-20,10:21:00,10:26:00,5,4.21744016887108,10:21:00,1,0.0,1.120732430395294,,mixed
2014-10-31,15:37:00,15:41:00,5,4.216455442473103,15:40:00,2,1.0,0.7278636938037146,,mixed
2012-04-24,14:01:00,14:09:00,9,4.215571340811248,14:06:00,2,1.0,0.8125555104693766,,mixed
2019-10-30,14:01:00,14:07:00,6,4.211177895827532,14:02:00,3,1.0,2.833477383002449,,dispersed
2018-03-21,10:37:00,10:49:00,8,4.210563528194848,10:43:00,2,1.0,0.7439081254667851,,mixed
2016-06-07,14:45:00,14:56:00,10,4.206140893293871,14:52:00,3,0.9,0.8064976921741726,,mixed
2013-01-14,13:37:00,13:41:00,5,4.204945445891551,13:39:00,3,1.0,0.7988005901380847,,mixed
2011-03-28,13:10:00,13:49:00,36,4.201310417085299,13:28:00,2,0.16666666666666666,0.46583649165187146,,compressed
2018-08-24,13:03:00,13:08:00,6,4.200088248549746,13:06:00,3,0.8333333333333334,0.5000194629593931,,compressed
2016-08-24,13:31:00,13:39:00,9,4.199959258331768,13:31:00,2,0.3333333333333333,0.5753054749738737,,compressed
2020-01-16,13:51:00,13:59:00,9,4.199500125423848,13:57:00,1,0.4444444444444444,0.6542218765033507,,compressed
2019-04-11,12:01:00,12:09:00,7,4.19916422283155,12:09:00,2,1.0,2.478709170029353,,dispersed
2020-12-11,12:23:00,12:28:00,5,4.199121548612902,12:24:00,1,0.2,1.3837211112229062,,mixed
2019-01-16,12:02:00,12:05:00,4,4.198520503390892,12:05:00,1,0.25,0.9180519133696722,,mixed
2011-03-25,13:23:00,13:31:00,9,4.1964010749568414,13:25:00,3,1.0,0.6031313709923466,,compressed
2017-04-07,13:31:00,13:54:00,23,4.195156980643684,13:32:00,2,1.0,1.3537611066429627,,mixed
2009-07-15,12:12:00,12:14:00,3,4.193845541396706,12:13:00,1,0.0,0.4463501719571928,,compressed
2014-08-18,13:45:00,13:53:00,9,4.192350267116384,13:48:00,3,0.6666666666666666,0.47131473006351304,,compressed
2009-03-16,14:12:00,14:13:00,2,4.1919209548312,14:12:00,1,0.0,0.7300533293725479,,mixed
2019-10-21,13:07:00,13:19:00,11,4.1918065481705895,13:12:00,2,1.0,0.6183037800034523,,compressed
2010-07-27,13:00:00,13:03:00,4,4.191732495891977,13:02:00,3,0.25,0.5707966148583351,,compressed
2012-08-03,10:06:00,10:09:00,4,4.191208327958475,10:07:00,3,1.0,1.411232158832013,,mixed
2013-08-22,14:55:00,14:56:00,2,4.1891427212943055,14:55:00,2,1.0,0.5023638481466962,,compressed
2009-04-07,13:38:00,13:40:00,3,4.1884361657202955,13:39:00,1,0.0,0.7641909725737628,,mixed
2013-11-04,14:39:00,14:46:00,8,4.1882448584326655,14:42:00,1,0.125,0.5248076195101965,,compressed
2009-10-16,15:01:00,15:04:00,4,4.184931321462116,15:04:00,1,0.0,0.47470268586534003,,compressed
2008-08-27,10:37:00,10:42:00,6,4.183653431513608,10:41:00,2,0.8333333333333334,1.0644856584244622,,mixed
2018-08-20,12:33:00,12:35:00,3,4.183063068339732,12:33:00,1,0.0,0.33822232648443057,,compressed
2014-01-15,15:11:00,15:11:00,1,4.1809186841344435,15:11:00,1,0.0,0.555585212033567,,compressed
2019-06-12,14:44:00,14:51:00,5,4.179641442206886,14:44:00,2,0.2,0.7032031833862447,,mixed
2009-11-13,12:31:00,12:36:00,6,4.1786945225534895,12:35:00,1,0.0,0.9273244533570241,,mixed
2013-08-21,14:00:00,14:06:00,7,4.1780821039445675,14:04:00,2,1.0,2.050299819717767,,dispersed
2015-02-18,14:00:00,14:04:00,5,4.175026657868986,14:00:00,3,1.0,2.0041410604690557,,dispersed
2012-07-02,10:15:00,10:15:00,1,4.172855010228561,10:15:00,2,1.0,2.6468784192010495,,dispersed
2009-06-09,13:56:00,13:59:00,4,4.171956379973774,13:56:00,3,1.0,0.7908190752530478,,mixed
2014-08-14,14:46:00,14:52:00,7,4.17178041400741,14:46:00,2,0.2857142857142857,0.5022183250580716,,compressed
2009-01-14,13:33:00,13:46:00,11,4.171478014880329,13:43:00,3,0.2727272727272727,0.6887440163826349,,mixed
2009-05-29,13:39:00,13:41:00,3,4.168033716033158,13:40:00,3,1.0,0.5878774626402481,,compressed
2013-01-11,13:07:00,13:13:00,7,4.167710728132109,13:12:00,1,0.0,0.7401226249926942,,mixed
2018-09-07,12:08:00,12:12:00,5,4.164726532051563,12:09:00,2,1.0,1.5422055255270157,,dispersed
2015-09-24,12:37:00,12:43:00,5,4.163674285151959,12:42:00,2,1.0,1.091286660133935,,mixed
2021-03-02,11:03:00,11:08:00,6,4.163529684867565,11:05:00,3,0.6666666666666666,1.0219677982894546,,mixed
2014-07-23,14:08:00,14:11:00,4,4.161891182892616,14:08:00,2,1.0,0.7783900255700095,,mixed
2012-09-07,14:37:00,14:58:00,22,4.160941053001147,14:42:00,2,0.18181818181818182,0.4045248517471669,,compressed
2019-11-14,13:57:00,14:18:00,21,4.160467731039215,13:57:00,2,1.0,2.185386218747068,,dispersed
2014-11-10,13:40:00,14:03:00,17,4.159425710535048,13:51:00,1,0.0,0.42579907375190784,,compressed
2008-05-19,13:34:00,13:40:00,7,4.156379746725244,13:39:00,1,0.0,0.6930319075953515,,mixed
2021-03-31,12:26:00,12:30:00,5,4.156366581380425,12:27:00,1,0.0,0.3502670185394328,,compressed
2020-09-18,15:51:00,15:54:00,4,4.156227555159034,15:51:00,2,1.0,1.3296131781262972,,mixed
2008-10-09,11:10:00,11:13:00,3,4.151352058644167,11:10:00,2,1.0,1.2763279938603604,,mixed
2009-07-20,13:08:00,13:22:00,11,4.151337532283567,13:08:00,3,0.7272727272727273,0.47016621750562015,,compressed
2010-06-17,10:10:00,10:12:00,3,4.149157431215897,10:11:00,2,1.0,2.052699322416315,,dispersed
2013-02-08,14:35:00,15:13:00,39,4.148124806714297,14:36:00,2,0.5641025641025641,0.41284508417498056,,compressed
2008-05-12,11:48:00,11:50:00,3,4.146320916006056,11:48:00,1,0.0,0.9811408289939947,,mixed
2016-07-08,11:23:00,11:27:00,5,4.145724125801977,11:25:00,3,0.6,0.8120659231431084,,mixed
2016-01-08,10:11:00,10:20:00,9,4.144625183282484,10:20:00,3,1.0,1.8784622528789017,,dispersed
2010-05-05,14:37:00,14:52:00,12,4.143380763343706,14:42:00,3,0.5833333333333334,1.4647735955461285,,mixed
2014-12-12,11:07:00,11:07:00,1,4.142416201008976,11:07:00,3,1.0,1.4254276976763869,,mixed
2016-08-08,13:45:00,13:45:00,1,4.141726678373459,13:45:00,3,1.0,0.4201813821291657,,compressed
2012-06-08,10:10:00,10:14:00,5,4.140579057742962,10:11:00,2,1.0,1.47200850197038,,mixed
2012-05-24,12:45:00,12:51:00,7,4.136760350115264,12:50:00,1,0.2857142857142857,0.9206435702309737,,mixed
2010-11-23,13:31:00,13:39:00,9,4.136417983827587,13:32:00,1,0.0,1.1019927231275422,,mixed
2016-05-05,13:51:00,13:53:00,3,4.135675381725646,13:52:00,3,1.0,0.7845737179463865,,mixed
2008-07-14,15:22:00,15:31:00,10,4.133935464468401,15:25:00,3,1.0,1.6852012485532708,,dispersed
2020-02-18,12:08:00,12:12:00,5,4.131331947449334,12:10:00,1,0.2,1.2299578042894723,,mixed
2019-06-27,11:02:00,11:03:00,2,4.131307766434308,11:02:00,2,1.0,1.2566733149221898,,mixed
2020-07-09,15:51:00,15:53:00,3,4.130798033569812,15:52:00,3,1.0,2.216967901031434,,dispersed
2016-12-20,11:25:00,11:29:00,5,4.127955876212938,11:28:00,1,0.0,0.5151693703048013,,compressed
2017-06-13,13:50:00,14:01:00,8,4.1270993927763975,13:52:00,2,1.0,0.6245621284648322,,compressed
2012-01-12,13:31:00,13:37:00,7,4.125269269970369,13:31:00,1,0.2857142857142857,0.6421794598133741,,compressed
2020-09-28,14:04:00,14:24:00,13,4.1240797656939385,14:09:00,1,0.07692307692307693,0.5187472173984525,,compressed
2019-06-27,13:17:00,13:19:00,3,4.122859614509547,13:19:00,2,0.3333333333333333,0.5905458681508698,,compressed
2016-12-21,12:57:00,13:03:00,7,4.122595146806169,13:00:00,1,0.0,0.45740443554731364,,compressed
2018-11-13,14:07:00,14:08:00,2,4.122414115040543,14:08:00,1,0.0,1.2270447454077624,,mixed
2018-06-11,15:50:00,15:53:00,4,4.121593198555443,15:50:00,3,1.0,0.9844807773555727,,mixed
2011-07-22,14:33:00,14:50:00,18,4.118450703146559,14:39:00,3,1.0,0.42400521651532674,,compressed
2019-11-19,11:38:00,11:58:00,12,4.11832804904761,11:38:00,2,1.0,1.9311290720208412,,dispersed
2019-10-29,11:59:00,12:03:00,5,4.116586730972678,12:01:00,2,1.0,2.53846723298221,,dispersed
2015-11-18,10:07:00,10:07:00,1,4.116187438582887,10:07:00,1,0.0,1.2614513656240676,,mixed
2008-10-27,13:12:00,13:16:00,5,4.115935618090363,13:14:00,2,1.0,1.186745517748439,,mixed
2017-12-07,12:54:00,12:59:00,5,4.111464748386387,12:56:00,2,1.0,0.4156782775469105,,compressed
2008-12-23,11:34:00,11:38:00,5,4.109138136665232,11:35:00,3,0.2,0.7207524383959103,,mixed
2020-01-28,14:12:00,14:18:00,6,4.106373711013114,14:14:00,2,0.16666666666666666,0.7077493502926963,,mixed
2011-03-28,12:50:00,13:00:00,11,4.104016549172574,12:58:00,2,0.09090909090909091,0.5428456487497231,,compressed
2011-03-14,12:43:00,12:44:00,2,4.103220290661528,12:44:00,3,0.5,0.8991415209878743,,mixed
2014-10-29,14:00:00,14:03:00,4,4.102531888835501,14:01:00,2,1.0,2.391250745983193,,dispersed
2009-04-14,10:55:00,11:00:00,6,4.0993164816528305,10:57:00,2,1.0,1.0145493605592029,,mixed
2020-07-10,15:50:00,15:53:00,4,4.098750571792551,15:52:00,1,0.0,1.0244951821580757,,mixed
2008-04-23,13:01:00,13:02:00,2,4.098099729759708,13:02:00,3,1.0,1.4871361931317206,,mixed
2008-04-14,12:37:00,12:39:00,3,4.097920891758057,12:37:00,2,1.0,0.7712083994030402,,mixed
2011-07-22,15:00:00,15:01:00,2,4.095266576338862,15:00:00,1,0.0,0.4012440332654018,,compressed
2014-03-05,15:38:00,15:42:00,5,4.094819749376009,15:38:00,2,1.0,0.9655204772943927,,mixed
2011-01-27,13:50:00,13:52:00,3,4.094784548508917,13:50:00,1,0.0,0.543989465804722,,compressed
2015-06-08,11:20:00,11:27:00,8,4.094683843947968,11:22:00,1,0.0,1.0270623848986133,,mixed
2018-05-08,10:18:00,10:21:00,3,4.093137162666423,10:18:00,2,0.3333333333333333,0.9501645674605375,,mixed
2009-02-09,14:29:00,14:30:00,2,4.090424002718613,14:29:00,1,0.0,0.7668024655150806,,mixed
2018-08-29,15:37:00,15:44:00,8,4.088873061746807,15:39:00,2,0.5,0.5153264021988153,,compressed
2009-12-23,14:15:00,14:24:00,10,4.087846244573737,14:15:00,2,1.0,0.45585638190545924,,compressed
2020-04-02,13:14:00,13:14:00,1,4.087153491591802,13:14:00,1,0.0,1.0311201880735072,,mixed
2013-08-05,15:15:00,15:22:00,8,4.086471245333427,15:17:00,3,1.0,0.4661033708089681,,compressed
2016-02-22,14:44:00,14:44:00,1,4.0863839105591415,14:44:00,1,0.0,0.6871253824062569,,mixed
2019-05-15,10:15:00,10:28:00,12,4.0858627215295344,10:23:00,2,1.0,1.9202185655773962,,dispersed
2020-02-24,14:35:00,14:41:00,7,4.084201838815329,14:38:00,2,0.42857142857142855,1.8865742402831494,COVID selloff begins,dispersed
2008-10-22,10:46:00,10:47:00,2,4.083523758530771,10:46:00,2,1.0,0.972383978793336,,mixed
2008-12-08,11:46:00,11:49:00,4,4.079716697740246,11:47:00,2,1.0,0.6122185396039598,,compressed
2015-03-12,15:28:00,15:33:00,6,4.07858554746445,15:28:00,2,0.5,0.5574631479950267,,compressed
2013-11-20,14:02:00,14:07:00,6,4.0760564715532475,14:03:00,3,1.0,2.2669239932327523,,dispersed
2009-09-14,14:27:00,14:33:00,7,4.07603988391776,14:29:00,2,1.0,1.2635897594772245,,mixed
2010-05-18,10:49:00,10:58:00,9,4.075081169522571,10:57:00,3,0.6666666666666666,1.269311455088311,,mixed
2016-05-18,14:00:00,14:05:00,6,4.0736496746416,14:03:00,2,1.0,2.206843901638363,,dispersed
2013-09-05,13:38:00,13:42:00,5,4.073155859778872,13:40:00,2,1.0,0.48195271127383227,,compressed
2010-10-07,11:17:00,11:18:00,2,4.070682807666964,11:18:00,3,1.0,1.0982627348843483,,mixed
2012-03-01,10:01:00,10:17:00,17,4.070337492096026,10:02:00,2,1.0,4.180957150230293,,dispersed
2011-06-09,15:12:00,15:12:00,1,4.069348020852181,15:12:00,2,1.0,0.46911669686310165,,compressed
2016-07-05,11:45:00,11:46:00,2,4.068439132512651,11:45:00,2,0.5,0.9401468624307935,,mixed
2009-11-27,15:03:00,15:19:00,12,4.067190108668947,15:17:00,2,1.0,1.1169571873836093,,mixed
2020-12-24,12:08:00,12:16:00,8,4.0650199665932885,12:12:00,2,1.0,0.8249773283626949,,mixed
2019-01-17,14:40:00,14:48:00,8,4.06429110675427,14:41:00,2,1.0,1.8372552128365063,,dispersed
2008-12-26,13:48:00,13:55:00,7,4.064268518114736,13:53:00,2,1.0,0.42465351932516915,,compressed
2015-07-30,13:06:00,13:15:00,9,4.061315848734316,13:09:00,3,0.5555555555555556,0.7543421113027319,,mixed
2015-09-16,13:55:00,13:57:00,3,4.060103940457254,13:56:00,1,0.0,0.5535619140065997,,compressed
2010-06-23,11:24:00,11:32:00,7,4.058955646324165,11:28:00,3,0.7142857142857143,0.8639332446412131,,mixed
2008-11-03,13:08:00,13:11:00,4,4.058790827790653,13:11:00,3,1.0,0.3954976441736331,,compressed
2010-08-30,12:36:00,12:37:00,2,4.058537885404621,12:36:00,2,0.5,0.42373155894367187,,compressed
2019-06-24,15:41:00,15:44:00,4,4.057820987143658,15:42:00,1,0.0,0.7690121272418419,,mixed
2011-11-30,12:26:00,12:40:00,11,4.057578674535232,12:37:00,3,0.5454545454545454,0.5820446323614179,,compressed
2009-07-15,11:10:00,11:14:00,5,4.056562209112415,11:10:00,2,0.6,0.43204575790698013,,compressed
2012-06-06,13:11:00,13:17:00,7,4.055499498098305,13:17:00,1,0.0,0.3644880707752498,,compressed
2020-06-02,14:10:00,14:17:00,6,4.054701627180936,14:17:00,2,1.0,0.7051709807497999,,mixed
2008-02-15,12:01:00,12:06:00,5,4.054010408422114,12:02:00,2,1.0,0.8524978580074257,,mixed
2013-12-26,12:12:00,12:25:00,14,4.053335661808774,12:13:00,3,0.2857142857142857,0.5460036036612449,,compressed
2016-09-06,11:33:00,11:36:00,4,4.051670374426087,11:34:00,3,1.0,1.0275836757877623,,mixed
2018-08-28,15:19:00,15:26:00,4,4.048213437823014,15:25:00,1,0.0,0.884440038232599,,mixed
2021-01-13,14:20:00,14:26:00,6,4.047405688612472,14:21:00,3,1.0,0.7706281223083634,,mixed
2011-05-20,12:00:00,12:01:00,2,4.046303155691655,12:00:00,1,0.0,0.9442954924350104,,mixed
2019-01-31,12:57:00,13:01:00,5,4.046020291717185,12:59:00,2,1.0,1.3911320896744663,,mixed
2015-09-03,10:45:00,10:51:00,3,4.044880793776694,10:45:00,2,1.0,0.748876939271907,,mixed
2009-10-09,14:28:00,14:35:00,8,4.043830333372954,14:30:00,2,0.25,0.7164692014059624,,mixed
2012-05-01,12:38:00,12:39:00,2,4.043123601719638,12:39:00,1,0.0,0.40933035416632024,,compressed
2016-12-22,14:44:00,14:49:00,6,4.042250798369373,14:45:00,1,0.0,0.37995415557158974,,compressed
2017-05-09,11:59:00,12:04:00,6,4.041851583490152,12:00:00,1,0.5,0.6062175055651527,,compressed
2010-11-02,15:32:00,15:44:00,11,4.041791780130648,15:42:00,2,1.0,0.5334441902902783,,compressed
2016-12-23,14:12:00,14:35:00,24,4.04067701619345,14:25:00,2,0.5833333333333334,0.44654562235255646,,compressed
2020-11-11,13:26:00,13:32:00,7,4.039239961764817,13:29:00,3,1.0,0.4468609381773951,,compressed
2011-08-12,14:31:00,14:34:00,4,4.039185986555236,14:33:00,2,0.5,0.788571754028313,,mixed
2010-12-01,13:19:00,13:22:00,4,4.035258636428074,13:19:00,2,1.0,1.1939318721137937,,mixed
2019-07-09,13:58:00,14:01:00,4,4.0347661472360485,13:59:00,2,0.25,0.3069447635739187,,compressed
2011-06-13,14:16:00,14:24:00,8,4.034336633896201,14:17:00,3,1.0,1.145221278085305,,mixed
2018-02-14,15:33:00,15:42:00,10,4.032153618489579,15:36:00,1,0.0,0.4928876465981871,,compressed
2016-11-01,10:16:00,10:28:00,12,4.032089123959528,10:20:00,2,1.0,1.8595607975495843,,dispersed
2008-04-09,11:35:00,11:39:00,5,4.031119473722821,11:38:00,2,1.0,1.2113913762504898,,mixed
2013-09-09,12:49:00,12:54:00,6,4.030504800139428,12:52:00,3,0.6666666666666666,0.4459481705908472,,compressed
2010-03-08,13:29:00,13:42:00,14,4.02963984978602,13:29:00,1,0.42857142857142855,0.5587174939685093,,compressed
2010-04-01,12:41:00,12:48:00,8,4.029072950022327,12:43:00,3,1.0,0.5113038497784824,,compressed
2017-08-03,15:32:00,15:39:00,8,4.029064205824825,15:35:00,3,1.0,2.129898718953669,,dispersed
2009-12-24,12:30:00,12:56:00,27,4.028704532914778,12:53:00,3,1.0,0.30741026889404277,,compressed
2010-12-03,13:14:00,13:35:00,19,4.028217543242605,13:18:00,2,0.21052631578947367,0.48072392160937666,,compressed
2009-12-14,13:21:00,13:35:00,15,4.026032552309205,13:27:00,1,0.0,0.45902862236021746,,compressed
2019-03-18,12:41:00,12:44:00,4,4.025791987946837,12:42:00,1,0.0,0.9421434676858496,,mixed
2008-09-26,10:43:00,10:47:00,5,4.024819619364353,10:45:00,2,1.0,0.8860739264098683,,mixed
2012-02-01,13:12:00,13:19:00,8,4.024292234512644,13:17:00,2,0.75,0.6102987880684281,,compressed
2011-07-28,11:26:00,11:28:00,3,4.02426537758133,11:27:00,3,0.3333333333333333,1.152192912985462,,mixed
2009-11-09,12:39:00,12:41:00,3,4.02348825299794,12:41:00,1,0.0,0.3702506770287019,,compressed
2010-10-20,14:04:00,14:04:00,1,4.022920870386847,14:04:00,2,1.0,1.2989467645612407,,mixed
2012-06-07,13:54:00,13:56:00,3,4.022081339653374,13:56:00,2,1.0,0.5272152931987251,,compressed
2009-02-24,14:43:00,14:45:00,3,4.021655476843661,14:45:00,1,0.0,1.1651620609003461,,mixed
2009-06-02,10:44:00,10:44:00,1,4.020951016640831,10:44:00,1,0.0,0.8352271894528851,,mixed
2014-06-27,12:05:00,12:08:00,4,4.020262841447023,12:07:00,1,0.25,0.39145977373519164,,compressed
2020-05-21,13:47:00,13:52:00,5,4.016685760230791,13:47:00,1,0.4,1.0168701036557921,,mixed
2016-02-24,10:31:00,10:31:00,1,4.016300567394936,10:31:00,3,1.0,2.202664504200115,,dispersed
2017-02-09,14:33:00,14:34:00,2,4.014327193729326,14:33:00,2,1.0,0.551376087994258,,compressed
2016-10-19,15:30:00,15:39:00,10,4.014296894106761,15:30:00,1,0.0,0.37432716444167347,,compressed
2016-01-26,11:21:00,11:25:00,5,4.013841526685632,11:21:00,2,1.0,0.8016028731131133,,mixed
2011-10-04,10:12:00,10:18:00,7,4.01320249709766,10:14:00,2,1.0,1.804846546618509,final-hour melt-up (+4% in 45 min),dispersed
2009-11-23,12:23:00,12:28:00,6,4.010303090681242,12:28:00,2,1.0,0.5544905723578848,,compressed
2014-10-30,14:41:00,14:45:00,5,4.009167464274657,14:44:00,1,0.0,0.7266703788238719,,mixed
2016-11-25,11:55:00,12:02:00,8,4.008974313874499,11:55:00,1,0.0,0.561744843098263,,compressed
2010-03-01,14:00:00,14:05:00,6,4.0089045434816,14:05:00,1,0.0,0.42295583347172416,,compressed
2018-01-26,13:20:00,13:23:00,4,4.0073724577613925,13:20:00,1,0.25,0.6946744005765202,,mixed
2008-11-26,14:22:00,14:22:00,1,4.007329317577961,14:22:00,3,1.0,0.5349125684635434,,compressed
2011-01-11,12:45:00,12:59:00,15,4.006743555456933,12:53:00,1,0.0,0.4997013977377281,,compressed
2010-11-19,13:06:00,13:12:00,7,4.006630532830586,13:12:00,2,0.14285714285714285,0.35799173195287404,,compressed
2019-07-11,13:09:00,13:12:00,4,4.00510524831839,13:11:00,2,1.0,0.8874938888257745,,mixed
2016-09-28,14:10:00,14:14:00,4,4.003293208973144,14:13:00,2,1.0,1.6207385656227624,,dispersed
2010-02-02,13:30:00,13:36:00,7,4.002700921369685,13:35:00,3,0.5714285714285714,0.41457850722721107,,compressed
2019-10-10,13:56:00,13:59:00,4,4.002383752601064,13:56:00,2,1.0,1.1912828553846746,,mixed
2011-05-17,11:54:00,11:57:00,4,4.002333282388627,11:56:00,1,0.0,1.5604795992607032,,dispersed
2014-10-22,14:45:00,14:47:00,3,4.002180532973176,14:46:00,1,0.0,0.9937727932754875,,mixed
2017-08-21,13:13:00,13:19:00,7,4.001935734934916,13:15:00,3,0.7142857142857143,0.40006409502731755,,compressed
2011-09-12,13:59:00,14:02:00,4,4.001593940546227,14:00:00,1,0.0,1.028876082413985,,mixed
2013-01-16,15:17:00,15:21:00,5,3.997629169782926,15:20:00,2,1.0,0.58279339823927,,compressed
2014-12-16,13:08:00,13:13:00,3,3.997499036562187,13:08:00,3,1.0,1.3006474300614472,,mixed
2008-08-25,11:57:00,11:58:00,2,3.9974135281517356,11:58:00,2,1.0,1.517641547159252,,dispersed
2018-04-19,15:37:00,15:40:00,4,3.9959801438586657,15:40:00,2,1.0,1.9985883081319953,,dispersed
2011-05-20,14:50:00,14:51:00,2,3.9956417473174786,14:51:00,2,1.0,0.5613520711472054,,compressed
2010-01-15,14:46:00,14:59:00,13,3.9944953098746008,14:57:00,3,0.9230769230769231,0.6389204135761485,,compressed
2020-05-29,13:06:00,13:13:00,8,3.9944497984014156,13:10:00,2,1.0,2.320748325384019,,dispersed
2011-09-15,12:33:00,12:37:00,5,3.9934225638090655,12:35:00,2,1.0,0.6785331207271353,,mixed
2017-06-28,13:53:00,13:55:00,3,3.9927634997425625,13:55:00,1,0.0,0.8982940176393492,,mixed
2008-02-08,12:21:00,12:24:00,4,3.992428222724935,12:21:00,2,1.0,0.9913491851142724,,mixed
2014-05-29,13:18:00,13:24:00,7,3.9891104700701967,13:20:00,3,1.0,0.6542389659274311,,compressed
2011-05-24,13:26:00,13:31:00,6,3.988625055140771,13:30:00,2,0.6666666666666666,0.831773083516623,,mixed
2013-07-31,14:02:00,14:07:00,5,3.9874307556512396,14:02:00,2,1.0,2.0593642274187647,,dispersed
2015-10-23,13:36:00,13:39:00,4,3.9865728540046415,13:38:00,2,1.0,0.8903865344056376,,mixed
2010-06-15,13:10:00,13:12:00,2,3.9840842928060924,13:10:00,1,0.0,0.6616326674656045,,compressed
2010-03-09,13:39:00,13:39:00,1,3.982798719088042,13:39:00,3,1.0,0.6240426155594969,,compressed
2020-08-18,14:45:00,14:47:00,3,3.982149232045666,14:46:00,3,0.3333333333333333,0.7077533810264018,,mixed
2010-12-03,12:08:00,12:09:00,2,3.9794793496078897,12:08:00,1,0.0,0.5320564042750819,,compressed
2019-08-20,12:26:00,12:31:00,6,3.9794376510116303,12:29:00,3,0.6666666666666666,0.5570322749153315,,compressed
2013-07-10,13:01:00,13:13:00,13,3.9751635127409317,13:03:00,1,0.15384615384615385,0.45600364024014134,,compressed
2016-11-17,12:13:00,12:26:00,11,3.9740727967315737,12:21:00,1,0.0,0.44794871331845143,,compressed
2016-06-08,14:01:00,14:05:00,5,3.9736927853566244,14:01:00,3,1.0,0.580481716124309,,compressed
2015-11-05,14:21:00,14:22:00,2,3.973016103863861,14:22:00,1,0.0,1.0781566028744625,,mixed
2012-02-17,14:26:00,14:28:00,3,3.9719514950426733,14:26:00,1,0.3333333333333333,0.355328717220604,,compressed
2014-09-16,13:54:00,13:57:00,4,3.9707469971328737,13:54:00,2,1.0,0.6621093128434832,,compressed
2019-03-05,14:09:00,14:11:00,3,3.9693703349897813,14:11:00,2,1.0,0.6099995623322821,,compressed
2019-05-29,11:40:00,11:41:00,2,3.968779818438014,11:40:00,2,0.5,1.4158444934624812,,mixed
2011-12-05,12:02:00,12:03:00,2,3.967137506976808,12:02:00,1,0.0,0.7280764731774647,,mixed
2020-11-27,11:06:00,11:10:00,5,3.9640601097984427,11:06:00,3,1.0,0.624769550546292,,compressed
2018-11-29,14:00:00,14:01:00,2,3.963506287959581,14:00:00,2,1.0,1.0107884800861173,,mixed
2017-11-15,14:56:00,15:08:00,12,3.9586144140091446,14:57:00,2,1.0,0.6495572996296142,,compressed
2015-02-18,13:42:00,13:47:00,5,3.9582757403862945,13:42:00,2,1.0,0.7596113765128175,,mixed
2009-07-02,12:44:00,12:51:00,8,3.956384078419981,12:45:00,1,0.125,0.5119677814050614,,compressed
2008-12-22,11:09:00,11:13:00,5,3.9561272770043594,11:11:00,2,0.2,0.7908076141405032,,mixed
2018-03-21,13:01:00,13:03:00,3,3.950712854659906,13:02:00,1,0.0,0.5378622318243179,,compressed
2009-04-29,14:18:00,14:24:00,4,3.948815991813033,14:24:00,2,1.0,1.7314265569653875,,dispersed
2018-11-28,10:03:00,10:08:00,6,3.948755695155369,10:04:00,2,1.0,1.014739444978498,,mixed
2014-07-01,13:51:00,14:04:00,12,3.9484953230663726,13:54:00,1,0.08333333333333333,0.44056502523165575,,compressed
2008-11-12,12:05:00,12:05:00,1,3.9476468578083357,12:05:00,2,1.0,0.751660192912136,,mixed
2015-05-14,14:24:00,14:29:00,6,3.946681297553266,14:24:00,1,0.0,0.4313499848585415,,compressed
2019-06-12,10:16:00,10:16:00,1,3.945653517598993,10:16:00,3,1.0,1.28871248778545,,mixed
2015-03-19,14:27:00,14:32:00,6,3.9450261923102716,14:28:00,1,0.0,1.1890630297265121,,mixed
2010-02-10,11:09:00,11:13:00,5,3.9448364804339886,11:10:00,3,1.0,1.203836106938003,,mixed
2009-01-29,13:13:00,13:23:00,11,3.9444585910783703,13:14:00,3,0.8181818181818182,0.5810595368499473,,compressed
2012-02-08,12:52:00,13:00:00,5,3.9444234089166645,12:52:00,2,1.0,0.6943407687894138,,mixed
2015-01-29,12:44:00,12:45:00,2,3.9435061445734743,12:45:00,2,1.0,1.3650436085565791,,mixed
2010-09-16,12:40:00,12:47:00,8,3.943373002091952,12:40:00,1,0.0,0.6113389588616945,,compressed
2010-03-02,13:23:00,13:33:00,7,3.942226620093579,13:23:00,1,0.14285714285714285,0.5454205463127837,,compressed
2015-09-14,11:42:00,11:45:00,4,3.9403572725888,11:43:00,1,0.0,0.8054045773785731,,mixed
2013-04-29,14:50:00,15:00:00,9,3.9368824690448503,14:58:00,2,1.0,0.4690756048182077,,compressed
2014-12-16,11:28:00,11:28:00,1,3.936410003797503,11:28:00,2,1.0,1.5791943422808363,,dispersed
2008-04-10,10:00:00,10:02:00,3,3.934516101025845,10:01:00,2,1.0,1.4224113400217233,,mixed
2018-06-04,10:08:00,10:09:00,2,3.9335306532537495,10:08:00,1,0.0,0.845218100953341,,mixed
2010-12-02,10:31:00,10:32:00,2,3.933072989486601,10:31:00,1,0.0,1.277949626685157,,mixed
2013-12-31,12:05:00,12:07:00,3,3.932967507460434,12:06:00,3,1.0,0.5220858233877984,,compressed
2012-07-13,14:31:00,14:39:00,9,3.931532694453678,14:35:00,2,1.0,0.5260491771114245,,compressed
2010-07-30,13:18:00,13:22:00,5,3.930741051828088,13:20:00,2,0.8,0.8791681349652024,,mixed
2012-03-27,13:52:00,13:56:00,5,3.9306401789278143,13:53:00,3,0.8,0.5616192989844957,,compressed
2012-02-17,14:40:00,14:42:00,3,3.929878306790311,14:40:00,1,0.0,0.34688497755525305,,compressed
2013-06-19,11:35:00,11:40:00,5,3.929757180033646,11:35:00,3,0.8,0.8570467962183711,,mixed
2012-04-11,12:44:00,12:48:00,5,3.929542890115406,12:48:00,3,0.8,0.45957475443463336,,compressed
2010-09-03,14:09:00,14:09:00,1,3.9289214208808962,14:09:00,2,1.0,0.42999979095672247,,compressed
2011-08-08,14:01:00,14:02:00,2,3.928621294783224,14:01:00,2,0.5,1.5200451519721343,S&P downgrade aftermath (-6.7%),dispersed
2016-11-02,15:10:00,15:24:00,6,3.9278498775458797,15:18:00,1,0.0,1.5394955019097158,,dispersed
2008-07-08,11:12:00,11:18:00,7,3.9267995194772443,11:17:00,2,0.5714285714285714,1.4265030623249957,,mixed
2020-03-25,14:13:00,14:16:00,4,3.924010384138596,14:16:00,1,0.0,0.9086727986964594,,mixed
2009-03-12,11:02:00,11:05:00,4,3.9225491913471653,11:04:00,1,0.0,0.8753979168806838,,mixed
2015-06-17,15:46:00,15:47:00,2,3.9218483730864806,15:46:00,2,1.0,1.1839383462119906,,mixed
2010-05-14,15:40:00,15:47:00,7,3.921430024781493,15:43:00,1,0.14285714285714285,1.2198708153180067,,mixed
2019-04-15,15:01:00,15:04:00,3,3.9211797257774585,15:04:00,2,1.0,0.5272759936653532,,compressed
2017-06-19,14:07:00,14:08:00,2,3.9198442444741004,14:07:00,1,0.0,0.42082402067497465,,compressed
2013-12-23,13:23:00,13:27:00,5,3.918728210949746,13:27:00,1,0.0,0.47609746624590965,,compressed
2011-10-28,13:52:00,14:07:00,15,3.918091152023861,14:02:00,2,0.8666666666666667,0.8601131863285091,,mixed
2012-07-02,13:51:00,13:56:00,6,3.914834284348273,13:55:00,1,0.0,0.5273274931159537,,compressed
2014-02-18,15:43:00,15:43:00,1,3.914437381510332,15:43:00,1,0.0,0.4906532607897488,,compressed
2018-09-12,12:45:00,12:45:00,1,3.914399409306177,12:45:00,1,0.0,0.7020243005281053,,mixed
2012-04-26,14:56:00,14:56:00,1,3.914051854368286,14:56:00,1,0.0,0.5384562032251471,,compressed
2015-06-19,12:04:00,12:11:00,6,3.913533311769492,12:11:00,1,0.5,1.0848634004767765,,mixed
2010-08-05,15:15:00,15:24:00,9,3.912852012158846,15:16:00,2,0.4444444444444444,0.6282154246405375,,compressed
2014-05-22,15:21:00,15:23:00,3,3.912769895468445,15:21:00,3,1.0,0.8388843290760531,,mixed
2011-09-14,12:16:00,12:21:00,6,3.912704407431619,12:19:00,1,0.0,0.5763514172502304,,compressed
2014-06-24,12:28:00,12:28:00,1,3.9124108140431053,12:28:00,1,0.0,0.515593687275998,,compressed
2013-03-11,12:33:00,12:40:00,8,3.9118384449200447,12:38:00,3,0.25,0.47511313859584786,,compressed
2011-12-19,15:04:00,15:11:00,5,3.9110688933729785,15:04:00,2,1.0,1.7564300656024792,,dispersed
2010-09-17,15:11:00,15:14:00,4,3.9097784006432956,15:11:00,2,0.25,0.5972416067477833,,compressed
2009-01-23,14:06:00,14:11:00,6,3.908186749424665,14:07:00,3,1.0,1.2198976938275277,,mixed
2008-11-13,12:20:00,12:27:00,6,3.907372889608056,12:25:00,2,1.0,0.9372826199526872,intraday reversal day (+6.9%),mixed
2021-02-19,14:16:00,14:21:00,5,3.905854225440125,14:18:00,3,1.0,0.925392711066858,,mixed
2019-09-24,14:12:00,14:15:00,4,3.9055341814944002,14:12:00,2,1.0,4.903791107272454,,dispersed
2013-11-04,15:44:00,15:46:00,2,3.903642987163015,15:44:00,1,0.0,0.7621903789952689,,mixed
2019-04-05,14:11:00,14:15:00,4,3.9030940624237016,14:12:00,1,0.0,0.40054224663210586,,compressed
2008-08-06,12:38:00,12:41:00,4,3.90272420837284,12:38:00,1,0.0,0.6459903147537622,,compressed
2013-04-25,13:09:00,13:13:00,5,3.902424396905001,13:09:00,1,0.6,0.4225256114086383,,compressed
2013-09-13,15:09:00,15:10:00,2,3.9023306620255616,15:09:00,1,0.0,0.5280469289599856,,compressed
2008-04-29,15:50:00,15:58:00,9,3.8963683133946443,15:54:00,2,1.0,1.0550566710667102,,mixed
2011-04-01,13:42:00,13:57:00,13,3.8959649179213884,13:45:00,2,1.0,0.5209150611465615,,compressed
2021-03-10,11:55:00,12:11:00,17,3.8956815589691316,12:00:00,2,1.0,0.873514357437853,,mixed
2019-05-22,15:04:00,15:09:00,4,3.8945544372063527,15:09:00,1,0.25,0.6431804545128554,,compressed
2018-11-16,14:58:00,15:02:00,5,3.893992007530656,15:02:00,2,1.0,0.6988959271507972,,mixed
2013-07-01,15:22:00,15:24:00,3,3.892394373101297,15:24:00,1,0.0,0.8228616310288805,,mixed
2014-08-06,11:46:00,11:48:00,3,3.892338694558478,11:47:00,1,0.0,0.8201623937694882,,mixed
2019-06-18,11:25:00,11:30:00,6,3.892060193767421,11:27:00,3,1.0,1.8919762027009013,,dispersed
2012-11-29,11:40:00,11:44:00,5,3.8905154531639647,11:40:00,2,1.0,2.4238877196349384,,dispersed
2012-08-03,14:28:00,14:32:00,5,3.890366247597605,14:32:00,2,1.0,0.39683591657828615,,compressed
2019-10-08,14:57:00,15:17:00,16,3.8901706991758536,15:17:00,3,1.0,3.7886463816015903,,dispersed
2019-09-04,11:50:00,11:56:00,7,3.8885604270012335,11:53:00,1,0.0,0.5626136978792444,,compressed
2012-01-12,12:47:00,12:50:00,4,3.886366220998665,12:47:00,3,0.25,0.5031689311576822,,compressed
2014-11-19,11:30:00,11:30:00,1,3.8823783678667403,11:30:00,1,0.0,0.9875221047556862,,mixed
2013-07-31,10:18:00,10:20:00,3,3.8822295572037873,10:18:00,2,1.0,1.1524054508160224,,mixed
2020-09-30,13:01:00,13:04:00,4,3.881916543627472,13:02:00,3,0.25,0.6832230305975585,,mixed
2009-09-14,14:54:00,14:55:00,2,3.8817888668730443,14:54:00,2,1.0,1.368057487939636,,mixed
2009-05-11,14:47:00,14:50:00,4,3.881325214367493,14:49:00,3,0.5,0.7361824913346704,,mixed
2010-07-26,11:11:00,11:17:00,7,3.8808874646180938,11:16:00,3,0.14285714285714285,1.0981579054150374,,mixed
2010-04-14,13:34:00,13:39:00,6,3.87972242015266,13:39:00,1,0.0,0.5556563006537497,,compressed
2014-04-21,12:54:00,12:56:00,3,3.8777444557160416,12:55:00,2,1.0,0.40142881274090825,,compressed
2016-04-14,13:15:00,13:18:00,4,3.8772670106209333,13:15:00,2,1.0,0.4619034905395287,,compressed
2016-11-17,13:24:00,13:29:00,6,3.875946968617316,13:24:00,1,0.0,0.3699519342490359,,compressed
2010-04-29,15:54:00,15:54:00,1,3.8755193807892296,15:54:00,3,1.0,0.8046865017824855,,mixed
2012-08-16,13:08:00,13:15:00,8,3.8744637126094488,13:08:00,3,0.25,0.568023908219243,,compressed
2008-07-17,15:11:00,15:22:00,9,3.8738200807672074,15:19:00,3,0.4444444444444444,0.9472164026730782,,mixed
2008-05-06,11:56:00,11:58:00,3,3.872304048056871,11:58:00,1,0.0,0.7605119313802053,,mixed
2009-01-30,10:20:00,10:22:00,3,3.8716155423310004,10:21:00,3,1.0,1.1767580636332367,,mixed
2021-03-11,14:01:00,14:03:00,3,3.8694074582209743,14:01:00,1,0.0,0.5539756534603597,,compressed
2016-07-22,13:29:00,13:37:00,9,3.8686008539936725,13:29:00,3,0.3333333333333333,0.6590296338305175,,compressed
2015-06-03,14:58:00,15:10:00,9,3.86685537951877,15:03:00,2,0.8888888888888888,0.7248977924250253,,mixed
2013-07-08,14:20:00,14:24:00,4,3.8663822797925147,14:21:00,1,0.25,0.44080036219368524,,compressed
2013-08-26,14:47:00,14:53:00,7,3.864539251569363,14:48:00,2,0.42857142857142855,0.598624621170118,,compressed
2013-09-04,13:35:00,13:52:00,16,3.8640475739473805,13:43:00,1,0.0,0.5181668176871922,,compressed
2021-03-25,12:19:00,12:24:00,6,3.8638367254736994,12:23:00,2,0.8333333333333334,1.8286956702548032,,dispersed
2014-09-10,14:06:00,14:19:00,8,3.863472547374847,14:08:00,1,0.0,1.0970433712975076,,mixed
2010-03-23,14:29:00,14:29:00,1,3.863032548142449,14:29:00,1,0.0,0.5525964429553378,,compressed
2019-10-18,15:55:00,15:59:00,5,3.8628710359778258,15:59:00,3,1.0,1.8351102262507761,,dispersed
2017-07-11,12:17:00,12:36:00,16,3.862788256732076,12:35:00,3,0.625,1.1182593495378759,,mixed
2016-05-10,14:11:00,14:13:00,2,3.8608992542112137,14:11:00,1,0.0,0.3657038627720734,,compressed
2018-11-06,14:27:00,14:34:00,8,3.8608785654012623,14:28:00,3,1.0,0.7926506721126004,,mixed
2012-06-19,12:55:00,12:59:00,5,3.8608419810610055,12:56:00,3,0.8,0.39709663134380396,,compressed
2020-02-26,11:57:00,11:58:00,2,3.860152573821184,11:58:00,1,0.0,1.793037265320004,,dispersed
2020-04-03,11:46:00,11:55:00,9,3.859836815244835,11:53:00,2,0.8888888888888888,0.8608482596490135,,mixed
2014-02-21,13:38:00,13:39:00,2,3.858407984157806,13:38:00,1,0.0,0.9798293858816717,,mixed
2013-09-18,11:27:00,11:33:00,7,3.8550515080914405,11:28:00,1,0.0,0.5214990060632525,,compressed
2012-04-30,12:10:00,12:11:00,2,3.8550052718297634,12:11:00,2,0.5,0.5421454990871817,,compressed
2009-10-26,10:03:00,10:10:00,8,3.85330206116145,10:04:00,2,1.0,2.439481318793242,,dispersed
2009-05-29,14:37:00,14:37:00,1,3.8525060935835937,14:37:00,2,1.0,0.5577227159427803,,compressed
2019-06-12,10:10:00,10:10:00,1,3.8520459982661936,10:10:00,3,1.0,1.3059569984784853,,mixed
2011-03-23,14:43:00,14:52:00,7,3.851991986529612,14:47:00,1,0.14285714285714285,0.5406489161605068,,compressed
2013-10-17,14:07:00,14:15:00,8,3.8516073916685505,14:14:00,2,1.0,0.4698975214070519,,compressed
2011-01-26,13:26:00,13:29:00,4,3.8513264356677652,13:29:00,2,1.0,0.7068864369335904,,mixed
2018-05-17,12:40:00,12:40:00,1,3.8511432769138203,12:40:00,2,1.0,1.0280289142649268,,mixed
2017-10-24,12:43:00,12:51:00,7,3.8506580160693944,12:44:00,3,0.7142857142857143,0.4165501506733759,,compressed
2013-09-05,12:54:00,13:19:00,21,3.850546494542263,13:17:00,3,0.6666666666666666,0.4481261962611794,,compressed
2011-09-07,13:58:00,14:03:00,6,3.849837124887815,14:03:00,3,0.3333333333333333,0.47363139490369227,,compressed
2014-10-03,13:10:00,13:13:00,4,3.849760305890785,13:11:00,1,0.0,0.7074336959116625,,mixed
2010-10-29,12:46:00,12:49:00,4,3.847441900092959,12:46:00,3,1.0,0.5990035909965629,,compressed
2008-08-18,14:44:00,14:47:00,4,3.8471086442992446,14:45:00,1,0.25,0.8917755880452796,,mixed
2018-04-02,15:41:00,15:46:00,4,3.8466967579805424,15:46:00,1,0.25,1.4596824116531484,,mixed
2009-04-17,12:25:00,12:28:00,4,3.845732748185794,12:26:00,2,0.75,0.7095726641470866,,mixed
2014-04-29,15:54:00,15:57:00,4,3.8454162522315127,15:56:00,1,0.0,0.6353193531343972,,compressed
2009-12-10,14:44:00,14:44:00,1,3.8452608640514,14:44:00,2,1.0,0.4350085791137108,,compressed
2012-05-01,11:44:00,11:47:00,4,3.844736733304395,11:46:00,3,1.0,0.5875777665454439,,compressed
2009-06-26,15:04:00,15:04:00,1,3.8442148593735346,15:04:00,2,1.0,0.7677933291074729,,mixed
2017-04-04,14:59:00,15:03:00,5,3.843708544723174,15:03:00,2,1.0,0.866409440305933,,mixed
2014-01-07,13:30:00,13:38:00,9,3.8436969672295422,13:30:00,1,0.0,0.3933057857714256,,compressed
2014-09-17,14:03:00,14:10:00,8,3.8429361970025804,14:10:00,2,1.0,3.3056562863105254,,dispersed
2010-06-16,10:44:00,10:47:00,2,3.8428095571142205,10:47:00,1,0.5,0.9697309386134788,,mixed
2018-01-19,13:19:00,13:22:00,4,3.8419189816135906,13:19:00,2,1.0,0.870101475238296,,mixed
2021-03-31,13:30:00,13:32:00,3,3.841852152301744,13:31:00,3,0.6666666666666666,0.28933629567398644,,compressed
2011-05-19,13:02:00,13:05:00,4,3.840201086313063,13:03:00,1,0.0,0.6947500323165843,,mixed
2018-10-29,14:45:00,14:46:00,2,3.8401017520477607,14:45:00,2,0.5,0.902820407561559,,mixed
2009-11-02,10:35:00,10:36:00,2,3.8386410646860383,10:35:00,1,0.0,1.7216463322070954,,dispersed
2019-02-14,10:37:00,10:43:00,7,3.8385115825989704,10:38:00,2,1.0,2.9129910355084943,,dispersed
2017-11-13,15:24:00,15:26:00,3,3.838383082944855,15:26:00,2,1.0,0.661122866899817,,compressed
2021-02-23,13:37:00,13:40:00,4,3.8367107041665123,13:39:00,3,1.0,1.2926569999877533,,mixed
2010-01-15,13:17:00,13:19:00,3,3.836585273183079,13:18:00,2,1.0,0.6361974555662875,,compressed
2018-01-11,12:22:00,12:27:00,6,3.8358636547216634,12:24:00,3,1.0,0.5210025676319547,,compressed
2016-07-19,14:25:00,14:33:00,8,3.8357488501700074,14:28:00,2,1.0,0.6526718268111485,,compressed
2019-01-11,14:54:00,14:57:00,4,3.8353974705437954,14:56:00,1,0.0,0.6664793662171579,,compressed
2009-03-31,12:22:00,12:37:00,11,3.834103752212646,12:28:00,1,0.0,0.5611373370954438,,compressed
2016-10-24,13:22:00,13:22:00,1,3.8330600440912366,13:22:00,3,1.0,0.5472571952638857,,compressed
2011-12-07,12:27:00,12:28:00,2,3.832876615864238,12:28:00,2,1.0,0.9603487054960218,,mixed
2010-03-11,13:34:00,13:35:00,2,3.8308429324360933,13:35:00,3,1.0,0.45898209995850564,,compressed
2014-09-29,13:18:00,13:22:00,5,3.829283418408213,13:22:00,2,0.2,1.0087213938337327,,mixed
2016-01-21,11:41:00,11:46:00,6,3.828882201176986,11:44:00,3,0.6666666666666666,0.9613351162922237,,mixed
2021-04-14,11:35:00,11:39:00,4,3.8271009943421634,11:37:00,1,0.75,1.1504275072501609,,mixed
2009-09-14,13:31:00,13:32:00,2,3.8269974713335,13:31:00,1,0.0,0.4566708455180835,,compressed
2013-08-19,15:07:00,15:14:00,4,3.826989957548385,15:07:00,1,0.0,0.7840905660158208,,mixed
2013-05-06,15:35:00,15:38:00,4,3.826128849485872,15:38:00,3,0.25,0.4751957567975075,,compressed
2017-09-08,14:51:00,14:55:00,3,3.825993573168698,14:51:00,1,0.0,0.9718252412473982,,mixed
2011-01-13,13:58:00,14:04:00,6,3.823862740469709,14:01:00,3,1.0,0.6200518720886536,,compressed
2019-10-10,14:07:00,14:08:00,2,3.823051908071535,14:07:00,2,1.0,2.230125166888105,,dispersed
2017-07-14,11:51:00,11:56:00,6,3.822027270799159,11:51:00,1,0.0,0.42428314637903225,,compressed
2011-07-22,13:33:00,13:34:00,2,3.821472094657146,13:33:00,1,0.0,0.5176654542747708,,compressed
2014-10-24,14:04:00,14:08:00,4,3.816576512975367,14:04:00,1,0.0,0.7727751363659816,,mixed
2017-10-17,12:43:00,12:57:00,15,3.815746448855069,12:45:00,1,0.0,0.5551585405364394,,compressed
2019-09-19,10:53:00,10:53:00,1,3.8150753364220376,10:53:00,3,1.0,1.1324507477789962,,mixed
2012-04-18,12:22:00,12:23:00,2,3.814646378603592,12:23:00,3,1.0,0.9302871391735059,,mixed
2009-05-14,14:16:00,14:24:00,9,3.8142297363551863,14:23:00,3,1.0,0.8009683121118091,,mixed
2013-12-20,14:31:00,14:31:00,1,3.813326175522464,14:31:00,2,1.0,0.6276970608919321,,compressed
2020-10-21,12:20:00,12:21:00,2,3.812792895389055,12:20:00,3,1.0,2.1289094683719543,,dispersed
2021-01-21,14:31:00,14:40:00,9,3.8125333424238956,14:36:00,1,0.0,0.44949914492992354,,compressed
2015-12-22,12:27:00,12:36:00,5,3.812343710827713,12:28:00,2,1.0,0.8050695891283954,,mixed
2019-02-19,14:13:00,14:31:00,13,3.8120613549211906,14:30:00,2,0.15384615384615385,0.5301412178485918,,compressed
2008-12-26,11:15:00,11:17:00,3,3.8119416581553702,11:15:00,2,0.3333333333333333,0.42647081343992693,,compressed
2013-09-04,15:24:00,15:35:00,10,3.811067947521345,15:29:00,2,1.0,1.2793235704433197,,mixed
2014-02-10,13:34:00,13:40:00,7,3.8104202378499403,13:39:00,2,0.5714285714285714,0.6215550890684518,,compressed
2011-11-09,13:52:00,13:53:00,2,3.8087437660367818,13:52:00,1,0.0,0.7980960184296276,,mixed
2013-10-17,14:56:00,14:59:00,4,3.808242250935241,14:59:00,1,0.0,0.5056602934406813,,compressed
2013-07-09,15:17:00,15:19:00,3,3.807283713254405,15:18:00,3,1.0,0.6919140782671385,,mixed
2012-09-17,13:45:00,13:47:00,3,3.8070610139028496,13:47:00,2,1.0,0.5064450438135635,,compressed
2021-03-17,13:41:00,13:49:00,9,3.8045871266109406,13:44:00,2,1.0,1.1029251327373428,,mixed
2016-01-12,13:38:00,13:40:00,3,3.802810815829877,13:38:00,1,0.0,1.1766211996658296,,mixed
2015-09-22,11:50:00,11:52:00,3,3.8024125145786574,11:50:00,3,1.0,1.1987507155081703,,mixed
2013-11-04,13:56:00,14:01:00,6,3.801929124158621,13:58:00,3,0.16666666666666666,0.5703484623883521,,compressed
2016-12-14,12:46:00,12:46:00,1,3.8005428184966026,12:46:00,3,1.0,0.48463152180672703,,compressed
2021-05-05,11:30:00,11:30:00,1,3.80013219815439,11:30:00,1,0.0,0.7993862581311096,,mixed
2013-05-31,15:07:00,15:11:00,2,3.799264163294212,15:07:00,1,0.0,0.9307854382345937,,mixed
2018-07-19,13:02:00,13:02:00,1,3.799106868284146,13:02:00,2,1.0,2.2197992110302147,,dispersed
2010-06-08,12:41:00,12:44:00,4,3.7983185894249263,12:42:00,1,0.0,0.761802601713617,,mixed
2012-06-19,13:30:00,13:31:00,2,3.797216216880292,13:30:00,1,0.0,0.42778933286390375,,compressed
2012-12-11,10:46:00,10:47:00,2,3.7967492889585044,10:46:00,3,1.0,0.7212007699393421,,mixed
2015-04-21,11:32:00,11:36:00,5,3.795749548656104,11:32:00,1,0.0,1.0773212445940414,,mixed
2013-01-08,14:48:00,14:50:00,2,3.79533424695161,14:50:00,3,1.0,0.8114445919408614,,mixed
2009-01-12,12:52:00,13:01:00,9,3.794797280783327,12:57:00,2,1.0,0.6213798402089247,,compressed
2013-11-13,15:03:00,15:14:00,12,3.7941140664513346,15:04:00,3,0.5833333333333334,0.5110766852302657,,compressed
2015-11-24,12:46:00,12:47:00,2,3.7912633937216955,12:47:00,1,0.0,0.6718218593508526,,mixed
2016-07-15,13:30:00,13:33:00,4,3.790331899993163,13:33:00,3,1.0,0.5869816598608024,,compressed
2013-02-08,13:07:00,13:25:00,16,3.7898889255504677,13:17:00,1,0.0,0.4743127982586993,,compressed
2011-09-21,12:26:00,12:41:00,14,3.7896244215137247,12:26:00,2,1.0,1.341620265738166,,mixed
2019-10-25,15:02:00,15:02:00,1,3.78959677934293,15:02:00,1,0.0,0.861470281652852,,mixed
2017-05-24,13:54:00,13:56:00,3,3.789277513677144,13:54:00,1,0.0,0.45720387274171503,,compressed
2016-10-26,12:41:00,12:46:00,6,3.789167804192583,12:41:00,3,1.0,0.6886146593340396,,mixed
2009-01-12,10:53:00,10:58:00,4,3.788259218913206,10:54:00,1,0.0,0.6859489288903547,,mixed
2017-07-19,14:56:00,15:18:00,23,3.7879645160649615,14:57:00,1,0.2608695652173913,0.521355746129982,,compressed
2014-11-20,11:51:00,12:02:00,12,3.7854437211940426,11:51:00,2,0.16666666666666666,0.5639180518267127,,compressed
2019-08-23,11:00:00,11:00:00,1,3.784994089550053,11:00:00,2,1.0,4.752733343175746,,dispersed
2013-10-15,15:15:00,15:17:00,3,3.783896308503252,15:16:00,3,1.0,2.017819740613298,,dispersed
2010-04-14,12:10:00,12:13:00,4,3.782662958564711,12:10:00,1,0.0,0.5601450806119962,,compressed
2009-09-18,15:23:00,15:23:00,1,3.7817947690940557,15:23:00,1,0.0,0.6170699531400612,,compressed
2010-02-16,15:25:00,15:27:00,3,3.780466968311596,15:27:00,2,1.0,0.6301002449375424,,compressed
2018-11-01,14:57:00,14:58:00,2,3.779920166426116,14:58:00,3,1.0,0.4725260869629221,,compressed
2014-02-05,10:25:00,10:31:00,5,3.7794833116356235,10:31:00,3,1.0,2.2674310175453156,,dispersed
2010-07-09,12:27:00,12:29:00,3,3.7794565889264646,12:27:00,3,1.0,0.48698362536323964,,compressed
2016-01-08,12:53:00,12:55:00,3,3.779268623909778,12:54:00,1,0.0,1.0604992488277079,,mixed
2010-07-07,13:40:00,13:46:00,4,3.778365899494494,13:41:00,3,1.0,0.9684843379411049,,mixed
2008-07-16,15:30:00,15:33:00,4,3.7781789293330785,15:31:00,2,0.75,0.6631282777811203,,compressed
2013-07-15,15:16:00,15:24:00,9,3.777028262123933,15:16:00,2,0.3333333333333333,0.5585135490990005,,compressed
2013-03-14,12:16:00,12:19:00,4,3.7762656725425114,12:16:00,2,0.25,0.4928495292431899,,compressed
2013-10-04,13:36:00,13:36:00,1,3.775833181202386,13:36:00,3,1.0,0.44438773841614704,,compressed
2018-06-11,14:30:00,14:36:00,6,3.7757405308729064,14:31:00,1,0.0,0.695208784690457,,mixed
2008-05-28,15:18:00,15:21:00,4,3.7755348493879364,15:20:00,2,1.0,0.852011871814014,,mixed
2009-04-06,10:15:00,10:15:00,1,3.7751529642678965,10:15:00,1,0.0,1.2026975442703953,,mixed
2015-05-08,12:48:00,12:55:00,7,3.7732437925037043,12:52:00,2,1.0,0.5920547251450635,,compressed
2010-09-14,12:56:00,13:03:00,4,3.7731625808924227,13:03:00,1,0.0,0.9867302756626641,,mixed
2017-06-16,13:08:00,13:11:00,4,3.7728113555365157,13:10:00,1,0.0,0.4595062798619225,,compressed
2019-08-19,14:29:00,14:31:00,3,3.7718617650214115,14:30:00,3,1.0,0.4048368974699364,,compressed
2013-02-08,12:24:00,12:24:00,1,3.771069119419035,12:24:00,3,1.0,0.7105313503310539,,mixed
2019-04-16,10:36:00,10:41:00,6,3.7682450742683944,10:37:00,2,1.0,1.1027187695853864,,mixed
2010-09-01,12:46:00,13:40:00,50,3.7680872488127113,13:33:00,1,0.02,0.49890116373608684,,compressed
2014-05-29,12:59:00,13:12:00,9,3.7680323085671676,13:07:00,3,0.7777777777777778,0.6776762354530574,,mixed
2021-05-05,11:56:00,11:56:00,1,3.7667784163664,11:56:00,2,1.0,0.7566899067351044,,mixed
2008-08-25,13:52:00,14:00:00,8,3.7661564143666038,13:59:00,1,0.0,0.9354421065102938,,mixed
2014-08-27,13:11:00,13:41:00,27,3.763917247229293,13:18:00,3,0.9259259259259259,0.49906842106383675,,compressed
2016-12-06,15:16:00,15:24:00,9,3.7629865901516197,15:23:00,1,0.0,0.5254938234162535,,compressed
2019-12-16,12:30:00,12:39:00,7,3.762122481997651,12:36:00,1,0.0,0.4286848111312746,,compressed
2009-04-03,15:15:00,15:20:00,6,3.7619597175464454,15:19:00,1,0.0,1.1357144379748862,,mixed
2016-02-05,12:02:00,12:04:00,3,3.7610790535227077,12:04:00,1,0.0,1.236399073905225,,mixed
2019-05-17,15:01:00,15:07:00,6,3.761017990310855,15:01:00,2,1.0,1.3987824198477192,,mixed
2013-01-16,11:30:00,11:42:00,9,3.760781085802453,11:31:00,3,1.0,0.8750729105816231,,mixed
2016-05-25,10:01:00,10:04:00,4,3.760126194675413,10:02:00,2,1.0,1.1781371980118642,,mixed
2010-05-18,13:44:00,13:47:00,4,3.75471206893923,13:46:00,3,1.0,1.2623901590549136,,mixed
2015-02-13,12:55:00,12:59:00,5,3.7539387149249004,12:57:00,1,0.0,0.436954891941337,,compressed
2017-06-20,14:30:00,14:30:00,1,3.7533739009173117,14:30:00,2,1.0,0.5887307793208555,,compressed
2012-11-14,14:57:00,14:58:00,2,3.7520608977494616,14:58:00,3,0.5,0.9551466566698441,,mixed
2015-09-17,14:04:00,14:10:00,7,3.751713641378333,14:06:00,2,1.0,2.6726576492372107,,dispersed
2010-03-23,13:05:00,13:09:00,4,3.751664388747256,13:06:00,2,0.5,0.5488905077182709,,compressed
2014-06-20,15:18:00,15:21:00,3,3.7515415973016086,15:18:00,2,1.0,0.4277788721746832,,compressed
2021-01-26,11:11:00,11:11:00,1,3.7513639396250285,11:11:00,1,0.0,2.05499339428651,,dispersed
2016-10-19,13:36:00,13:37:00,2,3.751334569371464,13:36:00,1,0.0,0.3487870575860522,,compressed
2008-02-12,15:23:00,15:28:00,6,3.7503814789126677,15:28:00,1,0.0,1.1815580936072059,,mixed
2011-10-21,13:00:00,13:11:00,8,3.7494677366539877,13:03:00,2,0.5,0.5866539483557561,,compressed
2018-05-07,11:27:00,11:31:00,5,3.7493721730112233,11:31:00,2,1.0,0.9262213766375899,,mixed
2016-07-20,13:12:00,13:16:00,3,3.748002220072261,13:12:00,1,0.0,0.4800419099187889,,compressed
2017-09-28,14:01:00,14:02:00,2,3.7473942239410185,14:01:00,1,0.0,0.42396578354002473,,compressed
2018-12-31,15:59:00,15:59:00,1,3.7471892125490878,15:59:00,2,1.0,1.727850873931736,,dispersed
2013-09-18,12:52:00,12:57:00,6,3.7458422410515477,12:57:00,1,0.16666666666666666,0.5392912134107091,,compressed
2012-01-20,15:09:00,15:09:00,1,3.7450143170349883,15:09:00,2,1.0,0.5740787593610387,,compressed
2011-06-14,13:32:00,13:33:00,2,3.7447765441528027,13:33:00,2,1.0,0.6418281364684796,,compressed
2010-12-03,14:55:00,15:02:00,6,3.742898685294453,14:57:00,1,0.3333333333333333,0.4811019085544672,,compressed
2018-01-05,14:14:00,14:21:00,5,3.741245134404272,14:21:00,1,0.2,0.5001739342726546,,compressed
2018-07-20,15:12:00,15:16:00,5,3.7407756944705888,15:13:00,1,0.0,0.9434479744122304,,mixed
2013-03-04,12:01:00,12:02:00,2,3.7403463436298963,12:01:00,2,1.0,0.5088607082560612,,compressed
2010-08-02,10:01:00,10:05:00,5,3.7402700157775914,10:02:00,2,1.0,1.8170069300314442,,dispersed
2014-08-15,10:44:00,10:46:00,3,3.739476965546817,10:45:00,2,1.0,2.2959917367926193,,dispersed
2011-02-28,12:36:00,12:43:00,8,3.739123407528663,12:41:00,1,0.0,0.30913659117767806,,compressed
2017-02-09,15:51:00,15:53:00,3,3.739056801400973,15:53:00,3,0.6666666666666666,0.8703279254699534,,mixed
2011-12-23,13:49:00,13:51:00,3,3.7387998660566364,13:51:00,2,0.3333333333333333,0.3865657143439197,,compressed
2013-02-08,14:08:00,14:12:00,5,3.7387843412957333,14:08:00,3,0.4,0.5827319771468306,,compressed
2018-07-10,15:25:00,15:25:00,1,3.7384058649242076,15:25:00,3,1.0,0.638456015636845,,compressed
2015-02-18,15:23:00,15:23:00,1,3.7367426778726855,15:23:00,1,0.0,1.3691673391048151,,mixed
2011-12-22,12:16:00,12:22:00,7,3.7344369308508853,12:19:00,1,0.0,0.41876847641381815,,compressed
2017-12-08,11:41:00,11:45:00,5,3.734423464735001,11:43:00,3,1.0,1.035639993224078,,mixed
2018-08-16,13:11:00,13:20:00,10,3.734119886150543,13:16:00,2,0.6,0.7568417039732682,,mixed
2021-03-26,12:25:00,12:25:00,1,3.7337991234983092,12:25:00,2,1.0,0.8959862375560851,,mixed
2016-04-27,12:06:00,12:09:00,4,3.7336649932898185,12:09:00,2,1.0,0.5883665807303451,,compressed
2014-01-22,13:14:00,13:14:00,1,3.732724609140533,13:14:00,1,0.0,0.5922827219098856,,compressed
2018-03-12,13:06:00,13:10:00,5,3.7302806748491455,13:09:00,3,0.6,0.6913540982771801,,mixed
2010-07-22,13:18:00,13:18:00,1,3.729078765395633,13:18:00,1,0.0,0.3867276869075373,,compressed
2020-03-26,11:10:00,11:13:00,4,3.728991651585463,11:11:00,2,1.0,1.1983043681613916,,mixed
2017-02-17,13:39:00,13:57:00,19,3.7277613534965086,13:44:00,1,0.0,0.6193090221954957,,compressed
2017-10-13,13:50:00,13:59:00,10,3.727548197791516,13:54:00,1,0.0,0.4863675136429268,,compressed
2020-11-19,10:02:00,10:04:00,3,3.727267748616732,10:04:00,2,1.0,1.5643836287784503,,dispersed
2017-01-27,13:59:00,14:10:00,11,3.7271236343130205,13:59:00,1,0.0,0.5091904280343038,,compressed
2015-07-20,12:59:00,13:10:00,12,3.7264947226465983,13:04:00,1,0.08333333333333333,0.7283463673049672,,mixed
2015-02-05,15:04:00,15:11:00,8,3.724039204771439,15:05:00,1,0.0,0.5531570283949027,,compressed
2017-08-25,15:03:00,15:15:00,8,3.7236361715808988,15:11:00,2,1.0,1.2292288020154227,,mixed
2015-05-15,15:53:00,15:58:00,6,3.7231221133883863,15:55:00,1,0.0,0.3393908406309856,,compressed
2015-07-08,10:48:00,10:53:00,5,3.722993468855973,10:50:00,2,1.0,1.8620138006510645,,dispersed
2014-06-17,14:41:00,14:43:00,3,3.721646286581232,14:43:00,3,1.0,1.0084926557129337,,mixed
2008-09-26,10:23:00,10:25:00,3,3.720262191288568,10:23:00,1,0.3333333333333333,1.4727218289288722,,mixed
2017-02-03,13:10:00,13:11:00,2,3.7194572651738054,13:11:00,1,0.0,0.43793244451375674,,compressed
2018-03-23,14:08:00,14:09:00,2,3.71932766821778,14:09:00,1,0.0,1.3717303870941095,,mixed
2020-10-22,13:43:00,13:43:00,1,3.718741687521481,13:43:00,2,1.0,1.0547089776057603,,mixed
2012-07-06,14:05:00,14:08:00,4,3.718369653496899,14:05:00,2,0.75,0.4956047674837774,,compressed
2013-08-13,14:08:00,14:09:00,2,3.7180014411818685,14:08:00,2,1.0,0.6845551647603455,,mixed
2013-03-26,15:04:00,15:08:00,5,3.7177331101752458,15:05:00,1,0.0,0.4192732060653281,,compressed
2015-03-24,14:00:00,14:02:00,3,3.717674667275553,14:01:00,3,1.0,1.3475150404296068,,mixed
2010-04-06,11:31:00,11:31:00,1,3.7160699894341,11:31:00,2,1.0,0.7718220839783704,,mixed
2016-11-07,12:03:00,12:04:00,2,3.715333367265231,12:04:00,1,0.0,0.7094484712059002,,mixed
2013-10-15,14:31:00,14:32:00,2,3.71504452991737,14:31:00,2,1.0,1.656918404025904,,dispersed
2020-11-16,10:22:00,10:22:00,1,3.7137161707127655,10:22:00,2,1.0,1.1996655259384297,,mixed
2020-05-04,13:24:00,13:29:00,6,3.712689388216581,13:26:00,2,1.0,0.7355782770922396,,mixed
2010-12-17,12:00:00,12:03:00,4,3.712420553747807,12:03:00,3,1.0,0.5763993914985476,,compressed
2013-06-21,15:51:00,15:53:00,3,3.7123313877663193,15:52:00,1,0.0,1.0889870682356788,,mixed
2009-06-19,13:32:00,13:34:00,3,3.7122712261038466,13:33:00,2,1.0,0.7163476497254382,,mixed
2020-05-04,12:38:00,12:38:00,1,3.710799249275469,12:38:00,1,0.0,0.7479579987576606,,mixed
2017-07-14,14:01:00,14:01:00,1,3.7097840247894056,14:01:00,1,0.0,0.5032196059666999,,compressed
2020-03-05,13:12:00,13:14:00,3,3.7094140499353587,13:13:00,3,1.0,1.0101694873674976,,mixed
2020-04-17,11:32:00,11:32:00,1,3.7074021126128085,11:32:00,1,0.0,0.8751733167864425,,mixed
2018-04-25,12:49:00,12:52:00,4,3.7055681104025155,12:51:00,3,0.5,0.9856737473339338,,mixed
2016-06-07,15:15:00,15:21:00,5,3.7043641230579816,15:16:00,3,1.0,0.6656582221024312,,compressed
2013-12-18,11:00:00,11:01:00,2,3.7040246695227954,11:00:00,3,1.0,1.012943499120992,,mixed
2019-02-19,13:00:00,13:01:00,2,3.7036108301706157,13:01:00,1,0.0,0.8190115907977191,,mixed
2016-02-22,14:08:00,14:11:00,4,3.7028623348885468,14:09:00,1,0.0,0.5831399782395996,,compressed
2011-10-11,14:20:00,14:20:00,1,3.7026761252703984,14:20:00,2,1.0,0.6431960920791427,,compressed
2009-03-16,11:39:00,11:42:00,2,3.7025676795992988,11:42:00,1,0.0,0.6330965357423396,,compressed
2010-02-18,13:05:00,13:20:00,15,3.7023228336589495,13:09:00,1,0.0,0.40079413211134496,,compressed
2010-06-18,12:33:00,12:42:00,4,3.7018928464724015,12:42:00,1,0.0,0.887285276972393,,mixed
2009-02-10,12:59:00,13:00:00,2,3.69891182214907,12:59:00,2,1.0,0.8601897618375557,,mixed
2015-04-01,14:21:00,14:28:00,5,3.698630610017821,14:27:00,2,1.0,1.1065739879902121,,mixed
2015-10-09,13:02:00,13:08:00,6,3.6982045792208944,13:05:00,1,0.0,0.5894722824766552,,compressed
2011-07-22,13:44:00,13:47:00,4,3.6977018078966672,13:47:00,2,0.25,0.5774708211353432,,compressed
2018-08-17,14:08:00,14:13:00,4,3.6967084056786295,14:13:00,2,1.0,1.407549655269371,,mixed
2008-02-12,15:34:00,15:36:00,2,3.696108775300268,15:34:00,1,0.5,1.1999090623041402,,mixed
2021-01-26,14:26:00,14:27:00,2,3.695739427574823,14:26:00,2,1.0,1.4297122614139048,,mixed
2010-10-22,13:24:00,13:32:00,7,3.6955115325410945,13:25:00,1,0.42857142857142855,0.44439376370878936,,compressed
2008-07-22,14:11:00,14:12:00,2,3.695384748173897,14:12:00,1,0.0,0.6558338400927383,,compressed
2013-01-23,13:59:00,14:07:00,5,3.6952387275258936,14:00:00,3,0.2,0.5911397965438255,,compressed
2018-04-10,12:03:00,12:08:00,6,3.693989907345504,12:04:00,2,1.0,1.2713131175200745,,mixed
2014-11-24,15:29:00,15:29:00,1,3.6937612613974626,15:29:00,1,0.0,0.7737501713453119,,mixed
2015-12-28,13:33:00,13:37:00,5,3.6929849088531737,13:35:00,3,1.0,0.9117034026536854,,mixed
2012-03-19,13:13:00,13:19:00,7,3.692891988081048,13:15:00,3,0.7142857142857143,0.4052592132931781,,compressed
2016-03-07,13:44:00,13:51:00,8,3.6919577219999886,13:45:00,1,0.125,0.9173929833943102,,mixed
2017-07-13,12:44:00,12:47:00,4,3.691243075156562,12:44:00,3,1.0,0.63102584514451,,compressed
2009-12-14,12:29:00,12:34:00,6,3.690643113465819,12:29:00,1,0.6666666666666666,0.42175408994234087,,compressed
2008-03-05,10:00:00,10:01:00,2,3.6903615938745724,10:00:00,2,1.0,1.7706759527978673,,dispersed
2019-04-15,13:42:00,13:43:00,2,3.6899270157971222,13:42:00,1,0.0,0.4487535041314931,,compressed
2013-02-26,14:43:00,14:47:00,3,3.689458554624346,14:47:00,2,0.6666666666666666,1.1031796339168658,,mixed
2016-08-03,14:59:00,15:02:00,4,3.689222759783415,15:01:00,3,1.0,0.4713157279873878,,compressed
2020-09-11,12:59:00,12:59:00,1,3.6885835724667664,12:59:00,1,0.0,0.768500083762006,,mixed
2013-04-22,10:44:00,10:46:00,3,3.688261588635368,10:44:00,1,0.0,1.5089596221495425,,dispersed
2011-06-27,13:09:00,13:17:00,7,3.687824006518716,13:11:00,2,0.7142857142857143,0.5270342660570582,,compressed
2011-06-21,13:12:00,13:16:00,4,3.6875793535234966,13:13:00,1,0.0,0.5289817929851218,,compressed
2017-08-25,13:52:00,13:57:00,4,3.6854529024119613,13:53:00,1,0.0,0.5244462340505028,,compressed
2017-08-28,13:52:00,13:54:00,2,3.6839050222111465,13:54:00,3,1.0,0.602742581428587,,compressed
2016-12-07,12:38:00,12:39:00,2,3.6836402144240052,12:38:00,1,0.0,0.5271172742315757,,compressed
2014-06-02,14:45:00,14:54:00,10,3.6836018415553724,14:50:00,2,0.4,0.6275662744877183,,compressed
2017-09-08,13:30:00,13:31:00,2,3.6827124562002527,13:31:00,1,0.0,0.39693012521112303,,compressed
2011-06-13,14:57:00,14:59:00,3,3.682192541978736,14:57:00,3,1.0,1.0879381550786764,,mixed
2009-07-23,15:03:00,15:10:00,6,3.6816998786903388,15:09:00,1,0.6666666666666666,0.8196551188920312,,mixed
2020-02-10,14:22:00,14:29:00,5,3.6806266710236972,14:25:00,1,0.0,0.6134532851945667,,compressed
2010-06-23,14:16:00,14:20:00,5,3.680484865890565,14:20:00,2,1.0,1.6614888537758568,,dispersed
2017-09-18,12:30:00,12:44:00,15,3.6801933825778863,12:41:00,2,1.0,0.6135385939144877,,compressed
2011-07-05,13:32:00,13:33:00,2,3.6799432508379195,13:32:00,1,0.0,0.48911767937027456,,compressed
2014-12-26,12:16:00,12:22:00,5,3.6797031028162985,12:17:00,2,1.0,0.49551747558097287,,compressed
2008-07-24,14:08:00,14:08:00,1,3.679169411405711,14:08:00,1,0.0,0.7140249889475572,,mixed
2014-11-14,13:11:00,13:13:00,3,3.6782991833441847,13:12:00,3,1.0,0.6689888723637578,,compressed
2017-02-28,11:58:00,12:02:00,5,3.677990501430699,11:59:00,1,0.0,0.6094511642877785,,compressed
2011-05-12,13:45:00,13:48:00,4,3.6771572556725958,13:47:00,1,0.5,0.9132551595154463,,mixed
2019-06-14,12:27:00,12:27:00,1,3.6771125488726497,12:27:00,1,0.0,0.6273734738250791,,compressed
2010-08-18,12:34:00,12:34:00,1,3.6758945146150532,12:34:00,2,1.0,0.6385374498653309,,compressed
2011-03-11,13:50:00,14:00:00,8,3.6757253507388596,13:52:00,2,0.375,0.6228886367187735,,compressed
2018-10-19,12:33:00,12:33:00,1,3.6757027109024043,12:33:00,1,0.0,1.0554128701652625,,mixed
2013-06-10,12:10:00,12:12:00,3,3.675160101060641,12:10:00,1,0.0,0.7704103451498304,,mixed
2020-10-02,10:09:00,10:09:00,1,3.674094211019479,10:09:00,3,1.0,1.8663273501194972,,dispersed
2019-08-19,15:23:00,15:27:00,5,3.6722836263625447,15:25:00,1,0.0,0.441437336341189,,compressed
2021-02-26,15:55:00,15:58:00,4,3.671174729176785,15:56:00,2,1.0,1.7929285823199153,,dispersed
2020-05-11,15:43:00,15:43:00,1,3.6704955092896725,15:43:00,2,1.0,1.173062049938294,,mixed
2012-03-16,15:03:00,15:04:00,2,3.6701092107601325,15:04:00,1,0.0,0.480689855823731,,compressed
2009-06-01,12:28:00,12:45:00,11,3.670000053951902,12:29:00,3,0.2727272727272727,0.4845035966634594,,compressed
2008-04-11,11:24:00,11:30:00,6,3.669391900695833,11:25:00,1,0.0,1.15080184756873,,mixed
2013-10-04,12:37:00,12:44:00,4,3.6693369804248617,12:44:00,2,1.0,0.8277435470773333,,mixed
2008-03-24,15:31:00,15:32:00,2,3.668848519987344,15:32:00,3,1.0,0.9759517601705626,,mixed
2016-08-04,15:21:00,15:23:00,2,3.668390061408706,15:23:00,3,1.0,0.7170061260518108,,mixed
2011-05-23,13:09:00,13:23:00,10,3.668129872074471,13:10:00,2,0.3,0.7719138264923819,,mixed
2013-03-13,13:47:00,13:49:00,3,3.667957808264874,13:48:00,3,1.0,0.6215566170665315,,compressed
2016-09-07,15:46:00,15:56:00,10,3.667844353821625,15:50:00,3,0.5,0.5846782070344468,,compressed
2011-05-27,15:14:00,15:15:00,2,3.6678238044695006,15:14:00,1,0.0,0.6039379481651143,,compressed
2016-09-30,10:52:00,10:52:00,1,3.665367668365357,10:52:00,2,1.0,1.1910755784962008,,mixed
2009-06-17,10:57:00,10:58:00,2,3.6641541824962913,10:58:00,2,1.0,2.537805905062687,,dispersed
2019-04-23,14:01:00,14:01:00,1,3.6636413823789935,14:01:00,1,0.0,0.44587714720515825,,compressed
2010-03-16,12:22:00,12:23:00,2,3.66335177600401,12:23:00,1,0.0,0.619114851193481,,compressed
2015-05-08,14:39:00,14:39:00,1,3.663350161979687,14:39:00,1,0.0,0.3789462718998917,,compressed
2018-06-21,13:52:00,13:52:00,1,3.6628196561098796,13:52:00,2,1.0,1.1500210701225095,,mixed
2015-07-01,13:15:00,13:17:00,3,3.6614314782942445,13:15:00,1,0.0,0.9522611933087524,,mixed
2009-05-18,13:51:00,13:54:00,4,3.6611342859427616,13:53:00,1,0.0,0.8191400507352087,,mixed
2010-02-11,11:46:00,11:48:00,3,3.660741906204384,11:48:00,1,0.6666666666666666,1.129364030157814,,mixed
2013-06-27,10:01:00,10:02:00,2,3.6590115551966664,10:01:00,2,1.0,0.7419906191628648,,mixed
2020-05-29,12:58:00,13:00:00,3,3.6588273738502273,12:58:00,2,1.0,2.1402238745306947,,dispersed
2015-08-31,10:24:00,10:25:00,2,3.6586400456504427,10:24:00,1,0.0,0.7314699470454663,,mixed
2016-05-03,12:48:00,12:51:00,4,3.6577197862800745,12:51:00,1,0.0,1.0249561689773414,,mixed
2017-03-28,14:35:00,14:44:00,9,3.656736906932672,14:40:00,1,0.0,0.9068878710938105,,mixed
2011-05-23,12:15:00,12:24:00,6,3.6549748033007967,12:22:00,2,1.0,1.0641059219613318,,mixed
2015-01-27,13:57:00,14:00:00,4,3.654412546764077,13:57:00,3,0.75,0.9382071273149762,,mixed
2019-10-04,13:39:00,13:39:00,1,3.654134180207872,13:39:00,1,0.0,0.4440581240242397,,compressed
2009-06-17,13:30:00,13:40:00,6,3.651937516332327,13:31:00,3,0.8333333333333334,1.0321045263296087,,mixed
2018-10-15,11:47:00,11:51:00,5,3.65169624793145,11:48:00,2,1.0,0.7680071260888051,,mixed
2015-01-21,11:13:00,11:18:00,6,3.6484265357233188,11:16:00,1,0.16666666666666666,1.1394105008869626,,mixed
2013-12-10,10:24:00,10:28:00,3,3.6472563602150987,10:25:00,2,0.6666666666666666,1.2816436780271645,,mixed
2016-12-19,15:58:00,15:59:00,2,3.6470391031345177,15:59:00,2,1.0,0.9342121232822344,,mixed
2016-10-26,11:08:00,11:18:00,11,3.6468982742254425,11:18:00,2,1.0,2.3801398490152383,,dispersed
2016-05-10,12:47:00,12:53:00,7,3.646738847284905,12:52:00,1,0.0,0.33586537351302503,,compressed
2015-03-12,14:34:00,14:40:00,6,3.6459874035419038,14:37:00,1,0.16666666666666666,0.44038579140323403,,compressed
2010-05-03,15:59:00,15:59:00,1,3.6432132893720053,15:59:00,1,0.0,0.8585887777986024,,mixed
2015-05-13,10:04:00,10:08:00,5,3.643173232482528,10:07:00,3,0.8,1.054104460812971,,mixed
2020-11-06,11:08:00,11:09:00,2,3.643018399924113,11:08:00,2,1.0,1.5907499722767149,,dispersed
2011-06-09,15:03:00,15:06:00,4,3.6421080160795833,15:04:00,2,1.0,0.4716870167149541,,compressed
2014-10-20,15:39:00,15:41:00,2,3.641502019795342,15:41:00,1,0.0,0.503463234893893,,compressed
2018-12-28,13:10:00,13:14:00,4,3.6401404252667335,13:14:00,2,1.0,0.7074196690824675,,mixed
2018-08-28,14:25:00,14:25:00,1,3.638923345042593,14:25:00,1,0.0,0.47813839991841656,,compressed
2018-11-13,15:27:00,15:30:00,4,3.637178836110893,15:29:00,2,1.0,1.6914794378804714,,dispersed
2016-06-15,12:03:00,12:05:00,3,3.636785861457669,12:05:00,1,0.0,0.7286310838459258,,mixed
2018-09-26,14:06:00,14:11:00,6,3.6350865229993263,14:06:00,2,1.0,1.9354217086779357,,dispersed
2010-10-22,10:46:00,10:51:00,5,3.634779614472023,10:47:00,1,0.0,0.8007386935528823,,mixed
2011-03-11,11:34:00,11:35:00,2,3.6341063005183667,11:34:00,3,0.5,0.8111751788977806,,mixed
2008-08-06,15:19:00,15:19:00,1,3.634035475842208,15:19:00,2,1.0,0.7667694385331196,,mixed
2009-12-23,12:32:00,12:44:00,10,3.6321151829418787,12:41:00,3,1.0,0.4123965713492983,,compressed
2015-11-05,13:59:00,13:59:00,1,3.6319831610223043,13:59:00,1,0.0,1.056006538027405,,mixed
2018-07-20,14:12:00,14:18:00,6,3.6304010277824075,14:16:00,1,0.0,0.8526481030158659,,mixed
2012-02-21,11:57:00,12:01:00,5,3.630391361222346,11:57:00,3,0.4,0.5144359768115172,,compressed
2018-08-29,11:00:00,11:00:00,1,3.629107632881116,11:00:00,1,0.0,0.9503111139196173,,mixed
2016-03-16,11:06:00,11:08:00,3,3.6282259469431017,11:07:00,1,0.0,0.8087114396343139,,mixed
2012-11-19,12:02:00,12:04:00,3,3.6275315682014138,12:03:00,2,1.0,0.6623957094395106,,compressed
2020-04-29,10:48:00,10:54:00,7,3.625463437884236,10:48:00,1,0.14285714285714285,1.0109022105430687,,mixed
2019-03-18,15:26:00,15:26:00,1,3.6252219438209314,15:26:00,1,0.0,0.8423927983243104,,mixed
2015-06-02,13:57:00,13:58:00,2,3.6249137398638567,13:58:00,1,0.5,0.6776104129298495,,mixed
2011-05-09,14:01:00,14:01:00,1,3.6241889080556593,14:01:00,1,0.0,0.44906855458479833,,compressed
2014-12-24,11:51:00,11:54:00,4,3.6241435293187187,11:53:00,3,0.5,0.4014574991991569,,compressed
2009-10-09,14:14:00,14:14:00,1,3.6238994540597167,14:14:00,2,1.0,0.6809327108159423,,mixed
2019-01-18,14:09:00,14:23:00,11,3.6238335851762757,14:17:00,1,0.0,0.8909640107939222,,mixed
2019-06-04,11:13:00,11:14:00,2,3.6231866390870584,11:14:00,2,1.0,1.1113311235206795,,mixed
2018-05-17,14:48:00,14:50:00,3,3.623116098315727,14:49:00,1,0.0,0.8819623524569149,,mixed
2009-12-24,11:53:00,11:58:00,6,3.6229936119694472,11:56:00,3,1.0,0.44544552147733185,,compressed
2013-07-11,12:37:00,12:37:00,1,3.621956209598733,12:37:00,1,0.0,0.39511181184705013,,compressed
2020-09-04,10:04:00,10:06:00,3,3.6199914220659353,10:05:00,1,0.0,3.5705634616664716,,dispersed
2016-12-16,10:57:00,10:59:00,3,3.6186287927630083,10:58:00,1,0.0,1.2409052852009637,,mixed
2019-08-20,10:33:00,10:39:00,7,3.61849546667903,10:34:00,1,0.14285714285714285,0.9960272604234145,,mixed
2015-04-23,14:04:00,14:04:00,1,3.6164139582156163,14:04:00,1,0.0,0.7529349772390336,,mixed
2010-05-18,10:29:00,10:33:00,5,3.6147646189022686,10:32:00,1,0.0,1.1489720707117652,,mixed
2013-01-18,12:32:00,12:33:00,2,3.613958504544788,12:32:00,2,0.5,0.6344997874764077,,compressed
2010-03-08,15:40:00,15:47:00,8,3.6136482354754147,15:40:00,1,0.0,0.627605608195798,,compressed
2015-01-30,14:28:00,14:29:00,2,3.6130559503737545,14:29:00,1,0.0,0.9870200804463507,,mixed
2020-04-02,11:41:00,11:43:00,3,3.612736390327287,11:41:00,1,0.0,1.2382680701609452,,mixed
2019-12-19,13:08:00,13:14:00,7,3.6124697098531553,13:11:00,3,1.0,0.4829760454608234,,compressed
2015-08-10,10:57:00,11:06:00,6,3.6121491053027914,10:57:00,2,0.16666666666666666,0.7919646475683905,,mixed
2010-07-13,10:54:00,10:55:00,2,3.6114595693799028,10:55:00,1,0.0,0.8497846516396654,,mixed
2018-07-19,12:44:00,12:46:00,3,3.610777501589864,12:45:00,1,0.0,1.0229787323809418,,mixed
2020-08-20,15:11:00,15:12:00,2,3.610307608899618,15:11:00,2,0.5,1.1763411455414137,,mixed
2013-10-18,15:36:00,15:38:00,3,3.609368039822281,15:36:00,1,0.0,0.8952703792515927,,mixed
2019-07-15,15:31:00,15:31:00,1,3.6090054123014954,15:31:00,3,1.0,0.8650520464989406,,mixed
2016-09-19,10:16:00,10:24:00,5,3.6088642072189607,10:24:00,1,0.0,0.5619813395789433,,compressed
2010-07-13,12:53:00,12:58:00,5,3.6076814822364205,12:57:00,1,0.2,0.4679752688085668,,compressed
2020-05-18,15:51:00,15:54:00,4,3.607176878687881,15:53:00,2,0.75,0.8188507829498248,,mixed
2019-02-20,14:01:00,14:09:00,6,3.6071171720745965,14:05:00,2,1.0,2.1344589444260533,,dispersed
2012-02-17,12:12:00,12:16:00,5,3.6061099478085525,12:15:00,1,0.0,0.510371169253454,,compressed
2015-06-05,13:37:00,13:39:00,3,3.6061084901287845,13:38:00,1,0.0,0.7755548024261076,,mixed
2013-12-30,15:14:00,15:20:00,6,3.605190754164101,15:14:00,3,0.8333333333333334,0.6591853124993587,,compressed
2012-10-08,12:57:00,12:57:00,1,3.6051410352516924,12:57:00,1,0.0,0.5333426322792594,,compressed
2009-09-09,11:30:00,11:30:00,1,3.6047948557261007,11:30:00,3,1.0,0.9344501213402003,,mixed
2014-04-03,11:48:00,11:51:00,4,3.604332195934664,11:49:00,3,1.0,0.9001736249566477,,mixed
2014-07-16,13:25:00,13:35:00,11,3.6035534017961224,13:30:00,3,1.0,0.5118254161556837,,compressed
2013-04-11,11:49:00,11:50:00,2,3.6032703986027355,11:49:00,2,1.0,1.1714758170704993,,mixed
2015-06-08,15:11:00,15:21:00,10,3.6028590543774643,15:17:00,2,0.6,1.0077378642722319,,mixed
2011-11-30,11:12:00,11:18:00,3,3.602093654497783,11:15:00,1,0.0,0.7963292011240596,,mixed
2015-10-21,11:19:00,11:24:00,6,3.6015152247054263,11:24:00,1,0.0,1.3223157352456376,,mixed
2017-09-11,13:49:00,14:05:00,13,3.6009342215709967,13:53:00,1,0.3076923076923077,0.518164054981728,,compressed
2020-12-24,10:37:00,10:39:00,2,3.600548512030983,10:39:00,1,0.0,0.5191792714326526,,compressed
2016-10-03,12:20:00,12:24:00,5,3.59954052541799,12:20:00,1,0.0,0.90859614623689,,mixed
2020-04-22,13:13:00,13:16:00,4,3.59931647128304,13:13:00,1,0.0,0.5097993984014548,,compressed
2008-09-25,12:12:00,12:16:00,3,3.599063599508284,12:15:00,2,1.0,0.5544686798295307,,compressed
2018-11-23,10:32:00,10:33:00,2,3.5965886473701727,10:33:00,3,1.0,0.8706617287251468,,mixed
2014-10-21,15:05:00,15:05:00,1,3.596106776714799,15:05:00,1,0.0,0.364632851643824,,compressed
2009-12-23,11:22:00,11:22:00,1,3.5960663693885486,11:22:00,1,0.0,0.49401353246235297,,compressed
2020-04-13,11:21:00,11:22:00,2,3.594836533013545,11:21:00,1,0.5,1.0765101524167906,,mixed
2012-04-20,13:11:00,13:23:00,10,3.594642637801753,13:20:00,1,0.0,0.4912642962955217,,compressed
2019-07-24,13:41:00,13:41:00,1,3.594350932775855,13:41:00,1,0.0,0.6066953254529455,,compressed
2014-05-09,11:37:00,11:40:00,4,3.5935153585675863,11:39:00,1,0.0,1.4292591942689736,,mixed
2011-04-15,13:15:00,13:17:00,3,3.5933766470301554,13:16:00,3,1.0,0.5119986639558836,,compressed
2015-06-05,14:56:00,14:57:00,2,3.5932273483593105,14:57:00,1,0.0,0.8583359430312447,,mixed
2019-12-16,11:09:00,11:14:00,5,3.5927469759768136,11:11:00,1,0.0,0.7435348742254622,,mixed
2011-12-05,15:05:00,15:06:00,2,3.592593115516081,15:05:00,2,1.0,1.5147923869572475,,dispersed
2012-10-24,13:13:00,13:13:00,1,3.5902056468310777,13:13:00,1,0.0,0.42241648382030517,,compressed
2011-09-26,11:20:00,11:23:00,4,3.59000347656572,11:21:00,1,0.0,1.1553942970422533,,mixed
2019-07-08,14:20:00,14:35:00,11,3.58938696635293,14:21:00,3,0.09090909090909091,0.6337559464883463,,compressed
2017-07-14,12:17:00,12:22:00,6,3.5890826352429706,12:20:00,3,1.0,0.4591366238846234,,compressed
2017-11-13,12:41:00,12:49:00,9,3.5889055960342744,12:44:00,2,0.6666666666666666,0.6215890249737698,,compressed
2013-01-18,15:16:00,15:21:00,6,3.58874785266224,15:18:00,1,0.0,0.5916880312762693,,compressed
2014-10-21,14:21:00,14:21:00,1,3.5877364982372995,14:21:00,1,0.0,0.40145347816780996,,compressed
2008-11-11,10:40:00,10:41:00,2,3.5872317394109485,10:41:00,3,1.0,1.2376216251897245,,mixed
2020-09-09,12:59:00,12:59:00,1,3.586965848977524,12:59:00,1,0.0,0.3829304339679595,,compressed
2014-05-06,10:49:00,10:50:00,2,3.586112487991339,10:49:00,1,0.0,1.0590444969794253,,mixed
2011-02-04,12:38:00,12:39:00,2,3.585964075157655,12:39:00,2,1.0,0.9651734728490002,,mixed
2020-01-16,14:31:00,14:39:00,7,3.5854612076793946,14:34:00,2,1.0,0.4287304528649453,,compressed
2016-11-15,12:16:00,12:17:00,2,3.585233122103994,12:16:00,1,0.0,0.5027827476464942,,compressed
2014-03-27,10:29:00,10:31:00,3,3.584695633804101,10:31:00,3,1.0,1.6532195680186126,,dispersed
2011-06-23,13:13:00,13:14:00,2,3.5845754489131045,13:14:00,1,0.5,1.0929301655500492,,mixed
2009-09-15,12:38:00,12:40:00,3,3.584573387903726,12:39:00,1,0.0,0.5290702680039686,,compressed
2021-02-17,10:52:00,10:54:00,3,3.5843046071371285,10:52:00,1,0.0,2.0524667287180702,,dispersed
2010-05-19,12:53:00,12:55:00,3,3.584240975905056,12:55:00,3,0.3333333333333333,1.1640358542210643,,mixed
2018-08-03,15:22:00,15:22:00,1,3.5839432039420682,15:22:00,1,0.0,0.37591615639857706,,compressed
2011-03-02,15:25:00,15:28:00,4,3.583060762451846,15:27:00,2,1.0,0.7862813236870956,,mixed
2020-12-09,10:12:00,10:13:00,2,3.582642335274171,10:12:00,2,1.0,1.817888030304927,,dispersed
2015-11-12,12:41:00,12:41:00,1,3.580835464313015,12:41:00,1,0.0,0.9754141240883998,,mixed
2010-07-22,11:14:00,11:19:00,6,3.58065573346212,11:18:00,1,0.0,0.9460330480184653,,mixed
2016-08-05,10:08:00,10:09:00,2,3.5804980543632223,10:09:00,2,1.0,1.1190338361105285,,mixed
2012-01-19,12:23:00,12:50:00,24,3.5795861238384656,12:32:00,2,0.25,0.6259304053814478,,compressed
2011-04-21,13:03:00,13:04:00,2,3.5793020290537925,13:03:00,1,0.0,0.5247389541914731,,compressed
2016-12-20,12:57:00,13:09:00,7,3.579250335575116,12:57:00,1,0.14285714285714285,0.48945556441295635,,compressed
2018-02-08,15:24:00,15:28:00,4,3.5787575224824195,15:26:00,1,0.75,1.6720452816535922,-3.8% day,dispersed
2020-07-28,12:10:00,12:12:00,3,3.57838467697525,12:10:00,1,0.0,0.7435502664348477,,mixed
2019-07-25,12:40:00,12:47:00,8,3.5781393555793684,12:40:00,2,1.0,1.746338815293495,,dispersed
2017-11-03,13:19:00,13:24:00,6,3.5779991834968388,13:19:00,3,0.6666666666666666,0.4954116618201667,,compressed
2018-02-20,11:51:00,11:56:00,5,3.5779956225029705,11:51:00,1,0.0,0.5979455386927253,,compressed
2018-06-13,14:01:00,14:06:00,6,3.5776634673892787,14:06:00,2,1.0,1.5008527998381391,,dispersed
2010-06-21,12:06:00,12:06:00,1,3.5768693593189385,12:06:00,1,0.0,1.0344883643034384,,mixed
2009-07-15,13:07:00,13:08:00,2,3.575951348588174,13:07:00,1,0.0,0.6474558805189142,,compressed
2013-11-15,14:58:00,15:01:00,4,3.574686236412372,14:59:00,1,0.0,0.5279071278006452,,compressed
2016-04-14,13:24:00,13:32:00,8,3.5746492123802516,13:26:00,1,0.125,0.44468334963492556,,compressed
2020-02-12,11:56:00,12:05:00,6,3.5744710043610466,12:03:00,1,0.16666666666666666,0.6811634911714355,,mixed
2013-06-27,12:23:00,12:23:00,1,3.5738187513488593,12:23:00,1,0.0,0.6857916943433945,,mixed
2014-09-18,12:24:00,12:29:00,6,3.5727629525330733,12:24:00,1,0.0,0.5111483985082216,,compressed
2017-12-15,10:33:00,10:36:00,4,3.572239441857387,10:34:00,3,1.0,1.7703710824333514,,dispersed
2018-06-15,10:47:00,10:50:00,4,3.5712720428649583,10:49:00,3,1.0,2.5434679664433153,,dispersed
2014-08-05,13:39:00,13:39:00,1,3.568042881857886,13:39:00,2,1.0,2.0172888032692144,,dispersed
2014-10-31,15:47:00,15:51:00,4,3.567558052241845,15:50:00,2,1.0,0.7741151547504505,,mixed
2008-11-26,14:28:00,14:29:00,2,3.56615854054028,14:29:00,1,0.5,0.5182952499415293,,compressed
2013-05-30,12:35:00,12:35:00,1,3.565686271366458,12:35:00,1,0.0,0.7002067159582731,,mixed
2014-10-21,10:44:00,10:44:00,1,3.565446389812858,10:44:00,1,0.0,0.6415597324267303,,compressed
2019-05-10,11:32:00,11:34:00,2,3.564789624044806,11:32:00,1,0.0,1.532666325290388,,dispersed
2014-08-18,15:50:00,15:55:00,3,3.5640575894837445,15:50:00,2,1.0,0.45588677836106484,,compressed
2009-03-13,14:08:00,14:08:00,1,3.563963117712523,14:08:00,1,0.0,0.6355682705003393,,compressed
2012-02-16,15:22:00,15:24:00,3,3.5634705316869137,15:23:00,3,1.0,1.0776708154205477,,mixed
2009-06-22,14:57:00,15:00:00,4,3.563408925634606,14:59:00,2,1.0,0.9545204833011997,,mixed
2009-03-31,15:25:00,15:27:00,3,3.562737990769321,15:27:00,1,0.0,0.8064696442727849,,mixed
2009-02-09,15:23:00,15:25:00,3,3.5626073853840654,15:23:00,1,0.0,1.072451483511382,,mixed
2019-02-28,12:48:00,12:50:00,2,3.562147246887133,12:50:00,1,0.0,0.7472075133151791,,mixed
2008-12-18,14:31:00,14:35:00,4,3.560305655709583,14:33:00,3,1.0,0.9512027398146206,,mixed
2020-09-15,10:19:00,10:23:00,5,3.5602677826673923,10:19:00,2,1.0,0.5432794040343233,,compressed
2019-08-30,12:09:00,12:11:00,3,3.5598396615943027,12:10:00,1,0.0,0.7786388062633948,,mixed
2009-05-01,11:58:00,11:59:00,2,3.558927861621965,11:58:00,1,0.0,0.7107206613836302,,mixed
2012-06-08,12:41:00,12:41:00,1,3.558490287965194,12:41:00,1,0.0,0.8573056186215346,,mixed
2019-01-30,13:22:00,13:24:00,2,3.5573632734263314,13:22:00,1,0.5,0.5614971582570063,,compressed
2008-05-23,12:23:00,12:26:00,4,3.557247072783449,12:23:00,1,0.0,0.8338163474745555,,mixed
2017-08-15,12:57:00,12:58:00,2,3.5569119542267735,12:57:00,1,0.0,0.3884905088750032,,compressed
2014-12-05,14:16:00,14:16:00,1,3.555258684299122,14:16:00,3,1.0,0.5248062978017657,,compressed
2018-01-18,13:11:00,13:11:00,1,3.55448575966605,13:11:00,2,1.0,1.0933201613792403,,mixed
2018-03-22,13:21:00,13:25:00,4,3.5540262214856226,13:25:00,1,0.0,2.097187939312615,,dispersed
2014-10-31,13:01:00,13:03:00,3,3.553301161544017,13:02:00,3,0.6666666666666666,0.6207472013282251,,compressed
2017-04-25,15:04:00,15:04:00,1,3.5525073959151925,15:04:00,2,1.0,0.7818282694358885,,mixed
2013-08-02,12:15:00,12:20:00,6,3.551719283189187,12:19:00,3,0.8333333333333334,0.6170516270404971,,compressed
2012-03-20,12:46:00,12:47:00,2,3.550226902968065,12:47:00,2,0.5,0.4922508443648438,,compressed
2018-03-06,11:04:00,11:06:00,3,3.5499992244813976,11:05:00,2,1.0,1.3926036579858727,,mixed
2019-01-11,13:58:00,14:00:00,3,3.5498567196637807,14:00:00,1,0.0,0.6485405615090692,,compressed
2015-09-17,13:24:00,13:24:00,1,3.548691733667517,13:24:00,2,1.0,0.9832406014381683,,mixed
2015-01-30,11:45:00,11:46:00,2,3.5483562430115225,11:46:00,1,0.0,1.4513015582040398,,mixed
2019-08-28,15:57:00,15:59:00,3,3.54828183485779,15:59:00,1,0.0,0.9328429636060653,,mixed
2017-05-23,13:35:00,13:40:00,6,3.54800872949181,13:40:00,1,0.0,0.43108945314872626,,compressed
2010-12-14,13:42:00,13:44:00,3,3.5471721927235036,13:44:00,2,0.6666666666666666,0.45305557085287795,,compressed
2012-04-27,13:17:00,13:21:00,5,3.5461430528685085,13:17:00,1,0.0,0.4417806688340752,,compressed
2017-02-09,14:43:00,14:45:00,3,3.5450869162313765,14:45:00,2,1.0,0.664558537927096,,compressed
2016-09-16,12:31:00,12:31:00,1,3.5437729955592108,12:31:00,1,0.0,0.7288983240743241,,mixed
2008-03-18,13:25:00,13:29:00,4,3.5436445536303247,13:28:00,2,0.5,0.45946699910975314,,compressed
2019-03-25,14:12:00,14:17:00,2,3.542880242414507,14:12:00,2,1.0,0.905017673642326,,mixed
2018-10-29,14:16:00,14:18:00,3,3.5426599922560778,14:16:00,2,0.6666666666666666,1.0156058547988274,,mixed
2017-06-26,13:43:00,13:44:00,2,3.5412830025936426,13:43:00,1,0.0,0.5436195876227468,,compressed
2012-06-28,14:36:00,14:36:00,1,3.539527228637444,14:36:00,2,1.0,0.9909263169333529,,mixed
2018-04-27,10:42:00,10:42:00,1,3.5394726817841664,10:42:00,3,1.0,1.049937150884541,,mixed
2016-04-18,13:49:00,13:56:00,7,3.5386842983769426,13:49:00,2,1.0,0.8487229931029849,,mixed
2019-07-31,14:01:00,14:04:00,4,3.5384469736911974,14:01:00,2,1.0,2.578907466941898,,dispersed
2012-04-05,13:48:00,13:53:00,6,3.5378934117554186,13:52:00,3,1.0,1.0684032852347793,,mixed
2017-08-07,14:24:00,14:27:00,4,3.537350389992676,14:26:00,3,1.0,0.4029981620834194,,compressed
2010-12-22,13:09:00,13:14:00,6,3.5373196625365932,13:09:00,3,1.0,0.4496656945868818,,compressed
2020-02-06,15:58:00,15:58:00,1,3.537227865416762,15:58:00,1,0.0,0.7113784758390819,,mixed
2011-02-03,14:46:00,14:50:00,5,3.536738957361704,14:48:00,3,0.4,0.4551980405752454,,compressed
2010-05-14,15:11:00,15:12:00,2,3.5366636048760154,15:11:00,1,0.0,0.9225571798414134,,mixed
2011-08-29,12:34:00,12:34:00,1,3.5364758256662743,12:34:00,3,1.0,0.28107542844688954,,compressed
2012-12-24,12:22:00,12:24:00,3,3.534967402476847,12:23:00,2,1.0,0.4909643864821011,,compressed
2020-07-30,13:52:00,13:56:00,4,3.534523283083819,13:54:00,1,0.0,0.8839692494985585,,mixed
2018-09-26,12:33:00,12:37:00,5,3.533854534243865,12:34:00,3,0.4,0.47444705843230134,,compressed
2009-01-28,13:43:00,13:46:00,2,3.5333282728272906,13:43:00,2,1.0,0.4633344602023466,,compressed
2009-06-18,11:44:00,11:46:00,3,3.533317973287461,11:45:00,1,0.0,0.7524326951729934,,mixed
2013-12-30,13:19:00,13:22:00,4,3.532377835709148,13:21:00,1,0.25,0.5340633921012573,,compressed
2012-11-28,10:16:00,10:16:00,1,3.532211402852589,10:16:00,2,1.0,1.954691452900947,,dispersed
2020-10-02,12:22:00,12:25:00,4,3.531951565267442,12:23:00,2,0.5,2.586791669967714,,dispersed
2015-11-17,12:08:00,12:11:00,4,3.5317904661480513,12:08:00,1,0.0,0.7483639138279361,,mixed
2015-04-13,13:45:00,13:46:00,2,3.530955568694302,13:45:00,2,1.0,1.2155580090900562,,mixed
2018-05-25,15:52:00,15:54:00,3,3.530676000382146,15:53:00,3,1.0,1.093958953986054,,mixed
2009-04-24,12:36:00,12:39:00,2,3.530165091317788,12:39:00,1,0.0,0.6458377638099558,,compressed
2014-10-07,12:51:00,13:01:00,6,3.529518867063734,12:57:00,2,1.0,0.7739570027854399,,mixed
2013-06-17,11:09:00,11:12:00,4,3.528452103310969,11:10:00,3,1.0,0.6902039940240179,,mixed
2019-09-27,11:36:00,11:37:00,2,3.528168849763228,11:36:00,2,1.0,2.6251327912283937,,dispersed
2018-09-13,14:17:00,14:17:00,1,3.5280173948274287,14:17:00,2,1.0,0.7205931072418785,,mixed
2010-12-21,13:15:00,13:18:00,4,3.5266127916884065,13:15:00,3,1.0,0.620932614130667,,compressed
2012-06-01,15:41:00,15:41:00,1,3.5260278297161274,15:41:00,1,0.0,1.3587165572894515,,mixed
2014-02-07,13:47:00,13:51:00,5,3.525668481286623,13:47:00,1,0.6,0.53340671141187,,compressed
2010-11-15,13:02:00,13:04:00,3,3.5247078648942187,13:03:00,1,0.0,0.6434767316932261,,compressed
2010-08-31,14:56:00,14:56:00,1,3.5244148047170625,14:56:00,3,1.0,1.2828273883843972,,mixed
2011-11-11,14:17:00,14:18:00,2,3.523112355369804,14:17:00,2,1.0,0.5088464532885613,,compressed
2010-12-14,13:28:00,13:33:00,6,3.5220226297803343,13:30:00,3,1.0,0.447052937287188,,compressed
2008-04-30,13:56:00,13:59:00,4,3.519884674677633,13:57:00,1,0.0,0.6598519562999429,,compressed
2014-10-24,11:59:00,12:00:00,2,3.5192531682837496,11:59:00,2,1.0,0.7699303542665222,,mixed
2008-11-18,11:55:00,11:55:00,1,3.5192324729807325,11:55:00,2,1.0,0.9027075583395461,,mixed
2017-02-28,14:09:00,14:09:00,1,3.5188064081929595,14:09:00,1,0.0,1.1014812681410295,,mixed
2011-07-22,14:07:00,14:07:00,1,3.518394526811426,14:07:00,2,1.0,0.5808888601492389,,compressed
2019-01-24,12:07:00,12:07:00,1,3.518390499845532,12:07:00,1,0.0,0.7997581514324414,,mixed
2013-09-11,13:25:00,13:31:00,6,3.518345802976693,13:31:00,1,0.0,0.5024529908994279,,compressed
2020-04-06,15:50:00,15:54:00,2,3.51833101804411,15:54:00,2,1.0,1.7110300701316639,,dispersed
2021-01-14,13:51:00,13:51:00,1,3.516172245650247,13:51:00,1,0.0,0.5708016322877745,,compressed
2016-07-07,12:42:00,12:46:00,4,3.5145515367098206,12:43:00,1,0.0,0.7231388640499612,,mixed
2018-10-23,15:30:00,15:30:00,1,3.5144867117474456,15:30:00,2,1.0,1.3003090349809,,mixed
2015-04-22,12:14:00,12:19:00,4,3.5142050035619543,12:18:00,2,0.5,0.787050155339105,,mixed
2021-04-08,12:45:00,12:45:00,1,3.5139797943649285,12:45:00,1,0.0,0.8609470598359079,,mixed
2018-07-16,14:40:00,14:40:00,1,3.513953332271972,14:40:00,3,1.0,0.7086241137704348,,mixed
2012-05-18,13:28:00,13:34:00,6,3.5132851515998444,13:34:00,1,0.0,0.7988970374128224,,mixed
2009-06-23,14:28:00,14:28:00,1,3.5129066867165077,14:28:00,1,0.0,0.9724394348643625,,mixed
2016-03-02,11:22:00,11:22:00,1,3.509311358133443,11:22:00,2,1.0,1.2338870475758186,,mixed
2014-06-20,11:28:00,11:28:00,1,3.508702164878024,11:28:00,2,1.0,0.674867354044046,,mixed
2013-01-14,14:04:00,14:07:00,4,3.5081086419244447,14:04:00,3,1.0,1.5027762257769142,,dispersed
2018-04-25,15:15:00,15:17:00,3,3.5078823012833165,15:15:00,2,1.0,1.1016847890367865,,mixed
2009-06-02,12:48:00,12:54:00,5,3.5063598794153474,12:51:00,2,1.0,0.7752219203174155,,mixed
2012-05-01,10:00:00,10:00:00,1,3.50620233493098,10:00:00,2,1.0,3.9672261745304778,,dispersed
2008-01-24,13:27:00,13:27:00,1,3.505724149173057,13:27:00,3,1.0,0.7007218570982238,,mixed
2017-07-27,12:18:00,12:22:00,5,3.5053530447532,12:18:00,2,0.4,0.4957496805509409,,compressed
2013-07-02,12:46:00,12:46:00,1,3.5049787141206785,12:46:00,2,1.0,0.9692411463575499,,mixed
2009-05-08,12:24:00,12:34:00,7,3.5049594804738735,12:24:00,2,1.0,0.9554935698596178,,mixed
2014-09-15,14:14:00,14:16:00,3,3.5041997784409804,14:15:00,1,0.0,0.776475923045022,,mixed
2018-06-28,13:24:00,13:24:00,1,3.5031359382968787,13:24:00,2,1.0,0.8411700962239541,,mixed
2012-06-15,15:39:00,15:43:00,5,3.502866176269667,15:42:00,2,1.0,0.4912321890616864,,compressed
2013-04-08,15:54:00,15:55:00,2,3.5021042449598605,15:54:00,3,0.5,0.9586371656404691,,mixed
2009-10-27,10:37:00,10:40:00,4,3.5019601512180762,10:39:00,2,0.75,1.8215452448530753,,dispersed
2018-12-14,11:55:00,11:55:00,1,3.501600079585323,11:55:00,2,1.0,1.0333213988727212,,mixed
2020-07-29,13:25:00,13:27:00,2,3.5014321536049238,13:27:00,2,1.0,0.5824731191259751,,compressed
2017-09-13,14:47:00,14:49:00,3,3.501039193155729,14:47:00,3,1.0,0.6027230070050499,,compressed
2013-05-30,12:51:00,12:52:00,2,3.5005252088103687,12:51:00,1,0.0,0.6142990100915071,,compressed
2008-04-15,15:51:00,15:53:00,2,3.500496923290536,15:51:00,3,1.0,1.1447366453958958,,mixed
2016-02-23,13:37:00,13:38:00,2,3.500479096057188,13:37:00,2,1.0,0.9335030078793839,,mixed
2017-11-16,10:55:00,10:56:00,2,3.500164434068448,10:55:00,3,1.0,0.9989883749140176,,mixed
2008-03-17,14:37:00,14:37:00,1,3.500121612718029,14:37:00,1,0.0,1.0264616741076211,,mixed
2014-09-22,12:41:00,12:41:00,1,3.499742530344243,12:41:00,2,1.0,1.1888503491105311,,mixed
2021-01-22,14:59:00,15:03:00,5,3.499085653963546,15:02:00,1,0.0,0.5676548620820313,,compressed
2018-12-13,15:53:00,15:54:00,2,3.4982021329347597,15:54:00,1,0.0,0.7477481918528904,,mixed
2016-02-02,14:31:00,14:31:00,1,3.4981151979989464,14:31:00,1,0.0,0.9677117166366979,,mixed
2010-03-25,12:46:00,12:47:00,2,3.4980062748931084,12:46:00,2,1.0,0.6503484173092032,,compressed
2014-04-21,13:16:00,13:16:00,1,3.4975969458678273,13:16:00,1,0.0,0.32161297180494824,,compressed
2015-12-18,12:32:00,12:32:00,1,3.497265594451057,12:32:00,1,0.0,1.1765408713248608,,mixed
2018-07-30,10:17:00,10:22:00,3,3.497227809677494,10:17:00,2,1.0,1.5259388109016463,,dispersed
2011-12-16,11:13:00,11:15:00,3,3.495626303226289,11:15:00,1,0.0,0.7739775628908365,,mixed
2013-07-09,13:24:00,13:28:00,5,3.4944945893483035,13:24:00,1,0.0,0.4153006928178628,,compressed
2013-05-20,11:45:00,11:56:00,10,3.4941992724378506,11:47:00,1,0.1,0.456545131653545,,compressed
2020-06-16,14:22:00,14:22:00,1,3.493056060316792,14:22:00,2,1.0,1.1715488937535303,,mixed
2012-02-01,12:29:00,12:30:00,2,3.492207314054256,12:30:00,1,0.5,0.7119465218163729,,mixed
2015-04-21,12:30:00,12:38:00,8,3.492162655862449,12:34:00,3,1.0,0.8808116152756421,,mixed
2019-12-18,10:33:00,10:40:00,8,3.491670014586144,10:36:00,1,0.125,1.035073123553981,,mixed
2009-11-24,13:38:00,13:46:00,9,3.4914388575389705,13:45:00,1,0.0,0.6309650619025631,,compressed
2017-11-06,15:02:00,15:03:00,2,3.490886569482026,15:02:00,1,0.0,0.48683367735687705,,compressed
2010-08-06,14:52:00,14:54:00,3,3.49081402309787,14:52:00,2,1.0,1.4189823907857086,,mixed
2020-04-14,12:26:00,12:26:00,1,3.49017660477182,12:26:00,3,1.0,0.8981421339685173,,mixed
2018-02-20,12:16:00,12:17:00,2,3.4898081460006365,12:16:00,1,0.0,0.5961631703103271,,compressed
2018-09-12,13:53:00,13:54:00,2,3.489748641017145,13:54:00,3,1.0,0.7504445057504163,,mixed
2017-01-25,13:09:00,13:12:00,4,3.489102599746031,13:10:00,1,0.0,0.6077030237887893,,compressed
2019-10-10,14:30:00,14:36:00,7,3.4889323683887303,14:33:00,2,1.0,2.5506699823260575,,dispersed
2012-11-01,10:46:00,10:47:00,2,3.4886647174305607,10:46:00,2,1.0,0.7620220533739166,,mixed
2017-04-21,11:38:00,11:39:00,2,3.4879831869472806,11:38:00,1,0.0,0.9465910573325768,,mixed
2019-12-12,14:30:00,14:32:00,3,3.487060821156792,14:30:00,2,1.0,4.890270092246798,,dispersed
2008-08-20,13:47:00,13:52:00,2,3.4869986684771774,13:47:00,1,0.0,0.8555341319439879,,mixed
2021-02-05,11:41:00,11:43:00,3,3.4869092293551334,11:42:00,1,0.0,0.7825438839027862,,mixed
2012-06-12,11:40:00,11:44:00,5,3.4843211563379692,11:43:00,3,1.0,1.4345085735869596,,mixed
2012-11-01,11:25:00,11:31:00,7,3.484207894286619,11:25:00,1,0.0,0.750750606238393,,mixed
2020-06-23,11:10:00,11:10:00,1,3.4827655776116195,11:10:00,2,1.0,1.1693462757307247,,mixed
2008-10-28,14:03:00,14:04:00,2,3.4824174988685836,14:03:00,1,0.0,0.7447483848069325,+10.8% rally day,mixed
2010-03-17,14:20:00,14:27:00,8,3.482279307093536,14:26:00,3,0.75,0.5165492488948694,,compressed
2015-04-10,11:33:00,11:35:00,3,3.481904591845863,11:34:00,1,0.3333333333333333,0.542775540542355,,compressed
2018-11-01,11:49:00,11:51:00,3,3.4814595379350477,11:50:00,1,0.0,0.6457419338054553,,compressed
2020-06-30,14:04:00,14:07:00,4,3.481163590612493,14:05:00,1,0.0,0.6398709134110556,,compressed
2017-08-01,13:50:00,13:54:00,5,3.480858770360621,13:52:00,3,0.8,0.4564892605958727,,compressed
2014-08-27,14:25:00,14:41:00,17,3.4808359167324014,14:40:00,2,0.23529411764705882,0.44269716286190497,,compressed
2020-05-18,10:42:00,10:42:00,1,3.4806272680585417,10:42:00,2,1.0,0.5775689764955838,,compressed
2020-06-24,12:13:00,12:14:00,2,3.4805872500906734,12:13:00,2,1.0,2.0746629299525985,,dispersed
2020-04-28,15:26:00,15:32:00,7,3.480400785280248,15:31:00,2,1.0,1.2842048422320822,,mixed
2019-01-30,10:00:00,10:01:00,2,3.4800812581954124,10:00:00,1,0.0,1.0964914174469587,,mixed
2012-06-28,15:33:00,15:33:00,1,3.479652826903741,15:33:00,3,1.0,2.7677290037506443,,dispersed
2020-05-19,12:14:00,12:15:00,2,3.478749256011539,12:14:00,2,1.0,0.5785908154136414,,compressed
2014-12-16,13:46:00,13:46:00,1,3.4778567094454527,13:46:00,1,0.0,1.7515082408495506,,dispersed
2010-08-10,14:15:00,14:17:00,2,3.4776102613064337,14:17:00,2,1.0,2.9530682600048577,,dispersed
2009-06-04,13:03:00,13:04:00,2,3.4769852623249937,13:04:00,1,0.0,0.4738167737502583,,compressed
2014-12-16,14:04:00,14:04:00,1,3.476658161369183,14:04:00,1,0.0,1.4876819759839772,,mixed
2016-03-15,11:55:00,11:57:00,3,3.4765848585331116,11:56:00,1,0.0,0.7349683253011672,,mixed
2018-04-20,12:09:00,12:13:00,4,3.4762225627631738,12:11:00,2,1.0,1.1063822131368994,,mixed
2008-10-10,15:08:00,15:08:00,1,3.476203650982888,15:08:00,1,0.0,1.8044950963109458,GFC panic week climax,dispersed
2016-08-31,10:26:00,10:28:00,2,3.4759589476949726,10:28:00,3,1.0,1.373193583154126,,mixed
2015-03-31,13:55:00,13:59:00,3,3.4758471749308133,13:58:00,2,1.0,0.8565666676673135,,mixed
2008-04-28,14:47:00,14:47:00,1,3.475813037192609,14:47:00,2,1.0,0.7341436325171973,,mixed
2011-12-23,13:08:00,13:13:00,5,3.4757619063434975,13:09:00,1,0.0,0.3458319255179188,,compressed
2011-12-16,15:07:00,15:08:00,2,3.475194958302625,15:07:00,2,1.0,0.5928792882631335,,compressed
2008-08-18,15:04:00,15:05:00,2,3.4748895333301624,15:05:00,2,1.0,0.8375833874247,,mixed
2010-12-08,12:26:00,12:26:00,1,3.474650586619785,12:26:00,2,1.0,0.5079292379103628,,compressed
2011-04-19,14:19:00,14:30:00,10,3.4744442030861573,14:19:00,2,0.6,0.49811149586394854,,compressed
2018-09-26,12:10:00,12:11:00,2,3.474433785467064,12:10:00,1,0.0,0.5636075762095353,,compressed
2013-12-26,13:48:00,13:49:00,2,3.4744053376612185,13:48:00,1,0.0,0.5245097053892872,,compressed
2013-09-04,12:40:00,12:43:00,2,3.4738554819651384,12:40:00,3,0.5,0.6810469783820574,,mixed
2015-11-05,14:57:00,15:05:00,4,3.473840575674254,15:00:00,1,0.25,1.038513985782776,,mixed
2013-10-29,15:01:00,15:01:00,1,3.4732383614758757,15:01:00,2,1.0,0.7198014453801789,,mixed
2012-01-10,14:27:00,14:29:00,3,3.4729020181280332,14:27:00,1,0.0,0.5942257311090688,,compressed
2010-05-26,14:07:00,14:08:00,2,3.472776261474591,14:08:00,3,1.0,0.7038669110802114,,mixed
2012-03-19,14:36:00,14:55:00,18,3.472546826709246,14:36:00,1,0.0,0.516991173649556,,compressed
2014-06-30,14:20:00,14:21:00,2,3.472239348465833,14:21:00,1,0.0,0.44471146254773036,,compressed
2020-08-04,11:28:00,11:31:00,4,3.4721989064318697,11:28:00,2,1.0,1.014156707238339,,mixed
2013-06-14,14:16:00,14:20:00,5,3.4713748024216446,14:19:00,1,0.0,0.9444302398465126,,mixed
2012-06-26,14:41:00,14:45:00,5,3.4711394161696747,14:42:00,3,0.8,0.9867328645024052,,mixed
2011-12-22,13:19:00,13:24:00,6,3.4709622791570225,13:24:00,3,0.16666666666666666,0.42897615967879615,,compressed
2017-04-21,11:25:00,11:27:00,3,3.4707018930093088,11:26:00,3,1.0,0.9161095028964434,,mixed
2008-02-08,11:41:00,11:41:00,1,3.470611185568063,11:41:00,1,0.0,0.8681897725097684,,mixed
2009-03-30,14:07:00,14:07:00,1,3.4705094409586534,14:07:00,2,1.0,0.582700249767601,,compressed
2020-08-05,15:31:00,15:36:00,5,3.4704240082642825,15:34:00,3,1.0,0.7605695590670206,,mixed
2021-04-08,14:53:00,14:56:00,4,3.4703936918658065,14:56:00,1,0.0,0.6260600083930596,,compressed
2016-07-29,13:33:00,13:37:00,5,3.4702833062444154,13:33:00,2,1.0,0.5948499485741315,,compressed
2016-07-22,14:56:00,15:02:00,4,3.4701573434727577,14:57:00,2,0.75,0.6146158490740309,,compressed
2011-12-22,13:07:00,13:09:00,3,3.4696157616603447,13:07:00,3,1.0,0.5341574344259197,,compressed
2015-10-28,11:03:00,11:04:00,2,3.4681746668689803,11:03:00,2,1.0,0.8429737224322434,,mixed
2015-04-22,12:57:00,13:00:00,4,3.467240959535277,12:59:00,1,0.0,0.9617092307168985,,mixed
2020-07-30,14:54:00,14:59:00,5,3.467124061484611,14:55:00,1,0.0,0.920005305639927,,mixed
2008-10-22,11:04:00,11:14:00,8,3.4670889708969055,11:10:00,1,0.125,1.029624593795833,,mixed
2010-06-17,10:00:00,10:04:00,4,3.467030206405081,10:00:00,2,1.0,1.9577710661880854,,dispersed
2019-12-16,12:52:00,13:02:00,11,3.4664875385102665,12:52:00,1,0.09090909090909091,0.3954171239632279,,compressed
2008-03-14,12:58:00,13:05:00,6,3.4644028827068816,12:58:00,1,0.0,1.6478394621720738,,dispersed
2014-10-21,14:28:00,14:28:00,1,3.464034797694431,14:28:00,1,0.0,0.3643702976878909,,compressed
2012-07-18,13:38:00,13:40:00,3,3.4639609302897654,13:39:00,3,0.6666666666666666,0.49542533927531157,,compressed
2010-08-18,14:35:00,14:38:00,4,3.463034619273858,14:36:00,3,1.0,1.0449534563715808,,mixed
2019-08-29,14:06:00,14:06:00,1,3.462352924860903,14:06:00,2,1.0,0.6102243515022073,,compressed
2013-10-16,14:23:00,14:27:00,5,3.46228656675506,14:27:00,1,0.0,0.43928480823094024,,compressed
2011-06-23,11:39:00,11:39:00,1,3.462194803849708,11:39:00,1,0.0,1.144405726218936,,mixed
2011-05-27,13:46:00,13:46:00,1,3.461818594564639,13:46:00,1,0.0,0.5352952339826809,,compressed
2014-11-19,12:26:00,12:28:00,3,3.461430598459347,12:26:00,1,0.0,0.48868893840423555,,compressed
2015-10-07,10:44:00,10:45:00,2,3.461365778843793,10:45:00,2,1.0,1.041316841328681,,mixed
2019-02-22,14:09:00,14:09:00,1,3.4613001287411667,14:09:00,1,0.0,0.5991760524328049,,compressed
2021-04-20,11:21:00,11:21:00,1,3.4601880102770664,11:21:00,1,0.0,1.9712427032102557,,dispersed
2014-06-02,13:04:00,13:04:00,1,3.4601048533145042,13:04:00,1,0.0,0.47012409179259174,,compressed
2019-08-16,11:34:00,11:35:00,2,3.4597974324786396,11:34:00,2,1.0,0.8461538999442789,,mixed
2016-03-07,14:13:00,14:14:00,2,3.45939955160993,14:14:00,1,0.5,1.058571278392927,,mixed
2012-03-13,13:38:00,13:42:00,5,3.4592373075020317,13:40:00,3,1.0,0.44953497651148594,,compressed
2012-10-11,14:23:00,14:25:00,3,3.4584840971481183,14:24:00,1,0.3333333333333333,1.0612929240989912,,mixed
2021-04-15,13:45:00,13:46:00,2,3.4582716168872287,13:45:00,2,1.0,0.627611369490493,,compressed
2011-12-23,11:43:00,11:45:00,3,3.4581938388068707,11:43:00,1,0.0,0.5171226954092452,,compressed
2021-01-05,14:16:00,14:18:00,3,3.4580778678548234,14:17:00,2,1.0,1.7728988397925707,,dispersed
2015-08-26,12:57:00,12:58:00,2,3.4574323830341904,12:58:00,1,0.0,1.2670181570250332,,mixed
2020-01-16,10:13:00,10:19:00,4,3.4562415392748096,10:13:00,2,1.0,1.2440480880975489,,mixed
2018-10-30,13:03:00,13:04:00,2,3.4562191681275576,13:04:00,2,1.0,0.8803654076586828,,mixed
2021-01-25,10:51:00,10:57:00,5,3.4556711309285646,10:57:00,2,1.0,2.0666021801545984,,dispersed
2010-12-08,12:35:00,12:42:00,4,3.455666551794259,12:41:00,3,1.0,0.6033341402071065,,compressed
2020-03-31,14:45:00,14:46:00,2,3.4555502730716228,14:45:00,3,1.0,0.5995530148284308,,compressed
2015-10-28,12:10:00,12:12:00,3,3.455507668781632,12:10:00,2,1.0,0.9075625832005466,,mixed
2016-08-03,10:15:00,10:16:00,2,3.455491161488026,10:15:00,1,0.0,1.08682344120119,,mixed
2020-09-14,15:05:00,15:12:00,8,3.4553240189112255,15:05:00,3,0.875,1.133303837328859,,mixed
2010-06-28,15:35:00,15:35:00,1,3.4546730119337523,15:35:00,1,0.0,0.8258619551722675,,mixed
2020-09-24,14:31:00,14:36:00,4,3.4545511053094726,14:36:00,1,0.0,1.098238400970686,,mixed
2018-01-29,12:35:00,12:35:00,1,3.454424242297374,12:35:00,2,1.0,0.9365033193155674,,mixed
2011-11-17,12:41:00,12:42:00,2,3.453854842002551,12:41:00,2,1.0,2.472808390644869,,dispersed
2013-06-12,15:01:00,15:01:00,1,3.4536345338687866,15:01:00,3,1.0,0.981505679599449,,mixed
2019-04-01,13:52:00,13:54:00,3,3.453528113449554,13:54:00,1,0.0,0.46281078461175285,,compressed
2008-06-27,13:53:00,13:58:00,3,3.452334046458086,13:53:00,3,1.0,0.9886676428889796,,mixed
2009-10-06,15:13:00,15:17:00,5,3.451910418104252,15:16:00,2,1.0,0.9572670478920101,,mixed
2016-03-30,12:35:00,12:35:00,1,3.451281451860451,12:35:00,3,1.0,1.1860753503261412,,mixed
2011-12-13,11:42:00,11:45:00,4,3.4512730292015195,11:42:00,3,1.0,0.855587469230004,,mixed
2017-06-16,15:23:00,15:25:00,3,3.451086423102184,15:23:00,3,0.6666666666666666,0.8668587437453652,,mixed
2021-04-09,12:36:00,12:36:00,1,3.450651567313205,12:36:00,3,1.0,0.8176196140507018,,mixed
2009-08-21,12:31:00,12:34:00,3,3.4498274430265594,12:34:00,2,0.3333333333333333,0.4352192087178041,,compressed
2012-07-05,13:23:00,13:32:00,9,3.448968973614395,13:32:00,1,0.0,0.6286176993833423,,compressed
2016-07-14,12:45:00,12:56:00,8,3.4474854588272525,12:53:00,3,1.0,0.7035005024453822,,mixed
2016-01-20,14:39:00,14:41:00,3,3.4470644451320727,14:39:00,2,1.0,1.613901530484313,,dispersed
2013-09-09,13:05:00,13:05:00,1,3.4465159699105663,13:05:00,3,1.0,0.41540980222921353,,compressed
2015-08-06,13:56:00,14:01:00,4,3.446266988514985,13:56:00,1,0.0,0.874806182763269,,mixed
2012-07-26,15:55:00,15:55:00,1,3.4458145883055638,15:55:00,1,0.0,0.9385165607764802,,mixed
2008-04-15,12:02:00,12:12:00,10,3.4444519439870307,12:05:00,1,0.0,0.7621022405110398,,mixed
2013-10-24,12:45:00,12:45:00,1,3.4438812985667484,12:45:00,1,0.0,0.9572880835660166,,mixed
2018-05-17,10:39:00,10:40:00,2,3.4420947302758065,10:40:00,2,1.0,1.108305274489104,,mixed
2008-08-13,11:00:00,11:00:00,1,3.4417768663118244,11:00:00,2,1.0,1.1844515512226863,,mixed
2012-09-10,12:17:00,12:20:00,4,3.440070770522112,12:17:00,1,0.0,0.41390597284954617,,compressed
2008-04-03,11:23:00,11:23:00,1,3.4398657996293935,11:23:00,1,0.0,0.7132936049178985,,mixed
2012-08-17,12:33:00,12:42:00,10,3.4392636160355345,12:41:00,1,0.0,0.6197016321181723,,compressed
2012-07-10,13:10:00,13:14:00,5,3.4390036401395156,13:11:00,2,0.8,0.576242842673392,,compressed
2013-08-06,13:28:00,13:33:00,5,3.4387286715745264,13:33:00,2,1.0,0.46614885175866744,,compressed
2017-10-31,13:07:00,13:12:00,6,3.4382013001504497,13:11:00,3,0.6666666666666666,0.5607365273842341,,compressed
2020-04-01,10:19:00,10:19:00,1,3.437443164507555,10:19:00,1,0.0,1.0380733982531816,,mixed
2015-05-08,15:42:00,15:44:00,3,3.437226025176079,15:42:00,1,0.0,0.7540560335747909,,mixed
2015-06-18,12:24:00,12:28:00,4,3.4371367639101504,12:26:00,2,1.0,1.2483589962471147,,mixed
2008-12-15,10:24:00,10:25:00,2,3.437119019641738,10:25:00,1,0.0,1.0212250830534588,,mixed
2011-12-07,14:45:00,14:45:00,1,3.436847524092308,14:45:00,2,1.0,1.6000514212287649,,dispersed
2019-12-23,14:33:00,14:34:00,2,3.4363415869442737,14:34:00,1,0.0,0.5884709194040096,,compressed
2017-07-05,13:53:00,13:55:00,3,3.4347357335029294,13:53:00,3,0.3333333333333333,0.6460156755875455,,compressed
2009-07-23,12:29:00,12:29:00,1,3.4346170504174096,12:29:00,2,1.0,0.5860560026793873,,compressed
2014-03-06,12:02:00,12:05:00,3,3.433475931800346,12:05:00,2,1.0,0.5192553710215381,,compressed
2010-01-29,12:50:00,12:52:00,3,3.4325266086720787,12:52:00,1,0.0,0.9836113850620406,,mixed
2010-02-02,13:58:00,13:59:00,2,3.4323701838837652,13:59:00,2,1.0,0.6916154028177506,,mixed
2017-05-08,13:07:00,13:16:00,10,3.4317062142673445,13:13:00,3,0.5,0.5642405935953044,,compressed
2008-05-07,14:30:00,14:31:00,2,3.4313007219012706,14:30:00,2,0.5,1.111000149309069,,mixed
2010-07-26,12:25:00,12:26:00,2,3.430357053768652,12:25:00,2,1.0,0.48242675861482853,,compressed
2020-07-06,11:53:00,11:53:00,1,3.4300190909803847,11:53:00,3,1.0,0.6599589548027297,,compressed
2010-07-19,15:38:00,15:38:00,1,3.4299739088183436,15:38:00,2,1.0,0.9380509970414664,,mixed
2015-05-14,15:46:00,15:49:00,4,3.4278087243074125,15:47:00,1,0.0,0.4240625767217179,,compressed
2008-12-26,14:30:00,14:32:00,3,3.4269149655133426,14:32:00,2,1.0,0.45234633532897633,,compressed
2018-12-27,11:10:00,11:12:00,3,3.426613445603679,11:11:00,3,1.0,1.0742154251257865,,mixed
2019-03-29,10:29:00,10:29:00,1,3.426557599321936,10:29:00,2,1.0,0.9148826810412741,,mixed
2011-03-14,13:31:00,13:32:00,2,3.4260877450500336,13:32:00,1,0.0,0.6734805893025874,,mixed
2020-10-13,13:10:00,13:13:00,4,3.424007525702918,13:11:00,2,1.0,1.4486455708760906,,mixed
2015-03-12,14:22:00,14:25:00,4,3.422961397947084,14:25:00,2,1.0,0.7535630824665926,,mixed
2009-01-06,12:31:00,12:34:00,3,3.42292018604307,12:32:00,2,0.6666666666666666,0.8561673901481394,,mixed
2015-04-10,13:57:00,14:20:00,18,3.4226332239697412,14:03:00,2,0.2222222222222222,0.47995853727243926,,compressed
2015-11-25,14:44:00,14:46:00,3,3.422608538523977,14:45:00,3,0.3333333333333333,0.5132905692808497,,compressed
2018-02-21,12:17:00,12:19:00,3,3.4221688190195922,12:17:00,2,1.0,0.6252187051695202,,compressed
2016-04-11,11:17:00,11:18:00,2,3.4215385704492727,11:17:00,1,0.0,0.9993044975539732,,mixed
2018-02-22,11:52:00,12:00:00,5,3.4215329379927812,11:58:00,1,0.2,0.8031208003118876,,mixed
2019-07-30,14:48:00,14:48:00,1,3.4204782725821006,14:48:00,1,0.0,0.7838899325058213,,mixed
2019-07-01,14:51:00,14:52:00,2,3.4201311588689522,14:52:00,2,1.0,0.8078751318764431,,mixed
2021-01-22,15:59:00,16:00:00,2,3.4195856436499446,15:59:00,3,1.0,1.6876583618324446,,dispersed
2014-04-22,12:52:00,12:58:00,7,3.4195287636738234,12:54:00,1,0.0,0.37104137007470245,,compressed
2009-04-07,12:08:00,12:10:00,3,3.41930675521322,12:09:00,1,0.0,0.7317448084098175,,mixed
2019-03-05,11:45:00,11:51:00,6,3.418941679969706,11:46:00,1,0.0,0.7482024399005627,,mixed
2013-03-05,12:36:00,12:44:00,8,3.4187482737070796,12:43:00,1,0.0,0.49311426927755947,,compressed
2021-02-22,15:30:00,15:30:00,1,3.4184261413018264,15:30:00,1,0.0,0.8078568505563335,,mixed
2017-05-01,14:43:00,14:51:00,8,3.418276981078846,14:44:00,2,1.0,0.6829786896068692,,mixed
2012-12-14,12:38:00,12:41:00,4,3.4180795260252577,12:38:00,3,0.5,0.9692224820223195,,mixed
2008-08-05,13:34:00,13:35:00,2,3.416727559451838,13:34:00,1,0.0,0.44729829578845076,,compressed
2008-06-16,13:55:00,13:57:00,3,3.416386325941062,13:57:00,2,0.3333333333333333,0.9873323837940486,,mixed
2017-09-22,14:46:00,15:08:00,20,3.414784474512553,14:46:00,2,0.2,0.6739659695437293,,mixed
2020-01-30,10:38:00,10:39:00,2,3.4146853672655024,10:38:00,1,0.0,1.2004874536314176,,mixed
2012-01-20,14:35:00,14:39:00,5,3.4143501073547617,14:35:00,1,0.2,0.5825064844144417,,compressed
2011-09-29,10:41:00,10:42:00,2,3.413800632655449,10:42:00,2,1.0,0.9137396460215987,,mixed
2014-04-07,13:40:00,13:41:00,2,3.4134332960428138,13:40:00,2,1.0,1.4682765898907497,,mixed
2008-05-28,12:15:00,12:17:00,2,3.413324590653418,12:17:00,1,0.0,1.0298440462272382,,mixed
2019-02-05,14:52:00,14:57:00,5,3.412986048348389,14:56:00,2,0.8,0.7212288697650202,,mixed
2019-08-08,13:36:00,13:36:00,1,3.412827708185965,13:36:00,1,0.0,0.573476095813882,,compressed
2013-03-28,14:45:00,14:46:00,2,3.4109316569594514,14:45:00,1,0.0,0.5151118118225182,,compressed
2015-06-05,14:31:00,14:33:00,3,3.4107649953760713,14:31:00,1,0.0,0.6418824321754169,,compressed
2018-01-04,13:57:00,13:57:00,1,3.410702071102492,13:57:00,3,1.0,0.7914387741167727,,mixed
2016-10-07,14:10:00,14:11:00,2,3.4104690344442776,14:11:00,1,0.0,0.8114898858480216,,mixed
2011-11-18,13:28:00,13:33:00,6,3.4103259543689344,13:28:00,1,0.0,0.7784462343026758,,mixed
2017-10-18,14:23:00,14:45:00,22,3.410085795269764,14:30:00,3,0.7272727272727273,0.7290457688272319,,mixed
2017-06-19,13:06:00,13:14:00,9,3.4088869199946967,13:10:00,1,0.0,0.4565224473181533,,compressed
2020-08-13,14:00:00,14:01:00,2,3.408811230533206,14:00:00,1,0.0,1.1172136690521486,,mixed
2008-05-12,14:18:00,14:20:00,3,3.4087342848500524,14:18:00,2,1.0,0.7685609126670937,,mixed
2014-10-14,14:08:00,14:08:00,1,3.406529154357349,14:08:00,2,1.0,0.9883074237062758,,mixed
2016-03-21,14:20:00,14:22:00,3,3.4044687642485396,14:22:00,1,0.0,0.8904840400064047,,mixed
2013-08-13,13:55:00,13:55:00,1,3.403819883411247,13:55:00,1,0.0,0.5577060542298246,,compressed
2013-09-17,15:16:00,15:24:00,5,3.4037533294846694,15:17:00,1,0.6,0.6358578015214128,,compressed
2008-02-15,13:38:00,13:42:00,4,3.403610553775536,13:42:00,2,1.0,0.7802134079737418,,mixed
2010-07-07,14:25:00,14:25:00,1,3.4035583174852277,14:25:00,1,0.0,0.7720674767234751,,mixed
2019-06-12,15:25:00,15:26:00,2,3.4026536368960985,15:25:00,2,1.0,0.5682352376041985,,compressed
2013-09-05,12:08:00,12:08:00,1,3.402306387842078,12:08:00,3,1.0,0.5563519539550844,,compressed
2015-07-28,12:56:00,12:56:00,1,3.401867398076457,12:56:00,2,1.0,0.5674402577396577,,compressed
2014-07-18,12:18:00,12:18:00,1,3.4009127716223504,12:18:00,2,1.0,0.724376059241619,,mixed
2008-11-11,13:19:00,13:22:00,2,3.399890809886819,13:22:00,1,0.5,0.7347693532331089,,mixed
2010-09-21,12:54:00,12:58:00,5,3.399245278808033,12:54:00,1,0.0,0.5932722879874672,,compressed
2012-01-31,15:45:00,15:45:00,1,3.3980958015238754,15:45:00,1,0.0,1.1238119800712025,,mixed
2010-07-01,14:31:00,14:32:00,2,3.3978661830104175,14:31:00,2,1.0,1.3632501967424793,,mixed
2012-11-26,12:09:00,12:10:00,2,3.3973385600528063,12:09:00,3,1.0,0.6166994583722286,,compressed
2018-04-05,12:53:00,12:54:00,2,3.397114102530751,12:54:00,1,0.0,0.5506065566861201,,compressed
2018-08-08,14:09:00,14:10:00,2,3.3971084482562075,14:09:00,1,0.0,0.4383056644334704,,compressed
2010-02-12,12:26:00,12:28:00,3,3.396329603556079,12:27:00,2,1.0,1.3236345533950225,,mixed
2017-12-05,11:13:00,11:20:00,5,3.3962270100636682,11:19:00,2,1.0,0.9772908879343901,,mixed
2018-06-22,15:58:00,15:59:00,2,3.395698471134503,15:58:00,2,1.0,1.4570587165925792,,mixed
2013-10-10,11:25:00,11:25:00,1,3.395631120018765,11:25:00,1,0.0,1.201412644956192,,mixed
2019-07-29,15:49:00,15:49:00,1,3.3952645919845756,15:49:00,1,0.0,0.8906006166453067,,mixed
2015-10-01,10:42:00,10:42:00,1,3.3951203710600724,10:42:00,1,0.0,1.4086461537940718,,mixed
2010-10-06,11:48:00,11:49:00,2,3.394561397399573,11:49:00,3,1.0,0.6281332949351802,,compressed
2014-04-01,12:45:00,12:45:00,1,3.3944926626511625,12:45:00,2,1.0,0.6259543022651585,,compressed
2020-02-13,15:07:00,15:07:00,1,3.3944564276376847,15:07:00,2,1.0,1.6964330537811698,,dispersed
2017-02-06,15:55:00,15:56:00,2,3.394174068741431,15:56:00,1,0.0,0.6493120681991179,,compressed
2012-01-25,13:35:00,13:38:00,4,3.393997798867476,13:35:00,1,0.5,2.078132957946881,,dispersed
2014-08-18,12:26:00,12:26:00,1,3.3939344921440187,12:26:00,3,1.0,0.5064607876296783,,compressed
2010-10-07,12:40:00,12:47:00,6,3.3936092580345356,12:42:00,1,0.0,0.977456221108187,,mixed
2013-11-05,13:18:00,13:21:00,4,3.3931127735865547,13:18:00,1,0.0,0.545455179014138,,compressed
2020-02-14,14:57:00,14:58:00,2,3.39291905389834,14:57:00,3,1.0,1.2173901960166733,,mixed
2010-09-27,14:10:00,14:12:00,3,3.392508148948552,14:10:00,2,1.0,0.9371517190973508,,mixed
2014-12-24,11:42:00,11:44:00,3,3.3920889188950363,11:43:00,2,0.6666666666666666,0.3853268133524135,,compressed
2017-07-26,12:25:00,12:34:00,10,3.391307575810554,12:25:00,2,0.6,0.5303883314983502,,compressed
2020-05-14,10:13:00,10:16:00,4,3.3911361496861283,10:13:00,2,1.0,2.021937615472824,,dispersed
2020-08-13,13:10:00,13:12:00,3,3.3908879387408772,13:11:00,1,0.0,0.7678203209371047,,mixed
2021-01-13,12:55:00,12:55:00,1,3.39042154132484,12:55:00,2,1.0,0.7392049854225247,,mixed
2015-06-11,14:37:00,14:41:00,5,3.3899871475012233,14:38:00,1,0.0,0.41800514337415334,,compressed
2018-08-16,15:57:00,15:58:00,2,3.389455606329508,15:57:00,2,0.5,0.8885910522767758,,mixed
2009-06-29,13:07:00,13:15:00,9,3.389133700616043,13:07:00,1,0.1111111111111111,0.42059044037823706,,compressed
2009-11-03,14:43:00,14:45:00,3,3.3887477848317924,14:44:00,1,0.0,0.7911657401281287,,mixed
2017-06-23,15:03:00,15:03:00,1,3.3878168185319604,15:03:00,2,1.0,1.2269121398360023,,mixed
2014-08-19,13:02:00,13:10:00,9,3.387630135018081,13:04:00,2,1.0,0.4957420253271695,,compressed
2021-02-04,14:41:00,14:43:00,2,3.3873178168934075,14:43:00,1,0.0,0.36331097546870483,,compressed
2016-11-14,11:54:00,11:55:00,2,3.3867359521904645,11:55:00,1,0.0,1.0203545621543553,,mixed
2014-05-19,11:57:00,12:02:00,5,3.3863682692282566,11:57:00,1,0.0,0.4009237668383941,,compressed
2008-09-15,12:53:00,12:55:00,3,3.3857649450909175,12:54:00,1,0.0,1.1055370114096226,Lehman Brothers bankruptcy,mixed
2018-03-08,12:31:00,12:34:00,3,3.3854317756524814,12:34:00,1,0.0,0.8197032962636133,,mixed
2015-10-09,11:20:00,11:26:00,3,3.3842148426938228,11:26:00,1,0.0,0.7844111532483075,,mixed
2018-12-13,11:41:00,11:42:00,2,3.384117618402974,11:41:00,1,0.0,0.8567044473354996,,mixed
2021-02-18,13:18:00,13:19:00,2,3.3838265719578065,13:18:00,3,1.0,1.1560989243911677,,mixed
2009-03-05,14:51:00,14:56:00,4,3.383487111441149,14:55:00,1,0.0,1.2024153843721934,,mixed
2017-11-03,12:00:00,12:00:00,1,3.3832387989030615,12:00:00,1,0.0,0.43336047033089486,,compressed
2016-05-25,10:15:00,10:16:00,2,3.382894158079168,10:15:00,2,1.0,1.0453077363039154,,mixed
2008-12-26,11:02:00,11:03:00,2,3.382887795919885,11:02:00,1,0.0,0.32414725338778383,,compressed
2020-11-19,14:50:00,14:51:00,2,3.382781451414546,14:51:00,1,0.0,0.9139370196740413,,mixed
2016-06-27,12:32:00,12:32:00,1,3.3824405832257134,12:32:00,2,1.0,1.4962015005185947,,mixed
2010-12-06,15:04:00,15:16:00,11,3.380951237882352,15:15:00,3,0.18181818181818182,0.5455754370114873,,compressed
2012-03-26,14:05:00,14:05:00,1,3.380677429107754,14:05:00,3,1.0,0.4867748813983925,,compressed
2011-07-26,15:51:00,15:51:00,1,3.379837161178079,15:51:00,2,1.0,1.059053631839279,,mixed
2018-07-23,12:10:00,12:11:00,2,3.3792751429470824,12:11:00,1,0.0,0.6759914879229261,,mixed
2019-03-28,14:11:00,14:30:00,9,3.378882317328648,14:11:00,1,0.0,0.42437557138912374,,compressed
2019-07-12,13:39:00,13:41:00,2,3.3786718569127023,13:39:00,1,0.5,0.3872155095520874,,compressed
2011-08-18,13:43:00,13:45:00,3,3.377627431291013,13:45:00,2,1.0,1.0923012896007929,-4.5% day,mixed
2018-09-11,12:35:00,12:40:00,5,3.3774029363009332,12:35:00,2,0.4,0.6294494691856278,,compressed
2015-07-14,10:21:00,10:22:00,2,3.377209269900542,10:22:00,1,0.0,0.632043840024264,,compressed
2014-05-09,15:37:00,15:37:00,1,3.37652016548708,15:37:00,1,0.0,0.8227778798998451,,mixed
2009-03-03,11:57:00,11:59:00,2,3.3757373384156004,11:57:00,3,0.5,0.9919878912761724,,mixed
2021-01-20,13:12:00,13:14:00,3,3.3757352193867716,13:14:00,1,0.0,0.5355042963221645,,compressed
2009-11-17,15:36:00,15:36:00,1,3.3756132662510807,15:36:00,1,0.0,0.46153138321364634,,compressed
2016-11-08,15:01:00,15:01:00,1,3.375264489809769,15:01:00,1,0.0,0.7742256493766255,,mixed
2016-11-02,14:01:00,14:01:00,1,3.3750468353948104,14:01:00,2,1.0,1.399153226859283,,mixed
2018-07-10,13:19:00,13:21:00,3,3.374994906220297,13:21:00,3,1.0,0.9026180931453845,,mixed
2017-06-30,13:27:00,13:28:00,2,3.3734256348565883,13:27:00,1,0.0,0.40491657336602377,,compressed
2012-01-12,12:34:00,12:39:00,6,3.3734217270424165,12:37:00,1,0.0,0.5273951082852714,,compressed
2011-11-07,10:09:00,10:10:00,2,3.373353085607166,10:10:00,2,1.0,1.1695922066912643,,mixed
2010-12-03,13:53:00,13:56:00,4,3.373269681591321,13:54:00,1,0.0,0.5426792976370742,,compressed
2009-03-19,10:53:00,10:55:00,3,3.372971973043482,10:55:00,3,1.0,1.2742753727165572,,mixed
2013-07-09,11:24:00,11:25:00,2,3.372411378326837,11:24:00,1,0.0,0.5465390817855829,,compressed
2009-07-02,13:02:00,13:08:00,7,3.372385358055883,13:03:00,3,0.42857142857142855,0.5191091229556004,,compressed
2013-10-16,13:35:00,13:41:00,3,3.3722622249105156,13:41:00,2,1.0,0.7070915327877813,,mixed
2009-01-21,14:33:00,14:36:00,4,3.3714751011377637,14:34:00,2,1.0,0.9022020073118613,,mixed
2015-05-11,14:50:00,14:50:00,1,3.3707748862954254,14:50:00,1,0.0,0.8114669232744668,,mixed
2020-09-17,10:23:00,10:26:00,4,3.3705195758682143,10:23:00,1,0.0,1.774629911111178,,dispersed
2009-01-15,15:55:00,15:55:00,1,3.370122146045396,15:55:00,1,0.0,2.3583443035464065,,dispersed
2012-12-26,14:19:00,14:19:00,1,3.3685450040560787,14:19:00,3,1.0,0.9811068445341673,,mixed
2011-05-23,10:22:00,10:24:00,3,3.3684860166607646,10:23:00,1,0.0,1.5677250800906168,,dispersed
2008-10-30,11:13:00,11:13:00,1,3.368394024415923,11:13:00,1,0.0,0.7871788841587507,,mixed
2019-09-18,12:29:00,12:33:00,3,3.367607602857693,12:33:00,1,0.0,0.595894069252028,,compressed
2011-05-27,12:01:00,12:01:00,1,3.3672101845970697,12:01:00,1,0.0,0.5486345867780925,,compressed
2019-06-04,11:30:00,11:30:00,1,3.367086167859264,11:30:00,1,0.0,0.7039902432533048,,mixed
2013-04-18,15:36:00,15:38:00,3,3.366975287466805,15:36:00,2,1.0,1.110318521245979,,mixed
2018-05-07,11:06:00,11:07:00,2,3.3661458133173836,11:06:00,2,1.0,0.9251669255826003,,mixed
2009-07-23,14:50:00,14:50:00,1,3.3654455682661872,14:50:00,3,1.0,0.9307953539555786,,mixed
2017-07-10,13:56:00,14:00:00,5,3.3649907341938423,13:56:00,2,1.0,0.5590422372754901,,compressed
2020-08-14,12:32:00,12:34:00,3,3.364496797072744,12:33:00,2,0.6666666666666666,0.6520661039464988,,compressed
2015-04-23,14:54:00,14:56:00,3,3.364332341872672,14:54:00,2,1.0,0.6939473812097681,,mixed
2016-07-11,12:24:00,12:29:00,3,3.3638216180844687,12:29:00,1,0.0,0.3180101100117348,,compressed
2018-11-21,13:35:00,13:35:00,1,3.363577508268286,13:35:00,1,0.0,0.49722870763321514,,compressed
2018-05-11,15:48:00,15:52:00,4,3.3625333219231726,15:48:00,2,0.5,0.6954077778885539,,mixed
2017-01-20,12:05:00,12:09:00,3,3.361956234885997,12:08:00,2,1.0,1.8771728387534965,,dispersed
2016-02-10,11:00:00,11:03:00,4,3.361360518562519,11:03:00,1,0.0,1.2160254387070637,,mixed
2020-08-25,13:18:00,13:19:00,2,3.361324813012398,13:18:00,3,0.5,0.850568121382074,,mixed
2012-11-08,12:05:00,12:06:00,2,3.3605902869968647,12:05:00,2,1.0,1.1392426169245513,,mixed
2020-05-19,14:58:00,14:58:00,1,3.360409029703448,14:58:00,2,1.0,0.9911713237361719,,mixed
2017-01-27,15:11:00,15:18:00,8,3.3595136369064735,15:16:00,1,0.0,0.501937221857868,,compressed
2017-12-11,12:36:00,12:36:00,1,3.359496102057601,12:36:00,1,0.0,0.4319798477630215,,compressed
2011-10-17,11:40:00,11:41:00,2,3.359250536388908,11:40:00,2,1.0,0.7072386356668685,,mixed
2014-04-22,12:39:00,12:41:00,3,3.359215567982824,12:39:00,2,1.0,0.7257044704230949,,mixed
2017-10-13,12:11:00,12:15:00,2,3.3591957489987205,12:11:00,2,1.0,0.5924722160668363,,compressed
2012-04-03,13:10:00,13:12:00,3,3.359130941083356,13:10:00,3,1.0,0.6072863328416149,,compressed
2011-01-26,12:37:00,12:38:00,2,3.358359665620115,12:37:00,1,0.0,0.6191991142650856,,compressed
2018-04-13,13:54:00,13:54:00,1,3.3577132881001592,13:54:00,1,0.0,0.4399318887073916,,compressed
2014-05-23,12:42:00,12:47:00,4,3.3576795952989476,12:42:00,3,1.0,0.4633826580281702,,compressed
2018-12-11,10:36:00,10:38:00,3,3.357548874563115,10:37:00,1,0.0,1.0376200106032567,,mixed
2009-03-03,13:47:00,13:48:00,2,3.3569764990174527,13:47:00,1,0.5,1.1290256137847459,,mixed
2013-06-17,11:23:00,11:25:00,3,3.3566326099331967,11:23:00,2,1.0,0.7296655766840807,,mixed
2013-04-09,14:58:00,15:05:00,7,3.3563186768306146,14:58:00,1,0.7142857142857143,0.8209707483391667,,mixed
2016-02-23,15:21:00,15:25:00,5,3.3556028809592426,15:22:00,2,1.0,1.0364059755104151,,mixed
2012-10-17,10:05:00,10:08:00,4,3.355440882850748,10:07:00,2,1.0,1.2633731069283571,,mixed
2016-07-13,11:35:00,11:37:00,3,3.3545867558629343,11:37:00,2,1.0,1.043281311647529,,mixed
2009-12-23,12:52:00,12:57:00,5,3.354253193408427,12:56:00,3,1.0,0.4829060898244938,,compressed
2017-11-10,15:12:00,15:15:00,4,3.354144719920688,15:13:00,1,0.0,0.6810070922158499,,mixed
2013-05-30,14:40:00,14:40:00,1,3.3538041044824407,14:40:00,1,0.0,0.6254778700394108,,compressed
2009-05-26,11:38:00,11:38:00,1,3.353242587348712,11:38:00,2,1.0,0.8059168260289651,,mixed
2010-10-05,13:50:00,13:57:00,7,3.3531798494003513,13:56:00,1,0.0,0.4648784713901601,,compressed
2013-11-25,14:07:00,14:10:00,4,3.3528289409007885,14:08:00,3,1.0,0.511386196050713,,compressed
2019-01-08,10:59:00,10:59:00,1,3.352046910811466,10:59:00,1,0.0,0.999019344612067,,mixed
2020-08-03,11:32:00,11:33:00,2,3.351823949758016,11:32:00,1,0.0,0.5274618334170273,,compressed
2013-07-22,13:04:00,13:08:00,4,3.351517425929427,13:07:00,1,0.0,0.476391986912373,,compressed
2011-04-15,12:02:00,12:06:00,4,3.3509249606564997,12:02:00,1,0.25,0.6154821598444411,,compressed
2010-04-05,12:10:00,12:11:00,2,3.350844818428798,12:11:00,1,0.0,0.5636512636162957,,compressed
2010-07-14,12:13:00,12:13:00,1,3.3507316452677376,12:13:00,1,0.0,0.811194138020544,,mixed
2016-12-23,11:09:00,11:13:00,2,3.3503181668419413,11:09:00,3,1.0,0.5884224665721588,,compressed
2015-10-21,13:18:00,13:18:00,1,3.3499263713832117,13:18:00,1,0.0,1.1753299610072196,,mixed
2009-09-11,15:23:00,15:27:00,5,3.3496343048816386,15:26:00,2,1.0,0.7604635190733151,,mixed
2009-03-09,13:56:00,13:57:00,2,3.3496069146126817,13:56:00,1,0.0,0.8264545873802577,bear market bottom,mixed
2010-12-10,15:20:00,15:23:00,4,3.349098552230834,15:22:00,3,1.0,0.5709374126606865,,compressed
2018-01-17,11:55:00,11:58:00,3,3.348903425604793,11:57:00,3,1.0,0.9819463873769995,,mixed
2010-08-27,10:47:00,10:50:00,4,3.348609032390079,10:47:00,2,1.0,1.9104889988964822,,dispersed
2015-01-28,10:20:00,10:21:00,2,3.348248220719209,10:21:00,3,1.0,1.3342024224807336,,mixed
2020-11-13,14:48:00,14:48:00,1,3.3481015640801663,14:48:00,2,1.0,0.8001792217914334,,mixed
2014-08-14,14:06:00,14:25:00,16,3.3480205160538103,14:08:00,1,0.0625,0.46170442792722083,,compressed
2010-02-19,13:43:00,13:46:00,4,3.346908339302843,13:44:00,3,0.75,0.4902022601052285,,compressed
2013-06-03,15:31:00,15:31:00,1,3.3469003095207293,15:31:00,1,0.0,1.3486742838173764,,mixed
2020-05-22,10:51:00,10:55:00,5,3.3465795808271968,10:52:00,3,1.0,1.1068314213043775,,mixed
2016-10-05,12:05:00,12:06:00,2,3.3458442976757605,12:05:00,3,1.0,0.7648243232963711,,mixed
2011-08-29,14:56:00,14:59:00,4,3.3450714007607623,14:58:00,1,0.0,0.4137854737656334,,compressed
2018-06-12,12:59:00,13:00:00,2,3.345037186382319,12:59:00,1,0.0,0.6974685088322152,,mixed
2011-06-20,12:33:00,12:34:00,2,3.3446868041432527,12:33:00,1,0.0,0.711621530838956,,mixed
2018-10-15,11:36:00,11:37:00,2,3.3445865618182884,11:36:00,2,1.0,0.800560490372481,,mixed
2015-01-09,13:29:00,13:29:00,1,3.344571507699633,13:29:00,2,1.0,0.7517369980108781,,mixed
2008-10-30,14:42:00,14:48:00,6,3.3443186340910396,14:47:00,1,0.3333333333333333,0.8002594470829398,,mixed
2015-05-14,11:02:00,11:04:00,3,3.3439934056242127,11:02:00,1,0.0,0.6231553960583761,,compressed
2008-04-07,11:59:00,12:01:00,3,3.343959027109426,12:00:00,3,1.0,0.9439153630074891,,mixed
2017-04-27,13:49:00,13:49:00,1,3.3437859907637817,13:49:00,3,1.0,0.5183552276402092,,compressed
2009-07-29,13:01:00,13:01:00,1,3.343723596009082,13:01:00,2,1.0,1.0584504810882605,,mixed
2019-11-25,10:39:00,10:39:00,1,3.34368418443338,10:39:00,1,0.0,0.7225108207054936,,mixed
2014-04-23,11:28:00,11:28:00,1,3.343608724588983,11:28:00,1,0.0,0.9242391423883687,,mixed
2013-04-10,14:40:00,14:41:00,2,3.3435525082475035,14:40:00,2,1.0,0.9813239855097681,,mixed
2009-08-24,12:02:00,12:02:00,1,3.34286002715266,12:02:00,1,0.0,0.5669303670396934,,compressed
2019-06-27,11:18:00,11:18:00,1,3.342480004614374,11:18:00,2,1.0,1.5771284658770903,,dispersed
2009-08-24,13:59:00,13:59:00,1,3.341682770301422,13:59:00,1,0.0,0.6671255059658884,,compressed
2008-06-04,12:20:00,12:20:00,1,3.341640348163042,12:20:00,1,0.0,0.970320578332311,,mixed
2011-08-23,10:07:00,10:09:00,3,3.341633031221158,10:08:00,1,0.3333333333333333,2.0249045940842523,,dispersed
2009-02-20,13:50:00,13:52:00,2,3.340522572608011,13:50:00,3,1.0,0.7958240686150594,,mixed
2011-06-23,12:09:00,12:10:00,2,3.3401388962975957,12:10:00,1,0.0,0.9200114294478196,,mixed
2016-09-19,10:41:00,10:46:00,2,3.339798111314614,10:46:00,2,1.0,0.6497363138471507,,compressed
2008-10-30,10:58:00,10:59:00,2,3.3389791045941335,10:58:00,2,1.0,0.8001684418664214,,mixed
2016-06-07,13:00:00,13:06:00,7,3.3388520348217128,13:01:00,1,0.0,0.4778599805312572,,compressed
2016-02-04,14:42:00,14:43:00,2,3.3388038748921547,14:42:00,3,1.0,1.1762437602773101,,mixed
2019-08-27,13:15:00,13:16:00,2,3.338594802696444,13:15:00,2,1.0,1.2660089620475306,,mixed
2009-04-17,13:00:00,13:05:00,6,3.338594258594567,13:00:00,1,0.5,0.7453511744209608,,mixed
2020-07-15,14:01:00,14:06:00,6,3.337898680289702,14:01:00,2,1.0,0.9962654713063224,,mixed
2016-04-08,13:07:00,13:08:00,2,3.3375890348643926,13:07:00,3,0.5,0.9178002864713725,,mixed
2017-05-15,13:24:00,13:24:00,1,3.337246478837304,13:24:00,1,0.0,0.5926352944576567,,compressed
2020-04-14,12:17:00,12:19:00,3,3.3369993594728506,12:17:00,2,1.0,0.9679748260554358,,mixed
2010-11-03,14:16:00,14:16:00,1,3.3369297183472857,14:16:00,3,1.0,3.597038454335232,,dispersed
2015-12-23,11:23:00,11:23:00,1,3.336522518282922,11:23:00,3,1.0,0.5319477109811,,compressed
2020-11-25,12:36:00,12:39:00,3,3.336508963349325,12:39:00,2,0.3333333333333333,0.4805848128803815,,compressed
2020-08-28,15:23:00,15:24:00,2,3.3364258784244045,15:24:00,1,0.0,0.8585778427711465,,mixed
2014-08-12,13:41:00,13:43:00,3,3.336394337118788,13:42:00,1,0.0,0.7165657006786165,,mixed
2012-01-20,14:45:00,14:49:00,4,3.335469298138606,14:47:00,3,0.5,0.56548861369554,,compressed
2020-05-06,14:58:00,14:59:00,2,3.334877792314117,14:58:00,2,1.0,0.9582654771575659,,mixed
2015-08-19,12:52:00,12:52:00,1,3.3341518725552386,12:52:00,2,1.0,0.9925392936347616,,mixed
2013-12-26,13:17:00,13:17:00,1,3.3329534908119838,13:17:00,1,0.0,0.4901788439557373,,compressed
2020-11-27,13:02:00,13:05:00,2,3.332671889613118,13:02:00,3,1.0,1.0978258785721224,,mixed
2015-10-02,10:57:00,10:57:00,1,3.3318405048171096,10:57:00,1,0.0,0.9985687043720176,,mixed
2017-11-03,14:02:00,14:13:00,6,3.3299452266755414,14:11:00,3,1.0,0.5851839609580839,,compressed
2019-12-06,13:38:00,13:58:00,16,3.3299025973444967,13:47:00,1,0.25,0.3970850368582506,,compressed
2017-11-03,11:50:00,11:54:00,5,3.3298090238555274,11:50:00,3,1.0,0.5137846205771717,,compressed
2015-08-04,15:41:00,15:42:00,2,3.3297586841246245,15:42:00,2,1.0,1.084454904841499,,mixed
2018-10-25,13:15:00,13:20:00,3,3.328860969547845,13:15:00,1,0.3333333333333333,0.6155887663186418,,compressed
2008-02-19,13:28:00,13:29:00,2,3.32847046086419,13:28:00,2,1.0,1.109820548370921,,mixed
2017-12-22,12:27:00,12:31:00,5,3.3281504360864647,12:31:00,1,0.0,0.4577001233268456,,compressed
2019-09-12,11:02:00,11:07:00,6,3.3279733724482328,11:02:00,2,1.0,3.4440723082824234,,dispersed
2016-04-06,13:55:00,13:57:00,3,3.3278101920755683,13:57:00,1,0.0,0.6770685981079473,,mixed
2011-11-01,15:17:00,15:17:00,1,3.3276640339824266,15:17:00,1,0.0,1.8276438234516446,,dispersed
2009-02-20,11:00:00,11:03:00,4,3.32729388455644,11:03:00,1,0.0,1.115669419087963,,mixed
2009-04-13,11:28:00,11:28:00,1,3.326415300109975,11:28:00,3,1.0,1.0906542913530806,,mixed
2013-05-31,15:17:00,15:17:00,1,3.3263181677941764,15:17:00,3,1.0,1.0528077910078966,,mixed
2017-11-02,12:53:00,12:54:00,2,3.326234448195997,12:53:00,2,1.0,1.025131136017937,,mixed
2016-09-15,14:12:00,14:12:00,1,3.3255473531016255,14:12:00,1,0.0,0.5509940864270279,,compressed
2019-02-07,15:12:00,15:12:00,1,3.3253577552704456,15:12:00,1,0.0,1.277934074519508,,mixed
2018-07-23,13:54:00,13:55:00,2,3.3252859425512704,13:54:00,1,0.0,0.4201822222856632,,compressed
2016-08-17,14:10:00,14:10:00,1,3.324042582405773,14:10:00,2,1.0,3.387812146210647,,dispersed
2009-03-02,14:28:00,14:30:00,2,3.323853710569793,14:30:00,2,1.0,1.0386372405348407,,mixed
2009-09-22,13:40:00,13:42:00,3,3.323689839103737,13:40:00,2,1.0,1.1917770726297257,,mixed
2014-03-27,10:23:00,10:23:00,1,3.3228337559859047,10:23:00,1,0.0,1.674874013276825,,dispersed
2012-05-25,14:23:00,14:24:00,2,3.3227033729214837,14:24:00,2,1.0,0.5704557484548194,,compressed
2008-07-09,12:48:00,12:49:00,2,3.3222475427326765,12:48:00,3,1.0,0.7674167951793254,,mixed
2008-05-13,13:33:00,13:35:00,2,3.322232326081726,13:33:00,1,0.0,1.0505304362625032,,mixed
2011-11-16,11:27:00,11:27:00,1,3.321574426948911,11:27:00,1,0.0,0.6636735049855129,,compressed
2010-03-15,13:49:00,13:52:00,4,3.3213808158858726,13:50:00,1,0.0,0.5331646046707874,,compressed
2010-06-23,11:18:00,11:18:00,1,3.321174053683954,11:18:00,1,0.0,0.8748230220947313,,mixed
2017-09-22,15:32:00,15:35:00,4,3.321158447460794,15:35:00,3,1.0,0.43792570773796,,compressed
2011-04-15,14:40:00,14:44:00,4,3.320697527033466,14:42:00,1,0.0,0.48859210078305115,,compressed
2017-12-22,12:51:00,12:54:00,4,3.320590107469975,12:53:00,1,0.0,0.4507885436124071,,compressed
2008-09-11,12:07:00,12:07:00,1,3.320580279651399,12:07:00,1,0.0,1.2481947360835128,,mixed
2008-08-29,11:13:00,11:13:00,1,3.3198824762163093,11:13:00,1,0.0,0.8490763545262417,,mixed
2017-12-28,12:11:00,12:20:00,10,3.319741028902548,12:11:00,1,0.2,0.582140579029619,,compressed
2009-01-08,15:46:00,15:46:00,1,3.3190970490534637,15:46:00,1,0.0,1.1395783535259334,,mixed
2014-09-15,13:50:00,13:56:00,3,3.318943621602138,13:50:00,3,0.3333333333333333,0.9936419437926279,,mixed
2009-02-26,14:48:00,14:49:00,2,3.3186494934451725,14:49:00,3,1.0,0.8618617247557205,,mixed
2008-12-18,14:22:00,14:22:00,1,3.31856946344087,14:22:00,2,1.0,0.8493556467326039,,mixed
2017-07-12,13:50:00,13:50:00,1,3.3182508301278992,13:50:00,3,1.0,0.5724383558191101,,compressed
2018-11-29,10:38:00,10:43:00,5,3.318094265006986,10:38:00,2,1.0,1.9401976968241337,,dispersed
2015-09-30,11:40:00,11:40:00,1,3.317756534755887,11:40:00,2,1.0,0.7624212878675155,,mixed
2010-12-17,12:57:00,12:59:00,3,3.3173758564117675,12:57:00,1,0.0,0.4517509859982922,,compressed
2014-08-07,13:06:00,13:06:00,1,3.3172900423189207,13:06:00,1,0.0,0.8427898979647901,,mixed
2014-11-10,14:25:00,14:25:00,1,3.3170652039519783,14:25:00,1,0.0,0.46586989504128423,,compressed
2013-01-02,11:37:00,11:44:00,4,3.3168988414703056,11:43:00,1,0.0,0.8641297632814526,,mixed
2010-04-05,11:33:00,11:36:00,4,3.3165446701032604,11:35:00,1,0.5,0.5178702940056503,,compressed
2013-10-28,14:57:00,14:59:00,3,3.316164525621056,14:59:00,1,0.0,0.5141138693676442,,compressed
2013-08-01,12:03:00,12:04:00,2,3.3159769889575483,12:03:00,1,0.0,0.8285321352306783,,mixed
2017-01-27,13:49:00,13:49:00,1,3.315812209993317,13:49:00,2,1.0,0.5871895762893926,,compressed
2018-03-29,14:06:00,14:07:00,2,3.3155653332519637,14:07:00,3,1.0,0.693735286800476,,mixed
2009-08-07,12:00:00,12:01:00,2,3.315461157412632,12:00:00,3,1.0,1.1678395018834329,,mixed
2008-10-31,11:24:00,11:26:00,3,3.314949822752791,11:25:00,2,0.6666666666666666,0.8516345361478135,,mixed
2011-06-27,12:04:00,12:06:00,3,3.3146254506465582,12:04:00,3,1.0,0.8056770729298609,,mixed
2009-04-22,15:25:00,15:27:00,3,3.314596368738765,15:27:00,3,1.0,1.4185348218400158,,mixed
2014-01-17,12:56:00,13:00:00,4,3.3141033538621483,13:00:00,1,0.0,0.5265665379220493,,compressed
2019-07-26,14:32:00,14:36:00,5,3.312771839098598,14:36:00,1,0.0,0.351352911122515,,compressed
2012-06-19,14:19:00,14:21:00,3,3.3127543022812205,14:19:00,1,0.0,0.48989896819583273,,compressed
2017-11-21,13:30:00,13:31:00,2,3.312210345401084,13:31:00,1,0.0,0.500301013130328,,compressed
2017-03-24,12:14:00,12:16:00,3,3.311622673567425,12:14:00,2,1.0,1.5282716079804834,,dispersed
2020-01-16,11:42:00,11:44:00,3,3.3113356847861235,11:42:00,1,0.0,0.6956909314141948,,mixed
2020-02-18,13:21:00,13:27:00,6,3.3108020403115956,13:22:00,1,0.0,0.6391036606126814,,compressed
2009-02-11,15:00:00,15:03:00,4,3.3102678131336543,15:03:00,3,0.25,1.527103138476802,,dispersed
2009-04-03,13:44:00,13:44:00,1,3.3099780848347047,13:44:00,2,1.0,0.9728095364735985,,mixed
2010-06-02,12:24:00,12:29:00,6,3.3083765883277136,12:27:00,1,0.0,0.5240849262155655,,compressed
2010-04-23,15:06:00,15:06:00,1,3.307792989858331,15:06:00,1,0.0,0.9434319952173271,,mixed
2011-07-20,15:52:00,15:52:00,1,3.3075513659073112,15:52:00,1,0.0,0.7246815025066903,,mixed
2010-05-27,12:27:00,12:29:00,3,3.307159521667169,12:27:00,1,0.0,0.7108689402651054,,mixed
2009-08-17,12:57:00,12:58:00,2,3.3071513324351125,12:57:00,1,0.0,0.44730571080937814,,compressed
2010-11-19,13:31:00,13:38:00,6,3.305923501235612,13:34:00,1,0.0,0.43384538466686984,,compressed
2015-03-16,14:43:00,14:52:00,8,3.305868304585882,14:43:00,1,0.0,0.6559649216826493,,compressed
2016-08-18,11:59:00,11:59:00,1,3.3057070827621438,11:59:00,1,0.0,0.5187526225062556,,compressed
2020-04-01,15:45:00,15:45:00,1,3.305453950758352,15:45:00,2,1.0,1.151533571982491,,mixed
2018-01-30,12:37:00,12:37:00,1,3.305314662869392,12:37:00,1,0.0,1.1046177802884376,,mixed
2018-04-04,14:45:00,14:45:00,1,3.3049887098751,14:45:00,1,0.0,0.9496357370499918,,mixed
2010-08-02,12:38:00,12:38:00,1,3.304694351314962,12:38:00,3,1.0,0.44938834315485854,,compressed
2009-09-28,12:41:00,12:42:00,2,3.303937246748856,12:42:00,3,1.0,0.38966733220941113,,compressed
2020-04-08,13:23:00,13:24:00,2,3.3037211645064133,13:23:00,3,1.0,0.7253757565282988,,mixed
2013-06-13,12:07:00,12:09:00,2,3.3035164637323593,12:09:00,2,0.5,0.6557077424450979,,compressed
2016-01-21,12:38:00,12:38:00,1,3.303504798876121,12:38:00,1,0.0,0.6464165860401847,,compressed
2008-05-02,15:45:00,15:51:00,3,3.303272061123379,15:47:00,2,0.6666666666666666,1.3332409204816051,,mixed
2012-09-07,13:00:00,13:03:00,4,3.3026417315755605,13:02:00,1,0.0,0.44845062141661723,,compressed
2019-03-19,12:59:00,13:02:00,4,3.301872584944146,13:00:00,2,1.0,3.446483024684095,,dispersed
2013-08-23,14:31:00,14:42:00,7,3.3016537196054387,14:34:00,1,0.0,0.5654578119039827,,compressed
2013-11-11,14:30:00,14:35:00,5,3.301486083825629,14:31:00,2,1.0,0.44688071035104693,,compressed
2017-01-26,15:05:00,15:05:00,1,3.3011280580226305,15:05:00,1,0.0,0.5564705011812179,,compressed
2013-06-17,10:36:00,10:36:00,1,3.300605386376603,10:36:00,1,0.0,0.8112290793534983,,mixed
2020-08-12,11:37:00,11:38:00,2,3.30029858573545,11:37:00,1,0.0,0.8704653922064378,,mixed
2015-11-20,12:50:00,12:50:00,1,3.300219280758443,12:50:00,3,1.0,0.6372539973613256,,compressed
2012-11-06,10:39:00,10:41:00,3,3.299781233063296,10:41:00,1,0.0,1.1830130462593067,,mixed
2016-10-05,10:04:00,10:04:00,1,3.299368056851627,10:04:00,2,1.0,0.8511044095179489,,mixed
2010-01-15,13:56:00,13:56:00,1,3.2993623029875305,13:56:00,1,0.0,0.5168975172068145,,compressed
2008-10-09,12:49:00,12:51:00,3,3.299067458945409,12:49:00,1,0.0,0.6759232289306536,,mixed
2015-07-28,13:56:00,13:57:00,2,3.298936352434364,13:57:00,2,0.5,0.8085272497068355,,mixed
2018-05-17,15:34:00,15:37:00,4,3.298818242130237,15:35:00,1,0.0,1.169901121254984,,mixed
2013-09-25,15:06:00,15:06:00,1,3.2987155196258944,15:06:00,2,1.0,1.025110109665271,,mixed
2020-06-30,10:08:00,10:08:00,1,3.298284871690387,10:08:00,1,0.0,1.0981471042202093,,mixed
2013-12-09,12:37:00,12:42:00,6,3.2971920173268514,12:37:00,3,0.3333333333333333,0.4269189455209249,,compressed
2008-06-02,12:34:00,12:34:00,1,3.297020048023362,12:34:00,2,1.0,1.3360271776007733,,mixed
2008-04-28,14:54:00,14:55:00,2,3.296580884335975,14:54:00,2,1.0,0.7736940016727031,,mixed
2013-01-23,12:30:00,12:38:00,9,3.2964603087419855,12:36:00,1,0.2222222222222222,0.5773250152072613,,compressed
2012-04-17,14:44:00,14:47:00,3,3.2952411361984333,14:44:00,1,0.0,0.5660028091324194,,compressed
2010-12-21,13:54:00,13:56:00,3,3.2945683615471055,13:54:00,3,1.0,0.4249019790112293,,compressed
2021-03-10,13:37:00,13:38:00,2,3.2943514650264625,13:37:00,2,1.0,1.0076648380196063,,mixed
2014-08-05,11:08:00,11:12:00,5,3.2938440380292877,11:08:00,3,1.0,1.2402107303694108,,mixed
2011-02-07,14:08:00,14:15:00,5,3.2933249320280726,14:09:00,1,0.0,0.6708870409221813,,mixed
2015-07-14,12:25:00,12:46:00,19,3.292961282889262,12:39:00,1,0.0,0.31814978661907356,,compressed
2011-07-25,15:42:00,15:42:00,1,3.2920833014955133,15:42:00,1,0.0,1.0116137270947565,,mixed
2017-03-24,15:45:00,15:45:00,1,3.2916798517424257,15:45:00,1,0.0,2.368795334560802,,dispersed
2019-03-07,10:23:00,10:23:00,1,3.2902562010315823,10:23:00,3,1.0,2.077470884901651,,dispersed
2009-07-16,12:26:00,12:26:00,1,3.289484726540139,12:26:00,1,0.0,0.717729262023503,,mixed
2009-03-26,12:51:00,12:51:00,1,3.2888715256989562,12:51:00,1,0.0,1.2445376228195284,,mixed
2021-01-21,14:22:00,14:23:00,2,3.288847277087816,14:23:00,1,0.0,0.6105088918109066,,compressed
2020-10-27,13:58:00,13:59:00,2,3.2888341863087365,13:58:00,2,0.5,0.705757311116149,,mixed
2014-07-28,12:08:00,12:09:00,2,3.2887516734967104,12:09:00,1,0.0,0.7495878668140871,,mixed
2011-06-22,14:09:00,14:09:00,1,3.288576548746057,14:09:00,3,1.0,0.9552938085442106,,mixed
2013-06-06,15:02:00,15:02:00,1,3.2885532736940752,15:02:00,3,1.0,1.0468734491724896,,mixed
2010-08-17,12:21:00,12:21:00,1,3.2880454550102995,12:21:00,1,0.0,0.4884794841680825,,compressed
2019-10-07,12:35:00,12:35:00,1,3.287337576531572,12:35:00,2,1.0,0.6503978528982101,,compressed
2011-02-04,13:39:00,13:39:00,1,3.287298871049771,13:39:00,1,0.0,0.6688656084100072,,compressed
2020-04-30,15:18:00,15:18:00,1,3.2872965116917903,15:18:00,3,1.0,1.068892748890597,,mixed
2017-11-24,11:32:00,11:35:00,4,3.287187823681155,11:32:00,3,1.0,0.7495845085751592,,mixed
2018-02-27,14:16:00,14:16:00,1,3.2867327997522175,14:16:00,2,1.0,1.169402314564384,,mixed
2016-11-22,12:43:00,12:44:00,2,3.2862665148074175,12:44:00,1,0.0,0.5774093130311724,,compressed
2015-02-26,11:48:00,11:50:00,3,3.2858526737355325,11:48:00,3,1.0,0.9389248851142309,,mixed
2015-02-24,11:47:00,11:48:00,2,3.2850372104332033,11:48:00,3,1.0,0.7012373425940763,,mixed
2009-10-05,12:01:00,12:02:00,2,3.2849696031955524,12:01:00,2,1.0,0.8748458389309423,,mixed
2010-06-22,13:43:00,13:45:00,3,3.284620214640194,13:45:00,2,1.0,1.1506680771940627,,mixed
2011-04-29,13:47:00,13:49:00,3,3.28363798704064,13:48:00,3,1.0,0.3905435434588226,,compressed
2014-03-19,13:40:00,13:45:00,3,3.2835846851015353,13:40:00,3,0.6666666666666666,0.4690500894487379,,compressed
2021-02-08,12:48:00,12:48:00,1,3.283130541804714,12:48:00,1,0.0,0.5669242729111774,,compressed
2011-05-24,14:39:00,14:39:00,1,3.283034767393482,14:39:00,1,0.0,0.7388061388424743,,mixed
2017-05-22,15:26:00,15:26:00,1,3.282754062263302,15:26:00,1,0.0,0.7361790438588657,,mixed
2013-06-13,14:00:00,14:00:00,1,3.2815800165119167,14:00:00,1,0.0,0.6416946555301803,,compressed
2014-05-02,11:29:00,11:30:00,2,3.281475588075065,11:29:00,2,0.5,1.3040428276076128,,mixed
2019-02-12,15:44:00,15:44:00,1,3.2809352403920866,15:44:00,1,0.0,0.6638327289335586,,compressed
2013-07-30,12:56:00,12:58:00,2,3.280845825109926,12:58:00,3,1.0,1.10987504235761,,mixed
2013-10-15,13:13:00,13:14:00,2,3.280842389507213,13:13:00,1,0.0,0.840155584484502,,mixed
2018-09-17,11:56:00,11:56:00,1,3.2807612392841197,11:56:00,1,0.0,0.7566863579055086,,mixed
2013-06-24,12:56:00,12:56:00,1,3.2807085582011832,12:56:00,3,1.0,1.1628792035462239,,mixed
2009-06-08,14:10:00,14:10:00,1,3.2804714299800026,14:10:00,2,1.0,0.9397457643696726,,mixed
2013-07-15,15:36:00,15:44:00,8,3.279822214056922,15:43:00,1,0.0,0.5219091123729666,,compressed
2018-08-20,15:39:00,15:45:00,7,3.2797049518641233,15:43:00,1,0.0,0.29837680869913297,,compressed
2011-12-19,13:13:00,13:13:00,1,3.2792729560140423,13:13:00,1,0.0,0.40092735173496274,,compressed
2009-02-19,10:01:00,10:02:00,2,3.2786976847943436,10:02:00,1,0.0,1.008225822133733,,mixed
2009-11-04,14:34:00,14:35:00,2,3.2780449544615027,14:34:00,2,1.0,2.570770663137848,,dispersed
2020-11-12,11:10:00,11:15:00,3,3.2763267569632126,11:15:00,1,0.0,0.7784315042724893,,mixed
2016-04-22,13:00:00,13:01:00,2,3.2762498867527445,13:01:00,2,1.0,1.1276514992152948,,mixed
2012-05-01,10:12:00,10:12:00,1,3.275587990517289,10:12:00,2,1.0,4.228153779982733,,dispersed
2013-01-03,14:00:00,14:08:00,6,3.2748169166497707,14:06:00,2,1.0,1.1564492931143637,,mixed
2020-09-11,11:11:00,11:12:00,2,3.2745082961371317,11:11:00,2,1.0,0.7825959341056029,,mixed
2016-06-22,11:31:00,11:39:00,6,3.27449311721172,11:32:00,2,1.0,1.4536985879289896,,mixed
2020-11-02,14:45:00,14:45:00,1,3.2743214333511688,14:45:00,2,1.0,1.2567427260137274,,mixed
2011-01-11,10:40:00,10:45:00,3,3.2742176479145764,10:41:00,1,0.0,1.2409195727482643,,mixed
2021-02-08,12:06:00,12:09:00,2,3.273964061275329,12:06:00,2,0.5,1.0285486991092871,,mixed
2017-10-31,15:12:00,15:13:00,2,3.272977198065346,15:12:00,2,1.0,0.6535050137037709,,compressed
2011-09-13,13:40:00,13:40:00,1,3.2728585218155493,13:40:00,1,0.0,0.7062395250035943,,mixed
2009-11-24,13:57:00,14:01:00,5,3.2725382551645397,14:01:00,1,0.0,0.5215965229267086,,compressed
2012-10-10,13:42:00,13:44:00,2,3.2714724648352953,13:44:00,2,1.0,1.318842242594444,,mixed
2019-07-12,14:34:00,14:36:00,3,3.271412808167604,14:35:00,1,0.0,0.43383779198466416,,compressed
2014-12-24,10:55:00,10:55:00,1,3.2712991684786745,10:55:00,2,1.0,0.41068867139584125,,compressed
2010-06-10,14:46:00,14:47:00,2,3.2708179954825716,14:46:00,2,1.0,0.83672489742172,,mixed
2017-11-08,14:43:00,14:45:00,3,3.270712391371881,14:43:00,1,0.0,0.4813430654931533,,compressed
2013-10-07,11:55:00,11:55:00,1,3.2706812734994886,11:55:00,3,1.0,0.9046971382947393,,mixed
2018-03-01,10:00:00,10:00:00,1,3.2705490398673174,10:00:00,2,1.0,2.44715917157509,,dispersed
2012-11-05,10:57:00,11:02:00,3,3.2701574653897776,10:58:00,2,1.0,0.9489712404775018,,mixed
2013-02-19,13:30:00,13:33:00,4,3.270132199206501,13:33:00,3,0.25,0.6288990555455696,,compressed
2009-05-15,14:05:00,14:06:00,2,3.269927417770145,14:05:00,2,0.5,0.8152152095256772,,mixed
2014-08-07,13:17:00,13:18:00,2,3.269420062793893,13:17:00,3,1.0,0.902113787978752,,mixed
2020-11-23,11:23:00,11:30:00,8,3.2693839579087056,11:30:00,2,1.0,1.7697832159571645,,dispersed
2021-02-17,11:04:00,11:04:00,1,3.2693827555311348,11:04:00,2,1.0,2.07460648117491,,dispersed
2021-04-15,10:05:00,10:08:00,4,3.2690987017160094,10:08:00,1,0.0,1.3653020059262806,,mixed
2010-10-11,13:12:00,13:16:00,4,3.2682413264541457,13:13:00,1,0.5,0.5753461108653756,,compressed
2017-01-25,12:38:00,12:38:00,1,3.267570381229476,12:38:00,1,0.0,0.9102006874348009,,mixed
2016-02-11,12:30:00,12:30:00,1,3.267195786075294,12:30:00,2,1.0,1.0729489234953964,,mixed
2018-04-30,12:33:00,12:34:00,2,3.2671638660962334,12:34:00,2,1.0,0.8524795707496847,,mixed
2014-02-13,12:39:00,12:39:00,1,3.266874936854657,12:39:00,3,1.0,0.7719201442162732,,mixed
2009-08-18,11:17:00,11:17:00,1,3.2664100183475657,11:17:00,1,0.0,0.7787810356884336,,mixed
2016-11-29,14:30:00,14:33:00,3,3.2663179162241454,14:30:00,1,0.0,0.46467840322251336,,compressed
2012-06-07,14:32:00,14:33:00,2,3.2660762613847263,14:32:00,1,0.0,0.6309338871332766,,compressed
2020-07-08,10:15:00,10:15:00,1,3.2646216580121945,10:15:00,1,0.0,1.1852254993175262,,mixed
2011-07-29,13:07:00,13:08:00,2,3.2644780701246727,13:08:00,1,0.0,1.2157307981858445,,mixed
2019-06-17,15:53:00,15:55:00,3,3.2642446536016427,15:53:00,2,1.0,1.1547179741218951,,mixed
2015-02-06,12:21:00,12:23:00,3,3.2635246168128824,12:21:00,2,0.3333333333333333,0.4418303717672225,,compressed
2011-05-16,12:51:00,12:51:00,1,3.2634560137855124,12:51:00,3,1.0,1.1618137190815003,,mixed
2016-08-03,13:22:00,13:23:00,2,3.262868322063969,13:22:00,2,1.0,0.5922716278036911,,compressed
2021-01-26,13:28:00,13:28:00,1,3.2624088865135743,13:28:00,1,0.0,0.8706513011929797,,mixed
2009-07-16,13:35:00,13:38:00,4,3.262140452786043,13:38:00,1,0.0,0.4764692647967439,,compressed
2014-06-20,13:53:00,13:53:00,1,3.261943783517434,13:53:00,1,0.0,0.47985976173744327,,compressed
2020-02-04,13:27:00,13:27:00,1,3.261628622542003,13:27:00,1,0.0,0.4750270009392476,,compressed
2008-02-14,14:40:00,14:40:00,1,3.2606094647602735,14:40:00,1,0.0,0.9783003495790709,,mixed
2020-09-03,13:02:00,13:07:00,2,3.2603418230651626,13:07:00,1,0.5,3.158990856868599,tech-led -3.5% day,dispersed
2008-04-14,11:00:00,11:01:00,2,3.2595310785268214,11:01:00,1,0.0,1.1451574707475316,,mixed
2016-03-14,13:50:00,13:53:00,4,3.25948673326491,13:50:00,1,0.25,0.5336343374912812,,compressed
2010-09-22,15:01:00,15:04:00,3,3.259434328849047,15:02:00,1,0.0,0.946810761838957,,mixed
2017-09-01,15:09:00,15:10:00,2,3.2586418655988845,15:09:00,1,0.5,0.45197507465332154,,compressed
2020-05-08,15:05:00,15:08:00,3,3.2582722859892526,15:07:00,1,0.0,0.8110507852512413,,mixed
2021-02-18,12:51:00,12:52:00,2,3.2581259935271953,12:52:00,1,0.0,0.7411360281238732,,mixed
2017-05-22,14:33:00,14:35:00,3,3.2574966284723423,14:35:00,1,0.3333333333333333,0.46289502683973294,,compressed
2015-05-11,10:49:00,10:49:00,1,3.257428566404042,10:49:00,1,0.0,1.141342960863394,,mixed
2015-10-05,15:00:00,15:00:00,1,3.2573017512433307,15:00:00,2,1.0,0.5710859687365687,,compressed
2011-02-15,14:03:00,14:04:00,2,3.257280440373302,14:04:00,3,1.0,0.7379694753934414,,mixed
2009-11-19,15:24:00,15:24:00,1,3.2565653219455766,15:24:00,2,1.0,1.1237887053580002,,mixed
2017-10-06,14:37:00,14:38:00,2,3.256274314557562,14:38:00,3,0.5,0.546801815864378,,compressed
2015-02-04,11:54:00,11:58:00,3,3.2546444110331203,11:57:00,1,0.3333333333333333,0.6089897711794283,,compressed
2017-04-21,10:38:00,10:39:00,2,3.2545173781161627,10:39:00,3,1.0,0.9411355247318317,,mixed
2017-05-08,12:53:00,12:59:00,7,3.254510700071934,12:54:00,1,0.0,0.5178012900468513,,compressed
2011-06-14,15:26:00,15:29:00,3,3.2541252907603435,15:26:00,2,1.0,0.7157197454021336,,mixed
2009-04-15,12:05:00,12:06:00,2,3.2538878820380632,12:06:00,2,1.0,0.835954668941052,,mixed
2017-05-02,14:02:00,14:03:00,2,3.2538684110940688,14:02:00,1,0.0,0.5214490208816721,,compressed
2009-02-19,12:57:00,12:58:00,2,3.2534267765922866,12:58:00,2,1.0,0.5571367199831132,,compressed
2014-03-28,13:03:00,13:06:00,3,3.2533515458900992,13:06:00,1,0.0,0.6161723583986618,,compressed
2014-08-11,13:11:00,13:22:00,5,3.2529530320271363,13:11:00,1,0.0,0.5890471552174031,,compressed
2014-08-12,14:22:00,14:25:00,4,3.2529281035052935,14:25:00,1,0.0,0.8612659424935019,,mixed
2019-08-20,14:21:00,14:21:00,1,3.2526963432341125,14:21:00,2,1.0,1.1410596389906749,,mixed
2014-11-12,13:19:00,13:21:00,3,3.2519512081391087,13:19:00,2,0.3333333333333333,0.6116950584910433,,compressed
2017-07-10,13:01:00,13:03:00,3,3.2517525440534727,13:03:00,1,0.0,0.4772195856828267,,compressed
2015-02-18,12:23:00,12:23:00,1,3.251651783761276,12:23:00,1,0.0,0.5021852190795596,,compressed
2008-07-25,13:55:00,13:55:00,1,3.2515760910083675,13:55:00,1,0.0,0.9519130985817928,,mixed
2010-09-17,15:04:00,15:04:00,1,3.2515557653949587,15:04:00,1,0.0,0.5908911876159034,,compressed
2011-09-09,12:43:00,12:46:00,4,3.2509024555073545,12:44:00,3,1.0,1.0327075315681722,,mixed
2009-12-15,12:27:00,12:29:00,3,3.250693971945372,12:27:00,2,0.3333333333333333,0.6223867314206142,,compressed
2017-04-25,13:05:00,13:06:00,2,3.250435351873778,13:05:00,2,1.0,0.5558203885945568,,compressed
2008-04-21,15:09:00,15:09:00,1,3.250100745904369,15:09:00,2,1.0,0.8852918702925987,,mixed
2014-07-29,10:19:00,10:19:00,1,3.2498471867802525,10:19:00,1,0.0,2.2040006934669965,,dispersed
2018-07-13,14:42:00,14:42:00,1,3.249085513713362,14:42:00,3,1.0,0.7363980882805307,,mixed
2011-03-10,11:54:00,11:56:00,3,3.2483851224751894,11:55:00,1,0.0,0.9333812392583747,,mixed
2016-05-23,13:18:00,13:23:00,6,3.2483544131754383,13:19:00,2,1.0,0.5584014046894029,,compressed
2012-11-21,14:23:00,14:24:00,2,3.2473275736881932,14:24:00,1,0.0,0.343422447855595,,compressed
2017-08-30,12:30:00,12:37:00,8,3.2473246283522186,12:31:00,1,0.0,0.4882841970715243,,compressed
2012-12-11,11:49:00,11:51:00,3,3.247250809050873,11:49:00,3,1.0,1.373371886012016,,mixed
2010-07-07,15:00:00,15:00:00,1,3.2470817575538766,15:00:00,2,1.0,0.8854353556085829,,mixed
2011-11-30,11:32:00,11:34:00,3,3.2469783390151106,11:32:00,1,0.0,0.5760218405609384,,compressed
2008-12-24,10:45:00,10:46:00,2,3.2465643374517934,10:45:00,1,0.0,0.5052023374674567,,compressed
2013-12-10,13:44:00,13:47:00,4,3.246302759853759,13:47:00,2,1.0,0.7858688132771828,,mixed
2017-06-16,15:00:00,15:01:00,2,3.2462035375436074,15:00:00,2,1.0,0.8514082201424867,,mixed
2009-05-12,15:30:00,15:30:00,1,3.2461095747361783,15:30:00,1,0.0,1.2699865677972118,,mixed
2008-04-09,13:43:00,13:44:00,2,3.2460818379260084,13:43:00,1,0.0,0.6956926023396056,,mixed
2021-02-02,15:49:00,15:50:00,2,3.2457650502388042,15:50:00,1,0.0,0.5872317780602736,,compressed
2009-05-18,13:28:00,13:28:00,1,3.245579474474776,13:28:00,3,1.0,0.9475303690400585,,mixed
2011-04-21,14:20:00,14:22:00,3,3.2453361925479487,14:20:00,2,1.0,0.43929684520495726,,compressed
2010-09-22,14:13:00,14:16:00,4,3.245062638375888,14:15:00,3,1.0,1.2728113021485492,,mixed
2013-01-22,13:11:00,13:16:00,6,3.245043183952779,13:11:00,3,0.6666666666666666,0.6244110963466953,,compressed
2010-02-16,14:06:00,14:06:00,1,3.244908737126484,14:06:00,1,0.0,0.27641427918370526,,compressed
2012-09-10,13:19:00,13:21:00,3,3.244890488690554,13:20:00,1,0.0,0.4235600513421888,,compressed
2009-05-14,12:23:00,12:25:00,3,3.2446237249803893,12:24:00,1,0.0,0.758145638590797,,mixed
2014-07-16,15:26:00,15:26:00,1,3.2440210212244063,15:26:00,2,1.0,0.5134125646906528,,compressed
2010-08-24,13:37:00,13:37:00,1,3.243740628125575,13:37:00,1,0.0,1.0829361854325843,,mixed
2020-07-01,13:25:00,13:25:00,1,3.2435520725282903,13:25:00,1,0.0,0.6280778360886125,,compressed
2021-02-17,12:13:00,12:14:00,2,3.243334603065897,12:13:00,1,0.0,1.0959745676772887,,mixed
2008-01-30,15:06:00,15:07:00,2,3.2432060949190467,15:07:00,1,0.0,1.4645664281292279,,mixed
2011-01-28,15:54:00,15:54:00,1,3.242896374958515,15:54:00,1,0.0,1.290913633635882,,mixed
2014-08-18,14:17:00,14:17:00,1,3.2428908950573097,14:17:00,2,1.0,0.4205785210032452,,compressed
2015-02-11,10:27:00,10:27:00,1,3.2425798192720676,10:27:00,2,1.0,0.7284927704606582,,mixed
2018-08-03,13:02:00,13:02:00,1,3.2423484337834036,13:02:00,1,0.0,0.3746194198813097,,compressed
2010-09-03,12:31:00,12:32:00,2,3.242302570560938,12:31:00,3,0.5,0.44203557126771975,,compressed
2020-09-10,10:03:00,10:03:00,1,3.241960936929787,10:03:00,3,1.0,1.0656427128030561,,mixed
2017-02-03,14:56:00,15:04:00,9,3.241539862407802,15:04:00,1,0.0,0.44388357746070495,,compressed
2018-04-09,12:38:00,12:39:00,2,3.2405492319360545,12:39:00,1,0.0,0.5801944842159271,,compressed
2012-08-06,15:04:00,15:04:00,1,3.2404154584126084,15:04:00,2,1.0,0.5044487113573175,,compressed
2010-10-11,14:48:00,14:48:00,1,3.2400907680797353,14:48:00,1,0.0,0.4204472702276431,,compressed
2018-11-20,12:15:00,12:17:00,3,3.239902114830328,12:16:00,2,1.0,1.2025487616675408,,mixed
2012-11-29,11:55:00,11:56:00,2,3.239713184193005,11:56:00,2,1.0,2.664557463848635,,dispersed
2018-06-22,14:06:00,14:06:00,1,3.239553990258959,14:06:00,1,0.0,0.6420656927569944,,compressed
2018-04-09,13:10:00,13:10:00,1,3.2395043225572278,13:10:00,1,0.0,0.4652560222578601,,compressed
2018-02-16,12:30:00,12:30:00,1,3.239206160648207,12:30:00,1,0.0,0.5957057985603171,,compressed
2013-01-11,14:43:00,14:47:00,3,3.238946545125516,14:43:00,3,1.0,0.5219884030230566,,compressed
2011-07-01,13:01:00,13:02:00,2,3.238554317491938,13:02:00,1,0.0,0.5639836030861186,,compressed
2015-10-21,15:05:00,15:06:00,2,3.238222636887514,15:06:00,2,1.0,1.796728214931538,,dispersed
2020-03-30,12:43:00,12:44:00,2,3.236656103895188,12:43:00,1,0.0,0.49472144033796583,,compressed
2012-03-09,13:35:00,13:41:00,6,3.236617512481632,13:40:00,2,1.0,0.6227659049897193,,compressed
2017-01-20,10:06:00,10:06:00,1,3.236468311937339,10:06:00,2,1.0,1.077991374553036,,mixed
2009-11-16,11:05:00,11:06:00,2,3.236005027086706,11:05:00,2,1.0,0.5366028865436071,,compressed
2009-08-06,15:06:00,15:06:00,1,3.235905055761435,15:06:00,1,0.0,0.9457804112965595,,mixed
2017-08-22,12:08:00,12:09:00,2,3.234802957244595,12:09:00,3,1.0,0.6999137251627924,,mixed
2020-09-15,12:23:00,12:23:00,1,3.2347112094858175,12:23:00,1,0.0,0.41285550260811593,,compressed
2017-04-20,14:34:00,14:34:00,1,3.2339190490033234,14:34:00,1,0.0,0.8804299670726489,,mixed
2019-06-18,11:44:00,11:46:00,3,3.2337278462427914,11:45:00,2,1.0,1.87885484848022,,dispersed
2017-07-31,12:57:00,13:00:00,4,3.2334845525377234,12:59:00,3,1.0,0.618271266744154,,compressed
2008-07-24,13:29:00,13:29:00,1,3.233170976629673,13:29:00,3,1.0,1.090391213360664,,mixed
2020-05-13,10:01:00,10:03:00,3,3.2331014534423628,10:01:00,2,1.0,2.9017273119051397,,dispersed
2013-03-08,12:35:00,12:39:00,2,3.232910166211004,12:35:00,3,0.5,0.9949880546811464,,mixed
2017-10-03,14:37:00,14:42:00,5,3.232855418458515,14:41:00,2,1.0,0.5127775603551877,,compressed
2018-03-08,12:21:00,12:21:00,1,3.2326735248054517,12:21:00,2,1.0,0.7095444253300203,,mixed
2020-10-20,10:57:00,10:58:00,2,3.232535807763012,10:57:00,1,0.0,1.132854738057261,,mixed
2018-06-18,11:56:00,12:00:00,3,3.232381861432387,11:56:00,2,1.0,1.2610952976246155,,mixed
2019-01-09,10:07:00,10:08:00,2,3.2322359557269897,10:07:00,1,0.5,1.3255441969219977,,mixed
2018-02-21,11:25:00,11:28:00,4,3.2316198132145044,11:28:00,1,0.0,0.6607995298730817,,compressed
2020-01-31,13:20:00,13:20:00,1,3.230432876071458,13:20:00,1,0.0,1.4698210477056193,,mixed
2011-04-25,14:41:00,14:45:00,5,3.2303434570256964,14:44:00,1,0.0,0.42550709101642087,,compressed
2009-02-18,14:08:00,14:08:00,1,3.2293211421238768,14:08:00,1,0.0,1.1497329938182719,,mixed
2015-08-14,13:37:00,13:38:00,2,3.229124305531491,13:38:00,2,1.0,0.6934882883665929,,mixed
2019-03-05,14:02:00,14:03:00,2,3.228955517700451,14:03:00,2,1.0,0.6538419201979409,,compressed
2017-09-01,15:29:00,15:29:00,1,3.2285352107185954,15:29:00,1,0.0,0.46785790607121386,,compressed
2016-11-22,13:55:00,13:59:00,2,3.2284843145794513,13:55:00,2,1.0,0.7050327957633571,,mixed
2011-09-15,12:01:00,12:02:00,2,3.2269779687515863,12:02:00,2,1.0,0.6261776863560826,,compressed
2021-02-11,15:58:00,15:58:00,1,3.2268279639334754,15:58:00,1,0.0,1.4329038374565644,,mixed
2016-12-20,13:36:00,13:38:00,2,3.226203120496894,13:36:00,1,0.0,0.5077471068259646,,compressed
2014-02-10,11:34:00,11:35:00,2,3.2256083718699604,11:35:00,1,0.0,0.6623257015972458,,compressed
2016-07-12,15:12:00,15:12:00,1,3.224635385347674,15:12:00,1,0.0,0.9344571072728012,,mixed
2012-12-21,11:34:00,11:37:00,3,3.2241167250210285,11:34:00,3,1.0,1.6868294570926703,,dispersed
2008-05-07,14:49:00,14:51:00,3,3.223448863994727,14:51:00,3,1.0,1.443807780519197,,mixed
2019-10-25,10:39:00,10:39:00,1,3.223442720944441,10:39:00,1,0.0,1.063305868813964,,mixed
2008-11-28,11:44:00,11:45:00,2,3.223274489991752,11:44:00,1,0.0,0.4360501692436735,,compressed
2008-10-17,10:14:00,10:16:00,2,3.2230573656249293,10:16:00,1,0.0,1.0838471088349346,,mixed
2008-05-30,13:39:00,13:39:00,1,3.2224757284062355,13:39:00,1,0.0,0.5432517821871574,,compressed
2018-05-07,14:10:00,14:10:00,1,3.2214712843038487,14:10:00,1,0.0,0.4402636960225707,,compressed
2009-11-19,14:38:00,14:38:00,1,3.2202492797002895,14:38:00,3,1.0,0.9534933002523777,,mixed
2011-11-30,13:33:00,13:33:00,1,3.2199652398550755,13:33:00,3,1.0,0.3913134830341445,,compressed
2015-07-14,13:43:00,13:46:00,4,3.219648220902043,13:43:00,1,0.0,0.34132880651333625,,compressed
2021-01-26,11:35:00,11:36:00,2,3.2191396014003657,11:35:00,3,1.0,1.871077280375096,,dispersed
2011-09-30,13:33:00,13:34:00,2,3.2187612534767616,13:33:00,1,0.0,0.4960540755055183,,compressed
2014-03-19,12:53:00,12:55:00,3,3.2180545329143455,12:54:00,2,0.6666666666666666,0.5811212649090409,,compressed
2015-08-17,14:48:00,14:49:00,2,3.2168849543736604,14:49:00,3,1.0,0.3869185843776315,,compressed
2015-05-06,14:00:00,14:03:00,4,3.2167419129465866,14:01:00,3,1.0,1.182999501629657,,mixed
2014-11-24,13:12:00,13:14:00,2,3.2162723923934062,13:12:00,1,0.0,0.5429104846461043,,compressed
2009-09-08,12:50:00,12:50:00,1,3.21602532559909,12:50:00,2,1.0,0.7314314378620524,,mixed
2019-05-22,12:03:00,12:03:00,1,3.2160230097315106,12:03:00,1,0.0,0.9613312616365086,,mixed
2020-04-06,13:06:00,13:06:00,1,3.2156032172678826,13:06:00,1,0.0,0.6505587086801062,,compressed
2015-05-07,12:35:00,12:38:00,4,3.2155605550138486,12:36:00,1,0.25,0.7679893876183871,,mixed
2012-07-13,12:40:00,12:40:00,1,3.2151571980186064,12:40:00,1,0.0,0.7546626945175469,,mixed
2011-12-23,11:13:00,11:15:00,3,3.2146901907260004,11:15:00,1,0.0,0.41958222009365526,,compressed
2016-10-18,15:40:00,15:40:00,1,3.21462243452948,15:40:00,3,1.0,0.5166448716369395,,compressed
2008-03-25,12:25:00,12:25:00,1,3.21442636908426,12:25:00,3,1.0,0.7452851209762612,,mixed
2012-07-27,15:54:00,15:55:00,2,3.2143487404082767,15:54:00,2,1.0,1.0767578860511968,,mixed
2014-05-14,13:27:00,13:28:00,2,3.2141553649562002,13:28:00,1,0.0,0.6479786048734959,,compressed
2016-06-23,14:39:00,14:39:00,1,3.2137434467891595,14:39:00,2,1.0,0.6863113790904858,,mixed
2008-10-16,13:14:00,13:14:00,1,3.213646440574834,13:14:00,1,0.0,1.427395170328479,,mixed
2020-03-16,14:33:00,14:33:00,1,3.2132558971750353,14:33:00,3,1.0,0.9681235527901233,COVID CIRCUIT BREAKER #3 (-12% day),mixed
2019-03-13,11:43:00,11:44:00,2,3.212675034379652,11:43:00,1,0.0,0.6710047247359576,,mixed
2017-06-23,13:33:00,13:36:00,4,3.2123298844293093,13:33:00,1,0.0,0.5737866403430889,,compressed
2016-09-16,11:29:00,11:34:00,4,3.212293010072622,11:34:00,1,0.0,0.7769604780381887,,mixed
2015-03-24,11:36:00,11:36:00,1,3.211020661308782,11:36:00,1,0.0,0.7446336308967907,,mixed
2019-05-22,13:09:00,13:11:00,2,3.2109472163349064,13:09:00,1,0.0,0.6576754394378982,,compressed
2014-01-21,13:00:00,13:03:00,2,3.2107420910347613,13:00:00,3,1.0,0.5547131483386091,,compressed
2008-10-13,12:38:00,12:38:00,1,3.210006945447872,12:38:00,1,0.0,0.34049409441818346,+11.6% rally (bank recapitalization),compressed
2008-06-16,12:13:00,12:15:00,3,3.2095208607001777,12:13:00,3,1.0,0.5972385515811207,,compressed
2020-09-10,15:14:00,15:14:00,1,3.2094218320100407,15:14:00,3,1.0,1.2153889772404218,,mixed
2017-11-10,15:02:00,15:05:00,4,3.2091428660536088,15:05:00,3,0.75,0.5940943004701813,,compressed
2020-11-06,10:59:00,11:02:00,2,3.2089593389473867,10:59:00,2,1.0,1.582437484897141,,dispersed
2009-01-28,13:30:00,13:31:00,2,3.2084063237988696,13:31:00,2,1.0,0.5616331654068999,,compressed
2014-11-19,14:03:00,14:03:00,1,3.208292609882776,14:03:00,2,1.0,1.571041677339334,,dispersed
2012-09-28,13:37:00,13:39:00,3,3.207926623023971,13:37:00,2,1.0,1.0375314810431207,,mixed
2010-02-10,14:08:00,14:08:00,1,3.207606479044375,14:08:00,1,0.0,0.6854365688002421,,mixed
2021-01-22,14:32:00,14:36:00,3,3.2074362955710707,14:35:00,1,0.0,0.6301404841403885,,compressed
2009-03-26,13:03:00,13:04:00,2,3.2070951176672824,13:03:00,1,0.0,1.3156459211984284,,mixed
2015-08-27,13:34:00,13:37:00,4,3.2057645936779466,13:34:00,1,0.0,0.5094429952169283,,compressed
2013-03-08,13:25:00,13:25:00,1,3.205546434834635,13:25:00,1,0.0,0.5745490727588889,,compressed
2015-10-09,11:38:00,11:39:00,2,3.205414406151424,11:38:00,1,0.0,0.8027293698450048,,mixed
2009-06-04,15:08:00,15:08:00,1,3.20527518333738,15:08:00,1,0.0,0.9989147061575661,,mixed
2008-06-09,11:30:00,11:39:00,4,3.2051768069757327,11:35:00,2,1.0,0.7540984966036163,,mixed
2021-04-06,15:37:00,15:37:00,1,3.204670105207143,15:37:00,1,0.0,0.7540884050791634,,mixed
2015-04-06,14:54:00,14:54:00,1,3.2040400742345367,14:54:00,1,0.0,0.4610132733230909,,compressed
2014-04-02,12:53:00,12:54:00,2,3.2039483996045433,12:53:00,2,1.0,0.6318393555304215,,compressed
2016-01-13,11:18:00,11:19:00,2,3.203804479298129,11:18:00,1,0.0,1.1776953414616587,,mixed
2008-11-21,12:36:00,12:36:00,1,3.203701508211732,12:36:00,1,0.0,1.3117911202007544,,mixed
2013-03-14,15:02:00,15:03:00,2,3.203338562190505,15:03:00,1,0.5,0.5366434753668127,,compressed
2020-08-03,15:12:00,15:13:00,2,3.203235828081158,15:12:00,2,1.0,0.5799234556294143,,compressed
2009-06-25,13:49:00,13:49:00,1,3.2026783007417974,13:49:00,3,1.0,0.7540150211119794,,mixed
2015-08-04,12:19:00,12:19:00,1,3.2025182938055377,12:19:00,1,0.0,0.8609946547505327,,mixed
2014-07-01,12:37:00,12:44:00,4,3.2006483091980056,12:38:00,1,0.0,0.5027736490164186,,compressed
2018-09-19,15:11:00,15:13:00,3,3.200586347135396,15:12:00,2,1.0,0.49116269557855374,,compressed
2011-01-12,15:05:00,15:06:00,2,3.200472252553288,15:06:00,1,0.5,0.5303751648312285,,compressed
2016-08-23,14:36:00,14:37:00,2,3.2004297623844558,14:36:00,3,1.0,0.6198340542981421,,compressed
2021-01-13,10:41:00,10:41:00,1,3.1999837245289284,10:41:00,1,0.0,0.5273028948389437,,compressed
2010-08-27,14:39:00,14:46:00,3,3.19990446233807,14:39:00,1,0.0,0.7789585188185578,,mixed
2013-02-12,13:21:00,13:28:00,8,3.1998147454022865,13:22:00,1,0.75,0.4488092072706291,,compressed
2008-05-16,15:18:00,15:18:00,1,3.199655211545227,15:18:00,1,0.0,0.9869847283860973,,mixed
2012-02-03,13:29:00,13:29:00,1,3.1993990321043246,13:29:00,1,0.0,0.5795543101970461,,compressed
2019-11-26,15:04:00,15:04:00,1,3.199129420055582,15:04:00,1,0.0,0.8009995525395842,,mixed
2020-09-21,15:04:00,15:04:00,1,3.198997714356483,15:04:00,2,1.0,0.9538827967750562,,mixed
2008-08-01,12:30:00,12:37:00,5,3.1986547093566493,12:30:00,1,0.0,1.1112248359414814,,mixed
2019-09-30,12:43:00,12:43:00,1,3.1984547167416917,12:43:00,3,1.0,0.40181479594935343,,compressed
2015-04-10,15:11:00,15:11:00,1,3.1979823180316624,15:11:00,1,0.0,0.5591175106572894,,compressed
2009-02-20,12:40:00,12:40:00,1,3.197549971446288,12:40:00,1,0.0,0.7097094952587928,,mixed
2012-08-10,14:44:00,14:48:00,5,3.196361186947225,14:44:00,1,0.0,0.4760528346779167,,compressed
2016-02-18,15:01:00,15:02:00,2,3.1962934118578716,15:01:00,2,1.0,0.6104780960907856,,compressed
2014-09-24,15:15:00,15:16:00,2,3.1960082190268686,15:15:00,3,1.0,0.7888599327885879,,mixed
2018-05-03,14:52:00,14:55:00,3,3.1959573170866844,14:54:00,1,0.0,1.41803586478584,,mixed
2018-07-05,15:06:00,15:06:00,1,3.195829082581687,15:06:00,2,1.0,1.100702404626636,,mixed
2014-05-16,12:34:00,12:35:00,2,3.195810688846066,12:35:00,1,0.0,0.8828505260998473,,mixed
2018-06-04,13:57:00,13:57:00,1,3.1957696405454192,13:57:00,3,1.0,0.6225951240736868,,compressed
2018-05-25,12:28:00,12:30:00,2,3.1957554166071476,12:30:00,1,0.0,0.8728506435086211,,mixed
2013-06-21,10:37:00,10:37:00,1,3.1956165946379924,10:37:00,1,0.0,1.406095287056284,,mixed
2020-02-14,15:34:00,15:37:00,4,3.195323361358356,15:36:00,1,0.0,1.138280845175084,,mixed
2011-02-08,13:49:00,13:51:00,3,3.1953140656315555,13:51:00,1,0.0,0.6560774644297881,,compressed
2015-07-10,15:49:00,15:51:00,3,3.194802122793665,15:51:00,1,0.0,0.621355193438462,,compressed
2015-11-23,10:37:00,10:37:00,1,3.194703080669285,10:37:00,2,1.0,1.3085822815449384,,mixed
2009-09-15,15:46:00,15:46:00,1,3.1942682396084168,15:46:00,2,1.0,1.16934361455457,,mixed
2019-04-23,14:55:00,14:55:00,1,3.1940383168309308,14:55:00,3,1.0,0.6699545317118064,,compressed
2010-10-07,13:35:00,13:35:00,1,3.1937636280793176,13:35:00,3,1.0,0.8677940414962764,,mixed
2015-06-30,12:37:00,12:37:00,1,3.1937360328177133,12:37:00,3,1.0,1.8038726842459005,,dispersed
2016-06-07,13:29:00,13:31:00,3,3.193482874546353,13:29:00,1,0.0,0.46292925919580075,,compressed
2011-08-11,15:39:00,15:46:00,4,3.1933786976558225,15:39:00,2,1.0,0.6592639256578138,,compressed
2017-07-06,13:46:00,13:48:00,3,3.193367567584501,13:47:00,1,0.0,0.9176215057838185,,mixed
2018-09-20,12:49:00,12:49:00,1,3.192746629277481,12:49:00,2,1.0,0.739127526356872,,mixed
2015-09-25,11:35:00,11:37:00,3,3.1918566855816297,11:36:00,1,0.0,0.7339555339280027,,mixed
2009-10-12,14:00:00,14:01:00,2,3.19178995328401,14:00:00,1,0.0,0.41261446967305293,,compressed
2017-09-15,14:26:00,14:37:00,10,3.1914498080827065,14:34:00,3,1.0,0.5803337427957206,,compressed
2010-04-22,15:53:00,15:53:00,1,3.190971728995288,15:53:00,1,0.0,0.9581818070310548,,mixed
2018-02-05,15:12:00,15:12:00,1,3.1908820711309844,15:12:00,2,1.0,7.6301529604501175,"VOLMAGEDDON (XIV collapse, 15:00)",dispersed
2008-08-26,12:20:00,12:20:00,1,3.190567772176241,12:20:00,1,0.0,0.7544664909245761,,mixed
2018-05-16,12:34:00,12:38:00,4,3.190047089163542,12:38:00,3,0.5,0.9913987309083941,,mixed
2016-10-18,15:33:00,15:33:00,1,3.189822325868019,15:33:00,1,0.0,0.4711384833313259,,compressed
2019-12-18,12:24:00,12:29:00,5,3.189572634025975,12:27:00,2,0.8,0.7567935115200195,,mixed
2018-05-22,10:13:00,10:19:00,3,3.1893325778817077,10:13:00,2,1.0,1.5241211411308826,,dispersed
2015-10-29,15:09:00,15:13:00,3,3.1891100856541184,15:09:00,2,1.0,0.7801796198972591,,mixed
2018-01-09,14:03:00,14:03:00,1,3.1889921540455006,14:03:00,3,1.0,0.6579734312938171,,compressed
2013-10-21,13:12:00,13:12:00,1,3.188552255547744,13:12:00,1,0.0,0.5767177941748943,,compressed
2014-10-27,13:33:00,13:35:00,3,3.188346641149708,13:35:00,1,0.0,0.8725062212563957,,mixed
2013-05-07,14:49:00,14:56:00,6,3.1876334100568475,14:55:00,1,0.3333333333333333,0.591462039778211,,compressed
2019-09-16,14:02:00,14:05:00,2,3.187500508445258,14:02:00,1,0.0,0.858680959978912,,mixed
2019-08-14,14:43:00,14:45:00,3,3.18729490174279,14:43:00,2,1.0,1.0075965770090638,yield-curve inversion (-2.9%),mixed
2008-02-13,12:26:00,12:26:00,1,3.186599478817909,12:26:00,2,1.0,0.9366834076823308,,mixed
2016-07-20,13:01:00,13:01:00,1,3.186504357526652,13:01:00,1,0.0,0.5313538782200099,,compressed
2012-11-21,15:06:00,15:10:00,5,3.1864793525670714,15:08:00,1,0.0,0.3876384608050006,,compressed
2016-10-06,10:04:00,10:04:00,1,3.186215951804767,10:04:00,2,1.0,0.9347970887926516,,mixed
2018-03-09,14:25:00,14:25:00,1,3.1856608842171172,14:25:00,1,0.0,0.4880400077969672,,compressed
2011-03-03,13:13:00,13:14:00,2,3.1850496197237965,13:13:00,1,0.0,0.65827486424902,,compressed
2010-09-20,12:29:00,12:29:00,1,3.1839150707095767,12:29:00,1,0.0,0.938737723755005,,mixed
2015-11-20,14:29:00,14:29:00,1,3.1838519772399043,14:29:00,1,0.0,0.5517017964848417,,compressed
2012-12-03,12:00:00,12:00:00,1,3.1834209693057414,12:00:00,2,1.0,0.9049009934166921,,mixed
2013-04-25,13:03:00,13:03:00,1,3.1833592328747247,13:03:00,3,1.0,0.427879634748499,,compressed
2010-08-20,12:30:00,12:34:00,2,3.183083219477129,12:34:00,1,0.0,0.8909116250871219,,mixed
2020-07-20,12:15:00,12:15:00,1,3.1830048990315483,12:15:00,3,1.0,0.5520899606538514,,compressed
2019-08-09,12:59:00,12:59:00,1,3.1825608260362377,12:59:00,2,1.0,1.5823124071583603,,dispersed
2011-08-25,12:07:00,12:07:00,1,3.1819902038289603,12:07:00,1,0.0,0.6755081760025768,,mixed
2012-10-08,10:49:00,10:50:00,2,3.181699899097776,10:49:00,1,0.0,1.0505919774852295,,mixed
2011-11-07,10:20:00,10:21:00,2,3.1807757943727375,10:20:00,2,1.0,1.2159831085214075,,mixed
2013-10-15,13:20:00,13:22:00,2,3.1800068504168064,13:22:00,1,0.0,0.9593463507136141,,mixed
2012-06-26,12:47:00,12:48:00,2,3.179695968182439,12:48:00,3,1.0,0.9528453903697246,,mixed
2009-01-27,11:15:00,11:16:00,2,3.1790327388575568,11:15:00,2,1.0,0.8967738797802297,,mixed
2016-04-13,12:59:00,13:01:00,3,3.17898763981074,13:00:00,1,0.0,0.6967233002130039,,mixed
2019-07-31,12:46:00,12:46:00,1,3.1783922927241446,12:46:00,2,1.0,0.602589962731594,,compressed
2019-07-12,11:43:00,11:43:00,1,3.1781064600429128,11:43:00,1,0.0,0.7220585537142273,,mixed
2010-02-01,10:57:00,10:57:00,1,3.1780757047849586,10:57:00,1,0.0,1.0938960531065538,,mixed
2010-12-21,12:20:00,12:27:00,5,3.1780535327515356,12:22:00,2,0.8,0.5985287884655851,,compressed
2019-02-28,15:04:00,15:04:00,1,3.1775013092029134,15:04:00,1,0.0,0.870800770096475,,mixed
2019-11-14,14:25:00,14:25:00,1,3.177205063976943,14:25:00,2,1.0,2.568823385509542,,dispersed
2010-12-20,14:03:00,14:03:00,1,3.1767215180659396,14:03:00,3,1.0,0.5894404382940454,,compressed
2014-06-23,12:32:00,12:34:00,3,3.176278087359027,12:33:00,1,0.0,0.5580577418988778,,compressed
2013-10-08,14:28:00,14:28:00,1,3.1762518384564213,14:28:00,2,1.0,1.3626671190184385,,mixed
2017-11-16,10:49:00,10:49:00,1,3.1760003828843066,10:49:00,3,1.0,1.0096309115394273,,mixed
2017-07-05,13:21:00,13:21:00,1,3.1756220407263998,13:21:00,1,0.0,0.5944788959192204,,compressed
2020-05-06,11:12:00,11:14:00,2,3.1755049619886218,11:12:00,3,1.0,1.2349296165220685,,mixed
2018-04-10,11:37:00,11:37:00,1,3.1752347288869025,11:37:00,1,0.0,0.8613532254039362,,mixed
2017-12-12,10:39:00,10:40:00,2,3.1739675607303903,10:39:00,2,1.0,0.7961338363845452,,mixed
2012-11-01,15:35:00,15:40:00,2,3.173937699016172,15:40:00,2,1.0,1.0144947563574414,,mixed
2019-07-09,13:51:00,13:51:00,1,3.1727345762300443,13:51:00,2,1.0,0.34625771734536714,,compressed
2008-06-20,13:55:00,13:56:00,2,3.1726627131214107,13:55:00,1,0.5,1.3278574376455332,,mixed
2010-06-21,14:43:00,14:44:00,2,3.172511382025962,14:44:00,1,0.0,0.8155431354554437,,mixed
2018-06-05,11:49:00,11:50:00,2,3.172509662467261,11:49:00,1,0.5,1.154177432179648,,mixed
2016-02-10,12:37:00,12:37:00,1,3.1721345523866,12:37:00,1,0.0,0.9792853356789732,,mixed
2013-01-31,13:21:00,13:21:00,1,3.1715077549160937,13:21:00,3,1.0,0.5759741620405373,,compressed
2013-07-31,13:38:00,13:41:00,4,3.1714402005675066,13:38:00,1,0.0,0.5035426204642892,,compressed
2010-04-05,11:51:00,11:51:00,1,3.171360289083543,11:51:00,3,1.0,0.5336523041820623,,compressed
2013-03-08,14:11:00,14:11:00,1,3.1711786563560493,14:11:00,2,1.0,0.4424083141132552,,compressed
2008-04-07,11:34:00,11:34:00,1,3.171095199991786,11:34:00,3,1.0,1.005228088540725,,mixed
2018-05-30,15:24:00,15:25:00,2,3.1699455232928533,15:25:00,1,0.0,0.6971057224993957,,mixed
2012-08-31,13:20:00,13:20:00,1,3.169918577654633,13:20:00,2,1.0,1.5261373017028763,,dispersed
2018-04-18,14:51:00,14:51:00,1,3.169811781084205,14:51:00,2,1.0,0.6521808800660057,,compressed
2014-10-06,13:59:00,13:59:00,1,3.1694956092864577,13:59:00,1,0.0,0.8213666187059331,,mixed
2015-09-17,13:55:00,13:56:00,2,3.169193584873423,13:55:00,2,1.0,0.9320966331804039,,mixed
2011-10-25,14:52:00,14:55:00,4,3.1689313227539606,14:55:00,2,1.0,1.0143291229539164,,mixed
2017-03-30,13:40:00,13:41:00,2,3.1685390238888615,13:41:00,1,0.0,0.603323963252136,,compressed
2016-06-23,13:18:00,13:20:00,2,3.168322495929665,13:20:00,3,1.0,0.7385552622429995,,mixed
2009-03-09,12:10:00,12:10:00,1,3.1682396913715674,12:10:00,1,0.0,0.8591843841739035,bear market bottom,mixed
2015-01-26,15:59:00,15:59:00,1,3.1677587565642313,15:59:00,2,1.0,0.7702919503689614,,mixed
2017-05-02,13:13:00,13:13:00,1,3.167357590315076,13:13:00,1,0.0,0.5833443322132988,,compressed
2013-02-12,13:56:00,14:11:00,11,3.167048276362938,14:10:00,2,0.18181818181818182,0.3911375592350603,,compressed
2018-08-21,11:53:00,11:54:00,2,3.1669916659003787,11:54:00,2,0.5,0.6923238300588891,,mixed
2015-08-04,13:32:00,13:32:00,1,3.166673934290734,13:32:00,1,0.0,0.7972622185405708,,mixed
2012-03-16,14:47:00,14:48:00,2,3.1665904123183917,14:47:00,1,0.0,0.4452343365638993,,compressed
2013-08-28,14:39:00,14:39:00,1,3.1657579681061114,14:39:00,1,0.0,1.2330573283502608,,mixed
2010-05-05,11:09:00,11:09:00,1,3.165470422895266,11:09:00,1,0.0,1.8485953587458612,,dispersed
2009-06-29,10:57:00,10:57:00,1,3.1654458129402987,10:57:00,1,0.0,0.9074947405095217,,mixed
2011-07-01,10:25:00,10:29:00,2,3.1654361020600796,10:25:00,2,1.0,2.7520958990729087,,dispersed
2016-09-30,13:42:00,13:42:00,1,3.1654190188578677,13:42:00,1,0.0,0.6648714489853044,,compressed
2009-08-21,13:38:00,13:39:00,2,3.165414994432606,13:38:00,1,0.0,0.5845344691442077,,compressed
2019-04-11,12:36:00,12:36:00,1,3.165327315962814,12:36:00,3,1.0,0.9435955028140779,,mixed
2013-04-11,13:13:00,13:13:00,1,3.16525771449103,13:13:00,1,0.0,0.9999292099608242,,mixed
2016-11-10,15:24:00,15:24:00,1,3.1651737212256905,15:24:00,1,0.0,1.1859273098093503,,mixed
2015-10-02,10:42:00,10:42:00,1,3.1649153312432032,10:42:00,1,0.0,1.3372227172140267,,mixed
2010-03-02,12:16:00,12:17:00,2,3.1648927068833728,12:17:00,1,0.0,0.5704536404790865,,compressed
2014-10-23,14:02:00,14:02:00,1,3.1647695779809757,14:02:00,1,0.0,0.6042039559055244,,compressed
2017-06-28,13:03:00,13:07:00,3,3.164030512052918,13:07:00,2,1.0,0.9184757266473046,,mixed
2008-03-18,12:01:00,12:03:00,2,3.1637854879290246,12:01:00,2,1.0,0.5391207322606965,,compressed
2015-09-14,11:06:00,11:09:00,2,3.1637227683796785,11:09:00,2,0.5,0.9746912128599523,,mixed
2011-01-11,14:52:00,14:53:00,2,3.163471765855369,14:52:00,2,1.0,0.9026332044567936,,mixed
2016-08-15,11:46:00,11:47:00,2,3.163231794869572,11:47:00,1,0.0,0.5137380177588834,,compressed
2016-08-24,12:37:00,12:45:00,9,3.1631111357268007,12:41:00,3,1.0,0.629300290022155,,compressed
2011-06-16,10:00:00,10:00:00,1,3.1616777518248593,10:00:00,2,1.0,2.839607939092444,,dispersed
2019-01-17,13:45:00,13:45:00,1,3.1613091407602374,13:45:00,1,0.0,0.7683354683361342,,mixed
2009-06-22,14:45:00,14:45:00,1,3.1608892239232027,14:45:00,2,1.0,1.0430951188937356,,mixed
2008-11-04,10:14:00,10:16:00,3,3.1605694179579062,10:15:00,3,1.0,0.6904771013515675,,mixed
2011-11-09,13:41:00,13:41:00,1,3.160237985020391,13:41:00,2,1.0,0.7014249093208507,,mixed
2012-02-14,13:59:00,14:01:00,3,3.16005000988637,13:59:00,1,0.0,1.179869135735363,,mixed
2015-06-23,14:23:00,14:25:00,3,3.1600156212223576,14:23:00,1,0.0,0.41483160754784376,,compressed
2017-08-16,12:50:00,12:55:00,3,3.1591918874852927,12:50:00,2,0.3333333333333333,0.6070439282146041,,compressed
2011-07-06,15:29:00,15:29:00,1,3.159184956461446,15:29:00,1,0.0,1.2318020097262128,,mixed
2017-01-26,14:21:00,14:23:00,3,3.1587619447019164,14:21:00,1,0.0,0.5647298420608713,,compressed
2018-10-01,12:21:00,12:21:00,1,3.158630847887122,12:21:00,2,1.0,1.6207952493286746,,dispersed
2020-12-23,12:44:00,12:44:00,1,3.1582087292429932,12:44:00,1,0.0,0.4424111863670884,,compressed
2015-08-10,11:21:00,11:21:00,1,3.15809765946669,11:21:00,1,0.0,0.834615104864603,,mixed
2012-10-15,12:41:00,12:41:00,1,3.157750320631741,12:41:00,2,1.0,0.8952752180108441,,mixed
2016-09-23,10:07:00,10:07:00,1,3.1573177820865777,10:07:00,1,0.0,1.0233438035746791,,mixed
2009-11-02,10:44:00,10:44:00,1,3.156979962176329,10:44:00,1,0.0,1.8060508546404186,,dispersed
2009-11-20,13:37:00,13:39:00,3,3.1568716865255615,13:39:00,1,0.0,0.5367607314950601,,compressed
2014-06-03,13:03:00,13:05:00,3,3.1566614141175102,13:03:00,1,0.0,0.49351070858131846,,compressed
2016-10-14,10:19:00,10:19:00,1,3.1558377737995063,10:19:00,1,0.0,0.9386589625406131,,mixed
2012-07-31,10:58:00,10:59:00,2,3.155819386208794,10:58:00,1,0.0,1.0566447808351809,,mixed
2012-07-25,12:54:00,12:54:00,1,3.1551865669703294,12:54:00,1,0.0,0.8123154402510796,,mixed
2012-03-16,13:31:00,13:33:00,3,3.1546934415325416,13:32:00,1,0.0,0.446589988171547,,compressed
2014-10-20,13:55:00,13:55:00,1,3.1544364845508004,13:55:00,1,0.0,0.3982230554425676,,compressed
2008-09-23,12:34:00,12:34:00,1,3.1538139650269925,12:34:00,1,0.0,0.585115230745694,,compressed
2010-08-31,15:39:00,15:40:00,2,3.1537917093810783,15:39:00,1,0.0,1.382269541468282,,mixed
2008-05-30,11:30:00,11:31:00,2,3.153106074709202,11:30:00,1,0.0,0.9319653130117892,,mixed
2016-08-15,13:12:00,13:13:00,2,3.1523634113428405,13:13:00,2,1.0,0.6284668215974653,,compressed
2009-04-24,12:50:00,12:54:00,3,3.151505755021537,12:54:00,1,0.3333333333333333,0.6141554695188515,,compressed
2013-11-20,13:49:00,13:51:00,3,3.151359679906367,13:49:00,3,0.3333333333333333,0.6553089990624931,,compressed
2016-06-06,13:48:00,13:48:00,1,3.1512917456051572,13:48:00,2,1.0,0.6188166390902008,,compressed
2008-06-03,15:07:00,15:07:00,1,3.150849329809262,15:07:00,3,1.0,2.2601413664203713,,dispersed
2011-08-15,12:36:00,12:36:00,1,3.150839268884462,12:36:00,1,0.0,0.3442850311252713,,compressed
2019-03-19,13:10:00,13:10:00,1,3.1506344856183905,13:10:00,2,1.0,3.4548152727114534,,dispersed
2008-12-26,11:09:00,11:09:00,1,3.150490950317694,11:09:00,1,0.0,0.3176220359050524,,compressed
2009-10-06,13:00:00,13:00:00,1,3.1500254045810996,13:00:00,1,0.0,0.949681987237243,,mixed
2010-07-08,10:29:00,10:30:00,2,3.149953363890285,10:30:00,1,0.0,0.8797068171060055,,mixed
2016-03-07,14:01:00,14:02:00,2,3.14989032015134,14:01:00,1,0.0,0.7454119062185602,,mixed
2017-05-25,15:50:00,15:50:00,1,3.149544451120403,15:50:00,3,1.0,1.7821485195904265,,dispersed
2021-04-14,11:27:00,11:27:00,1,3.149317565094598,11:27:00,2,1.0,1.3002856822398858,,mixed
2020-05-19,14:26:00,14:27:00,2,3.149299327494038,14:26:00,2,1.0,0.5406126445076329,,compressed
2010-08-27,10:39:00,10:40:00,2,3.14913924166564,10:39:00,3,1.0,2.4110595181712005,,dispersed
2021-04-05,11:40:00,11:43:00,3,3.1487650649963714,11:40:00,1,0.0,0.6643168446272885,,compressed
2019-11-18,13:46:00,13:46:00,1,3.147958494896471,13:46:00,2,1.0,0.714587146834372,,mixed
2012-04-27,13:28:00,13:29:00,2,3.1476355284007806,13:29:00,1,0.0,0.46005170199595175,,compressed
2019-12-23,12:24:00,12:24:00,1,3.1471482070621897,12:24:00,1,0.0,0.5094696029730197,,compressed
2010-03-08,14:47:00,14:47:00,1,3.14642632195777,14:47:00,3,1.0,0.6894379061379445,,mixed
2016-09-19,10:52:00,10:52:00,1,3.146358103774368,10:52:00,2,1.0,0.6683623630436816,,compressed
2018-12-31,10:54:00,10:55:00,2,3.1461781481988065,10:54:00,2,1.0,0.5780111304224589,,compressed
2019-12-16,13:15:00,13:15:00,1,3.146147550710529,13:15:00,1,0.0,0.34456214760423487,,compressed
2008-11-28,11:55:00,11:57:00,2,3.1457283101890576,11:55:00,1,0.0,0.4344986246480832,,compressed
2019-05-10,10:04:00,10:04:00,1,3.1456238243751655,10:04:00,2,1.0,1.4776038407267766,,mixed
2012-11-23,11:59:00,11:59:00,1,3.1454604148741097,11:59:00,1,0.0,0.4182144042090217,,compressed
2020-02-06,14:00:00,14:02:00,2,3.1453491344979434,14:02:00,2,1.0,0.5166976736246127,,compressed
2011-02-01,14:32:00,14:36:00,5,3.1452439289655194,14:32:00,3,1.0,0.46468860716661337,,compressed
2016-03-30,13:25:00,13:25:00,1,3.1448874497505113,13:25:00,2,1.0,0.7163970331433295,,mixed
2016-01-25,14:30:00,14:30:00,1,3.1446318085382012,14:30:00,2,1.0,0.6973851899232206,,mixed
2017-02-10,14:56:00,14:56:00,1,3.144155845643198,14:56:00,3,1.0,0.7896376527208434,,mixed
2016-04-22,15:31:00,15:31:00,1,3.14389171929504,15:31:00,2,1.0,0.9718604906140005,,mixed
2011-05-27,15:27:00,15:27:00,1,3.143880811337117,15:27:00,3,1.0,0.6314966639262202,,compressed
2014-08-21,13:56:00,13:56:00,1,3.1438147759527952,13:56:00,1,0.0,0.5179637311149498,,compressed
2013-09-11,14:17:00,14:17:00,1,3.143757620676085,14:17:00,1,0.0,0.6570342906597498,,compressed
2018-06-12,13:11:00,13:11:00,1,3.1425601834211476,13:11:00,3,1.0,0.7379547891834569,,mixed
2008-10-16,13:34:00,13:38:00,2,3.1424562999254646,13:38:00,2,0.5,1.1696898092393393,,mixed
2014-01-17,13:07:00,13:08:00,2,3.1421154961989086,13:07:00,1,0.0,0.4977735950769952,,compressed
2020-11-20,11:53:00,11:58:00,6,3.1420991734299237,11:58:00,1,0.0,1.1540766685712744,,mixed
2013-10-24,14:54:00,14:55:00,2,3.141933320942294,14:55:00,1,0.5,0.6394850672884019,,compressed
2017-11-02,13:39:00,13:39:00,1,3.1416116521147477,13:39:00,1,0.0,0.9830777370134975,,mixed
2010-04-23,12:56:00,12:56:00,1,3.1415193376207124,12:56:00,1,0.0,0.4765072190192097,,compressed
2008-03-07,14:47:00,14:47:00,1,3.141266376880111,14:47:00,3,1.0,1.127645576494731,,mixed
2009-10-14,13:59:00,13:59:00,1,3.140646780319064,13:59:00,1,0.0,0.5961256008275946,,compressed
2011-07-08,11:02:00,11:03:00,2,3.1404763987308577,11:02:00,2,1.0,1.591949938716353,,dispersed
2011-12-29,14:44:00,14:45:00,2,3.139897049784646,14:44:00,2,1.0,0.5680297543480025,,compressed
2012-10-08,14:13:00,14:15:00,3,3.1396714230242906,14:13:00,2,0.3333333333333333,0.5439011979201678,,compressed
2017-04-10,12:12:00,12:13:00,2,3.1393974941088323,12:13:00,2,1.0,1.1885600574630144,,mixed
2015-06-30,12:30:00,12:30:00,1,3.138639614087911,12:30:00,3,1.0,1.6507812429441737,,dispersed
2019-07-25,10:29:00,10:29:00,1,3.1384214550143374,10:29:00,1,0.0,1.458556410399167,,mixed
2018-01-08,15:10:00,15:10:00,1,3.138047006936317,15:10:00,2,1.0,1.1801169833872973,,mixed
2018-07-25,11:52:00,11:52:00,1,3.1371672289073964,11:52:00,3,1.0,1.021042270358358,,mixed
2014-06-04,13:49:00,13:50:00,2,3.136629249208625,13:50:00,3,1.0,0.4008749078172447,,compressed
2014-03-19,13:05:00,13:06:00,2,3.1366117351467926,13:05:00,1,0.0,0.4863760607289992,,compressed
2018-09-04,11:23:00,11:24:00,2,3.136561969513587,11:24:00,1,0.5,1.5556965773677838,,dispersed
2010-08-03,15:10:00,15:11:00,2,3.1362772488392126,15:10:00,1,0.0,0.75760468345924,,mixed
2015-09-15,15:08:00,15:08:00,1,3.1362631271233576,15:08:00,2,1.0,0.7487193442786966,,mixed
2014-07-24,12:30:00,12:34:00,4,3.136124101940116,12:32:00,1,0.0,0.4916257386459655,,compressed
2018-07-09,13:08:00,13:09:00,2,3.1355800950358232,13:09:00,2,0.5,0.7487889431031095,,mixed
2011-02-18,12:27:00,12:27:00,1,3.135487928323606,12:27:00,2,1.0,0.6922684642120326,,mixed
2017-05-15,15:11:00,15:12:00,2,3.1341086404595155,15:12:00,1,0.0,0.5826167443299153,,compressed
2018-07-30,11:38:00,11:39:00,2,3.134020561219876,11:38:00,2,1.0,1.3403691416113994,,mixed
2016-03-16,11:41:00,11:41:00,1,3.133089167064869,11:41:00,1,0.0,0.7241380910878273,,mixed
2013-08-01,13:30:00,13:30:00,1,3.1329403875222805,13:30:00,1,0.0,0.6149284408534296,,compressed
2013-10-10,14:27:00,14:28:00,2,3.132910026411411,14:27:00,1,0.0,0.7406541535063561,,mixed
2018-02-15,12:59:00,12:59:00,1,3.13278630533129,12:59:00,1,0.0,0.4377445643463119,,compressed
2020-05-21,14:55:00,14:55:00,1,3.1327610787901796,14:55:00,2,1.0,1.056054263400036,,mixed
2017-02-17,14:20:00,14:20:00,1,3.132143096504358,14:20:00,1,0.0,0.5176523578230454,,compressed
2014-09-18,13:54:00,13:54:00,1,3.131960222487601,13:54:00,1,0.0,0.5749882034079582,,compressed
2015-06-19,13:42:00,13:42:00,1,3.1318936737528387,13:42:00,2,1.0,0.5120274190231839,,compressed
2017-12-11,11:41:00,11:41:00,1,3.1318191668221473,11:41:00,1,0.0,0.4520510772298017,,compressed
2013-01-03,13:42:00,13:42:00,1,3.1316338913359743,13:42:00,2,1.0,0.471992557770366,,compressed
2013-03-11,13:51:00,13:55:00,5,3.1315027701663922,13:51:00,1,0.0,0.6526435611515379,,compressed
2015-11-25,15:50:00,15:50:00,1,3.131075903051027,15:50:00,3,1.0,0.6557426138262872,,compressed
2009-02-18,13:36:00,13:38:00,3,3.130730418949388,13:36:00,2,1.0,0.9298303516547398,,mixed
2017-02-13,12:37:00,12:37:00,1,3.1299920163388424,12:37:00,1,0.0,0.5879670686980668,,compressed
2008-06-10,15:34:00,15:35:00,2,3.129796854365178,15:34:00,2,1.0,0.9659491207373536,,mixed
2017-02-10,15:08:00,15:13:00,2,3.1287583292383045,15:13:00,1,0.5,1.0475995514268603,,mixed
2010-11-17,15:30:00,15:30:00,1,3.1281648493354783,15:30:00,1,0.0,1.0676015667400598,,mixed
2015-12-29,12:17:00,12:18:00,2,3.1278170318958476,12:17:00,1,0.0,0.6878878300519687,,mixed
2008-04-30,10:32:00,10:32:00,1,3.1271695395704837,10:32:00,1,0.0,0.9483017707046939,,mixed
2018-10-15,10:35:00,10:39:00,4,3.1267506384825805,10:39:00,1,0.0,1.0189947966318604,,mixed
2011-04-29,12:50:00,12:54:00,5,3.125938791443236,12:53:00,2,1.0,0.5543779227578757,,compressed
2020-04-22,10:51:00,10:51:00,1,3.125871531321857,10:51:00,1,0.0,0.7288370802315257,,mixed
2017-11-02,14:27:00,14:27:00,1,3.125763771660013,14:27:00,1,0.0,0.5885060016867117,,compressed
2008-07-31,10:52:00,10:52:00,1,3.1253993746872974,10:52:00,1,0.0,1.1756003761067186,,mixed
2008-07-28,15:22:00,15:23:00,2,3.125377891482667,15:22:00,1,0.0,1.1573383605843635,,mixed
2013-11-18,14:03:00,14:03:00,1,3.12506817442221,14:03:00,1,0.0,0.6040241128865563,,compressed
2012-11-19,13:31:00,13:38:00,8,3.124861486871073,13:33:00,1,0.0,0.3436276758037727,,compressed
2012-12-11,15:18:00,15:21:00,2,3.1247830415383016,15:18:00,3,1.0,1.209818107056608,,mixed
2018-03-06,14:30:00,14:30:00,1,3.1247108993843105,14:30:00,1,0.0,0.6031955216420855,,compressed
2016-04-14,13:39:00,13:40:00,2,3.1246153968806096,13:39:00,1,0.0,0.3788538340297943,,compressed
2014-09-22,15:51:00,15:51:00,1,3.124414915699913,15:51:00,1,0.0,0.8201438999557557,,mixed
2016-11-16,11:07:00,11:13:00,4,3.1238094080647794,11:10:00,3,0.75,0.7447629041905134,,mixed
2008-02-15,15:24:00,15:35:00,8,3.123651698662873,15:30:00,2,1.0,0.9941644633760286,,mixed
2012-12-31,15:26:00,15:28:00,3,3.12347038517031,15:26:00,2,1.0,1.9170567639945963,,dispersed
2010-07-22,10:32:00,10:32:00,1,3.1222819557649237,10:32:00,1,0.0,1.1151370893301422,,mixed
2013-06-13,14:12:00,14:12:00,1,3.122064353490163,14:12:00,2,1.0,0.7258595137497724,,mixed
2010-07-13,12:41:00,12:43:00,3,3.122004566755202,12:43:00,2,1.0,0.4944418031219091,,compressed
2020-09-25,13:47:00,13:47:00,1,3.1216949308665543,13:47:00,1,0.0,0.6241409190487767,,compressed
2020-12-15,13:46:00,13:47:00,2,3.120966701396779,13:47:00,1,0.0,0.4774843704264683,,compressed
2013-04-01,13:55:00,13:56:00,2,3.1209323694768947,13:56:00,2,1.0,0.8259817082380266,,mixed
2019-01-10,12:41:00,12:41:00,1,3.12082750569643,12:41:00,1,0.0,0.5454950602947672,,compressed
2010-04-28,14:18:00,14:18:00,1,3.1205100417518166,14:18:00,2,1.0,1.5502091033128187,,dispersed
2014-03-04,12:02:00,12:02:00,1,3.1204979931566883,12:02:00,2,1.0,0.7323621070532811,,mixed
2018-11-28,12:00:00,12:01:00,2,3.1202450013013405,12:00:00,2,1.0,1.9945452897151181,,dispersed
2015-12-09,10:47:00,10:48:00,2,3.1202018607276862,10:47:00,3,1.0,1.744041274841462,,dispersed
2018-10-23,11:31:00,11:31:00,1,3.1196354004296416,11:31:00,1,0.0,1.3576485770567277,,mixed
2008-07-16,15:05:00,15:05:00,1,3.119597118293551,15:05:00,3,1.0,0.8135227848017247,,mixed
2013-07-16,15:49:00,15:49:00,1,3.119442454686507,15:49:00,1,0.0,1.104962069585145,,mixed
2014-09-16,13:02:00,13:02:00,1,3.1193133458266282,13:02:00,2,1.0,0.879993286432424,,mixed
2008-08-11,10:53:00,10:53:00,1,3.1184754945221176,10:53:00,3,1.0,0.8291578985398598,,mixed
2013-06-07,14:49:00,14:49:00,1,3.118150748734744,14:49:00,1,0.0,0.903910287691446,,mixed
2009-10-21,15:33:00,15:33:00,1,3.1180836051197973,15:33:00,2,1.0,1.926141556619591,,dispersed
2011-07-28,14:19:00,14:19:00,1,3.117547155212832,14:19:00,2,1.0,1.0191260079970828,,mixed
2021-02-12,12:20:00,12:21:00,2,3.1174929003918495,12:21:00,1,0.0,0.5865356346305333,,compressed
2016-12-07,10:29:00,10:29:00,1,3.1173769559062374,10:29:00,2,1.0,0.8842944572802542,,mixed
2019-05-28,10:35:00,10:39:00,4,3.1173753715947417,10:39:00,2,1.0,1.1582126982034584,,mixed
2009-01-23,13:59:00,14:00:00,2,3.1172612145872813,13:59:00,2,1.0,1.1883000768389698,,mixed
2016-05-02,13:28:00,13:28:00,1,3.1169050118966717,13:28:00,1,0.0,0.9730477321564133,,mixed
2008-08-15,15:14:00,15:14:00,1,3.1168402162858477,15:14:00,2,1.0,0.9750018503101155,,mixed
2011-12-22,14:51:00,14:51:00,1,3.1163204706580983,14:51:00,2,1.0,0.6327003070674798,,compressed
2011-12-05,14:58:00,14:58:00,1,3.116192682092906,14:58:00,1,0.0,0.8826583935323226,,mixed
2010-12-06,15:25:00,15:25:00,1,3.1161009814087155,15:25:00,2,1.0,0.583778705249425,,compressed
2020-09-11,11:18:00,11:18:00,1,3.115682844192889,11:18:00,1,0.0,0.8228841021597226,,mixed
2008-09-02,13:09:00,13:09:00,1,3.115544635002509,13:09:00,2,1.0,0.7720177970207728,,mixed
2020-05-27,14:13:00,14:14:00,2,3.1143237675264803,14:13:00,2,1.0,1.125471876493163,,mixed
2014-02-28,12:49:00,12:52:00,2,3.114263505155139,12:49:00,1,0.0,0.4675499492707734,,compressed
2016-04-22,14:21:00,14:21:00,1,3.1141124736370114,14:21:00,1,0.0,1.0439441145168502,,mixed
2016-06-27,12:38:00,12:38:00,1,3.1136419350994053,12:38:00,2,1.0,1.6857460791662762,,dispersed
2020-05-15,12:13:00,12:13:00,1,3.1135439580465,12:13:00,1,0.0,0.905570959919524,,mixed
2017-05-24,15:40:00,15:42:00,3,3.1133542220542325,15:40:00,1,0.0,0.7549530169224448,,mixed
2021-03-29,14:02:00,14:02:00,1,3.1133295722509007,14:02:00,1,0.0,1.212903535313828,,mixed
2020-10-07,14:16:00,14:16:00,1,3.1133283923387753,14:16:00,3,1.0,0.8469144709256642,,mixed
2018-06-04,14:51:00,14:53:00,3,3.113310558236437,14:53:00,1,0.0,0.3944339396617017,,compressed
2017-11-22,11:14:00,11:16:00,3,3.1132053335128536,11:15:00,1,0.3333333333333333,0.7217828749079814,,mixed
2009-07-21,15:29:00,15:29:00,1,3.113092044120916,15:29:00,1,0.0,0.9811081554674886,,mixed
2018-10-24,11:16:00,11:16:00,1,3.1127397193786273,11:16:00,3,1.0,1.2369418197425277,,mixed
2011-02-07,13:33:00,13:34:00,2,3.1127114627798678,13:33:00,3,1.0,0.5757482125079896,,compressed
2008-06-02,13:53:00,13:53:00,1,3.1126287166306654,13:53:00,1,0.0,0.8466209636870864,,mixed
2014-04-29,11:43:00,11:44:00,2,3.112546424171313,11:43:00,1,0.0,1.1234761379774982,,mixed
2011-03-24,11:11:00,11:11:00,1,3.1124888046486285,11:11:00,3,1.0,1.2665078122827476,,mixed
2016-05-16,14:34:00,14:34:00,1,3.1106913660089233,14:34:00,1,0.0,0.7052530108278164,,mixed
2018-10-19,14:34:00,14:34:00,1,3.110047163612803,14:34:00,1,0.0,1.2097451939222446,,mixed
2010-04-30,12:15:00,12:15:00,1,3.1087779906196302,12:15:00,2,1.0,0.9815633742688334,,mixed
2019-02-15,12:51:00,12:51:00,1,3.108214972114638,12:51:00,1,0.0,0.7845590802420059,,mixed
2014-11-07,14:36:00,14:38:00,3,3.108003728032522,14:37:00,1,0.0,0.6964189402800988,,mixed
2016-06-21,12:32:00,12:34:00,3,3.107982538492141,12:32:00,3,1.0,0.7222391678424722,,mixed
2016-01-12,10:17:00,10:18:00,2,3.107364362308569,10:17:00,1,0.0,1.1135107448732438,,mixed
2008-01-30,13:35:00,13:41:00,6,3.1070913007177614,13:35:00,1,0.6666666666666666,0.4182324123979272,,compressed
2015-10-06,10:47:00,10:48:00,2,3.1070418977581444,10:47:00,1,0.0,1.0370912489282744,,mixed
2014-02-06,14:17:00,14:17:00,1,3.106945474677817,14:17:00,1,0.0,0.44015176364325254,,compressed
2016-12-21,15:03:00,15:03:00,1,3.1066189930384986,15:03:00,3,1.0,0.4116130326440586,,compressed
2008-02-12,12:20:00,12:20:00,1,3.105947657613643,12:20:00,2,1.0,0.6974695581305067,,mixed
2015-08-06,14:34:00,14:34:00,1,3.1056622042232545,14:34:00,3,1.0,0.8939937384304583,,mixed
2008-05-21,11:36:00,11:36:00,1,3.105281868354135,11:36:00,3,1.0,1.0526577465433693,,mixed
2009-07-24,12:17:00,12:17:00,1,3.1046191498279345,12:17:00,1,0.0,0.7455080480820045,,mixed
2018-03-22,12:28:00,12:28:00,1,3.1046115590319467,12:28:00,3,1.0,2.7288178366399043,,dispersed
2012-08-17,13:47:00,13:48:00,2,3.104528752533262,13:47:00,2,1.0,0.49479731901296364,,compressed
2016-06-23,11:45:00,11:47:00,3,3.104360730128051,11:46:00,1,0.0,0.7057893679793048,,mixed
2016-08-05,14:28:00,14:28:00,1,3.103522382223103,14:28:00,1,0.0,0.34943732710661063,,compressed
2013-10-25,12:28:00,12:29:00,2,3.1032678652852383,12:28:00,1,0.0,0.939912189897216,,mixed
2010-12-09,14:04:00,14:04:00,1,3.1032389473365205,14:04:00,3,1.0,0.4184300997553395,,compressed
2010-11-08,12:55:00,12:56:00,2,3.10298215924864,12:55:00,2,0.5,0.6320498927125405,,compressed
2018-11-28,11:09:00,11:09:00,1,3.102853746281903,11:09:00,3,1.0,0.6524401764352551,,compressed
2019-07-05,14:51:00,14:53:00,3,3.1027434555392297,14:51:00,2,1.0,0.9158538947278935,,mixed
2014-04-25,12:01:00,12:01:00,1,3.102384345240277,12:01:00,1,0.0,1.323920954856891,,mixed
2016-07-15,14:43:00,14:43:00,1,3.1023348636428945,14:43:00,1,0.0,1.086867850581375,,mixed
2013-08-23,14:55:00,15:00:00,3,3.1021832304162023,14:55:00,1,0.3333333333333333,0.6027460217647481,,compressed
2011-04-19,10:47:00,10:47:00,1,3.101086957091394,10:47:00,2,1.0,1.0122791847217023,,mixed
2015-01-21,13:44:00,13:44:00,1,3.1005657955384556,13:44:00,2,1.0,0.6286497323318951,,compressed
2020-01-28,12:54:00,12:54:00,1,3.100547718294434,12:54:00,1,0.0,0.5169233566869819,,compressed
2015-10-12,13:40:00,13:40:00,1,3.099019821288249,13:40:00,1,0.0,0.31633831757380987,,compressed
2013-07-11,11:16:00,11:16:00,1,3.098443867434024,11:16:00,3,1.0,0.935641779837493,,mixed
2017-04-19,13:47:00,13:47:00,1,3.09814695039474,13:47:00,1,0.0,0.844933575142079,,mixed
2009-01-12,13:08:00,13:08:00,1,3.0981351385883618,13:08:00,2,1.0,0.5615537308773871,,compressed
2012-10-11,12:16:00,12:16:00,1,3.098095217312848,12:16:00,2,1.0,0.9467541276230016,,mixed
2012-12-12,11:53:00,11:53:00,1,3.097672862467361,11:53:00,1,0.0,0.5825202526773077,,compressed
2020-09-01,13:32:00,13:32:00,1,3.09737522662057,13:32:00,1,0.0,0.5917273487682086,,compressed
2021-01-05,13:51:00,13:52:00,2,3.095536805032424,13:51:00,3,1.0,0.8605567597600979,,mixed
2020-08-31,11:22:00,11:23:00,2,3.093888630639963,11:22:00,3,1.0,1.2988189494169289,,mixed
2012-06-19,12:38:00,12:38:00,1,3.0936588732581956,12:38:00,2,1.0,0.43076428058218985,,compressed
2017-10-18,14:51:00,14:51:00,1,3.093031117848203,14:51:00,2,1.0,0.5938617506456348,,compressed
2009-05-05,12:16:00,12:16:00,1,3.0929958096654104,12:16:00,1,0.0,0.8313982655277308,,mixed
2008-06-24,14:58:00,14:58:00,1,3.0923295066061454,14:58:00,1,0.0,1.050639531990745,,mixed
2020-11-27,11:18:00,11:18:00,1,3.0922904270887934,11:18:00,1,0.0,0.6292797387006984,,compressed
2020-06-18,10:38:00,10:38:00,1,3.091465093250061,10:38:00,2,1.0,0.8611384693773594,,mixed
2010-12-29,13:47:00,13:54:00,8,3.0909658461867364,13:47:00,3,1.0,0.49636207070786725,,compressed
2018-02-23,12:26:00,12:26:00,1,3.0907516337028196,12:26:00,1,0.0,0.6389394018109038,,compressed
2014-07-08,13:23:00,13:23:00,1,3.0904381617769263,13:23:00,3,1.0,1.2074325521038012,,mixed
2011-02-04,12:56:00,12:56:00,1,3.0888140972222464,12:56:00,2,1.0,0.6740462354551829,,mixed
2015-08-06,13:01:00,13:01:00,1,3.0886711893858587,13:01:00,2,1.0,1.2431462215742932,,mixed
2019-09-05,15:50:00,15:50:00,1,3.087919693027473,15:50:00,1,0.0,0.8204501808152773,,mixed
2021-02-02,16:00:00,16:00:00,1,3.087531149730802,16:00:00,1,0.0,0.8783318261519636,,mixed
2011-08-17,13:49:00,13:49:00,1,3.08710746772565,13:49:00,1,0.0,1.06409247546908,,mixed
2011-12-05,11:49:00,11:49:00,1,3.0869815717176783,11:49:00,3,1.0,0.7741961613738028,,mixed
2008-04-17,11:00:00,11:00:00,1,3.0868873373807766,11:00:00,1,0.0,0.9619898209414804,,mixed
2012-02-14,12:31:00,12:31:00,1,3.0863446537746357,12:31:00,3,1.0,0.6273836912540427,,compressed
2017-10-27,14:06:00,14:08:00,3,3.086233128797378,14:06:00,2,0.6666666666666666,0.5300652233277287,,compressed
2014-04-02,10:45:00,10:45:00,1,3.0861750692790184,10:45:00,3,1.0,0.9634846923770374,,mixed
2018-09-05,10:22:00,10:23:00,2,3.0860801447465955,10:23:00,1,0.0,2.2521153902576567,,dispersed
2011-01-26,12:02:00,12:07:00,2,3.086057018797131,12:02:00,1,0.0,1.01934000934429,,mixed
2008-12-26,12:58:00,13:01:00,2,3.0859001749476564,12:58:00,1,0.0,0.35102138396742233,,compressed
2019-08-26,12:53:00,12:53:00,1,3.085631262805572,12:53:00,2,1.0,1.3750483874098747,,mixed
2018-09-26,12:59:00,13:00:00,2,3.0855497831263508,12:59:00,2,1.0,0.5043849303208008,,compressed
2015-12-02,13:38:00,13:39:00,2,3.0855293756304616,13:39:00,1,0.0,1.0331296367058846,,mixed
2010-06-01,12:22:00,12:23:00,2,3.085420887587582,12:22:00,1,0.0,0.6821105134855723,,mixed
2016-02-16,14:01:00,14:02:00,2,3.085343891399833,14:02:00,1,0.5,0.46207512781714627,,compressed
2018-03-08,11:58:00,11:58:00,1,3.0852148345598542,11:58:00,1,0.0,0.6016094814963262,,compressed
2014-01-27,15:33:00,15:33:00,1,3.0851593925001652,15:33:00,3,1.0,1.346500552796107,,mixed
2019-10-25,14:26:00,14:31:00,3,3.0851489638788743,14:26:00,1,0.3333333333333333,0.8839778615342422,,mixed
2015-04-07,14:07:00,14:09:00,2,3.085032450180227,14:07:00,1,0.0,0.6728547317142501,,mixed
2014-09-26,12:21:00,12:22:00,2,3.0845679571980034,12:22:00,2,1.0,0.8251504859249087,,mixed
2021-02-11,15:13:00,15:13:00,1,3.083843651628856,15:13:00,1,0.0,1.22571070004508,,mixed
2014-06-23,15:08:00,15:08:00,1,3.0834722001660144,15:08:00,1,0.0,0.5939050264177463,,compressed
2010-10-07,14:33:00,14:34:00,2,3.08260129257836,14:34:00,1,0.0,1.0178584533052364,,mixed
2017-10-30,10:03:00,10:03:00,1,3.082107637437536,10:03:00,1,0.0,1.3192634395309433,,mixed
2017-05-23,12:26:00,12:28:00,3,3.082090737798308,12:26:00,1,0.0,0.7092738816045052,,mixed
2014-05-14,13:53:00,13:53:00,1,3.081696460515031,13:53:00,2,1.0,0.42826946521751436,,compressed
2020-03-13,15:38:00,15:38:00,1,3.0806307030831626,15:38:00,2,1.0,2.3400623666801663,,dispersed
2008-04-23,15:01:00,15:05:00,5,3.079549097386798,15:01:00,3,1.0,1.4180450815319834,,mixed
2010-07-01,10:01:00,10:01:00,1,3.079301759285338,10:01:00,3,1.0,1.9661988785077815,,dispersed
2017-05-15,12:13:00,12:13:00,1,3.0791767145094266,12:13:00,3,1.0,0.5054216764595897,,compressed
2019-09-11,10:48:00,10:48:00,1,3.0788708896769883,10:48:00,1,0.0,1.0621214088054678,,mixed
2012-09-19,10:04:00,10:04:00,1,3.078839131921775,10:04:00,3,1.0,1.7933436955273416,,dispersed
2011-04-01,14:35:00,14:38:00,4,3.0786541450001903,14:35:00,1,0.0,0.42472770703709506,,compressed
2009-02-02,12:44:00,12:44:00,1,3.0785955127845193,12:44:00,2,1.0,0.6978812414465719,,mixed
2017-01-11,11:22:00,11:22:00,1,3.0784935942895366,11:22:00,2,1.0,1.5855283366396715,,dispersed
2020-08-05,15:17:00,15:20:00,4,3.0781609377297325,15:19:00,2,1.0,0.7734136111319605,,mixed
2016-08-08,13:57:00,14:01:00,2,3.0778913014173357,14:01:00,3,1.0,0.4694359281203533,,compressed
2018-11-28,11:03:00,11:03:00,1,3.0775060006641217,11:03:00,1,0.0,0.6535758325532123,,compressed
2017-04-12,14:37:00,14:37:00,1,3.077451330579848,14:37:00,1,0.0,0.6997663724149763,,mixed
2016-06-07,13:13:00,13:19:00,5,3.077415635087331,13:13:00,2,0.8,0.4697825949937396,,compressed
2018-05-31,14:33:00,14:34:00,2,3.0769996416825567,14:33:00,3,1.0,1.1586347980205514,,mixed
2019-01-22,15:39:00,15:41:00,3,3.076933054093295,15:39:00,2,1.0,2.7500050596153574,,dispersed
2017-11-20,12:15:00,12:15:00,1,3.076921131674279,12:15:00,3,1.0,0.5460068686418414,,compressed
2019-07-31,11:22:00,11:23:00,2,3.076866128081875,11:22:00,1,0.0,0.8459775329848944,,mixed
2019-05-14,14:34:00,14:35:00,2,3.076541960885025,14:34:00,1,0.0,0.6252674062413096,,compressed
2019-01-02,12:37:00,12:37:00,1,3.0764192542705637,12:37:00,3,1.0,0.6149233125188304,,compressed
2013-09-27,13:18:00,13:18:00,1,3.0761507237918106,13:18:00,1,0.0,0.4032506979540624,,compressed
2009-05-21,11:24:00,11:24:00,1,3.0761395472653095,11:24:00,2,1.0,0.8705653560582411,,mixed
2019-04-08,15:52:00,15:54:00,3,3.0760668819830306,15:53:00,1,0.0,0.7479121500058235,,mixed
2016-12-05,13:16:00,13:16:00,1,3.076055036352383,13:16:00,2,1.0,0.9992319334709797,,mixed
2008-10-21,12:43:00,12:43:00,1,3.0756049685042357,12:43:00,1,0.0,0.7208959334226418,,mixed
2009-08-19,12:40:00,12:41:00,2,3.075254067399991,12:40:00,1,0.5,0.7327223814371214,,mixed
2019-02-25,12:17:00,12:17:00,1,3.074917757492195,12:17:00,2,1.0,0.7963093258100451,,mixed
2011-03-09,12:30:00,12:30:00,1,3.0738997161856343,12:30:00,2,1.0,1.0877856217020685,,mixed
2018-10-01,12:01:00,12:04:00,4,3.0738889745809597,12:01:00,3,1.0,1.3322849146129956,,mixed
2020-09-15,14:04:00,14:04:00,1,3.073822529882295,14:04:00,3,1.0,0.46271989749374304,,compressed
2021-03-02,15:28:00,15:29:00,2,3.073670895637479,15:28:00,2,1.0,0.7193082484977019,,mixed
2017-05-26,13:48:00,13:48:00,1,3.073116526602846,13:48:00,3,1.0,0.4978359118061889,,compressed
2016-10-10,13:17:00,13:17:00,1,3.073051080050442,13:17:00,1,0.0,0.514956161325982,,compressed
2009-09-08,13:10:00,13:10:00,1,3.0726761666700297,13:10:00,1,0.0,0.7720653463424563,,mixed
2018-10-30,13:20:00,13:20:00,1,3.072639532829474,13:20:00,1,0.0,1.014538843864398,,mixed
2012-07-19,12:53:00,12:53:00,1,3.0724220998571385,12:53:00,1,0.0,0.8497141754451949,,mixed
2015-06-09,14:08:00,14:08:00,1,3.07236847477473,14:08:00,1,0.0,0.855714438782774,,mixed
2011-12-16,11:21:00,11:21:00,1,3.0718191674589685,11:21:00,1,0.0,0.7803819775607499,,mixed
2012-07-13,12:50:00,12:50:00,1,3.071499720768873,12:50:00,3,1.0,0.5928536485409035,,compressed
2011-06-13,12:27:00,12:28:00,2,3.0714183898340943,12:28:00,1,0.0,1.1737777032471934,,mixed
2014-04-17,11:34:00,11:34:00,1,3.070987693644913,11:34:00,2,1.0,0.6826192578165383,,mixed
2008-10-22,12:17:00,12:17:00,1,3.0709816997039274,12:17:00,1,0.0,0.7106113869079935,,mixed
2017-02-07,14:03:00,14:03:00,1,3.070965096215756,14:03:00,2,1.0,0.913245395051452,,mixed
2018-08-30,14:23:00,14:23:00,1,3.0703751745575496,14:23:00,2,1.0,3.1053491493678864,,dispersed
2011-06-01,13:59:00,14:00:00,2,3.0699987259461796,14:00:00,2,1.0,1.125542111787437,,mixed
2009-01-16,13:20:00,13:22:00,3,3.069898617344526,13:20:00,1,0.0,1.2859532698346592,,mixed
2019-06-04,11:58:00,11:58:00,1,3.0693168177848116,11:58:00,1,0.0,0.771635391160746,,mixed
2011-12-07,11:41:00,11:41:00,1,3.068812611031087,11:41:00,1,0.0,1.0200187721308311,,mixed
2019-06-03,13:31:00,13:31:00,1,3.068408548752193,13:31:00,3,1.0,3.427013662351659,,dispersed
2016-03-24,11:00:00,11:00:00,1,3.0684021401279953,11:00:00,1,0.0,1.1022550716750275,,mixed
2016-11-03,13:18:00,13:18:00,1,3.0683329763724165,13:18:00,2,1.0,0.8235321969933933,,mixed
2020-11-27,11:49:00,11:53:00,4,3.0672754169946175,11:53:00,2,1.0,0.7212789655318357,,mixed
2008-05-16,15:11:00,15:11:00,1,3.067229075881193,15:11:00,1,0.0,0.9412977398277936,,mixed
2014-08-26,15:02:00,15:02:00,1,3.0670055959481357,15:02:00,1,0.0,0.3984777046497481,,compressed
2012-02-27,14:26:00,14:26:00,1,3.066792070214959,14:26:00,2,1.0,0.5569756989628301,,compressed
2015-10-22,11:41:00,11:42:00,2,3.066721725530587,11:41:00,1,0.0,0.7909218729124365,,mixed
2017-03-31,14:46:00,14:46:00,1,3.0664825752143083,14:46:00,1,0.0,0.8705878042441183,,mixed
2020-05-29,12:20:00,12:20:00,1,3.066459889817578,12:20:00,1,0.0,0.9768830466216082,,mixed
2017-03-20,14:28:00,14:29:00,2,3.0664044476265646,14:28:00,2,1.0,0.6390437886269966,,compressed
2013-11-08,12:13:00,12:13:00,1,3.0663545046593934,12:13:00,2,1.0,1.3397923795029782,,mixed
2021-03-30,15:59:00,15:59:00,1,3.0663025624532674,15:59:00,2,1.0,1.8141462850192,,dispersed
2020-03-27,11:57:00,11:57:00,1,3.066123201695516,11:57:00,1,0.0,0.7671638716842303,,mixed
2008-03-05,11:45:00,11:45:00,1,3.0661207396662418,11:45:00,1,0.0,0.7930775957677172,,mixed
2011-01-14,13:52:00,13:52:00,1,3.065424149864718,13:52:00,3,1.0,0.48955026249841976,,compressed
2012-11-19,12:23:00,12:23:00,1,3.0652492148823898,12:23:00,2,1.0,0.6907715328941568,,mixed
2009-09-28,15:56:00,15:56:00,1,3.065189392809247,15:56:00,3,1.0,1.0338865670053392,,mixed
2010-10-29,13:46:00,13:46:00,1,3.0651604614061307,13:46:00,3,1.0,0.5431184761226799,,compressed
2015-10-15,13:55:00,13:57:00,2,3.064479742048811,13:57:00,3,1.0,0.6419408295088297,,compressed
2016-12-21,14:22:00,14:22:00,1,3.0644533218838284,14:22:00,1,0.0,0.4307374016095195,,compressed
2019-11-20,12:59:00,12:59:00,1,3.064029339922949,12:59:00,2,1.0,3.7138902596824153,,dispersed
2008-06-17,11:50:00,11:50:00,1,3.062400194816067,11:50:00,3,1.0,0.86165477730577,,mixed
2013-09-17,10:40:00,10:42:00,2,3.062249871122908,10:42:00,2,1.0,0.8260203436170842,,mixed
2017-02-06,11:15:00,11:15:00,1,3.0620208100830792,11:15:00,3,1.0,0.9180047924433646,,mixed
2010-11-16,13:18:00,13:18:00,1,3.061808946420774,13:18:00,1,0.0,1.1906285651331707,,mixed
2016-01-27,15:26:00,15:26:00,1,3.0617952935433728,15:26:00,1,0.0,1.729186660462183,,dispersed
2020-11-03,13:59:00,13:59:00,1,3.0612013540758265,13:59:00,1,0.0,0.8206070333322684,,mixed
2008-05-29,13:12:00,13:12:00,1,3.061144739546169,13:12:00,2,1.0,0.5265015483734997,,compressed
2014-07-14,11:15:00,11:15:00,1,3.0610045426203425,11:15:00,1,0.0,0.5798424556328154,,compressed
2011-06-08,11:57:00,11:57:00,1,3.0609531814559165,11:57:00,1,0.0,0.9665956696630307,,mixed
2017-11-08,12:24:00,12:24:00,1,3.060787238046513,12:24:00,1,0.0,0.5065141195609604,,compressed
2017-08-22,11:15:00,11:16:00,2,3.060610637270349,11:16:00,1,0.0,0.7728087178474509,,mixed
2016-10-03,11:43:00,11:44:00,2,3.0605572754020964,11:44:00,1,0.0,0.9078541143269893,,mixed
2015-12-15,11:22:00,11:22:00,1,3.060415655238639,11:22:00,2,1.0,0.8061854970464595,,mixed
2009-02-19,12:23:00,12:23:00,1,3.060402455038293,12:23:00,2,1.0,1.096035600250827,,mixed
2016-01-11,10:18:00,10:18:00,1,3.0600884128826182,10:18:00,1,0.0,1.4040315895558257,,mixed
2008-12-16,15:11:00,15:12:00,2,3.0596886149468006,15:11:00,2,1.0,1.7254935412876677,FOMC cuts to zero (ZIRP),dispersed
2018-11-16,14:10:00,14:10:00,1,3.0596336501696935,14:10:00,3,1.0,0.9092410398676124,,mixed
2014-04-21,15:08:00,15:08:00,1,3.059588863973713,15:08:00,1,0.0,0.4591094428258647,,compressed
2018-12-13,10:20:00,10:20:00,1,3.059511776940692,10:20:00,1,0.0,0.9436681116689063,,mixed
2018-05-10,11:57:00,11:57:00,1,3.059416300059636,11:57:00,1,0.0,0.6066262795969719,,compressed
2019-08-27,15:07:00,15:07:00,1,3.0592298830041615,15:07:00,1,0.0,1.0591288649637154,,mixed
2010-04-01,13:46:00,13:46:00,1,3.059066055061517,13:46:00,1,0.0,0.6724960760269234,,mixed
2008-04-25,13:42:00,13:42:00,1,3.057963349763088,13:42:00,1,0.0,0.9587015372703974,,mixed
2018-03-19,15:52:00,15:52:00,1,3.0576510151893386,15:52:00,1,0.0,1.482944494645133,,mixed
2012-04-16,15:48:00,15:48:00,1,3.056937161957316,15:48:00,1,0.0,1.1118000304898983,,mixed
2009-05-18,13:12:00,13:12:00,1,3.056330525026466,13:12:00,1,0.0,0.7664769376507545,,mixed
2014-07-21,13:36:00,13:36:00,1,3.056155891053566,13:36:00,3,1.0,0.6968759873522848,,mixed
2009-09-09,11:37:00,11:37:00,1,3.0556586514333266,11:37:00,2,1.0,0.9391800975997486,,mixed
2015-06-19,13:57:00,13:57:00,1,3.0556223227007147,13:57:00,1,0.0,0.4365908874777745,,compressed
2012-11-28,10:22:00,10:22:00,1,3.055471116743545,10:22:00,2,1.0,2.522700052337556,,dispersed
2012-08-29,14:42:00,14:42:00,1,3.055149161234136,14:42:00,3,1.0,0.45538679402588444,,compressed
2009-11-16,12:21:00,12:21:00,1,3.054893931136054,12:21:00,3,1.0,1.4130316322918253,,mixed
2016-07-12,13:45:00,13:45:00,1,3.054718681477002,13:45:00,1,0.0,0.477402162418875,,compressed
2008-08-05,13:25:00,13:25:00,1,3.054097825957614,13:25:00,2,1.0,0.43764372437921856,,compressed
2008-08-21,15:42:00,15:42:00,1,3.0538790876541655,15:42:00,1,0.0,1.0809571681613026,,mixed
2016-08-05,14:19:00,14:19:00,1,3.0535236685477893,14:19:00,1,0.0,0.3858855073640172,,compressed
2019-11-25,13:38:00,13:38:00,1,3.0530484351993916,13:38:00,3,1.0,0.47646591187333265,,compressed
2019-06-24,13:33:00,13:35:00,3,3.051832469682843,13:33:00,1,0.0,0.4031514708393881,,compressed
2020-03-10,15:25:00,15:25:00,1,3.0517866393219113,15:25:00,2,1.0,1.586339088811061,,dispersed
2014-11-11,15:07:00,15:07:00,1,3.0517816036747227,15:07:00,3,1.0,0.5760035320242383,,compressed
2020-10-23,12:26:00,12:37:00,5,3.051630849109528,12:34:00,2,1.0,1.120753645254642,,mixed
2013-12-17,14:08:00,14:08:00,1,3.051550444498544,14:08:00,3,1.0,1.0093626095111308,,mixed
2012-08-15,12:58:00,12:58:00,1,3.0513962147674327,12:58:00,3,1.0,0.5869993199656958,,compressed
2018-05-16,12:22:00,12:23:00,2,3.0513743504410367,12:22:00,1,0.5,1.0516379751670888,,mixed
2013-03-26,14:06:00,14:08:00,3,3.050831172439599,14:06:00,3,1.0,0.47405143031928176,,compressed
2009-11-19,14:19:00,14:19:00,1,3.050404498569583,14:19:00,1,0.0,0.9453675788586295,,mixed
2012-09-11,14:44:00,14:44:00,1,3.0495333433321847,14:44:00,2,1.0,0.6557394680625103,,compressed
2009-06-02,11:34:00,11:34:00,1,3.0491146941880958,11:34:00,1,0.0,0.8544256281206873,,mixed
2012-02-01,15:14:00,15:14:00,1,3.0490821804494446,15:14:00,1,0.0,1.0079732797231378,,mixed
2017-02-22,12:50:00,12:54:00,2,3.0488340842402097,12:50:00,1,0.0,0.630747875701361,,compressed
2019-12-18,13:32:00,13:32:00,1,3.048487812595837,13:32:00,1,0.0,0.3857205558771107,,compressed
2015-07-22,13:35:00,13:36:00,2,3.0483049252819265,13:36:00,1,0.0,0.8315255710549018,,mixed
2013-07-22,14:57:00,14:57:00,1,3.0479170133618583,14:57:00,2,1.0,0.6626527947622861,,compressed
2014-08-15,15:02:00,15:02:00,1,3.047366226020126,15:02:00,1,0.0,1.150265153887421,,mixed
2015-09-09,10:26:00,10:26:00,1,3.04734520247416,10:26:00,1,0.0,0.8503181272382946,,mixed
2021-03-04,11:06:00,11:06:00,1,3.0469089418207553,11:06:00,1,0.0,1.7508155082119494,,dispersed
2011-07-05,13:26:00,13:26:00,1,3.046675489240153,13:26:00,1,0.0,0.5928274109892469,,compressed
2012-03-12,12:46:00,12:46:00,1,3.045992713786786,12:46:00,3,1.0,0.6050648300703021,,compressed
2008-06-05,13:53:00,13:53:00,1,3.0456247337968905,13:53:00,1,0.0,0.9252496387602285,,mixed
2020-07-06,15:10:00,15:10:00,1,3.044841122814598,15:10:00,1,0.0,0.9239200432563676,,mixed
2013-03-26,14:42:00,14:42:00,1,3.0446365646281657,14:42:00,3,1.0,0.3906164329003069,,compressed
2016-12-23,15:11:00,15:12:00,2,3.0445858415976037,15:11:00,1,0.0,0.4560016315418541,,compressed
2014-11-26,15:36:00,15:37:00,2,3.0445068668189967,15:36:00,1,0.0,0.5381606698320107,,compressed
2011-11-03,13:13:00,13:13:00,1,3.0442667531967316,13:13:00,2,1.0,0.990016113031766,,mixed
2012-06-11,14:20:00,14:20:00,1,3.044164568167814,14:20:00,1,0.0,1.1054180419882234,,mixed
2011-04-25,14:35:00,14:35:00,1,3.0424312848636577,14:35:00,1,0.0,0.44183962225877355,,compressed
2012-01-12,14:12:00,14:12:00,1,3.042099987303861,14:12:00,3,1.0,0.801857177789405,,mixed
2012-09-19,13:34:00,13:35:00,2,3.0415737605752375,13:34:00,2,1.0,0.5114313437981826,,compressed
2011-06-30,14:32:00,14:32:00,1,3.0410636244692877,14:32:00,3,1.0,0.5430643779501121,,compressed
2017-06-15,15:43:00,15:43:00,1,3.040885589927523,15:43:00,1,0.0,0.8484763350011222,,mixed
2013-12-17,13:22:00,13:22:00,1,3.040814842393645,13:22:00,1,0.0,0.5079182457601942,,compressed
2012-07-05,13:12:00,13:12:00,1,3.040497195843834,13:12:00,1,0.0,0.6083029693833567,,compressed
2019-01-10,11:19:00,11:19:00,1,3.040476499483859,11:19:00,1,0.0,0.6071678523809173,,compressed
2011-08-09,12:46:00,12:47:00,2,3.03900456051724,12:47:00,2,1.0,0.5044266592237443,FOMC reversal rally,compressed
2012-09-27,12:57:00,12:57:00,1,3.0389389703717993,12:57:00,3,1.0,0.6914279705410755,,mixed
2019-08-29,15:52:00,15:52:00,1,3.038233525431634,15:52:00,1,0.0,0.6069267671878515,,compressed
2014-05-12,14:50:00,14:52:00,3,3.0381470976006084,14:50:00,1,0.6666666666666666,0.38069514522359366,,compressed
2019-06-17,13:58:00,13:58:00,1,3.038090115230568,13:58:00,1,0.0,0.2975259028902273,,compressed
2013-03-08,11:20:00,11:20:00,1,3.03778205302276,11:20:00,1,0.0,1.1224460913075323,,mixed
2020-08-17,12:28:00,12:30:00,2,3.037708370935752,12:28:00,1,0.0,0.5044946807243371,,compressed
2011-03-10,10:18:00,10:18:00,1,3.0374316536952772,10:18:00,1,0.0,1.403119692898616,,mixed
2018-02-15,11:33:00,11:34:00,2,3.0373246886546466,11:33:00,1,0.0,0.8789823370248195,,mixed
2013-06-28,15:59:00,15:59:00,1,3.03700821205901,15:59:00,2,1.0,1.9431638369175264,,dispersed
2008-09-26,11:50:00,11:50:00,1,3.036865405856254,11:50:00,1,0.0,0.9747747960416037,,mixed
2015-11-16,12:54:00,12:55:00,2,3.036838621862355,12:54:00,2,1.0,1.2193049026215557,,mixed
2009-12-23,12:20:00,12:20:00,1,3.036803875136694,12:20:00,3,1.0,0.3726856937299543,,compressed
2015-07-28,13:09:00,13:09:00,1,3.036802179838266,13:09:00,1,0.0,0.8683618590563612,,mixed
2012-01-19,13:55:00,13:55:00,1,3.036445978557729,13:55:00,1,0.0,0.5291937320493265,,compressed
2009-07-17,11:40:00,11:40:00,1,3.036280097273868,11:40:00,2,1.0,0.9586691291270112,,mixed
2015-01-22,14:15:00,14:15:00,1,3.036146083437434,14:15:00,2,1.0,0.6129233912690647,,compressed
2016-11-14,11:03:00,11:03:00,1,3.0361256379119963,11:03:00,2,1.0,1.1580367380037049,,mixed
2008-09-11,12:13:00,12:13:00,1,3.0361184416525693,12:13:00,1,0.0,1.3218713540427027,,mixed
2008-10-16,13:20:00,13:20:00,1,3.035788119957003,13:20:00,3,1.0,1.5525957298537998,,dispersed
2013-02-12,14:57:00,14:57:00,1,3.0353779503298983,14:57:00,3,1.0,0.5591634714749368,,compressed
2014-11-21,11:22:00,11:22:00,1,3.0350525499206196,11:22:00,1,0.0,1.2529165019522694,,mixed
2017-01-25,14:31:00,14:31:00,1,3.034589191291675,14:31:00,3,1.0,0.681344089564833,,mixed
2014-11-25,13:53:00,13:57:00,2,3.033508878952155,13:57:00,2,1.0,0.5502584941252314,,compressed
2011-07-06,11:30:00,11:30:00,1,3.033362420198883,11:30:00,2,1.0,1.2621138009045663,,mixed
2016-02-12,12:13:00,12:13:00,1,3.032889621411234,12:13:00,1,0.0,0.6558420438167107,,compressed
2011-10-21,15:40:00,15:40:00,1,3.0325831276834294,15:40:00,1,0.0,0.950567664115014,,mixed
2013-09-27,13:30:00,13:30:00,1,3.0322162255490404,13:30:00,2,1.0,0.501235487766007,,compressed
2008-08-27,13:46:00,13:46:00,1,3.0320569272872726,13:46:00,2,1.0,0.7488455897691667,,mixed
2014-08-21,14:52:00,14:52:00,1,3.031839752351265,14:52:00,2,1.0,0.5042132654470564,,compressed
2009-08-04,13:43:00,13:43:00,1,3.031784251557356,13:43:00,3,1.0,0.5160830636567594,,compressed
2011-08-25,10:34:00,10:34:00,1,3.0317638070618904,10:34:00,2,1.0,1.7414431846073852,,dispersed
2008-05-30,15:37:00,15:37:00,1,3.031263521322378,15:37:00,1,0.0,0.9510138615922413,,mixed
2009-02-10,11:35:00,11:35:00,1,3.0303855570180693,11:35:00,1,0.0,2.6594418763133296,,dispersed
2011-05-10,11:37:00,11:37:00,1,3.029859796314942,11:37:00,2,1.0,0.736454738140365,,mixed
2015-06-23,14:12:00,14:12:00,1,3.0297780537084926,14:12:00,1,0.0,0.41803988724290464,,compressed
2021-03-08,15:14:00,15:14:00,1,3.0292405912180587,15:14:00,2,1.0,1.020741347423401,,mixed
2016-12-16,11:50:00,11:50:00,1,3.029017559694351,11:50:00,1,0.0,1.3500010376935585,,mixed
2009-06-23,12:08:00,12:08:00,1,3.028915609335029,12:08:00,1,0.0,0.6801086071217044,,mixed
2014-11-13,13:08:00,13:08:00,1,3.028653387305597,13:08:00,2,1.0,1.7109229696663097,,dispersed
2011-05-19,10:01:00,10:01:00,1,3.028200900493393,10:01:00,2,1.0,1.9028323022981901,,dispersed
2020-04-06,13:13:00,13:13:00,1,3.0279020529743605,13:13:00,1,0.0,0.5876277039019893,,compressed
2010-06-29,11:35:00,11:35:00,1,3.027682259037012,11:35:00,2,1.0,1.0857073418099448,,mixed
2016-07-06,13:16:00,13:16:00,1,3.0272350911379498,13:16:00,2,1.0,0.8835922690054849,,mixed
2013-04-25,12:24:00,12:24:00,1,3.0271024796670103,12:24:00,1,0.0,0.39967737523806196,,compressed
2017-08-03,14:47:00,14:48:00,2,3.0270106829793244,14:48:00,2,0.5,0.5919604149624417,,compressed
2016-09-23,11:11:00,11:11:00,1,3.0268451718624663,11:11:00,3,1.0,0.8694040966344861,,mixed
2020-11-27,12:00:00,12:00:00,1,3.0265932154850486,12:00:00,1,0.0,0.7708607674712157,,mixed
2020-12-14,11:09:00,11:09:00,1,3.026408012896778,11:09:00,2,1.0,1.6627107567608101,,dispersed
2009-11-23,13:24:00,13:25:00,2,3.026143107861633,13:24:00,1,0.0,0.5042486473959882,,compressed
2019-10-11,15:44:00,15:44:00,1,3.025905334625559,15:44:00,2,1.0,2.9210462839765103,,dispersed
2019-02-15,13:02:00,13:02:00,1,3.0258742810919683,13:02:00,1,0.0,0.6777394649276587,,mixed
2008-08-04,13:00:00,13:00:00,1,3.0256820595810474,13:00:00,1,0.0,0.7565158270390111,,mixed
2009-07-02,13:20:00,13:20:00,1,3.0256252738586897,13:20:00,3,1.0,0.5704239390978874,,compressed
2008-12-10,15:03:00,15:03:00,1,3.025484994537907,15:03:00,2,1.0,0.9890662465746121,,mixed
2021-04-20,10:39:00,10:39:00,1,3.0248390529720823,10:39:00,2,1.0,1.5658520172782204,,dispersed
2015-05-14,10:43:00,10:43:00,1,3.0248015406341904,10:43:00,1,0.0,0.7963144546012249,,mixed
2013-12-17,13:48:00,13:49:00,2,3.024677739195078,13:48:00,2,1.0,0.7887412002105386,,mixed
2010-07-13,12:20:00,12:22:00,2,3.0239685204620588,12:22:00,1,0.0,0.7545109532962327,,mixed
2013-01-10,13:51:00,13:54:00,3,3.0238069322658596,13:53:00,1,0.0,0.7084632624392361,,mixed
2019-11-04,14:36:00,14:36:00,1,3.023310996487148,14:36:00,1,0.0,0.3832409533105322,,compressed
2009-04-13,13:32:00,13:32:00,1,3.0232660840651584,13:32:00,3,1.0,0.9071190111573078,,mixed
2018-08-28,13:12:00,13:13:00,2,3.0232196447757147,13:12:00,2,1.0,0.6401386254114996,,compressed
2020-09-22,14:32:00,14:32:00,1,3.0229880391133523,14:32:00,2,1.0,0.7268122716227442,,mixed
2020-04-20,12:02:00,12:02:00,1,3.0225675035266772,12:02:00,2,1.0,0.9534912074075255,,mixed
2017-09-22,15:45:00,15:45:00,1,3.0224868408913297,15:45:00,3,1.0,0.4851414165370381,,compressed
2019-12-04,12:21:00,12:21:00,1,3.022326120720345,12:21:00,1,0.0,0.7869700904614818,,mixed
2020-07-29,13:17:00,13:18:00,2,3.0220976480750474,13:17:00,2,1.0,0.5742268042548396,,compressed
2020-12-24,14:14:00,14:17:00,4,3.021946294916935,14:14:00,3,1.0,0.5304586678661966,,compressed
2010-02-18,12:41:00,12:41:00,1,3.0217123734654594,12:41:00,2,1.0,0.6348764576103244,,compressed
2020-10-09,11:50:00,11:50:00,1,3.0208046272410094,11:50:00,2,1.0,1.052824315275184,,mixed
2010-11-19,11:10:00,11:10:00,1,3.0207753383199765,11:10:00,2,1.0,1.0238855385249377,,mixed
2011-03-24,10:54:00,10:54:00,1,3.0202934838907596,10:54:00,2,1.0,0.9468174012561299,,mixed
2020-09-09,11:30:00,11:30:00,1,3.01969068793562,11:30:00,3,1.0,0.7722118251556438,,mixed
2018-06-28,13:36:00,13:36:00,1,3.019481672196863,13:36:00,1,0.0,0.93677032985858,,mixed
2017-07-14,12:30:00,12:31:00,2,3.0193272819162913,12:30:00,3,1.0,0.7777114856189465,,mixed
2011-10-19,12:37:00,12:37:00,1,3.0191830420761567,12:37:00,3,1.0,1.1714085351367147,,mixed
2020-10-06,11:12:00,11:12:00,1,3.0182868079858207,11:12:00,3,1.0,1.664061311444766,,dispersed
2015-12-16,15:51:00,15:51:00,1,3.01744588937814,15:51:00,2,1.0,0.9758082130545512,,mixed
2012-05-16,15:58:00,15:58:00,1,3.0172308242970023,15:58:00,1,0.0,1.1798526380077643,,mixed
2017-05-22,13:04:00,13:04:00,1,3.016684420203243,13:04:00,1,0.0,0.47838729281400727,,compressed
2009-04-13,14:22:00,14:22:00,1,3.0165330120441167,14:22:00,1,0.0,0.7033667713698747,,mixed
2018-07-09,14:55:00,14:55:00,1,3.016200423852163,14:55:00,2,1.0,0.42357289399831977,,compressed
2016-10-18,12:16:00,12:16:00,1,3.0158752972500182,12:16:00,1,0.0,0.5712087269839847,,compressed
2010-03-30,13:30:00,13:30:00,1,3.0157248709052835,13:30:00,2,1.0,0.6772105439500444,,mixed
2010-12-28,14:12:00,14:12:00,1,3.015696555273108,14:12:00,3,1.0,0.5143157251869436,,compressed
2013-08-21,13:04:00,13:04:00,1,3.0156622654182788,13:04:00,1,0.0,0.845820197556764,,mixed
2015-07-09,14:58:00,14:59:00,2,3.0153521997490103,14:59:00,1,0.0,1.382234058974619,,mixed
2011-04-21,13:44:00,13:44:00,1,3.0151907762184584,13:44:00,1,0.0,0.5546307676793824,,compressed
2009-01-08,15:53:00,15:53:00,1,3.0145170885182244,15:53:00,1,0.0,1.2422858699246713,,mixed
2014-10-31,13:59:00,13:59:00,1,3.013778676594651,13:59:00,2,1.0,0.7207648687402449,,mixed
2013-08-05,11:29:00,11:29:00,1,3.0132737815840573,11:29:00,1,0.0,0.6778838505765721,,mixed
2012-11-15,13:22:00,13:22:00,1,3.013103394328855,13:22:00,1,0.0,0.961523122159181,,mixed
2020-05-21,14:44:00,14:44:00,1,3.0126169272429175,14:44:00,3,1.0,0.9713958422043714,,mixed
2017-01-17,13:42:00,13:42:00,1,3.012110659166464,13:42:00,1,0.0,0.4177247516252387,,compressed
2013-06-20,10:42:00,10:43:00,2,3.0119864829885263,10:42:00,1,0.0,2.408092897252033,taper tantrum,dispersed
2012-06-15,11:53:00,11:53:00,1,3.0119144710285997,11:53:00,1,0.0,0.8375432074458232,,mixed
2013-04-22,11:47:00,11:47:00,1,3.0116005587914976,11:47:00,2,1.0,0.6220584126829272,,compressed
2012-04-12,12:19:00,12:19:00,1,3.011534671504109,12:19:00,3,1.0,0.7776594674772257,,mixed
2019-12-03,13:54:00,13:55:00,2,3.011059803266377,13:54:00,2,1.0,1.0732552366288264,,mixed
2014-07-08,13:16:00,13:16:00,1,3.010917151823679,13:16:00,1,0.0,1.274626500923138,,mixed
2011-08-25,13:49:00,13:49:00,1,3.0104036706220265,13:49:00,1,0.0,0.9581787836114327,,mixed
2010-11-15,12:56:00,12:56:00,1,3.010321589345282,12:56:00,1,0.0,0.6773929084412019,,mixed
2012-07-09,14:14:00,14:14:00,1,3.0091368043238718,14:14:00,1,0.0,0.6144049178634986,,compressed
2015-05-27,11:16:00,11:16:00,1,3.0089792632784995,11:16:00,1,0.0,0.9963476078534047,,mixed
2015-02-20,12:13:00,12:13:00,1,3.0087845688540193,12:13:00,1,0.0,1.055747005697893,,mixed
2009-04-14,11:38:00,11:38:00,1,3.0083573533797985,11:38:00,2,1.0,0.8775647901560658,,mixed
2009-08-04,10:31:00,10:31:00,1,3.0083452125144596,10:31:00,1,0.0,1.3587220763434902,,mixed
2009-12-09,15:32:00,15:32:00,1,3.0081431276176036,15:32:00,2,1.0,1.0452383965515288,,mixed
2016-07-20,12:44:00,12:44:00,1,3.0080625955686453,12:44:00,1,0.0,0.5528839951756466,,compressed
2015-07-15,14:32:00,14:32:00,1,3.007677677536799,14:32:00,1,0.0,0.783217517984537,,mixed
2008-06-05,11:06:00,11:06:00,1,3.0072839950276125,11:06:00,2,1.0,0.949446571979906,,mixed
2009-08-14,11:53:00,11:53:00,1,3.007156786102935,11:53:00,2,1.0,1.15217875729543,,mixed
2011-08-18,10:01:00,10:01:00,1,3.0067180984875517,10:01:00,3,1.0,2.6881266309367966,-4.5% day,dispersed
2008-11-25,10:13:00,10:13:00,1,3.006183904091278,10:13:00,1,0.0,1.1052301666725721,,mixed
2020-10-02,10:01:00,10:01:00,1,3.006013115620283,10:01:00,3,1.0,2.2156908484653295,,dispersed
2008-10-01,10:53:00,10:53:00,1,3.0055775738676824,10:53:00,1,0.0,0.8355245219173391,,mixed
2020-11-03,10:38:00,10:38:00,1,3.005158715239996,10:38:00,2,1.0,0.9559028638300772,,mixed
2016-04-06,13:08:00,13:08:00,1,3.004751516319888,13:08:00,3,1.0,0.8591271443968537,,mixed
2017-10-09,12:01:00,12:01:00,1,3.0047119857163107,12:01:00,1,0.0,0.5356897946994987,,compressed
2018-05-25,12:08:00,12:08:00,1,3.003990862019447,12:08:00,1,0.0,0.8073433290319314,,mixed
2016-09-30,15:27:00,15:27:00,1,3.003977642048349,15:27:00,1,0.0,0.5426306503772386,,compressed
2019-06-19,11:17:00,11:17:00,1,3.0037629258576013,11:17:00,1,0.0,0.6814056941795229,,mixed
2019-01-15,14:19:00,14:19:00,1,3.0034572630321343,14:19:00,2,1.0,1.1651752504365123,,mixed
2009-12-24,12:14:00,12:14:00,1,3.0032638812913994,12:14:00,3,1.0,0.4631332334659543,,compressed
2016-03-03,13:14:00,13:14:00,1,3.002820573606342,13:14:00,2,1.0,0.6425829247731373,,compressed
2010-04-14,12:02:00,12:02:00,1,3.0021299661497993,12:02:00,1,0.0,0.5383507538387469,,compressed
2015-11-20,15:04:00,15:04:00,1,3.00187243620398,15:04:00,1,0.0,0.6550401755700184,,compressed
2009-06-26,14:16:00,14:16:00,1,3.001843901333124,14:16:00,2,1.0,0.7579304792374616,,mixed
2017-08-16,13:29:00,13:29:00,1,3.0013388726783865,13:29:00,2,1.0,1.881975156372795,,dispersed
2015-12-08,10:44:00,10:44:00,1,3.0012894537136305,10:44:00,3,1.0,1.597703451142554,,dispersed
2021-04-21,14:24:00,14:24:00,1,3.001248042415239,14:24:00,1,0.0,0.6915363174286867,,mixed
2019-08-29,15:46:00,15:46:00,1,3.0009397967471756,15:46:00,1,0.0,0.5961189288815191,,compressed
2011-03-23,12:27:00,12:27:00,1,3.000922006323056,12:27:00,2,1.0,1.0498649833412745,,mixed
2021-02-03,15:41:00,15:41:00,1,3.00087475128855,15:41:00,2,1.0,0.9650189059097686,,mixed
2010-11-24,15:02:00,15:02:00,1,3.0006005427300875,15:02:00,1,0.0,0.6050605518054438,,compressed
2009-11-10,12:55:00,12:55:00,1,3.0002465550089883,12:55:00,2,1.0,1.2258306993978305,,mixed
