measure,timestamp,psi,z
gross_return,2010-05-06 14:47:00,0.6801462011328492,10.685082917313247
gross_return,2010-05-06 14:48:00,0.6504468521353903,9.824293644827003
gross_return,2010-05-06 14:45:00,0.5761597712433056,9.03592978422543
gross_return,2010-05-06 14:49:00,0.617451312259457,8.98233446930196
gross_return,2010-05-06 14:50:00,0.6114571428811411,8.690466104739494
gross_return,2010-05-06 14:46:00,0.5609388068474103,8.549634691027261
gross_return,2010-08-10 14:17:00,0.6632792266351106,8.514336641685475
gross_return,2010-05-06 14:51:00,0.5948760966689289,8.231228114764443
dollar_volume,2010-05-28 12:41:00,0.3646906770954078,8.100757396920503
gross_return,2010-05-06 14:52:00,0.5950062183210492,8.089931248294457
gross_return,2010-08-10 14:20:00,0.6464119584235279,7.852425346096999
dollar_volume,2010-05-28 12:40:00,0.34622659583768195,7.668158985656795
gross_return,2010-08-10 14:18:00,0.6161700822001377,7.608072613773259
gross_return,2010-08-10 14:19:00,0.6155859834082831,7.485016716285678
gross_return,2010-05-06 14:44:00,0.48681805094890357,7.350621026564005
gross_return,2010-11-03 14:16:00,0.6656313595194957,7.316177622397253
gross_return,2010-05-06 14:53:00,0.5553496606976542,7.279790886041428
gross_return,2010-05-06 14:54:00,0.5553516976816713,7.179405625264263
dollar_volume,2010-05-28 12:46:00,0.34310373731529065,7.0145022278469895
gross_return,2010-02-09 12:41:00,0.4816283514383644,6.888946364137446
gross_return,2010-09-01 13:23:00,0.5434493338210797,6.888882554033891
gross_return,2010-09-01 13:25:00,0.553446816987778,6.88692259636536
gross_return,2010-08-10 14:15:00,0.5517736272087645,6.870924680827897
price,2010-09-01 10:29:00,0.9861614737967397,6.857166451392824
price,2010-09-01 10:30:00,0.9943588804454919,6.844258743660033
gross_return,2010-09-01 13:24:00,0.5434541414930268,6.804482721330821
dollar_volume,2010-05-28 12:42:00,0.32464610175217035,6.793555859053993
gross_return,2010-11-02 15:44:00,0.6106991511941247,6.725694583565037
gross_return,2010-02-09 12:42:00,0.47400640229442215,6.6635185781428
price,2010-09-01 10:31:00,0.9827777001608651,6.660021922568855
gross_return,2010-09-01 13:26:00,0.5423318078076359,6.622221038085553
gross_return,2010-05-06 14:55:00,0.5258865521295032,6.595189303318104
gross_return,2010-08-10 14:16:00,0.5364602459770786,6.535756802886517
dollar_volume,2010-05-28 12:45:00,0.3229748632181492,6.5224331090504375
price,2010-09-01 10:32:00,0.9749894972367881,6.516195401698803
gross_return,2010-10-12 14:05:00,0.6776199704954968,6.511815023791936
gross_return,2010-09-01 13:27:00,0.538188350378191,6.480418494586704
price,2010-10-12 14:15:00,1.012730274934227,6.456456286326501
dollar_volume,2010-05-28 12:43:00,0.3155702681570801,6.449220381240529
gross_return,2010-02-09 12:43:00,0.4664996194822925,6.44831248507474
price,2010-09-01 10:33:00,0.9739286511813828,6.435082440949042
gross_return,2010-09-01 13:28:00,0.538194476153977,6.40972816360196
price,2010-09-01 10:34:00,0.9784420059098985,6.403527979738664
gross_return,2010-11-03 14:17:00,0.6066174130762283,6.38563324544781
gross_return,2010-08-10 13:44:00,0.5071554958104347,6.3503126594449695
gross_return,2010-09-01 13:29:00,0.5381988361400453,6.341133259907584
gross_return,2010-10-29 14:14:00,0.6104631438393733,6.337917909782183
gross_return,2010-08-10 13:46:00,0.51343455163286,6.323210241799172
price,2010-09-01 10:35:00,0.9758736380072526,6.313997603712597
gross_return,2010-08-10 13:45:00,0.5071554958104347,6.28294821988499
gross_return,2010-10-12 14:06:00,0.6641694275158818,6.2746677024795625
price,2010-09-01 10:36:00,0.9775151405987794,6.261885549791332
dollar_volume,2010-05-28 12:44:00,0.3113132455564777,6.256699291588272
gross_return,2010-10-29 14:13:00,0.6000844472880946,6.255319602045028
gross_return,2010-10-29 14:17:00,0.6156025101166158,6.220037787993117
gross_return,2010-09-01 13:30:00,0.5344504703868049,6.216058435798949
gross_return,2010-10-29 14:18:00,0.6196696992964547,6.2102990698917395
price,2010-10-12 14:16:00,0.9853195722579727,6.163920456146076
gross_return,2010-10-29 14:11:00,0.5850873887588454,6.158109591802049
gross_return,2010-10-29 14:16:00,0.60442442788681,6.131172948323893
gross_return,2010-10-29 14:15:00,0.5990092427026291,6.118471960773804
price,2010-09-01 10:37:00,0.96728793158914,6.114749143160255
price,2010-09-01 10:38:00,0.9714199306440667,6.088606812619074
gross_return,2010-09-01 13:32:00,0.5304257679785361,6.033212199079992
gross_return,2010-09-01 13:33:00,0.5329098575911202,6.012844096219693
dollar_volume,2010-05-28 12:39:00,0.28913560759342094,6.003525921130613
gross_return,2010-09-01 13:31:00,0.52457437600618,6.00081694216448
gross_return,2010-05-06 14:56:00,0.49360377932296956,5.991182479077123
price,2010-09-01 10:50:00,1.0331764332785272,5.9865621515363925
gross_return,2010-09-01 13:34:00,0.5344642498841146,5.9789194740416445
gross_return,2010-10-29 14:12:00,0.5758566797382421,5.970775138532898
price,2010-09-01 10:39:00,0.9607742388568183,5.944997339811167
price,2010-09-01 10:40:00,0.9675780361244786,5.944298811183086
gross_return,2010-05-06 14:57:00,0.4936326971668491,5.934181016858725
dollar_volume,2010-05-28 12:47:00,0.30706308772948854,5.92755240667567
gross_return,2010-10-29 14:19:00,0.6017821457190515,5.9118478494220765
gross_return,2010-01-27 14:22:00,0.507897236361348,5.900805991256966
gross_return,2010-01-27 14:21:00,0.5077390264908035,5.8915444767551595
gross_return,2010-10-22 14:15:00,0.5179201778614281,5.877947427303872
dollar_volume,2010-04-28 11:29:00,0.3055713380766173,5.826494393662081
gross_return,2010-10-22 14:18:00,0.5241568024408767,5.815499488765248
price,2010-09-01 10:41:00,0.9565057607809528,5.802742275345326
gross_return,2010-10-22 14:16:00,0.5150976969054057,5.780022609673463
gross_return,2010-10-29 14:20:00,0.5955149846592234,5.7751900169228
gross_return,2010-10-12 14:07:00,0.6281878969968601,5.771437338693497
gross_return,2010-10-22 14:17:00,0.5173199450684238,5.76239709864643
gross_return,2010-10-29 14:21:00,0.5977654546663014,5.7529778411001375
gross_return,2010-04-06 13:38:00,0.5413480052846177,5.745933195736441
gross_return,2010-09-01 13:35:00,0.5218430334457678,5.734913983070056
price,2010-07-07 13:44:00,0.6900340024896459,5.716909157289495
gross_return,2010-09-01 13:37:00,0.5253485788495069,5.687242569956029
gross_return,2010-09-01 13:36:00,0.5218438134827132,5.684891000019514
price,2010-09-01 10:42:00,0.9468547282470319,5.676832388896212
gross_return,2010-04-06 13:32:00,0.5172587424990878,5.665618480388568
gross_return,2010-10-07 13:42:00,0.4331113196406053,5.649745279026563
gross_return,2010-10-22 14:19:00,0.5158521943104925,5.636939107791641
gross_return,2010-04-06 13:41:00,0.5435990250918823,5.6335438448959545
gross_return,2010-04-06 13:37:00,0.5302775793059333,5.6314853272289565
gross_return,2010-08-10 14:21:00,0.5083204000754011,5.629104215097968
price,2010-07-07 13:43:00,0.6766147979717905,5.6171540192972245
gross_return,2010-11-03 14:18:00,0.5560445156011496,5.6137998814850745
gross_return,2010-10-07 13:35:00,0.41647199490212905,5.605780008728348
gross_return,2010-04-06 13:39:00,0.5348564903996845,5.601566746629697
gross_return,2010-10-07 13:37:00,0.4194635946156592,5.582384009050681
gross_return,2010-04-06 13:33:00,0.5141337761223687,5.56996149351506
price,2010-09-01 10:43:00,0.9390268787113603,5.5685883426362235
gross_return,2010-01-27 14:23:00,0.48465624325971063,5.550528518204161
gross_return,2010-04-06 13:40:00,0.5343061959937849,5.54661810413905
gross_return,2010-09-01 13:38:00,0.5185812620500192,5.539863755149215
dollar_volume,2010-11-08 10:53:00,0.29766826398436186,5.535509332922231
gross_return,2010-06-23 14:20:00,0.44410108874191506,5.5265614356862365
gross_return,2010-04-06 13:34:00,0.5141337761223687,5.523915557528268
gross_return,2010-04-06 13:42:00,0.5388534616215497,5.518377516712082
gross_return,2010-03-05 12:30:00,0.5129089032964684,5.500015690218297
gross_return,2010-10-22 14:20:00,0.5099321051200859,5.499700044468159
gross_return,2010-01-19 13:59:00,0.5634629837487546,5.495425215955604
gross_return,2010-09-01 13:39:00,0.5185812620500192,5.494313237413576
dollar_volume,2010-11-08 10:54:00,0.2973001672444446,5.4800852764516526
gross_return,2010-02-09 12:49:00,0.4292213862761424,5.469131988874281
price,2010-09-01 10:44:00,0.9314687047817073,5.46553292915176
gross_return,2010-05-06 14:58:00,0.46770560493624935,5.461745586084237
gross_return,2010-09-01 13:40:00,0.5185812620500192,5.4498225055173135
price,2010-09-01 10:51:00,0.9672512353702936,5.448152761269771
gross_return,2010-04-06 13:35:00,0.5118990355703559,5.445734320068343
gross_return,2010-10-12 14:01:00,0.5786391002425466,5.439750457238606
gross_return,2010-04-06 13:45:00,0.5423925551393627,5.4370804621605195
gross_return,2010-02-09 12:46:00,0.4206201134168704,5.432896529400485
gross_return,2010-10-12 14:08:00,0.6037877972382079,5.425755312565729
gross_return,2010-02-09 12:44:00,0.4155613081056412,5.4221562537274774
gross_return,2010-08-10 13:23:00,0.42017667500312833,5.420204586284305
gross_return,2010-08-10 13:19:00,0.4129497013098486,5.418841637870599
gross_return,2010-04-06 13:36:00,0.5127705637762898,5.415758428038823
gross_return,2010-10-12 14:04:00,0.5857027277780866,5.409242125659376
gross_return,2010-09-01 13:41:00,0.5185885822747001,5.406436871217489
gross_return,2010-08-10 13:20:00,0.4140986489294087,5.404919285447062
gross_return,2010-08-10 14:24:00,0.5007927878106351,5.402099535792608
gross_return,2010-10-07 13:50:00,0.4346496334058769,5.4011519202905
gross_return,2010-08-10 13:21:00,0.4156609871175595,5.400936367131513
gross_return,2010-12-06 14:11:00,0.48594016405888196,5.395428495313479
price,2010-07-07 13:28:00,0.6191346439647611,5.3915781970396655
gross_return,2010-10-22 14:21:00,0.505601143395741,5.390125780699664
gross_return,2010-04-06 13:44:00,0.5355090490293807,5.38400886792689
gross_return,2010-10-12 14:09:00,0.603787797238208,5.383322155757628
gross_return,2010-03-05 12:31:00,0.5076002372592733,5.376410943673648
gross_return,2010-06-23 14:19:00,0.43303524655887,5.376088893344494
gross_return,2010-02-09 12:45:00,0.4153066979935511,5.375715677977122
price,2010-09-01 10:45:00,0.9242664180665366,5.367981940338179
gross_return,2010-01-19 14:00:00,0.557089737224963,5.36504295672745
gross_return,2010-04-06 13:43:00,0.5307467607485856,5.359254695325356
gross_return,2010-04-06 13:47:00,0.542612218363809,5.355361612994697
gross_return,2010-10-12 14:10:00,0.6042917717574507,5.3478408051686195
gross_return,2010-10-22 14:22:00,0.5056011433957408,5.347647698025785
price,2010-12-01 12:09:00,1.001568912242639,5.340255696449652
price,2010-07-07 13:40:00,0.6412102440868647,5.3382585062510035
gross_return,2010-03-05 12:33:00,0.5098827536003001,5.327884451978103
gross_return,2010-01-19 14:01:00,0.5570897372249718,5.323552147086636
gross_return,2010-08-10 13:22:00,0.41319278237990775,5.322342441012358
gross_return,2010-04-06 13:46:00,0.5369048427185501,5.318215105280529
gross_return,2010-03-05 12:32:00,0.5064370275214103,5.317357089833022
gross_return,2010-10-22 14:23:00,0.5059858111298913,5.31219552787804
price,2010-10-12 14:19:00,0.8954247493486902,5.303800694013044
gross_return,2010-09-01 13:42:00,0.5140894420324578,5.300643148164621
gross_return,2010-12-13 13:57:00,0.6209729006830704,5.290982962363167
gross_return,2010-03-05 12:34:00,0.5098825438153789,5.28676624227452
price,2010-12-01 12:10:00,0.9982580537059468,5.277060589553915
gross_return,2010-12-13 13:58:00,0.62326912316206,5.2767700329244445
gross_return,2010-10-22 14:26:00,0.5114481066162846,5.276387882930776
price,2010-09-01 10:46:00,0.9166396822583933,5.269810325379001
gross_return,2010-08-10 13:25:00,0.4157167640405951,5.269055813486576
gross_return,2010-10-22 14:25:00,0.5078833785762501,5.262990103074195
gross_return,2010-10-22 14:24:00,0.50469632911044,5.25451507644471
dollar_volume,2010-05-28 12:38:00,0.2632424674216539,5.253405860365891
price,2010-07-07 13:27:00,0.6040914727930651,5.251279616774988
gross_return,2010-03-05 12:35:00,0.5098825438153789,5.246550702033464
price,2010-07-07 13:41:00,0.6364332215187319,5.243286391487522
dollar_volume,2010-02-12 14:20:00,0.2935094094043036,5.243013313496591
gross_return,2010-04-06 13:48:00,0.5369053357405538,5.236325889206598
gross_return,2010-08-10 13:26:00,0.4157167640406422,5.235520785092892
gross_return,2010-02-09 12:47:00,0.4121404886533307,5.233847590239645
price,2010-10-12 14:18:00,0.8794219410057109,5.215922237305148
price,2010-12-01 12:11:00,0.9949467174951528,5.215329913164374
gross_return,2010-09-01 13:43:00,0.5107556957049387,5.213895324106509
gross_return,2010-01-27 14:19:00,0.46575116712600134,5.20261111712112
price,2010-12-01 12:13:00,1.0040027116515666,5.199233271017076
dollar_volume,2010-02-12 14:21:00,0.2930065770309624,5.192077495006069
gross_return,2010-02-09 12:48:00,0.411847123879179,5.190448296206993
dollar_volume,2010-05-28 12:48:00,0.2821604989623741,5.189346389787698
price,2010-09-01 10:47:00,0.910837304335503,5.187630755637328
gross_return,2010-05-28 12:44:00,0.3076613294525914,5.186254539874053
price,2010-10-12 14:20:00,0.8854914821943297,5.185277833164448
gross_return,2010-06-16 14:31:00,0.35810629796953286,5.184898150758404
gross_return,2010-03-05 12:36:00,0.5078853061666633,5.178450821583517
gross_return,2010-09-01 13:44:00,0.5107556957049387,5.175606406098372
gross_return,2010-12-06 14:12:00,0.47430498350555933,5.174850020426239
gross_return,2010-12-13 13:59:00,0.6175293800018202,5.172075803077506
gross_return,2010-10-12 14:02:00,0.5602062127554897,5.162583449672335
price,2010-12-01 12:12:00,0.9923558657465359,5.159690950485668
gross_return,2010-10-12 14:03:00,0.5624512649825353,5.154140861692026
gross_return,2010-08-10 13:24:00,0.4079161429348103,5.153167334338378
gross_return,2010-11-12 13:53:00,0.4557900152814721,5.147860305901256
dollar_volume,2010-02-12 14:22:00,0.29258321079816735,5.144844263193558
gross_return,2010-08-02 10:31:00,0.3913675561450944,5.143392753016507
gross_return,2010-03-05 12:37:00,0.5078853061666628,5.140522419743569
gross_return,2010-04-06 13:49:00,0.5322463294573605,5.134668111313022
price,2010-09-01 10:49:00,0.9120387113185431,5.1287271256511815
price,2010-10-12 14:17:00,0.8630818951681212,5.122323172063956
price,2010-07-07 13:26:00,0.5902193784339693,5.120852036145978
gross_return,2010-02-09 13:20:00,0.4508155260083521,5.114772497056681
gross_return,2010-08-02 10:32:00,0.3914419445996429,5.108874006178412
gross_return,2010-10-12 14:11:00,0.5869124714076808,5.101116018590276
gross_return,2010-10-07 13:49:00,0.4155450054254021,5.099239666271863
gross_return,2010-03-05 12:39:00,0.5100820755254011,5.098399445015776
gross_return,2010-04-06 13:50:00,0.5322463895589421,5.097857390342879
gross_return,2010-10-07 13:41:00,0.40130720917724755,5.096695194478808
gross_return,2010-03-05 12:38:00,0.5072720060092075,5.094670793148503
price,2010-10-12 14:21:00,0.878644261937233,5.093868373713522
gross_return,2010-10-22 14:00:00,0.44775374128948764,5.093094620421206
gross_return,2010-11-03 14:19:00,0.5216822592149077,5.092370309387637
gross_return,2010-10-22 13:59:00,0.44548871553698877,5.090773922233076
gross_return,2010-02-09 13:21:00,0.45119551348181314,5.089363574490055
gross_return,2010-02-09 12:50:00,0.41048738972257653,5.0892569378728
dollar_volume,2010-02-12 14:24:00,0.2928333738348593,5.088704576633662
dollar_volume,2010-12-06 14:39:00,0.27336367981738247,5.082538878289053
gross_return,2010-03-16 13:43:00,0.6052396428235345,5.066783996299891
gross_return,2010-02-09 12:51:00,0.4110007084377841,5.064265113491634
gross_return,2010-05-28 12:56:00,0.316938134935802,5.049414670535429
gross_return,2010-05-06 14:59:00,0.44448372179339307,5.047376303114795
gross_return,2010-03-16 13:44:00,0.6052396714973318,5.042799051731297
price,2010-10-21 10:37:00,0.7080216777091095,5.036964168146416
gross_return,2010-12-13 13:33:00,0.5429813502932577,5.036487352220329
price,2010-01-13 11:54:00,0.8622006755367871,5.033286941544523
dollar_volume,2010-12-06 14:38:00,0.270379363902731,5.031707634627618
price,2010-05-28 13:17:00,0.640528999058822,5.0313036895665695
gross_return,2010-08-10 13:27:00,0.40623002047493817,5.026440021744924
gross_return,2010-11-12 13:52:00,0.44613317869437596,5.024930759547668
price,2010-07-07 13:49:00,0.6426349751823162,5.023275158790362
gross_return,2010-03-16 13:42:00,0.5993634996522677,5.0222101687607195
gross_return,2010-10-07 13:43:00,0.4013071827305839,5.016792706518663
price,2010-10-12 14:22:00,0.8730718586232398,5.014619021414064
gross_return,2010-10-07 13:36:00,0.3880899434505767,5.014408818576521
gross_return,2010-04-09 12:53:00,0.6086617207975346,5.012112509343994
gross_return,2010-12-13 13:32:00,0.5382997434316743,5.00894746099981
gross_return,2010-02-09 12:52:00,0.4096937276479751,5.006648812976146
gross_return,2010-01-27 14:24:00,0.44864179887355454,5.003042442355493
gross_return,2010-12-13 13:34:00,0.5429814092348941,5.002593948120554
gross_return,2010-12-13 13:17:00,0.50778595952231,4.998610914547027
gross_return,2010-08-02 12:27:00,0.4392286060170116,4.998500696938207
price,2010-05-26 15:37:00,0.5198327273114955,4.995553827574391
gross_return,2010-08-02 12:28:00,0.44077355083855596,4.9897298330258355
gross_return,2010-01-19 14:12:00,0.5599357654483976,4.989658221447721
gross_return,2010-12-13 13:27:00,0.524635769762613,4.989426483823204
price,2010-07-07 13:51:00,0.6456080378401721,4.988441267053821
price,2010-10-21 10:36:00,0.6992612756098984,4.984416339531188
gross_return,2010-01-19 14:04:00,0.5394345873161785,4.981869051775992
gross_return,2010-11-12 13:55:00,0.44980315217493844,4.980940892486341
price,2010-05-28 13:19:00,0.6416514099492383,4.976159816145897
gross_return,2010-08-10 14:25:00,0.47465504103073497,4.973739955709224
gross_return,2010-01-19 14:02:00,0.5334906087410173,4.968983968778545
gross_return,2010-04-09 12:54:00,0.607782537888191,4.967691190921407
gross_return,2010-12-13 13:18:00,0.5072608247657437,4.965329698786243
price,2010-11-29 14:47:00,0.8500606985577608,4.960835913272489
gross_return,2010-04-06 13:51:00,0.5244238269480264,4.957991412387968
price,2010-12-01 12:14:00,0.9726610310488131,4.955619101050974
gross_return,2010-02-09 12:53:00,0.40865886171640625,4.955589472196826
price,2010-05-26 15:36:00,0.5140857090190616,4.951017852028084
price,2010-07-07 13:50:00,0.6389264118615435,4.949974479562956
dollar_volume,2010-12-06 14:37:00,0.26632632160549063,4.948685346888793
gross_return,2010-01-19 14:05:00,0.5394346218418714,4.948382158588563
gross_return,2010-04-09 12:55:00,0.6085821426995465,4.942878151726466
gross_return,2010-04-06 13:52:00,0.5257845486422812,4.942733174481683
gross_return,2010-10-22 13:58:00,0.43460923014182395,4.941620793760105
gross_return,2010-08-10 13:28:00,0.40321947578436607,4.940599539967384
price,2010-07-07 13:54:00,0.649934784934457,4.9399066662465305
gross_return,2010-01-19 14:10:00,0.5508941802057424,4.939676905670825
dollar_volume,2010-01-28 12:33:00,0.29337388933804065,4.938958628798596
gross_return,2010-12-13 13:19:00,0.5071740656732886,4.938753284290375
gross_return,2010-12-13 13:26:00,0.5182703428205511,4.93651282083755
gross_return,2010-01-19 14:03:00,0.5334906087409732,4.935909860757503
gross_return,2010-10-07 13:51:00,0.4105385301722465,4.935661169729689
gross_return,2010-04-06 13:53:00,0.5274176110002775,4.931291642339319
gross_return,2010-02-09 13:22:00,0.44310695949581574,4.9294599025791355
gross_return,2010-12-13 13:28:00,0.5225775151254033,4.928417632868607
price,2010-05-28 13:18:00,0.6337356366116667,4.925625528466796
gross_return,2010-12-06 14:13:00,0.4603379775609212,4.924661570766581
dollar_volume,2010-12-06 14:43:00,0.27224110523726847,4.924583620550527
gross_return,2010-06-16 14:30:00,0.3442311320185691,4.922410962167263
gross_return,2010-06-23 14:22:00,0.4131015843051383,4.922104339377646
dollar_volume,2010-09-21 14:45:00,0.3103436952139193,4.921388773316766
price,2010-07-07 13:46:00,0.6241864797964999,4.920788325944121
gross_return,2010-11-12 13:54:00,0.4439149195373569,4.918682353872556
gross_return,2010-05-28 12:47:00,0.3007434630860034,4.918200180007476
dollar_volume,2010-04-28 11:30:00,0.2744501243050425,4.90809063970116
dollar_volume,2010-05-28 12:49:00,0.27322505840619177,4.908063787413571
dollar_volume,2010-12-31 13:07:00,0.3362487487815358,4.907517487851542
price,2010-01-13 11:57:00,0.8574502372372838,4.904439877880672
gross_return,2010-08-02 10:33:00,0.3823567172880644,4.902800669024593
dollar_volume,2010-11-23 15:59:00,0.31828894432318966,4.901547312699348
gross_return,2010-12-13 13:30:00,0.5251179480104271,4.8977648293483345
gross_return,2010-04-06 13:54:00,0.5272515868964702,4.896568977863803
gross_return,2010-12-13 13:29:00,0.5225775151254033,4.8961004585984265
gross_return,2010-05-28 12:40:00,0.29099984689636654,4.894538927561951
price,2010-11-29 14:48:00,0.8457056283561503,4.894329120477371
price,2010-08-02 10:34:00,0.7531613577752416,4.894171388499806
gross_return,2010-02-09 13:23:00,0.4426794754267149,4.893068219345521
gross_return,2010-12-06 14:14:00,0.460337977560921,4.892278303702583
gross_return,2010-03-16 13:41:00,0.5858922346896075,4.888014583830774
gross_return,2010-01-19 14:07:00,0.5394085624160717,4.885956852624705
dollar_volume,2010-07-06 11:39:00,0.25746719265881307,4.88166324396838
gross_return,2010-08-10 13:30:00,0.4028111866444375,4.879043385599909
gross_return,2010-12-13 13:22:00,0.5072919922104429,4.877815920963375
gross_return,2010-11-12 13:50:00,0.4334208238438606,4.877433639126687
price,2010-05-28 12:48:00,0.5641533005206578,4.8751952203859945
gross_return,2010-12-13 13:24:00,0.5090309072422641,4.874152727465586
gross_return,2010-12-13 13:31:00,0.5254849625434432,4.872069961354544
gross_return,2010-05-28 12:57:00,0.3107400471603113,4.870768659699172
price,2010-12-01 12:06:00,0.9195929669838904,4.868478946284588
gross_return,2010-05-28 12:41:00,0.29113966937893787,4.866047992429108
gross_return,2010-05-28 12:55:00,0.3076659802958569,4.8646386340719205
gross_return,2010-10-07 13:38:00,0.3839595428368208,4.863256107391733
gross_return,2010-12-13 13:23:00,0.507175244874729,4.862086182077854
gross_return,2010-01-19 14:08:00,0.5399024082268669,4.861062280709935
gross_return,2010-12-13 13:25:00,0.5103654694235105,4.860877626552462
price,2010-07-07 13:52:00,0.636076555073011,4.855943948392643
dollar_volume,2010-07-06 11:40:00,0.2574813937430774,4.852074615074672
gross_return,2010-08-10 13:31:00,0.4028079167352752,4.849815693437468
gross_return,2010-01-19 14:14:00,0.5536153179220584,4.849607492085709
gross_return,2010-12-13 13:20:00,0.5024310290154511,4.84894743708266
price,2010-05-26 15:35:00,0.5041725357957167,4.847418682673382
price,2010-05-28 13:16:00,0.6199634302109257,4.845183295883851
gross_return,2010-01-27 14:25:00,0.43718867051106397,4.844851972432535
gross_return,2010-11-03 14:20:00,0.5057832592381752,4.838635862400365
price,2010-07-07 13:47:00,0.6195683506322908,4.8382532052670415
gross_return,2010-06-23 14:17:00,0.3988111197448765,4.837515923082811
gross_return,2010-01-19 14:16:00,0.5568166353262305,4.830665311430726
gross_return,2010-12-13 13:21:00,0.5024314883054222,4.830081313685605
gross_return,2010-06-23 14:21:00,0.40590881394694284,4.829636476477387
gross_return,2010-01-19 14:11:00,0.5445297409404559,4.826848349912685
gross_return,2010-08-10 13:36:00,0.4076659803859364,4.8219729251251335
gross_return,2010-03-02 13:53:00,0.44501058135880456,4.821845473864879
gross_return,2010-04-09 12:56:00,0.6005995904162,4.821281164979987
dollar_volume,2010-12-06 14:40:00,0.2652980627223585,4.821052480024064
gross_return,2010-01-19 14:15:00,0.5536153179220584,4.820157260834477
dollar_volume,2010-12-06 14:35:00,0.2596634443935554,4.817218597272055
gross_return,2010-02-09 13:19:00,0.4302731403182375,4.810572104557408
gross_return,2010-01-27 14:20:00,0.4391386834019286,4.807063435270461
dollar_volume,2010-12-06 14:41:00,0.2658119715573182,4.805203389586297
price,2010-05-12 10:29:00,0.5350346373502269,4.804797832020921
gross_return,2010-01-19 14:17:00,0.5568170374056023,4.802329519711436
gross_return,2010-02-09 12:54:00,0.4016385193316832,4.80039692401749
gross_return,2010-08-10 13:33:00,0.4026281125685998,4.796635387097611
dollar_volume,2010-05-28 12:54:00,0.27367941379601735,4.795910871212734
gross_return,2010-01-19 14:09:00,0.5372215946961878,4.795886159901213
gross_return,2010-08-10 14:22:00,0.4560726616081188,4.794050212796402
gross_return,2010-12-06 14:16:00,0.45772064919710537,4.7925073510519285
dollar_volume,2010-12-06 14:36:00,0.2597989492110265,4.7914726400947565
gross_return,2010-08-10 13:29:00,0.3965181897479925,4.7904854947683155
price,2010-07-07 13:53:00,0.63237022819442,4.7870880127536335
gross_return,2010-08-02 12:31:00,0.43312899244636893,4.782264818655923
gross_return,2010-08-02 10:59:00,0.4113513219226314,4.779449384080619
gross_return,2010-12-06 14:15:00,0.454905479644117,4.779142759130122
gross_return,2010-10-07 13:40:00,0.3826375817660985,4.778037515954894
dollar_volume,2010-02-12 14:23:00,0.2798995825189628,4.7762424625020525
dollar_volume,2010-02-12 14:25:00,0.2820986968037566,4.77558666944725
gross_return,2010-08-10 13:34:00,0.40261840913864133,4.77541113943132
gross_return,2010-08-10 14:23:00,0.4565554801097036,4.771556574511804
gross_return,2010-08-02 10:34:00,0.37697129045876465,4.77086422437844
gross_return,2010-08-10 13:35:00,0.40363676736615167,4.770203830436928
price,2010-12-01 12:08:00,0.9129277914537224,4.768446951362007
gross_return,2010-12-13 13:35:00,0.527253876255876,4.768084813844947
dollar_volume,2010-12-09 15:51:00,0.29261897720790636,4.767173477820957
gross_return,2010-02-09 12:55:00,0.4012659859834079,4.764955456243211
price,2010-08-25 15:14:00,0.7346042712688912,4.76196752917038
price,2010-05-28 12:46:00,0.5499773115706433,4.761457196383174
gross_return,2010-02-09 13:24:00,0.4359227178651174,4.755932513391993
gross_return,2010-01-19 14:19:00,0.5573997459416034,4.755816946092718
gross_return,2010-08-02 12:29:00,0.4281873947781193,4.7557436508612945
price,2010-05-17 12:10:00,0.5830333193242048,4.751344919948286
price,2010-07-07 13:42:00,0.5953237298447287,4.7457592086541665
price,2010-07-07 13:55:00,0.6335890244844524,4.739719101918061
gross_return,2010-10-07 13:39:00,0.37899921182967367,4.738632253632284
dollar_volume,2010-05-28 12:55:00,0.2724636880856759,4.733474001793836
gross_return,2010-01-19 14:18:00,0.5533246588905256,4.732694875687213
price,2010-07-07 13:48:00,0.6126205576114163,4.732558731452115
price,2010-09-01 10:48:00,0.854486120709997,4.729835799368789
gross_return,2010-05-28 12:42:00,0.28685672851059757,4.7266430050652675
gross_return,2010-01-19 14:13:00,0.541337405249629,4.724231213451797
gross_return,2010-02-09 13:25:00,0.4356309814367866,4.722287405170666
price,2010-03-11 15:43:00,0.7549777770791293,4.716888249634642
gross_return,2010-08-10 13:32:00,0.3968759069707972,4.7162013719662035
gross_return,2010-05-28 12:51:00,0.2966319338887335,4.715759640711951
gross_return,2010-12-13 13:36:00,0.5253028002868072,4.713669215495805
price,2010-08-25 15:15:00,0.7320735065397851,4.711154866220657
price,2010-12-01 12:15:00,0.9400349987790534,4.709682412390745
gross_return,2010-04-05 12:04:00,0.42555340032067773,4.703626739827358
gross_return,2010-02-09 13:26:00,0.4359097943757706,4.701302039889424
gross_return,2010-05-28 12:43:00,0.2868567400876115,4.697340996809681
price,2010-05-28 12:49:00,0.5517973124423249,4.69626190152685
price,2010-01-13 11:58:00,0.8351520668677288,4.695221682936495
gross_return,2010-05-28 12:52:00,0.29663556553120796,4.687168816777576
dollar_volume,2010-09-21 14:46:00,0.3015204476003249,4.684684196119795
gross_return,2010-01-19 14:06:00,0.5214324582775751,4.681554457827137
gross_return,2010-04-05 12:03:00,0.4224239882499415,4.68032184509925
gross_return,2010-08-02 12:26:00,0.4177400431909777,4.679701630854455
gross_return,2010-11-12 13:51:00,0.4233379432990444,4.679130162363702
gross_return,2010-01-19 14:21:00,0.5551628311904431,4.676826198596158
gross_return,2010-12-01 13:21:00,0.4201818110538018,4.6704007388168485
gross_return,2010-07-09 14:15:00,0.3531934779507681,4.669107591490659
gross_return,2010-02-09 13:18:00,0.420054800419504,4.668325575125093
dollar_volume,2010-12-09 15:54:00,0.2917789777471274,4.667789865634603
gross_return,2010-05-28 12:45:00,0.28804466140364343,4.6636213711546
gross_return,2010-04-05 12:05:00,0.424437275294178,4.656410910334734
gross_return,2010-01-19 14:20:00,0.5512491253621628,4.655134130894159
gross_return,2010-11-03 14:21:00,0.4945213729083837,4.654198959933923
gross_return,2010-05-28 12:46:00,0.28876415283878776,4.653331598318921
gross_return,2010-12-13 13:37:00,0.52255533525894,4.650331122195611
price,2010-10-04 12:36:00,0.7258731361204454,4.648703293945295
dollar_volume,2010-09-21 14:41:00,0.2944134283492927,4.647133886683133
price,2010-05-12 10:30:00,0.5237141944944071,4.644742843519697
price,2010-01-13 11:59:00,0.8319274314989891,4.641038254376887
gross_return,2010-08-02 10:47:00,0.38535848935248534,4.6404834483769
price,2010-10-21 10:40:00,0.6754760246064476,4.638499288968277
price,2010-05-28 12:47:00,0.5421422171486912,4.63783413259283
gross_return,2010-05-28 12:53:00,0.29537234466346934,4.6288076606816295
dollar_volume,2010-09-21 14:43:00,0.29544513312378423,4.627821816104645
price,2010-05-26 15:38:00,0.49487623681333953,4.625589035267596
dollar_volume,2010-10-21 14:33:00,0.24346138670466555,4.624496486060438
gross_return,2010-12-13 13:38:00,0.5225181361695769,4.622519857240537
gross_return,2010-12-06 14:18:00,0.4496555558216713,4.618981527204922
dollar_volume,2010-12-06 14:44:00,0.2622497108698518,4.618434538194597
gross_return,2010-02-09 12:56:00,0.39440536288061356,4.616767142393345
price,2010-10-21 10:35:00,0.6591825810726608,4.616108080257732
gross_return,2010-05-06 15:00:00,0.41942723953439315,4.615048897215017
price,2010-05-17 12:11:00,0.5731243780862527,4.611325090455908
dollar_volume,2010-01-28 12:32:00,0.27972243025072524,4.6109304207978346
dollar_volume,2010-03-10 15:06:00,0.2652689164691725,4.609429925536548
price,2010-05-28 13:20:00,0.6093954866712503,4.60877585667287
price,2010-05-28 13:10:00,0.5837604902150946,4.607538953412103
gross_return,2010-01-19 14:22:00,0.5514788919852808,4.6072901246184355
gross_return,2010-08-10 13:37:00,0.39662247078192037,4.606713994422484
dollar_volume,2010-05-28 13:55:00,0.27330715148819257,4.602839880883418
dollar_volume,2010-12-06 14:42:00,0.2594979227150621,4.600067845882425
price,2010-12-01 12:05:00,0.8765607594658257,4.598423917914102
dollar_volume,2010-09-21 14:44:00,0.29520151055981486,4.596408668667819
gross_return,2010-12-13 13:39:00,0.5225553903250252,4.596185430331172
gross_return,2010-08-02 10:48:00,0.38414778602387994,4.591701274450438
gross_return,2010-12-13 13:48:00,0.5414349713656366,4.590585568439382
gross_return,2010-12-13 13:40:00,0.5242255825678708,4.590352072088289
dollar_volume,2010-03-10 15:07:00,0.2653933327208007,4.586168543703198
gross_return,2010-04-05 12:06:00,0.4217742073911119,4.584871307553127
price,2010-08-02 10:47:00,0.7523244576221306,4.5844147014795364
gross_return,2010-05-28 12:59:00,0.3006924529755712,4.584281458392287
gross_return,2010-03-02 13:54:00,0.43237914072650185,4.582994729449784
gross_return,2010-01-19 14:23:00,0.5514788919852808,4.582807475826353
price,2010-08-02 10:43:00,0.74025655703641,4.582745403998601
gross_return,2010-12-13 13:41:00,0.5253823796572948,4.578072878196328
gross_return,2010-08-10 13:41:00,0.3988080197468883,4.577061723049625
gross_return,2010-08-10 13:42:00,0.400337692963727,4.576831042466916
dollar_volume,2010-09-21 14:40:00,0.29048200987389194,4.575204007520597
price,2010-10-04 12:35:00,0.714824853649637,4.57510397122013
gross_return,2010-10-12 14:12:00,0.5447618455597536,4.5692696582966565
gross_return,2010-08-02 10:45:00,0.3784022616003448,4.569068464065895
price,2010-08-25 15:17:00,0.7221037567283222,4.568694472050101
gross_return,2010-11-18 10:59:00,0.4275904260051315,4.5680111914295365
dollar_volume,2010-05-28 13:56:00,0.27298315099699755,4.567483966415924
gross_return,2010-12-13 13:47:00,0.5370389205408697,4.5646911934163805
price,2010-05-28 12:50:00,0.5428563432450645,4.561705649814252
gross_return,2010-08-02 10:49:00,0.38378133914821616,4.5586810496832495
gross_return,2010-01-27 14:26:00,0.41742127695671244,4.55688347021325
gross_return,2010-12-13 13:42:00,0.5254323894216613,4.552280663997496
price,2010-01-13 11:55:00,0.8068629565073842,4.551981678105744
price,2010-10-04 12:37:00,0.7181204316168706,4.55082113737528
price,2010-05-12 10:31:00,0.5172565600792566,4.548728780064515
dollar_volume,2010-12-06 14:34:00,0.24958068810051082,4.547686650046332
price,2010-11-19 14:19:00,0.6263968705454336,4.5474947833547175
gross_return,2010-08-02 10:44:00,0.375726138790338,4.547108831919518
price,2010-08-25 15:16:00,0.7166037578622549,4.546099088488778
gross_return,2010-10-12 14:13:00,0.5447475314249778,4.543165951973496
gross_return,2010-08-02 10:46:00,0.37841202418526876,4.542744144101566
price,2010-10-04 12:34:00,0.7080806086363053,4.539402547917898
price,2010-07-01 12:49:00,0.5056604929643146,4.533362322023393
gross_return,2010-08-02 10:50:00,0.3837757314315705,4.53242618764974
gross_return,2010-04-05 12:07:00,0.4201027017267911,4.530845265043139
price,2010-11-09 12:37:00,0.7142548707539069,4.530174868322016
gross_return,2010-10-11 13:40:00,0.45114963843407924,4.528042509775178
price,2010-08-02 10:44:00,0.7369519288716991,4.527900684809415
gross_return,2010-10-07 13:46:00,0.3791472505165921,4.527451604288291
gross_return,2010-09-01 13:22:00,0.40129288401878604,4.5271479843684155
dollar_volume,2010-06-10 13:40:00,0.2680072061755279,4.5263432323485935
gross_return,2010-12-13 13:43:00,0.5254323622040187,4.525925474872435
gross_return,2010-08-10 13:43:00,0.3988065606203312,4.523885207628913
gross_return,2010-01-19 14:24:00,0.5485174416751301,4.523746620510008
price,2010-11-09 12:39:00,0.7187812013719685,4.520810399610221
dollar_volume,2010-09-21 14:19:00,0.27557552407895075,4.5202028933706915
gross_return,2010-09-01 13:19:00,0.39655884581939593,4.518160246825256
gross_return,2010-12-06 14:17:00,0.4410523780840657,4.515362182551026
dollar_volume,2010-05-28 12:51:00,0.260835030852862,4.515282118496398
price,2010-05-17 12:13:00,0.5692268196172628,4.5152432655668555
price,2010-05-17 12:12:00,0.5665806533722598,4.511614687846846
gross_return,2010-12-13 13:49:00,0.5370391043592657,4.511424380899188
price,2010-12-01 12:16:00,0.9136892552479909,4.5100825554034145
gross_return,2010-10-07 13:47:00,0.37960693989154154,4.5098561090166145
price,2010-10-12 14:23:00,0.8119626484334226,4.5098259245890935
gross_return,2010-12-21 14:11:00,0.8224319375475053,4.505520499879194
gross_return,2010-04-09 12:57:00,0.5746576806280916,4.504861826851076
price,2010-07-07 13:45:00,0.5834641840509511,4.504535380170564
gross_return,2010-10-11 13:41:00,0.45114971673302023,4.503141289045419
gross_return,2010-12-21 14:13:00,0.8289039915351809,4.502569629532895
price,2010-05-28 12:51:00,0.5396943398091012,4.498333944175227
gross_return,2010-06-23 14:18:00,0.38104064110908387,4.4976153542708825
price,2010-08-02 10:45:00,0.736368314637039,4.497196994608518
gross_return,2010-10-07 13:44:00,0.3745756841046393,4.494306520140576
dollar_volume,2010-09-21 14:52:00,0.29962683083550856,4.491920034995893
gross_return,2010-08-10 13:38:00,0.39090889046059973,4.489935303439043
dollar_volume,2010-09-21 14:48:00,0.29529474575993453,4.4882371829815
dollar_volume,2010-12-09 15:53:00,0.28327071185637076,4.4872196587928785
gross_return,2010-12-21 14:12:00,0.8233949291544158,4.487174350691078
gross_return,2010-08-10 13:40:00,0.3921704184094049,4.487036753788221
gross_return,2010-01-19 14:25:00,0.5472185347082867,4.485238314425595
gross_return,2010-07-09 14:14:00,0.342522934502601,4.48465026520837
price,2010-07-07 13:56:00,0.6113098977091499,4.483011639306126
gross_return,2010-02-09 12:57:00,0.38805400485620406,4.480279424564983
gross_return,2010-10-11 13:42:00,0.45114942852492934,4.479270889978574
gross_return,2010-12-21 14:14:00,0.8289039915351809,4.47713510335364
gross_return,2010-10-07 13:48:00,0.37914795561490355,4.4761770996960175
dollar_volume,2010-05-28 12:50:00,0.2584392258799687,4.475299726598634
dollar_volume,2010-05-28 13:58:00,0.2713246484319823,4.474530584871958
gross_return,2010-12-13 13:44:00,0.5232936280618846,4.473940321828216
price,2010-05-28 13:09:00,0.5690998716474331,4.472091588280035
gross_return,2010-08-02 10:51:00,0.38176147794834625,4.471853644853634
price,2010-03-11 15:35:00,0.7107283945578584,4.471546145579226
gross_return,2010-12-01 13:20:00,0.40640732992151696,4.470605270601812
gross_return,2010-10-07 13:52:00,0.385722002856889,4.470502039428686
gross_return,2010-04-09 12:58:00,0.5738295240418637,4.470190982902519
gross_return,2010-02-09 13:27:00,0.42248354773086677,4.469817372781224
price,2010-08-02 10:48:00,0.7417475663945752,4.46910399952986
price,2010-05-28 13:15:00,0.582224148420066,4.469042553613872
gross_return,2010-08-02 10:52:00,0.38295355132750347,4.468320004752397
price,2010-10-21 10:33:00,0.639578499192307,4.467852431298032
price,2010-11-22 12:41:00,0.6600608701942812,4.46686380615265
dollar_volume,2010-06-10 13:15:00,0.2533003383350928,4.464365774014553
gross_return,2010-01-19 14:26:00,0.5472185347082867,4.462075600191664
gross_return,2010-12-06 14:19:00,0.4406232732245715,4.46042568054589
price,2010-03-11 15:42:00,0.7236888718390195,4.454843283768547
price,2010-01-13 11:56:00,0.797880570913454,4.453580759108105
gross_return,2010-05-28 12:48:00,0.2829548669467589,4.453284248873055
gross_return,2010-12-21 14:15:00,0.8289039915351809,4.452144957840629
gross_return,2010-02-09 12:58:00,0.38783150343279826,4.4519955736930195
price,2010-01-13 12:00:00,0.8112053818213298,4.450676232112133
price,2010-05-28 13:11:00,0.5717900637971818,4.449990550243615
price,2010-05-26 15:39:00,0.48350707873113136,4.445978137747097
gross_return,2010-01-27 14:27:00,0.40924496014921286,4.445592678260215
dollar_volume,2010-02-05 14:05:00,0.2854465028050933,4.445058648083767
gross_return,2010-04-09 13:02:00,0.5804146171464915,4.444853189705463
price,2010-05-26 15:34:00,0.4729329336341066,4.443935697329296
dollar_volume,2010-09-21 14:47:00,0.2922840883864393,4.44387835700018
gross_return,2010-05-28 12:54:00,0.28849924614251987,4.439143254406468
gross_return,2010-12-01 13:19:00,0.4028437577129807,4.436552184926937
gross_return,2010-12-13 13:46:00,0.5242256089136428,4.435516416399313
price,2010-05-12 10:32:00,0.5092129098017943,4.434404064703977
gross_return,2010-12-13 13:45:00,0.52208654386386,4.434209756607559
dollar_volume,2010-05-28 13:57:00,0.2687635873098919,4.433712785079925
gross_return,2010-02-09 12:59:00,0.38805638963118627,4.431521566434304
price,2010-10-04 12:38:00,0.7075344450469683,4.429560955102182
gross_return,2010-12-21 14:16:00,0.8289039272622842,4.427563838098459
dollar_volume,2010-09-21 14:50:00,0.29470783056843114,4.427179279452972
gross_return,2010-08-10 13:39:00,0.38801920290331393,4.42660477202074
price,2010-07-07 13:39:00,0.5583569440783207,4.425801489216219
gross_return,2010-04-09 13:01:00,0.5763415182975509,4.425473299147649
gross_return,2010-10-12 14:14:00,0.5366920872276358,4.423660372611782
price,2010-05-28 12:52:00,0.5354514270952689,4.423360514276611
gross_return,2010-08-02 10:53:00,0.38175529686904575,4.423239326775773
price,2010-12-16 11:41:00,0.7676597755035189,4.421653425672844
gross_return,2010-10-07 13:45:00,0.37194363565687627,4.421307187465781
dollar_volume,2010-09-21 14:38:00,0.28205172480985696,4.421179547694294
gross_return,2010-04-09 13:03:00,0.5804144169760749,4.420218686203093
gross_return,2010-10-11 13:43:00,0.44842080935270723,4.41627320363823
gross_return,2010-08-02 10:54:00,0.38273978137347464,4.416224678825993
gross_return,2010-12-06 14:21:00,0.44062331393346726,4.415791428007539
dollar_volume,2010-09-21 14:42:00,0.28557174008537245,4.415453171626663
price,2010-11-09 12:38:00,0.7040251080518973,4.412923015421502
gross_return,2010-12-21 14:18:00,0.8333631061084774,4.411473040979737
gross_return,2010-03-04 12:58:00,0.405031094630841,4.4109279836730515
gross_return,2010-04-05 12:08:00,0.41415094394601926,4.408778627001402
gross_return,2010-09-01 13:21:00,0.3928546639573868,4.40806937270881
price,2010-05-17 12:19:00,0.5706466247592493,4.405451186309779
price,2010-05-28 12:53:00,0.5359261136744298,4.404566527727778
gross_return,2010-12-21 14:17:00,0.8289039272622845,4.403248000454117
dollar_volume,2010-09-21 14:39:00,0.2821800645413845,4.4005022221266845
dollar_volume,2010-06-10 13:38:00,0.2609843397056435,4.396798309466335
gross_return,2010-12-06 14:22:00,0.44062839496091727,4.3935752446284235
gross_return,2010-08-02 10:55:00,0.38274932959649555,4.392334436257611
price,2010-12-16 11:40:00,0.7626216819855101,4.390546003599799
gross_return,2010-03-04 12:59:00,0.4050314800878203,4.388174585593359
price,2010-09-01 10:52:00,0.8269773388451935,4.386814520671406
gross_return,2010-04-05 12:10:00,0.4156038481076858,4.384656082864795
dollar_volume,2010-12-31 13:08:00,0.3129718076325792,4.382303597722855
gross_return,2010-08-10 14:26:00,0.4364662949240377,4.378996931258439
price,2010-11-22 12:40:00,0.6484800119166199,4.3785729349651765
dollar_volume,2010-04-19 13:21:00,0.27047764861107,4.377937339743441
gross_return,2010-10-11 13:39:00,0.4393184136236686,4.376647331253682
gross_return,2010-06-23 14:23:00,0.38273008999380526,4.376306155371303
price,2010-11-19 14:18:00,0.607829308976031,4.376057383088717
price,2010-10-21 10:39:00,0.6458218319366383,4.3751931848500725
price,2010-05-28 13:08:00,0.5579849356942422,4.373063746286757
price,2010-05-28 12:45:00,0.516054377235058,4.372819351126714
dollar_volume,2010-06-10 13:39:00,0.2609562610344191,4.37254916204532
price,2010-10-21 10:38:00,0.6429692615111765,4.369525108806698
gross_return,2010-06-23 14:16:00,0.37084851419495485,4.36805728080032
gross_return,2010-12-21 14:19:00,0.8305443928518598,4.367392498136133
gross_return,2010-12-21 14:20:00,0.8333607747023628,4.364227946635538
dollar_volume,2010-12-31 13:09:00,0.3130694089267577,4.362240137513041
gross_return,2010-08-02 10:56:00,0.38237514272934525,4.362117454177674
gross_return,2010-09-01 13:16:00,0.3835665806865327,4.361784378646697
gross_return,2010-03-05 13:40:00,0.5256106646978123,4.360784459219083
gross_return,2010-08-10 14:27:00,0.4364797936737963,4.356506326144807
price,2010-11-09 12:40:00,0.7029676331579309,4.354644249499338
price,2010-03-11 15:34:00,0.6956521831487616,4.351993449590494
gross_return,2010-02-02 14:12:00,0.39000045486581075,4.346718767689174
gross_return,2010-12-06 14:20:00,0.43443165482947743,4.346651849557587
price,2010-10-04 12:39:00,0.7008460673658989,4.345676206350032
gross_return,2010-03-04 12:56:00,0.39848483761523684,4.344718479624618
gross_return,2010-11-03 14:22:00,0.4736487883613013,4.343535138381123
price,2010-12-01 12:17:00,0.8915630681172166,4.341857609856405
gross_return,2010-04-14 13:36:00,0.5222795112751853,4.341823253070128
gross_return,2010-12-21 14:21:00,0.8333605156701918,4.341001013912156
gross_return,2010-04-09 12:59:00,0.5642473407034801,4.340799088672948
price,2010-08-02 10:33:00,0.6887468613881305,4.340778371643389
gross_return,2010-09-01 13:17:00,0.3835615354586148,4.339377243026352
price,2010-07-01 12:47:00,0.4878020528904407,4.336821634924112
price,2010-11-22 12:38:00,0.6395083314294076,4.3360281308047055
gross_return,2010-04-14 13:38:00,0.5253947163977699,4.3358313870701854
gross_return,2010-04-05 12:09:00,0.41107858205822145,4.335341628654141
price,2010-10-04 12:33:00,0.683310526964725,4.334594582779744
price,2010-08-02 10:49:00,0.728453782051771,4.333470041419411
price,2010-11-22 12:42:00,0.6486823719176757,4.332671182449396
gross_return,2010-04-05 12:11:00,0.41372282354512635,4.330990716030426
price,2010-08-02 10:50:00,0.7306336834372512,4.329431579404459
price,2010-12-16 11:42:00,0.7577549772208101,4.328788042793203
gross_return,2010-12-21 14:26:00,0.8474720028459516,4.328252723449283
price,2010-05-28 12:43:00,0.5091451454338548,4.3262153235152
gross_return,2010-02-02 14:13:00,0.39014172380874645,4.326118655792598
gross_return,2010-12-21 14:25:00,0.8440175413351889,4.326022060008161
gross_return,2010-05-28 12:58:00,0.2884120429905993,4.324913916656855
price,2010-12-16 11:39:00,0.7532948450508176,4.324306777698864
price,2010-12-01 12:04:00,0.833439145276188,4.322378991397022
price,2010-03-11 15:44:00,0.7148033647039268,4.321956233719373
dollar_volume,2010-07-21 14:43:00,0.2800749885419335,4.319378704055419
gross_return,2010-12-21 14:22:00,0.8333605156701918,4.318081295863167
price,2010-11-22 13:00:00,0.6753682981812132,4.31778667342341
gross_return,2010-04-09 13:00:00,0.5642473407034801,4.317737985423212
gross_return,2010-09-01 13:18:00,0.3835695103998642,4.317712297045197
gross_return,2010-08-02 10:57:00,0.3811159823527706,4.317389506151574
dollar_volume,2010-09-21 14:55:00,0.29482175258649934,4.3173796676671286
gross_return,2010-01-19 14:27:00,0.5367077887458984,4.317090846546565
price,2010-11-22 13:02:00,0.6802807434251534,4.317082406712797
gross_return,2010-01-19 14:35:00,0.5509351653275956,4.314859305363772
gross_return,2010-04-14 13:39:00,0.5253953431185708,4.314391076686024
gross_return,2010-04-14 13:37:00,0.5216793100485391,4.312642686155313
gross_return,2010-01-27 14:33:00,0.39301905625188055,4.310925364984794
price,2010-05-28 13:12:00,0.5610508420649052,4.308957030349248
dollar_volume,2010-03-23 11:08:00,0.2660218694186852,4.308633117181444
gross_return,2010-01-27 14:28:00,0.3994726000685092,4.308040134183645
dollar_volume,2010-03-23 11:12:00,0.2688403913702072,4.303371527368551
dollar_volume,2010-12-09 15:52:00,0.2746691060699637,4.30061146745995
gross_return,2010-12-13 13:52:00,0.5251557227527921,4.300474796163408
price,2010-11-22 13:03:00,0.6809419123521352,4.300303479001624
price,2010-05-28 13:14:00,0.5643190276947561,4.300152820626674
gross_return,2010-07-09 14:13:00,0.3319911447418042,4.299143112569164
price,2010-11-22 12:39:00,0.6379801112803316,4.298599705076694
price,2010-05-03 12:45:00,0.7995299051733511,4.298533966321118
gross_return,2010-10-12 14:18:00,0.5330496283629759,4.296386757747378
gross_return,2010-12-21 14:24:00,0.8364717692505484,4.295143695157124
gross_return,2010-08-02 10:58:00,0.3811219533582873,4.2947599352843655
gross_return,2010-01-19 14:28:00,0.5365243110009348,4.293652413780166
gross_return,2010-12-13 13:50:00,0.520760852867989,4.293557020607722
price,2010-05-28 12:59:00,0.5371659906550365,4.291937341361242
gross_return,2010-01-27 14:32:00,0.3929688912155662,4.290959774484153
price,2010-11-29 14:49:00,0.7707612171925813,4.287006593211551
price,2010-01-13 12:01:00,0.7932433688599915,4.285692135508891
gross_return,2010-08-02 10:42:00,0.35884808452262185,4.285282562775936
price,2010-07-07 13:25:00,0.5189395598468721,4.281518672971746
gross_return,2010-02-09 13:28:00,0.41152502297743626,4.280305298175427
gross_return,2010-12-13 13:53:00,0.5253090108895129,4.279756980138742
price,2010-11-22 13:01:00,0.6736026613500139,4.279028523612719
gross_return,2010-11-03 14:23:00,0.4705190754630496,4.278488953044091
price,2010-05-12 10:36:00,0.49934525350332093,4.27665371908869
gross_return,2010-01-19 14:30:00,0.5386357370390281,4.275829227916819
price,2010-05-28 12:54:00,0.5267756228188738,4.27418382616405
gross_return,2010-01-19 14:29:00,0.5366483467994381,4.27394361585922
dollar_volume,2010-09-21 14:49:00,0.2869185133492738,4.272572479752575
gross_return,2010-10-12 14:15:00,0.5256796620941948,4.272020988836717
price,2010-05-28 13:21:00,0.5792297788953114,4.27147283215754
gross_return,2010-12-13 13:51:00,0.5207609643006057,4.271158237114893
gross_return,2010-09-01 13:20:00,0.38346740641051535,4.270226701855355
price,2010-07-07 13:38:00,0.5424184994377788,4.266692360164444
price,2010-05-03 12:46:00,0.7974740936210071,4.265282026963288
gross_return,2010-12-21 14:23:00,0.8288998517920096,4.264166739401262
gross_return,2010-10-07 13:33:00,0.34532181452139843,4.2621464964827185
price,2010-10-04 12:40:00,0.6939460277579642,4.2615663040979666
gross_return,2010-12-21 14:27:00,0.8408921128343241,4.261052317768589
gross_return,2010-02-02 14:09:00,0.3808268239469425,4.257870689761472
price,2010-12-16 11:43:00,0.7506148984372623,4.2578130325385795
dollar_volume,2010-05-28 13:59:00,0.26366591072795853,4.2574950412394665
price,2010-05-28 13:00:00,0.5359275408996766,4.256791266812473
gross_return,2010-01-19 14:31:00,0.5386357370390277,4.255226871899165
gross_return,2010-11-03 14:24:00,0.4699632202035785,4.2491900850686495
dollar_volume,2010-10-21 14:34:00,0.23175817615289904,4.248638752495887
price,2010-12-16 11:57:00,0.7693476890799905,4.247830790796367
gross_return,2010-03-05 12:20:00,0.41787333152721495,4.247032321925401
gross_return,2010-01-27 14:18:00,0.4051433132658332,4.246227551058128
dollar_volume,2010-09-21 14:58:00,0.2942866633818019,4.245759852572142
price,2010-08-17 13:31:00,0.6469906338673292,4.243477068706925
price,2010-09-01 10:53:00,0.8101504778465491,4.242109608168072
price,2010-09-23 15:00:00,0.693305445670851,4.241276508988616
gross_return,2010-03-05 12:21:00,0.4185845201215719,4.236992784313613
dollar_volume,2010-07-21 14:42:00,0.275638246161356,4.236460873123503
gross_return,2010-02-02 14:10:00,0.3808263955658634,4.235993276483223
gross_return,2010-03-05 12:19:00,0.4156289722832031,4.23303492359484
gross_return,2010-09-01 10:50:00,0.36690692669025643,4.231679812697935
price,2010-08-25 15:13:00,0.6726835125121051,4.230031411570728
dollar_volume,2010-12-23 13:51:00,0.306877414248941,4.229970121719254
gross_return,2010-03-05 12:18:00,0.41404099806509553,4.229466463885543
gross_return,2010-03-02 13:55:00,0.41239659181001936,4.229060934714017
dollar_volume,2010-06-10 13:14:00,0.24358470167936186,4.225937387139289
dollar_volume,2010-10-21 14:35:00,0.2316815990066266,4.224627451224843
dollar_volume,2010-09-21 14:59:00,0.2942914983936984,4.224148609852796
price,2010-04-06 14:32:00,0.7196850376895787,4.2220249923409305
price,2010-12-16 11:54:00,0.763425945002977,4.222023306669735
price,2010-05-12 10:35:00,0.4939969264064379,4.2196646846737575
gross_return,2010-10-06 12:23:00,0.3313266152272134,4.2157760142213085
price,2010-03-11 15:36:00,0.6861421559374181,4.215128924924899
gross_return,2010-02-02 14:11:00,0.38082762934499503,4.214467223777556
price,2010-08-02 10:46:00,0.7059351501475034,4.213451227640245
price,2010-03-23 15:22:00,0.7372114009669715,4.210481998793151
gross_return,2010-12-21 14:28:00,0.8364660211047859,4.209952469770604
gross_return,2010-03-05 12:23:00,0.41942871460719916,4.208688136158556
price,2010-11-22 12:37:00,0.6242862461933802,4.208279075233045
dollar_volume,2010-07-21 14:41:00,0.27345049549131095,4.205211460846299
price,2010-09-20 10:44:00,0.6118626252557537,4.204800510854642
price,2010-07-07 13:57:00,0.5862639247925798,4.203201228174615
dollar_volume,2010-03-02 14:37:00,0.28197970115894105,4.203096976685243
price,2010-12-16 11:44:00,0.7455177045035578,4.20300963488908
gross_return,2010-05-28 12:49:00,0.2735973491109285,4.202427144833425
price,2010-11-22 13:04:00,0.6723536580971997,4.201278696870352
gross_return,2010-09-01 10:51:00,0.36638739196247627,4.200841109432695
price,2010-10-21 10:42:00,0.6347578447466128,4.199648079986857
price,2010-11-29 14:46:00,0.7493113493399765,4.198218319897098
price,2010-11-29 14:50:00,0.7616692367205734,4.195677038470684
dollar_volume,2010-07-30 11:47:00,0.2686777458257953,4.194886129899059
gross_return,2010-03-04 12:57:00,0.39085302001497324,4.194167863882695
price,2010-12-16 11:46:00,0.7478901501255222,4.193634919483289
price,2010-05-28 12:58:00,0.5267384952243834,4.192957517588128
price,2010-03-05 14:58:00,0.5885070380970032,4.191726161041051
price,2010-07-07 13:37:00,0.5339989294442773,4.191525763098308
dollar_volume,2010-09-21 14:53:00,0.2872719831874813,4.190855344607677
dollar_volume,2010-05-28 12:37:00,0.2278674984144642,4.190116789193177
price,2010-02-11 12:24:00,0.7107448384754692,4.18909614802763
gross_return,2010-01-27 14:29:00,0.3908842494872239,4.188916727144001
price,2010-05-28 13:13:00,0.5520073268040585,4.188889630638622
gross_return,2010-08-02 12:30:00,0.3940575553176806,4.185571708625091
price,2010-08-17 13:32:00,0.643148380973235,4.1852820787701885
gross_return,2010-08-02 12:25:00,0.3859954483311545,4.185064839790406
price,2010-10-04 12:46:00,0.6985605134314372,4.184680187229385
gross_return,2010-01-19 14:34:00,0.5374673999113923,4.183715940761724
gross_return,2010-06-23 14:24:00,0.37262629096405203,4.183125598537706
gross_return,2010-09-01 10:52:00,0.36654638890090174,4.182603076926136
gross_return,2010-10-11 13:44:00,0.4337816035093314,4.181931311160016
price,2010-05-12 10:37:00,0.4925311245939834,4.181720467966373
gross_return,2010-08-02 10:43:00,0.35433607943045936,4.1813310136506585
price,2010-12-16 11:53:00,0.756910975653023,4.180742435743496
price,2010-12-01 11:59:00,0.7995842716732636,4.178953055355924
dollar_volume,2010-05-28 13:54:00,0.2560258843318307,4.1784459186733915
price,2010-05-28 12:56:00,0.5219595547684237,4.177193033039374
price,2010-12-16 11:48:00,0.7492482214329597,4.176898266840858
price,2010-10-04 12:32:00,0.6639723019776171,4.176062861221648
price,2010-12-16 11:45:00,0.743829663551002,4.175346377887049
gross_return,2010-12-03 13:59:00,0.419888260835785,4.174460414812344
gross_return,2010-10-22 13:55:00,0.3853263904589137,4.172364370145505
dollar_volume,2010-03-10 15:05:00,0.24845735270318015,4.171409157706052
price,2010-05-12 10:34:00,0.4893099737477619,4.169793532889435
price,2010-01-13 11:51:00,0.7493007934992043,4.169695758471487
dollar_volume,2010-09-21 14:51:00,0.28434105468416976,4.169392128679157
price,2010-05-28 12:55:00,0.519490119841958,4.168623491191414
price,2010-12-01 12:07:00,0.8218915625019291,4.167613994685547
price,2010-12-16 11:47:00,0.746073688686155,4.164913969796894
price,2010-10-12 14:24:00,0.7701965732170425,4.164461887357616
gross_return,2010-10-22 13:56:00,0.38597361111659434,4.162965168322821
price,2010-08-25 15:18:00,0.6783611987386442,4.161228798692117
gross_return,2010-02-09 13:00:00,0.37355164576697397,4.160234388983174
price,2010-12-16 11:52:00,0.7526136597261491,4.156870764147726
price,2010-10-04 12:45:00,0.6928325952754197,4.155403843834182
price,2010-07-01 12:53:00,0.4818294325114677,4.155083868660464
price,2010-01-13 12:03:00,0.7816048072154317,4.154979982827476
gross_return,2010-01-19 14:40:00,0.5443736242809825,4.154723967588954
price,2010-12-01 12:18:00,0.8659243342495024,4.154340767578494
price,2010-04-06 14:31:00,0.7092697891976697,4.152447463403088
gross_return,2010-12-13 13:54:00,0.5162175359122217,4.152229012894907
gross_return,2010-01-19 14:36:00,0.5379730778936755,4.14863686376557
price,2010-09-23 14:59:00,0.6810822553847411,4.147803734099967
price,2010-10-21 10:49:00,0.6428337696996782,4.1461041917249295
price,2010-10-21 10:48:00,0.6407452483199494,4.145191417918979
price,2010-11-09 12:41:00,0.6818301750388533,4.144577902796
gross_return,2010-12-21 13:57:00,0.7417969314106064,4.14236517087901
dollar_volume,2010-04-28 11:28:00,0.2455090511788474,4.141913835108958
price,2010-10-21 10:44:00,0.632953843310017,4.141414406333308
price,2010-10-21 10:43:00,0.6308336693768164,4.141355392643541
gross_return,2010-04-09 12:44:00,0.5169507008934071,4.141270964201292
price,2010-10-04 12:41:00,0.6827244546601252,4.140842362881302
gross_return,2010-01-19 14:38:00,0.5407008723504765,4.140779359021405
gross_return,2010-01-19 14:41:00,0.5443736242809825,4.140406247464665
price,2010-02-11 12:14:00,0.6864101818389081,4.138860937755322
dollar_volume,2010-12-31 13:10:00,0.3034609813998498,4.137972882893424
price,2010-12-16 11:58:00,0.7566430680631951,4.135417615555757
price,2010-05-28 12:57:00,0.5199183192636371,4.134147472505911
dollar_volume,2010-01-28 12:34:00,0.2634286403708607,4.133681243177437
gross_return,2010-02-09 13:01:00,0.37314158001532044,4.133151312134822
price,2010-11-29 14:51:00,0.7561176116186251,4.132808775190334
price,2010-10-21 10:41:00,0.6256550309844912,4.132636482197771
gross_return,2010-04-14 13:40:00,0.511874180041575,4.132011692513839
gross_return,2010-03-04 13:00:00,0.3908545255954938,4.132009666771609
gross_return,2010-05-06 15:01:00,0.3904680064129381,4.131117489127614
gross_return,2010-12-21 14:29:00,0.8276374666662991,4.129605924274635
gross_return,2010-01-19 14:37:00,0.5379733710608952,4.129444460101126
price,2010-07-07 13:24:00,0.5047419970174353,4.128799685892817
price,2010-11-22 12:43:00,0.6296536491672895,4.1279352003546945
price,2010-08-25 15:12:00,0.6591856633727123,4.1277800163504255
price,2010-05-26 15:33:00,0.4485011214103558,4.127501568258421
price,2010-10-21 10:34:00,0.6078904762744861,4.127015549915603
gross_return,2010-01-19 14:39:00,0.5404782635075411,4.12535173398698
dollar_volume,2010-12-10 12:23:00,0.27525510940030706,4.124886857828173
gross_return,2010-05-26 14:35:00,0.26731458090059884,4.12470756146187
price,2010-11-22 13:05:00,0.6659904171266628,4.123787236549012
price,2010-02-11 12:11:00,0.6787079879887713,4.122922028819828
gross_return,2010-10-11 13:38:00,0.4208070843873251,4.122479783810504
gross_return,2010-03-08 13:59:00,0.5342444729997411,4.119661536823234
gross_return,2010-03-05 12:22:00,0.41225551378184566,4.118014250027914
price,2010-09-15 15:54:00,0.6287637997306987,4.117278632087101
gross_return,2010-10-06 12:26:00,0.3291042163219745,4.116991169567581
price,2010-09-23 15:01:00,0.6805308069075969,4.1144304994731975
price,2010-12-16 11:51:00,0.7458770536303161,4.113713635356856
gross_return,2010-12-03 13:58:00,0.41438797714687525,4.112739562320796
price,2010-03-05 14:57:00,0.579337407094136,4.112598210486778
gross_return,2010-01-19 14:32:00,0.527749778283949,4.111173562933496
gross_return,2010-04-23 15:37:00,0.4046279767317197,4.110143505195956
price,2010-04-07 13:17:00,0.766152065200985,4.109282142272348
price,2010-11-19 14:17:00,0.58046529793708,4.106757394271004
gross_return,2010-11-12 13:56:00,0.39727300036723745,4.106308917154616
price,2010-03-23 15:21:00,0.7224707022415233,4.104592222780387
gross_return,2010-10-22 14:01:00,0.38984836785675814,4.103781156818169
dollar_volume,2010-11-02 15:56:00,0.2270765795785887,4.101763419969218
price,2010-11-22 12:44:00,0.6285500727141974,4.097379262097186
gross_return,2010-10-07 13:53:00,0.3656377659874052,4.097338692375579
price,2010-05-03 12:47:00,0.7773092036268191,4.095880973416394
dollar_volume,2010-04-28 13:03:00,0.2640083471050717,4.093113882498688
gross_return,2010-12-21 14:30:00,0.8249392829146658,4.092250499102236
gross_return,2010-07-09 14:16:00,0.32506472680713333,4.091818004217004
price,2010-11-22 12:59:00,0.6483537796222283,4.091370066293473
gross_return,2010-11-12 13:57:00,0.397501021872345,4.09015382266269
price,2010-11-29 14:52:00,0.75295042646379,4.088985611936572
dollar_volume,2010-12-10 12:22:00,0.272911404794874,4.088394227260888
price,2010-11-29 14:53:00,0.7553393334987025,4.087654742008565
gross_return,2010-12-13 14:01:00,0.5257451583632446,4.087373427714894
price,2010-07-01 12:48:00,0.4702985326891833,4.087135060907315
gross_return,2010-10-11 13:36:00,0.4158719158972997,4.085970196402283
price,2010-08-02 10:51:00,0.7039303272072313,4.085807628019889
gross_return,2010-03-17 13:31:00,0.5067828990325212,4.084619100368773
gross_return,2010-04-14 13:41:00,0.5092828277331606,4.082536871636247
gross_return,2010-12-13 13:55:00,0.5118907515545992,4.081903929100097
gross_return,2010-01-19 14:33:00,0.5267711006676027,4.081620937204793
gross_return,2010-04-23 15:47:00,0.41092522796156566,4.07975024473377
gross_return,2010-12-21 13:58:00,0.736328787851097,4.079443361992508
price,2010-10-21 10:46:00,0.6301630701482144,4.078497737033419
price,2010-01-13 11:50:00,0.7356795744892648,4.076706617592161
dollar_volume,2010-06-10 13:24:00,0.24154112855775653,4.075363827221991
price,2010-12-16 11:50:00,0.739710240699254,4.074895583064559
gross_return,2010-04-23 15:36:00,0.4012168956967064,4.073682113208381
dollar_volume,2010-08-16 11:18:00,0.26179546856206426,4.073405762794134
dollar_volume,2010-10-11 15:51:00,0.22910804341841043,4.073220778035769
dollar_volume,2010-09-21 14:54:00,0.28287353732756965,4.072190277271497
price,2010-05-17 12:20:00,0.5417639893490203,4.071946229467647
price,2010-07-07 13:36:00,0.5218673678378699,4.071749228686004
gross_return,2010-12-13 14:02:00,0.5259148922316971,4.069738265097336
price,2010-02-11 12:15:00,0.6804425952656653,4.068577566841333
price,2010-03-10 14:46:00,0.6264726212433238,4.067726378590465
price,2010-10-21 10:47:00,0.6306355599172054,4.067503040691348
price,2010-09-21 14:47:00,0.6675768359120008,4.066542517360471
gross_return,2010-03-04 13:02:00,0.38896864202029885,4.065854413819942
price,2010-10-04 12:31:00,0.6501723588631563,4.065523817242564
price,2010-03-26 12:37:00,0.7214461043372277,4.064457834169153
price,2010-09-15 15:55:00,0.6253624889129097,4.063857416446496
price,2010-10-04 12:47:00,0.6868786571631584,4.062996982498265
price,2010-12-01 12:22:00,0.8635133314499733,4.062805034669413
price,2010-03-11 15:45:00,0.6886987209267007,4.062655064171951
gross_return,2010-08-02 12:24:00,0.3773136192994013,4.062297750986854
gross_return,2010-12-13 14:03:00,0.5269076405320623,4.06141043018723
gross_return,2010-12-21 13:59:00,0.73632869047442,4.060041106938973
gross_return,2010-07-09 14:11:00,0.31809024412268266,4.059514032760347
price,2010-12-01 12:03:00,0.7928791280220081,4.059171078513965
dollar_volume,2010-03-10 15:11:00,0.248784029393993,4.058811160863657
dollar_volume,2010-03-26 14:05:00,0.27277649739360815,4.058603576090616
gross_return,2010-12-21 14:00:00,0.7386049518607283,4.058562601082803
dollar_volume,2010-09-21 14:56:00,0.2839740216670543,4.055775561569751
price,2010-05-28 13:07:00,0.5275707051042593,4.055569264985197
dollar_volume,2010-06-10 13:25:00,0.2414992266512698,4.055149689323719
gross_return,2010-03-17 13:30:00,0.5026665489052615,4.054900937264144
gross_return,2010-12-13 13:56:00,0.5112065129331038,4.054574052840162
price,2010-11-22 13:06:00,0.6602637159963965,4.0532214872032695
gross_return,2010-12-13 14:06:00,0.5307729987071356,4.048852489382882
price,2010-02-11 12:16:00,0.6802257780428695,4.048419438781528
gross_return,2010-03-04 13:01:00,0.386804315561163,4.047248317667968
gross_return,2010-10-22 14:02:00,0.3875573550474439,4.047191033588091
dollar_volume,2010-12-23 13:50:00,0.2971877207767398,4.045642416805698
gross_return,2010-01-19 14:42:00,0.5369848694888288,4.045599432327913
price,2010-11-22 15:24:00,0.7200325503381041,4.044756752380464
price,2010-02-11 12:17:00,0.6818477738221718,4.044202712455012
gross_return,2010-08-10 14:28:00,0.4165058465149529,4.043389373466673
price,2010-07-01 12:54:00,0.47444847996214823,4.043108885593425
dollar_volume,2010-04-28 13:00:00,0.259823913795112,4.04183920028506
gross_return,2010-04-23 15:38:00,0.4012875988025671,4.040972525217101
price,2010-01-27 14:47:00,0.7758671148390696,4.039962403523439
dollar_volume,2010-07-21 14:40:00,0.2655598235667088,4.039291331186758
dollar_volume,2010-09-21 14:20:00,0.25741287694276194,4.0372253793497
price,2010-11-29 14:54:00,0.7511049588924984,4.036378398238912
price,2010-12-01 12:21:00,0.8560262400186766,4.03441559130213
price,2010-12-16 11:49:00,0.7330420906198764,4.034193368480841
dollar_volume,2010-03-10 15:08:00,0.2458481919030378,4.033425675038061
price,2010-05-26 15:30:00,0.4379815719169646,4.033066970246267
dollar_volume,2010-11-23 15:58:00,0.2787327238965968,4.032222638732965
price,2010-10-04 12:42:00,0.6724573091442281,4.030672437464643
dollar_volume,2010-05-28 12:52:00,0.24370022246448114,4.030380083479108
price,2010-03-08 13:37:00,0.615998148264014,4.0284366696920175
gross_return,2010-05-28 13:14:00,0.2853558414804908,4.026999104823449
price,2010-03-11 15:37:00,0.6682700592335553,4.02697351142942
price,2010-07-01 12:55:00,0.47423430323841237,4.026183324826037
price,2010-10-21 10:45:00,0.6226856564978126,4.025122682572124
price,2010-05-28 12:42:00,0.48305129008994485,4.0239579069486515
price,2010-05-12 10:33:00,0.47704273149899284,4.02261171510117
dollar_volume,2010-03-12 15:53:00,0.2471063393860266,4.020510377377138
price,2010-08-02 10:37:00,0.66253679779003,4.020075762918967
price,2010-01-27 14:46:00,0.7705735062562198,4.019706443470146
dollar_volume,2010-05-28 13:53:00,0.2491690915649382,4.019497279277056
price,2010-08-02 10:38:00,0.664474618899501,4.01868497943497
price,2010-11-22 15:26:00,0.7213988425541707,4.018607303566276
gross_return,2010-02-09 13:29:00,0.39556454527503854,4.017919215852713
gross_return,2010-04-09 12:43:00,0.5047500801645437,4.017262122449131
dollar_volume,2010-04-19 13:20:00,0.2551959173431399,4.017116593729672
gross_return,2010-10-22 14:03:00,0.3868221188904298,4.016772742082195
dollar_volume,2010-10-11 15:52:00,0.22774143652644457,4.015147636041033
price,2010-05-17 12:16:00,0.5292849594237946,4.014270626514229
dollar_volume,2010-03-26 14:06:00,0.2716115070388922,4.012644861507749
dollar_volume,2010-12-10 12:24:00,0.2712499856183909,4.011966569530677
dollar_volume,2010-01-29 14:11:00,0.25853257508461225,4.011609911580747
price,2010-05-17 12:14:00,0.5256639897236428,4.01095702592838
price,2010-12-16 11:59:00,0.7422449927316209,4.010714743896283
price,2010-02-11 12:25:00,0.6916240271404943,4.009170259091999
gross_return,2010-01-14 13:31:00,0.5070199647396378,4.009043416262955
price,2010-02-23 10:39:00,0.7780460864685438,4.0087992586361825
price,2010-11-22 15:25:00,0.7177011444435769,4.00742849343802
price,2010-07-07 13:35:00,0.5145666460965914,4.006168213291198
dollar_volume,2010-12-31 13:05:00,0.2925580340576749,4.005633741276742
gross_return,2010-11-18 10:58:00,0.38999634002995837,4.005213682967739
dollar_volume,2010-06-10 13:23:00,0.2381949638668494,4.005009657382648
price,2010-12-01 12:19:00,0.8457235737475495,4.004882307304768
gross_return,2010-10-12 14:16:00,0.5043365579349482,4.003878613362644
price,2010-11-29 14:55:00,0.7492229866557301,4.003511890720438
price,2010-11-22 13:07:00,0.6567074484462313,4.002785012931722
gross_return,2010-02-09 13:30:00,0.3955631112298754,4.002243217308254
price,2010-08-02 10:42:00,0.6706182355559838,4.000564485104925
gross_return,2010-12-13 14:00:00,0.5162699325425371,4.000081486982876
price,2010-10-04 12:48:00,0.6815895442263049,3.9987862148538262
dollar_volume,2010-06-10 13:37:00,0.2445464285206756,3.998042728796062
price,2010-10-21 10:53:00,0.6343079596774189,3.9975981939629373
gross_return,2010-10-07 13:32:00,0.3307472016813077,3.994979353231621
price,2010-05-17 12:17:00,0.5291235534144076,3.9942391410676943
price,2010-08-02 10:32:00,0.6481755582643409,3.9941982793863926
price,2010-04-07 13:20:00,0.7583572460959734,3.9936061400901774
price,2010-08-17 13:30:00,0.6188785644053333,3.9934080021885032
gross_return,2010-02-09 13:31:00,0.39598431583106286,3.9931341669394698
gross_return,2010-02-02 14:08:00,0.3640781997650771,3.9921398492135234
gross_return,2010-01-14 13:32:00,0.5070195369401392,3.990538596691675
price,2010-02-11 12:23:00,0.6849231159955125,3.9903088396385407
price,2010-05-12 12:51:00,0.4932487558484909,3.9897816646875772
price,2010-05-11 13:56:00,0.5026382171783295,3.9892744336324695
price,2010-07-07 13:58:00,0.5671920960564105,3.9890322605112014
gross_return,2010-04-09 12:49:00,0.5116287333668104,3.9880378299288037
gross_return,2010-04-09 12:50:00,0.5130541382957091,3.9860402043904686
gross_return,2010-10-12 14:17:00,0.5043346855638258,3.9855433598739176
price,2010-01-27 14:45:00,0.7634150201815166,3.9849288321938494
price,2010-02-23 10:40:00,0.777268059732421,3.9847200486573495
price,2010-03-11 15:46:00,0.6820129866021238,3.9833193482445224
gross_return,2010-10-11 13:37:00,0.41016406643060555,3.982260569647326
price,2010-11-19 14:20:00,0.5746053555615032,3.9805606320810516
price,2010-05-17 12:18:00,0.5295083839071166,3.980276506433244
gross_return,2010-02-09 13:32:00,0.39614997152145376,3.979586482056861
dollar_volume,2010-09-21 14:22:00,0.256523468688309,3.9794246255311934
price,2010-09-15 15:53:00,0.6130286751975333,3.9792166291838154
price,2010-10-21 10:32:00,0.5887924165634755,3.9772395999641073
price,2010-11-29 14:56:00,0.7477998225195603,3.974519337601943
gross_return,2010-10-22 13:54:00,0.3726364469440471,3.9744891251196592
gross_return,2010-08-02 10:40:00,0.3397926369025506,3.973217582735918
price,2010-12-01 11:58:00,0.7680225440139005,3.972675570178978
gross_return,2010-04-05 14:15:00,0.4094351438873581,3.972060270009179
price,2010-05-28 13:22:00,0.552115392694071,3.971765072259213
price,2010-03-26 12:39:00,0.7143207059168669,3.9716835063017895
price,2010-02-23 10:41:00,0.7779010433890836,3.9711344733518086
price,2010-11-22 13:08:00,0.6551945586200392,3.9710514074997425
dollar_volume,2010-09-17 11:42:00,0.2510085237928289,3.9710422549985145
gross_return,2010-01-19 14:43:00,0.5311611276929422,3.9690642137711087
gross_return,2010-04-09 12:45:00,0.5038785913699151,3.9689024371719435
price,2010-09-23 15:02:00,0.6652427365917863,3.9683749956635066
gross_return,2010-08-18 12:43:00,0.4208335593681234,3.9676813393735038
dollar_volume,2010-03-10 15:09:00,0.24407025367943425,3.9675958612853934
price,2010-11-22 13:10:00,0.6587215791161531,3.9661045528920655
dollar_volume,2010-03-26 13:55:00,0.2641251514135074,3.965591982406553
gross_return,2010-09-24 12:43:00,0.432866584015464,3.9632554549579573
price,2010-08-02 10:41:00,0.6642095973829195,3.9628121744347236
price,2010-08-25 15:11:00,0.6388803699356477,3.9619773824223627
gross_return,2010-01-14 13:30:00,0.5015289422573581,3.9616289043013184
price,2010-09-15 15:43:00,0.5979559945913817,3.961603000813564
gross_return,2010-01-27 14:34:00,0.370293692479874,3.9614166470311463
gross_return,2010-05-28 13:00:00,0.27455586709336716,3.9609612970529398
price,2010-05-03 12:44:00,0.7533892812551579,3.9609556507789074
price,2010-11-22 13:09:00,0.6560658769404264,3.9606766863621545
dollar_volume,2010-06-23 12:04:00,0.2557443319699063,3.960150851858805
dollar_volume,2010-04-28 12:59:00,0.25590119757419355,3.959813306127983
price,2010-05-03 12:48:00,0.7613045722159728,3.959729242553864
price,2010-08-02 10:40:00,0.6618339356803189,3.9596297377457246
dollar_volume,2010-03-23 11:09:00,0.25300242944895024,3.958192928761767
price,2010-08-02 10:39:00,0.659629538595552,3.9579456332101803
price,2010-04-07 13:21:00,0.7560376202951316,3.9577912850903205
gross_return,2010-01-19 14:44:00,0.5311612306913784,3.9572648924962674
price,2010-09-15 15:56:00,0.6163204228396173,3.955857254696156
dollar_volume,2010-12-10 12:25:00,0.2696098463549763,3.955583224094531
price,2010-07-01 12:51:00,0.4640296496488173,3.9548443194103586
gross_return,2010-01-27 14:31:00,0.37349432093288837,3.954449405462614
price,2010-11-19 14:16:00,0.5645390495555351,3.9541871228797874
gross_return,2010-02-09 13:04:00,0.36556094638335784,3.9532204732152687
dollar_volume,2010-03-10 15:10:00,0.24415072423074885,3.9524999454532255
price,2010-04-06 14:30:00,0.683900821975578,3.95238626503248
gross_return,2010-11-03 14:25:00,0.44929699743535606,3.951148789305905
dollar_volume,2010-07-21 14:39:00,0.26105583050523606,3.9507977717598837
gross_return,2010-08-02 10:41:00,0.339487871438648,3.9498824572262135
gross_return,2010-05-28 12:50:00,0.26390824542597374,3.9484037352170556
dollar_volume,2010-06-23 12:05:00,0.25565087345568016,3.9471371408073135
price,2010-05-17 12:15:00,0.5214593181239034,3.946552384225878
price,2010-12-01 12:02:00,0.7742352854419134,3.946529484336425
price,2010-08-17 13:49:00,0.646858191641876,3.9454335074280222
price,2010-12-20 14:27:00,0.8681876284750797,3.944513027632007
dollar_volume,2010-05-28 14:00:00,0.2520411039690347,3.94420472649182
dollar_volume,2010-06-23 12:06:00,0.2558574692507809,3.9429506360957585
price,2010-10-21 10:52:00,0.6264485903691938,3.9427703975368784
price,2010-04-07 13:19:00,0.7496149904762633,3.942533551730118
gross_return,2010-11-03 14:26:00,0.4499702638383164,3.9424543173185858
price,2010-02-11 12:12:00,0.659655036306775,3.9384305504290475
dollar_volume,2010-06-10 13:26:00,0.23768896331144165,3.9367297215443275
dollar_volume,2010-06-22 10:35:00,0.24513244434598613,3.935959215751294
price,2010-03-05 14:56:00,0.561411301961596,3.93565139257174
dollar_volume,2010-03-02 14:38:00,0.27144220563917687,3.9350764354167502
price,2010-08-02 10:35:00,0.6487149979659141,3.9328635834454606
price,2010-01-27 14:44:00,0.7539405182101955,3.9322049050626537
gross_return,2010-01-27 14:30:00,0.3734943195921623,3.9319558433477253
dollar_volume,2010-04-19 13:19:00,0.25106540851794207,3.9313071530252874
gross_return,2010-03-04 13:07:00,0.38508049262547644,3.928377135546487
gross_return,2010-03-04 13:03:00,0.38162344269021947,3.9280325863564527
price,2010-07-07 13:34:00,0.5062825007064767,3.927862191525242
price,2010-07-26 14:57:00,0.6512803142956975,3.927651060318331
dollar_volume,2010-06-22 10:36:00,0.24538939011569014,3.9275878845130023
price,2010-07-07 13:31:00,0.5016494918563205,3.9256587289944176
price,2010-01-13 12:04:00,0.7544430443964473,3.925268525554289
price,2010-10-04 12:43:00,0.6625047443888327,3.924942648071904
dollar_volume,2010-08-31 14:08:00,0.2598481460801088,3.9229230624893137
price,2010-08-17 13:47:00,0.6408211857625614,3.9223880092865717
gross_return,2010-12-13 14:04:00,0.5160199471272771,3.922278056533674
price,2010-08-02 10:36:00,0.6492855999053038,3.92039126422734
price,2010-08-17 13:48:00,0.6423152124963966,3.9201339363054517
price,2010-08-02 10:31:00,0.6378436477285238,3.918227179628065
price,2010-03-11 15:33:00,0.6481273463233637,3.9167353255261417
dollar_volume,2010-03-17 13:26:00,0.2557656476579926,3.9161831448788273
price,2010-03-23 15:20:00,0.6983638841319648,3.915910389324731
dollar_volume,2010-04-28 13:02:00,0.2562644667422034,3.9156529020285062
dollar_volume,2010-08-16 11:15:00,0.25332047482065423,3.9132764900272687
price,2010-03-26 12:40:00,0.7093326758554573,3.913154755855122
price,2010-03-10 14:45:00,0.6093140299753306,3.912877657061485
price,2010-05-17 12:31:00,0.5421009706709993,3.9118207913602445
price,2010-09-15 15:52:00,0.6045143971826081,3.9116134338287134
price,2010-05-17 12:32:00,0.5436811409517814,3.91101215827036
gross_return,2010-10-12 14:19:00,0.5011939239676343,3.9110114764376998
gross_return,2010-04-06 15:55:00,0.46889499290469566,3.910792512890791
price,2010-12-01 12:23:00,0.8423268295872604,3.9105112210156174
price,2010-07-26 14:59:00,0.6531785664637301,3.910039147955046
gross_return,2010-10-22 13:57:00,0.3721303769107276,3.9094521915959652
price,2010-11-09 12:42:00,0.6573781325001151,3.9091085178708376
gross_return,2010-04-09 12:46:00,0.5001105355887502,3.9072086671866626
dollar_volume,2010-12-10 12:26:00,0.2682264642057257,3.9060989921910796
gross_return,2010-12-13 14:05:00,0.5160228578342334,3.9048696976138877
gross_return,2010-01-19 15:00:00,0.545572383901774,3.9025247717671636
gross_return,2010-03-05 12:17:00,0.39201717388904417,3.900117994641885
price,2010-04-07 13:18:00,0.741725837934934,3.8974126283061112
dollar_volume,2010-08-17 13:01:00,0.269939564783016,3.896691557844007
price,2010-09-21 14:48:00,0.6503454013526517,3.89611521027844
dollar_volume,2010-08-16 11:16:00,0.25325234316401857,3.8943257579689288
dollar_volume,2010-02-02 15:56:00,0.2676263035309957,3.8942179408871525
gross_return,2010-06-23 14:32:00,0.3603214760582049,3.893552160363341
price,2010-03-11 15:31:00,0.6422686108505818,3.8933441222701957
price,2010-07-07 13:33:00,0.5017432393097472,3.892194324575902
price,2010-03-11 15:38:00,0.6556623326398218,3.8910666100271087
dollar_volume,2010-09-17 11:43:00,0.24864501466820105,3.8909357493184387
gross_return,2010-10-22 13:52:00,0.3657957651861093,3.8907947890938726
gross_return,2010-07-09 14:09:00,0.3079522643642217,3.890727722292127
dollar_volume,2010-04-28 13:01:00,0.2545907634639236,3.8903251948934687
price,2010-01-13 12:02:00,0.7452318524000145,3.890255653137339
gross_return,2010-04-09 12:47:00,0.5001106004731377,3.8899437315852925
gross_return,2010-10-22 14:10:00,0.3859666801612967,3.889135751503348
dollar_volume,2010-01-28 12:31:00,0.25141476997554385,3.88839249291411
dollar_volume,2010-09-21 14:21:00,0.2522013563411165,3.887950808619714
price,2010-07-07 13:32:00,0.4999179079005277,3.88793879937759
price,2010-08-17 13:46:00,0.6351940488361423,3.8867555569765937
dollar_volume,2010-06-22 10:38:00,0.245018364245009,3.8857840428188744
price,2010-07-07 13:23:00,0.4833211535559678,3.8844608582599913
price,2010-11-29 14:57:00,0.7378755593437454,3.8827510603541815
dollar_volume,2010-11-08 10:55:00,0.23952059993790606,3.8826833820752538
price,2010-10-21 10:50:00,0.6164188536391454,3.8826439525359295
gross_return,2010-12-01 13:22:00,0.3732477974130024,3.8825453435103165
price,2010-05-17 12:21:00,0.5256460221021451,3.8806825194633263
dollar_volume,2010-07-21 14:45:00,0.2626414112196341,3.8796571258305113
gross_return,2010-10-11 13:34:00,0.3998872505253749,3.878323557978886
price,2010-08-17 13:41:00,0.6257913023738071,3.8775173644413767
price,2010-08-17 13:44:00,0.6306695491100248,3.8774195122634096
price,2010-08-17 13:29:00,0.6049316642991431,3.8766189583302197
gross_return,2010-04-23 15:48:00,0.39863166253499627,3.8759682725540165
price,2010-08-17 13:45:00,0.6319492499478085,3.873063121227128
gross_return,2010-04-09 12:48:00,0.5001109482635391,3.872924665442876
gross_return,2010-01-15 14:59:00,0.4637641441396124,3.872719105827562
dollar_volume,2010-11-23 15:46:00,0.26628116808277025,3.872662699738804
gross_return,2010-10-22 14:11:00,0.3859666801612967,3.8723029552376667
price,2010-07-22 10:39:00,0.6363288231916009,3.871856749071703
price,2010-12-01 12:20:00,0.827592834104918,3.8710824585611268
gross_return,2010-05-28 13:16:00,0.2797082142883563,3.870083982102983
price,2010-09-23 15:03:00,0.6550389520529842,3.8700534341630224
dollar_volume,2010-07-08 13:10:00,0.22492915773524408,3.869977996473813
gross_return,2010-07-09 14:10:00,0.307573443282461,3.866076260703501
gross_return,2010-04-09 12:52:00,0.5052567568771068,3.862500567824503
price,2010-07-01 13:02:00,0.4680564977873378,3.8616826188141227
price,2010-07-01 12:52:00,0.4579929523295247,3.8613361488214344
price,2010-02-11 12:26:00,0.6759535114137795,3.8609918532145313
gross_return,2010-07-09 14:20:00,0.31608447926785865,3.85953841952264
price,2010-08-25 15:08:00,0.6224394267862067,3.8591074856811987
price,2010-01-27 14:43:00,0.7417942144986733,3.8585716664158927
price,2010-07-07 13:59:00,0.5560629764300764,3.8585540578785578
gross_return,2010-10-22 14:05:00,0.37916208472205803,3.858142138159757
gross_return,2010-10-22 14:04:00,0.3780615636866105,3.856186331420336
gross_return,2010-03-04 13:06:00,0.3797150229545885,3.855323464584007
price,2010-07-07 13:30:00,0.4942401882157609,3.855271019334835
price,2010-05-03 12:49:00,0.7492562364419714,3.8551904389098124
price,2010-07-23 13:53:00,0.6084755366360571,3.8538023646001265
gross_return,2010-02-09 13:03:00,0.3586531935630374,3.853721847604781
gross_return,2010-10-11 15:43:00,0.41699163080812274,3.8533920630785112
gross_return,2010-04-09 12:51:00,0.5028202457688505,3.8514914476805067
price,2010-10-21 10:51:00,0.6146596351320806,3.850376947818298
dollar_volume,2010-11-23 15:57:00,0.269910467296816,3.84977731250197
dollar_volume,2010-09-24 15:29:00,0.29920945429376,3.8479045579816322
gross_return,2010-01-19 14:45:00,0.5220631432382231,3.847470134299521
gross_return,2010-09-01 10:53:00,0.3487419359155941,3.845162447116222
price,2010-11-22 12:36:00,0.5856355366453941,3.844931820426019
price,2010-10-12 14:25:00,0.7308199288063318,3.843696275673092
price,2010-09-20 10:42:00,0.5736487644526648,3.843184090794207
gross_return,2010-12-21 14:01:00,0.7129481190911056,3.8416245739000643
price,2010-07-09 15:18:00,0.558124827626967,3.83834537918481
gross_return,2010-10-22 13:53:00,0.3637092172621345,3.8383046724914633
gross_return,2010-01-19 14:46:00,0.5220632286790976,3.8370482543501465
gross_return,2010-03-05 12:46:00,0.4287359494038037,3.8358230524579353
price,2010-08-25 15:10:00,0.6230938829539263,3.8346500144120035
price,2010-05-28 13:23:00,0.5404026854799885,3.8344869946503777
gross_return,2010-12-14 13:13:00,0.5473261854648065,3.8344500530590455
price,2010-11-22 15:08:00,0.6714883839245132,3.833740437520265
price,2010-05-28 12:41:00,0.4663283524859626,3.8335419163881133
dollar_volume,2010-08-26 15:47:00,0.24003015465348299,3.83300320517924
gross_return,2010-12-14 13:14:00,0.5486828053626571,3.832106863597043
dollar_volume,2010-06-22 10:42:00,0.24520411370690431,3.8320030012019233
gross_return,2010-07-09 14:12:00,0.3076093453132224,3.831830424902625
dollar_volume,2010-05-07 13:14:00,0.2458838828732403,3.831722498839722
dollar_volume,2010-08-10 14:25:00,0.2460452685925901,3.831306772916629
price,2010-12-01 12:01:00,0.7553447548017637,3.830252189488699
price,2010-02-11 12:13:00,0.6489920936109751,3.829786730142668
dollar_volume,2010-12-23 13:44:00,0.28347586466054603,3.82834616986436
price,2010-10-04 12:44:00,0.6533076775474512,3.8274018532432446
price,2010-09-20 10:43:00,0.5736286425503062,3.8267927572445553
gross_return,2010-01-19 14:47:00,0.5220632286790983,3.826703639669887
gross_return,2010-06-23 14:25:00,0.35245909997515856,3.8253154975482713
dollar_volume,2010-03-23 11:10:00,0.24834862829778115,3.823599696383526
dollar_volume,2010-04-28 12:58:00,0.2499333024706408,3.8234714481612717
price,2010-07-26 14:58:00,0.6411236197491352,3.8217967002954873
dollar_volume,2010-12-31 13:04:00,0.2832133940908992,3.819414983906606
gross_return,2010-01-19 14:54:00,0.5297841386970719,3.818900583396321
gross_return,2010-12-14 13:15:00,0.5486836569005313,3.8167019280758088
gross_return,2010-01-27 14:36:00,0.3606988696567358,3.816557244107534
gross_return,2010-01-19 14:48:00,0.5220632286790976,3.816318792004699
price,2010-03-05 14:55:00,0.5489850843236763,3.8159696759498085
price,2010-05-17 12:23:00,0.5225146211439212,3.8152480812008425
price,2010-08-25 15:07:00,0.615794024340086,3.813881569877536
price,2010-07-07 13:29:00,0.48929386839997724,3.8130742405008795
price,2010-11-19 14:21:00,0.5601416174179507,3.8120613265896046
price,2010-05-28 13:06:00,0.5042205107453882,3.811985835231678
dollar_volume,2010-06-22 10:41:00,0.24388242711671151,3.8112304952166776
gross_return,2010-09-14 13:09:00,0.3844500272109467,3.810068507119575
gross_return,2010-09-01 10:59:00,0.3520241502736474,3.809199796715311
dollar_volume,2010-09-21 14:24:00,0.2510010859011394,3.8085018963317085
gross_return,2010-11-18 13:51:00,0.37722106899446406,3.8065246992688406
dollar_volume,2010-08-10 14:19:00,0.2416763980548311,3.8064421933723995
price,2010-07-26 15:00:00,0.6430464831016091,3.8053298637084843
gross_return,2010-01-19 14:55:00,0.5297841386970719,3.8050097384097312
gross_return,2010-01-27 14:35:00,0.3594285429628216,3.803499316318804
dollar_volume,2010-03-23 11:11:00,0.24817630686561926,3.8033845225880754
price,2010-03-26 12:41:00,0.6978942468784675,3.803205727363652
price,2010-03-26 12:38:00,0.6918400147485765,3.8029554125445824
dollar_volume,2010-06-23 12:03:00,0.24923942375631325,3.802420247908478
price,2010-05-26 15:32:00,0.4238331557776266,3.8018113928473234
price,2010-08-25 15:09:00,0.6177424450098284,3.80074108856373
price,2010-11-29 14:58:00,0.7290398138058891,3.8003969140637275
gross_return,2010-12-21 14:02:00,0.7096274073640065,3.7997000551501876
gross_return,2010-05-28 13:01:00,0.26824504146544503,3.799566170736874
price,2010-08-25 15:19:00,0.6389915889240803,3.799220674082591
price,2010-07-22 10:41:00,0.6314073321117865,3.7978792738296745
gross_return,2010-01-19 15:01:00,0.5367434687372404,3.7974661280672994
price,2010-09-23 15:04:00,0.6477221906163334,3.7958375581564145
gross_return,2010-01-19 15:02:00,0.537747406470813,3.7953572229638555
gross_return,2010-10-22 13:51:00,0.359302351112187,3.7950738738253498
dollar_volume,2010-12-23 13:40:00,0.27920947779225086,3.794966995568214
price,2010-05-26 15:40:00,0.43642904764860607,3.7946522463331878
gross_return,2010-01-27 14:17:00,0.3772188124510399,3.7944550344696975
gross_return,2010-03-05 12:24:00,0.39362519282590236,3.7929572404883936
gross_return,2010-09-01 10:54:00,0.3466679335024784,3.7920049201115504
gross_return,2010-01-19 14:56:00,0.5297841386970717,3.791257538541018
dollar_volume,2010-08-27 11:07:00,0.24583230923818825,3.7908798915299102
gross_return,2010-08-18 12:45:00,0.40801515927366017,3.7904060137891817
price,2010-08-17 13:39:00,0.6130211882467844,3.7893580592056746
gross_return,2010-09-01 10:55:00,0.3473783857172008,3.788854019418577
gross_return,2010-06-07 13:08:00,0.3059878712585757,3.7876835820151937
gross_return,2010-01-19 14:58:00,0.5319368490378249,3.7873168574437184
gross_return,2010-06-02 12:47:00,0.3063997889629459,3.7869216632511815
dollar_volume,2010-06-22 10:37:00,0.24070261283861039,3.7850105060879558
dollar_volume,2010-06-10 13:27:00,0.23249801153010258,3.7843259180082307
gross_return,2010-09-24 12:27:00,0.41263861233611215,3.784096176841695
gross_return,2010-12-21 14:03:00,0.7096273810953854,3.783765221051875
price,2010-03-11 15:39:00,0.6458133676574312,3.7829276651761496
gross_return,2010-04-23 15:45:00,0.3892080846432606,3.7822778171823437
gross_return,2010-01-19 14:49:00,0.520101403966344,3.7820351446674874
gross_return,2010-10-07 13:54:00,0.3484373799453774,3.7808602336278856
gross_return,2010-04-09 12:42:00,0.48325636364840924,3.7806660486646444
price,2010-09-21 14:41:00,0.6288841713771374,3.780130639831089
dollar_volume,2010-03-26 13:54:00,0.25590278819762086,3.780113678474709
price,2010-08-17 13:33:00,0.6024908130641942,3.7797859426093052
gross_return,2010-01-19 14:53:00,0.5248093191118992,3.7796664509094193
price,2010-04-22 13:22:00,0.666980340155902,3.779576341626685
gross_return,2010-01-19 15:03:00,0.537747406470813,3.779439438886984
price,2010-05-12 10:38:00,0.46079317875090764,3.779236271704406
dollar_volume,2010-07-21 14:44:00,0.2575280944804941,3.7781105819266654
gross_return,2010-01-19 14:57:00,0.5297841386970717,3.778011315327707
gross_return,2010-03-05 12:25:00,0.3936240074330205,3.7774331340159906
price,2010-12-01 12:24:00,0.8238006687402929,3.7773323646209436
gross_return,2010-03-04 13:05:00,0.374121000767898,3.7771351346738986
price,2010-05-26 15:31:00,0.42087431339561243,3.776126129529297
price,2010-04-22 13:23:00,0.6683061615137202,3.77599168677079
gross_return,2010-10-22 14:12:00,0.3808884839809503,3.775253417494396
price,2010-10-04 12:30:00,0.6174861009855618,3.7751105789201147
dollar_volume,2010-11-23 15:45:00,0.26147440253033366,3.7749102137213053
gross_return,2010-03-05 13:23:00,0.4628456716090959,3.7745987573315083
price,2010-03-11 15:30:00,0.6281902605131141,3.7735054475575365
gross_return,2010-10-22 14:07:00,0.3758357525864949,3.7731259215600836
dollar_volume,2010-03-26 14:04:00,0.2601498325108645,3.7729960245226595
gross_return,2010-02-16 15:44:00,0.43436931034960347,3.772946761673002
gross_return,2010-02-16 15:45:00,0.4354967098699203,3.7718357838888026
gross_return,2010-11-18 13:52:00,0.3759431094683971,3.771346470857631
price,2010-11-09 12:14:00,0.6013494626998801,3.771224910671382
dollar_volume,2010-09-17 11:41:00,0.24298613413469214,3.7706472207800306
price,2010-05-03 12:50:00,0.7396996763489572,3.770372443458928
gross_return,2010-08-02 10:38:00,0.327095124807262,3.769442730332048
gross_return,2010-03-04 13:04:00,0.3728312606681556,3.7692877717892306
gross_return,2010-12-21 14:04:00,0.7096273810953854,3.768084113309643
dollar_volume,2010-12-31 13:06:00,0.2822721315991673,3.7677067645107556
price,2010-08-02 10:52:00,0.6675398021585482,3.7662756759300504
gross_return,2010-11-03 14:29:00,0.4401275779859404,3.7642197496750756
gross_return,2010-01-19 14:59:00,0.5309523646333544,3.7639109103652304
price,2010-12-20 14:28:00,0.8429102445822905,3.763714379788671
gross_return,2010-04-23 15:46:00,0.38891749451002,3.7626606467240893
dollar_volume,2010-08-16 11:22:00,0.25145162435792795,3.762654561792924
gross_return,2010-02-16 15:46:00,0.43596416382245035,3.7621795442149715
price,2010-05-17 12:24:00,0.5190136176713338,3.7621500186256216
price,2010-03-26 12:42:00,0.6944478206891059,3.7599001325007686
gross_return,2010-10-22 14:13:00,0.3808882478770714,3.759730232295766
price,2010-04-22 13:25:00,0.6699025565542375,3.7595666310176084
gross_return,2010-02-09 13:33:00,0.3825817932344201,3.7595414470576687
dollar_volume,2010-07-28 12:03:00,0.25801725528679986,3.7583444680175355
price,2010-03-11 15:47:00,0.6589055500315628,3.7575330058101373
gross_return,2010-10-22 14:06:00,0.3739122435117307,3.7572956623446787
price,2010-06-01 14:18:00,0.586729123448579,3.757168661406954
gross_return,2010-01-19 14:51:00,0.5200972413120706,3.7558064623460763
price,2010-05-11 13:55:00,0.48139905915888215,3.754521512136905
price,2010-04-22 13:24:00,0.6674618809477667,3.7535205706821935
price,2010-12-20 14:26:00,0.8359604094003168,3.750798648127708
gross_return,2010-11-03 14:27:00,0.4368495137678017,3.7506258267562984
dollar_volume,2010-07-06 11:38:00,0.2186807846152546,3.750412638220112
gross_return,2010-09-01 10:57:00,0.3468295882268532,3.7484333856107876
price,2010-08-17 13:40:00,0.6101055600072869,3.747417780495835
gross_return,2010-02-16 15:47:00,0.43596416382245007,3.746728935611653
dollar_volume,2010-09-21 14:57:00,0.2707527001653532,3.7466266404351702
gross_return,2010-09-01 10:56:00,0.34584300950330327,3.7462189911066988
dollar_volume,2010-04-19 13:22:00,0.24580934614257877,3.74600720682255
gross_return,2010-08-27 11:19:00,0.35900145504552894,3.7456716925230733
price,2010-01-13 11:53:00,0.7016102572731817,3.7450240621810664
gross_return,2010-10-22 14:08:00,0.375024705164087,3.7446945494047807
dollar_volume,2010-02-25 14:35:00,0.2568837696102189,3.7433645694457542
price,2010-03-11 15:40:00,0.6431632539945318,3.7431564254912173
price,2010-03-26 12:36:00,0.6807052417228163,3.7428229868142533
price,2010-12-20 14:25:00,0.8323183621246779,3.7420961775676598
price,2010-10-04 12:19:00,0.6004561334759224,3.7420330458241153
price,2010-08-17 13:34:00,0.6001265103111806,3.7418742546934762
gross_return,2010-08-27 11:20:00,0.3595574289250873,3.740024266793146
dollar_volume,2010-09-21 14:23:00,0.24762738491487102,3.740013409875257
gross_return,2010-10-06 12:24:00,0.30907322851675767,3.7399002806559527
dollar_volume,2010-04-28 12:49:00,0.24181657321678135,3.7389206940912456
price,2010-07-23 13:54:00,0.5977413683104905,3.738540894009045
gross_return,2010-12-14 13:44:00,0.5697957318442006,3.737921053053885
price,2010-05-03 12:51:00,0.7370573002421351,3.7377833651310164
price,2010-04-07 13:16:00,0.7171170957235283,3.7361392613572
price,2010-12-01 11:57:00,0.7326885718131907,3.7358285223250633
price,2010-07-01 12:46:00,0.44140242155802445,3.7349042566962933
gross_return,2010-09-01 10:58:00,0.3468157950298543,3.733238939032939
gross_return,2010-12-14 13:21:00,0.5482649365109946,3.732562555607438
dollar_volume,2010-03-23 11:07:00,0.24264939890248344,3.7313068068734117
price,2010-05-28 13:24:00,0.5318518065844102,3.731169982779214
gross_return,2010-12-21 14:05:00,0.7067571905634865,3.730896904566279
gross_return,2010-08-02 10:37:00,0.32421632867619804,3.7307288270491084
gross_return,2010-12-14 13:23:00,0.5505520041886309,3.729988969596254
gross_return,2010-01-19 14:50:00,0.5164688395034533,3.7299139176553533
dollar_volume,2010-12-23 13:52:00,0.283946273376016,3.729863000506127
gross_return,2010-10-22 14:09:00,0.3750225521488528,3.7295324070107205
price,2010-02-11 12:10:00,0.6320534450089541,3.728840151955777
price,2010-11-02 13:23:00,0.5409675899828887,3.7273885055786042
price,2010-03-11 15:32:00,0.6266599060105327,3.7266523911508536
gross_return,2010-01-19 14:52:00,0.5184855923838304,3.7254279016915843
price,2010-03-26 12:43:00,0.6919528751103714,3.7253441467329393
dollar_volume,2010-08-16 11:21:00,0.24925649440940814,3.72502705075204
price,2010-07-23 14:02:00,0.6070851894362863,3.7241718724894297
price,2010-10-21 10:31:00,0.56209836303779,3.7238699609083623
price,2010-08-02 10:53:00,0.6642205026713849,3.723773133529772
price,2010-09-20 10:46:00,0.5681842262932021,3.721252442835841
price,2010-06-29 15:31:00,0.4701108158244102,3.721096055970332
dollar_volume,2010-07-06 15:40:00,0.22360669527270588,3.7194147915987363
price,2010-11-01 15:02:00,0.5168014537729775,3.7185753102775965
gross_return,2010-10-06 12:25:00,0.3087455949458532,3.718213259065348
price,2010-10-04 12:29:00,0.6100197463542198,3.7181298693888434
price,2010-03-11 15:41:00,0.64203126508447,3.7176955544571895
price,2010-11-19 14:15:00,0.5409659229588064,3.7166714434638495
dollar_volume,2010-06-22 10:40:00,0.2398004039542031,3.7164014795472458
price,2010-08-17 13:42:00,0.6099182265884271,3.7163500601879416
dollar_volume,2010-09-21 14:25:00,0.24789175756472942,3.7156723319331713
price,2010-09-20 10:45:00,0.5661036806958019,3.7147338616942203
dollar_volume,2010-12-31 13:23:00,0.2904547320200232,3.7137797717896883
gross_return,2010-03-05 12:45:00,0.41880535351093867,3.713671956785716
price,2010-12-20 14:29:00,0.8375079985395899,3.713471570738854
price,2010-06-01 14:19:00,0.5836720172422434,3.7129602701257487
dollar_volume,2010-02-11 13:56:00,0.23824477158056323,3.7109990693257475
price,2010-12-01 12:00:00,0.7362025925380005,3.71029783856363
price,2010-04-22 13:21:00,0.6574375196921168,3.7101281008918274
price,2010-02-23 10:43:00,0.745986360897361,3.7097651086728343
price,2010-07-01 13:01:00,0.4548566121778332,3.7095658312077147
dollar_volume,2010-07-28 12:06:00,0.25762495903969723,3.709242942030842
gross_return,2010-05-26 14:34:00,0.24986946598426915,3.708694800103952
gross_return,2010-02-22 15:56:00,0.40942913373169704,3.7086088144943163
gross_return,2010-01-27 14:37:00,0.35459608764092526,3.7083385667764466
gross_return,2010-12-21 14:06:00,0.7057263188562125,3.7082748530578526
price,2010-02-23 10:42:00,0.7436322960402619,3.707911585562356
gross_return,2010-03-05 13:06:00,0.4386811182192216,3.7075944423642966
gross_return,2010-02-09 13:05:00,0.3518749937973561,3.70725565412873
dollar_volume,2010-06-22 10:39:00,0.23891417623050673,3.707093774331209
price,2010-03-26 12:44:00,0.691435778778915,3.706980308135443
gross_return,2010-03-05 12:40:00,0.4133349588805821,3.706728609966076
dollar_volume,2010-04-19 13:25:00,0.24570960480798287,3.704327194341625
gross_return,2010-12-21 14:07:00,0.7071251493084483,3.7042147484231496
price,2010-12-15 13:06:00,0.6628669825831064,3.702658836020873
gross_return,2010-07-27 13:17:00,0.31990556165467504,3.7024231785802586
price,2010-07-22 10:40:00,0.6189424243107162,3.7022036147979436
price,2010-05-17 12:22:00,0.5104210767002524,3.7019085766770994
price,2010-02-05 14:04:00,0.5663736894662301,3.7017948881961047
dollar_volume,2010-05-28 14:01:00,0.24302097270208672,3.7012986539205475
gross_return,2010-09-01 13:45:00,0.4065812470124202,3.7012865918763276
price,2010-12-16 12:00:00,0.7039077647172062,3.700371660212389
price,2010-09-20 10:41:00,0.5584805228965286,3.7003543643652375
gross_return,2010-08-18 12:44:00,0.40161250789710523,3.7002682353774063
gross_return,2010-06-07 13:07:00,0.30066591630969886,3.699649889456458
gross_return,2010-08-27 11:17:00,0.35442071377647355,3.6984544622480513
gross_return,2010-11-05 14:03:00,0.4409501691204446,3.6980107265312383
gross_return,2010-01-27 14:38:00,0.35459661556136096,3.6974435200241693
gross_return,2010-11-17 15:34:00,0.3488256146469173,3.697178277009677
gross_return,2010-07-14 14:01:00,0.3529062512365468,3.696284669791147
price,2010-08-17 13:43:00,0.6092254169852311,3.6960183858997055
price,2010-12-01 12:29:00,0.8216884817805651,3.695042352128227
price,2010-03-11 15:29:00,0.6185638194261788,3.6950238764517755
gross_return,2010-03-05 12:26:00,0.38922214664023225,3.694962649973754
dollar_volume,2010-07-28 12:07:00,0.25763879783341664,3.694776156627395
dollar_volume,2010-08-16 11:24:00,0.24978455265018568,3.6935448443525734
price,2010-08-17 13:38:00,0.6010561104390654,3.6928284560142317
gross_return,2010-04-06 15:56:00,0.452570869798615,3.6906569450997266
dollar_volume,2010-04-19 13:26:00,0.2457520557037279,3.6905688985424705
gross_return,2010-05-06 15:02:00,0.36365459522529986,3.6901123795594213
gross_return,2010-04-09 12:41:00,0.47431198523783197,3.6899609244691303
gross_return,2010-11-05 14:07:00,0.444562087554956,3.6897923031696815
gross_return,2010-06-02 12:48:00,0.3022208487980511,3.68956558870841
gross_return,2010-09-20 12:32:00,0.4090464899799275,3.6886979399550874
dollar_volume,2010-07-06 11:24:00,0.21188342433163657,3.6881419608716186
price,2010-08-25 15:06:00,0.600456900032141,3.6878253304015876
gross_return,2010-05-28 13:17:00,0.2720428205481119,3.6866437637844616
dollar_volume,2010-01-28 12:30:00,0.24315438612835968,3.6858964370252267
dollar_volume,2010-03-23 11:13:00,0.24487231441637175,3.6857126225423626
price,2010-03-26 12:45:00,0.6903485251111888,3.6844753554446505
dollar_volume,2010-12-09 15:57:00,0.2529924490039749,3.6843247090046005
dollar_volume,2010-02-25 14:41:00,0.2575247819933389,3.6835347669103333
gross_return,2010-08-27 11:18:00,0.3544115238475017,3.6834655285921274
gross_return,2010-10-11 13:35:00,0.3878883856508387,3.682244504105932
price,2010-08-17 13:35:00,0.595287715801259,3.6815247300455756
price,2010-10-04 12:28:00,0.6047438946439527,3.6809908672324223
dollar_volume,2010-09-17 11:44:00,0.24134744195932756,3.6803334349722014
dollar_volume,2010-08-10 14:24:00,0.2393241550887099,3.679364749290406
price,2010-01-21 11:02:00,0.8241363414528093,3.6792779369907396
price,2010-10-04 12:27:00,0.6030454085088415,3.677031757486619
gross_return,2010-02-02 14:06:00,0.34390985672506696,3.6768920794540416
price,2010-09-21 14:49:00,0.6272476566445291,3.6766968355456693
price,2010-11-09 12:13:00,0.5899440412878075,3.6761481402128555
dollar_volume,2010-12-23 13:43:00,0.275658217944628,3.6755400718122635
price,2010-08-17 13:36:00,0.596085393901049,3.6746743726796156
price,2010-05-17 12:30:00,0.5178227659580287,3.674488140885979
gross_return,2010-11-17 15:32:00,0.34566996258103116,3.6736686302827843
gross_return,2010-03-05 13:21:00,0.45224897722985713,3.672621796723615
dollar_volume,2010-06-10 13:54:00,0.23955262799977156,3.672210666872005
dollar_volume,2010-09-16 15:47:00,0.23704820989050585,3.6711466959973724
price,2010-01-21 11:03:00,0.824574060052885,3.6682513548629756
dollar_volume,2010-04-28 12:57:00,0.24325578340935927,3.6666446978641933
gross_return,2010-12-14 13:43:00,0.5614730542999089,3.666111926938999
price,2010-07-07 13:22:00,0.46428463955959914,3.6658706644686547
gross_return,2010-02-09 13:02:00,0.34664292171604666,3.665786653356685
price,2010-01-13 11:52:00,0.6900838282146733,3.6653467724648254
price,2010-05-28 13:02:00,0.48654141241929594,3.6652710911757542
dollar_volume,2010-07-06 15:41:00,0.22216293216916608,3.6649735950605278
gross_return,2010-03-05 13:10:00,0.4395391306127095,3.6643657288879123
price,2010-11-02 13:24:00,0.5365646439914386,3.6641821541259403
price,2010-12-01 12:25:00,0.8080323688725998,3.663856976949301
price,2010-11-09 12:27:00,0.6056687386609692,3.663102269718901
dollar_volume,2010-05-27 11:39:00,0.20466799541783048,3.6630569699824593
gross_return,2010-03-05 12:27:00,0.38805997518747964,3.6628187262627687
price,2010-06-01 14:20:00,0.579700172457832,3.661036986498014
dollar_volume,2010-02-18 11:04:00,0.23106073446458675,3.6597514515580998
gross_return,2010-11-17 15:33:00,0.3456698168588124,3.6591020775563052
price,2010-09-01 10:54:00,0.7320060814350349,3.658726069928106
price,2010-01-21 11:04:00,0.8252411685050096,3.658676325200647
gross_return,2010-11-23 14:00:00,0.35905978693833,3.6584862144289967
gross_return,2010-12-21 14:08:00,0.7029129114446837,3.6579585313470226
price,2010-09-15 15:51:00,0.5776353713068192,3.6574174247640965
dollar_volume,2010-03-17 10:47:00,0.23762664438803205,3.6572889021831756
price,2010-04-22 13:20:00,0.6498717567813308,3.6572838210213723
gross_return,2010-03-05 13:22:00,0.45211822193667933,3.6567363368361065
gross_return,2010-12-14 13:16:00,0.5343362917196035,3.6563066526539583
price,2010-02-11 12:27:00,0.6530085097322273,3.654847280400581
price,2010-05-28 13:01:00,0.4842846269043779,3.6531700649603054
price,2010-05-12 12:52:00,0.4663428606212378,3.6520805505301515
price,2010-07-09 15:25:00,0.5454659275582346,3.650299340571504
gross_return,2010-03-05 13:11:00,0.4395391306127095,3.6499105619484475
price,2010-07-13 11:48:00,0.5381526009453453,3.6498945187992944
gross_return,2010-12-21 14:09:00,0.7037084576851185,3.6498317125617827
gross_return,2010-09-17 12:18:00,0.37610140116953567,3.6490532973036225
dollar_volume,2010-02-02 15:57:00,0.2575932875421456,3.648225246946188
dollar_volume,2010-09-21 14:26:00,0.24574458793735637,3.6478453980929166
price,2010-08-25 15:05:00,0.5945011533138482,3.646841648764595
dollar_volume,2010-07-06 15:42:00,0.22199705156507324,3.646635164759098
gross_return,2010-12-14 13:22:00,0.540870203906404,3.6458795303898333
gross_return,2010-06-07 13:12:00,0.30136752380027454,3.6452367431184483
dollar_volume,2010-07-30 11:44:00,0.245242681098793,3.6448470675496574
price,2010-12-01 12:30:00,0.815861623258784,3.644521131348777
gross_return,2010-04-05 14:16:00,0.3887863894347136,3.6442997488842983
dollar_volume,2010-02-02 15:36:00,0.24732206538764784,3.64346110808114
gross_return,2010-12-14 13:17:00,0.5343362917196035,3.6431146170606916
price,2010-01-19 15:40:00,0.7613138525848775,3.6422290492415024
gross_return,2010-12-14 12:09:00,0.5149162618344211,3.6420001785086216
dollar_volume,2010-03-17 10:48:00,0.23758102887528912,3.6417877496204554
price,2010-07-13 11:47:00,0.5358425466203982,3.6412655583496623
gross_return,2010-04-05 14:14:00,0.38667633190606826,3.6411665441594168
price,2010-03-11 15:28:00,0.6115227631549834,3.6403967700319577
dollar_volume,2010-05-28 14:03:00,0.24172344478384064,3.640315247733669
gross_return,2010-01-27 14:41:00,0.352906260043979,3.640192137034867
price,2010-12-16 11:56:00,0.6910236398990162,3.640172209502276
gross_return,2010-05-26 14:49:00,0.2544705080004131,3.640060139982284
price,2010-08-25 15:04:00,0.5922671359322913,3.639800959745503
price,2010-07-14 13:17:00,0.5649663608977185,3.6397227651555295
dollar_volume,2010-07-28 12:09:00,0.25639020636707316,3.6386035856862446
price,2010-03-05 14:54:00,0.5313983072384427,3.6381663471930854
gross_return,2010-12-21 14:10:00,0.70401145365736,3.6381347506650874
price,2010-08-17 13:28:00,0.5786638027548179,3.6380714791935405
gross_return,2010-09-20 12:33:00,0.4065161014143616,3.637894609714528
gross_return,2010-08-02 10:39:00,0.32075676917329,3.637364981052063
price,2010-01-27 14:49:00,0.7243770117064193,3.637214908297375
price,2010-01-21 10:59:00,0.8114064664833031,3.63661294819274
gross_return,2010-03-05 13:15:00,0.44284428490421096,3.636384137707785
price,2010-10-21 10:54:00,0.5966246871091924,3.636067605674013
price,2010-07-23 14:01:00,0.5955345924790221,3.6344353385357895
gross_return,2010-03-05 12:47:00,0.4151482200950498,3.6337803449455377
price,2010-07-09 15:24:00,0.5425726784730803,3.633666541527807
price,2010-01-21 11:01:00,0.8150500955111377,3.6334144076158736
price,2010-11-09 12:36:00,0.6132986784006716,3.6330288170070055
price,2010-03-23 15:19:00,0.6636756259280745,3.6327010377050377
gross_return,2010-12-21 13:46:00,0.6615478888569399,3.6325697840839446
gross_return,2010-03-05 13:05:00,0.43182304442440456,3.6322829598273025
price,2010-01-27 14:48:00,0.7221082795994802,3.6310644036003565
gross_return,2010-02-02 14:14:00,0.34950190088848343,3.630885981493293
price,2010-07-23 14:03:00,0.5983133737095455,3.6304727739208147
price,2010-07-26 15:01:00,0.624577300330267,3.6304486170039274
price,2010-01-19 15:41:00,0.7616331353272495,3.6302850204614354
gross_return,2010-12-14 13:18:00,0.534337890244742,3.6300680108530328
gross_return,2010-05-28 13:09:00,0.26458140298466404,3.62969083299818
gross_return,2010-12-14 13:24:00,0.5415096577095864,3.6274600803293526
dollar_volume,2010-07-30 11:46:00,0.24541252446218764,3.627302543595538
gross_return,2010-02-09 13:34:00,0.3746322154395401,3.626720640558409
gross_return,2010-11-03 14:15:00,0.4055563923935076,3.6260809513654144
price,2010-07-26 15:02:00,0.6256559770792564,3.6256987230997084
price,2010-05-03 12:52:00,0.7234066052943674,3.6242067247098912
gross_return,2010-04-06 15:57:00,0.44837138779171626,3.6240829899328753
gross_return,2010-07-09 14:21:00,0.3046474575431481,3.6232298293674337
price,2010-08-17 13:50:00,0.6123251957743509,3.6224961967427642
gross_return,2010-03-05 13:16:00,0.44284428490421096,3.6221943054206953
dollar_volume,2010-03-19 13:04:00,0.2360609191355507,3.6221416412762557
price,2010-05-03 12:43:00,0.707321409581618,3.622118678819871
price,2010-01-21 10:58:00,0.8069179722298966,3.6208874181979205
dollar_volume,2010-02-25 14:34:00,0.25132548054213294,3.6207361081699747
price,2010-05-17 12:33:00,0.5170410408661681,3.62033448940838
gross_return,2010-03-05 12:48:00,0.41514822009504987,3.620234827782386
price,2010-05-28 13:05:00,0.48579332556618166,3.6201100569068725
dollar_volume,2010-04-28 12:50:00,0.23779960335627887,3.6184156965662235
dollar_volume,2010-02-04 11:02:00,0.25869727510197604,3.61815969448989
price,2010-05-13 13:59:00,0.4638746653563638,3.6180571694367596
price,2010-11-09 12:35:00,0.6101577860127132,3.618050216871555
gross_return,2010-08-02 10:36:00,0.31740745672768605,3.617650914905284
gross_return,2010-12-14 13:30:00,0.5472440137090864,3.617021758168598
gross_return,2010-09-24 12:26:00,0.4001931607745461,3.6159172977400487
price,2010-07-09 15:19:00,0.5367488830874121,3.6155820262525937
dollar_volume,2010-06-10 13:41:00,0.23257331350072838,3.6150412804876404
dollar_volume,2010-12-31 13:11:00,0.27945038606464034,3.6149412358872115
gross_return,2010-03-05 13:04:00,0.429437800786603,3.614829070862333
gross_return,2010-03-05 12:41:00,0.4077673643971905,3.61427242445264
price,2010-08-17 13:37:00,0.5911148208758561,3.614015902740103
gross_return,2010-09-24 12:28:00,0.40203046003266996,3.613658586055
gross_return,2010-09-01 13:46:00,0.40125334301495086,3.6134127050123177
gross_return,2010-05-28 13:10:00,0.26445052407818803,3.612742500813748
gross_return,2010-12-14 13:19:00,0.533867078228094,3.6127106891321343
price,2010-06-29 15:29:00,0.4590658996339909,3.612691180557532
price,2010-09-21 14:40:00,0.6087598073313947,3.6122599349654876
dollar_volume,2010-12-09 15:55:00,0.24891860517937217,3.6119275276245517
gross_return,2010-02-09 13:35:00,0.3744434568543125,3.611915500347834
gross_return,2010-12-14 12:08:00,0.5103771329692344,3.6083360162151803
dollar_volume,2010-11-19 13:26:00,0.24450212315527015,3.607695962092982
dollar_volume,2010-04-28 12:55:00,0.23989958479953746,3.6075728118192925
gross_return,2010-03-05 13:14:00,0.43944888100188373,3.60744377831314
price,2010-12-20 14:24:00,0.8095445455659617,3.6069633851405336
dollar_volume,2010-04-28 12:51:00,0.23786873190526112,3.606536938414485
price,2010-06-01 14:21:00,0.5753384704470726,3.606401952814875
dollar_volume,2010-05-28 14:02:00,0.23974729178186316,3.6050377059323893
price,2010-11-01 15:26:00,0.5249845298540364,3.604978003792832
price,2010-12-16 11:55:00,0.6861755859214698,3.604902838768239
gross_return,2010-05-28 13:15:00,0.26690489642317855,3.6041503541130107
gross_return,2010-02-09 13:36:00,0.3747917648876347,3.6041485931048736
price,2010-11-09 12:12:00,0.5811012452531683,3.6039697916799014
dollar_volume,2010-12-31 13:12:00,0.2795486334134026,3.6037729463904467
price,2010-09-20 10:40:00,0.5478938469810681,3.603597471109537
dollar_volume,2010-07-28 12:05:00,0.252644156635411,3.6031553752921215
dollar_volume,2010-10-22 13:34:00,0.21985422056372975,3.6009423468804664
gross_return,2010-12-14 13:20:00,0.533867078228094,3.6007203969471098
dollar_volume,2010-03-02 14:32:00,0.2544545804585496,3.600406175233901
gross_return,2010-10-22 14:14:00,0.3717396319042464,3.60040547166652
price,2010-05-11 13:52:00,0.4654446982201629,3.6001084092161992
dollar_volume,2010-11-03 15:02:00,0.22642925509594994,3.599974881735433
price,2010-01-21 11:00:00,0.807946480983184,3.5998310988018893
dollar_volume,2010-05-28 13:52:00,0.23243115323790353,3.5987855467601717
price,2010-11-02 13:25:00,0.5317124312596798,3.5972999365609675
price,2010-10-12 14:26:00,0.7004108463933718,3.5961364514920366
gross_return,2010-01-15 14:57:00,0.44128008560108745,3.595826839976375
dollar_volume,2010-03-17 13:25:00,0.24212387167020902,3.595571541697301
gross_return,2010-02-09 13:15:00,0.3517675447545885,3.594980695442817
gross_return,2010-12-14 13:42:00,0.5532937575512084,3.5944069335637665
dollar_volume,2010-04-28 11:31:00,0.22807520893233313,3.593953091817565
dollar_volume,2010-07-06 11:25:00,0.2091751976109224,3.591150618750972
gross_return,2010-01-15 14:58:00,0.44128008560108795,3.590539006587803
gross_return,2010-03-05 12:43:00,0.40795899947463626,3.5902953952671064
gross_return,2010-11-03 14:30:00,0.4280279042369082,3.5897310181351902
gross_return,2010-08-02 10:35:00,0.3152094996118249,3.5895402009595547
dollar_volume,2010-12-31 13:13:00,0.27950793424220016,3.589530612909043
price,2010-11-22 15:23:00,0.6615093519823485,3.5889094108212825
gross_return,2010-11-03 14:28:00,0.42577742092927817,3.58876059907268
price,2010-05-11 13:54:00,0.4662466808517454,3.5885048849029557
dollar_volume,2010-03-31 10:55:00,0.25858035947279695,3.5883796815640934
dollar_volume,2010-04-28 12:56:00,0.23966326383482553,3.5877817566379866
gross_return,2010-12-14 13:31:00,0.5453917998314121,3.587082949398537
price,2010-10-21 10:30:00,0.5471749908545902,3.586872858995791
price,2010-11-22 13:11:00,0.6170132913486431,3.586257648141609
dollar_volume,2010-08-26 15:49:00,0.2316590163079616,3.5859945292337687
dollar_volume,2010-05-11 13:47:00,0.2627402158931658,3.5857400278712492
dollar_volume,2010-07-08 14:24:00,0.22202570740776734,3.5851937650814727
dollar_volume,2010-03-02 14:31:00,0.25329367936401787,3.5849661417422443
gross_return,2010-01-27 14:40:00,0.34893332269759925,3.584829290456269
price,2010-07-22 10:35:00,0.5985353293411413,3.584491304643764
price,2010-03-05 15:02:00,0.5368504502173354,3.5844521861142686
gross_return,2010-03-05 13:25:00,0.4496537055719155,3.584196062743527
gross_return,2010-02-09 13:37:00,0.3743092060148296,3.5838584957148165
price,2010-10-04 12:16:00,0.5804414177798405,3.581950169845255
price,2010-08-25 15:03:00,0.5845539391500422,3.58175495392723
price,2010-07-21 14:30:00,0.5744051154312133,3.580986152657704
price,2010-11-22 15:27:00,0.6684828976638555,3.580882379696755
price,2010-07-22 10:36:00,0.5995922290096222,3.580872821912301
gross_return,2010-07-09 14:17:00,0.29976858247352556,3.580634521805504
dollar_volume,2010-08-16 11:23:00,0.24445156684167962,3.579901576396086
gross_return,2010-02-09 13:16:00,0.35149098801949796,3.579877845471512
price,2010-07-01 12:50:00,0.43424298102110903,3.5792936693647452
price,2010-12-20 14:30:00,0.8188593764633931,3.578938604613404
gross_return,2010-02-09 13:06:00,0.34500027327410016,3.578602107722475
gross_return,2010-09-14 13:12:00,0.37283496003936845,3.577715903983863
gross_return,2010-03-05 12:44:00,0.4079589994746366,3.577137810682988
gross_return,2010-11-15 13:35:00,0.37016742802341723,3.577109378917262
price,2010-10-04 12:17:00,0.5810539519348913,3.5766010557819903
price,2010-05-03 12:53:00,0.7184965484174369,3.576263648430331
price,2010-02-23 10:38:00,0.7163575303299203,3.5755901654601576
dollar_volume,2010-08-27 11:08:00,0.2379857756807286,3.5755765840977003
gross_return,2010-01-27 14:39:00,0.3477410604752236,3.575109636396756
gross_return,2010-08-18 12:42:00,0.3926119958744835,3.5736997869077536
gross_return,2010-09-17 12:19:00,0.3721299546258153,3.572188680290403
price,2010-10-04 12:20:00,0.5839896430644841,3.5717570201257387
dollar_volume,2010-05-03 14:36:00,0.24886576696302337,3.5717303948417736
price,2010-08-30 12:53:00,0.6271740660910924,3.5717036976494705
price,2010-07-09 15:20:00,0.5331092816877414,3.5710558857189287
dollar_volume,2010-08-16 11:20:00,0.24229141303665372,3.5708288452018784
gross_return,2010-04-23 15:35:00,0.3681695599189122,3.5697033364079847
gross_return,2010-02-02 14:05:00,0.33686803781230823,3.5696524248598984
price,2010-03-26 12:46:00,0.6776567657930728,3.569535097125823
dollar_volume,2010-12-31 12:42:00,0.26157521311302157,3.569309810593315
price,2010-08-02 10:30:00,0.597837678205099,3.5690970040180776
gross_return,2010-04-23 15:39:00,0.371720446908362,3.569037251967534
dollar_volume,2010-08-27 11:10:00,0.23861801901045038,3.5673981500786245
gross_return,2010-07-07 13:52:00,0.3072740811793732,3.567008701111706
price,2010-01-21 11:05:00,0.813197414392578,3.5668943817353576
price,2010-01-27 14:42:00,0.700683664883807,3.5661786336107277
price,2010-02-11 12:20:00,0.6301522147656177,3.565518150259146
price,2010-02-11 12:22:00,0.6328941268883669,3.565323222001746
price,2010-07-20 14:14:00,0.5658091742473444,3.5651518700698466
price,2010-02-10 13:02:00,0.6056226098518414,3.564858133379508
gross_return,2010-12-14 12:10:00,0.5087972284963495,3.5639246461747063
gross_return,2010-03-05 13:12:00,0.4339034583989889,3.5637950583374662
dollar_volume,2010-06-10 14:18:00,0.23529865820686371,3.563761729016436
price,2010-03-23 15:23:00,0.6629408161883341,3.5628265122862137
gross_return,2010-10-12 14:20:00,0.47201492273566253,3.562549689478942
price,2010-11-09 12:43:00,0.6196966154529494,3.561506867795085
dollar_volume,2010-10-22 13:35:00,0.2189351831834288,3.5613393719543236
dollar_volume,2010-07-22 11:48:00,0.25425071479579076,3.5600147497792802
dollar_volume,2010-07-22 11:49:00,0.25483079153236504,3.5598284458284186
gross_return,2010-03-05 13:09:00,0.4302935528522539,3.5591235561729424
price,2010-12-01 12:26:00,0.7933308495051257,3.5585402371683004
gross_return,2010-02-09 13:07:00,0.34459325825385073,3.558418650321608
price,2010-12-15 13:07:00,0.6473894425191491,3.558347598203956
gross_return,2010-09-01 13:48:00,0.39917200430569627,3.558083616422443
gross_return,2010-12-14 13:29:00,0.5399955801829401,3.5578841097935094
dollar_volume,2010-05-28 12:53:00,0.22671169740332794,3.5578067591506897
gross_return,2010-03-05 13:17:00,0.43882461353813446,3.5578043931418044
gross_return,2010-07-13 12:50:00,0.3366170768703105,3.557011131191465
gross_return,2010-06-23 14:33:00,0.34089682339020433,3.5567392035847107
gross_return,2010-12-14 12:12:00,0.5105688157706344,3.555682440147854
price,2010-09-15 15:50:00,0.5661585411337772,3.5556443138507503
gross_return,2010-04-01 12:43:00,0.3400754255916001,3.5556072865737938
price,2010-03-10 14:50:00,0.5803087392989965,3.555602015137532
dollar_volume,2010-06-10 13:55:00,0.23534789277342386,3.555576645164951
price,2010-07-14 13:16:00,0.5546569094430059,3.5551879562613498
price,2010-01-21 10:53:00,0.7876365642554125,3.5547101167618758
price,2010-07-09 15:22:00,0.5327349429209703,3.554303277277515
price,2010-07-09 15:21:00,0.5319867274010475,3.5534170654393806
dollar_volume,2010-11-19 13:27:00,0.24280568820515896,3.5531366900762955
dollar_volume,2010-08-10 14:21:00,0.2326790870793845,3.552410023796947
gross_return,2010-12-14 12:11:00,0.5089601422618104,3.552203591869045
price,2010-05-28 12:44:00,0.4476120901585937,3.551258171403372
gross_return,2010-09-17 12:20:00,0.3716354358785161,3.550902371336679
price,2010-07-01 12:56:00,0.438205690614464,3.550853134170265
price,2010-11-01 15:03:00,0.5033786622837304,3.5496201354026593
price,2010-12-01 12:31:00,0.8024771477900206,3.548305318522517
gross_return,2010-03-02 14:01:00,0.3754529784172013,3.548119036898081
price,2010-05-13 13:58:00,0.4569489707448109,3.548082568954366
price,2010-02-18 14:56:00,0.7074812474382641,3.5460582715903572
dollar_volume,2010-12-09 15:56:00,0.24667141847061236,3.5460529623390054
gross_return,2010-12-14 13:25:00,0.5343575250379249,3.5452025818871498
dollar_volume,2010-09-09 13:13:00,0.23534009705669748,3.544282985541232
gross_return,2010-07-13 12:51:00,0.3366168135547825,3.543842763673559
price,2010-07-21 14:29:00,0.5693031542825174,3.5435411204544622
dollar_volume,2010-07-15 11:43:00,0.22320440469345115,3.54247366843103
gross_return,2010-09-01 13:47:00,0.3970264778258312,3.541765432565592
dollar_volume,2010-07-13 10:29:00,0.22560992254142664,3.5411153409090854
gross_return,2010-03-05 13:29:00,0.45026383443869505,3.540701349524891
price,2010-09-20 10:48:00,0.5523926821297779,3.538204202458886
gross_return,2010-02-16 15:48:00,0.4208446313021738,3.5381350709440906
gross_return,2010-02-02 14:07:00,0.3366287672378514,3.5379340427174153
price,2010-03-10 14:48:00,0.576107402768818,3.537799601078024
price,2010-05-03 12:56:00,0.7177356059884581,3.5376480814374442
gross_return,2010-10-06 12:22:00,0.29763438862971187,3.53685813321433
price,2010-03-10 14:51:00,0.5794802572725111,3.5344149791801547
gross_return,2010-12-14 13:26:00,0.534358331090145,3.5343491016095396
price,2010-09-15 15:57:00,0.5749911494409344,3.5335496812651455
dollar_volume,2010-08-27 11:09:00,0.2368041695210544,3.533112944099608
price,2010-09-23 14:53:00,0.6070646545342688,3.533083686812249
price,2010-11-05 12:02:00,0.5458248118009261,3.5324536802465984
dollar_volume,2010-09-21 14:18:00,0.2359968213208377,3.531229706718268
gross_return,2010-03-05 13:13:00,0.43237605466185036,3.530971239901931
dollar_volume,2010-12-23 13:47:00,0.2712114770386528,3.5307496932876155
dollar_volume,2010-08-24 11:35:00,0.2259271065675089,3.5306081812211403
price,2010-09-20 10:49:00,0.5528415513483799,3.529643384542657
dollar_volume,2010-08-27 11:02:00,0.23402390829910458,3.5291630080027336
dollar_volume,2010-12-22 10:42:00,0.2765344951388701,3.5291139903967426
gross_return,2010-11-05 14:04:00,0.42861985015092735,3.526458963172525
price,2010-07-21 14:28:00,0.56611579320567,3.526013688480478
price,2010-03-10 14:52:00,0.5798951310906424,3.525763088260072
gross_return,2010-06-11 13:58:00,0.2899188639892397,3.5257143802701942
gross_return,2010-12-14 13:27:00,0.5345528010349304,3.5256195080090573
price,2010-11-19 14:14:00,0.5220454632958,3.5254876555552435
gross_return,2010-04-01 12:47:00,0.3393653886195267,3.525036886332576
price,2010-03-05 15:03:00,0.5324966732386992,3.5246281189156035
gross_return,2010-03-05 12:42:00,0.4022472751635362,3.52377289091821
dollar_volume,2010-12-10 12:27:00,0.2524032451882784,3.5228699767623355
price,2010-10-21 10:55:00,0.5856772154377933,3.522732006472197
gross_return,2010-03-17 13:32:00,0.46056412236259353,3.522269584321504
price,2010-02-05 15:48:00,0.5791467879439663,3.521853301260486
price,2010-12-01 12:27:00,0.789312492315953,3.5206333431199166
dollar_volume,2010-12-23 13:41:00,0.2672504301663888,3.520604579049911
dollar_volume,2010-02-02 15:37:00,0.24273402740524405,3.5199316153357048
gross_return,2010-03-05 13:24:00,0.44333275658824056,3.5199220211439752
dollar_volume,2010-03-12 15:52:00,0.22767668312822908,3.5194108750558466
gross_return,2010-07-13 12:52:00,0.33588743571040214,3.5185112855236333
gross_return,2010-03-05 12:49:00,0.40865949829312537,3.518455403707857
dollar_volume,2010-02-25 14:36:00,0.24820709685070633,3.5183571003574876
dollar_volume,2010-04-28 12:54:00,0.23594996358022105,3.5181589375069664
price,2010-01-19 15:39:00,0.7423971312178937,3.518120622487579
dollar_volume,2010-02-02 15:39:00,0.24364067794114236,3.5174784054900345
gross_return,2010-03-05 13:19:00,0.43764041598245784,3.51711212586601
gross_return,2010-12-14 13:28:00,0.5345539977519236,3.515264751598404
price,2010-07-15 15:25:00,0.5489835024551295,3.512953314138424
price,2010-05-26 15:41:00,0.41628641339426325,3.511603849171782
price,2010-11-22 12:35:00,0.5505228323281688,3.511506154257338
price,2010-12-20 14:17:00,0.7819174793169077,3.511303585676202
price,2010-07-01 13:00:00,0.4382188680430196,3.511151379288233
dollar_volume,2010-03-10 15:12:00,0.22881842006257286,3.510369133325303
dollar_volume,2010-12-23 13:42:00,0.26734933310058784,3.5099329714484613
gross_return,2010-12-21 13:45:00,0.644731464554757,3.509810799397209
gross_return,2010-03-05 12:51:00,0.40984448754437675,3.509557937906725
price,2010-07-09 15:26:00,0.5322397975727333,3.509497156801056
price,2010-05-03 12:54:00,0.7109275330305384,3.5092783849276312
price,2010-03-11 15:27:00,0.5967936063922795,3.5092541879384167
price,2010-05-11 13:53:00,0.45854396316396057,3.5084807631701174
gross_return,2010-02-09 13:38:00,0.3700534957000453,3.508023326239815
price,2010-12-16 11:37:00,0.6523133913303075,3.506988516599612
price,2010-01-21 10:50:00,0.7750207005451083,3.506318828765844
dollar_volume,2010-08-10 14:20:00,0.23033102889453333,3.5063050556255617
dollar_volume,2010-09-21 14:27:00,0.24054002748267303,3.5058696368542823
gross_return,2010-09-24 12:23:00,0.3900389631034832,3.505000341730068
gross_return,2010-10-11 15:44:00,0.3935010657671325,3.504641320367384
gross_return,2010-03-05 13:20:00,0.43764041598245756,3.5044551579741294
price,2010-07-09 15:23:00,0.5283174288172927,3.5040022274725913
gross_return,2010-10-07 13:34:00,0.3073855358319034,3.502927028735986
dollar_volume,2010-02-25 14:37:00,0.24804144052513594,3.502308404762815
price,2010-02-23 10:44:00,0.7188245496780206,3.501866334718183
price,2010-12-20 14:23:00,0.7915020732260085,3.501285822688508
price,2010-11-19 14:22:00,0.5316861830130807,3.5011838945687277
gross_return,2010-08-10 14:29:00,0.3803233039793782,3.501178479657922
price,2010-09-20 10:39:00,0.5367361078368962,3.4998652465047724
gross_return,2010-04-09 12:39:00,0.45602915106355174,3.499380512660961
dollar_volume,2010-09-24 15:25:00,0.280044847585013,3.498771408158625
gross_return,2010-05-17 12:00:00,0.26291995916473165,3.4984130554588653
price,2010-06-29 15:30:00,0.4508534054074127,3.498378546151659
dollar_volume,2010-12-31 13:14:00,0.2757239169448392,3.4976295248117477
gross_return,2010-10-07 13:31:00,0.3047613612362059,3.4969206216541413
dollar_volume,2010-04-01 13:46:00,0.2634657758680362,3.496396598943799
price,2010-03-11 15:49:00,0.6327645160065455,3.495705987623706
price,2010-03-26 12:47:00,0.6698695816937853,3.495194148519953
dollar_volume,2010-03-23 11:14:00,0.23775884839049616,3.4949512358046966
gross_return,2010-03-05 13:07:00,0.4233417252110881,3.4945276142631476
gross_return,2010-03-05 13:28:00,0.4453668192222087,3.4943003613367947
price,2010-07-14 13:18:00,0.5509034168839856,3.494064773752423
price,2010-05-17 12:29:00,0.49920812821022265,3.4934188208615793
gross_return,2010-09-01 10:37:00,0.3192995117622067,3.493123670114585
price,2010-02-10 13:06:00,0.6031149691779037,3.492906838243678
price,2010-01-19 15:34:00,0.7303415808976157,3.492679970750794
dollar_volume,2010-08-10 14:23:00,0.23127823975821776,3.492158909463783
gross_return,2010-09-24 12:24:00,0.3900389372007816,3.4921469753447703
dollar_volume,2010-02-22 12:06:00,0.22901537101395555,3.491986518360753
gross_return,2010-03-05 13:08:00,0.42409714611427746,3.4919309167057113
gross_return,2010-06-23 14:26:00,0.33337319536896526,3.4915688263978164
gross_return,2010-11-12 13:58:00,0.3610114161480169,3.4915669910573612
price,2010-03-23 15:17:00,0.6446282351869186,3.4915390858513917
price,2010-12-16 11:38:00,0.6510199050495197,3.4913235245593692
gross_return,2010-07-23 14:21:00,0.3011644336706142,3.4902733235202392
price,2010-10-12 14:14:00,0.6484047432146012,3.4901008572583057
price,2010-09-23 14:58:00,0.6053550776846909,3.4891823688824513
price,2010-12-16 11:36:00,0.6494585519650204,3.488792095999799
price,2010-06-01 14:17:00,0.5568712885206815,3.488530413645618
dollar_volume,2010-06-03 12:54:00,0.23799807758587135,3.488356998372348
price,2010-09-21 14:39:00,0.5935610535370358,3.4875820445164383
gross_return,2010-04-23 15:49:00,0.3738008845885697,3.487306383154129
dollar_volume,2010-12-21 10:36:00,0.271785769824561,3.4871703241377223
gross_return,2010-04-09 12:40:00,0.45602843948866306,3.4865755606153694
price,2010-11-01 15:23:00,0.5109451564918835,3.485591265868463
price,2010-10-04 12:18:00,0.5726716789344448,3.484857730546753
price,2010-01-21 10:49:00,0.7700147615239977,3.4848370190160582
gross_return,2010-12-21 13:47:00,0.6447314863448842,3.4832140608794813
price,2010-05-11 13:57:00,0.4602998815054224,3.4827224014338016
price,2010-11-22 12:55:00,0.5768499790358506,3.4825009161705616
gross_return,2010-03-05 12:50:00,0.4069339953192269,3.482472398541518
gross_return,2010-07-14 14:02:00,0.34075436702250467,3.4824402570083195
price,2010-05-27 14:42:00,0.43541768946873566,3.4823652170994905
price,2010-11-09 12:05:00,0.5614050337483806,3.4820387120493863
price,2010-10-04 12:26:00,0.5812316441420784,3.482012876626837
gross_return,2010-09-24 12:25:00,0.39021009507075854,3.4819462151185
price,2010-09-21 14:33:00,0.5887327465801157,3.4814116794247734
gross_return,2010-04-23 15:26:00,0.35668680006989845,3.481409535455973
price,2010-06-01 14:22:00,0.5633141570011153,3.4810862907680065
gross_return,2010-05-26 14:40:00,0.24360644195749281,3.480791020571291
price,2010-10-04 12:49:00,0.6230020888680565,3.4803932478732458
price,2010-01-19 15:35:00,0.7302814303899496,3.4795115779170027
dollar_volume,2010-08-10 14:22:00,0.2302430986184476,3.478718515809889
price,2010-05-13 14:00:00,0.45322729867880224,3.478489490810407
gross_return,2010-12-14 13:39:00,0.5394313968134419,3.477265565146735
price,2010-08-25 15:20:00,0.6035660490624737,3.4769020837712423
dollar_volume,2010-02-25 14:40:00,0.2484209468359923,3.4766886387961002
price,2010-05-28 13:04:00,0.47188448631871904,3.476504878852423
price,2010-06-30 15:57:00,0.4244382618992436,3.475408514988919
gross_return,2010-09-01 10:38:00,0.31894446841637436,3.475389762825349
price,2010-07-22 10:33:00,0.5836944171424658,3.47521316934401
gross_return,2010-02-09 13:17:00,0.34560524665602604,3.4749907332759604
price,2010-01-19 15:33:00,0.7261829787549955,3.4745366191275653
dollar_volume,2010-09-28 13:23:00,0.28195969610385574,3.473879474545592
gross_return,2010-01-27 14:16:00,0.35765322099403124,3.4726594285819745
gross_return,2010-12-14 13:40:00,0.5394315685656131,3.4724269332684115
dollar_volume,2010-11-08 10:56:00,0.22482737776163098,3.472335570978028
price,2010-12-16 11:35:00,0.6467231746360222,3.472024159526884
gross_return,2010-05-27 14:52:00,0.22962908234384255,3.471000753883852
gross_return,2010-05-26 14:36:00,0.24138622600780055,3.4706187840983564
dollar_volume,2010-07-12 14:27:00,0.2214236248625171,3.47017919807146
dollar_volume,2010-11-23 15:48:00,0.24994818983582706,3.46958058459312
price,2010-12-01 11:56:00,0.6935771501078588,3.4682769691203856
price,2010-01-19 15:36:00,0.7304649943551688,3.46825891416737
dollar_volume,2010-03-23 11:15:00,0.2371855690418803,3.4680722753389226
price,2010-01-21 10:48:00,0.765716657491936,3.4679517617610403
dollar_volume,2010-12-22 10:43:00,0.27400085791519857,3.467932616397868
gross_return,2010-12-14 13:41:00,0.5394318582122837,3.4677495611199234
gross_return,2010-06-02 12:49:00,0.2915639388129757,3.4676610567493635
dollar_volume,2010-11-02 15:55:00,0.20514134806711226,3.4674891475292307
dollar_volume,2010-03-26 13:52:00,0.24218490456754432,3.4674367774572117
dollar_volume,2010-10-11 15:49:00,0.2070156675923684,3.4667605375458637
price,2010-07-07 13:21:00,0.4470045474862788,3.466257557084365
dollar_volume,2010-04-15 15:22:00,0.23258183768468826,3.4658312937284004
gross_return,2010-12-03 13:56:00,0.3689727533311,3.465744984843181
price,2010-12-16 12:02:00,0.6758998352278991,3.464362237482527
gross_return,2010-03-05 12:54:00,0.4091715278924442,3.4639600268954163
dollar_volume,2010-12-31 12:45:00,0.2585285522732024,3.4636368505559467
price,2010-11-22 13:13:00,0.6057679084120537,3.4634245208326355
gross_return,2010-03-05 13:18:00,0.4323210440116999,3.4632353681917554
dollar_volume,2010-10-21 14:22:00,0.20305898421119323,3.463172489715266
gross_return,2010-04-23 15:29:00,0.35763072034511056,3.4627574008587074
dollar_volume,2010-02-12 14:26:00,0.23261607655713645,3.462488005313703
dollar_volume,2010-12-31 12:41:00,0.25631339859106067,3.462281497145894
price,2010-10-21 10:56:00,0.5803075473216115,3.461479760751892
price,2010-01-21 10:54:00,0.7756064481687612,3.461208881134108
dollar_volume,2010-08-16 11:14:00,0.23438243773267756,3.460268264194977
price,2010-03-05 14:53:00,0.5140167572209408,3.4601812070224804
gross_return,2010-09-01 10:35:00,0.31633454779029235,3.4600577224340645
price,2010-11-01 15:01:00,0.4932619764425995,3.4600549945597034
gross_return,2010-11-17 15:30:00,0.33159389647453896,3.459919391513516
gross_return,2010-05-27 14:53:00,0.2296323240997243,3.459593361377815
price,2010-05-17 12:09:00,0.4668406312522208,3.4595309426191156
gross_return,2010-07-21 14:14:00,0.314704668839411,3.458737327321771
gross_return,2010-04-23 15:28:00,0.35659207402456294,3.4582073479587767
price,2010-03-11 15:48:00,0.627083686264213,3.4571031191404895
gross_return,2010-09-24 12:29:00,0.3921491319414933,3.4561524151276286
dollar_volume,2010-02-02 15:38:00,0.24057384078322513,3.456054775290462
price,2010-11-05 12:09:00,0.5451934101744625,3.455619447360266
price,2010-12-20 14:16:00,0.7717350792411602,3.4555336619775874
price,2010-01-19 15:37:00,0.7303935711837436,3.4552429431031566
gross_return,2010-06-18 13:00:00,0.2986287477484683,3.455046436258324
gross_return,2010-07-23 14:22:00,0.2999867182494446,3.455018525614739
price,2010-02-10 13:05:00,0.5975119459602388,3.4549439101934283
gross_return,2010-10-12 14:21:00,0.46365657325244225,3.45473841831474
price,2010-08-06 15:19:00,0.6518013245344765,3.454063039161121
dollar_volume,2010-05-27 11:38:00,0.1978516086957749,3.4533243049623517
price,2010-02-05 15:47:00,0.5707618526313433,3.4528708651364055
price,2010-02-11 12:28:00,0.6302723688351588,3.4527195397932173
dollar_volume,2010-12-22 10:44:00,0.27365251187980355,3.452551849060866
dollar_volume,2010-02-25 14:39:00,0.24693527559346917,3.452393440472327
price,2010-11-22 13:12:00,0.6030454756446985,3.4520845576268084
dollar_volume,2010-04-28 12:52:00,0.23246288181544073,3.452040221713536
price,2010-10-07 14:09:00,0.6378646870438552,3.450902928666805
gross_return,2010-08-18 12:46:00,0.3834578861713377,3.450672807906788
price,2010-12-20 14:18:00,0.7747205917710468,3.4503785907862
price,2010-05-03 12:55:00,0.7042736717592805,3.449793206769742
dollar_volume,2010-02-02 15:40:00,0.2413099539072046,3.449318046726433
price,2010-05-28 13:25:00,0.5055688749190262,3.449194393449798
price,2010-03-05 14:59:00,0.5213444143255507,3.449138423287577
dollar_volume,2010-07-29 13:12:00,0.24313059555157057,3.4487086127360924
gross_return,2010-02-09 13:08:00,0.3387456451035697,3.4486157373188457
price,2010-09-21 14:25:00,0.5817454955473885,3.448491520256374
gross_return,2010-03-05 12:55:00,0.4089278944364452,3.4483451562070617
price,2010-12-01 12:32:00,0.7882093088380058,3.4479616031498668
gross_return,2010-09-01 10:39:00,0.3180224794140952,3.447856217231524
dollar_volume,2010-04-28 12:53:00,0.2327518918060406,3.4472577328169423
gross_return,2010-02-22 15:57:00,0.39281405859448604,3.44704635650118
gross_return,2010-09-01 10:42:00,0.3193035169592548,3.446788846273378
dollar_volume,2010-02-25 14:38:00,0.24622183511287862,3.446533026123545
price,2010-01-21 10:47:00,0.7607313227452694,3.4461028168536876
gross_return,2010-12-14 13:32:00,0.5319538051698354,3.44591116349494
dollar_volume,2010-07-08 14:18:00,0.21505855195614426,3.4458336544849413
price,2010-10-04 12:24:00,0.5753421116517736,3.445609661577586
price,2010-06-29 15:32:00,0.44868861326296783,3.445527066281445
price,2010-10-21 10:29:00,0.5319683665589334,3.4448511242043236
gross_return,2010-05-26 14:48:00,0.24574433840162416,3.444520656042404
gross_return,2010-03-05 12:28:00,0.3744756205498383,3.443599896757403
price,2010-02-12 12:52:00,0.6790470252476011,3.443439328994907
gross_return,2010-05-26 14:41:00,0.24254940989894602,3.4432621933759684
price,2010-07-01 12:59:00,0.4320425948724466,3.443057651539821
price,2010-12-15 13:08:00,0.6350851972658932,3.442892648426082
gross_return,2010-10-12 14:22:00,0.463662447147506,3.4428206347924806
gross_return,2010-12-14 13:38:00,0.5353501051691998,3.4424821814794657
price,2010-01-19 15:32:00,0.720104944037517,3.441558619665805
price,2010-10-04 12:21:00,0.571562734529709,3.4410501485270237
price,2010-11-09 12:15:00,0.568400678954208,3.4406849350535547
price,2010-10-12 14:07:00,0.6341738787121576,3.4397042056860125
gross_return,2010-04-01 12:44:00,0.33373764407798645,3.4395132114589404
price,2010-01-21 10:52:00,0.7686078871554247,3.4390477655558875
gross_return,2010-02-09 13:40:00,0.36691097331493117,3.438683794324305
price,2010-09-21 14:50:00,0.6017293455777126,3.438161333290654
dollar_volume,2010-09-24 15:23:00,0.2759204554086233,3.437841545734151
price,2010-05-03 12:57:00,0.7056056867527751,3.4375697726657406
price,2010-03-26 12:48:00,0.6639900786016895,3.4369912654706205
price,2010-12-20 14:31:00,0.7987072074661453,3.4365958308907443
price,2010-12-01 12:28:00,0.7776854872336446,3.4359593053347486
gross_return,2010-09-14 13:10:00,0.36266375365365267,3.4356655380917136
price,2010-03-23 15:27:00,0.6530150047676984,3.435456898449494
dollar_volume,2010-07-06 15:32:00,0.21088192285822155,3.43541547574875
dollar_volume,2010-02-18 11:06:00,0.22343992237622662,3.4349140366123523
gross_return,2010-01-19 15:04:00,0.5055179767932254,3.4345420471149652
gross_return,2010-09-01 13:50:00,0.39188135609681846,3.4341771998354433
price,2010-12-10 12:27:00,0.5437666989254921,3.4335636956325812
gross_return,2010-03-08 15:02:00,0.5083493517637628,3.4335464768686212
dollar_volume,2010-09-24 15:24:00,0.2762649928311868,3.433286216618174
dollar_volume,2010-03-26 13:53:00,0.24123236094724693,3.4329824329550287
gross_return,2010-03-05 13:27:00,0.43929779043900324,3.4329443674745597
price,2010-06-30 15:58:00,0.42213019148239156,3.432734628607336
gross_return,2010-07-07 13:41:00,0.29455622544489035,3.432504400815706
price,2010-10-04 12:13:00,0.56230707612892,3.4324801154630844
price,2010-09-20 10:38:00,0.5291318696968492,3.43234691898358
gross_return,2010-02-09 13:14:00,0.34108615123372926,3.4304965556101705
dollar_volume,2010-07-28 12:20:00,0.249669884112832,3.430166234761458
gross_return,2010-09-01 13:55:00,0.39570142731803687,3.4298398606517777
dollar_volume,2010-05-11 13:48:00,0.25620914464391176,3.4297358238557067
gross_return,2010-06-07 13:50:00,0.2977046100165982,3.4293880367447653
price,2010-05-27 14:43:00,0.4321029782425155,3.4287081976289837
gross_return,2010-07-23 14:20:00,0.2974148736106587,3.4285759445688115
price,2010-08-17 13:27:00,0.5556792743571448,3.4282770076837954
dollar_volume,2010-12-31 12:43:00,0.2559181929347584,3.427807419926064
dollar_volume,2010-07-12 14:24:00,0.2185709961126704,3.4277258821644567
price,2010-02-23 10:50:00,0.717101874524819,3.4269625440450517
dollar_volume,2010-07-30 11:43:00,0.23605926397381055,3.426835521056916
price,2010-12-01 12:36:00,0.7923661554394188,3.4267035462262143
gross_return,2010-04-01 12:42:00,0.3325687261391769,3.424907442560425
gross_return,2010-07-27 13:18:00,0.3060136956455032,3.4246001412042815
dollar_volume,2010-02-18 11:05:00,0.22260576937862847,3.424363484456114
gross_return,2010-09-01 10:46:00,0.3200109435945391,3.4243383652567005
price,2010-05-11 14:01:00,0.45885465063821923,3.4242689979916445
dollar_volume,2010-04-01 13:45:00,0.2596729112137877,3.4238834582078157
gross_return,2010-09-01 10:45:00,0.31943086038070706,3.4237801851911067
gross_return,2010-09-14 13:11:00,0.3626639223333357,3.423495365835449
gross_return,2010-03-08 15:03:00,0.5083493517637628,3.421572507492885
price,2010-12-20 14:19:00,0.772159984870491,3.4210456061782812
dollar_volume,2010-05-07 12:50:00,0.22419756174037658,3.419933622854483
dollar_volume,2010-02-02 15:58:00,0.24817220534921294,3.419747037115968
price,2010-07-09 15:27:00,0.5240687205784399,3.4177388899743564
dollar_volume,2010-10-21 14:24:00,0.2020573257762518,3.4174658362416777
gross_return,2010-12-10 15:29:00,0.38295919461712785,3.416939335439432
dollar_volume,2010-05-27 11:37:00,0.19647674362677153,3.416888165439283
price,2010-04-07 13:22:00,0.6885335207613374,3.416477436898483
price,2010-07-14 13:19:00,0.5438422426152107,3.416002864736725
dollar_volume,2010-04-12 15:49:00,0.2602005972517769,3.415979149249517
gross_return,2010-11-05 14:05:00,0.4209253380879086,3.415939489258467
price,2010-07-22 10:34:00,0.5784201300837847,3.4156500348262346
price,2010-11-19 14:13:00,0.5108937078310604,3.4154603478214622
price,2010-12-29 14:10:00,0.9079836480320157,3.415430856986124
price,2010-11-09 12:28:00,0.5803916515340898,3.4153068418464714
gross_return,2010-03-05 12:56:00,0.4073685232733428,3.415273455867419
dollar_volume,2010-12-31 12:48:00,0.25774484998502917,3.414694840829821
gross_return,2010-05-26 14:37:00,0.23958130118967857,3.41446176750887
price,2010-05-27 14:44:00,0.4318455251001512,3.4137272195630355
price,2010-04-22 13:29:00,0.6355006640075922,3.4136660469314166
dollar_volume,2010-11-23 15:47:00,0.24698348164771666,3.412931390453883
price,2010-11-01 15:24:00,0.5053987838792996,3.4117571249309835
price,2010-05-12 10:39:00,0.4314932283825713,3.411642663379849
gross_return,2010-09-01 10:44:00,0.3182638500449301,3.410929624531482
gross_return,2010-03-05 12:52:00,0.4034756440915085,3.4109057719139306
price,2010-05-03 12:42:00,0.6785467181566404,3.410618842127621
gross_return,2010-02-16 15:43:00,0.4054875937610448,3.4100993496272487
price,2010-07-01 12:57:00,0.4279961257617331,3.4096037376032657
dollar_volume,2010-04-20 12:06:00,0.24508914827364642,3.409452788445401
price,2010-01-14 13:45:00,0.7026300179841333,3.409272191842336
price,2010-09-15 15:46:00,0.5475492437405576,3.4092276330563975
price,2010-04-22 13:26:00,0.6309246312741423,3.4089779083764356
price,2010-01-19 15:38:00,0.7257319812704981,3.40888596815411
price,2010-07-13 11:49:00,0.5151134540530679,3.4082088632118457
gross_return,2010-12-03 13:57:00,0.3658345084069251,3.4071607569598124
gross_return,2010-03-05 12:57:00,0.4076384475531457,3.4070231336401227
dollar_volume,2010-06-10 13:50:00,0.22712944315630498,3.406599428104032
gross_return,2010-08-18 12:47:00,0.3800914848348597,3.4062390504032996
price,2010-02-24 11:14:00,0.6542917838766568,3.406137374733765
price,2010-07-26 14:56:00,0.5900259158236246,3.4045960613231725
dollar_volume,2010-05-28 12:56:00,0.2231269778204263,3.4045753985252607
gross_return,2010-11-05 14:06:00,0.420925338087931,3.40396414961927
gross_return,2010-06-07 13:11:00,0.28810874536240005,3.403882274354295
price,2010-12-20 14:20:00,0.7711673338694044,3.4024668106020375
gross_return,2010-03-05 12:29:00,0.37247418426439405,3.401622826002981
price,2010-11-29 14:45:00,0.6457480971050737,3.401311342476474
dollar_volume,2010-07-22 11:46:00,0.24613425020085689,3.401275259897
price,2010-07-21 14:27:00,0.5517638416666533,3.4009185924165104
gross_return,2010-10-08 13:06:00,0.3360088049143202,3.399929996004797
price,2010-04-22 13:28:00,0.6325653287630946,3.399845506383037
price,2010-05-11 13:58:00,0.45410617407246834,3.3997271190279843
gross_return,2010-01-19 15:07:00,0.505474650147503,3.399401411365257
price,2010-12-01 12:33:00,0.7822457594199856,3.399383251115841
price,2010-09-21 14:24:00,0.5756594783180762,3.3993131638993983
gross_return,2010-03-05 12:53:00,0.4034756440915085,3.3992075551203755
gross_return,2010-09-01 10:47:00,0.3191074190984726,3.3988364518186067
gross_return,2010-09-01 13:51:00,0.3900273188221501,3.397585875667172
price,2010-05-03 12:37:00,0.6743485749621372,3.3974750046124735
price,2010-11-22 12:34:00,0.5377956078441015,3.397315396440654
gross_return,2010-09-17 12:21:00,0.36264596371830604,3.397193099816167
gross_return,2010-06-16 14:14:00,0.2678092472902019,3.3968471794882453
dollar_volume,2010-07-08 14:21:00,0.2142348524364728,3.3965685812826796
price,2010-09-20 10:29:00,0.5164789523134554,3.3963785381107643
price,2010-12-15 12:52:00,0.6150141442071491,3.3953357275403473
gross_return,2010-07-07 13:44:00,0.29428431766281793,3.3950259631113373
price,2010-12-16 12:01:00,0.6656708422751381,3.394170580540998
price,2010-10-07 14:03:00,0.6228351667743877,3.393970016638059
price,2010-07-15 15:26:00,0.5379282828232013,3.3939208397970133
gross_return,2010-02-22 15:55:00,0.3875785817090964,3.3938239639030727
gross_return,2010-11-23 13:59:00,0.34190703767006453,3.3937578379539954
price,2010-08-02 10:54:00,0.6256862265141531,3.392835741405214
price,2010-09-20 10:31:00,0.5181896612411891,3.3927820876631225
gross_return,2010-09-01 10:48:00,0.31925513712612363,3.392634860171626
dollar_volume,2010-09-28 13:24:00,0.2785208114199627,3.3926173570263916
gross_return,2010-03-17 13:34:00,0.4514928690683503,3.3919194256259906
dollar_volume,2010-08-24 11:36:00,0.22105002505190305,3.3916795280657315
price,2010-10-07 14:04:00,0.6239213408136055,3.391167402738132
price,2010-04-22 13:27:00,0.6302057806968349,3.391049902564745
gross_return,2010-11-15 13:34:00,0.35768791167222375,3.3908516068024404
price,2010-07-23 13:55:00,0.5613954170588216,3.3901254611790708
price,2010-09-15 15:45:00,0.5446055867063393,3.390007007613117
price,2010-12-20 14:21:00,0.7710238144483487,3.389722780777906
gross_return,2010-03-08 15:04:00,0.5064014188009541,3.3896407137477538
price,2010-09-29 15:39:00,0.5721877895317214,3.3896123193609866
gross_return,2010-03-08 15:01:00,0.5029734424688674,3.3893694322191763
price,2010-01-21 10:55:00,0.7664884956429722,3.388140786140167
gross_return,2010-09-01 10:36:00,0.3130850999664293,3.3879195718806847
gross_return,2010-09-01 10:34:00,0.3119075996943065,3.387896650542506
gross_return,2010-01-19 15:08:00,0.5054733755930894,3.3875787527128267
gross_return,2010-06-16 14:13:00,0.26683770477020136,3.387201996988539
gross_return,2010-03-02 14:00:00,0.36470388066102594,3.387056634196743
price,2010-02-11 12:18:00,0.6067215250210272,3.3858132183418355
dollar_volume,2010-05-07 13:13:00,0.22791770895807995,3.3856991199565654
price,2010-05-17 12:27:00,0.486664044452499,3.385682732006537
gross_return,2010-06-16 14:15:00,0.26780932715976846,3.3850450226918856
price,2010-09-15 15:44:00,0.5429982714020295,3.3844557244964313
dollar_volume,2010-07-21 12:31:00,0.2239860949758434,3.3842918225265355
gross_return,2010-03-08 15:06:00,0.5080083479676171,3.383402422797341
dollar_volume,2010-09-21 14:37:00,0.2384707615124067,3.3832711735746464
price,2010-10-12 14:09:00,0.6300085517001288,3.3823972870532
price,2010-05-28 13:03:00,0.4625179463657757,3.382342059222312
price,2010-01-27 14:50:00,0.6902276573664357,3.381866469999152
price,2010-10-04 12:22:00,0.5664817626119499,3.3815791742510113
gross_return,2010-06-07 13:09:00,0.28570304643677663,3.3810353725487357
gross_return,2010-02-09 13:39:00,0.36221825812222347,3.3807910725421677
gross_return,2010-09-01 10:32:00,0.3103793677280543,3.3804116728415434
dollar_volume,2010-09-28 13:25:00,0.27848964666891385,3.3803173065970253
gross_return,2010-09-01 10:43:00,0.31613785487318324,3.379686100747278
gross_return,2010-07-13 12:38:00,0.31900615976521224,3.37967214590268
price,2010-01-21 10:51:00,0.7580710511944314,3.379560180727437
dollar_volume,2010-08-24 11:18:00,0.21780914469294133,3.3790758886022045
gross_return,2010-10-08 13:13:00,0.33907113208061096,3.378807180285991
dollar_volume,2010-02-02 15:44:00,0.2400701289576248,3.3780673001101613
price,2010-11-01 15:00:00,0.4851181788510872,3.377671180976622
dollar_volume,2010-10-21 14:23:00,0.2005036498472266,3.377649219351772
dollar_volume,2010-04-19 13:24:00,0.23185964855764132,3.3766758281938656
dollar_volume,2010-04-01 13:44:00,0.25702282288775413,3.3763985964702936
dollar_volume,2010-10-11 15:50:00,0.2042580091816636,3.375667741737961
price,2010-11-05 12:03:00,0.5316652933741534,3.375446807908155
price,2010-06-30 15:59:00,0.41865505942509185,3.3753771118438625
gross_return,2010-05-28 13:18:00,0.2583032088042478,3.374126737824223
price,2010-11-09 12:29:00,0.5771326427989788,3.3735589178492744
price,2010-03-23 15:18:00,0.6322018636802735,3.3733955404796383
gross_return,2010-05-26 14:32:00,0.2357238927391389,3.373307849367855
dollar_volume,2010-08-27 11:03:00,0.2284207161996326,3.3724747130844297
price,2010-09-20 10:30:00,0.5152263649857334,3.372141245369515
price,2010-12-14 13:41:00,0.5710824490251715,3.3714902714042947
dollar_volume,2010-07-12 14:26:00,0.21726943171694912,3.371309107917715
gross_return,2010-06-17 10:30:00,0.2736543570239487,3.3705657248644836
price,2010-12-20 14:22:00,0.7698664398425638,3.3704738034474833
gross_return,2010-09-01 13:54:00,0.39039517030198156,3.369747546021352
gross_return,2010-09-01 10:33:00,0.3103733331076116,3.3696613994679687
gross_return,2010-06-17 10:34:00,0.27540477978396133,3.369544595193643
gross_return,2010-06-07 13:10:00,0.28570169550818547,3.3693386871030526
price,2010-11-22 12:56:00,0.5659195002008904,3.3692621476761357
price,2010-11-22 12:54:00,0.5633536571553798,3.369118880161868
price,2010-08-06 15:22:00,0.6454818911339721,3.3690210889998697
dollar_volume,2010-07-22 11:47:00,0.24521878789769258,3.3689693164738936
gross_return,2010-12-14 13:33:00,0.5249145610839094,3.368191692718457
gross_return,2010-03-05 13:26:00,0.43297917203876646,3.367708741357547
gross_return,2010-07-14 14:03:00,0.3344538227193717,3.3672537709980164
price,2010-11-22 12:45:00,0.553518026051563,3.3671638931340224
gross_return,2010-06-17 10:33:00,0.27485195027144843,3.3671543700175004
gross_return,2010-09-01 10:40:00,0.31407112203086607,3.36703891258363
gross_return,2010-09-01 10:29:00,0.3080792695116985,3.36683522524372
dollar_volume,2010-03-12 15:51:00,0.2215244829681853,3.3664411165208596
price,2010-02-25 14:06:00,0.6700173777199855,3.3663291758465417
gross_return,2010-06-23 14:39:00,0.33294289659471293,3.366311381291332
price,2010-10-04 12:23:00,0.5659222337623047,3.366145166192445
price,2010-07-01 12:58:00,0.42524448402899034,3.3659351776882205
gross_return,2010-09-01 10:30:00,0.30854727327141296,3.3653515663761477
dollar_volume,2010-12-21 10:38:00,0.2669427585633067,3.3650585117317133
price,2010-07-21 14:32:00,0.5535665348222951,3.3648746259335662
gross_return,2010-06-17 10:29:00,0.2728387795592005,3.36464722875183
dollar_volume,2010-04-15 15:23:00,0.22895495546660632,3.3645524338386212
dollar_volume,2010-07-13 11:53:00,0.22193724691605232,3.364416691189374
price,2010-10-04 12:25:00,0.5677885283879806,3.3642406020528832
price,2010-06-23 14:33:00,0.4939405672964965,3.3637138200069723
price,2010-12-29 14:08:00,0.8959580554986306,3.363337290119195
price,2010-05-17 12:28:00,0.48562966588993284,3.363293343138036
price,2010-08-06 15:20:00,0.6419319441857618,3.3632443625987047
price,2010-01-21 10:57:00,0.7661488750563171,3.362933770004396
dollar_volume,2010-03-17 13:24:00,0.23222025257096807,3.362816789611781
price,2010-07-23 14:00:00,0.564043034929189,3.3617935087566813
gross_return,2010-05-28 13:19:00,0.25824081131774956,3.3611716095407043
price,2010-06-01 14:16:00,0.5421718671398209,3.3610753222103646
dollar_volume,2010-06-09 11:40:00,0.20593081096478433,3.359877248987133
gross_return,2010-10-08 13:05:00,0.3328476972967365,3.359364186837439
dollar_volume,2010-06-14 14:51:00,0.23835650238178877,3.359239670173912
gross_return,2010-06-17 10:31:00,0.2736049591510547,3.3579691516736645
dollar_volume,2010-09-16 15:48:00,0.22612465285780128,3.357949971332582
price,2010-03-23 15:28:00,0.644898643311059,3.357026292729584
dollar_volume,2010-05-28 13:51:00,0.22266606813063153,3.3555703017068965
gross_return,2010-12-21 13:48:00,0.6303704262910302,3.3554656157897864
price,2010-08-17 13:26:00,0.5469510140491175,3.355190861556633
dollar_volume,2010-02-04 11:03:00,0.24740668404374433,3.3550137379519347
dollar_volume,2010-12-31 13:22:00,0.2723438328291427,3.3549825187627023
price,2010-02-10 13:04:00,0.5850639068439328,3.354582644704485
price,2010-12-29 14:09:00,0.8959580554986308,3.354558446968707
gross_return,2010-09-01 10:31:00,0.30843491507416276,3.3536803334840637
gross_return,2010-12-14 13:37:00,0.5256888262359173,3.353512238022526
gross_return,2010-11-15 13:31:00,0.35366948204649373,3.3532257786477158
price,2010-08-17 13:51:00,0.5832646931166764,3.353188980941171
price,2010-10-04 12:15:00,0.555878761348086,3.3529083745378987
price,2010-10-07 14:08:00,0.6244736300077538,3.352710988149228
dollar_volume,2010-01-29 14:13:00,0.23346255598058574,3.352093269187622
price,2010-12-29 14:11:00,0.8987290574106912,3.3519493014100132
dollar_volume,2010-02-12 14:29:00,0.22942437696224854,3.351544082113044
gross_return,2010-09-17 12:22:00,0.3604345860653081,3.3510275026986296
price,2010-09-21 14:26:00,0.5717922204065592,3.3504469130469556
gross_return,2010-09-01 10:41:00,0.3135779419989129,3.350044036626629
gross_return,2010-01-19 15:05:00,0.49833338559429796,3.349372059483658
dollar_volume,2010-10-08 11:41:00,0.20140348858763635,3.348648841471207
gross_return,2010-03-08 15:00:00,0.4979840736858381,3.348617605756028
gross_return,2010-09-17 12:14:00,0.35444808444626574,3.348544748349092
gross_return,2010-02-09 13:10:00,0.33395329902150145,3.3479833995522417
price,2010-02-18 14:52:00,0.6739435039598882,3.3477882232633163
price,2010-02-24 11:15:00,0.6481919602825653,3.3476971625668916
dollar_volume,2010-12-28 13:59:00,0.24333321552372328,3.34763398925001
gross_return,2010-09-01 10:49:00,0.31721782122325326,3.3470862354204
price,2010-09-20 10:37:00,0.5200096255224397,3.347031908553688
price,2010-10-04 12:11:00,0.5519574154236302,3.3465495790759388
dollar_volume,2010-07-21 14:46:00,0.24002511512606856,3.3464647270659826
price,2010-01-21 10:56:00,0.7618848303291599,3.3459123482422317
dollar_volume,2010-01-29 14:14:00,0.23356908276987437,3.3457321308959598
price,2010-02-10 13:03:00,0.582808623428013,3.345587022076404
gross_return,2010-11-15 13:32:00,0.3536692966390667,3.345473874781142
gross_return,2010-09-17 12:23:00,0.360731183911741,3.3446666045939795
gross_return,2010-04-05 14:13:00,0.36639628859836854,3.3445865169412423
gross_return,2010-09-01 13:49:00,0.3844535664896144,3.3444599271512883
gross_return,2010-11-26 12:28:00,0.37392151950684094,3.344167669568897
price,2010-08-30 12:54:00,0.6016862039668873,3.343015933793095
price,2010-02-12 12:55:00,0.6700877182132579,3.3428540038556163
gross_return,2010-11-15 13:30:00,0.35366948204649373,3.3425237915150023
dollar_volume,2010-04-28 11:34:00,0.22011728211145987,3.34205918263876
dollar_volume,2010-04-16 15:12:00,0.2204685415656269,3.3414470725982137
gross_return,2010-04-01 12:48:00,0.32940432136170195,3.341410559012826
price,2010-07-14 13:22:00,0.538387131722486,3.341025973826033
price,2010-11-04 15:45:00,0.5242390372901733,3.3409480125861597
gross_return,2010-05-28 13:02:00,0.24868656074747789,3.3406304409962235
gross_return,2010-11-15 13:33:00,0.35387894262452696,3.340341120159605
price,2010-09-15 15:49:00,0.5435927047806516,3.33976170217812
dollar_volume,2010-11-16 13:22:00,0.23202049873775654,3.3395835682573853
dollar_volume,2010-07-13 11:55:00,0.22133388292666883,3.33933800034509
gross_return,2010-03-05 12:58:00,0.4034130422846286,3.3391739541102003
gross_return,2010-04-22 11:25:00,0.37678556706901356,3.3389545643546366
price,2010-11-09 12:34:00,0.5782138435123104,3.3386246303127005
price,2010-03-30 11:27:00,0.6351340846779197,3.3378949054706726
gross_return,2010-03-02 13:56:00,0.3589412684832707,3.3366099500159923
price,2010-08-06 15:21:00,0.6399871479571042,3.3365613303380153
price,2010-11-04 15:44:00,0.5235162349912879,3.336058774572142
gross_return,2010-09-01 13:52:00,0.3862751503691368,3.3356835273527343
price,2010-09-20 10:33:00,0.5149819934645753,3.3356691150707065
gross_return,2010-12-28 14:12:00,0.9632434895023456,3.3353497988112517
gross_return,2010-06-17 13:54:00,0.28879947427460495,3.334466169236925
price,2010-12-21 15:11:00,0.880026185285866,3.3339199613446633
gross_return,2010-03-08 15:07:00,0.5042646381388242,3.3335592769258313
price,2010-11-22 15:22:00,0.6284188572759031,3.3335494182583747
price,2010-10-12 14:08:00,0.6226171574745859,3.3319869348872047
price,2010-07-23 13:56:00,0.5562922432430063,3.331853556461293
price,2010-12-15 13:09:00,0.623091007101053,3.3311323552277683
dollar_volume,2010-03-23 11:06:00,0.2264582753678384,3.3306072501999844
price,2010-01-14 13:48:00,0.6965270390540668,3.3301105447103487
gross_return,2010-02-09 13:12:00,0.3339773463510986,3.3295489749562095
price,2010-12-21 15:17:00,0.8910304127121101,3.3292981317819654
gross_return,2010-07-14 10:53:00,0.32674090668070893,3.3290980548908036
gross_return,2010-12-14 13:36:00,0.5228486560677607,3.3289736767019233
dollar_volume,2010-04-19 13:23:00,0.22947010304506318,3.3289665313521644
price,2010-05-18 12:10:00,0.5092814731107453,3.328423003871001
gross_return,2010-07-07 13:39:00,0.2880160999105791,3.3279571780260366
price,2010-02-11 12:21:00,0.6034497078683366,3.327134162665507
price,2010-12-01 12:34:00,0.7722315471015935,3.32686860614621
price,2010-12-21 15:12:00,0.8806790704903769,3.326300275332405
gross_return,2010-09-01 13:53:00,0.3862782128278546,3.325064345614992
gross_return,2010-01-19 15:09:00,0.500405569164271,3.3248366366663897
dollar_volume,2010-04-19 13:27:00,0.23129089178217474,3.3247127595343358
dollar_volume,2010-08-05 15:20:00,0.2377726105237682,3.3244245929527443
dollar_volume,2010-07-29 13:13:00,0.23839873700555375,3.3243964389731855
dollar_volume,2010-08-05 15:05:00,0.2341841206809034,3.323775524728512
price,2010-10-07 14:07:00,0.6195937176624067,3.3235273591740353
dollar_volume,2010-02-02 15:34:00,0.23313369527208952,3.3233392714580297
gross_return,2010-03-08 15:05:00,0.5010416390107306,3.322980948102561
dollar_volume,2010-04-16 15:13:00,0.22016576047541392,3.3224862438694815
gross_return,2010-05-26 14:47:00,0.24011510726570068,3.321582386739382
price,2010-02-12 12:53:00,0.6643613883853579,3.3213937105303755
dollar_volume,2010-03-02 14:30:00,0.24200288853722143,3.3212564275753773
price,2010-03-10 14:44:00,0.5492230018446753,3.3211003572763413
gross_return,2010-04-01 12:45:00,0.32729271614324673,3.3209196380060226
dollar_volume,2010-03-26 14:02:00,0.24028990203750897,3.320604471361203
price,2010-03-19 15:41:00,0.6105231732678161,3.320242309042435
dollar_volume,2010-08-16 11:25:00,0.23466967704662134,3.319811955043709
gross_return,2010-11-12 13:59:00,0.35092528026038894,3.3193016679385168
dollar_volume,2010-03-02 14:36:00,0.24395190303374772,3.319107767269858
gross_return,2010-03-05 13:03:00,0.40598584026433343,3.3190306982605913
price,2010-03-30 11:28:00,0.6341064198750523,3.3184876008313067
price,2010-02-11 12:29:00,0.6152705729301674,3.317695062628535
price,2010-07-01 13:03:00,0.4257901822555262,3.3176441958743013
gross_return,2010-04-01 12:46:00,0.32729117023243276,3.3169657296007817
dollar_volume,2010-11-19 13:24:00,0.23195194201811342,3.316840851413336
dollar_volume,2010-11-03 15:00:00,0.215091909945379,3.315821871052799
gross_return,2010-08-27 11:21:00,0.3347964253148903,3.315709165953306
gross_return,2010-09-24 12:21:00,0.37579132695920714,3.3150196524767495
price,2010-11-22 12:57:00,0.5611462650662532,3.3138732903307373
dollar_volume,2010-03-31 10:54:00,0.24654002823692092,3.3136197923194293
dollar_volume,2010-02-02 15:35:00,0.23314284155999795,3.3127232950507106
gross_return,2010-12-14 13:34:00,0.5200701851832918,3.3126297900421866
dollar_volume,2010-07-08 13:08:00,0.2048566343574165,3.3123857030729305
price,2010-07-26 14:41:00,0.5662663533130824,3.3119921018914082
price,2010-06-30 15:46:00,0.4046771188843473,3.311845536232465
price,2010-09-29 15:40:00,0.5651213264303492,3.3112311812922983
gross_return,2010-07-07 13:40:00,0.28770455285816204,3.3111403495751444
dollar_volume,2010-07-16 15:35:00,0.21596112004312626,3.3109374804241503
price,2010-09-20 10:32:00,0.5114699545912911,3.309271807600693
gross_return,2010-07-09 14:18:00,0.28645235629543525,3.309067601056644
price,2010-02-23 10:37:00,0.6781048891439159,3.308660935522207
price,2010-09-20 14:46:00,0.5433877796462507,3.308317826328047
price,2010-01-13 12:05:00,0.6763416600388842,3.3082106123023305
gross_return,2010-03-05 13:00:00,0.40268282093667673,3.3076410484143395
price,2010-03-23 15:29:00,0.6400638914122356,3.306579359624949
price,2010-11-29 14:40:00,0.6277190286304674,3.306095865427148
gross_return,2010-05-06 15:03:00,0.34002660308067195,3.3057511437847023
gross_return,2010-06-30 14:12:00,0.3088906556528966,3.3045640656241706
dollar_volume,2010-02-02 15:47:00,0.2382613087646731,3.304300479472675
dollar_volume,2010-11-19 13:25:00,0.23181099974871433,3.3034761722058437
price,2010-07-07 13:20:00,0.43288627811447766,3.3034201948039135
dollar_volume,2010-12-09 15:58:00,0.237556337303873,3.3030586039813854
price,2010-03-19 15:43:00,0.6105968836310414,3.3030268433979173
gross_return,2010-01-19 15:11:00,0.5004002661874057,3.30301245877004
price,2010-11-01 14:59:00,0.47766776743496814,3.302363177828951
price,2010-11-22 13:15:00,0.5896007839363336,3.302354813272956
dollar_volume,2010-09-09 13:12:00,0.22578343477806628,3.3016113296809206
gross_return,2010-03-17 13:33:00,0.4427656432242944,3.3008713066495807
dollar_volume,2010-07-06 15:30:00,0.20538763016638367,3.300081450962346
price,2010-06-29 15:33:00,0.43765889385488893,3.2999745450925317
price,2010-10-21 10:58:00,0.5648052808016064,3.2995831174999757
price,2010-11-22 15:21:00,0.6228161626109194,3.298827446686051
price,2010-12-21 15:16:00,0.8834195298776347,3.298540632923282
price,2010-09-20 10:36:00,0.5144024844830348,3.2981964918322673
price,2010-07-21 14:26:00,0.5398309004886168,3.2976829482566634
gross_return,2010-07-07 13:42:00,0.28811138907349565,3.2972171878305527
gross_return,2010-05-26 14:43:00,0.23740757104310128,3.297172046103165
price,2010-07-22 10:38:00,0.5702637643040332,3.296884622449655
dollar_volume,2010-09-21 14:36:00,0.2345099467630262,3.2963703372014876
dollar_volume,2010-12-23 13:45:00,0.2592845618010203,3.2963316754955825
price,2010-01-14 13:47:00,0.690550174855076,3.2962123182528855
price,2010-02-18 14:53:00,0.6683770043845184,3.2960452336740893
price,2010-10-21 10:59:00,0.5655734561116702,3.2959545392826533
dollar_volume,2010-07-06 11:27:00,0.20020491462176845,3.295614152202829
gross_return,2010-05-28 13:13:00,0.2515813243885387,3.2949752494643403
gross_return,2010-05-06 15:04:00,0.34000785148517315,3.2944672769675987
price,2010-09-20 10:34:00,0.5121521903931662,3.294359651964082
dollar_volume,2010-12-07 11:30:00,0.2148084224895219,3.293570798323116
price,2010-10-07 14:06:00,0.6146404999683429,3.2934548142379247
dollar_volume,2010-03-02 14:43:00,0.24610903184115424,3.2929329625129093
dollar_volume,2010-07-29 13:11:00,0.23628157761579477,3.2924469926012594
price,2010-01-14 13:46:00,0.6886214519119871,3.29243001424558
dollar_volume,2010-05-07 13:04:00,0.22236353713116014,3.2916481709705354
dollar_volume,2010-05-03 14:37:00,0.23793274460429853,3.290889799108629
price,2010-09-20 10:35:00,0.5127391806080693,3.2908508371933416
gross_return,2010-12-14 13:48:00,0.5241713305146252,3.2907143461604713
price,2010-08-06 15:24:00,0.6383370268015156,3.290584124935755
dollar_volume,2010-01-28 12:29:00,0.22768734041255395,3.2899906189283334
gross_return,2010-01-19 15:06:00,0.493595859456345,3.2899059462495073
price,2010-12-29 13:59:00,0.8725610477252398,3.289193764754139
price,2010-07-21 14:33:00,0.5464906544035905,3.288499193950534
price,2010-02-25 14:07:00,0.6607941456554198,3.2873691398856453
price,2010-11-22 12:53:00,0.5533042905177217,3.286613378343934
price,2010-02-23 10:49:00,0.6955081604242541,3.2863057750333784
price,2010-02-23 10:51:00,0.6985722912939477,3.285847577824916
gross_return,2010-09-14 13:08:00,0.35200346673291927,3.285305563433943
gross_return,2010-03-05 12:59:00,0.4001659175452536,3.285042011423304
gross_return,2010-11-15 13:43:00,0.3520712361643315,3.284971380740195
dollar_volume,2010-05-07 13:15:00,0.22464582692534976,3.2848919109553143
price,2010-12-29 14:00:00,0.8725610477252029,3.2836122790609794
price,2010-02-23 10:45:00,0.6897507107800288,3.283266558796018
gross_return,2010-07-07 13:43:00,0.28791166449059646,3.2830221585489556
price,2010-05-28 12:40:00,0.42102941157973206,3.282681539263286
dollar_volume,2010-12-22 10:46:00,0.2661179129629611,3.2825845803367484
price,2010-01-14 13:49:00,0.6915628479090599,3.282047280345736
gross_return,2010-03-05 13:01:00,0.4014934785672185,3.281155578970953
gross_return,2010-04-21 13:57:00,0.3632901359452079,3.280908754789
dollar_volume,2010-05-27 11:40:00,0.19310541749815313,3.280684355206919
gross_return,2010-10-08 13:55:00,0.3403376515794502,3.2806377488554452
price,2010-03-19 15:39:00,0.6039893737208752,3.280392437837764
dollar_volume,2010-06-03 12:52:00,0.22821799145164892,3.2796031877112877
dollar_volume,2010-01-22 15:53:00,0.2127784363652263,3.2794939140172636
price,2010-05-17 12:34:00,0.48507799246717614,3.279389084020827
price,2010-09-20 10:50:00,0.5293327313955145,3.2790452326370323
gross_return,2010-12-14 13:35:00,0.5174293839261889,3.2787071685544595
gross_return,2010-10-12 14:23:00,0.4501410890164841,3.278687217362994
gross_return,2010-03-05 13:02:00,0.40209788352931497,3.2784990993707996
dollar_volume,2010-11-23 15:43:00,0.23923982496900856,3.27811958275975
gross_return,2010-05-26 14:42:00,0.23619311814261904,3.278071198268014
price,2010-02-25 14:05:00,0.6566179275295141,3.278018016329309
dollar_volume,2010-08-16 11:13:00,0.22653315939305443,3.2774874521807713
price,2010-11-29 14:39:00,0.6227494211312589,3.277310020209258
gross_return,2010-05-27 14:51:00,0.22186791024670555,3.277151617975937
price,2010-03-19 15:44:00,0.6086392685813072,3.276817149301209
price,2010-02-10 13:07:00,0.5802631393990468,3.2767466907911627
price,2010-07-13 11:46:00,0.49797492682061184,3.275743535290104
price,2010-02-12 12:56:00,0.6624868213336943,3.275193488735838
price,2010-08-25 15:21:00,0.5816296546682627,3.2751343231725887
gross_return,2010-05-28 12:39:00,0.22699777134686336,3.275083287073916
dollar_volume,2010-03-26 14:21:00,0.2437289060486254,3.274816362344935
price,2010-11-09 12:26:00,0.5626210372938589,3.274478612326652
price,2010-07-07 14:00:00,0.4995599660807561,3.2743785370263
price,2010-12-13 13:14:00,0.5385387905493246,3.274220728531331
dollar_volume,2010-03-26 14:03:00,0.23879828440652373,3.2741513727697784
dollar_volume,2010-01-07 15:51:00,0.2473633154163824,3.273603485802377
price,2010-09-21 14:45:00,0.5761825922369344,3.2733202143638116
price,2010-12-29 14:04:00,0.8751136423752276,3.272372895071605
dollar_volume,2010-02-02 15:48:00,0.23733970847253244,3.271844886711034
dollar_volume,2010-07-08 13:09:00,0.20382675134539546,3.271573099124647
price,2010-04-07 11:07:00,0.6421757348738775,3.2712987704573098
price,2010-03-05 15:09:00,0.5133540010608713,3.2712161728765436
price,2010-11-22 15:10:00,0.60644119958514,3.2707291584607914
price,2010-12-21 15:10:00,0.8667019375022936,3.2703962305408116
gross_return,2010-05-26 14:38:00,0.23412616771480166,3.2702158841310935
price,2010-07-26 15:03:00,0.5856781036738907,3.27013436249773
price,2010-01-21 10:46:00,0.7333085917730968,3.2696732858745277
price,2010-11-09 12:11:00,0.5454327086557355,3.269513996042434
gross_return,2010-09-24 12:22:00,0.3734516661318611,3.2695062923717746
price,2010-03-11 15:26:00,0.5711620784148361,3.269458033016793
gross_return,2010-09-17 12:17:00,0.3513601991008969,3.2688161645807603
price,2010-03-19 15:40:00,0.6035269494965012,3.267740920282074
dollar_volume,2010-05-07 13:16:00,0.22421279626188362,3.2665050529460378
gross_return,2010-07-27 13:14:00,0.29563853835008347,3.2662767360232423
price,2010-09-20 14:35:00,0.5310195442087626,3.2661303826697696
gross_return,2010-06-18 13:01:00,0.2892344456574263,3.265075405838899
price,2010-06-30 15:53:00,0.40532843487553954,3.2648062930443835
price,2010-12-29 14:05:00,0.8751136423752279,3.264619471604542
price,2010-03-10 14:49:00,0.5497604922920963,3.264170727014834
price,2010-11-22 15:15:00,0.6111499365122572,3.263249739994724
price,2010-08-06 15:23:00,0.6335420989270291,3.2632133997040347
price,2010-07-21 14:31:00,0.5418744038187859,3.2629308218717137
gross_return,2010-02-11 12:36:00,0.3478297765792522,3.2622584529798595
gross_return,2010-11-17 15:35:00,0.32346806998905675,3.2620932110713494
gross_return,2010-08-04 15:49:00,0.33917967394120996,3.261965671769101
gross_return,2010-11-17 15:38:00,0.32536095369657997,3.2617932175604913
gross_return,2010-04-21 13:54:00,0.3602777438288661,3.261237870214538
dollar_volume,2010-12-22 10:45:00,0.26465678795008096,3.2611959926008844
dollar_volume,2010-07-06 11:34:00,0.20113015379424667,3.261181341670821
price,2010-11-05 12:04:00,0.5215038721434906,3.2609587509841265
price,2010-11-05 12:01:00,0.5184908434665546,3.2606980153856906
price,2010-10-21 10:57:00,0.5593570013111909,3.2605715582660664
price,2010-12-01 12:37:00,0.7666815675478774,3.2602803921339847
price,2010-12-01 12:35:00,0.7630525264461115,3.2602328428970297
dollar_volume,2010-07-28 12:08:00,0.24001487300139104,3.259771880454524
price,2010-11-09 12:32:00,0.567491133474726,3.259058574464573
gross_return,2010-09-27 14:15:00,0.36114705131354563,3.257469383529088
price,2010-11-01 14:58:00,0.4728766200065242,3.2573002620117846
dollar_volume,2010-12-23 13:39:00,0.25393056851918916,3.2571385217569873
price,2010-12-29 14:06:00,0.8751136423752244,3.2568371862749212
price,2010-12-20 14:15:00,0.7405465586812524,3.256744053506785
price,2010-01-14 13:50:00,0.6895854860021993,3.256715319095544
price,2010-04-07 13:23:00,0.6692577710716163,3.2555775389097765
dollar_volume,2010-07-06 15:31:00,0.20419828732799458,3.255300889967824
price,2010-12-15 13:10:00,0.6152577247386491,3.2551214762585294
dollar_volume,2010-02-02 15:49:00,0.23707357120353933,3.254958713433328
price,2010-11-09 12:46:00,0.5884140143351027,3.2545415622302993
gross_return,2010-06-18 13:02:00,0.2892234244212034,3.254335743622584
price,2010-11-04 15:43:00,0.5156211486620552,3.2539533700585728
gross_return,2010-10-11 13:45:00,0.3703895843106492,3.253751064470195
price,2010-12-21 15:01:00,0.8475419264298809,3.25374369237882
gross_return,2010-07-27 13:19:00,0.29759098866311584,3.253545429234929
price,2010-12-13 13:15:00,0.5374968643879061,3.2535084299363044
dollar_volume,2010-07-29 13:20:00,0.2372675195391069,3.253371564949718
price,2010-05-03 12:41:00,0.6573555438792882,3.2533381588206285
gross_return,2010-02-11 12:37:00,0.34783106248293333,3.253292851471497
dollar_volume,2010-07-28 12:02:00,0.23677210403823046,3.252874889003861
dollar_volume,2010-11-09 14:56:00,0.2280171583830681,3.2521834477791196
gross_return,2010-11-17 15:36:00,0.32346806998905675,3.251509056770603
price,2010-04-16 14:16:00,0.6339584896973188,3.251440000806661
price,2010-11-22 15:20:00,0.6156903722132475,3.2513876262245427
gross_return,2010-08-04 15:50:00,0.33917967394120996,3.2513670699186568
dollar_volume,2010-11-16 13:11:00,0.22784802941093935,3.2507764319013956
price,2010-02-12 14:44:00,0.6831104804831005,3.249736063349055
price,2010-11-29 14:44:00,0.6250121098539076,3.2492301373812102
price,2010-05-03 12:36:00,0.6543636223569436,3.249197755757351
price,2010-12-29 14:07:00,0.8751136423752252,3.249088427136579
dollar_volume,2010-11-16 13:23:00,0.2286816453915974,3.2490227558473257
price,2010-02-25 14:08:00,0.6568345215052928,3.2479116749389205
price,2010-02-05 15:49:00,0.5520074910886834,3.2475482780658735
gross_return,2010-09-27 14:16:00,0.36114848559814733,3.2469925034541247
price,2010-12-21 15:07:00,0.8568312085926143,3.2457788206121037
price,2010-12-16 12:03:00,0.6488254686144411,3.245723258274991
price,2010-03-19 15:42:00,0.6029579067186503,3.24544398642184
gross_return,2010-09-24 12:30:00,0.3784102167041632,3.2447317867062933
price,2010-12-21 15:14:00,0.869770784067766,3.244403489297264
dollar_volume,2010-07-29 13:21:00,0.23725461951266924,3.244062236697925
dollar_volume,2010-07-30 11:45:00,0.2297198307891044,3.2437067584267725
dollar_volume,2010-12-22 10:40:00,0.26206151869316807,3.2436853142395567
dollar_volume,2010-09-24 15:22:00,0.26603349287380745,3.243579118602105
price,2010-12-21 15:13:00,0.8677222914814505,3.2434513011363415
price,2010-07-14 13:23:00,0.528855871880564,3.2430458931087824
dollar_volume,2010-11-16 13:24:00,0.22873776846991484,3.242731155571109
gross_return,2010-01-19 15:10:00,0.49324510838316293,3.2417736288177057
dollar_volume,2010-04-16 15:11:00,0.21613785575397798,3.24107479062071
gross_return,2010-11-17 15:37:00,0.323467188594104,3.2410425621322156
dollar_volume,2010-10-08 11:38:00,0.1969850175822015,3.241032464691034
price,2010-12-14 14:50:00,0.5691212015993313,3.2408559176594522
price,2010-11-01 15:04:00,0.47747573588643116,3.2402334243610755
price,2010-11-09 12:44:00,0.5844590507807649,3.2402090527082783
price,2010-09-23 14:52:00,0.5730804272388538,3.2394580914887583
price,2010-04-27 11:51:00,0.6284795769805893,3.2391504298239324
price,2010-03-23 15:30:00,0.6330723693711306,3.238696321549373
price,2010-02-18 14:54:00,0.6619459472411415,3.2386004528437344
price,2010-07-07 14:01:00,0.4970555269896152,3.238598677658056
price,2010-05-11 14:02:00,0.443650530743969,3.2381332457004484
dollar_volume,2010-12-22 10:41:00,0.2620256997999787,3.237978344792081
dollar_volume,2010-12-31 12:44:00,0.2480365871810639,3.237867272447537
gross_return,2010-11-26 12:20:00,0.36265848946096635,3.2377806222669823
price,2010-11-22 13:14:00,0.5809216432720925,3.237767178465326
dollar_volume,2010-09-16 15:46:00,0.2209130098400716,3.2375123673402353
dollar_volume,2010-01-29 14:12:00,0.22859306942518176,3.2371630317179125
dollar_volume,2010-09-28 13:18:00,0.26787177157597764,3.236635213678851
gross_return,2010-05-26 14:44:00,0.2353146424716247,3.2366229152482853
dollar_volume,2010-04-28 11:32:00,0.21559395893776495,3.2366011791001377
gross_return,2010-07-21 14:13:00,0.302195895995289,3.236236078961855
dollar_volume,2010-11-23 15:30:00,0.23312763338691112,3.23607293757325
gross_return,2010-07-07 13:37:00,0.28226592915157755,3.2360075987390724
price,2010-01-21 10:45:00,0.7267927384941252,3.235333508292944
price,2010-12-13 13:13:00,0.5334307896825092,3.235324419589311
price,2010-11-22 15:16:00,0.6089131680340025,3.235145077465765
price,2010-11-09 12:33:00,0.5657751216450667,3.2347607162359795
dollar_volume,2010-03-24 15:55:00,0.2350046356808809,3.2345461723346154
gross_return,2010-12-17 12:56:00,0.575091409065461,3.2341864181034623
price,2010-12-21 15:15:00,0.8697707840677659,3.2339568296334114
price,2010-09-20 14:47:00,0.53681749920819,3.2335667364323357
price,2010-09-23 14:54:00,0.5742857181079675,3.233068026619246
dollar_volume,2010-08-10 14:27:00,0.22274851766753345,3.232394066687634
price,2010-11-22 12:52:00,0.5463529700397531,3.2322967165617325
price,2010-12-29 14:01:00,0.864789063130004,3.232014851430739
price,2010-08-06 15:25:00,0.6321424712600935,3.231160317263422
price,2010-12-29 14:02:00,0.8656773321338556,3.2308320623866424
price,2010-05-28 13:26:00,0.485141109930906,3.230225810428957
gross_return,2010-12-17 12:49:00,0.5662509276502321,3.230163272855271
gross_return,2010-08-10 14:14:00,0.3311318348268181,3.2289144533596685
dollar_volume,2010-12-21 10:39:00,0.26093724070291685,3.2288075915624765
price,2010-07-14 14:11:00,0.546408484841765,3.228706515370434
price,2010-11-01 14:57:00,0.46953227110033574,3.2286848512566255
price,2010-01-14 13:51:00,0.6872098571575653,3.22864803172369
price,2010-05-27 14:45:00,0.4178224517294143,3.228260977145553
price,2010-12-13 13:16:00,0.5359472392317068,3.2281727665040814
price,2010-11-29 14:59:00,0.6535360935875988,3.2277368506897712
price,2010-12-21 15:03:00,0.8464836890326969,3.2275245952188474
price,2010-02-12 14:41:00,0.6762901886646404,3.2274463017096244
price,2010-03-11 15:25:00,0.5658208431504816,3.227144318497959
gross_return,2010-05-26 14:45:00,0.23531661742091647,3.2270027181934893
gross_return,2010-07-13 12:37:00,0.3096474464539411,3.2269843357354078
price,2010-02-12 12:57:00,0.657363107024981,3.226580526135456
dollar_volume,2010-05-07 13:12:00,0.22137911885832917,3.2262039571434395
gross_return,2010-08-20 13:01:00,0.3277906827555258,3.226143266443237
dollar_volume,2010-12-31 13:20:00,0.2650305082258606,3.225148712081857
dollar_volume,2010-01-22 13:56:00,0.2108161852179456,3.224966134039665
dollar_volume,2010-12-31 13:21:00,0.26549518128260785,3.224767067469578
dollar_volume,2010-11-22 13:33:00,0.23306974044071282,3.224099097066126
dollar_volume,2010-03-26 14:07:00,0.23892268186248658,3.224081053980296
price,2010-12-29 14:03:00,0.8656773321338556,3.2239288855593475
gross_return,2010-12-17 12:57:00,0.5750915033145308,3.2238689214735925
dollar_volume,2010-12-23 13:49:00,0.25765693913050264,3.22357924803722
price,2010-07-14 13:24:00,0.5276584137713763,3.223181439906885
dollar_volume,2010-10-11 15:48:00,0.19816377986256437,3.2227327774079724
dollar_volume,2010-06-10 13:42:00,0.21734928395763733,3.2219363852239726
dollar_volume,2010-08-16 11:12:00,0.22385256082687016,3.2214911340689967
gross_return,2010-12-17 12:55:00,0.5722647950175348,3.221009285119223
dollar_volume,2010-08-16 11:17:00,0.2263308205148739,3.2207838487346403
price,2010-12-21 15:09:00,0.8559291625356249,3.2203841574971244
price,2010-07-14 14:12:00,0.5464908009090379,3.219677307717469
price,2010-08-16 15:04:00,0.4969033787456208,3.218920767274668
price,2010-07-14 13:15:00,0.5182255491609271,3.218812500051254
gross_return,2010-06-23 14:40:00,0.32453851807104706,3.218693515676498
price,2010-11-22 15:19:00,0.6104418481811548,3.218593382453607
dollar_volume,2010-02-02 15:54:00,0.23728174174744093,3.2183437376898674
price,2010-06-01 14:15:00,0.5260166005745368,3.2181897187321575
price,2010-07-21 14:25:00,0.5304386165353256,3.217753584302527
price,2010-12-21 15:04:00,0.8464836890326969,3.2173817899747457
dollar_volume,2010-08-10 14:17:00,0.21749825179235577,3.2173040630255785
price,2010-06-25 14:06:00,0.4576170129504339,3.216745919506879
gross_return,2010-03-02 13:57:00,0.35225104785826244,3.2166432067129613
dollar_volume,2010-05-18 12:02:00,0.23363883105820016,3.216170078318911
price,2010-02-11 12:30:00,0.604075773563884,3.215337593483481
dollar_volume,2010-09-02 10:29:00,0.2319881451486227,3.2152067041954626
gross_return,2010-02-18 13:11:00,0.36098046467672007,3.214421709971596
price,2010-02-05 15:46:00,0.5451154975198845,3.2142352525249436
price,2010-06-25 14:08:00,0.4590781761796956,3.2142021383815895
dollar_volume,2010-06-10 13:22:00,0.2078509940166529,3.2139828540516815
price,2010-03-30 11:19:00,0.611450591064304,3.21364173239021
gross_return,2010-12-17 12:58:00,0.5750918734955889,3.2136396735369614
price,2010-12-13 13:17:00,0.5354291258881851,3.2129644304155436
gross_return,2010-11-24 14:21:00,0.340493415053186,3.212327690651389
dollar_volume,2010-09-01 15:01:00,0.22966463140912313,3.212028204006714
price,2010-11-01 15:19:00,0.4832040245453277,3.211351527927097
dollar_volume,2010-07-16 13:40:00,0.20961564234701782,3.210757929949512
price,2010-04-30 12:52:00,0.6436268641716372,3.2106749133488663
dollar_volume,2010-08-27 10:55:00,0.22031130389885795,3.2106429881659486
price,2010-11-09 12:16:00,0.5455195031150646,3.2103802393398277
dollar_volume,2010-02-02 15:42:00,0.23214248422722053,3.210166859662705
gross_return,2010-07-19 14:46:00,0.3127117828359185,3.2095550591335544
price,2010-03-23 15:26:00,0.6248807324688791,3.2093989749022236
price,2010-01-14 13:52:00,0.6859415428134873,3.209045793840202
price,2010-11-22 15:17:00,0.6069102090249623,3.2090274116680084
gross_return,2010-10-08 13:56:00,0.33643710718315956,3.2088749049502394
price,2010-11-05 12:10:00,0.5217675675887408,3.2086592377254455
price,2010-03-23 15:31:00,0.6305070600465518,3.208145340492833
dollar_volume,2010-07-06 11:26:00,0.19698504024262395,3.2081168800814623
gross_return,2010-05-26 14:46:00,0.23492953144057116,3.2078990898627935
price,2010-07-15 15:24:00,0.5163010403240932,3.207725960420725
dollar_volume,2010-07-08 13:11:00,0.20245426459171373,3.2076203319175542
price,2010-03-23 15:24:00,0.6221889746984843,3.20650485986646
price,2010-03-23 15:25:00,0.6233764448819648,3.206336457559667
gross_return,2010-07-01 14:40:00,0.26028690377105246,3.206249314536817
price,2010-02-25 14:03:00,0.6442391103476763,3.206230450691882
gross_return,2010-10-05 10:38:00,0.2970664501145892,3.2059422818742895
dollar_volume,2010-07-21 11:08:00,0.22190976073291518,3.205350055755976
dollar_volume,2010-08-31 15:55:00,0.2307677308489872,3.2047529151379495
price,2010-04-07 11:06:00,0.6326833453363083,3.2042359783451273
dollar_volume,2010-09-22 12:40:00,0.25353716356880834,3.204121146295455
dollar_volume,2010-10-11 15:34:00,0.1944389015719248,3.203833115491507
dollar_volume,2010-01-07 15:46:00,0.2424830571723174,3.203826832140238
dollar_volume,2010-07-21 12:30:00,0.21634460361024116,3.203532802111523
gross_return,2010-12-17 12:59:00,0.5750919678023791,3.203446555630771
price,2010-02-12 12:54:00,0.6500258157003637,3.2033659990678793
price,2010-11-09 12:22:00,0.5508444907675935,3.203362047910645
gross_return,2010-02-09 13:11:00,0.3257556246068278,3.202927989679732
price,2010-12-13 13:18:00,0.5354291258882001,3.2028376953531557
price,2010-06-23 14:35:00,0.4815156994547131,3.2023996267556973
price,2010-03-11 15:24:00,0.562325855350575,3.202326827068656
gross_return,2010-12-17 12:39:00,0.5515768808075736,3.2022946275865225
gross_return,2010-10-05 10:39:00,0.29720223652991856,3.202129986229179
gross_return,2010-06-08 14:09:00,0.2743514363594508,3.201808493958339
price,2010-05-26 15:42:00,0.39382123516069667,3.201677053017982
gross_return,2010-06-16 14:19:00,0.2611741141773373,3.201653724783282
dollar_volume,2010-09-22 12:41:00,0.25389485262136274,3.2015610177972342
price,2010-05-11 13:51:00,0.4307508820965269,3.2014818484750402
price,2010-09-15 15:58:00,0.5422633127376562,3.2011856353242485
price,2010-11-22 15:18:00,0.607122603896062,3.201167655523993
gross_return,2010-12-17 12:54:00,0.5686358882692713,3.2009849270883706
gross_return,2010-07-13 12:39:00,0.3093817948999588,3.200919487072116
price,2010-07-22 10:32:00,0.5521364681947867,3.200860955201379
price,2010-06-23 14:34:00,0.4804860718349936,3.200764054592859
price,2010-10-20 12:24:00,0.5592376646316765,3.200701952575113
gross_return,2010-03-02 13:58:00,0.3518915051142246,3.2005943041095852
dollar_volume,2010-09-28 13:21:00,0.2674415860440713,3.2004310901086166
gross_return,2010-07-13 12:49:00,0.31492803533496116,3.200353406612269
price,2010-07-26 14:42:00,0.5549877648611781,3.2001690626970016
gross_return,2010-10-05 10:34:00,0.29519947046230577,3.199515448644176
dollar_volume,2010-08-16 11:19:00,0.2265034211110081,3.1994470848155427
dollar_volume,2010-10-25 14:18:00,0.2124863475887811,3.199307985930463
price,2010-05-24 12:45:00,0.43746042613447944,3.199147778865216
price,2010-02-12 14:43:00,0.6747289299077207,3.1990833162000665
dollar_volume,2010-03-26 13:58:00,0.23387619110787655,3.1985865826235735
price,2010-06-25 14:07:00,0.4568916482614561,3.198554344998921
price,2010-04-13 15:53:00,0.6856294218590195,3.1983512255398305
gross_return,2010-07-09 14:22:00,0.2831765422245531,3.198248886546228
dollar_volume,2010-11-23 15:44:00,0.23621752394814216,3.1979468051491895
dollar_volume,2010-07-08 13:12:00,0.20246101122630658,3.1979367235248337
price,2010-01-14 13:54:00,0.6870637646485452,3.1972619821215598
gross_return,2010-12-17 12:53:00,0.5669684296123287,3.1971173501955317
price,2010-01-21 10:44:00,0.7197565446959295,3.197059044678649
dollar_volume,2010-06-03 12:53:00,0.2251464585670444,3.1968296427364735
gross_return,2010-10-11 15:45:00,0.3724780446630129,3.195502350541056
gross_return,2010-11-24 14:22:00,0.340057716232515,3.195423490439342
dollar_volume,2010-11-16 13:10:00,0.22529921879353332,3.1951057607672215
price,2010-07-22 10:37:00,0.557704659599416,3.1947232138007697
price,2010-02-24 11:07:00,0.6191138529339603,3.194689834494764
price,2010-09-15 15:48:00,0.5282579888925921,3.1943980706457893
price,2010-02-05 15:23:00,0.5311494264157796,3.1941985329200873
price,2010-01-14 13:53:00,0.6852767874963402,3.1940861688220936
gross_return,2010-07-07 13:28:00,0.276530138883041,3.1928014539605125
gross_return,2010-04-21 13:55:00,0.3563932260921947,3.1927575373076507
price,2010-03-26 12:49:00,0.6345284726216144,3.1927514054162818
dollar_volume,2010-09-22 12:42:00,0.25393465829008044,3.1923025075724776
price,2010-10-07 14:02:00,0.5973028463712412,3.192162514617287
price,2010-11-09 12:23:00,0.5506632090357749,3.1920003231185388
price,2010-12-13 13:19:00,0.5353197163534662,3.191781491752316
price,2010-03-30 11:18:00,0.6075039339949232,3.191676169584351
gross_return,2010-02-09 13:13:00,0.3260011806492481,3.1914136745386155
gross_return,2010-10-06 15:32:00,0.2838264175387928,3.190874139431724
dollar_volume,2010-04-01 13:42:00,0.24788479057891397,3.190623248762218
gross_return,2010-03-02 13:59:00,0.35189298128731805,3.190530439382068
price,2010-03-10 14:47:00,0.540122209824642,3.1899309346647944
gross_return,2010-08-20 13:00:00,0.32512006183535813,3.1896758554423705
gross_return,2010-08-19 10:54:00,0.31229675135842166,3.189640172573355
price,2010-09-20 14:34:00,0.5223132127884125,3.189129366622692
price,2010-12-21 15:06:00,0.8449535982533222,3.1889047133467803
gross_return,2010-02-16 15:49:00,0.39445752031831943,3.188627546408288
price,2010-02-23 10:48:00,0.6801723826895656,3.188320480710179
gross_return,2010-12-17 12:48:00,0.5600134209307683,3.1873957309062186
dollar_volume,2010-07-16 13:51:00,0.2081122354430462,3.187191212221485
price,2010-11-01 15:25:00,0.486036780900423,3.186667949791725
dollar_volume,2010-07-06 11:30:00,0.1975681673280847,3.1866123069961074
dollar_volume,2010-11-23 15:34:00,0.23250317346652052,3.1864972244631486
price,2010-07-26 14:43:00,0.5544385155654649,3.1861730172261034
price,2010-03-23 15:32:00,0.6289207989443466,3.1857084706160226
price,2010-02-24 11:13:00,0.6243713790784478,3.1856333461605324
price,2010-10-12 14:06:00,0.6024963830214989,3.185505153901665
dollar_volume,2010-05-28 14:04:00,0.22389267960442982,3.185241634030549
gross_return,2010-08-19 10:53:00,0.3114105413555263,3.1839852219688822
price,2010-11-22 13:16:00,0.5769737962625481,3.183544160030625
gross_return,2010-10-07 13:55:00,0.3146198033372011,3.18347760353685
gross_return,2010-10-06 15:33:00,0.2838265693228656,3.1826696949168527
price,2010-08-06 11:04:00,0.5892682949744141,3.1824295480482636
price,2010-04-16 14:14:00,0.6237156547243721,3.1823415039786576
gross_return,2010-05-26 14:39:00,0.23091903724689816,3.182150677046012
price,2010-03-30 11:29:00,0.6182474660093309,3.1820259112940286
dollar_volume,2010-07-06 11:28:00,0.19678429166692493,3.1819188931920874
gross_return,2010-11-26 12:19:00,0.3582192882066244,3.1815286585725864
gross_return,2010-12-17 12:41:00,0.5514247646477343,3.1810827691493877
gross_return,2010-09-27 14:13:00,0.35497813037720105,3.180805791552436
price,2010-07-14 13:25:00,0.5239797197251753,3.1805138545347935
dollar_volume,2010-07-28 12:24:00,0.24061525036602033,3.180338514211567
dollar_volume,2010-07-22 11:44:00,0.23550486836153478,3.180294133350791
price,2010-12-21 15:02:00,0.8361292083156101,3.178445305414702
gross_return,2010-04-01 12:41:00,0.3184866925994479,3.1780977860655777
price,2010-01-14 13:44:00,0.6705808446065886,3.1776739250094734
dollar_volume,2010-06-14 14:50:00,0.2303394709579914,3.17767160316046
gross_return,2010-08-27 11:22:00,0.32708541897886223,3.1776191630554416
price,2010-07-01 13:04:00,0.41534352445130135,3.1775236523700148
dollar_volume,2010-12-17 11:48:00,0.2650158683311341,3.1771312589432488
price,2010-09-29 15:41:00,0.552004040367168,3.1769260658219527
gross_return,2010-07-07 13:53:00,0.28714215461465187,3.17675348533097
gross_return,2010-10-12 14:24:00,0.4419928877083294,3.1767532017374385
dollar_volume,2010-12-31 13:00:00,0.2519246837073843,3.176565138732383
dollar_volume,2010-06-10 13:36:00,0.21182732227918263,3.1748037872022907
price,2010-02-25 14:04:00,0.6413360141893327,3.174797755479889
gross_return,2010-07-07 13:29:00,0.2760876265699518,3.1747665238014755
dollar_volume,2010-08-10 14:18:00,0.21617299543045002,3.1738726761520444
gross_return,2010-04-21 13:51:00,0.3527789508800502,3.1734171244263503
price,2010-05-17 12:25:00,0.46454155603404584,3.1733401296324772
gross_return,2010-06-17 10:36:00,0.2668833886536922,3.1730639139459784
price,2010-02-18 14:55:00,0.6542597497697455,3.1727117575849766
price,2010-11-19 14:23:00,0.5010374746996394,3.172008166200961
price,2010-11-22 15:14:00,0.598884261510739,3.17184770231809
gross_return,2010-07-07 13:46:00,0.2834096837431829,3.1707117990419316
gross_return,2010-04-05 14:11:00,0.3536778944975465,3.1702404294386883
price,2010-04-07 13:15:00,0.6445757397203745,3.1698551689315373
price,2010-12-21 15:08:00,0.8449535982533217,3.168760768985015
dollar_volume,2010-12-17 11:49:00,0.2650413675806472,3.168701119739654
price,2010-08-02 10:29:00,0.5527153384050987,3.1686721954736843
dollar_volume,2010-09-16 15:49:00,0.21960871251566225,3.1686654140043053
gross_return,2010-07-13 12:46:00,0.31131935462249427,3.168216585724399
dollar_volume,2010-08-27 11:16:00,0.2247424563257933,3.1674816056229083
price,2010-08-06 15:26:00,0.6252899997512484,3.1673508142738633
gross_return,2010-07-13 12:36:00,0.30564004764754266,3.1667346671809335
dollar_volume,2010-04-20 15:55:00,0.2297745674310397,3.1666005512794895
gross_return,2010-08-10 13:18:00,0.2965071224683524,3.1665326839782857
price,2010-08-25 15:22:00,0.5702220508529835,3.166309476196285
gross_return,2010-12-17 12:51:00,0.5608782507052849,3.165456746817753
gross_return,2010-07-13 12:35:00,0.30500812269367705,3.165381255143364
price,2010-03-10 14:43:00,0.5327765254632851,3.1653336041739326
price,2010-03-23 15:33:00,0.6275331211270783,3.1651219934470807
dollar_volume,2010-07-06 11:29:00,0.19653421836022775,3.164893611020443
dollar_volume,2010-09-22 12:44:00,0.2534787535956955,3.1646560049672368
gross_return,2010-12-17 12:40:00,0.5483345188439863,3.16434918322731
price,2010-12-13 13:10:00,0.523035252321506,3.1636453265681754
dollar_volume,2010-07-28 12:04:00,0.23400819505848494,3.163554889658119
price,2010-06-23 10:35:00,0.4860417184218888,3.163206561060066
gross_return,2010-12-17 12:43:00,0.5514246522647198,3.1618129718480072
gross_return,2010-06-17 10:35:00,0.2659613169890294,3.1615975024303338
gross_return,2010-06-16 14:12:00,0.2561277110944362,3.161410750326864
gross_return,2010-12-17 12:50:00,0.5592513982901446,3.1612904020540595
price,2010-02-08 13:46:00,0.5537952121033576,3.1612059456085273
dollar_volume,2010-03-09 14:26:00,0.22450409669637472,3.1610768020331297
dollar_volume,2010-12-21 10:42:00,0.25890739632663046,3.1605890984898846
price,2010-01-21 10:43:00,0.7130111990039869,3.160137477595699
price,2010-10-04 12:14:00,0.5352315679431748,3.159731333127679
gross_return,2010-09-14 13:07:00,0.3437896972897705,3.1590792622693993
dollar_volume,2010-03-17 13:27:00,0.2250591465452503,3.1588915904842656
price,2010-05-28 12:39:00,0.41032548248046863,3.1586136854326563
gross_return,2010-07-13 12:47:00,0.31131903883709927,3.158403748701687
dollar_volume,2010-03-15 12:25:00,0.2184752473933712,3.158320348585948
dollar_volume,2010-05-20 13:48:00,0.20771618653875168,3.158207420108434
gross_return,2010-07-07 13:47:00,0.2832156195400231,3.1581120853333244
gross_return,2010-06-17 10:32:00,0.2645746876083887,3.1576332776103726
price,2010-11-04 15:42:00,0.5063713276742171,3.156969006889678
price,2010-11-09 12:25:00,0.5489478582417185,3.1568300092981962
price,2010-09-29 15:38:00,0.5467125261939563,3.1567283126075596
gross_return,2010-01-19 15:12:00,0.48683409278052936,3.1565681972360724
price,2010-07-23 13:59:00,0.5402833644096046,3.1565374653766622
price,2010-02-10 13:08:00,0.5678863023674066,3.156467878374389
price,2010-10-28 10:46:00,0.5884696133460374,3.1564592165574608
price,2010-11-05 12:05:00,0.5122117423774378,3.15644380310238
gross_return,2010-04-21 13:53:00,0.35277836457642514,3.1564132944304415
price,2010-06-30 15:55:00,0.3985361350863835,3.1553212512241218
dollar_volume,2010-05-07 15:54:00,0.22036016069599224,3.154917145569909
dollar_volume,2010-12-31 12:49:00,0.24658456870395656,3.1541344738140893
gross_return,2010-02-09 13:09:00,0.3215913461209553,3.153862660757056
gross_return,2010-10-08 13:57:00,0.33355499408581135,3.1538040929795894
price,2010-01-19 15:42:00,0.6974038269108856,3.1537963332813987
dollar_volume,2010-11-23 15:55:00,0.23840428431086963,3.153495264001647
price,2010-07-15 10:37:00,0.547022258139108,3.152843723475259
price,2010-09-01 10:55:00,0.6634294563799511,3.1527768555829057
price,2010-07-01 13:10:00,0.4173988468333116,3.152446942296111
dollar_volume,2010-12-31 12:59:00,0.25039253306331416,3.152396037582159
gross_return,2010-12-17 12:44:00,0.5514246522647198,3.152302858280548
gross_return,2010-06-16 14:16:00,0.2576317648156015,3.1515585944945754
gross_return,2010-07-13 12:48:00,0.31147979866425163,3.151460421577809
price,2010-08-06 15:01:00,0.5957155594564899,3.1503473097179246
dollar_volume,2010-07-21 10:37:00,0.2155420840533556,3.1502423783191285
price,2010-04-07 11:05:00,0.6247740574830343,3.1494163477954746
gross_return,2010-04-22 15:53:00,0.3447013523315133,3.149342800207077
gross_return,2010-10-08 13:11:00,0.32368126936074,3.149213656208725
price,2010-11-22 15:13:00,0.5950119014598472,3.149125665198829
price,2010-03-26 12:50:00,0.630033995709107,3.1486393678802105
price,2010-12-21 15:05:00,0.836108176223518,3.148629101725293
gross_return,2010-12-14 14:04:00,0.5204581263081755,3.147843830860751
price,2010-11-09 12:24:00,0.546967783269005,3.14778339886949
price,2010-11-02 13:22:00,0.48719636418218737,3.147708594599887
gross_return,2010-07-28 13:03:00,0.2864045970511002,3.147231773484089
gross_return,2010-12-17 12:46:00,0.5530149528470576,3.1470959354426484
gross_return,2010-10-08 13:58:00,0.3336949539698636,3.1464677871863653
price,2010-03-05 15:10:00,0.5023702817592882,3.1454438505473585
gross_return,2010-03-16 13:45:00,0.4397686183826195,3.1453527630118936
price,2010-02-12 12:39:00,0.6272241531833536,3.1441151692425784
gross_return,2010-12-17 12:45:00,0.5514936599781372,3.1435321747436253
price,2010-03-19 15:38:00,0.5874579557056848,3.14327051482758
gross_return,2010-03-16 13:46:00,0.4397686183826195,3.142724734773594
gross_return,2010-12-17 12:52:00,0.5592516209910456,3.14232303593999
price,2010-05-24 12:46:00,0.4333081612105356,3.1419905559454904
dollar_volume,2010-12-31 12:50:00,0.24644308734766596,3.141284569950879
dollar_volume,2010-07-08 13:13:00,0.2008200779814604,3.141200768642301
gross_return,2010-07-07 13:49:00,0.2832156552517723,3.140979939959785
gross_return,2010-11-03 14:31:00,0.3947392623113366,3.1402619422234586
price,2010-10-12 14:27:00,0.6418970470789805,3.1392178794150443
price,2010-12-13 13:12:00,0.5224907533939139,3.1391173248958246
dollar_volume,2010-09-16 11:06:00,0.21815202711258325,3.13842991102508
gross_return,2010-09-20 12:31:00,0.3698820190361406,3.1382798789548043
dollar_volume,2010-02-02 15:41:00,0.22870993617399918,3.1382257536926974
gross_return,2010-12-17 13:02:00,0.570473792826311,3.137701195214427
gross_return,2010-12-17 12:47:00,0.553015221375269,3.137653298414776
dollar_volume,2010-12-31 12:30:00,0.23842178021046515,3.1375922251896062
price,2010-01-19 15:31:00,0.6778775145377212,3.137405638261885
gross_return,2010-07-07 13:50:00,0.2834791243999961,3.1373173834473964
gross_return,2010-10-08 13:12:00,0.3235330300921683,3.137182067593796
dollar_volume,2010-06-10 13:11:00,0.20209132322764126,3.136777014992514
dollar_volume,2010-05-07 13:08:00,0.21707630587448956,3.1364801521508987
gross_return,2010-12-21 13:49:00,0.6043825407838327,3.1363190151216744
gross_return,2010-02-18 13:12:00,0.35642997097560053,3.1361452602771656
gross_return,2010-12-17 12:42:00,0.5472871855957115,3.135861949135062
price,2010-02-24 11:16:00,0.6219153106977782,3.135536435434988
gross_return,2010-04-05 13:54:00,0.34457835516777297,3.1351437633274117
price,2010-03-11 15:19:00,0.5510204525002371,3.1351185377735837
dollar_volume,2010-11-05 14:00:00,0.20769098136374708,3.1345800166424147
gross_return,2010-10-11 13:46:00,0.3626882732215293,3.1343314425439663
price,2010-11-09 12:17:00,0.5385300560328595,3.133752910152978
dollar_volume,2010-07-21 12:35:00,0.21533743937993874,3.1334992938637702
price,2010-09-15 15:59:00,0.5362664825864442,3.13292314732649
price,2010-01-14 13:43:00,0.6634053186785938,3.132842734048295
price,2010-11-09 12:08:00,0.5286098772651158,3.132503100165664
price,2010-06-01 14:14:00,0.5159857849650253,3.1324095716324725
price,2010-08-17 13:52:00,0.5592252869470875,3.1322743241288595
price,2010-04-27 11:52:00,0.6163096352633652,3.132217659509729
gross_return,2010-11-03 14:32:00,0.39480874734245786,3.1316327804463975
dollar_volume,2010-12-28 12:44:00,0.23172048525705963,3.130525744376183
gross_return,2010-02-22 15:53:00,0.3688006236350436,3.130221808995004
gross_return,2010-07-13 12:43:00,0.30743507544025783,3.129905853130991
dollar_volume,2010-10-11 15:32:00,0.19135922429902616,3.129596379293707
price,2010-08-16 14:59:00,0.48647221525245377,3.129485282877077
price,2010-08-06 11:03:00,0.582161871757027,3.12941262838736
dollar_volume,2010-12-07 13:10:00,0.21038630396027339,3.1294056858987065
price,2010-09-21 14:21:00,0.5444640000219654,3.129404236927932
dollar_volume,2010-12-31 12:31:00,0.23847474114519712,3.1293046132449014
dollar_volume,2010-08-10 14:26:00,0.21815140521380588,3.12856480635331
price,2010-05-13 13:57:00,0.4210370254687505,3.1282983582840074
gross_return,2010-12-17 13:03:00,0.5704744382603599,3.1281328518957427
dollar_volume,2010-02-22 12:44:00,0.21925046742680565,3.1281026768248164
price,2010-05-12 12:53:00,0.4232774444279066,3.1280425000516567
gross_return,2010-12-17 12:37:00,0.5407747007242044,3.1278410216396635
price,2010-09-21 14:22:00,0.5450171575132919,3.1276665852960153
gross_return,2010-02-11 12:35:00,0.33815465526667465,3.127615327689582
dollar_volume,2010-12-14 11:00:00,0.24069005337661648,3.127491729777135
gross_return,2010-11-19 13:16:00,0.35246010844947145,3.126652621460394
dollar_volume,2010-02-02 15:45:00,0.22984737020464033,3.126246860647664
price,2010-04-01 14:15:00,0.6172653477991397,3.126051300122059
gross_return,2010-10-11 13:47:00,0.3626882732215291,3.125985493924487
gross_return,2010-04-05 14:12:00,0.35133114059459364,3.124741465064542
price,2010-04-13 15:34:00,0.6580678189937039,3.1245613642266052
dollar_volume,2010-06-23 12:02:00,0.2227200755417337,3.1244704583377545
price,2010-02-23 10:52:00,0.6768138811682831,3.1237874774003367
gross_return,2010-07-09 14:19:00,0.2774112779479133,3.12344070800056
dollar_volume,2010-11-03 15:03:00,0.2089881670524068,3.1233983114999515
price,2010-05-25 15:54:00,0.399643651716687,3.1232934693282783
dollar_volume,2010-08-26 15:48:00,0.2137364783207889,3.123107706032006
price,2010-12-15 12:51:00,0.582516176532673,3.1230096716595113
gross_return,2010-07-07 13:27:00,0.2725475980360874,3.1228956302004374
dollar_volume,2010-08-10 14:29:00,0.21899593234735926,3.1228044222941036
price,2010-06-23 10:32:00,0.4800578180657851,3.1226804107308337
dollar_volume,2010-03-23 11:05:00,0.21793803436226153,3.122507041013038
dollar_volume,2010-09-24 15:21:00,0.25969751254588247,3.1222459386296233
dollar_volume,2010-07-16 15:34:00,0.20828349405359078,3.12194721381991
gross_return,2010-02-22 15:54:00,0.3688006236350436,3.1214225143592502
dollar_volume,2010-09-21 15:00:00,0.24436015685331258,3.121029124040242
gross_return,2010-11-02 15:42:00,0.3630770588247447,3.120819173823368
price,2010-03-05 15:08:00,0.49811400071337697,3.1204150960304404
gross_return,2010-07-13 12:44:00,0.30743507544025767,3.120400897031518
price,2010-03-26 12:51:00,0.6273968121509049,3.1203388607191402
gross_return,2010-11-24 14:36:00,0.34197723931643564,3.1201607323929954
dollar_volume,2010-03-24 15:53:00,0.22961873068032068,3.11979385885855
dollar_volume,2010-12-31 12:27:00,0.23644741678733283,3.119597675400731
price,2010-10-20 12:25:00,0.5511889323386365,3.1184334235552935
price,2010-09-15 15:39:00,0.512854971816122,3.11814407828591
price,2010-11-09 12:18:00,0.5378755799683653,3.118007239976768
price,2010-12-13 13:11:00,0.5193294069199194,3.1178842037949104
price,2010-02-12 12:25:00,0.6090289332599593,3.117394960197067
price,2010-11-09 12:19:00,0.53879066411265,3.1172830195802663
price,2010-11-09 12:21:00,0.5406899368886712,3.1171266777497766
gross_return,2010-10-11 13:48:00,0.3626882732215293,3.117056861853256
dollar_volume,2010-11-23 15:27:00,0.22696713887482806,3.1166495779674785
price,2010-01-13 12:06:00,0.6527057238757086,3.1164045043187274
price,2010-11-09 12:45:00,0.5714288068120046,3.1162545070867282
gross_return,2010-09-27 14:14:00,0.35145972226258915,3.1159614849136448
price,2010-12-14 14:49:00,0.554520745717165,3.1159469281956023
gross_return,2010-10-08 13:07:00,0.31940458221479723,3.115860243089994
price,2010-07-14 13:26:00,0.5178003573220729,3.115267954518445
price,2010-12-14 14:51:00,0.5561411341205738,3.115134634420234
gross_return,2010-11-02 15:43:00,0.3630748665857572,3.11510942621804
dollar_volume,2010-12-31 12:28:00,0.2366520770109753,3.1149505342808292
dollar_volume,2010-03-12 15:58:00,0.21451778701288854,3.1149016599962494
dollar_volume,2010-09-17 11:45:00,0.22057749255731057,3.114353977160158
price,2010-04-13 15:32:00,0.6545645090256995,3.11416653792988
price,2010-05-03 12:35:00,0.6361867624352282,3.1141086234629034
price,2010-09-15 15:47:00,0.5194395103840085,3.1140443056040397
gross_return,2010-10-29 12:46:00,0.3658666053762797,3.1134146406118703
price,2010-11-09 12:04:00,0.5228784119679841,3.113235368919743
gross_return,2010-07-09 12:30:00,0.2788486183053539,3.1129206401635314
dollar_volume,2010-02-18 12:41:00,0.2162195561719099,3.111887553126486
price,2010-02-18 14:47:00,0.6354976819693383,3.110156740091756
gross_return,2010-04-23 15:30:00,0.33606233728689594,3.110152016387584
price,2010-09-20 14:48:00,0.5251459476445768,3.109708389436497
price,2010-12-01 12:38:00,0.7432955886808077,3.109526739307629
dollar_volume,2010-09-22 12:46:00,0.251685860322444,3.109081436137195
dollar_volume,2010-11-23 15:28:00,0.22703542439442242,3.109000215495212
gross_return,2010-08-20 13:02:00,0.321279523933547,3.1081101517557213
price,2010-07-13 11:50:00,0.48579853262152617,3.107944209619149
price,2010-04-13 15:33:00,0.6548182693003932,3.107477127436126
price,2010-09-03 14:08:00,0.6637611329995137,3.1072031410765586
dollar_volume,2010-08-26 15:50:00,0.2139260555171018,3.107173473721717
gross_return,2010-07-07 13:38:00,0.2761183294574866,3.1068230487189847
dollar_volume,2010-06-03 12:55:00,0.22214132914862372,3.106552864657473
price,2010-05-25 12:18:00,0.40029795560406417,3.1065474181992125
dollar_volume,2010-06-14 10:50:00,0.22805420922897124,3.106528054814827
price,2010-05-27 14:05:00,0.3950873058408919,3.1065249242657056
price,2010-10-20 12:42:00,0.5642077401393745,3.1064155803878992
gross_return,2010-12-17 12:30:00,0.5309720718064457,3.1057401628110357
dollar_volume,2010-02-12 14:27:00,0.21924842206450884,3.1053246302850166
price,2010-05-17 12:26:00,0.45893254097261954,3.104596281328349
price,2010-03-30 11:21:00,0.6002159388485243,3.1044245995887167
gross_return,2010-07-28 13:02:00,0.2836990994041634,3.104290271073101
dollar_volume,2010-06-10 13:28:00,0.20681759687752507,3.1041945645086044
gross_return,2010-07-14 10:54:00,0.3136827256067365,3.104170383599096
price,2010-11-19 14:12:00,0.4810970839147638,3.1036192011670085
dollar_volume,2010-03-15 12:24:00,0.21605354083346212,3.103600304107227
gross_return,2010-11-02 15:45:00,0.36515728313903684,3.103461205257025
gross_return,2010-03-02 14:02:00,0.34850593065373364,3.103065930894617
price,2010-02-23 10:36:00,0.6485972835883222,3.102980553314339
price,2010-08-17 13:25:00,0.5200202448770171,3.1029562019378734
dollar_volume,2010-12-31 12:46:00,0.24299477159648072,3.1027268573631854
price,2010-02-12 14:42:00,0.6600924991628845,3.1027259958422784
dollar_volume,2010-01-26 11:34:00,0.21138456427829208,3.1025017276837645
dollar_volume,2010-09-21 10:41:00,0.22360626843346684,3.1022153136809445
dollar_volume,2010-11-23 15:29:00,0.2271256710974966,3.101824795722696
dollar_volume,2010-01-22 13:53:00,0.20571415679814753,3.1017252955332175
gross_return,2010-08-19 10:52:00,0.30620905965144424,3.101510161593302
gross_return,2010-04-23 15:31:00,0.3360622442229191,3.1011694880457914
dollar_volume,2010-02-02 15:46:00,0.22917638221397646,3.1010619627134366
gross_return,2010-06-07 13:51:00,0.28061150061099827,3.1010412103140292
gross_return,2010-04-23 15:25:00,0.33228087913577975,3.1006499083115946
dollar_volume,2010-06-10 13:34:00,0.20831350021717984,3.100627243281085
dollar_volume,2010-08-24 11:34:00,0.20907036091980818,3.1005779934867257
price,2010-12-31 15:50:00,0.8268054608257001,3.0994061812371014
dollar_volume,2010-01-21 12:38:00,0.21300256577956955,3.0993610780058702
dollar_volume,2010-05-18 15:02:00,0.2296783160014131,3.098926040228713
price,2010-08-25 15:02:00,0.5312874523330492,3.098316995717559
dollar_volume,2010-11-16 13:21:00,0.22205685736739156,3.097949487386519
gross_return,2010-11-24 14:23:00,0.3344640383466605,3.097853938927936
gross_return,2010-11-15 13:44:00,0.3401531976274244,3.0974611981247024
dollar_volume,2010-06-14 10:48:00,0.22695831518769582,3.0974230894003907
dollar_volume,2010-03-25 11:05:00,0.23037730868847395,3.0972203168318515
price,2010-03-23 15:34:00,0.6203856867999167,3.097208635336364
gross_return,2010-06-07 13:53:00,0.2813631988335308,3.0969582711344734
gross_return,2010-09-17 12:16:00,0.3399222352123798,3.096856825644548
price,2010-09-20 14:53:00,0.5281759966023909,3.0965807830770866
gross_return,2010-04-23 15:32:00,0.33632526405173424,3.0964350699307754
gross_return,2010-12-17 12:31:00,0.5309720718064462,3.09642342111219
gross_return,2010-07-13 12:42:00,0.3049342901164298,3.096145232523536
dollar_volume,2010-05-07 13:11:00,0.21605431689193705,3.095951772563808
price,2010-02-08 13:44:00,0.5450339379208873,3.0956824885704646
dollar_volume,2010-03-12 15:57:00,0.21346204499516025,3.0956652278175243
dollar_volume,2010-12-31 12:29:00,0.23621316854402818,3.095400770269165
gross_return,2010-08-20 13:03:00,0.3209628200810114,3.0950348758775523
price,2010-10-28 10:47:00,0.5821542114390245,3.0949096778739453
gross_return,2010-06-07 13:52:00,0.28075163054301744,3.0945483452494362
gross_return,2010-04-21 14:01:00,0.3529261919877461,3.0944865074836136
price,2010-11-22 12:48:00,0.5276865393493171,3.094243953407042
price,2010-11-22 12:46:00,0.5257870804876557,3.0938361830127556
price,2010-09-20 14:52:00,0.5269831363787265,3.0932099519504286
dollar_volume,2010-01-22 13:54:00,0.20563619644745545,3.0929038318775772
dollar_volume,2010-06-22 11:10:00,0.21840582547455611,3.092827708246768
price,2010-11-22 12:49:00,0.5284728063331182,3.0925057734508323
price,2010-09-21 14:23:00,0.5418453728577158,3.092286532588029
dollar_volume,2010-07-29 13:10:00,0.22769384261748735,3.091831168256377
dollar_volume,2010-04-15 15:20:00,0.2166660762006234,3.091498162238778
price,2010-09-29 15:42:00,0.5438759127454487,3.091122411285928
gross_return,2010-05-28 13:03:00,0.2381300262308246,3.0910262377334985
price,2010-02-23 10:46:00,0.6639239287103573,3.0905542667279806
price,2010-11-22 12:51:00,0.5300729958737727,3.0896917587051593
dollar_volume,2010-03-02 14:39:00,0.23596229819341372,3.089426723305722
price,2010-11-22 15:11:00,0.5857020706293529,3.0890909354561003
gross_return,2010-06-17 10:41:00,0.2645070090073839,3.0890619876830723
price,2010-10-21 14:11:00,0.5662043839774145,3.0890297766515302
gross_return,2010-04-23 15:33:00,0.33632468328121823,3.088284585901798
gross_return,2010-07-07 13:26:00,0.27034678800459844,3.088070553518366
dollar_volume,2010-04-16 15:14:00,0.21136477746597573,3.0878307037779082
price,2010-02-05 15:25:00,0.5223066293474599,3.0876390006816274
dollar_volume,2010-01-22 13:55:00,0.20566466647382642,3.0875117019372884
gross_return,2010-07-27 13:13:00,0.28589042882573684,3.0874079455179855
dollar_volume,2010-04-15 15:21:00,0.2168582507913676,3.087351859130436
gross_return,2010-09-20 12:36:00,0.36993351370428806,3.087252504749772
gross_return,2010-12-17 12:32:00,0.5309723729576683,3.087184810635375
gross_return,2010-06-17 10:43:00,0.26513589319274,3.087158109250037
dollar_volume,2010-12-31 13:19:00,0.2578908750270075,3.0870172793834327
gross_return,2010-08-10 14:30:00,0.35245260597509787,3.0868428042763005
gross_return,2010-04-21 14:02:00,0.35292620902886596,3.086495501564508
gross_return,2010-07-21 14:15:00,0.2952507484214098,3.085437521227576
dollar_volume,2010-02-02 15:43:00,0.22727843422270386,3.0853430332348255
price,2010-08-06 11:02:00,0.5761947262820477,3.0851543131203747
dollar_volume,2010-12-28 12:45:00,0.23011286749832904,3.084918920587812
gross_return,2010-11-26 12:29:00,0.3569426490334133,3.0846689388395334
price,2010-02-12 12:40:00,0.6206652931921656,3.0843524787889547
price,2010-04-01 14:16:00,0.6131225786718296,3.0842893255336974
price,2010-04-01 14:17:00,0.6142872028049995,3.0842780331270125
price,2010-01-29 13:53:00,0.5150100773220981,3.084038071842151
dollar_volume,2010-09-28 13:22:00,0.26216096438001546,3.0836518847473844
gross_return,2010-02-12 13:12:00,0.3702618833371718,3.0836329282736576
gross_return,2010-12-21 13:50:00,0.5989539723465113,3.083473012290541
dollar_volume,2010-11-16 13:25:00,0.2226231992559709,3.0830067542302793
gross_return,2010-12-14 14:11:00,0.5199026911752043,3.0828795882635394
dollar_volume,2010-07-21 10:38:00,0.21320809610452565,3.0828015556635804
price,2010-03-30 11:30:00,0.6069265745142448,3.0827438801937004
gross_return,2010-02-09 14:10:00,0.3436142355069749,3.0821080482423198
gross_return,2010-05-28 13:04:00,0.23812952593280023,3.082090494410727
gross_return,2010-04-23 15:34:00,0.3364110748851144,3.0817874129723726
price,2010-06-30 15:54:00,0.3922356262182565,3.081588544409636
price,2010-11-29 14:35:00,0.5938929110421973,3.081462244946234
dollar_volume,2010-07-08 13:17:00,0.19980222169357315,3.081257569577423
gross_return,2010-06-07 13:29:00,0.276013907564547,3.0812484200635537
dollar_volume,2010-09-21 10:40:00,0.22239729139120373,3.080686494039855
price,2010-10-12 14:13:00,0.5972986811369522,3.079981013023017
price,2010-05-03 12:40:00,0.6342268779520761,3.0799640848768
dollar_volume,2010-08-09 15:03:00,0.21136979251048543,3.079470210443094
gross_return,2010-06-17 10:37:00,0.26279576179768105,3.0792121914487383
price,2010-09-21 14:19:00,0.537523586776183,3.078988772861522
gross_return,2010-06-17 10:44:00,0.26513402556261645,3.0788285339061123
price,2010-02-18 14:48:00,0.6324932179798911,3.078755342600024
gross_return,2010-04-23 15:27:00,0.3321487467795633,3.0786926804870967
price,2010-11-22 15:07:00,0.5797272665708729,3.0782442292229244
dollar_volume,2010-07-22 11:45:00,0.23139816298413501,3.0779894585827723
price,2010-06-23 14:36:00,0.4712928831992171,3.0779545864115674
price,2010-03-05 15:11:00,0.49680815478645113,3.0776638437771373
price,2010-03-26 12:52:00,0.6227687704829317,3.076828162943394
dollar_volume,2010-04-08 12:27:00,0.2501220727485938,3.0767610459570873
price,2010-11-29 14:36:00,0.5943626195986305,3.076095689516785
dollar_volume,2010-08-10 14:30:00,0.21744215514476364,3.0757554239930536
price,2010-05-28 13:27:00,0.47083523270649413,3.0755814145278237
price,2010-11-05 12:06:00,0.5051418832128736,3.075572779393153
gross_return,2010-03-16 13:51:00,0.4344587206108948,3.0755477380423364
gross_return,2010-11-26 12:30:00,0.35694266105290434,3.075513673549051
gross_return,2010-02-16 15:42:00,0.3790645611996394,3.0752811665029176
gross_return,2010-09-17 12:15:00,0.3379718995846397,3.074963328615226
gross_return,2010-12-21 13:51:00,0.5989541230868947,3.074326827251064
dollar_volume,2010-09-24 15:26:00,0.259743288833247,3.0743260214032753
gross_return,2010-12-14 14:03:00,0.5115256906091749,3.0743063497483076
gross_return,2010-06-23 14:34:00,0.31230116806743413,3.0739090463151957
gross_return,2010-03-16 13:52:00,0.4344591804417307,3.0735440358231743
dollar_volume,2010-10-11 15:33:00,0.18971672991829916,3.0730966022975315
dollar_volume,2010-07-13 11:46:00,0.20922790558223914,3.0727426047633712
dollar_volume,2010-11-08 13:54:00,0.21322086737213086,3.0726337435894098
dollar_volume,2010-08-24 11:37:00,0.20910178271857896,3.072500253529696
gross_return,2010-05-28 13:05:00,0.23807580526345357,3.072020131903395
dollar_volume,2010-12-23 13:46:00,0.2491906061216302,3.0716496233966297
price,2010-02-05 15:24:00,0.5198116010276888,3.0712917336263965
price,2010-07-20 14:15:00,0.5158227303357652,3.071248359574152
price,2010-11-02 13:26:00,0.48439451431077735,3.070982442231888
price,2010-10-28 10:45:00,0.5773116221400274,3.070965000978049
dollar_volume,2010-08-05 12:12:00,0.21783519391464473,3.0706896365726557
dollar_volume,2010-03-09 14:28:00,0.22164720214925326,3.0705194011296517
gross_return,2010-08-04 15:48:00,0.3266187857176233,3.069362464902403
dollar_volume,2010-07-16 13:38:00,0.20381153176425054,3.069165914284341
gross_return,2010-06-08 14:08:00,0.2672165665920828,3.068975927564563
gross_return,2010-12-17 12:38:00,0.5349848281531118,3.0683369828193015
dollar_volume,2010-08-24 11:38:00,0.2092842557656368,3.0681304050382323
gross_return,2010-08-20 13:04:00,0.31980776500106134,3.0677442940531487
dollar_volume,2010-07-28 12:22:00,0.23511043844235144,3.067735683400403
price,2010-06-23 14:32:00,0.4669144764676303,3.0675191503566026
dollar_volume,2010-04-16 15:15:00,0.21092067894825756,3.0674102536309586
price,2010-10-08 13:00:00,0.5986792859727128,3.0668938182437153
price,2010-07-26 14:45:00,0.5429970805921711,3.066299752107903
price,2010-03-10 14:53:00,0.5342125455827117,3.0662286045186766
price,2010-02-19 11:47:00,0.664974262479563,3.066168693644304
gross_return,2010-07-07 13:48:00,0.27881251304518445,3.0658260212297455
gross_return,2010-06-30 14:14:00,0.29637437978583164,3.0657957580702773
price,2010-10-08 13:01:00,0.5996388345107938,3.065512536811986
gross_return,2010-06-23 14:35:00,0.3123125596361234,3.0651525036370324
gross_return,2010-05-26 14:31:00,0.22295845411956142,3.065097619205247
price,2010-10-08 12:59:00,0.5972642301359697,3.064645680172935
dollar_volume,2010-03-02 14:33:00,0.23236026515485897,3.064541261076762
price,2010-02-24 11:12:00,0.6075072047472618,3.0642948693273206
dollar_volume,2010-08-24 11:33:00,0.20744366418624094,3.0642251528935254
gross_return,2010-10-07 13:30:00,0.28240361250107343,3.064058085593459
dollar_volume,2010-03-24 15:40:00,0.2264408028244132,3.063824706348995
price,2010-05-27 14:41:00,0.40123446332339646,3.0637218754248923
dollar_volume,2010-03-02 14:42:00,0.23582938224690933,3.063638567400963
dollar_volume,2010-08-13 13:11:00,0.21869603218738365,3.0635727622067424
price,2010-06-30 15:56:00,0.3922501675862094,3.063144537638157
dollar_volume,2010-06-10 14:21:00,0.21557004495241952,3.0631379618162904
price,2010-10-07 14:05:00,0.5855125250175257,3.063083044288716
price,2010-03-11 15:21:00,0.5455365627921869,3.062986363183452
dollar_volume,2010-02-02 15:55:00,0.23093345673483198,3.062352045523776
price,2010-04-30 12:35:00,0.6248338862903343,3.062309702555639
price,2010-06-14 13:15:00,0.43907811006760455,3.0621919299610703
price,2010-07-26 14:44:00,0.5415272292160243,3.0615924436864823
price,2010-07-23 13:57:00,0.5278515507990901,3.06146960116265
dollar_volume,2010-03-26 14:08:00,0.2324123678209536,3.061154417360338
price,2010-07-26 14:40:00,0.5375076189358575,3.0611151871449955
dollar_volume,2010-05-28 12:57:00,0.21049405906003865,3.0609265644101704
dollar_volume,2010-09-16 11:05:00,0.2149161908901618,3.0608895683083075
price,2010-10-21 14:10:00,0.5618992083662313,3.0608736950162374
price,2010-11-29 15:00:00,0.6322427436584293,3.0608624708022014
price,2010-11-22 12:50:00,0.5260216825171169,3.0605337552109466
dollar_volume,2010-04-19 13:51:00,0.22372514769765317,3.060307448256762
dollar_volume,2010-11-03 14:31:00,0.20227612682161575,3.0602645944002758
price,2010-11-09 12:09:00,0.522072062218046,3.059595646010713
gross_return,2010-07-13 12:45:00,0.3044097024477141,3.0591999279039706
dollar_volume,2010-12-31 12:52:00,0.24350582257056796,3.058216995664539
dollar_volume,2010-11-23 15:42:00,0.22940373732914027,3.057604733781629
price,2010-03-05 15:01:00,0.48662472034426496,3.0575739867452256
gross_return,2010-08-19 12:39:00,0.3111265802758076,3.057557569043082
dollar_volume,2010-08-10 14:31:00,0.21706600828937864,3.0575554221773067
price,2010-06-25 14:09:00,0.44640407280009703,3.0574812855653395
price,2010-07-09 15:28:00,0.48815130004814905,3.057231723802382
dollar_volume,2010-08-05 11:06:00,0.22716142656090488,3.057027091619393
price,2010-03-26 12:53:00,0.6208958698348029,3.0569378215688334
gross_return,2010-06-23 14:31:00,0.30919064206282637,3.0568650278851224
price,2010-10-08 13:02:00,0.5996306853937413,3.056563167862289
dollar_volume,2010-11-03 15:05:00,0.20711902645451422,3.0560999260200545
price,2010-12-31 15:51:00,0.8212165962112898,3.056090799723847
gross_return,2010-06-11 13:57:00,0.2657718828103976,3.055442766784051
gross_return,2010-05-28 13:23:00,0.2455891977234342,3.055179682075895
dollar_volume,2010-08-24 15:50:00,0.21276374844249596,3.0550342378713022
dollar_volume,2010-12-15 12:13:00,0.24419024153162328,3.0548218550669652
price,2010-02-05 15:22:00,0.5163713551138556,3.054764589281561
gross_return,2010-03-02 11:10:00,0.3341434865982277,3.0544306256902547
dollar_volume,2010-10-05 12:59:00,0.20803427223158819,3.0541791436197974
gross_return,2010-12-17 12:35:00,0.5301912431493772,3.0536005522546126
dollar_volume,2010-02-22 12:46:00,0.21693085859602934,3.0534520822366966
price,2010-12-20 14:14:00,0.7090146148874239,3.0534509868419337
gross_return,2010-12-14 14:13:00,0.5184427031805774,3.053379990280669
dollar_volume,2010-08-31 15:57:00,0.22543982565250126,3.053329759816778
price,2010-11-09 12:31:00,0.5441999921841917,3.0533289050575325
gross_return,2010-12-17 12:33:00,0.528137455905742,3.053258554507473
dollar_volume,2010-07-13 11:48:00,0.20903178711992443,3.0531951254404976
gross_return,2010-12-13 13:16:00,0.36891446875205325,3.0526773896879673
price,2010-11-01 15:21:00,0.47051127741713417,3.052328301734137
gross_return,2010-12-28 14:10:00,0.9078036522751532,3.0522798163304126
price,2010-03-11 15:50:00,0.5843072906154952,3.0517636669403507
dollar_volume,2010-03-12 15:54:00,0.21089218845917948,3.051555377794595
price,2010-02-12 14:45:00,0.6566054310429111,3.0515448509851324
price,2010-04-07 11:04:00,0.6116801503843936,3.051401043971612
gross_return,2010-10-07 13:29:00,0.28135990602272265,3.051243620953509
gross_return,2010-10-08 13:08:00,0.3160176143912542,3.051156419777902
dollar_volume,2010-07-21 11:09:00,0.21560299976349132,3.0511226856261975
dollar_volume,2010-12-17 11:51:00,0.26008700156177716,3.0506287663151066
dollar_volume,2010-06-09 11:39:00,0.1943527776619375,3.0503132404234328
gross_return,2010-02-16 15:50:00,0.38434735585678725,3.050052660903327
price,2010-07-01 13:05:00,0.4058053549714134,3.0498762466515044
price,2010-10-12 14:10:00,0.5911345877861234,3.0497784163006743
price,2010-06-23 10:31:00,0.4725796753174442,3.0493795645286
price,2010-07-22 10:31:00,0.5343640670972689,3.0491479672047075
price,2010-08-02 10:55:00,0.5850043769135859,3.048638797175907
price,2010-05-11 14:00:00,0.4253500509420927,3.048390565470457
price,2010-11-22 15:28:00,0.6026894287538391,3.0477701774840633
dollar_volume,2010-05-07 13:03:00,0.21249468732427537,3.04774993934112
price,2010-02-12 12:38:00,0.6135135280402233,3.0477040756688165
gross_return,2010-12-13 13:15:00,0.3683172189651908,3.0475663598493865
gross_return,2010-06-23 14:38:00,0.31275945154617735,3.0473442278173564
price,2010-01-21 10:42:00,0.6953311316874439,3.0469666784544396
dollar_volume,2010-08-05 15:04:00,0.22245875647808847,3.04670925770661
gross_return,2010-10-05 10:35:00,0.2877355494101335,3.046362073972931
gross_return,2010-07-13 12:58:00,0.3093203969430418,3.0462662209338034
dollar_volume,2010-08-24 15:51:00,0.21276418362451271,3.046232457110464
gross_return,2010-09-02 11:40:00,0.3697714729395264,3.0460475571549472
price,2010-04-06 14:36:00,0.5849346042039268,3.0459022526033968
gross_return,2010-12-14 14:06:00,0.5112023445825885,3.045430262779884
price,2010-11-09 12:10:00,0.5214149213559991,3.0451959194032763
gross_return,2010-04-22 11:26:00,0.35721730793920503,3.0450643362113947
gross_return,2010-05-28 13:24:00,0.24551790361533637,3.0450491999612943
price,2010-08-16 15:06:00,0.48151604706091244,3.0448739053737963
price,2010-09-20 14:45:00,0.5155411296636927,3.044537589593332
dollar_volume,2010-07-08 14:17:00,0.20039176367080733,3.044053757178065
gross_return,2010-12-28 14:11:00,0.9078036522751532,3.0436839618551894
price,2010-06-14 13:14:00,0.4369120343368346,3.0433624996280786
dollar_volume,2010-06-10 13:12:00,0.1989679990492746,3.0432066704717293
gross_return,2010-07-13 12:40:00,0.30085826023267537,3.04320232741788
price,2010-12-01 12:40:00,0.7351125238535301,3.0430440544571216
price,2010-03-10 14:54:00,0.5326499802599041,3.042480124115512
gross_return,2010-08-19 10:56:00,0.3049498854046136,3.042217731744458
dollar_volume,2010-12-17 11:50:00,0.25928339604692946,3.042193200524558
gross_return,2010-10-12 13:29:00,0.37715879234444294,3.042021000963694
dollar_volume,2010-02-18 13:16:00,0.21261650850451203,3.0418820834099907
dollar_volume,2010-03-26 13:56:00,0.22668250845213536,3.0417160575161426
gross_return,2010-04-23 15:42:00,0.3390708034394537,3.04153715844466
price,2010-09-03 14:07:00,0.6540313256224208,3.040812498824196
dollar_volume,2010-12-21 10:35:00,0.2500561668844292,3.0405783908415462
price,2010-03-03 14:56:00,0.5394273223027612,3.0405521245049907
dollar_volume,2010-10-11 15:28:00,0.18754730632589095,3.0403907611162047
price,2010-07-15 10:48:00,0.5436332847784221,3.0401092715108193
gross_return,2010-11-15 13:29:00,0.3349366135579528,3.0399865974680664
price,2010-04-30 12:34:00,0.6213615343287024,3.0397507625023628
dollar_volume,2010-11-23 15:33:00,0.22593627826962087,3.0396704539000665
price,2010-11-29 14:43:00,0.5971982929149814,3.039624058313146
gross_return,2010-06-30 14:11:00,0.29331856636544046,3.0394512843670016
gross_return,2010-08-24 13:38:00,0.34260976505758906,3.0393279869072476
price,2010-09-21 14:51:00,0.5576048430148399,3.039177951788253
gross_return,2010-10-08 13:09:00,0.3158260112929281,3.039138331996152
dollar_volume,2010-12-22 14:48:00,0.247338066942517,3.038181147226612
gross_return,2010-12-17 13:04:00,0.5605332441305662,3.0380382216597503
dollar_volume,2010-09-28 13:43:00,0.26366515004700636,3.0376283354456075
gross_return,2010-03-04 13:08:00,0.3306131108941903,3.0376041101318494
price,2010-03-11 15:23:00,0.5446766836064588,3.0374746102347556
price,2010-08-06 15:12:00,0.5926638021752036,3.0371451898435966
price,2010-05-11 13:59:00,0.42359247141815726,3.0369537530971638
price,2010-07-14 13:27:00,0.5101293223776668,3.036944503832255
gross_return,2010-12-14 14:07:00,0.5112016258791727,3.036929823918914
gross_return,2010-07-07 13:36:00,0.27159296908003805,3.03686778897774
dollar_volume,2010-06-14 10:51:00,0.22545876142405696,3.036767992744141
dollar_volume,2010-03-24 15:54:00,0.22651346510472106,3.0366876519387147
dollar_volume,2010-07-08 13:14:00,0.197480363076884,3.03634860409992
gross_return,2010-03-16 13:47:00,0.4305306670999472,3.0356625313522314
price,2010-03-10 14:55:00,0.5328072325053821,3.035635387767013
price,2010-09-21 14:46:00,0.5506782486202251,3.0356253094033927
dollar_volume,2010-07-06 15:35:00,0.19777738570312384,3.0356202835101453
gross_return,2010-12-21 13:52:00,0.5950591120729245,3.034354073709155
gross_return,2010-04-21 14:00:00,0.3483636065097162,3.0338951668060616
gross_return,2010-09-02 11:41:00,0.36949633552082956,3.0336002479277613
gross_return,2010-09-17 12:04:00,0.3302888349794769,3.0335824262564106
dollar_volume,2010-02-26 12:31:00,0.23225051101576272,3.033393926859246
dollar_volume,2010-02-18 13:08:00,0.21099593671629668,3.0332532681554634
price,2010-10-21 11:00:00,0.5373843358660212,3.033099202551062
dollar_volume,2010-12-22 10:38:00,0.2511583947976091,3.032692277198003
dollar_volume,2010-12-22 10:37:00,0.25094131462211067,3.0326645680085824
gross_return,2010-09-27 14:17:00,0.34797687188671134,3.0325262522352356
dollar_volume,2010-09-01 11:27:00,0.22131741448631767,3.0325103518860046
price,2010-09-27 14:11:00,0.5640511230274495,3.0321811240836287
dollar_volume,2010-02-12 14:28:00,0.2167258213415801,3.0319488241087162
price,2010-10-21 14:07:00,0.5555870206268243,3.0318629372318826
dollar_volume,2010-03-10 14:41:00,0.20353430340138223,3.03181267958883
dollar_volume,2010-10-11 15:46:00,0.19110035996968466,3.0318074825696018
gross_return,2010-11-19 13:17:00,0.34635759399343824,3.0317315997360184
gross_return,2010-08-19 10:55:00,0.3038507269395112,3.031724449290572
price,2010-04-27 11:53:00,0.6047901596052145,3.031707873136897
dollar_volume,2010-12-14 11:08:00,0.23885570472662532,3.0309156565592392
price,2010-05-25 12:17:00,0.39362292097360463,3.030525579280721
gross_return,2010-10-08 13:10:00,0.3158260112929281,3.0303418406673237
price,2010-09-29 15:43:00,0.5383214992509245,3.0298474777557884
gross_return,2010-07-07 13:51:00,0.27824042456807035,3.0296776709825393
dollar_volume,2010-07-12 14:25:00,0.20411745035222334,3.0293403473394704
price,2010-01-29 13:52:00,0.5085964234509016,3.0291086971706456
dollar_volume,2010-07-16 15:32:00,0.20411103087799795,3.029036485735827
dollar_volume,2010-01-27 15:32:00,0.21212398504410523,3.028755146969366
price,2010-02-05 14:05:00,0.5027247776716574,3.028691464279281
gross_return,2010-12-14 14:08:00,0.5112016258791365,3.0285724531018183
gross_return,2010-06-17 13:51:00,0.27207402820809784,3.0284643909193547
gross_return,2010-12-17 13:00:00,0.5549345260731379,3.028352576685853
gross_return,2010-07-21 14:16:00,0.2926531259773141,3.028238842901138
price,2010-04-01 14:18:00,0.6082083695207003,3.02788421195318
price,2010-06-09 15:13:00,0.43603809279341454,3.027769271291534
gross_return,2010-12-14 14:00:00,0.5037455519600751,3.0274807813585753
gross_return,2010-12-17 13:05:00,0.5603151865906921,3.0274763055395755
gross_return,2010-08-27 11:25:00,0.31947904035819585,3.027272931753473
price,2010-01-08 15:49:00,0.7041089486373722,3.0272673975761366
gross_return,2010-03-17 13:35:00,0.42118567748141467,3.027211375796182
dollar_volume,2010-08-27 12:35:00,0.21893569274085783,3.0271220431449706
dollar_volume,2010-12-09 14:33:00,0.21785095485019257,3.026941150734664
dollar_volume,2010-03-12 15:55:00,0.21024908443437487,3.0268857648257086
gross_return,2010-12-14 14:14:00,0.5163482663769676,3.0262867864574887
gross_return,2010-05-28 13:11:00,0.23861105273921976,3.026253494647875
gross_return,2010-10-11 15:48:00,0.3622446970726705,3.0260891996669486
dollar_volume,2010-07-23 13:03:00,0.23502710424446543,3.026076791529038
price,2010-09-27 14:09:00,0.5615298217472338,3.0260605772790443
price,2010-12-31 15:52:00,0.8176773349950592,3.025688642579589
gross_return,2010-12-21 13:53:00,0.5950591120729245,3.025585219382784
gross_return,2010-12-14 14:09:00,0.5117749198279586,3.0254843632324997
gross_return,2010-10-05 10:40:00,0.2882186459338103,3.0252057100507255
dollar_volume,2010-09-21 14:35:00,0.22300320321899778,3.025050322412253
price,2010-10-21 14:09:00,0.5567428551240073,3.0250173834075986
gross_return,2010-01-15 14:56:00,0.3963680957440124,3.024926617062518
gross_return,2010-10-08 13:54:00,0.32352857249180156,3.024783437736779
dollar_volume,2010-07-23 14:09:00,0.23723548711268697,3.0247010754459787
gross_return,2010-05-17 12:03:00,0.2421927288017132,3.024518852083254
gross_return,2010-06-16 14:18:00,0.25257288903910935,3.023880395158704
price,2010-06-09 15:14:00,0.43638368078173173,3.02383516425623
price,2010-03-11 15:22:00,0.5424482338843877,3.0238151274074854
price,2010-05-18 12:09:00,0.47769838231946843,3.0237835902355537
gross_return,2010-08-19 10:57:00,0.30438064145331445,3.0234871359140683
dollar_volume,2010-12-31 12:57:00,0.2437277981261629,3.023460327075963
price,2010-07-09 15:05:00,0.47323350791977004,3.023284360692914
gross_return,2010-07-21 14:17:00,0.29283805928351797,3.023188801200046
price,2010-08-06 15:11:00,0.5898621092365584,3.0230962485993147
price,2010-09-27 14:10:00,0.562077376928718,3.0229794504888603
price,2010-11-05 12:07:00,0.500730191767535,3.022455827703292
price,2010-02-05 15:50:00,0.5296028362640577,3.021897454953411
dollar_volume,2010-04-20 12:05:00,0.22809972037206552,3.0218960311037604
dollar_volume,2010-03-17 10:49:00,0.21335912136663074,3.0218524026975224
price,2010-11-09 12:30:00,0.5399389593956871,3.0215858256140993
price,2010-08-06 15:18:00,0.5964347637305771,3.0204638994745863
dollar_volume,2010-12-22 10:39:00,0.2508292936316562,3.0202989362179906
price,2010-12-14 13:40:00,0.5325699070492455,3.020281078348871
price,2010-02-10 13:01:00,0.5445042353202252,3.0199087452340176
gross_return,2010-04-21 13:58:00,0.34652638489007265,3.0198332740164435
price,2010-04-30 12:33:00,0.6180541971711904,3.0193165245681186
gross_return,2010-12-14 14:01:00,0.5037456518603041,3.019134872378094
dollar_volume,2010-04-28 13:04:00,0.2218911948959052,3.018855169068818
dollar_volume,2010-05-07 13:05:00,0.2120603487341626,3.0187355561568556
price,2010-10-20 12:30:00,0.544234163236962,3.0185859280930707
price,2010-02-25 14:02:00,0.6177712805793534,3.0183052158380126
dollar_volume,2010-03-23 11:04:00,0.21352586295233228,3.0181722181698354
price,2010-02-10 13:09:00,0.5532958675048036,3.0180020888499217
gross_return,2010-05-28 13:12:00,0.23861077501672476,3.0175456695839804
gross_return,2010-06-17 10:46:00,0.2629602878931761,3.0174461013041314
dollar_volume,2010-03-12 15:56:00,0.21018087565656773,3.01727223003745
price,2010-11-09 12:20:00,0.5291738079549796,3.0171911247559833
price,2010-07-22 10:42:00,0.5442268428584583,3.017176449477514
gross_return,2010-12-21 13:54:00,0.5950591120729242,3.0168821106733845
price,2010-04-30 12:38:00,0.6198729881285214,3.016564208329296
dollar_volume,2010-09-14 15:03:00,0.20692757577151358,3.016357849217116
price,2010-10-21 14:08:00,0.5547307185008653,3.016083669338045
price,2010-11-05 11:54:00,0.490166025868013,3.0160142911424965
price,2010-12-14 14:52:00,0.545935754523899,3.0159713276236624
gross_return,2010-12-14 14:02:00,0.5042753345722525,3.01571376906463
dollar_volume,2010-05-28 13:49:00,0.20899977163758807,3.0146598106909326
dollar_volume,2010-11-23 15:54:00,0.23191914853295947,3.0143539236932217
gross_return,2010-12-17 12:34:00,0.5246856307060948,3.0142720076130596
price,2010-09-20 14:49:00,0.5162523462227832,3.0141398561337422
dollar_volume,2010-12-31 13:17:00,0.25357251253991697,3.0140802751796527
dollar_volume,2010-02-18 13:17:00,0.21185722553471376,3.014053055936483
gross_return,2010-03-17 13:36:00,0.4207966495567663,3.0140125416367822
price,2010-09-20 14:51:00,0.5179500861795984,3.0140106540503484
price,2010-07-23 13:58:00,0.52360644528086,3.013898418221218
price,2010-11-09 12:07:00,0.5155671703007786,3.013751159025683
price,2010-11-02 13:21:00,0.47420673322493345,3.013614330565833
gross_return,2010-12-27 12:08:00,0.830386206145731,3.0135742982613087
gross_return,2010-09-17 12:12:00,0.33239525920894886,3.013400712542789
price,2010-04-06 14:29:00,0.5734460479237733,3.0131862101453923
gross_return,2010-09-14 13:13:00,0.3390210382832927,3.0131369383024214
dollar_volume,2010-05-07 13:02:00,0.21081845462794077,3.013129724955807
price,2010-09-29 15:47:00,0.538773633780527,3.0130476621664894
dollar_volume,2010-07-13 11:56:00,0.2089019421202037,3.0129369139020534
gross_return,2010-11-17 15:31:00,0.30569358054449747,3.012826263389845
gross_return,2010-04-23 15:40:00,0.3362352538526181,3.0125017871487834
price,2010-01-21 11:06:00,0.729171216241944,3.0124179933120545
dollar_volume,2010-07-21 12:39:00,0.21163114182558868,3.0122339177338118
dollar_volume,2010-08-09 12:05:00,0.21186874085417573,3.012106626695044
price,2010-07-01 13:08:00,0.40468056075680414,3.0120932981388036
gross_return,2010-10-08 13:52:00,0.32174679007398005,3.012064758900601
price,2010-08-16 15:27:00,0.4916073567572221,3.012020988975005
dollar_volume,2010-09-01 11:26:00,0.22017616046580302,3.011884540362333
dollar_volume,2010-12-23 13:48:00,0.24724046445391007,3.011863438844957
dollar_volume,2010-01-28 12:18:00,0.2144609536452134,3.0118443980179985
dollar_volume,2010-06-10 13:20:00,0.19959825798837894,3.0114596741093766
dollar_volume,2010-09-14 15:05:00,0.2073144328014911,3.011382347061232
price,2010-11-05 11:58:00,0.49229840901018473,3.011361921777907
dollar_volume,2010-07-21 12:41:00,0.21222962622608105,3.0109385563173716
dollar_volume,2010-08-27 11:04:00,0.21480872590630323,3.010801485154087
gross_return,2010-03-01 12:49:00,0.31674272405440873,3.0104483970468356
gross_return,2010-03-02 11:09:00,0.3309798334898675,3.0088618813718773
gross_return,2010-07-22 13:20:00,0.28513505568861586,3.0086992519368088
price,2010-11-02 13:27:00,0.47944602791570506,3.008390991704802
price,2010-03-11 15:18:00,0.5374047256841561,3.008382684294679
dollar_volume,2010-06-23 12:10:00,0.2196218319647385,3.0081180077960537
price,2010-03-30 11:31:00,0.59856708128909,3.0078413188204802
price,2010-06-23 14:37:00,0.465812160168235,3.0077465585144987
price,2010-11-01 15:18:00,0.46413417321192196,3.0063060457169946
price,2010-04-07 11:01:00,0.6032852574868024,3.0054111840193025
price,2010-07-15 10:45:00,0.5367770427765307,3.0050728789997314
price,2010-07-22 10:47:00,0.5468885295337973,3.005058816473727
gross_return,2010-09-14 13:14:00,0.3390201924337984,3.0046742259897017
price,2010-04-13 15:35:00,0.6440338154455018,3.004411382047155
gross_return,2010-10-06 12:21:00,0.27137020802433354,3.004184321079245
dollar_volume,2010-09-09 13:11:00,0.21434393699681453,3.0040771280671956
gross_return,2010-11-15 13:42:00,0.33394974777575365,3.003853977510074
price,2010-06-23 10:30:00,0.4676512522281319,3.0035132322642437
price,2010-02-11 12:19:00,0.5630033247957029,3.0031772549729547
price,2010-09-20 14:50:00,0.5159609634001102,3.0029142665478816
dollar_volume,2010-12-28 12:43:00,0.22579631205882475,3.0027389892535603
price,2010-09-27 14:08:00,0.5579282130758899,3.0026717464550363
dollar_volume,2010-07-22 11:50:00,0.23040230252945654,3.002545893611959
price,2010-10-20 12:32:00,0.5443398921415482,3.0025400266186897
dollar_volume,2010-02-18 13:18:00,0.21173671212874418,3.0025281160668893
price,2010-12-20 14:32:00,0.7324503253123007,3.0023227634180105
gross_return,2010-08-18 12:41:00,0.35175457100516083,3.0018919368661887
dollar_volume,2010-11-03 14:58:00,0.2028278941504082,3.001775337746793
price,2010-02-11 12:31:00,0.579245588496938,3.001725748813062
price,2010-04-07 11:08:00,0.6101566878632934,3.0016244821652447
gross_return,2010-12-14 14:05:00,0.5055169908596335,3.001536450958246
gross_return,2010-02-09 14:09:00,0.33760004038744174,3.0014579134967154
price,2010-12-16 12:04:00,0.6181493983952541,3.0014558227905117
price,2010-07-13 11:52:00,0.476757874793086,3.0014274913902397
price,2010-07-14 13:30:00,0.5084648492662899,3.0012009314542096
dollar_volume,2010-09-28 13:26:00,0.2600845917328407,3.001053209898651
dollar_volume,2010-07-13 10:30:00,0.20544678332708843,3.0007539391615485
price,2010-12-14 13:43:00,0.5333545953628379,3.000551255739656
dollar_volume,2010-04-19 13:28:00,0.2183081455509484,3.000519883375496
price,2010-11-04 15:41:00,0.49179212730023625,3.000060629930803
gross_return,2010-09-13 12:23:00,0.31478625964753654,2.999933575381996
dollar_volume,2010-12-27 12:26:00,0.23654235350971256,2.999483177718172
dollar_volume,2010-04-20 15:54:00,0.22254545097632425,2.9993199704614764
price,2010-02-12 12:24:00,0.5929819466557538,2.9990436286872924
dollar_volume,2010-11-19 13:29:00,0.22106161066119015,2.998924109800009
gross_return,2010-11-24 13:05:00,0.32308775205487084,2.998919288635828
price,2010-03-26 12:54:00,0.6140861950007404,2.9988314186990386
price,2010-07-30 14:57:00,0.5300541279439571,2.9987361604408678
gross_return,2010-03-02 14:03:00,0.3425466779400347,2.998507015163811
dollar_volume,2010-10-27 15:46:00,0.2001424310848819,2.998294159159384
dollar_volume,2010-07-28 12:21:00,0.231765447600814,2.997920410346306
price,2010-07-14 13:29:00,0.5073585829135199,2.9978837964467093
price,2010-02-12 12:20:00,0.5890803400368301,2.997566473626751
price,2010-11-05 11:55:00,0.4891498179312397,2.9973666594073536
dollar_volume,2010-09-09 13:09:00,0.21368273059963855,2.997137677451585
price,2010-02-12 12:30:00,0.5991292812648377,2.996801129294789
price,2010-04-13 15:54:00,0.660567113277189,2.9963482448377046
gross_return,2010-12-17 13:01:00,0.5520161729562297,2.9957916581236916
price,2010-07-13 11:51:00,0.47531196791990155,2.9957432064565603
dollar_volume,2010-03-31 11:48:00,0.23672390026980505,2.9956495783829027
gross_return,2010-10-06 11:05:00,0.26610044336417693,2.9954259218914583
price,2010-07-14 13:28:00,0.5063614566503813,2.995253221160225
dollar_volume,2010-12-06 14:32:00,0.1956853028354642,2.995021232959377
price,2010-02-12 12:26:00,0.5946899325078709,2.995016858099157
price,2010-05-03 12:58:00,0.646106278330305,2.994638696353495
dollar_volume,2010-12-06 14:33:00,0.1958747875537824,2.9944364606027256
price,2010-12-30 15:48:00,0.8225306818802357,2.9943733384910405
dollar_volume,2010-08-13 13:15:00,0.2169435819700533,2.994280607366271
price,2010-04-13 15:31:00,0.6384945944367947,2.993793528671002
price,2010-07-13 11:45:00,0.4688410137539255,2.993750961701793
dollar_volume,2010-08-31 15:58:00,0.22341013692423223,2.9937501690309904
gross_return,2010-07-27 13:16:00,0.282201754070905,2.9932109980402477
price,2010-02-05 15:26:00,0.5137075546676625,2.993049861047514
price,2010-02-11 12:09:00,0.5472802314611465,2.9928870818628983
price,2010-12-30 15:49:00,0.8235718638430112,2.992834198950624
dollar_volume,2010-05-18 15:01:00,0.22496100322930393,2.9927744126000935
price,2010-10-20 12:31:00,0.5422797321212697,2.9926711737331515
price,2010-04-30 12:37:00,0.6162890871726088,2.99198582969016
dollar_volume,2010-05-03 14:33:00,0.22429435400073824,2.9914718272314755
dollar_volume,2010-08-27 11:15:00,0.21744686416366787,2.9914655536199484
price,2010-09-29 15:37:00,0.5284437745641413,2.9906923811658457
dollar_volume,2010-01-19 13:47:00,0.21250200025581295,2.9905848186496744
gross_return,2010-10-08 13:04:00,0.30995472462963974,2.990122411694129
dollar_volume,2010-12-31 12:26:00,0.23055952302138885,2.990088825467488
price,2010-06-15 13:57:00,0.44895724880970206,2.989855587349814
dollar_volume,2010-12-31 12:53:00,0.2408091015722893,2.989781916410396
dollar_volume,2010-10-19 10:55:00,0.20412989550756833,2.989657963141585
gross_return,2010-12-17 12:36:00,0.5238407071208491,2.9895964638754884
price,2010-03-30 11:20:00,0.5848835809405858,2.9893911731894796
gross_return,2010-12-21 13:55:00,0.5926556898747304,2.9893338296046554
price,2010-11-05 12:08:00,0.49824815084869284,2.989233424402013
price,2010-11-02 13:20:00,0.4712298316449766,2.9891810772320593
price,2010-11-22 13:17:00,0.5553300906057481,2.9890289730006656
price,2010-11-05 12:11:00,0.5007832640894243,2.9889807211152637
dollar_volume,2010-09-28 13:19:00,0.2561936998965973,2.9887391760276185
gross_return,2010-10-07 13:56:00,0.3037863221483926,2.9882444653851725
price,2010-04-13 15:55:00,0.660567113277189,2.9880378769241225
price,2010-05-03 12:34:00,0.6192277892507181,2.987736987208702
price,2010-03-31 15:10:00,0.5897044501679876,2.9875395350376976
dollar_volume,2010-11-09 14:57:00,0.21818050716310816,2.987319061000802
price,2010-06-09 15:12:00,0.43198963726073547,2.987230517608858
dollar_volume,2010-04-28 11:35:00,0.20753890279463522,2.987151319752443
price,2010-01-19 15:28:00,0.6548445162588106,2.9868794995120336
gross_return,2010-09-10 15:27:00,0.3208504287622059,2.986873844790292
gross_return,2010-06-30 14:13:00,0.2913599251974195,2.9863462394134874
gross_return,2010-11-18 10:54:00,0.32207748071486103,2.9860907892672506
price,2010-06-29 15:34:00,0.41250687428945804,2.985780690521796
dollar_volume,2010-02-02 15:33:00,0.2188286767056499,2.985464947773065
price,2010-05-03 12:39:00,0.6215104151392382,2.9850743411545753
dollar_volume,2010-12-14 11:02:00,0.23510103681001948,2.9846232791968386
price,2010-11-22 15:12:00,0.574071885822866,2.984572828291509
gross_return,2010-07-13 12:41:00,0.297976364591234,2.9845642268657935
dollar_volume,2010-03-26 14:22:00,0.23165904137084825,2.9837561687970333
price,2010-03-11 15:20:00,0.5366422124064941,2.9833747013180236
dollar_volume,2010-01-28 12:28:00,0.21572782084258452,2.983120897368245
dollar_volume,2010-03-31 11:49:00,0.23639874945779266,2.983042350314376
dollar_volume,2010-07-16 13:39:00,0.20076110782022874,2.9824993399251936
price,2010-09-03 14:03:00,0.6427252104368041,2.98243831536997
price,2010-09-03 14:06:00,0.6453733785400532,2.9820039653895023
gross_return,2010-03-16 13:53:00,0.4264916842818631,2.9818140169451364
dollar_volume,2010-09-21 14:34:00,0.22089645960836785,2.9815948512529227
dollar_volume,2010-02-05 12:33:00,0.21644409588519667,2.981482619191426
price,2010-02-12 12:31:00,0.5982038539011891,2.981134107209398
gross_return,2010-12-21 13:56:00,0.5926556898747304,2.9809258351320995
price,2010-12-21 14:46:00,0.7822004887576999,2.9807772178221406
price,2010-03-03 14:50:00,0.5276040027761397,2.980683961289929
dollar_volume,2010-12-14 10:58:00,0.23338858895952222,2.980343026379509
gross_return,2010-06-17 10:42:00,0.25964017799249445,2.979913060482045
dollar_volume,2010-07-06 11:35:00,0.19198876390654881,2.9797980471561627
dollar_volume,2010-07-21 12:40:00,0.21061089883750522,2.979255851978084
price,2010-12-10 12:22:00,0.49265527632380174,2.9789632307322234
price,2010-08-16 15:11:00,0.4786260027003858,2.97884192594748
dollar_volume,2010-03-31 10:52:00,0.23185696246286053,2.9786598514891396
dollar_volume,2010-06-10 14:20:00,0.21177388009699152,2.9782465834883998
gross_return,2010-11-18 10:55:00,0.3220774807148612,2.9781394213667047
dollar_volume,2010-12-31 13:18:00,0.2522303464567338,2.978122104338717
gross_return,2010-12-27 12:09:00,0.825596502624822,2.977988101636011
price,2010-10-12 14:04:00,0.5757216344427093,2.9772967509785553
gross_return,2010-09-10 15:42:00,0.3246969773717915,2.977164416480215
price,2010-08-06 15:10:00,0.5831708600497527,2.9770079505587494
gross_return,2010-12-13 13:10:00,0.3615690749027741,2.977005477527459
dollar_volume,2010-12-06 14:45:00,0.202981405288792,2.976805927774625
gross_return,2010-03-05 13:30:00,0.40446184640935146,2.9766913979863223
price,2010-02-12 12:37:00,0.6031304346830625,2.9761641290701912
price,2010-04-30 12:40:00,0.6154031635673184,2.975938856142152
dollar_volume,2010-09-22 12:45:00,0.24491661422889371,2.975835333670706
dollar_volume,2010-12-14 11:01:00,0.23433422011159502,2.975803901427284
dollar_volume,2010-04-19 13:29:00,0.21754330560839502,2.974860890871454
dollar_volume,2010-11-23 15:53:00,0.22983904862348148,2.9748283837084784
price,2010-02-05 15:12:00,0.5022200319035566,2.97450326793233
gross_return,2010-10-08 13:50:00,0.3182910731947527,2.973402147741942
dollar_volume,2010-09-21 10:42:00,0.21882984816505577,2.9731153121431095
price,2010-03-26 12:31:00,0.5848389329723231,2.9730719081407955
dollar_volume,2010-11-19 13:30:00,0.22029113862663816,2.9729365817629856
dollar_volume,2010-07-08 14:20:00,0.1987109648493757,2.972842780713839
price,2010-04-30 12:36:00,0.6134809050973912,2.9723710377406927
dollar_volume,2010-12-31 12:58:00,0.24176366260745152,2.972226583060207
gross_return,2010-12-17 13:06:00,0.5545238644375318,2.9720225299728225
dollar_volume,2010-07-13 11:50:00,0.20621990115194783,2.9717209462836984
gross_return,2010-07-26 11:31:00,0.2674026607801176,2.9716451174350795
price,2010-04-22 13:52:00,0.6019186462450187,2.97123984980139
gross_return,2010-12-14 14:10:00,0.506701242059371,2.971226432986483
gross_return,2010-06-23 14:41:00,0.3098418953945944,2.971062405870371
price,2010-08-06 15:08:00,0.5804085942998847,2.970838087004879
gross_return,2010-12-14 14:12:00,0.5084268552019802,2.970750532543429
price,2010-02-12 12:27:00,0.5926106934708835,2.97022235777397
price,2010-06-23 14:38:00,0.46314826497877676,2.969900561390163
gross_return,2010-07-14 10:55:00,0.3059122459016972,2.9697389813711896
gross_return,2010-12-27 12:07:00,0.8211849510422508,2.969417027861077
price,2010-07-01 13:09:00,0.40184086970628063,2.9688748366899627
price,2010-10-20 12:23:00,0.5325520546955316,2.9687807533891934
gross_return,2010-05-28 13:06:00,0.23385676334489994,2.968494488418596
dollar_volume,2010-12-06 14:46:00,0.20297671120995203,2.968363214627618
dollar_volume,2010-12-14 10:59:00,0.23322641387704326,2.968333786501682
price,2010-03-03 14:52:00,0.5280524241306772,2.9683056300218102
gross_return,2010-06-16 14:32:00,0.2547307165421835,2.9681877899105573
price,2010-06-15 13:54:00,0.44559368592648513,2.967704153810676
price,2010-11-22 12:33:00,0.4936629579347296,2.96754484613343
dollar_volume,2010-04-19 13:30:00,0.21753145780966593,2.96747320754451
price,2010-07-22 10:30:00,0.524399620699575,2.9671768798760394
gross_return,2010-03-17 13:18:00,0.4045059145597723,2.96702621595944
price,2010-03-05 14:52:00,0.468344214726648,2.9666426675866053
price,2010-05-12 10:40:00,0.39561029657532754,2.9662932707364633
price,2010-11-22 12:58:00,0.5243986017740162,2.966005879863555
gross_return,2010-02-16 15:51:00,0.37841870448817866,2.9659580366796674
dollar_volume,2010-11-19 13:31:00,0.22027488689288108,2.965784360896036
price,2010-07-14 13:14:00,0.49081800045747026,2.96548554678224
price,2010-12-30 15:51:00,0.8215406164065795,2.9654409223024616
dollar_volume,2010-03-31 10:53:00,0.2315519960816475,2.9650822429646886
gross_return,2010-03-16 13:39:00,0.41822612163672,2.9647178862606207
dollar_volume,2010-04-19 13:31:00,0.21770801394240652,2.964539063002485
gross_return,2010-09-20 12:34:00,0.3600351670319574,2.963620196257225
gross_return,2010-02-16 15:53:00,0.3795135182065661,2.9635023540768293
price,2010-12-10 12:24:00,0.49272376121836625,2.963426973435494
dollar_volume,2010-04-20 11:57:00,0.2241719108766648,2.9633271354120083
gross_return,2010-10-06 12:19:00,0.26869730590226115,2.9629800838523064
gross_return,2010-06-23 14:42:00,0.30985046173102365,2.9629520015857564
gross_return,2010-10-21 11:05:00,0.3027506932943983,2.9628665629726996
dollar_volume,2010-11-23 13:27:00,0.21732253275855226,2.96194783363865
price,2010-04-16 14:13:00,0.5965322655458059,2.9613148285000004
price,2010-07-15 10:38:00,0.5261534192734024,2.961163756126143
price,2010-07-20 13:50:00,0.4885326396230444,2.9610906346011454
gross_return,2010-09-17 12:13:00,0.32966183667648724,2.9610497521589987
dollar_volume,2010-07-21 12:42:00,0.21052891337508423,2.960883771297473
dollar_volume,2010-04-16 15:10:00,0.20488689299238977,2.9608834634182157
gross_return,2010-03-16 13:40:00,0.41822612163672,2.9607824808059866
dollar_volume,2010-09-21 14:33:00,0.21972181610679703,2.960690387483198
gross_return,2010-09-14 11:43:00,0.3207614041961511,2.960058453093656
price,2010-10-12 11:25:00,0.6147360469245673,2.9595762739578166
gross_return,2010-10-11 15:51:00,0.35895918653380543,2.9591450567393056
gross_return,2010-05-06 15:05:00,0.31915028770654,2.959138623237493
price,2010-08-06 15:17:00,0.5877423779220096,2.9589596786670973
price,2010-08-06 15:09:00,0.5799349584845166,2.958804592455436
gross_return,2010-05-28 13:07:00,0.2337775348788277,2.9587397983514125
price,2010-12-21 14:49:00,0.7822004887576999,2.958235036917435
dollar_volume,2010-10-07 10:48:00,0.19419415418313724,2.958158433047051
price,2010-12-01 12:39:00,0.7195338056862376,2.958070336710295
price,2010-02-10 13:00:00,0.5368321186903837,2.9580319887863635
gross_return,2010-02-12 12:41:00,0.34699756790991376,2.9578053409067
price,2010-07-26 14:46:00,0.5317603734571594,2.9574720882805714
gross_return,2010-11-18 10:57:00,0.32178283839540545,2.957335541709489
dollar_volume,2010-06-22 11:13:00,0.21415301037317627,2.9569236846245475
dollar_volume,2010-07-13 11:54:00,0.20626916408744533,2.956637205253233
price,2010-11-04 15:46:00,0.4875630645808219,2.9565066242625733
dollar_volume,2010-02-18 12:37:00,0.20897292165720674,2.956500651710596
dollar_volume,2010-07-21 10:39:00,0.20845981872591468,2.9564577957259717
dollar_volume,2010-01-28 12:27:00,0.2144184934019564,2.956454573657418
dollar_volume,2010-12-28 13:58:00,0.22600597203541803,2.956218269383261
dollar_volume,2010-06-02 14:43:00,0.21621093113306966,2.9560027518986534
price,2010-10-20 12:33:00,0.5399911787813021,2.9558626817449682
gross_return,2010-02-16 15:54:00,0.37955384584508095,2.9558382083308254
dollar_volume,2010-02-18 12:40:00,0.20977765953568348,2.955824245321934
dollar_volume,2010-09-01 11:31:00,0.21946405411938744,2.9558228015128174
price,2010-09-03 14:05:00,0.6409066683125675,2.9556894882402647
gross_return,2010-11-18 10:56:00,0.32114222797723657,2.9554736955173087
gross_return,2010-12-01 13:23:00,0.31681826908178523,2.9553257768665646
price,2010-04-30 12:31:00,0.6082170904666488,2.9551145708615962
price,2010-07-15 10:39:00,0.526254527431542,2.95475985438612
gross_return,2010-05-28 13:08:00,0.23395874726393406,2.9547572229047736
price,2010-09-27 14:07:00,0.5515021699267707,2.954639442304593
price,2010-02-10 13:10:00,0.5469564290270752,2.9541639502508974
gross_return,2010-06-23 14:43:00,0.30979748007268704,2.9539559781914404
dollar_volume,2010-11-23 15:36:00,0.22334916443605762,2.9530377607319394
dollar_volume,2010-09-15 11:40:00,0.21070376518426914,2.952896014720305
gross_return,2010-06-17 13:50:00,0.26787238409838854,2.9525687337693474
gross_return,2010-12-17 13:07:00,0.553137794152656,2.9525666005436824
price,2010-04-13 15:44:00,0.6463681445393016,2.9521174408388964
price,2010-02-18 14:36:00,0.6060219374078402,2.9519829851216186
dollar_volume,2010-03-10 15:16:00,0.2087873133659009,2.951910127179895
gross_return,2010-06-17 13:53:00,0.2688957426181527,2.9517106212596493
price,2010-10-19 14:21:00,0.5477137859167444,2.9517093367826726
dollar_volume,2010-12-31 12:47:00,0.23665446973312373,2.9516826047768556
gross_return,2010-05-06 15:06:00,0.3191602312238797,2.951093182238653
dollar_volume,2010-08-09 15:02:00,0.2060925952896041,2.9508475989874134
price,2010-07-01 13:06:00,0.3984974216787482,2.9508199856249004
price,2010-09-21 14:20:00,0.5245466359742821,2.950789536176603
price,2010-04-13 15:52:00,0.6522900414248702,2.950454650770414
gross_return,2010-06-30 14:08:00,0.2870481057803359,2.9503899969201304
dollar_volume,2010-03-09 14:27:00,0.21660490901091864,2.9503550561642413
gross_return,2010-12-27 12:06:00,0.8164122076975062,2.950295577800898
gross_return,2010-09-20 12:35:00,0.3596714683405564,2.9502264129390414
price,2010-02-18 14:49:00,0.616089743663999,2.9495833275987193
dollar_volume,2010-11-03 12:57:00,0.19263362204767548,2.9495296857188107
dollar_volume,2010-02-22 12:45:00,0.21236549619850625,2.949345597299395
dollar_volume,2010-11-23 15:52:00,0.22839507808375162,2.9491095237662512
dollar_volume,2010-12-31 13:01:00,0.24189212105481617,2.9490232328305632
price,2010-10-04 12:12:00,0.5121171347241862,2.9488021215056874
price,2010-05-25 12:19:00,0.38855040979562194,2.948588452155637
gross_return,2010-10-11 15:46:00,0.35559770264118024,2.948225508172546
price,2010-05-27 14:04:00,0.38212719261231276,2.9481182594991475
dollar_volume,2010-03-26 13:57:00,0.2231563639021349,2.9478339531538347
dollar_volume,2010-08-05 12:36:00,0.21587948791901213,2.947818981307287
dollar_volume,2010-01-28 12:19:00,0.21238523064424772,2.9477503712775106
price,2010-02-05 15:21:00,0.5049206413556577,2.9476102931445625
gross_return,2010-12-01 13:24:00,0.31681788263728045,2.9471273574071177
gross_return,2010-06-30 14:16:00,0.29051451570583176,2.947123907091378
dollar_volume,2010-04-01 13:43:00,0.23745924077497135,2.94702108416519
gross_return,2010-08-19 12:36:00,0.3034413412935349,2.946497601875839
gross_return,2010-11-26 12:21:00,0.34369061198280587,2.9464145045588226
dollar_volume,2010-10-22 13:36:00,0.1977241720475719,2.946386319687236
price,2010-01-14 13:55:00,0.6541310318658933,2.945861232879791
price,2010-06-23 14:39:00,0.46169715130198213,2.9458236681400427
dollar_volume,2010-12-31 12:51:00,0.23804941803101637,2.9456665425814386
price,2010-05-25 15:55:00,0.3863303385196838,2.945575986403339
price,2010-03-30 11:32:00,0.5916354113050384,2.9449250971172733
price,2010-02-23 10:53:00,0.6523844435900157,2.9448485234582487
gross_return,2010-06-07 13:27:00,0.2679520652517846,2.9446937519208687
dollar_volume,2010-07-06 15:33:00,0.1940147901403021,2.944638468805363
price,2010-08-06 15:07:00,0.5762048041238286,2.9444707402391983
gross_return,2010-04-22 11:27:00,0.3508071273917505,2.943944713508141
price,2010-04-30 12:39:00,0.6107801905633158,2.9435574753613136
dollar_volume,2010-12-27 12:25:00,0.23380949588640287,2.9428595324833995
gross_return,2010-04-21 13:52:00,0.33823088971217136,2.942836371924167
dollar_volume,2010-11-19 13:28:00,0.21849420178476867,2.9428307611597084
dollar_volume,2010-06-09 11:41:00,0.19112768504854566,2.94275596818748
gross_return,2010-12-27 12:10:00,0.8207332732494467,2.94235079992974
price,2010-07-15 15:23:00,0.48801170016294443,2.9421741718957075
price,2010-04-22 13:13:00,0.5631868929351216,2.94174912382356
price,2010-05-03 12:38:00,0.6155627104583565,2.9417468443140575
price,2010-11-05 14:20:00,0.5009709752018685,2.941723530571676
dollar_volume,2010-11-03 12:58:00,0.1926328252503647,2.9414184933880576
price,2010-02-05 13:56:00,0.4896787116007317,2.9413401057429582
gross_return,2010-12-06 14:09:00,0.3260271266457003,2.9410751734110336
price,2010-10-12 14:28:00,0.6169210031276894,2.9409493627577836
dollar_volume,2010-12-10 12:20:00,0.22367439651766338,2.940864492881966
price,2010-02-05 15:20:00,0.5034790297362175,2.9408291075876734
dollar_volume,2010-07-29 13:19:00,0.22389760268577874,2.940554588920764
gross_return,2010-06-17 10:45:00,0.2588472713282273,2.9400661579304184
gross_return,2010-06-08 14:10:00,0.261575789164298,2.939465679044938
price,2010-02-24 11:11:00,0.59032393228941,2.9392870642588362
gross_return,2010-04-28 14:18:00,0.33685751169547956,2.9392437508561127
gross_return,2010-12-13 13:12:00,0.3598631800034691,2.9388759214407165
price,2010-02-12 12:36:00,0.5972363390040736,2.9387900189569365
gross_return,2010-06-17 10:47:00,0.25953697969841427,2.9386006708456924
dollar_volume,2010-07-30 11:53:00,0.21997764872133863,2.9385848781913597
gross_return,2010-11-26 12:22:00,0.34369061198280587,2.938554344828789
dollar_volume,2010-06-22 11:17:00,0.21460414933065464,2.9381462230101194
dollar_volume,2010-03-17 10:43:00,0.2079770382131181,2.9381289200115357
price,2010-02-08 13:45:00,0.5290094634074451,2.938121666053464
gross_return,2010-04-06 13:59:00,0.38052202076712505,2.938107367613995
price,2010-08-06 15:16:00,0.5841041242330899,2.937767192602119
dollar_volume,2010-11-03 15:04:00,0.20232729356457488,2.9374908325829963
price,2010-10-20 12:34:00,0.5387525109845591,2.937201145797066
price,2010-06-23 10:29:00,0.46092040943905865,2.9371703094294945
price,2010-02-19 11:46:00,0.6451322487126052,2.9369018901056765
price,2010-04-13 15:36:00,0.6365133095073223,2.93662946890828
price,2010-05-11 14:03:00,0.41814413221010127,2.936457806014836
price,2010-02-12 12:29:00,0.5903779361249393,2.9364476597891964
price,2010-02-05 15:17:00,0.5007863120571661,2.9364290223691363
price,2010-05-25 12:21:00,0.3887771126758139,2.9362896624412884
price,2010-07-30 14:56:00,0.5223906039282317,2.9362478978420516
dollar_volume,2010-11-02 15:54:00,0.18692583836550447,2.935955858823599
gross_return,2010-12-13 13:13:00,0.3598631792104732,2.9354465553178106
gross_return,2010-12-27 12:11:00,0.8208369636119304,2.9350153473493226
dollar_volume,2010-11-03 14:32:00,0.1980182531631594,2.9349323835849503
gross_return,2010-02-12 12:45:00,0.347393899384554,2.9348688567681047
price,2010-12-14 14:53:00,0.5377237382455392,2.934865735547359
gross_return,2010-10-05 10:41:00,0.2836993427363633,2.9347426963785526
gross_return,2010-08-19 10:58:00,0.2997712274207341,2.9346931820576865
gross_return,2010-10-11 15:47:00,0.3551641116532784,2.9343885814667305
price,2010-04-30 15:10:00,0.6020318048847721,2.9342912767354306
dollar_volume,2010-06-10 13:52:00,0.208617465308218,2.934231911048644
price,2010-06-30 15:47:00,0.3770674018429119,2.9340559693916077
price,2010-12-15 12:53:00,0.5624654170686008,2.934034963098658
gross_return,2010-12-06 14:03:00,0.32282220124505634,2.933656885918452
price,2010-10-12 11:24:00,0.6103325495595634,2.93355549079322
price,2010-12-10 12:25:00,0.49048755652578147,2.9334825636407995
gross_return,2010-06-23 14:36:00,0.30477685153219464,2.933201936810371
price,2010-04-30 12:32:00,0.6061019642328549,2.932880921510836
price,2010-09-03 14:09:00,0.6406935448475091,2.9323823175864168
dollar_volume,2010-07-06 15:34:00,0.19384879344098196,2.9320483948753417
dollar_volume,2010-04-20 11:48:00,0.22032369382974545,2.932031820486286
gross_return,2010-02-16 15:52:00,0.37637203106248074,2.931809043949874
price,2010-11-15 15:51:00,0.499947384960023,2.9317248858350373
gross_return,2010-10-12 13:21:00,0.3648578660858849,2.931540693060006
price,2010-02-10 12:59:00,0.533040604625682,2.9311295856634936
gross_return,2010-10-05 10:32:00,0.2804569254723087,2.9311004430070624
gross_return,2010-08-20 13:06:00,0.3124784595960792,2.931000582266005
price,2010-08-06 15:06:00,0.5735785800836375,2.9308633330403473
price,2010-11-18 10:53:00,0.4694149548373129,2.930826819017367
price,2010-08-30 12:52:00,0.5506036830723245,2.9305028077791273
price,2010-03-05 15:12:00,0.4835353646548576,2.930147138972744
dollar_volume,2010-02-04 11:00:00,0.22721398082134506,2.929813224687459
price,2010-03-03 14:51:00,0.5229047296585052,2.929564373070563
gross_return,2010-06-08 13:59:00,0.25687172769233046,2.9293121420284653
gross_return,2010-10-05 10:42:00,0.28356406513368915,2.929171640792263
gross_return,2010-11-19 13:12:00,0.33653655340391153,2.9289563253921895
gross_return,2010-10-05 10:48:00,0.28508667499476736,2.9289333401149396
price,2010-04-01 14:19:00,0.5964503138937458,2.927974551292989
price,2010-11-29 15:14:00,0.6239948561937034,2.9278823481272624
gross_return,2010-06-23 14:37:00,0.30492497701211424,2.927785408242701
price,2010-06-25 14:10:00,0.435869235089634,2.9267900152857815
gross_return,2010-09-02 11:43:00,0.36274786484995103,2.9266125188321532
price,2010-06-30 15:49:00,0.377556754099714,2.926514294899837
price,2010-10-12 11:21:00,0.6063794441708826,2.9263779013042206
dollar_volume,2010-07-06 15:39:00,0.19497726391504927,2.9261690952837447
dollar_volume,2010-01-27 15:33:00,0.2086030418152696,2.9260901045927485
gross_return,2010-03-26 12:32:00,0.33738204841825403,2.9249215106151834
price,2010-02-24 11:06:00,0.583558140099536,2.924731801740077
gross_return,2010-06-17 10:40:00,0.2563006980657031,2.924625895558512
gross_return,2010-02-12 12:46:00,0.347143995209997,2.9235574531343875
gross_return,2010-11-24 14:34:00,0.3281708202509246,2.923531434440505
price,2010-03-11 12:34:00,0.5367271157504959,2.9234603554540866
price,2010-02-12 12:28:00,0.5876988054646763,2.923415229037873
price,2010-01-13 12:07:00,0.6286293954108013,2.923355631969392
dollar_volume,2010-04-19 13:50:00,0.21775091563188748,2.9232757186097413
dollar_volume,2010-02-04 11:01:00,0.22722074719130297,2.9230787360777177
dollar_volume,2010-06-10 13:09:00,0.1936610807528986,2.9230690878138574
dollar_volume,2010-07-30 11:48:00,0.21810117044694705,2.922716828073655
dollar_volume,2010-06-10 13:53:00,0.20846855411698195,2.9226672699049994
dollar_volume,2010-07-16 15:33:00,0.20029994638019766,2.9225714082917857
price,2010-06-15 13:58:00,0.44384789098469657,2.9224362317499657
dollar_volume,2010-01-26 11:32:00,0.2044180430910269,2.922146360679968
gross_return,2010-04-06 15:58:00,0.392892669906558,2.9219994856984504
gross_return,2010-06-08 14:00:00,0.256872179249788,2.921879225151409
dollar_volume,2010-07-29 13:22:00,0.2240999952343165,2.921485365934152
gross_return,2010-03-16 13:50:00,0.42073219447480653,2.921425180156244
gross_return,2010-11-19 13:13:00,0.3365416076797803,2.921396129497322
dollar_volume,2010-02-26 12:30:00,0.22735153485477608,2.9210415145051507
price,2010-04-01 14:20:00,0.5965242181130009,2.9205466028909868
dollar_volume,2010-07-06 15:37:00,0.19422313154858162,2.9203591475394313
price,2010-11-01 15:20:00,0.45795034409811997,2.920288157550524
gross_return,2010-11-18 14:10:00,0.32457041863535285,2.920111488910738
price,2010-02-12 12:35:00,0.5937857109175507,2.920067511595094
gross_return,2010-06-17 13:41:00,0.26321697184296117,2.9198779442189178
gross_return,2010-06-23 14:30:00,0.3004414528936581,2.9198100605736403
dollar_volume,2010-11-03 14:51:00,0.19886988725339408,2.9197761453409514
gross_return,2010-07-27 13:15:00,0.2779604489373368,2.9195337653193536
price,2010-11-22 12:47:00,0.5082663132802793,2.9195337068349416
gross_return,2010-07-06 11:33:00,0.2515632330990304,2.919525655287133
dollar_volume,2010-02-05 14:20:00,0.2221758391928381,2.9191186843320054
dollar_volume,2010-06-22 11:16:00,0.21357149392640443,2.9190009209561256
price,2010-12-15 13:11:00,0.5759150829471427,2.918941396004151
gross_return,2010-12-14 13:59:00,0.49123046269930615,2.9188365276197525
dollar_volume,2010-04-28 11:33:00,0.20437646732205475,2.91837245392282
dollar_volume,2010-02-11 13:55:00,0.2085496738712042,2.9183455602539228
dollar_volume,2010-07-21 12:32:00,0.2057340781106176,2.9181505032592185
gross_return,2010-06-17 13:40:00,0.2627525182152061,2.9177791548169507
gross_return,2010-03-04 12:49:00,0.31293828960963843,2.91770226388856
price,2010-06-01 14:23:00,0.5038771430520205,2.917676391972075
dollar_volume,2010-12-28 13:57:00,0.22398959871236815,2.917541872575607
dollar_volume,2010-08-24 11:39:00,0.20374080176170004,2.917137471455899
price,2010-03-10 12:36:00,0.5050150416794351,2.9171253253228118
dollar_volume,2010-04-12 15:52:00,0.23833788813056514,2.9169485269189552
gross_return,2010-09-24 12:31:00,0.356433353962278,2.916651012421331
price,2010-12-21 14:43:00,0.7676435672257161,2.9165890293571572
price,2010-02-05 15:27:00,0.5067918832314998,2.9161604259228127
price,2010-03-10 14:42:00,0.5072711641498585,2.9160348987548397
price,2010-10-12 11:23:00,0.6070179821754207,2.9158544325232403
gross_return,2010-11-24 14:37:00,0.32917136120156226,2.9154039077737015
gross_return,2010-04-22 11:30:00,0.3503689418165844,2.91533465180567
price,2010-02-23 10:47:00,0.640318212426735,2.915328332436982
price,2010-04-06 14:28:00,0.5611598908655905,2.9150379468899152
price,2010-08-16 15:10:00,0.47173606963186643,2.915019088237134
price,2010-11-29 15:01:00,0.6135760348626379,2.9149741964405598
gross_return,2010-02-11 12:34:00,0.3233643197121166,2.9149471141117154
gross_return,2010-02-11 12:30:00,0.32227403803240745,2.914637232605464
dollar_volume,2010-06-10 13:43:00,0.20538104215154573,2.9144732643139477
price,2010-10-12 11:22:00,0.6058489451581878,2.9144287346871605
gross_return,2010-04-05 13:53:00,0.3299770618913795,2.914361369010068
price,2010-04-30 12:41:00,0.6076822411600771,2.9140817282327185
price,2010-08-16 15:18:00,0.47647163785091884,2.9139145911871975
dollar_volume,2010-08-09 12:04:00,0.20773454786165374,2.9138977365056924
gross_return,2010-07-19 14:45:00,0.29561189411673905,2.9133260668902454
gross_return,2010-03-17 13:38:00,0.413527827395995,2.91331918543672
gross_return,2010-06-08 14:01:00,0.2568094850281095,2.913107239760203
price,2010-01-14 13:39:00,0.6304511214564792,2.9125092969679955
price,2010-12-21 14:47:00,0.7718585655811981,2.91247050009245
price,2010-07-15 10:46:00,0.5269930754561828,2.9121576450689752
price,2010-12-10 12:23:00,0.48663029823982556,2.9118619465644278
price,2010-10-20 12:35:00,0.5366875056563073,2.91169945785475
dollar_volume,2010-10-12 14:27:00,0.19547027710696196,2.9112740143765397
price,2010-09-20 10:51:00,0.49388195875107116,2.9109324695179595
gross_return,2010-10-06 15:31:00,0.269492467781146,2.9108395060120005
dollar_volume,2010-04-12 15:53:00,0.23841289386976994,2.910724777811967
price,2010-12-27 11:43:00,0.8083336403178455,2.910534932255853
dollar_volume,2010-06-09 11:36:00,0.18855456594955425,2.9101639035468487
dollar_volume,2010-12-15 12:15:00,0.23810943639579407,2.910012636008432
price,2010-10-20 12:36:00,0.5372351188822889,2.9097400318824036
price,2010-11-05 12:12:00,0.49358848686521484,2.9094558192793736
gross_return,2010-07-26 11:30:00,0.26394234794719407,2.9092361395777577
gross_return,2010-07-06 11:29:00,0.24978769362374753,2.909226507794432
gross_return,2010-03-17 13:15:00,0.3980676135138949,2.909215681108472
price,2010-06-30 15:48:00,0.3756868882842544,2.908950589359756
dollar_volume,2010-03-31 11:45:00,0.23236338844640086,2.90845297646797
price,2010-04-13 15:42:00,0.6387627064743722,2.9083359312346104
price,2010-10-19 14:24:00,0.5444244086160287,2.9082222909889546
gross_return,2010-04-22 11:31:00,0.3503690794984342,2.9079315187638852
price,2010-02-19 11:48:00,0.643323162674146,2.9076937450171365
dollar_volume,2010-05-13 15:15:00,0.23551538387011112,2.9076513587408654
gross_return,2010-12-13 13:11:00,0.3571526629418246,2.907393613720035
gross_return,2010-12-13 13:14:00,0.3581058903786057,2.907278014296341
price,2010-04-22 13:34:00,0.5806433405378202,2.907109805409873
gross_return,2010-06-08 14:04:00,0.2576117364320609,2.9064122179740792
gross_return,2010-11-24 13:06:00,0.317766325105376,2.9062748087157884
gross_return,2010-12-27 12:13:00,0.8183924624100811,2.9061658121427016
gross_return,2010-06-17 10:48:00,0.25830893186996123,2.9060320165440943
price,2010-01-27 14:51:00,0.6248117980503572,2.9060195298710036
gross_return,2010-06-16 14:17:00,0.24677752205638845,2.905932817361386
price,2010-07-21 14:24:00,0.49721788832600805,2.905925870834858
price,2010-10-20 12:37:00,0.5375523420552122,2.9059030219100745
gross_return,2010-02-12 13:13:00,0.3573708251712265,2.9057582589567685
price,2010-04-13 15:39:00,0.63548116056932,2.9056311795687533
price,2010-04-13 15:40:00,0.6364454567165116,2.9054792781366623
gross_return,2010-06-08 14:02:00,0.25680948502810935,2.905460337917609
price,2010-12-21 14:48:00,0.7718585655811981,2.9054150864318125
gross_return,2010-06-23 14:47:00,0.30863202449453975,2.9054005079754175
price,2010-12-21 14:51:00,0.7757732115199413,2.9053269797206362
price,2010-03-30 11:33:00,0.5875678998782478,2.9051423844820428
gross_return,2010-08-10 14:31:00,0.34033441631264477,2.905009697929653
dollar_volume,2010-01-12 15:13:00,0.22490394088722926,2.9047667364574536
price,2010-09-20 10:52:00,0.49399462225133767,2.9043464321055765
gross_return,2010-10-21 12:43:00,0.2998169396160809,2.904326480141976
price,2010-03-23 15:38:00,0.6004993388595593,2.9039677595726703
price,2010-03-23 15:39:00,0.6014086627847787,2.9036212960455257
price,2010-08-23 15:58:00,0.5753735258277739,2.9033898294437686
price,2010-08-23 15:49:00,0.5686071973770184,2.903004903546454
price,2010-07-22 10:29:00,0.5164592205630316,2.9028911626586003
gross_return,2010-10-08 13:51:00,0.3143091448061098,2.902043926859616
price,2010-03-31 15:11:00,0.5793071058487405,2.9015604376562347
gross_return,2010-11-15 13:28:00,0.3266329646692043,2.901231826613457
dollar_volume,2010-05-11 13:46:00,0.23169635107127062,2.9010957366860155
dollar_volume,2010-11-09 14:55:00,0.214279578990787,2.9009074189619195
dollar_volume,2010-03-09 14:23:00,0.2135172922343779,2.900860598172318
price,2010-04-13 15:43:00,0.6387578509989552,2.9005834309057312
gross_return,2010-06-21 13:34:00,0.273922758582886,2.9002795558816445
gross_return,2010-10-05 10:29:00,0.2778786667521208,2.900125947938629
gross_return,2010-03-02 14:04:00,0.3365592413336863,2.8997591973408525
gross_return,2010-11-19 13:14:00,0.3355416809777578,2.8994405643224654
price,2010-12-21 14:40:00,0.7611284141512913,2.8993799236729747
gross_return,2010-12-03 13:55:00,0.3302999994755936,2.899039773598516
gross_return,2010-12-27 12:14:00,0.8183924624100811,2.898950604862216
dollar_volume,2010-05-25 11:26:00,0.18644089303760245,2.898921649809416
gross_return,2010-11-24 13:07:00,0.3177663251053762,2.8986459589267515
gross_return,2010-04-22 11:23:00,0.3453648658162997,2.898513343245679
price,2010-12-10 12:26:00,0.48769212619823177,2.8983729785913335
gross_return,2010-06-08 14:03:00,0.2568227455660846,2.8981483352016695
price,2010-06-23 10:33:00,0.460323443698193,2.897931513119342
dollar_volume,2010-02-02 15:50:00,0.22212442372005034,2.8977083915706956
price,2010-05-27 14:40:00,0.3873495874198769,2.8974053533602184
dollar_volume,2010-12-21 10:40:00,0.2454469036285845,2.8973654192397316
gross_return,2010-11-24 13:08:00,0.318136093363843,2.8969581405656326
gross_return,2010-08-19 10:59:00,0.29805423233840705,2.8969263075158156
price,2010-03-19 15:37:00,0.5586619531343568,2.896556825038706
gross_return,2010-03-17 13:17:00,0.39806851988965974,2.8960549686448824
dollar_volume,2010-04-12 15:51:00,0.23700208587606442,2.8958939314137013
price,2010-11-05 12:00:00,0.48253183438953007,2.8958904966134615
gross_return,2010-12-13 13:00:00,0.3517365686088185,2.895621238462881
dollar_volume,2010-08-13 13:16:00,0.21315913763134817,2.89540120274527
gross_return,2010-12-27 12:12:00,0.8151159381329233,2.895067488503728
price,2010-12-08 12:16:00,0.6296655451932097,2.8946508026901157
price,2010-12-14 13:42:00,0.5211291379039894,2.8946477188000808
gross_return,2010-03-16 13:49:00,0.4182795987643886,2.8946233678073012
gross_return,2010-03-17 13:37:00,0.41123050099532527,2.894492370199549
gross_return,2010-11-19 13:15:00,0.3356599367284407,2.8935359073535154
dollar_volume,2010-10-11 15:45:00,0.18604614541587403,2.8934926728190438
price,2010-02-12 12:41:00,0.5968017363228563,2.8930197245016287
price,2010-10-21 14:06:00,0.538696043900394,2.8929379926042156
price,2010-03-03 14:53:00,0.5206123649135581,2.892740530212573
price,2010-07-15 10:49:00,0.5274654681729318,2.892532847870282
price,2010-05-25 15:53:00,0.38079770408687574,2.8922252444332024
price,2010-04-22 13:43:00,0.5852926992618901,2.8917530361711044
gross_return,2010-12-27 12:15:00,0.8183924624100811,2.891742685001291
price,2010-12-27 11:45:00,0.8076456354403243,2.891371697083596
price,2010-04-13 15:37:00,0.6317403538059001,2.8912700280265784
dollar_volume,2010-05-28 12:29:00,0.18454874273023614,2.8909882373742697
dollar_volume,2010-12-15 12:16:00,0.23757706705682227,2.8909533272474732
price,2010-02-05 15:19:00,0.49781136226402356,2.890781712331459
dollar_volume,2010-07-22 11:43:00,0.22238036732866537,2.890076459532398
dollar_volume,2010-12-21 10:37:00,0.2437895284571473,2.89005372745824
price,2010-12-21 14:50:00,0.7718585655811981,2.890005293211221
gross_return,2010-10-05 10:50:00,0.28368191029811596,2.8896865021012585
price,2010-03-03 14:55:00,0.5218767918116901,2.8894528122572467
gross_return,2010-11-15 13:36:00,0.3265832932449802,2.8893293933563644
price,2010-02-05 15:18:00,0.4969091901205259,2.889157208852866
price,2010-07-01 13:07:00,0.39413563702683596,2.8889743074318934
price,2010-12-21 14:45:00,0.7652832760357271,2.8884793421358452
dollar_volume,2010-09-02 10:31:00,0.21940652630986524,2.8884084790631612
price,2010-12-14 13:39:00,0.5176337380951346,2.8880165086018375
price,2010-04-13 15:38:00,0.6322335897591365,2.8876700756373257
gross_return,2010-11-15 13:39:00,0.32674173588275285,2.8876119238285383
price,2010-03-11 15:17:00,0.5245020615929374,2.8875566825955565
dollar_volume,2010-04-19 12:34:00,0.2043482244067293,2.8875179206797617
price,2010-02-19 11:49:00,0.6415162049050422,2.8874417889405897
gross_return,2010-06-17 13:42:00,0.26195706990175965,2.887182963058034
price,2010-03-03 14:54:00,0.520769958489246,2.8866808422148647
gross_return,2010-08-10 13:16:00,0.2816829950797388,2.8865418506944014
price,2010-03-05 15:07:00,0.4751517056684166,2.8861149431365405
price,2010-03-19 15:45:00,0.5643827257551887,2.8859273133687613
price,2010-08-06 15:27:00,0.5904804151193644,2.885811835955032
price,2010-02-12 14:46:00,0.6343381583674569,2.8857140638806746
dollar_volume,2010-03-31 11:52:00,0.23286740327669908,2.885653446617743
gross_return,2010-12-06 14:10:00,0.3229602563697048,2.8855775370493464
dollar_volume,2010-06-02 14:47:00,0.21447101038138763,2.885372858951031
dollar_volume,2010-01-28 12:17:00,0.20945867328947235,2.885361830701324
gross_return,2010-08-02 12:34:00,0.3151370507089632,2.8851732194284803
price,2010-09-29 15:48:00,0.5259658317513728,2.8846170691334985
gross_return,2010-10-08 13:02:00,0.30265908841966344,2.8843265615290377
dollar_volume,2010-05-28 13:50:00,0.20434281544869795,2.884303501937664
gross_return,2010-11-15 13:38:00,0.32666908459833977,2.8839820122726647
dollar_volume,2010-10-11 15:35:00,0.183868985560328,2.883952349797952
price,2010-06-23 10:46:00,0.46591577345699475,2.8837034317037067
price,2010-02-12 12:23:00,0.5773833357695003,2.8831770448919363
price,2010-04-13 15:30:00,0.6236570015164193,2.8823128851563236
dollar_volume,2010-09-22 12:43:00,0.23964656465382114,2.8819700601797114
price,2010-11-29 14:38:00,0.5719533323105153,2.8819301673759647
gross_return,2010-02-22 15:51:00,0.3513661388879612,2.881455564128293
dollar_volume,2010-10-26 14:46:00,0.19479934614826694,2.8813209402261437
dollar_volume,2010-05-28 14:05:00,0.21196451964023724,2.881200404066691
dollar_volume,2010-06-14 10:49:00,0.21814004941777712,2.8811666044984943
gross_return,2010-09-24 11:37:00,0.3457595841805097,2.880812514811169
gross_return,2010-03-16 13:48:00,0.4169603368201254,2.8806370344187777
gross_return,2010-02-11 12:38:00,0.32310618660524393,2.880553834911258
gross_return,2010-12-14 13:58:00,0.48631318254745093,2.880284725721737
price,2010-04-22 13:33:00,0.576629277038445,2.8802800291745463
dollar_volume,2010-06-22 11:12:00,0.2108823566544397,2.879380822036287
gross_return,2010-07-19 14:48:00,0.294739786152791,2.8792662888156886
dollar_volume,2010-04-12 13:46:00,0.2340842712915185,2.8792268166913577
dollar_volume,2010-07-21 12:34:00,0.20474549463250813,2.879003035681788
dollar_volume,2010-11-11 15:58:00,0.20521019323201772,2.878894649083659
gross_return,2010-10-12 13:28:00,0.36439246075809295,2.878483728510229
dollar_volume,2010-11-03 14:29:00,0.19509660933026213,2.878387872296389
price,2010-11-22 15:06:00,0.5548674356594613,2.878303057307709
dollar_volume,2010-05-07 15:53:00,0.20903253538970704,2.8782851323113805
gross_return,2010-10-05 10:51:00,0.28342037287188504,2.878169511886228
dollar_volume,2010-07-21 10:56:00,0.20675330841942602,2.8779373595571536
price,2010-12-21 14:41:00,0.7587293570158963,2.87777592287951
price,2010-09-29 15:36:00,0.5158403755972811,2.8776392527631782
price,2010-01-08 15:48:00,0.6817193790121479,2.877596939996848
price,2010-12-20 13:21:00,0.6610157367800907,2.877211845437422
price,2010-02-25 14:09:00,0.6074166015960997,2.8764845937716865
gross_return,2010-07-19 14:47:00,0.2942287584239167,2.87643241505407
dollar_volume,2010-02-25 14:28:00,0.21960059710996482,2.876234655256966
gross_return,2010-08-27 11:23:00,0.30934784231351675,2.876103102084358
price,2010-05-03 12:33:00,0.6042212298585968,2.876008123304836
price,2010-08-25 15:23:00,0.5375160857258474,2.8756240066160323
dollar_volume,2010-11-22 13:53:00,0.22059024686327533,2.875514714943501
price,2010-11-22 10:54:00,0.47843806667549743,2.8755061147118943
price,2010-07-26 14:39:00,0.5161655435021436,2.8753796929790205
price,2010-04-13 15:41:00,0.6335652027399536,2.875249548526359
dollar_volume,2010-09-28 13:20:00,0.2510052265557546,2.875043808525594
price,2010-05-26 13:53:00,0.34976618235328877,2.8750041332736034
price,2010-04-01 14:22:00,0.5926264663391707,2.8748708418042166
gross_return,2010-02-11 12:39:00,0.3231096424981342,2.8747409159433883
price,2010-08-09 14:58:00,0.5890367120004801,2.8744466171064147
price,2010-08-06 15:00:00,0.5614505849128736,2.873774605120546
gross_return,2010-05-27 14:55:00,0.20784541990887762,2.8736961677239248
price,2010-09-27 14:06:00,0.5413484408251097,2.873556575325148
dollar_volume,2010-11-23 15:32:00,0.21862201817878615,2.8734318137801558
dollar_volume,2010-08-13 13:14:00,0.21167540813401292,2.8733649685795664
gross_return,2010-07-19 14:49:00,0.29476078556631546,2.8732969326237527
price,2010-04-01 14:21:00,0.5914275581363309,2.873243680657791
price,2010-12-14 14:54:00,0.531622247982626,2.872326041188692
gross_return,2010-03-16 13:38:00,0.40991772455781295,2.8723021220296725
price,2010-09-03 14:10:00,0.6330380612217229,2.871700738089118
gross_return,2010-08-19 12:38:00,0.29991766946318094,2.8714967011588244
price,2010-05-25 15:52:00,0.37852525495135536,2.8709354070212445
price,2010-03-30 11:34:00,0.5841375488475291,2.870893792165683
price,2010-11-01 15:05:00,0.44599199103956366,2.870891024058259
dollar_volume,2010-10-27 12:39:00,0.19132612907178015,2.8708778208744388
gross_return,2010-10-05 10:43:00,0.2806620190653063,2.870868261519462
dollar_volume,2010-11-22 13:13:00,0.21727327538785055,2.870679182894465
price,2010-07-09 15:06:00,0.45860225403942567,2.8706068304279615
gross_return,2010-06-17 10:38:00,0.2531488645496001,2.870163640402404
gross_return,2010-08-27 11:24:00,0.30942009066426845,2.869837201259173
gross_return,2010-12-17 13:09:00,0.5447109727528985,2.869359493293897
gross_return,2010-10-06 11:01:00,0.2587936299662156,2.869249071172872
price,2010-05-25 12:16:00,0.38032435420162536,2.8689559278392878
gross_return,2010-09-17 12:03:00,0.3197080952732186,2.8687321214002406
price,2010-07-07 14:02:00,0.4610690504159872,2.8687279681486597
price,2010-08-26 14:27:00,0.5260688687584562,2.868515527757464
gross_return,2010-04-22 11:29:00,0.3465954781221574,2.8682254385369026
price,2010-04-07 13:40:00,0.6310035862487074,2.868155837820856
gross_return,2010-04-22 11:24:00,0.34377458738804206,2.867894056830941
price,2010-07-15 10:44:00,0.5200961279442314,2.867883455883641
price,2010-04-22 13:30:00,0.5726680996260809,2.867546216421387
price,2010-06-30 15:45:00,0.3712216114754313,2.8674770907539444
dollar_volume,2010-09-22 11:17:00,0.2347338593421857,2.8672348383447233
price,2010-10-20 12:26:00,0.5241642380190783,2.8672263034824663
dollar_volume,2010-09-14 15:04:00,0.20185333067405,2.867076633319925
gross_return,2010-03-02 14:10:00,0.3354825157743933,2.8670619478960653
price,2010-10-20 12:38:00,0.5338331532921164,2.866889115538155
price,2010-05-17 12:35:00,0.44566259080277737,2.8666186989681535
price,2010-02-02 15:23:00,0.5159806128412459,2.866513548140561
gross_return,2010-10-12 13:26:00,0.3623846542521133,2.8664146100625323
price,2010-12-01 12:41:00,0.7069065615269613,2.8661575694121746
gross_return,2010-07-06 11:32:00,0.24868973371303016,2.866021096009185
gross_return,2010-09-17 13:53:00,0.34294213506627624,2.865929112949235
price,2010-03-08 11:57:00,0.48490446625501743,2.8651882933307524
gross_return,2010-06-23 14:44:00,0.304769320031774,2.8651622562784937
price,2010-12-20 13:20:00,0.6584533728318431,2.865113110763706
price,2010-02-05 15:28:00,0.5023686954262931,2.864810736408857
gross_return,2010-12-22 12:51:00,0.697334627758714,2.8647385468769917
gross_return,2010-04-21 13:59:00,0.3366384468363356,2.864688310558875
gross_return,2010-01-15 14:55:00,0.38369590218084487,2.8645799184640226
gross_return,2010-06-23 14:45:00,0.3051930693211907,2.864515255262894
gross_return,2010-04-22 11:28:00,0.34583126057016944,2.86448175781289
price,2010-07-21 14:22:00,0.49134589158404074,2.864203008892044
dollar_volume,2010-03-03 10:58:00,0.2319501869114567,2.863824015394928
gross_return,2010-04-23 15:44:00,0.32832439870289976,2.8637583119241734
gross_return,2010-10-05 10:44:00,0.28053403583799624,2.863719147397617
price,2010-12-27 11:42:00,0.7986521158749788,2.8634232639792194
price,2010-04-30 15:11:00,0.593633053852578,2.863207932536532
price,2010-11-29 14:42:00,0.5738138001361166,2.863137124555947
dollar_volume,2010-07-21 10:57:00,0.20639366769568246,2.863108132005276
gross_return,2010-11-24 14:35:00,0.3247191075302511,2.862760622664304
dollar_volume,2010-12-07 13:12:00,0.2010640607278904,2.862150541170029
price,2010-06-15 13:53:00,0.4362639976947457,2.8618952847608248
gross_return,2010-02-22 15:52:00,0.35051607724043504,2.861786832986344
price,2010-12-20 13:19:00,0.6571144202769896,2.861707594523477
price,2010-06-11 10:35:00,0.4152992917844588,2.861689924603365
price,2010-05-25 15:56:00,0.3803124680461846,2.8615610024289446
price,2010-10-08 13:03:00,0.5758918207640892,2.860704201933177
gross_return,2010-07-07 13:24:00,0.2581781119714124,2.8605422485474743
dollar_volume,2010-06-02 14:46:00,0.21310420965966698,2.860294723028164
dollar_volume,2010-03-03 10:59:00,0.23210135548757876,2.8602166326034473
price,2010-07-21 14:34:00,0.501772146886069,2.859854978663455
price,2010-12-20 14:13:00,0.6791908525558213,2.85979088827723
dollar_volume,2010-11-03 12:51:00,0.1882255305887194,2.8596292739752647
gross_return,2010-05-27 14:50:00,0.20571973250397252,2.8594988135315096
dollar_volume,2010-07-13 11:59:00,0.2036785107963156,2.8588320018933886
price,2010-07-14 13:20:00,0.4853374092772093,2.8586164411261334
gross_return,2010-11-19 13:18:00,0.33465746429110727,2.858357293425672
price,2010-04-22 13:32:00,0.5732360551915773,2.8583561178739343
price,2010-12-08 12:31:00,0.6354459885358177,2.8582458578185794
dollar_volume,2010-11-03 14:27:00,0.19386015080800625,2.8582321502830355
price,2010-06-15 13:55:00,0.4367051849651125,2.858226130673343
gross_return,2010-06-17 10:39:00,0.2528477906675856,2.858209349784637
price,2010-07-09 15:11:00,0.4589912457193152,2.8580386603861347
dollar_volume,2010-11-22 13:15:00,0.21729604564135907,2.8574484507399394
price,2010-01-19 15:43:00,0.6573997764514626,2.85721436564238
gross_return,2010-11-24 14:38:00,0.3258004773505869,2.856601235818218
price,2010-07-22 10:43:00,0.526827578593407,2.8564509205986783
gross_return,2010-07-07 13:25:00,0.2583270127024617,2.856355524294363
gross_return,2010-10-07 13:27:00,0.2708502980262152,2.8562506737177196
dollar_volume,2010-11-16 13:09:00,0.21152938442808833,2.856219946594873
dollar_volume,2010-11-22 13:14:00,0.21697040244051882,2.856047770527481
price,2010-12-10 12:21:00,0.47929958675686823,2.855750052275778
price,2010-03-30 11:35:00,0.5831383380558885,2.855740945034179
gross_return,2010-03-05 13:31:00,0.39499399851424427,2.8548175900069452
price,2010-04-07 13:14:00,0.6040257126891498,2.8545923250783836
dollar_volume,2010-07-21 12:44:00,0.2067807202973363,2.8545901946211423
dollar_volume,2010-07-16 13:41:00,0.19614044691957097,2.8543658439877193
price,2010-07-23 13:52:00,0.49944703173520066,2.854229481098544
gross_return,2010-02-11 12:16:00,0.315084912852337,2.8536784127568398
dollar_volume,2010-07-06 11:32:00,0.18699589948003562,2.8534996015179424
gross_return,2010-02-12 12:35:00,0.3364815521339502,2.8534892771845284
price,2010-07-20 14:13:00,0.4912118766480374,2.853325419556733
dollar_volume,2010-05-10 12:25:00,0.21285558676192523,2.853154485294913
price,2010-04-22 13:31:00,0.5717564253785161,2.852735789781767
dollar_volume,2010-11-05 13:57:00,0.19700216273753976,2.852692161246397
price,2010-07-14 13:21:00,0.4853217328673228,2.852525032572928
price,2010-05-27 14:46:00,0.3882071496138481,2.852028352631022
dollar_volume,2010-07-13 12:00:00,0.20366416632110276,2.8519899769782344
dollar_volume,2010-12-07 13:13:00,0.2009660089001862,2.8519797383911163
price,2010-07-21 14:23:00,0.4908439407862233,2.8518006750717344
dollar_volume,2010-04-16 15:07:00,0.19987641423245267,2.851519965266253
gross_return,2010-10-08 13:01:00,0.3002315076091796,2.85148880097916
dollar_volume,2010-08-10 14:28:00,0.20760590377407345,2.851337276746494
price,2010-07-30 14:58:00,0.5147768962224163,2.8504100761766744
price,2010-03-23 15:16:00,0.5695854185390833,2.850288791879963
price,2010-07-07 14:05:00,0.460976896315637,2.850213950115664
price,2010-02-11 12:08:00,0.5302378039410447,2.849941279443759
gross_return,2010-11-24 14:39:00,0.32579854418041654,2.849854104852918
dollar_volume,2010-10-07 10:49:00,0.19070360215792875,2.849777732352899
dollar_volume,2010-12-17 11:52:00,0.25062284049034594,2.8493429405466872
dollar_volume,2010-08-24 11:19:00,0.1978791342334144,2.8491665294006934
price,2010-10-12 11:26:00,0.6012252232840172,2.849129726936067
dollar_volume,2010-10-06 14:40:00,0.18886507169639702,2.848433296832615
dollar_volume,2010-11-19 13:33:00,0.21590898994197072,2.8482237996607767
dollar_volume,2010-06-22 11:14:00,0.21028400284689122,2.8481958329561907
dollar_volume,2010-10-27 15:47:00,0.19503574196874424,2.8471972548807263
dollar_volume,2010-11-03 14:30:00,0.19421848023757515,2.8469815105023075
gross_return,2010-03-04 12:50:00,0.30916995826648047,2.8469117583826242
gross_return,2010-03-17 13:16:00,0.3934579147659485,2.8466860804728253
dollar_volume,2010-07-06 11:37:00,0.1879396903193048,2.846554667974053
gross_return,2010-11-18 14:09:00,0.3191984539460335,2.846462620429795
gross_return,2010-02-12 12:36:00,0.3365105015903293,2.8464142682748697
dollar_volume,2010-06-22 11:11:00,0.2093312651694889,2.8463068389284976
price,2010-09-21 14:27:00,0.5175868450824475,2.8462942404158516
price,2010-12-21 14:42:00,0.7545608169742342,2.846088470418024
price,2010-02-18 14:50:00,0.6030317438617808,2.8460717592910867
gross_return,2010-07-14 14:00:00,0.30084472287745667,2.84606165684905
gross_return,2010-05-28 15:16:00,0.24362379815301477,2.8453609910791466
price,2010-12-21 14:52:00,0.7666794836173748,2.845353375140416
price,2010-02-19 11:50:00,0.6364472508953017,2.845257231825065
dollar_volume,2010-05-10 11:10:00,0.2073168283413382,2.845177525367388
dollar_volume,2010-11-03 14:23:00,0.1925358865081772,2.8449774044067775
gross_return,2010-10-21 11:06:00,0.29666691425316727,2.844858030841511
dollar_volume,2010-07-28 12:01:00,0.21969815263400486,2.844423232875895
gross_return,2010-09-17 13:48:00,0.33918964869508683,2.8444080898828514
gross_return,2010-02-12 12:37:00,0.3368982929474056,2.844392520635542
gross_return,2010-03-17 13:29:00,0.3998308858691374,2.844062492076024
dollar_volume,2010-12-07 13:14:00,0.20094428310067708,2.8440037991738443
dollar_volume,2010-12-28 12:46:00,0.21991905397776312,2.8438708558691506
price,2010-10-07 14:11:00,0.5652729548062093,2.8435489733548063
gross_return,2010-11-15 13:40:00,0.3238224140780021,2.843270641513514
price,2010-12-30 15:50:00,0.8001842860321305,2.842991947897571
gross_return,2010-05-27 14:54:00,0.20638712336297418,2.8427174752303865
dollar_volume,2010-06-09 11:48:00,0.18921871945977506,2.8425672284635803
gross_return,2010-05-18 11:01:00,0.24733338512471173,2.8418501487254892
dollar_volume,2010-01-22 13:57:00,0.19734595384884682,2.8418202940064923
gross_return,2010-12-06 14:08:00,0.31913785890850566,2.8414961582039036
price,2010-09-20 14:44:00,0.49407768947634534,2.841480543737009
price,2010-11-29 15:15:00,0.613095839900105,2.84143263997179
price,2010-12-27 11:44:00,0.7973844048138982,2.8411057915444116
dollar_volume,2010-11-23 15:56:00,0.22502722673616216,2.841104011267586
dollar_volume,2010-05-03 14:31:00,0.2176214725060622,2.8410856884398847
gross_return,2010-08-24 13:37:00,0.3291478403742951,2.8408312131461613
dollar_volume,2010-02-22 14:39:00,0.21444372180161653,2.840789492689105
dollar_volume,2010-03-31 11:53:00,0.23116692486578072,2.8407801331758242
dollar_volume,2010-06-22 11:15:00,0.21028171963852293,2.8407065879349935
gross_return,2010-06-30 14:10:00,0.28163058014859815,2.8407057280921943
gross_return,2010-09-17 13:49:00,0.33942341398058806,2.8406119274822106
gross_return,2010-09-02 11:42:00,0.3558014269075691,2.8405520275870937
price,2010-03-05 15:14:00,0.47637717861175943,2.840376161625158
price,2010-03-31 15:12:00,0.5719413595226894,2.840160628975639
gross_return,2010-10-05 10:49:00,0.28069393019160355,2.84003536564059
price,2010-07-26 14:36:00,0.5103109641229684,2.839655301942167
price,2010-07-14 14:10:00,0.5020416867089676,2.839378311031171
dollar_volume,2010-03-17 10:45:00,0.20453861213336844,2.838830560762446
dollar_volume,2010-12-31 12:32:00,0.2263227436268703,2.8385177703505495
gross_return,2010-03-05 13:32:00,0.39424301748840546,2.838356265598284
price,2010-07-09 15:08:00,0.4561873604699182,2.8382912384307284
dollar_volume,2010-03-17 10:44:00,0.20428727168784042,2.838063284239625
price,2010-04-21 15:58:00,0.5504949464051648,2.8377512672864404
price,2010-09-23 14:55:00,0.5304220696623867,2.8376508755121774
dollar_volume,2010-03-10 15:17:00,0.20472910979546127,2.8370858790231637
price,2010-02-05 15:29:00,0.5002563147415661,2.83703253028967
price,2010-04-07 13:39:00,0.6259223469697874,2.836950416859005
dollar_volume,2010-08-16 10:56:00,0.20553680391742724,2.836681597757061
dollar_volume,2010-08-26 13:20:00,0.19764576747306883,2.8366447639780987
gross_return,2010-11-15 13:50:00,0.3223489028604084,2.8363879825434632
gross_return,2010-11-15 13:37:00,0.32345041006772246,2.836319292792491
price,2010-06-11 15:59:00,0.41943068274741846,2.8360182339714775
price,2010-03-23 15:35:00,0.5896233487717486,2.835853322475644
dollar_volume,2010-12-07 11:31:00,0.19836810042215325,2.8358041102036733
dollar_volume,2010-01-13 13:05:00,0.21120685195980676,2.8357407081368917
gross_return,2010-10-12 13:22:00,0.35836517830549447,2.835527849750637
dollar_volume,2010-08-27 11:14:00,0.21100507776583813,2.8354475144719786
price,2010-02-24 11:10:00,0.5760157133131679,2.8353894753860494
gross_return,2010-12-06 14:02:00,0.31608164054928767,2.835304561470061
price,2010-05-28 13:28:00,0.4478627027528812,2.8352673057816755
price,2010-12-21 14:39:00,0.7491399099272109,2.8351548554500967
dollar_volume,2010-02-05 12:32:00,0.21000544716488345,2.8351246521663103
gross_return,2010-10-05 10:46:00,0.2795330056336766,2.8350892164459482
price,2010-11-02 13:19:00,0.4565984312521535,2.835002583130748
dollar_volume,2010-12-07 13:15:00,0.20088076463414922,2.834919452009396
price,2010-01-14 13:42:00,0.623052093505904,2.8348129742720163
gross_return,2010-12-03 13:52:00,0.32456794180501747,2.8347897350554208
price,2010-08-06 15:13:00,0.5687127904480099,2.834672106633301
price,2010-03-30 11:36:00,0.5813703027833316,2.8344856040793007
gross_return,2010-09-17 13:55:00,0.3417587949438117,2.8339180382080054
gross_return,2010-10-05 10:45:00,0.27919249373931676,2.8338515395925974
gross_return,2010-12-14 14:19:00,0.49757531921109255,2.8336188346940014
price,2010-02-05 15:30:00,0.5005744356398544,2.83355061730983
price,2010-04-07 11:03:00,0.58413837014407,2.8335028551067025
price,2010-11-01 15:13:00,0.44581177674982597,2.8335009144773404
gross_return,2010-07-14 14:04:00,0.3024331087955167,2.8334028201408046
dollar_volume,2010-11-03 14:28:00,0.19321446188851307,2.8333912810124153
price,2010-07-15 10:40:00,0.5132018806985956,2.833336993818393
gross_return,2010-05-18 10:59:00,0.24628215416156984,2.8333360298051833
dollar_volume,2010-07-23 14:10:00,0.22891444464272126,2.8332662998167804
price,2010-02-05 15:16:00,0.48984709057517273,2.832673042047793
price,2010-11-22 10:55:00,0.4749495965441626,2.832446204708328
dollar_volume,2010-03-17 10:46:00,0.20456956969754983,2.8322565932365142
gross_return,2010-11-24 13:09:00,0.3144852572919646,2.83148813411757
dollar_volume,2010-07-16 15:44:00,0.1994409426584965,2.831302283518261
dollar_volume,2010-06-23 15:25:00,0.2171960512535521,2.830875379840106
gross_return,2010-10-06 11:02:00,0.25732447624238847,2.8307260354663057
gross_return,2010-06-16 14:20:00,0.24443746419186757,2.8303191621001624
dollar_volume,2010-07-13 11:47:00,0.20016434061202473,2.8302490347500497
gross_return,2010-10-05 10:47:00,0.2795343617395327,2.830027763339151
gross_return,2010-05-28 13:20:00,0.2341178576876752,2.8298678480041883
price,2010-08-23 15:50:00,0.56055266346728,2.829754472250718
gross_return,2010-12-06 14:04:00,0.3166854265939786,2.8296498424352854
price,2010-11-01 15:17:00,0.4477135836854977,2.8291991147616216
dollar_volume,2010-02-02 15:32:00,0.21208644433648988,2.8291716686974215
dollar_volume,2010-05-28 12:35:00,0.18316997782546662,2.8291417464251993
price,2010-11-01 15:27:00,0.45529839226385727,2.828694437026543
gross_return,2010-06-08 14:07:00,0.2547598947001009,2.8286616900973747
dollar_volume,2010-07-06 11:33:00,0.18639660187818352,2.828550571538578
price,2010-04-07 13:36:00,0.6219475206730818,2.828494306183403
gross_return,2010-12-22 12:50:00,0.690921907266909,2.8284269038386527
price,2010-08-17 13:53:00,0.5255600915419237,2.8279698909491553
dollar_volume,2010-05-03 14:32:00,0.2173702095298297,2.827783007932388
gross_return,2010-10-21 12:44:00,0.29595516906306824,2.8276322357995833
dollar_volume,2010-06-23 12:14:00,0.21310692622048133,2.8272998928014315
price,2010-04-07 13:38:00,0.6236874173164384,2.827246301348582
price,2010-06-14 13:16:00,0.4209800532122704,2.8269226554532043
price,2010-07-15 15:27:00,0.4799412227303421,2.8265979498842375
price,2010-11-09 12:06:00,0.4956556850481453,2.826375344142404
gross_return,2010-07-14 14:05:00,0.3024215700152008,2.826264865857118
gross_return,2010-05-28 13:21:00,0.23428683733900896,2.826205488346215
dollar_volume,2010-01-21 12:39:00,0.20293864991794403,2.8262019660592745
dollar_volume,2010-08-26 13:21:00,0.19751875761770757,2.8258572426491884
price,2010-03-30 11:26:00,0.5698565263776901,2.8257768466164865
price,2010-10-08 12:58:00,0.5663125852693878,2.8257428267701656
dollar_volume,2010-11-03 14:59:00,0.19651926663014926,2.8254336462296177
price,2010-02-09 12:55:00,0.5271106501517255,2.8254072450346976
dollar_volume,2010-04-07 13:48:00,0.2293497148807301,2.8252646971031683
price,2010-09-03 14:04:00,0.6224264717857046,2.8250318035191526
dollar_volume,2010-05-07 13:18:00,0.20711772190412828,2.824755981756145
price,2010-04-07 13:37:00,0.6223910775717423,2.8246114134907017
dollar_volume,2010-05-11 13:35:00,0.22693253212902958,2.824169163817118
price,2010-12-20 14:33:00,0.705752590143043,2.8241076911835785
price,2010-12-27 11:41:00,0.7904178916367669,2.824103070103625
dollar_volume,2010-04-08 12:14:00,0.23604640262889687,2.82391906999377
dollar_volume,2010-03-26 14:01:00,0.21925594542789337,2.8238700928458904
dollar_volume,2010-05-10 12:26:00,0.21193206399515638,2.8237010008280317
price,2010-01-13 12:09:00,0.6174533315698086,2.8236998976342833
dollar_volume,2010-01-26 14:13:00,0.20317485362968013,2.8235205091131905
gross_return,2010-10-06 11:03:00,0.2573216050149316,2.8234391849214675
price,2010-10-12 11:20:00,0.5920711624486117,2.8233042946313196
dollar_volume,2010-07-08 13:18:00,0.19100282841337057,2.8230424344375593
price,2010-09-27 14:05:00,0.534693281623819,2.82269054858121
price,2010-05-25 12:20:00,0.37921766861777495,2.822662977595815
dollar_volume,2010-11-19 13:23:00,0.21182950553976654,2.822603030503971
gross_return,2010-08-27 11:05:00,0.2989702311878146,2.8219577158903038
price,2010-08-16 15:19:00,0.4682584610322871,2.8218747074658728
price,2010-02-19 11:45:00,0.6275106350959243,2.8218258711399176
gross_return,2010-02-12 12:44:00,0.3386617629427337,2.8217970831378625
price,2010-11-19 14:11:00,0.45427755357464156,2.8213007890546624
dollar_volume,2010-05-07 13:17:00,0.20677459971493325,2.8212036542507493
dollar_volume,2010-04-19 13:18:00,0.20634613816958608,2.821011572049905
gross_return,2010-07-12 12:57:00,0.27834871014953516,2.8208799563522615
dollar_volume,2010-04-19 13:48:00,0.21305318688135474,2.820780141958125
price,2010-03-05 14:51:00,0.4544330098066802,2.8206468447437176
price,2010-11-10 13:29:00,0.5118426845993689,2.8206313893398725
gross_return,2010-02-12 12:34:00,0.333618243169153,2.8205661416138437
price,2010-04-22 13:44:00,0.5776568955675968,2.820502446280538
dollar_volume,2010-03-31 11:47:00,0.22897237800973963,2.8203603393607692
gross_return,2010-05-28 15:15:00,0.24206246366940656,2.820304220899954
gross_return,2010-09-24 11:34:00,0.34030673990251376,2.8201763659672827
dollar_volume,2010-08-24 11:40:00,0.20020958994802918,2.8190798114306705
gross_return,2010-10-05 10:33:00,0.27504000200632384,2.8188282660207093
dollar_volume,2010-04-07 13:49:00,0.2292950681086804,2.8187908940671935
gross_return,2010-04-21 13:49:00,0.32870880632911403,2.818782626014878
dollar_volume,2010-04-19 13:49:00,0.21317927285560126,2.818734326007007
gross_return,2010-10-06 12:07:00,0.2589910036952869,2.8185944626022756
dollar_volume,2010-07-28 12:25:00,0.22547273722475233,2.818314435209048
price,2010-11-22 10:56:00,0.47426273502349947,2.8181426582948603
gross_return,2010-05-26 14:25:00,0.21161761776766436,2.8180539455492637
dollar_volume,2010-01-22 15:54:00,0.19651579564564683,2.8176642180735576
price,2010-07-14 13:13:00,0.47465931123438143,2.8176378884399442
gross_return,2010-12-28 14:20:00,0.8779994007856826,2.8174355611077098
price,2010-07-15 10:47:00,0.5168664760396748,2.8170533875370656
gross_return,2010-12-17 13:23:00,0.550223455545503,2.81692329063706
price,2010-07-09 15:07:00,0.4536405549323977,2.8168126243731626
gross_return,2010-03-16 13:54:00,0.4119615701612587,2.8165788745010993
gross_return,2010-10-12 13:27:00,0.35924129441595204,2.8165781338370426
gross_return,2010-11-02 15:41:00,0.3420495919069116,2.8165215013317084
dollar_volume,2010-04-07 13:50:00,0.22943386788027895,2.8163761478547418
dollar_volume,2010-07-13 12:01:00,0.20251334539412386,2.8163050677404
gross_return,2010-10-11 15:50:00,0.34823124970007,2.8161814805350103
gross_return,2010-04-21 13:50:00,0.32895595640388414,2.8160636342465675
dollar_volume,2010-12-31 12:34:00,0.22597297332358635,2.8158574930793154
gross_return,2010-11-24 14:33:00,0.32070170861435676,2.815688530864812
price,2010-02-05 15:51:00,0.508963656933851,2.8154169831710423
dollar_volume,2010-10-05 13:00:00,0.19928603381801913,2.8153815492401724
price,2010-03-30 11:40:00,0.5826057112842675,2.8152788918085596
dollar_volume,2010-11-03 13:09:00,0.1900088107949581,2.8146929792363244
dollar_volume,2010-11-22 13:58:00,0.21920274224408395,2.814671183543774
price,2010-12-15 13:01:00,0.5533590920930322,2.8146031344596674
dollar_volume,2010-10-27 12:42:00,0.19004460671120402,2.8144918809642987
gross_return,2010-03-08 14:43:00,0.43753720854325623,2.8144859697119733
price,2010-02-09 12:56:00,0.5266301548815105,2.8142938346790776
price,2010-03-05 15:13:00,0.4731089426656123,2.813643062478863
price,2010-12-21 14:44:00,0.7513872205114219,2.813324147585215
dollar_volume,2010-08-26 15:45:00,0.20103210572481353,2.8130754447560653
dollar_volume,2010-05-28 12:36:00,0.18287743970284423,2.8129783647711513
dollar_volume,2010-05-26 10:51:00,0.1915141684939043,2.812792617258741
gross_return,2010-06-17 13:44:00,0.2589453355449131,2.8127747920690056
price,2010-12-21 14:53:00,0.7622310024734777,2.8127079311512238
gross_return,2010-07-28 13:04:00,0.2694554481575666,2.812498145034083
dollar_volume,2010-06-23 12:15:00,0.2127762924848037,2.81232713758862
dollar_volume,2010-05-03 14:34:00,0.21735802507055618,2.812294480585703
gross_return,2010-12-17 13:08:00,0.5366653529633514,2.8120589915848826
gross_return,2010-06-30 14:15:00,0.28234399068190136,2.8119624241096925
price,2010-01-19 15:30:00,0.633169685386482,2.8117644570811495
price,2010-04-07 11:09:00,0.5876830983686594,2.811734788702658
dollar_volume,2010-07-06 15:38:00,0.1906293497089938,2.811500788705947
price,2010-10-20 12:22:00,0.5143063020509098,2.811389125462093
dollar_volume,2010-08-24 11:41:00,0.20018966868128715,2.811352584102548
dollar_volume,2010-12-31 12:33:00,0.2254651621162965,2.8113370989387523
dollar_volume,2010-01-12 15:14:00,0.22098109401483562,2.811240564676712
price,2010-08-16 15:17:00,0.4657714389887121,2.810964326616867
gross_return,2010-06-30 14:04:00,0.2777450634643704,2.810879578338035
gross_return,2010-12-06 14:07:00,0.3166853974035157,2.8104718189174642
gross_return,2010-12-28 14:21:00,0.8780012403406617,2.8104113510461013
gross_return,2010-10-08 13:03:00,0.29865209279535593,2.810276923386593
price,2010-03-03 14:57:00,0.5147237160376846,2.8102153828445333
price,2010-12-08 12:15:00,0.6163409079275565,2.809870259224058
gross_return,2010-06-08 14:11:00,0.2553839537198395,2.809634827722351
gross_return,2010-12-21 12:31:00,0.5849563183176416,2.8091309033019116
gross_return,2010-07-23 14:24:00,0.26767259994706316,2.8090891530978537
dollar_volume,2010-08-31 15:56:00,0.21539382396869994,2.809059244049894
price,2010-12-27 11:39:00,0.7852329545184745,2.808971802112455
dollar_volume,2010-07-21 11:10:00,0.2056606331758965,2.8089309334219625
dollar_volume,2010-06-10 13:33:00,0.19665198830569008,2.80879578815184
dollar_volume,2010-01-27 14:21:00,0.20198084259707721,2.8084262302636858
gross_return,2010-02-12 12:33:00,0.3322368337683631,2.808311380987295
dollar_volume,2010-08-27 10:54:00,0.20462978333299864,2.8081349181031907
gross_return,2010-05-28 13:22:00,0.233730398151884,2.807631473365954
price,2010-06-30 15:52:00,0.3701854225251807,2.807472679938762
price,2010-10-19 14:25:00,0.5336616450216929,2.8072216775338186
dollar_volume,2010-09-16 15:40:00,0.2042160859832225,2.8069608888037485
price,2010-07-09 15:10:00,0.45355452038725397,2.8068026510754187
price,2010-02-24 11:17:00,0.5800600613960161,2.8067985614916102
dollar_volume,2010-06-23 15:20:00,0.21519491808134142,2.8067948266164082
dollar_volume,2010-06-10 13:44:00,0.20133070610218012,2.8061796464082818
price,2010-08-23 15:47:00,0.5558503259588289,2.8061270410282058
dollar_volume,2010-02-18 12:39:00,0.20358548833776574,2.805940586173556
price,2010-05-18 12:01:00,0.45105896077553986,2.8053807458276476
price,2010-10-12 14:05:00,0.5561140560607916,2.805260318465728
dollar_volume,2010-08-26 13:19:00,0.19622364568996267,2.805185163134916
dollar_volume,2010-04-19 13:33:00,0.2116159819850535,2.8049018661482243
price,2010-02-05 13:57:00,0.4773183202303516,2.804190403319841
dollar_volume,2010-05-27 11:41:00,0.178501298308013,2.804129982446162
gross_return,2010-08-19 12:40:00,0.2968487240322345,2.8039621139433453
dollar_volume,2010-12-31 12:56:00,0.23337096005797095,2.8038080196523136
gross_return,2010-10-20 14:18:00,0.28728596136461554,2.803767037876183
gross_return,2010-11-24 15:02:00,0.33035124764981944,2.803347071484571
dollar_volume,2010-09-09 13:10:00,0.20663022873082135,2.803180514077561
gross_return,2010-06-08 14:12:00,0.25540355279825494,2.8031400622392084
gross_return,2010-12-28 14:19:00,0.8740004244655145,2.802957419285323
dollar_volume,2010-10-11 15:10:00,0.17789762485722854,2.8023130622537464
dollar_volume,2010-03-31 11:51:00,0.22899636216966857,2.8019846249102955
price,2010-12-27 11:40:00,0.7852329545184745,2.8018183028637274
dollar_volume,2010-09-16 15:41:00,0.20428879818338885,2.8017957809740954
price,2010-04-01 14:02:00,0.5657844051836615,2.8017344421536556
price,2010-12-31 15:53:00,0.7824029182327609,2.801322196269039
price,2010-11-15 15:40:00,0.48003488968722935,2.8011287571071253
price,2010-03-30 11:37:00,0.5779804272361715,2.800788741507237
gross_return,2010-12-28 14:22:00,0.8774583717071257,2.8005411300403233
gross_return,2010-10-05 10:37:00,0.27570365852431955,2.8005383279099654
price,2010-04-16 14:15:00,0.5793921800543995,2.8000374011650333
dollar_volume,2010-02-22 14:33:00,0.21103213069650836,2.7998553216458992
dollar_volume,2010-05-11 13:18:00,0.2216901377219967,2.799672820193234
price,2010-11-29 15:02:00,0.5988736253569344,2.7994688204309806
price,2010-02-25 14:01:00,0.5873441459227096,2.799052478574627
dollar_volume,2010-04-16 15:16:00,0.2006591580098637,2.7989501788260793
price,2010-08-19 12:50:00,0.5371831369350856,2.7989262502043726
gross_return,2010-04-01 14:07:00,0.3048958528807212,2.7988169560576344
gross_return,2010-10-21 11:07:00,0.29446557495026715,2.7983682226984037
dollar_volume,2010-07-08 13:19:00,0.1903813638015253,2.798199337918544
dollar_volume,2010-06-09 11:47:00,0.1873045641261584,2.7978149679119824
gross_return,2010-05-28 13:25:00,0.2343308245341033,2.7978086454583537
dollar_volume,2010-03-24 15:48:00,0.21541836573047415,2.797640296991894
price,2010-03-23 15:36:00,0.5858122646504209,2.797596036875992
price,2010-10-21 14:18:00,0.5377818778646173,2.797289422252725
dollar_volume,2010-09-28 13:42:00,0.25115857842731626,2.7968480666178097
dollar_volume,2010-04-19 13:17:00,0.20510223743262593,2.796775068599067
dollar_volume,2010-12-22 10:36:00,0.23929624585579318,2.7967609578631856
dollar_volume,2010-03-31 10:51:00,0.2239793988441039,2.796583954593022
gross_return,2010-10-29 12:42:00,0.34207369576231583,2.7965155332067626
price,2010-09-21 14:38:00,0.5165236863997955,2.7964941258904945
price,2010-11-09 12:03:00,0.48993952551335784,2.7963301789584154
price,2010-08-06 10:56:00,0.5391337289311371,2.796150868997257
price,2010-05-18 12:08:00,0.454079376436601,2.7959682692356664
dollar_volume,2010-04-07 13:52:00,0.22896453104680636,2.7959350956214992
price,2010-10-07 14:21:00,0.566195481787021,2.795727883003369
dollar_volume,2010-09-15 11:38:00,0.20427474891193076,2.7956981507548
dollar_volume,2010-06-15 12:39:00,0.2170821351219395,2.7956148355505177
price,2010-01-08 15:45:00,0.6671066383084565,2.7955036350815887
dollar_volume,2010-11-16 13:27:00,0.21148254293394328,2.7954972169803884
price,2010-11-05 11:53:00,0.4684368596345617,2.795435361560748
dollar_volume,2010-12-28 12:42:00,0.21645749506250342,2.795425771338203
dollar_volume,2010-08-16 11:26:00,0.21299900906404295,2.795373619918741
gross_return,2010-04-22 11:22:00,0.33780169407237065,2.795140926476428
gross_return,2010-11-24 14:24:00,0.31570058114533417,2.7950442652545497
dollar_volume,2010-06-16 11:03:00,0.22338070551373085,2.7947914504752487
gross_return,2010-11-18 10:53:00,0.3093813325093561,2.7947842763843362
dollar_volume,2010-04-07 13:54:00,0.22929184289646762,2.794544500065889
price,2010-08-23 15:55:00,0.5597346014582891,2.793742578772077
dollar_volume,2010-12-07 13:09:00,0.19767270688499272,2.7936360018155915
gross_return,2010-04-23 15:22:00,0.3119483380943519,2.793624442208193
gross_return,2010-12-28 14:23:00,0.8774583717071257,2.7936149188772017
price,2010-03-30 11:39:00,0.5787880847415114,2.792866600183018
price,2010-07-15 15:22:00,0.4718673373039474,2.792781345086158
dollar_volume,2010-03-31 10:50:00,0.22366747043105525,2.792670103648342
dollar_volume,2010-02-22 14:29:00,0.2095970156694157,2.7926601706485457
price,2010-09-21 14:52:00,0.5304048581224086,2.7924543218513436
dollar_volume,2010-11-02 11:22:00,0.17872749918993447,2.7924051905857223
gross_return,2010-04-21 13:56:00,0.3304523576045749,2.7923088559756217
gross_return,2010-05-05 14:59:00,0.2727868425859768,2.7920737934329276
gross_return,2010-08-02 12:32:00,0.3083050035664825,2.7920646121881023
dollar_volume,2010-02-22 14:34:00,0.21099744130720557,2.79194095051884
price,2010-04-30 12:50:00,0.5893600786759139,2.7918754100677856
price,2010-10-21 14:05:00,0.5262470869397909,2.79175252381857
price,2010-09-29 15:19:00,0.4973586990600785,2.791510533392832
price,2010-05-17 12:08:00,0.4068461095605732,2.7912255207147108
price,2010-04-27 11:33:00,0.5646840054476652,2.7911517552759646
price,2010-07-13 11:53:00,0.4560800905762676,2.790873779133285
price,2010-09-15 15:38:00,0.4804272542502718,2.7907676842214717
price,2010-08-19 12:48:00,0.5348025235989043,2.790711283844029
price,2010-06-01 13:59:00,0.4734929406677516,2.7906664468765596
gross_return,2010-05-18 13:02:00,0.24521898424718938,2.790417497977209
price,2010-06-15 13:52:00,0.42994447189554036,2.7903340200118136
dollar_volume,2010-04-16 15:17:00,0.2005872686712767,2.7902930600979405
price,2010-10-20 12:39:00,0.5257420588143471,2.790207525578751
dollar_volume,2010-03-19 13:02:00,0.20260082661365664,2.7899720524320926
dollar_volume,2010-02-22 14:30:00,0.20976977844814454,2.789886973188448
dollar_volume,2010-04-12 15:58:00,0.2341756496447565,2.789398492319396
gross_return,2010-12-22 12:49:00,0.6841041593452939,2.789299364305813
dollar_volume,2010-10-11 15:09:00,0.17736962206816376,2.7889728838801378
dollar_volume,2010-09-15 11:39:00,0.20427767008152367,2.788969918078875
price,2010-07-01 14:57:00,0.38043429704297504,2.788400921765694
price,2010-06-11 15:58:00,0.4150797518440955,2.7879636386484576
price,2010-06-15 13:59:00,0.43297326174940776,2.7879552587923175
gross_return,2010-12-28 14:24:00,0.8775701787879886,2.7872464661681677
price,2010-10-21 11:03:00,0.5120296927937498,2.787101127173766
gross_return,2010-06-11 13:51:00,0.2504279698917282,2.786903719101579
price,2010-06-23 10:36:00,0.45223947634254846,2.7868971157441313
dollar_volume,2010-04-07 13:51:00,0.22835647190688033,2.7868835552809714
price,2010-09-27 14:13:00,0.5371905981251309,2.7867650635332617
price,2010-04-07 11:00:00,0.5758271023764645,2.7865755246977137
gross_return,2010-04-01 14:09:00,0.3048941062302074,2.786559831455005
gross_return,2010-12-13 14:07:00,0.41643947195991876,2.785457928019992
gross_return,2010-12-17 13:24:00,0.5470818584209542,2.7854429394571922
dollar_volume,2010-01-07 15:48:00,0.22598495113395994,2.7853266785949935
gross_return,2010-08-02 12:33:00,0.3083032540644198,2.7851850513049503
dollar_volume,2010-12-15 12:14:00,0.23186521273897137,2.785147329809936
dollar_volume,2010-02-22 14:35:00,0.21099467102868813,2.7847944100924042
dollar_volume,2010-08-05 12:14:00,0.20714232509455136,2.7847009427770977
gross_return,2010-06-08 14:05:00,0.25188294759477303,2.784281792134759
dollar_volume,2010-02-02 15:59:00,0.22068600119634754,2.78426154330675
price,2010-03-30 11:38:00,0.5767394092710565,2.7840352616789814
price,2010-04-01 14:08:00,0.5679203812187135,2.78375538515124
dollar_volume,2010-03-19 13:03:00,0.20260059934068922,2.7835885231462534
dollar_volume,2010-07-08 13:20:00,0.19008438077635095,2.78282584493807
price,2010-10-21 14:17:00,0.5352603685553363,2.7826943440226093
dollar_volume,2010-04-16 15:18:00,0.20055054630914593,2.7825691505770895
gross_return,2010-12-28 14:25:00,0.8780032912792248,2.782566117132092
dollar_volume,2010-09-16 11:07:00,0.20510889628390624,2.782561405939012
gross_return,2010-12-14 13:53:00,0.47306636401286495,2.7825391782273408
dollar_volume,2010-05-10 12:45:00,0.21375616852024926,2.7824885796705594
dollar_volume,2010-02-02 15:52:00,0.21775771296586985,2.7824241238799394
price,2010-11-05 14:21:00,0.48571233769183597,2.7821734085305563
price,2010-10-18 14:36:00,0.5024867066019587,2.7819951858049574
price,2010-10-04 12:50:00,0.5424912691369863,2.781979000757022
price,2010-04-30 15:09:00,0.5817742825811653,2.7817433230061304
dollar_volume,2010-09-24 15:27:00,0.24573901716751015,2.781694240358644
dollar_volume,2010-05-10 12:46:00,0.21401898327425828,2.7816418675304933
price,2010-05-26 13:52:00,0.34277161008269114,2.781635459043991
price,2010-07-26 14:47:00,0.5128328162850072,2.7813888677866063
dollar_volume,2010-03-31 11:46:00,0.22711283777254276,2.7811680814037523
gross_return,2010-11-30 13:01:00,0.30483095480403954,2.7811215311524475
dollar_volume,2010-12-07 13:11:00,0.19778383555222137,2.7810703443529414
price,2010-03-30 11:25:00,0.5633695143493788,2.780974315638239
price,2010-11-15 15:50:00,0.4833833816951941,2.7801074301591235
gross_return,2010-10-06 15:34:00,0.2640207140883662,2.780084376430287
dollar_volume,2010-09-22 12:39:00,0.23322167135045896,2.7800580476408525
price,2010-05-26 15:29:00,0.3479411432154208,2.7799570893171395
gross_return,2010-06-11 13:52:00,0.25042685937278514,2.7798315127408575
gross_return,2010-12-28 14:03:00,0.8495959295632355,2.779800987887046
price,2010-10-21 11:01:00,0.5099400523927066,2.7796597690197093
dollar_volume,2010-08-24 15:45:00,0.20091083697505566,2.7796258680911543
dollar_volume,2010-07-30 11:49:00,0.21261972338652668,2.779458667538069
gross_return,2010-07-21 13:41:00,0.27493133966885086,2.7792493017245383
dollar_volume,2010-10-27 15:48:00,0.19285065569656346,2.779102701273069
price,2010-07-15 10:41:00,0.507721224114769,2.778996090702184
dollar_volume,2010-07-07 12:19:00,0.19298189581095956,2.778974368659203
gross_return,2010-11-17 15:40:00,0.2969567489158473,2.7787266518908957
dollar_volume,2010-09-10 11:05:00,0.2018600711431847,2.7785215316007847
dollar_volume,2010-07-08 14:19:00,0.19149996962140126,2.7783479907056687
price,2010-02-19 11:42:00,0.6183290752280437,2.7782688466240004
gross_return,2010-09-24 11:35:00,0.33798100167364886,2.7781633541561255
gross_return,2010-04-23 15:23:00,0.31128590152726715,2.77815294811815
gross_return,2010-08-24 13:39:00,0.326032726615324,2.7781327631926573
price,2010-06-15 13:56:00,0.43033899839886797,2.7780772875102713
gross_return,2010-03-17 13:28:00,0.39368065857023266,2.777924212616632
price,2010-04-07 13:41:00,0.6200297622369879,2.7777573584022837
price,2010-02-05 13:55:00,0.47337215364060964,2.7776477384503337
price,2010-07-22 10:48:00,0.5216729221740051,2.7776212490131855
gross_return,2010-12-03 13:54:00,0.321675964540741,2.777502883808721
gross_return,2010-12-14 13:54:00,0.47306607939890405,2.777497646326152
dollar_volume,2010-01-22 15:48:00,0.1937393661056047,2.777024554257651
price,2010-05-18 12:07:00,0.4514863425261354,2.7769991603519286
price,2010-03-10 12:18:00,0.4864614121935143,2.7765740370307976
gross_return,2010-07-07 13:23:00,0.25360544965136195,2.7763331675530116
price,2010-07-15 10:43:00,0.5087692663855834,2.7760383820269667
price,2010-06-01 14:13:00,0.47778477601398234,2.7755160756521566
gross_return,2010-09-17 13:33:00,0.3295217002014315,2.7753599415668493
dollar_volume,2010-08-26 13:22:00,0.19590713100011053,2.7751772242724146
dollar_volume,2010-02-12 14:15:00,0.2010547573677039,2.7746059418696385
gross_return,2010-04-23 15:24:00,0.311455188273566,2.7741588557985537
price,2010-03-08 11:58:00,0.4767234987991971,2.774158316629249
gross_return,2010-12-28 14:27:00,0.8790190611199206,2.7740879306299187
gross_return,2010-06-11 15:40:00,0.2522777947150746,2.7739457093765285
gross_return,2010-12-03 13:53:00,0.3209615958521118,2.773671998275259
price,2010-03-11 15:51:00,0.5539628522649976,2.77362684411251
price,2010-04-01 14:09:00,0.5674999589721021,2.7735707796685247
gross_return,2010-12-28 14:26:00,0.8775722258976297,2.7733609662752916
price,2010-04-22 13:35:00,0.5656704883902982,2.773280289584413
gross_return,2010-12-28 14:08:00,0.854221638392546,2.7732277479477045
dollar_volume,2010-08-12 12:16:00,0.20836484990464363,2.773161587426437
dollar_volume,2010-10-08 11:37:00,0.18110574921640837,2.7728766858178293
gross_return,2010-06-11 13:53:00,0.25042653875933196,2.7728306556406817
price,2010-12-27 11:46:00,0.7878757452043749,2.772815446681377
dollar_volume,2010-11-22 13:35:00,0.21497223436774762,2.7726033544175066
dollar_volume,2010-12-31 12:54:00,0.2313205835341255,2.7724910883537146
gross_return,2010-06-07 13:54:00,0.26419281261828625,2.77243947798154
price,2010-02-24 11:09:00,0.5670311251966959,2.7722895863029975
price,2010-07-20 13:49:00,0.4689181216842107,2.7719639569139773
price,2010-06-23 10:34:00,0.4494572460366993,2.771877596585679
price,2010-08-23 15:53:00,0.5556529162765569,2.771876811734667
dollar_volume,2010-07-29 13:09:00,0.21431358123799688,2.7718606545658893
price,2010-04-26 15:13:00,0.5530901542228184,2.771822272862335
dollar_volume,2010-02-22 14:32:00,0.20954740621824197,2.7713696393267937
price,2010-04-13 15:29:00,0.6089714052350609,2.771200300248271
price,2010-02-05 15:31:00,0.49486291008409833,2.770939445956346
price,2010-08-06 15:03:00,0.5517575873936865,2.7708242419635254
gross_return,2010-04-28 14:32:00,0.3299083324549718,2.7708218942548846
gross_return,2010-12-28 14:18:00,0.8667262658349381,2.7707656008764743
price,2010-10-21 13:02:00,0.5133298949098106,2.7707212931653475
gross_return,2010-12-17 13:14:00,0.5367900331274604,2.770706679001182
price,2010-09-03 14:13:00,0.6208286141624363,2.770676944087065
gross_return,2010-11-15 13:41:00,0.3190668195225903,2.7705367064149797
price,2010-07-09 15:29:00,0.45943088193335896,2.7703924005784235
price,2010-07-13 11:44:00,0.44576978129294026,2.7701666913525815
dollar_volume,2010-07-08 14:26:00,0.19302550398999876,2.7700887970812382
gross_return,2010-12-06 14:01:00,0.31147590602696246,2.769829365441003
gross_return,2010-12-28 14:04:00,0.8488722963503454,2.7694198972283623
price,2010-02-19 11:44:00,0.6189690507354163,2.769380379116671
price,2010-06-23 14:03:00,0.44087801555869277,2.769192637121521
gross_return,2010-10-06 15:35:00,0.26373211236406074,2.7690034658775327
dollar_volume,2010-09-24 15:35:00,0.24799769543125905,2.7689822233571744
gross_return,2010-12-22 12:48:00,0.680331017700777,2.7689608930887126
gross_return,2010-09-17 13:34:00,0.3295217002014315,2.7689256083828013
dollar_volume,2010-12-10 12:21:00,0.21672203241072288,2.768885417615141
dollar_volume,2010-06-10 13:21:00,0.19076618229707148,2.7686164518189065
price,2010-11-10 13:28:00,0.5056217278448907,2.768506619246629
gross_return,2010-09-17 13:50:00,0.33503687426520257,2.7683645701187105
gross_return,2010-12-17 13:13:00,0.5355767996812555,2.768002442419956
price,2010-02-19 11:41:00,0.6159048491385806,2.7675251675893744
price,2010-07-26 14:55:00,0.5164966906620494,2.7675045413604367
dollar_volume,2010-07-21 12:36:00,0.20089815878334813,2.767480250354004
gross_return,2010-12-28 14:28:00,0.8790190611199205,2.7672071871454693
gross_return,2010-08-10 13:17:00,0.2757815223002003,2.766740392085496
dollar_volume,2010-10-27 15:49:00,0.19264361780569214,2.766638637960511
gross_return,2010-09-02 11:48:00,0.3532998796991238,2.7663944726488676
gross_return,2010-01-15 14:54:00,0.3759359484410278,2.766342327362881
gross_return,2010-06-17 13:43:00,0.2562748038608041,2.766044597356398
gross_return,2010-08-20 14:05:00,0.3103035293245342,2.7658749410487586
price,2010-12-27 11:47:00,0.7878757452045452,2.7658544179414597
price,2010-09-03 14:14:00,0.62090499400579,2.7653910322255197
dollar_volume,2010-07-16 13:42:00,0.19266762550718,2.7653188457521214
dollar_volume,2010-09-16 11:04:00,0.20360238195181404,2.7652845428121378
dollar_volume,2010-04-19 13:32:00,0.2097142361809863,2.7651685403338297
gross_return,2010-09-14 11:45:00,0.31031933916822463,2.7651179212502695
dollar_volume,2010-11-16 13:03:00,0.2068654001545365,2.7650991318952785
dollar_volume,2010-12-31 13:02:00,0.2337598140799616,2.765064799953214
price,2010-01-21 11:07:00,0.6919790155917547,2.764969957710718
price,2010-08-19 12:49:00,0.5324584098664729,2.764851668577622
price,2010-08-23 15:51:00,0.553467305779576,2.7648454537611706
gross_return,2010-06-17 13:52:00,0.25904893794653167,2.7645322333369555
gross_return,2010-11-02 15:46:00,0.3420943252723617,2.7644629718752847
gross_return,2010-07-09 14:26:00,0.2617365104329171,2.764208811484696
price,2010-02-12 12:22:00,0.561505438680371,2.7640979468062445
gross_return,2010-11-19 13:19:00,0.32842317969282225,2.7639723733428236
dollar_volume,2010-08-16 11:08:00,0.2044086683835918,2.7633489800176037
gross_return,2010-11-30 14:10:00,0.3034869186906547,2.7633460455450436
gross_return,2010-12-17 13:26:00,0.5459285267581941,2.763202727308694
gross_return,2010-07-06 11:53:00,0.24842636219393804,2.763195052239082
gross_return,2010-12-28 14:05:00,0.8488722963503454,2.7631005076872417
price,2010-02-18 14:51:00,0.592663216220982,2.7630959658766288
dollar_volume,2010-01-26 14:12:00,0.20073187706587273,2.7630711159676484
price,2010-05-13 13:56:00,0.3899521019355631,2.7628589326302198
dollar_volume,2010-04-05 14:41:00,0.23361422560358677,2.7627558997289605
price,2010-08-19 12:47:00,0.5308614177836384,2.762675507692245
gross_return,2010-06-17 13:47:00,0.25743112135443985,2.7626387474259784
gross_return,2010-08-27 12:57:00,0.3043316436325355,2.7624353737910003
gross_return,2010-11-24 14:31:00,0.31637268124868245,2.7623931101764523
dollar_volume,2010-06-10 13:32:00,0.19456473684591372,2.761995211057712
price,2010-03-19 15:36:00,0.5427007887138973,2.761218127023243
gross_return,2010-09-02 11:46:00,0.3518793453633557,2.7612038358495448
dollar_volume,2010-12-22 14:49:00,0.2344369289903789,2.7611970256732583
gross_return,2010-07-14 10:51:00,0.2923872188449105,2.7610516422592766
price,2010-04-22 13:45:00,0.5713224119820862,2.7606312707843963
gross_return,2010-07-14 10:57:00,0.2937599704194168,2.760375597152615
gross_return,2010-12-28 14:29:00,0.8790207164374627,2.7603661763403053
dollar_volume,2010-09-02 10:34:00,0.21497680860147358,2.759653520841105
dollar_volume,2010-02-18 12:38:00,0.2014838120423961,2.7590873307230392
price,2010-11-05 14:22:00,0.48403354698759804,2.7588825685969662
gross_return,2010-03-17 13:08:00,0.38308141478141944,2.758748501301856
price,2010-12-15 13:05:00,0.5497716395975192,2.7587235775276575
price,2010-09-29 15:31:00,0.5003816388069924,2.758705840891287
price,2010-06-14 13:04:00,0.41083069188683996,2.7586570157656785
gross_return,2010-10-05 10:52:00,0.2773707402441866,2.7586471864977633
dollar_volume,2010-07-06 11:31:00,0.18360480541685884,2.7586352623331853
price,2010-11-22 10:57:00,0.4690724350028813,2.7584484991647593
price,2010-06-30 15:51:00,0.36598438974266656,2.7582847778608186
price,2010-08-23 15:48:00,0.550740918856331,2.7581654039275665
gross_return,2010-12-03 13:51:00,0.31901812432411286,2.7580143045370664
dollar_volume,2010-12-31 13:03:00,0.23373167712717624,2.757994592215225
gross_return,2010-07-09 14:27:00,0.2617662896618564,2.7579279141232127
gross_return,2010-12-28 14:17:00,0.8630800535942358,2.7579005610533565
gross_return,2010-08-04 15:46:00,0.30643879235448546,2.757867588404123
gross_return,2010-09-17 13:54:00,0.33610851489032534,2.757782645738803
gross_return,2010-03-16 13:36:00,0.39953622945691397,2.7577085069190765
dollar_volume,2010-11-22 13:36:00,0.21462811155023634,2.7575413497551127
gross_return,2010-06-17 13:46:00,0.25683976408893067,2.757470742723471
gross_return,2010-12-17 13:11:00,0.5325091069586342,2.7572791916558117
price,2010-05-24 12:44:00,0.3981090394614033,2.757210880450601
price,2010-10-07 14:12:00,0.5554769091836813,2.7567659626527705
dollar_volume,2010-04-12 15:50:00,0.23022979374966285,2.756685307790131
dollar_volume,2010-11-12 15:32:00,0.2073291290532073,2.756543934623821
gross_return,2010-03-17 13:09:00,0.3830817195242741,2.7562059910986303
gross_return,2010-07-09 14:28:00,0.26201544934688414,2.7557968554506127
price,2010-11-22 10:53:00,0.4659786188359988,2.755568945025062
dollar_volume,2010-04-12 15:55:00,0.23180922876588309,2.755375128393619
dollar_volume,2010-09-24 15:28:00,0.24477870248026773,2.7553375832462907
price,2010-09-03 12:53:00,0.5964061002368284,2.755089722888233
price,2010-02-19 11:43:00,0.6159112795850502,2.7549422683242075
price,2010-07-01 14:56:00,0.37722766085703374,2.754883153809989
dollar_volume,2010-04-07 14:19:00,0.2299105400778377,2.7548733927132534
dollar_volume,2010-08-05 15:15:00,0.21277040176868223,2.7547030272232536
gross_return,2010-12-17 13:10:00,0.531329383494767,2.7547029541684944
dollar_volume,2010-04-07 13:36:00,0.225799064310208,2.754417890000828
gross_return,2010-09-02 11:47:00,0.3518793453633557,2.754319732506716
dollar_volume,2010-01-22 15:52:00,0.1936885625599492,2.7542805299554214
price,2010-07-14 13:12:00,0.46739453018974636,2.754095414221492
gross_return,2010-03-17 13:10:00,0.38308171952427417,2.7535699887062535
dollar_volume,2010-11-22 13:32:00,0.21326141219897105,2.7534796689324645
dollar_volume,2010-08-09 15:04:00,0.19909645936545073,2.75343373318777
price,2010-05-03 12:32:00,0.5878311450737511,2.7530730778724237
dollar_volume,2010-04-07 13:45:00,0.22609845484344127,2.7530703850397527
price,2010-01-13 12:08:00,0.6072464015526561,2.752777136423238
dollar_volume,2010-05-13 15:06:00,0.22626319693453123,2.752744736467607
gross_return,2010-12-17 13:25:00,0.5437087127972915,2.7524138395332374
gross_return,2010-12-28 14:07:00,0.8492132940074577,2.752218881970176
price,2010-11-05 14:27:00,0.4866228135312155,2.752199050549605
price,2010-12-14 14:55:00,0.5190606642401666,2.7520878881239774
price,2010-06-11 15:57:00,0.4116957735469806,2.7518363038637856
gross_return,2010-12-17 13:21:00,0.5402111335159482,2.7518088949124793
dollar_volume,2010-10-18 12:10:00,0.19351549585237027,2.7516766483172033
price,2010-02-05 15:54:00,0.5042514121287407,2.751587060729795
price,2010-08-10 14:23:00,0.5234800715055452,2.7515444516456493
gross_return,2010-06-17 13:48:00,0.25717748992999373,2.751499282522476
dollar_volume,2010-08-27 11:11:00,0.20696511533260398,2.751238144304451
gross_return,2010-06-23 14:49:00,0.2997552677257891,2.7512121846455697
gross_return,2010-12-28 14:06:00,0.8478596077271298,2.751161034827443
dollar_volume,2010-11-11 12:18:00,0.2056407030199645,2.7511262196404833
dollar_volume,2010-03-10 14:42:00,0.19374325521105296,2.751097035651222
dollar_volume,2010-06-23 11:59:00,0.20835950959728056,2.7510136306322774
gross_return,2010-07-12 12:58:00,0.2748368461468722,2.750556365439768
gross_return,2010-11-15 13:45:00,0.3176959786353723,2.7505302158601133
price,2010-12-21 14:38:00,0.7338193032848613,2.7504956321100025
gross_return,2010-12-17 13:12:00,0.5325092200467891,2.7504188851242084
price,2010-10-07 13:40:00,0.53743338560319,2.7503943696743796
gross_return,2010-08-19 12:37:00,0.29249994787041605,2.7501369749491213
gross_return,2010-12-23 14:08:00,0.7516823481792951,2.750087363944005
price,2010-09-20 14:43:00,0.4840852317687402,2.750078315256916
gross_return,2010-07-14 10:56:00,0.2929467946951495,2.750048041375144
dollar_volume,2010-12-14 11:03:00,0.22493084653358872,2.74972808767918
price,2010-03-05 15:15:00,0.468325667710041,2.7496449580691773
price,2010-05-18 12:30:00,0.4604294123543779,2.749450204946904
gross_return,2010-12-21 12:33:00,0.5786343485595451,2.7493549349061706
dollar_volume,2010-04-20 11:49:00,0.2129819596167576,2.748735664651376
dollar_volume,2010-09-16 15:15:00,0.2008860807980336,2.748731810308259
dollar_volume,2010-05-10 12:31:00,0.20987205625214486,2.7482053539235523
price,2010-03-23 15:37:00,0.5806019938913516,2.7481256005595003
dollar_volume,2010-05-26 10:53:00,0.18972088772579299,2.7479688986026325
dollar_volume,2010-02-02 15:30:00,0.20819366500924,2.747965617976182
gross_return,2010-06-17 13:45:00,0.2560101318074734,2.747661634902558
gross_return,2010-11-18 10:52:00,0.3059110440938234,2.7472875237667633
dollar_volume,2010-05-13 15:08:00,0.2265815846449936,2.7471598922062324
price,2010-04-30 15:12:00,0.5793243183030372,2.74705024123782
dollar_volume,2010-10-27 15:45:00,0.19100256791389167,2.7465901395751477
dollar_volume,2010-07-21 12:29:00,0.19781671055784947,2.7463407226182155
gross_return,2010-11-17 15:48:00,0.29751101319253137,2.7459696932813364
gross_return,2010-06-23 14:51:00,0.3001352043987956,2.7459677983454918
gross_return,2010-07-26 13:16:00,0.26221162739024645,2.7458622646706434
price,2010-12-21 14:11:00,0.705445291172493,2.745462055767175
gross_return,2010-09-17 12:11:00,0.3152489081942496,2.7450574626752613
price,2010-08-10 14:24:00,0.5231617067999028,2.7449322234617424
dollar_volume,2010-07-08 14:22:00,0.19106417011167684,2.744682333153656
gross_return,2010-07-07 13:14:00,0.2503669358962507,2.7446029992847225
dollar_volume,2010-03-10 14:43:00,0.19375135058890697,2.7445594778873676
dollar_volume,2010-07-15 11:42:00,0.19251873648010426,2.744478342714332
price,2010-11-10 13:27:00,0.5024259273122407,2.744333775004506
dollar_volume,2010-11-22 13:34:00,0.21351994637212457,2.7443301081932696
price,2010-09-23 14:57:00,0.5205121647517156,2.7443014063264695
dollar_volume,2010-10-11 15:47:00,0.18140188501895166,2.743908631016219
gross_return,2010-04-06 13:56:00,0.3641431912981634,2.7437148310388566
gross_return,2010-12-21 12:34:00,0.5786343485595449,2.743692381279432
dollar_volume,2010-08-13 13:34:00,0.20939251055085165,2.7436117573538445
gross_return,2010-12-28 14:09:00,0.8498845064986373,2.7432896445709942
dollar_volume,2010-01-26 11:33:00,0.19825091151998056,2.7432712312670624
gross_return,2010-12-21 12:32:00,0.5770754071504437,2.743117415698648
price,2010-12-20 14:12:00,0.6609137979217851,2.7430125149329787
price,2010-03-05 15:00:00,0.456572009986514,2.742950895883499
price,2010-02-22 15:57:00,0.5914066573266061,2.742851704783812
dollar_volume,2010-04-29 14:36:00,0.20888589102372979,2.7418778862903395
price,2010-03-30 11:41:00,0.5739991166745273,2.7416678763469537
dollar_volume,2010-08-05 15:21:00,0.2137467610392535,2.7416156189568164
price,2010-11-02 13:18:00,0.44752065334994656,2.741321491381622
dollar_volume,2010-07-29 13:23:00,0.2167995429243359,2.7410905884282286
dollar_volume,2010-06-14 10:47:00,0.21157012828720292,2.7410664381128305
price,2010-08-19 12:45:00,0.5270502740584115,2.7410473859031295
dollar_volume,2010-12-10 12:29:00,0.21926801829734555,2.740799691798246
price,2010-04-13 15:56:00,0.6292135790955593,2.740781113994343
price,2010-11-18 10:54:00,0.45206084428185295,2.7407483514522233
gross_return,2010-10-11 15:52:00,0.3437851268262641,2.740637177385436
price,2010-12-20 14:34:00,0.6937010259728154,2.7404427712362707
dollar_volume,2010-09-01 11:28:00,0.21021510176682626,2.740375868925981
gross_return,2010-11-02 15:47:00,0.34069762641595597,2.7401276467498716
dollar_volume,2010-12-31 15:59:00,0.24421848359482623,2.740110786995817
dollar_volume,2010-02-22 14:43:00,0.21119789750835383,2.7400788262657363
gross_return,2010-10-07 13:28:00,0.26530802775647916,2.7400211521466304
price,2010-01-14 13:56:00,0.6271152730604481,2.7400174451186383
dollar_volume,2010-06-10 13:29:00,0.19305330056970238,2.739845141729412
gross_return,2010-06-30 14:19:00,0.279719203006813,2.7398312213089757
dollar_volume,2010-05-18 12:03:00,0.21403358198905087,2.739310165997529
gross_return,2010-12-17 13:22:00,0.5393862227663896,2.7388362450638004
gross_return,2010-10-29 12:43:00,0.3385556541862475,2.738835585973711
gross_return,2010-11-17 15:39:00,0.29410586393811433,2.7388058786743303
dollar_volume,2010-10-12 14:34:00,0.19049019529676833,2.7386871137688344
price,2010-12-21 14:12:00,0.7054452911724929,2.738676516350528
price,2010-04-30 12:51:00,0.5822125112201639,2.7386613996850517
gross_return,2010-12-06 14:00:00,0.30906266213636885,2.7385346643419513
dollar_volume,2010-07-16 13:48:00,0.1910780043518643,2.737894323035073
gross_return,2010-04-28 14:33:00,0.32813871860455546,2.7378898931664564
dollar_volume,2010-07-21 12:26:00,0.19671387575364047,2.7378627860682743
price,2010-07-09 15:09:00,0.4464873197765701,2.7378582439892076
price,2010-02-12 14:47:00,0.6143872126571086,2.737851627968337
gross_return,2010-07-14 10:52:00,0.2911552043425162,2.7376426002361294
price,2010-12-21 14:15:00,0.7084206061191914,2.73748575660792
price,2010-11-22 10:58:00,0.46763976324727086,2.7372147691998245
dollar_volume,2010-04-05 13:14:00,0.23027070839738373,2.737192488159593
dollar_volume,2010-07-16 13:49:00,0.19107463324415247,2.737097140295773
dollar_volume,2010-12-31 12:55:00,0.23002245261633225,2.7370705238201976
price,2010-01-21 10:41:00,0.6494595167431424,2.7369071936395426
price,2010-03-31 15:13:00,0.5593689263750974,2.7367691166951333
price,2010-09-27 14:12:00,0.5306525197360378,2.736687575081218
price,2010-01-14 13:40:00,0.6083514743275167,2.7366031568416886
price,2010-04-22 13:53:00,0.5743250211579961,2.7365659217057363
dollar_volume,2010-07-28 12:10:00,0.2189177054909537,2.7364399391631893
dollar_volume,2010-07-08 14:23:00,0.1909961650566891,2.736397508296854
price,2010-07-30 14:55:00,0.49992180873752684,2.736069105299686
price,2010-12-15 13:04:00,0.546258805277742,2.7355780822270743
dollar_volume,2010-11-02 11:43:00,0.17872616764908728,2.7353278729438326
dollar_volume,2010-04-28 12:47:00,0.2032737415004566,2.7350164103468195
price,2010-02-05 15:15:00,0.4798770448873419,2.7349617398618182
price,2010-08-19 12:46:00,0.5269438806530596,2.7345881864063575
price,2010-08-26 14:29:00,0.5123719200014029,2.7345724892067365
price,2010-06-30 15:50:00,0.3637064449924442,2.734569578945374
price,2010-08-16 15:01:00,0.4498241218819883,2.734509048014344
dollar_volume,2010-04-20 15:57:00,0.21251734138152795,2.73448674043722
price,2010-11-22 15:05:00,0.5368409788508428,2.734181191272062
gross_return,2010-06-18 11:15:00,0.2580807459960667,2.7340640783953027
price,2010-01-19 12:50:00,0.6302985482466028,2.7340368250339155
dollar_volume,2010-08-26 15:51:00,0.20001923325161386,2.7340092767632456
dollar_volume,2010-03-26 14:20:00,0.22023962719872642,2.73400535791855
price,2010-02-12 12:58:00,0.5921039866210467,2.7339972532786505
price,2010-10-21 14:16:00,0.5287509246851676,2.7339955554293685
dollar_volume,2010-06-23 12:16:00,0.20989279422661583,2.733550936186026
dollar_volume,2010-11-05 13:29:00,0.18961517656217566,2.73313451781601
dollar_volume,2010-09-17 12:53:00,0.20712760086871887,2.732970398429747
dollar_volume,2010-03-02 14:41:00,0.22128809230659946,2.732690854944166
dollar_volume,2010-12-14 10:57:00,0.2220799467130201,2.7322150986618507
gross_return,2010-12-23 14:04:00,0.7441821914160269,2.732146309935261
dollar_volume,2010-11-23 15:35:00,0.2136955531266033,2.7319598981160924
price,2010-12-29 14:26:00,0.8056032172640285,2.731680045570837
price,2010-12-31 15:54:00,0.7721412404077623,2.731644517930363
dollar_volume,2010-05-10 12:27:00,0.2083794811030548,2.731514586427635
price,2010-12-15 13:03:00,0.5450124589165974,2.731315881036687
dollar_volume,2010-08-13 13:12:00,0.20536850365424208,2.7310852568571526
dollar_volume,2010-05-18 15:03:00,0.21480810152807012,2.73104874542887
price,2010-12-27 11:34:00,0.765956603114993,2.7309814233561838
gross_return,2010-11-24 14:32:00,0.3147773712053801,2.730936870101416
price,2010-12-21 15:23:00,0.789211757755824,2.7306755365467303
dollar_volume,2010-02-26 12:24:00,0.21817680328143713,2.7306626599027157
dollar_volume,2010-02-02 15:53:00,0.21581640795597232,2.7306137572008944
price,2010-06-11 15:56:00,0.40949488028390874,2.730529714655416
price,2010-05-18 12:11:00,0.4499675095675958,2.7304410576645544
gross_return,2010-04-23 12:21:00,0.3074243243917094,2.7302504444646027
price,2010-10-21 14:03:00,0.5176156476381402,2.7297980254959437
dollar_volume,2010-08-16 10:57:00,0.20153905790501253,2.7297143123142042
price,2010-02-22 15:58:00,0.590461449254041,2.729501380777534
dollar_volume,2010-10-08 11:40:00,0.18037883729093016,2.729412563516539
gross_return,2010-02-11 12:33:00,0.31047345769590956,2.729318359893733
price,2010-04-30 12:45:00,0.5831730522143455,2.7292117565552494
dollar_volume,2010-11-24 15:02:00,0.21414994191691006,2.7291261984032
gross_return,2010-09-17 13:52:00,0.33318041535289683,2.7285798555308003
dollar_volume,2010-11-05 14:02:00,0.19337356370493056,2.7283632291557356
dollar_volume,2010-06-04 12:50:00,0.20790778588532466,2.728307022379956
price,2010-12-01 11:55:00,0.5895493256089663,2.728254418445379
gross_return,2010-12-17 13:15:00,0.5322919110091524,2.7281201261661887
dollar_volume,2010-09-17 12:54:00,0.20718084175474985,2.728037431965667
gross_return,2010-07-07 13:54:00,0.26363843934726927,2.7279091729377645
price,2010-04-07 13:42:00,0.6143182550752645,2.727778751682954
dollar_volume,2010-09-28 13:13:00,0.24137725700636703,2.727529593582678
price,2010-07-15 10:42:00,0.502471932202301,2.72726092018451
gross_return,2010-08-02 14:15:00,0.3119387937362565,2.726986074860777
dollar_volume,2010-04-12 15:48:00,0.22810879149056995,2.7269268728211027
dollar_volume,2010-06-29 13:03:00,0.21116627937567484,2.7264850544846047
dollar_volume,2010-03-09 14:25:00,0.2072035162974094,2.7264664870515234
dollar_volume,2010-06-23 12:01:00,0.20724389713992503,2.7262027769524533
dollar_volume,2010-11-02 11:42:00,0.178261758977596,2.7261951812572107
gross_return,2010-07-06 11:31:00,0.2418014429912266,2.7261642810509086
price,2010-11-05 11:52:00,0.4614112228187695,2.7259453658763744
gross_return,2010-12-23 14:03:00,0.7419490077974822,2.7255915435518605
price,2010-02-12 12:42:00,0.5758079931715167,2.7253155030394263
dollar_volume,2010-08-16 10:58:00,0.20159493771113723,2.72510231260642
price,2010-10-21 14:01:00,0.5155471888788716,2.724693270222292
gross_return,2010-06-18 11:23:00,0.25970885518811665,2.724686610326164
price,2010-05-27 14:06:00,0.36601831356975556,2.7246148101520538
dollar_volume,2010-09-28 13:14:00,0.24155167269846384,2.724451113785841
price,2010-12-20 14:11:00,0.6571574451653687,2.724214277255514
price,2010-04-01 14:23:00,0.5740266344437348,2.724210417357958
dollar_volume,2010-11-02 11:23:00,0.1767193292377476,2.72412980305452
price,2010-12-21 14:13:00,0.7040754671083439,2.723437588501072
gross_return,2010-10-11 15:49:00,0.34111728149751686,2.723039261596043
price,2010-12-21 14:14:00,0.7050325627384388,2.7228797489196137
gross_return,2010-06-07 13:28:00,0.25656681482360205,2.7228082492031818
price,2010-03-05 14:50:00,0.4449712170679634,2.722685730147087
dollar_volume,2010-09-24 15:31:00,0.24440402799665578,2.7225307535599783
price,2010-12-16 11:25:00,0.5544450135211954,2.722511160459417
dollar_volume,2010-04-19 12:35:00,0.19819060555034954,2.7222752269332013
gross_return,2010-03-08 14:44:00,0.42954607583859084,2.7222078775933243
gross_return,2010-03-08 14:47:00,0.4313588030770986,2.72219737546844
price,2010-07-01 13:11:00,0.3831315872842646,2.722079253589236
dollar_volume,2010-06-10 13:08:00,0.18601672453867382,2.7220571949543517
gross_return,2010-06-18 11:24:00,0.25986602607808196,2.7217869219750614
gross_return,2010-12-17 13:16:00,0.5322919871489173,2.7215238965969153
gross_return,2010-11-18 10:48:00,0.30266558135764954,2.721504429272658
dollar_volume,2010-09-24 15:20:00,0.23999466751200627,2.721348280138349
price,2010-12-16 12:05:00,0.5825725684445209,2.7212040935761572
dollar_volume,2010-11-12 15:31:00,0.20571662919605277,2.7211339977607967
price,2010-04-13 12:54:00,0.5871145683072448,2.720771375273551
price,2010-06-14 13:05:00,0.40837914212715976,2.720722437673463
dollar_volume,2010-12-23 13:53:00,0.2361587636417995,2.7207134328915896
gross_return,2010-03-02 14:09:00,0.3258602941093165,2.720678602535579
price,2010-10-21 14:13:00,0.5249359213106934,2.7206432521762376
price,2010-03-08 12:58:00,0.4813594212676944,2.720320154629944
gross_return,2010-08-02 14:16:00,0.3119387937362564,2.720312990221194
price,2010-10-21 13:00:00,0.5063459752299919,2.7202446947980654
dollar_volume,2010-01-19 13:46:00,0.20142745860598357,2.7196894995362184
price,2010-08-06 15:15:00,0.5561542836803417,2.719620103634627
dollar_volume,2010-06-10 13:10:00,0.18641707830723342,2.7195806537979954
price,2010-01-14 13:41:00,0.6069581176993013,2.7193719037114814
dollar_volume,2010-09-28 13:44:00,0.24798919912299738,2.719348908896968
price,2010-10-19 14:26:00,0.5243007670060659,2.7191765114041964
price,2010-01-11 15:30:00,0.6527414722799632,2.7191583080503756
gross_return,2010-06-23 14:46:00,0.29655949919331953,2.7190908344332825
price,2010-11-22 10:59:00,0.46650136946206944,2.7190189588224443
price,2010-03-23 15:44:00,0.5824279597250588,2.718999988420664
gross_return,2010-12-28 14:13:00,0.851101553526502,2.7188541826234047
gross_return,2010-07-06 11:34:00,0.2424042086102017,2.718453992065738
price,2010-07-20 14:12:00,0.47654968867057546,2.718260565565888
price,2010-11-15 15:49:00,0.47622296697895483,2.718053645751535
dollar_volume,2010-11-03 15:09:00,0.19508905030015358,2.7178582444365302
price,2010-06-11 15:55:00,0.40797883110020916,2.71781218979172
dollar_volume,2010-12-21 10:41:00,0.23714254032310728,2.7177896049326216
gross_return,2010-12-06 13:58:00,0.3069516458950676,2.7177650918362506
dollar_volume,2010-06-15 12:38:00,0.2134560208141085,2.717638897192603
price,2010-12-14 13:38:00,0.498788096656118,2.717613514210008
price,2010-12-27 11:35:00,0.7645473498779564,2.7171970740112754
gross_return,2010-11-24 13:04:00,0.3050548153433155,2.7171660399467714
price,2010-12-20 14:36:00,0.6921180821850131,2.7171421182047326
price,2010-08-26 14:47:00,0.5147848025603601,2.7171257943797005
price,2010-04-22 13:46:00,0.5668670209684475,2.7168678529950756
gross_return,2010-07-13 12:33:00,0.2786558400293146,2.7161443216622474
price,2010-04-22 13:12:00,0.5370287599909731,2.716095729913361
price,2010-02-10 12:58:00,0.5087014282296471,2.716027394439367
price,2010-01-19 15:44:00,0.6387450405733448,2.715988801682956
gross_return,2010-04-22 11:21:00,0.33195527608835024,2.715970188164643
dollar_volume,2010-03-03 10:57:00,0.22512967926684607,2.7159509140622897
price,2010-01-13 11:47:00,0.5685633874638761,2.7159423076592444
price,2010-04-13 12:55:00,0.5873245870649612,2.7158753023246143
dollar_volume,2010-04-07 14:22:00,0.22902824569537145,2.715587885733683
dollar_volume,2010-07-29 13:18:00,0.21427690167201469,2.715577202673117
price,2010-05-28 15:26:00,0.4466500016303289,2.7155537470341353
gross_return,2010-04-05 14:10:00,0.3234397441730785,2.715229343485591
gross_return,2010-12-17 13:17:00,0.5322917544023373,2.715052097839782
price,2010-01-29 13:51:00,0.4763485965328793,2.7148985237082406
price,2010-11-15 15:39:00,0.4704890517457678,2.714879279208798
dollar_volume,2010-07-13 11:51:00,0.1964276768247572,2.7147597957118603
price,2010-04-22 13:14:00,0.538420684524686,2.7147084644870905
dollar_volume,2010-02-05 14:21:00,0.21351026329800848,2.714680585259131
gross_return,2010-11-24 15:01:00,0.3240036096357566,2.7145198397437453
price,2010-02-23 10:35:00,0.5944136494514779,2.7138341307411205
price,2010-03-23 15:40:00,0.579016968225807,2.7137503767179503
price,2010-03-30 11:42:00,0.5712478982004433,2.71373723690217
dollar_volume,2010-07-13 11:57:00,0.1974842025233434,2.713538388478675
dollar_volume,2010-12-31 13:27:00,0.24293841588199844,2.713497661251719
price,2010-10-20 12:27:00,0.5077901401472993,2.713431252989974
gross_return,2010-12-17 13:19:00,0.5336880796197365,2.713353260822799
dollar_volume,2010-05-03 14:30:00,0.21220394053422473,2.7132688894417623
gross_return,2010-12-13 13:07:00,0.3418535744213613,2.7132633897167002
gross_return,2010-07-27 13:21:00,0.2697404200585816,2.712999697626414
gross_return,2010-10-07 14:28:00,0.2914944197784541,2.7128542231513464
price,2010-04-01 14:01:00,0.5538268746237387,2.7127737503134255
price,2010-02-02 15:22:00,0.49922320040073376,2.712703031092117
price,2010-03-11 12:35:00,0.5152435893562736,2.7126778755676493
price,2010-02-02 15:26:00,0.5005483426702749,2.7125343504050448
gross_return,2010-12-28 14:14:00,0.8511015535265019,2.7125173000489795
gross_return,2010-07-06 11:35:00,0.24240375957199112,2.712190450085813
gross_return,2010-05-28 15:11:00,0.23579202727019394,2.712152505032604
dollar_volume,2010-09-24 15:30:00,0.24355427670457752,2.712004530244908
price,2010-08-17 13:24:00,0.47916719859975687,2.711808573248629
price,2010-07-21 14:35:00,0.4865806312365091,2.711488930436563
dollar_volume,2010-07-06 15:36:00,0.18656470929525307,2.711178592188394
price,2010-04-30 12:42:00,0.5813258687163056,2.7111577236332023
dollar_volume,2010-05-10 12:32:00,0.20857416172854365,2.711105694712365
price,2010-08-23 15:46:00,0.5440311297527918,2.71107698454326
dollar_volume,2010-08-27 11:12:00,0.20561966249886368,2.7109772919266515
price,2010-12-27 11:36:00,0.7646045674947773,2.710922631292547
dollar_volume,2010-01-13 13:07:00,0.20650240340307058,2.7100922284321176
price,2010-11-29 14:34:00,0.546636094229262,2.7098748435778934
price,2010-02-23 10:31:00,0.590904718329108,2.70986518454407
dollar_volume,2010-12-31 12:37:00,0.22222361262217402,2.7095943225165193
gross_return,2010-07-13 12:34:00,0.2786558039464002,2.7095754535961354
price,2010-12-21 15:20:00,0.781724905165963,2.7094266533600764
gross_return,2010-07-07 13:45:00,0.25887237263336454,2.7094066137028037
dollar_volume,2010-12-31 13:25:00,0.24211011734359952,2.709401986478993
price,2010-12-20 14:35:00,0.6898493397809016,2.709338155513142
price,2010-08-06 15:05:00,0.5458038593852296,2.709166227263809
dollar_volume,2010-07-13 11:58:00,0.19754947385402877,2.7091389193436366
price,2010-02-12 12:43:00,0.5745352175238152,2.7090339801810313
dollar_volume,2010-04-07 14:24:00,0.22919288796846424,2.708947949336336
gross_return,2010-06-17 13:49:00,0.2552891277150064,2.7088560005927094
dollar_volume,2010-12-14 11:09:00,0.22464600635024193,2.7088193599409935
dollar_volume,2010-07-29 13:08:00,0.21150255510418536,2.7085963070356147
dollar_volume,2010-12-09 14:35:00,0.20566130283189196,2.7082722093699045
price,2010-08-09 14:57:00,0.5671261477318564,2.708220480409426
dollar_volume,2010-04-20 11:50:00,0.21155993346669588,2.70805603774588
gross_return,2010-07-21 13:42:00,0.27148752446182756,2.7080025007505553
dollar_volume,2010-09-01 11:30:00,0.20943767808172314,2.7078440241496096
price,2010-11-29 14:41:00,0.5532783639498423,2.7077834085596937
gross_return,2010-07-12 12:59:00,0.27281155487426617,2.707406498018821
gross_return,2010-04-28 14:25:00,0.3232005081016738,2.707285132256577
dollar_volume,2010-08-27 12:36:00,0.2068044863010575,2.707224147094763
gross_return,2010-12-17 13:20:00,0.5336880796197365,2.7070064492025847
price,2010-08-09 15:04:00,0.5708959332727136,2.7065432859847234
gross_return,2010-04-23 15:41:00,0.3167766631987118,2.706520612117049
price,2010-04-07 13:24:00,0.5994770465766625,2.706438046600389
gross_return,2010-03-08 14:19:00,0.4149543429295351,2.706417728200506
gross_return,2010-12-23 14:02:00,0.7374379668710251,2.7054941980200797
dollar_volume,2010-02-02 15:31:00,0.20672738919224418,2.7054683464936384
gross_return,2010-12-06 14:23:00,0.32541247942674695,2.705312142943775
price,2010-02-02 13:03:00,0.48608327671923,2.705305912790378
dollar_volume,2010-02-26 12:26:00,0.21761581915053246,2.7053048717555233
dollar_volume,2010-07-29 13:04:00,0.2106344686587709,2.705271466699093
dollar_volume,2010-02-26 12:27:00,0.21787110996265738,2.7051094813427037
price,2010-07-09 15:12:00,0.443992616429584,2.705012015113905
price,2010-08-23 15:54:00,0.5482925018025663,2.7049859987677283
price,2010-02-24 11:08:00,0.5575395016361667,2.7047047915156504
gross_return,2010-10-08 13:53:00,0.30280812383510614,2.704571762190521
dollar_volume,2010-10-08 11:39:00,0.1793399548970519,2.704479040476307
gross_return,2010-10-06 11:00:00,0.2506880439899475,2.7040957736238638
gross_return,2010-02-12 12:56:00,0.3355785864137082,2.7039805951128346
gross_return,2010-11-23 13:58:00,0.2988016248148627,2.703686982360168
gross_return,2010-10-05 10:36:00,0.2702825067817456,2.703383762811074
price,2010-06-14 13:06:00,0.4075133902991672,2.7031502228652657
price,2010-07-22 10:44:00,0.5100963976355666,2.7027406054535477
gross_return,2010-02-12 12:53:00,0.33414574275523573,2.7024210941800053
price,2010-10-21 14:04:00,0.5151834445405926,2.7019240047831343
dollar_volume,2010-07-28 11:55:00,0.21266962373078735,2.701677523464003
gross_return,2010-07-21 13:44:00,0.2717765650076424,2.701551810816284
gross_return,2010-03-17 14:41:00,0.3966806343878824,2.70148730394168
gross_return,2010-12-22 12:52:00,0.6717850821883719,2.7009811840109386
price,2010-04-30 12:44:00,0.5798015962994498,2.7007963439585865
gross_return,2010-05-28 15:12:00,0.23552768185251752,2.7004117899298636
price,2010-09-23 15:07:00,0.5219011956146882,2.700342861334598
dollar_volume,2010-10-19 10:54:00,0.19331280480084284,2.700070965497228
price,2010-02-22 15:56:00,0.5847627078083579,2.6997786848523537
dollar_volume,2010-12-09 15:50:00,0.2079435560118334,2.6997586013202506
price,2010-12-21 14:54:00,0.7437839899322344,2.699537318351546
price,2010-04-22 13:19:00,0.5399870913504984,2.6993646026934814
dollar_volume,2010-10-27 12:44:00,0.18645550701098218,2.6992624408879617
price,2010-11-22 10:52:00,0.459806372797935,2.699104193708239
dollar_volume,2010-06-23 15:13:00,0.20956271487467673,2.6989528937881544
dollar_volume,2010-06-23 15:19:00,0.2105271539162598,2.6983848139360416
price,2010-12-29 14:29:00,0.8030533806088442,2.697949002168545
price,2010-12-21 14:56:00,0.7454601821963649,2.697882880314877
dollar_volume,2010-10-21 14:21:00,0.1777042601415227,2.69782237178414
price,2010-04-01 14:14:00,0.5617422494926259,2.6978117096213143
dollar_volume,2010-02-26 12:28:00,0.21782073813162572,2.6977982421139033
dollar_volume,2010-06-10 13:13:00,0.1864279375994991,2.6977773171262656
gross_return,2010-05-27 13:00:00,0.20098211474646993,2.6977004672373863
price,2010-04-23 13:16:00,0.5591417430379845,2.6975489407624647
price,2010-04-01 14:10:00,0.5587215571532296,2.697521141475472
dollar_volume,2010-07-21 12:43:00,0.20005401409549375,2.6975047853001706
dollar_volume,2010-06-02 14:45:00,0.20598016030017216,2.697440686906996
price,2010-12-20 13:29:00,0.6406363364741068,2.6973889514525866
price,2010-12-21 14:34:00,0.7206890759289982,2.697326504038797
price,2010-10-08 13:04:00,0.5560480259857136,2.697250814380852
dollar_volume,2010-11-08 13:53:00,0.1986795067967771,2.697126808767787
dollar_volume,2010-04-07 14:21:00,0.22787442047235748,2.6966248164402877
price,2010-12-29 14:25:00,0.7982781688309204,2.6966014088485903
gross_return,2010-02-18 13:23:00,0.33063094960910044,2.696444077227224
price,2010-05-24 12:49:00,0.3958092612743201,2.6963891654469605
price,2010-04-30 15:08:00,0.5702192172894568,2.696307465173325
gross_return,2010-12-28 14:15:00,0.8492190177386917,2.6960906691483797
dollar_volume,2010-06-10 13:51:00,0.1986202815800902,2.696032181540272
dollar_volume,2010-07-21 12:33:00,0.19710992604958633,2.696009761029874
price,2010-06-10 12:05:00,0.40894164328571747,2.695895884360797
price,2010-04-13 12:46:00,0.5797582559839969,2.6958879069210293
dollar_volume,2010-06-09 11:38:00,0.18125485380666612,2.6958488931334963
gross_return,2010-08-24 13:36:00,0.3192792491118034,2.6957826050076807
gross_return,2010-11-24 13:03:00,0.30331093369330303,2.695651272323283
price,2010-03-19 15:46:00,0.542971742398364,2.6956172121012445
dollar_volume,2010-07-02 12:31:00,0.18140918873580997,2.695432152087914
dollar_volume,2010-02-12 14:31:00,0.20451409734334725,2.695281750417365
gross_return,2010-03-17 14:42:00,0.3966810603426227,2.694989954842682
price,2010-04-20 12:40:00,0.5924148159449342,2.6947952959972694
dollar_volume,2010-06-23 11:58:00,0.2061494219918158,2.6947351233347767
price,2010-08-06 10:50:00,0.5244288867580313,2.694373057505969
dollar_volume,2010-06-23 12:17:00,0.20857854279782875,2.694170467051994
gross_return,2010-06-11 15:41:00,0.24858721740243872,2.693748510556705
gross_return,2010-12-13 13:01:00,0.33817868130655426,2.6937025517435327
price,2010-10-08 12:57:00,0.5489333195119596,2.6936873270270816
dollar_volume,2010-11-05 13:28:00,0.18794935330229065,2.6927644772611092
price,2010-12-15 13:02:00,0.5397303995830978,2.692681574449078
gross_return,2010-07-21 13:43:00,0.27097748647747133,2.6925141469492377
gross_return,2010-09-10 15:26:00,0.3034078973607838,2.6925065969913318
price,2010-12-14 14:56:00,0.5131488239081969,2.6923876442080443
price,2010-02-02 12:44:00,0.4772459466949301,2.691920244932039
price,2010-10-21 14:15:00,0.5230426432622922,2.691782324480035
price,2010-04-30 12:30:00,0.5733008819114396,2.6917349722137818
price,2010-12-29 14:30:00,0.8030533806088576,2.691457364075011
gross_return,2010-08-18 12:40:00,0.3291856897032368,2.6909923737103143
dollar_volume,2010-03-26 13:59:00,0.21318729602810105,2.6906982926173666
dollar_volume,2010-12-31 12:39:00,0.2219530817411512,2.690632023630478
price,2010-12-21 14:10:00,0.69560588090494,2.690472508917308
dollar_volume,2010-11-17 11:56:00,0.20984696429675515,2.690369289832109
dollar_volume,2010-06-04 12:24:00,0.204479812579664,2.6903599948870696
price,2010-04-30 12:43:00,0.5787263963404813,2.6901322053722048
price,2010-09-03 14:15:00,0.6114117733764075,2.690063669848356
dollar_volume,2010-07-06 16:00:00,0.18879030974446825,2.6898792929024227
gross_return,2010-03-08 14:18:00,0.4128629658847111,2.6896476091675776
dollar_volume,2010-09-02 10:33:00,0.21187174978561027,2.6894475961344617
price,2010-07-21 14:21:00,0.47260904463399056,2.689370797289006
price,2010-11-05 11:57:00,0.4605764370637546,2.688643009103948
gross_return,2010-10-11 15:54:00,0.3408051175447642,2.6885068638018756
price,2010-05-24 12:47:00,0.39404675984211934,2.6882625256078088
price,2010-12-29 14:27:00,0.7990978151472055,2.6882448113193624
dollar_volume,2010-04-28 12:13:00,0.1986514074973944,2.6881570040157565
gross_return,2010-12-23 14:05:00,0.7377964356882171,2.688136413818366
dollar_volume,2010-06-09 11:42:00,0.18211019428840275,2.6880817813283757
gross_return,2010-12-14 13:52:00,0.4624962579741234,2.687969764418271
gross_return,2010-07-07 13:15:00,0.24782656383143145,2.687913455852763
price,2010-12-21 14:23:00,0.7081309552645147,2.6878963341520317
price,2010-08-26 14:28:00,0.5062566604636409,2.687517321338464
price,2010-12-21 14:25:00,0.7100720752361009,2.687432027933439
dollar_volume,2010-02-22 14:31:00,0.20576219715111016,2.6874136788352865
dollar_volume,2010-12-31 12:38:00,0.2215284213925723,2.6872511093860822
gross_return,2010-03-02 14:05:00,0.32338561127694015,2.686977708357484
dollar_volume,2010-11-19 13:32:00,0.2090950977707508,2.6867827720092827
dollar_volume,2010-11-24 14:58:00,0.21169437700697363,2.686745854356347
price,2010-11-01 15:16:00,0.43444600936809646,2.6864900956779905
gross_return,2010-02-12 12:57:00,0.3347172345737988,2.6861516866956037
dollar_volume,2010-07-12 14:28:00,0.1923116445441679,2.6860760966261
price,2010-05-24 12:13:00,0.3840046536810923,2.6859668220629813
price,2010-03-26 12:30:00,0.5496627834594905,2.6858588639596395
price,2010-12-21 14:55:00,0.7423844963996998,2.685758506586156
price,2010-11-15 15:38:00,0.4668310782112004,2.6856255265046065
gross_return,2010-03-17 14:56:00,0.40238958648190015,2.6856149074029934
price,2010-01-29 14:04:00,0.48090996066957004,2.6856091996104907
dollar_volume,2010-10-27 12:40:00,0.18509858739082286,2.6853156451040254
dollar_volume,2010-03-02 14:35:00,0.21682397168626802,2.6851776187326992
dollar_volume,2010-11-03 15:01:00,0.19187069006660537,2.6851693076588523
dollar_volume,2010-03-15 12:22:00,0.19927823064300026,2.6851436651355693
dollar_volume,2010-12-07 13:19:00,0.1961826802398946,2.6849020292620125
dollar_volume,2010-03-26 14:00:00,0.21320333657614884,2.684834587770937
price,2010-12-21 14:36:00,0.7206890759290515,2.6847622116196086
price,2010-11-15 14:33:00,0.4573195914967345,2.684332262239943
dollar_volume,2010-10-05 12:58:00,0.19372959777533208,2.683827606892232
price,2010-05-26 12:06:00,0.3370484585430022,2.6837993781108973
price,2010-10-18 15:18:00,0.5069359522515843,2.68359837745759
price,2010-05-26 12:05:00,0.33659612273751766,2.683568268587213
price,2010-12-21 15:21:00,0.778147264361903,2.6834670386321378
price,2010-03-03 14:49:00,0.49429746192802976,2.6834350028464735
dollar_volume,2010-03-24 15:51:00,0.21125221723947624,2.683173062170322
gross_return,2010-02-22 15:48:00,0.3370595005501429,2.6830633389036134
gross_return,2010-11-24 14:25:00,0.30896820669073,2.6828733200848363
price,2010-08-26 14:26:00,0.5041822219954554,2.682872984648767
gross_return,2010-02-12 13:14:00,0.34092979053244127,2.682835697264736
gross_return,2010-06-08 14:13:00,0.24963371911387533,2.682637427452853
gross_return,2010-12-28 14:16:00,0.8478662069002637,2.6825457027597324
dollar_volume,2010-08-05 15:27:00,0.21258081366265413,2.6824171436283057
price,2010-07-30 13:34:00,0.47891121909769674,2.6823324033327993
price,2010-05-25 15:46:00,0.3611406369666004,2.6823133951819966
price,2010-08-23 15:59:00,0.5494289616936754,2.6822964037995036
price,2010-04-22 13:36:00,0.5556438256925271,2.682238443916128
gross_return,2010-09-17 13:56:00,0.3318973736677134,2.682008933029206
price,2010-09-29 15:20:00,0.4868570879940656,2.6819617015723876
gross_return,2010-12-23 14:06:00,0.7377961441487841,2.681787044028024
price,2010-12-21 14:24:00,0.7081309552642777,2.6817426229113184
dollar_volume,2010-06-09 11:43:00,0.18211154827536735,2.681688705367677
price,2010-04-30 12:46:00,0.5765319672841792,2.6816737416521823
price,2010-09-03 14:16:00,0.6110481253792103,2.6816243583818493
price,2010-09-29 15:33:00,0.4935068747123382,2.681394165056626
dollar_volume,2010-07-08 13:15:00,0.18531759023306027,2.6813713025437855
price,2010-04-30 12:49:00,0.5751275687700005,2.6810982718798475
gross_return,2010-07-28 13:06:00,0.26321359851944504,2.681057371232605
gross_return,2010-12-21 12:35:00,0.5710582517707833,2.6809728686883796
dollar_volume,2010-10-22 13:32:00,0.18720984227716256,2.680966471363354
dollar_volume,2010-11-19 13:22:00,0.2059126150818827,2.6808188087126767
price,2010-06-30 15:43:00,0.35712137778397224,2.680297294760235
gross_return,2010-11-05 14:21:00,0.3687130540118059,2.6801682421923276
price,2010-07-20 14:16:00,0.4759721627387147,2.680080768834305
gross_return,2010-02-11 12:40:00,0.3102227773447687,2.6800285907044232
dollar_volume,2010-07-21 10:40:00,0.1975712456466647,2.680027514753363
price,2010-05-27 14:47:00,0.3748502716279777,2.6799432546889927
gross_return,2010-12-14 13:55:00,0.463161448133891,2.679707150728268
gross_return,2010-07-27 13:12:00,0.2643591122764558,2.67954320915845
gross_return,2010-09-17 12:10:00,0.3107812048084596,2.6795417410193814
dollar_volume,2010-12-31 12:35:00,0.22034914053020796,2.6792168985715272
price,2010-02-10 12:57:00,0.5039661517785288,2.6791775433117326
dollar_volume,2010-08-27 11:01:00,0.20100263119505843,2.6791169482918744
price,2010-06-23 10:43:00,0.4452786256441197,2.679022773040818
dollar_volume,2010-12-07 13:20:00,0.19619294146721375,2.6789604509467453
price,2010-01-08 15:47:00,0.6526372868341846,2.678868558736488
price,2010-12-21 14:37:00,0.7206890759289982,2.6783705371842763
gross_return,2010-12-21 12:37:00,0.5719938290089488,2.678263250398334
dollar_volume,2010-10-26 14:45:00,0.18739760440980074,2.678146613995935
dollar_volume,2010-09-28 13:15:00,0.23960893195728322,2.6780120534761838
price,2010-04-22 13:47:00,0.5629682575807522,2.6779996699910376
gross_return,2010-12-17 13:18:00,0.5283366234222231,2.677500834034943
price,2010-09-29 15:30:00,0.49133380794623305,2.6774829454016533
dollar_volume,2010-07-21 12:28:00,0.19482622405369537,2.677480652549014
dollar_volume,2010-05-11 13:31:00,0.21937626343205258,2.6774194746931284
dollar_volume,2010-11-16 13:26:00,0.20644407207984303,2.677000336402253
price,2010-11-22 15:09:00,0.5340632858495679,2.67698186714159
gross_return,2010-10-29 12:44:00,0.33469254137243504,2.67687503044638
price,2010-03-31 15:14:00,0.5521398740223935,2.676869443014979
price,2010-12-14 14:47:00,0.5050484570921978,2.6768612846850366
gross_return,2010-11-18 14:31:00,0.3145475412715422,2.676551396428626
dollar_volume,2010-07-21 12:27:00,0.19454113746734372,2.676507120500271
dollar_volume,2010-09-14 15:06:00,0.1954817609996108,2.676342219238211
price,2010-08-16 15:05:00,0.4459544378978508,2.6759638853206886
price,2010-07-20 13:54:00,0.46197048069554436,2.6758792324216634
price,2010-06-15 13:43:00,0.4198234313105471,2.6758312258961183
price,2010-04-07 11:10:00,0.5717038543969708,2.6758209918107827
dollar_volume,2010-06-02 14:44:00,0.20479479336296375,2.6755881370431234
dollar_volume,2010-12-31 12:36:00,0.22046314628495217,2.675451596744118
price,2010-08-19 12:44:00,0.5188512719278919,2.6753488591418457
price,2010-01-19 12:49:00,0.6216167400186605,2.67530976613409
dollar_volume,2010-04-28 12:15:00,0.19860098899595105,2.675250459951471
gross_return,2010-10-08 13:48:00,0.29872845704224515,2.6751296614645863
price,2010-03-23 15:45:00,0.5778025821069037,2.675066838074782
dollar_volume,2010-11-09 14:54:00,0.20542153080615952,2.674980878616874
dollar_volume,2010-07-12 14:18:00,0.18940897301699683,2.6748973175666984
gross_return,2010-11-19 13:11:00,0.318406932046391,2.674669857540862
gross_return,2010-06-07 13:26:00,0.2532948966744866,2.6746617495336977
price,2010-07-26 14:48:00,0.5014562441573461,2.6739669808478244
dollar_volume,2010-04-28 12:14:00,0.19833823019304522,2.673932998431745
price,2010-08-06 15:14:00,0.5496356375245834,2.673445928831017
price,2010-05-18 12:05:00,0.43994094506061376,2.673265224934722
price,2010-09-15 15:42:00,0.47147616842521145,2.6732209011399806
gross_return,2010-06-18 11:07:00,0.25269937264704034,2.672999378744924
gross_return,2010-06-30 14:06:00,0.27070153327324775,2.6729786265532405
price,2010-04-14 15:49:00,0.6116900458552588,2.672913834974201
price,2010-08-10 14:35:00,0.5187170401990397,2.672827961396159
gross_return,2010-09-17 13:57:00,0.33168461034098523,2.672500899953278
price,2010-12-27 11:37:00,0.7589946735324038,2.672378787053334
price,2010-08-23 15:52:00,0.5430346444015672,2.6723110890730277
gross_return,2010-01-27 14:42:00,0.29344143721092225,2.672289575592193
dollar_volume,2010-05-07 13:06:00,0.19871618920959652,2.6722637182485554
dollar_volume,2010-03-03 10:55:00,0.22266115920889185,2.672023606857749
price,2010-12-29 14:24:00,0.792809622232636,2.671811723865805
gross_return,2010-12-07 11:09:00,0.3310213767666321,2.6717285042714356
gross_return,2010-11-18 10:51:00,0.30068208644621425,2.671703344677089
gross_return,2010-02-12 12:54:00,0.33232928085390334,2.671463628010103
dollar_volume,2010-08-24 15:49:00,0.19742296867599038,2.6710111721624896
dollar_volume,2010-09-21 10:29:00,0.2048856551678267,2.670991817453732
dollar_volume,2010-09-15 11:26:00,0.19783109964615586,2.670715619120886
gross_return,2010-08-27 15:08:00,0.29801384423125565,2.670082039780233
price,2010-01-13 11:46:00,0.5623741568496442,2.6700039226569467
dollar_volume,2010-07-19 15:18:00,0.19499138215707193,2.6699069801281112
price,2010-04-22 13:42:00,0.5579422490810699,2.669748694192554
gross_return,2010-09-24 11:36:00,0.33116651973299627,2.669505566728265
price,2010-12-21 15:22:00,0.7766879801137693,2.669184952241202
price,2010-11-18 10:30:00,0.43706290976648393,2.6691644754147874
gross_return,2010-10-08 13:49:00,0.2987453587900108,2.6690919927101437
dollar_volume,2010-11-23 13:26:00,0.20507961849344872,2.6690220662842146
price,2010-10-12 14:29:00,0.5818516548613178,2.6685044972090464
gross_return,2010-07-02 12:44:00,0.2381664362245966,2.668367505713008
dollar_volume,2010-02-22 14:38:00,0.20683688271993855,2.668269068208154
price,2010-09-15 15:36:00,0.4674438129122462,2.668068289612798
price,2010-12-27 11:48:00,0.7715985915110612,2.668035880984039
gross_return,2010-07-07 13:32:00,0.2513896615714389,2.667779706510575
gross_return,2010-11-19 13:09:00,0.31709623673787884,2.6677112456023524
gross_return,2010-09-17 12:09:00,0.30965713478257145,2.6676107517098537
dollar_volume,2010-08-27 11:13:00,0.2041392540551259,2.667568858540525
gross_return,2010-12-23 14:07:00,0.736430657901173,2.667501436003346
dollar_volume,2010-11-05 14:01:00,0.19090981886598232,2.66730269287684
gross_return,2010-08-04 15:45:00,0.3004360279704043,2.6672749024130797
price,2010-05-12 10:41:00,0.3713823625845239,2.6669365912782785
gross_return,2010-06-30 14:07:00,0.2707015332732476,2.6668729792812127
dollar_volume,2010-04-07 14:20:00,0.2262326135612276,2.666662183923155
gross_return,2010-07-07 13:33:00,0.2516395410901415,2.66642105787158
price,2010-12-15 12:49:00,0.5284620888093261,2.6661486381415647
price,2010-12-27 11:38:00,0.758994673532404,2.6660969411752413
gross_return,2010-11-18 14:16:00,0.31005668082136506,2.666063973341786
price,2010-11-05 14:24:00,0.4760066371445017,2.666057227288706
gross_return,2010-08-19 12:41:00,0.28918784490246274,2.666005861522024
price,2010-12-08 12:17:00,0.597370597077564,2.6659056938097243
price,2010-02-16 15:58:00,0.581146364602133,2.665647408158256
gross_return,2010-08-19 12:35:00,0.28686587435682964,2.6654250252896348
price,2010-07-20 14:18:00,0.47568033273789323,2.6653729534531783
dollar_volume,2010-04-08 12:30:00,0.2320657498046272,2.665106138912426
price,2010-01-08 15:46:00,0.6497585787809064,2.6650556892882533
price,2010-08-06 15:28:00,0.5631297986727102,2.6650529709406223
dollar_volume,2010-06-10 14:19:00,0.19869420968057058,2.6649676434737173
gross_return,2010-10-05 10:53:00,0.272668815499539,2.664852075151453
price,2010-11-05 14:25:00,0.4764910383271286,2.664556568863504
dollar_volume,2010-11-22 13:57:00,0.2125836872406359,2.6645209723331966
gross_return,2010-04-22 11:20:00,0.3280259926412562,2.66444613841642
gross_return,2010-05-18 10:57:00,0.23752398700930008,2.664346475416226
price,2010-10-12 11:27:00,0.5777456770059266,2.664257118533489
price,2010-11-29 14:37:00,0.5437782983722999,2.664205744052414
dollar_volume,2010-09-21 15:01:00,0.22364740931600743,2.663965377210604
price,2010-04-30 12:48:00,0.5733149908270326,2.663802852162775
price,2010-04-23 13:15:00,0.5548305720627646,2.6637915608746257
gross_return,2010-07-09 10:56:00,0.2523002540249577,2.663633067339688
gross_return,2010-02-22 15:49:00,0.33619436651365636,2.6635700289049775
gross_return,2010-02-18 13:24:00,0.32879264669553604,2.6634452652746448
gross_return,2010-11-18 14:12:00,0.3084078235718174,2.66333235385094
gross_return,2010-07-14 10:59:00,0.28831855179364274,2.6633029922342004
gross_return,2010-07-19 14:39:00,0.2800265277185742,2.6632706628014446
dollar_volume,2010-06-09 11:35:00,0.17942482628653988,2.663117923218056
price,2010-02-02 15:24:00,0.4948821622107675,2.6630838241003487
dollar_volume,2010-11-23 15:31:00,0.20951737020701666,2.6629299674295557
price,2010-02-25 14:10:00,0.5791451367416476,2.6628495764227607
dollar_volume,2010-11-05 13:59:00,0.1903629903830669,2.662840417262672
gross_return,2010-12-13 13:04:00,0.3371473020048757,2.662782969376715
dollar_volume,2010-03-17 13:23:00,0.20341470832381264,2.6627227444294514
price,2010-06-25 14:11:00,0.4136541183174185,2.662645020698718
dollar_volume,2010-03-03 10:56:00,0.22249570592051046,2.6623458567609553
price,2010-08-06 10:55:00,0.5226919904474309,2.6621812875101325
dollar_volume,2010-08-27 12:52:00,0.2076436750040609,2.662124187525311
gross_return,2010-11-02 15:48:00,0.33549696539839313,2.661980961338815
gross_return,2010-11-19 13:10:00,0.31709623673787884,2.6617218926370785
dollar_volume,2010-01-07 15:52:00,0.22219692347702918,2.6614555771857926
dollar_volume,2010-10-22 13:33:00,0.18673341324481219,2.6611125072186925
dollar_volume,2010-11-03 12:48:00,0.18073709197182083,2.6609969889748117
price,2010-09-20 14:42:00,0.47433125796330977,2.660377501502949
dollar_volume,2010-12-31 13:24:00,0.2393792633867599,2.6601642673558623
price,2010-04-13 15:51:00,0.6137141012485225,2.659814340894953
dollar_volume,2010-04-28 12:48:00,0.20064662705649156,2.659273114458088
gross_return,2010-08-04 15:47:00,0.30074153402839066,2.659235446468505
gross_return,2010-08-27 11:27:00,0.29772092387508303,2.659047449336599
price,2010-12-21 14:35:00,0.7152971258030714,2.658507769437752
gross_return,2010-12-14 13:45:00,0.45676074284722173,2.657993264853482
price,2010-12-21 14:27:00,0.7071995592826458,2.657839706412336
price,2010-12-29 14:18:00,0.7844893076591037,2.657594079020886
price,2010-02-25 13:57:00,0.5656358360853009,2.657492392302106
gross_return,2010-12-14 13:46:00,0.4567621330035679,2.6573895384813686
price,2010-02-24 11:05:00,0.5486553650989546,2.6573772947721213
dollar_volume,2010-09-24 15:33:00,0.24178223820372652,2.6572215074088676
gross_return,2010-12-10 13:57:00,0.3240983038420588,2.657189883231681
gross_return,2010-05-06 15:07:00,0.3007112438504845,2.6571758893267106
dollar_volume,2010-06-09 11:44:00,0.18143881229974929,2.6571495276185453
gross_return,2010-03-08 14:45:00,0.42402574907494034,2.6568902659157643
gross_return,2010-04-28 14:34:00,0.32309467874612263,2.6568406956047683
price,2010-03-30 11:22:00,0.5455448028713128,2.6565446833758455
dollar_volume,2010-09-24 15:34:00,0.24205613575388804,2.6565223329983776
gross_return,2010-04-28 14:35:00,0.32348904973436043,2.6564877928288575
dollar_volume,2010-11-23 15:41:00,0.21197426292740013,2.6562880632658774
dollar_volume,2010-06-23 15:23:00,0.209641780447769,2.6560690264430034
gross_return,2010-03-17 13:11:00,0.3755565584666344,2.6556897695131014
gross_return,2010-11-24 14:43:00,0.31447140781052596,2.6556836843628306
gross_return,2010-03-08 14:48:00,0.42567788546754964,2.6555077798133335
gross_return,2010-10-05 10:54:00,0.2724846570248717,2.6552498482105724
dollar_volume,2010-05-03 14:35:00,0.2112525506084776,2.65505174914798
price,2010-10-21 14:14:00,0.5180093763872551,2.655037010470632
price,2010-01-29 14:03:00,0.477130248981207,2.65488424472501
price,2010-09-09 13:09:00,0.6087408162875285,2.6547478367785255
price,2010-07-20 14:08:00,0.46755612082456893,2.654627274535947
gross_return,2010-07-07 13:34:00,0.251342627749464,2.6544458090513925
gross_return,2010-03-24 13:07:00,0.3643907744970985,2.654287293257365
price,2010-10-21 14:02:00,0.5082263729774693,2.653974935880451
gross_return,2010-05-28 15:17:00,0.23471003238195604,2.653937087834425
price,2010-12-21 14:22:00,0.7015842929864775,2.6537246300515007
dollar_volume,2010-10-22 13:37:00,0.1876627844100361,2.653599272552768
gross_return,2010-04-05 14:01:00,0.31655231834351116,2.6532730157175615
gross_return,2010-07-07 13:35:00,0.25159106968087036,2.653259864768515
price,2010-04-27 11:32:00,0.5475864403530082,2.653208447963075
dollar_volume,2010-01-27 14:22:00,0.19659855777055202,2.653107555257269
gross_return,2010-12-14 13:47:00,0.4563728567681859,2.653083991788539
dollar_volume,2010-01-07 15:47:00,0.2201284573374816,2.653030722887904
dollar_volume,2010-04-20 11:56:00,0.21074148703065107,2.6530144812382894
price,2010-11-05 14:23:00,0.4740524519098891,2.6529036232205736
price,2010-12-21 14:16:00,0.6956437317227394,2.652082204685958
price,2010-03-10 12:17:00,0.4740632709028539,2.6520166887869485
price,2010-06-22 15:17:00,0.4306294823877564,2.6520107061284954
price,2010-12-21 14:28:00,0.7071995592825995,2.651794944934045
dollar_volume,2010-09-16 15:16:00,0.19757073905116765,2.651786753375997
gross_return,2010-02-12 12:40:00,0.32448086871933657,2.651765595144293
price,2010-09-23 15:08:00,0.5161962351799478,2.6517114733033895
price,2010-12-20 13:17:00,0.6256461481533085,2.651671874152451
price,2010-07-26 15:04:00,0.5143462383206748,2.6515880552039226
dollar_volume,2010-04-16 15:09:00,0.19260699002280762,2.6515742019664885
gross_return,2010-12-14 13:51:00,0.45814973247154905,2.651345230272746
gross_return,2010-12-13 13:02:00,0.33563411694297146,2.6513027696386624
gross_return,2010-04-28 14:30:00,0.32107265530379586,2.6512315568412275
dollar_volume,2010-11-02 11:24:00,0.17452921703100976,2.6508818881302227
price,2010-10-12 14:12:00,0.544333700632929,2.6507141463782813
dollar_volume,2010-05-18 11:56:00,0.20985206933488001,2.6506183647498767
gross_return,2010-12-01 12:32:00,0.28644933756450097,2.6505432224336882
price,2010-07-09 15:17:00,0.4387348418466292,2.6505421293046676
price,2010-12-14 14:57:00,0.5091585521568818,2.6503148826248837
dollar_volume,2010-08-27 12:53:00,0.20740589970421713,2.6499403995566757
gross_return,2010-12-13 13:08:00,0.3377690416668099,2.6499310070521034
price,2010-02-18 14:57:00,0.5844664243123603,2.6498859599704088
price,2010-02-10 13:11:00,0.5133872217014361,2.6497940258000474
gross_return,2010-03-08 14:49:00,0.4256775188581662,2.649753402735017
price,2010-02-19 11:51:00,0.6089560286519791,2.6495491086166365
price,2010-12-29 14:28:00,0.7933528540789163,2.6493543728323092
dollar_volume,2010-09-16 15:06:00,0.19678765522128644,2.649234700046356
price,2010-12-21 14:20:00,0.6988843941443665,2.6490922881444203
price,2010-05-27 14:49:00,0.37328602458907856,2.6489376837026763
gross_return,2010-09-27 14:11:00,0.3202142254687566,2.648920864129306
dollar_volume,2010-05-07 15:49:00,0.19918943924774254,2.6488265061842227
price,2010-10-20 12:40:00,0.5101391863400203,2.6487116591016506
dollar_volume,2010-06-09 11:45:00,0.18135533184868816,2.648623795715372
price,2010-07-13 11:54:00,0.4422073394766133,2.6485249311869827
dollar_volume,2010-10-18 11:34:00,0.18755922052646892,2.6483827935491755
price,2010-04-30 12:47:00,0.5717337427721072,2.6483606799568147
gross_return,2010-05-28 15:18:00,0.23473637014093884,2.648246321721761
gross_return,2010-02-22 15:50:00,0.3355316543716865,2.64799813049105
gross_return,2010-03-08 14:46:00,0.42376334416321987,2.6478599716231472
dollar_volume,2010-03-24 15:44:00,0.20920508196231816,2.647837141866487
dollar_volume,2010-04-07 14:23:00,0.2261960365220795,2.647761014721566
dollar_volume,2010-07-29 13:29:00,0.21372592662109202,2.6477373100960873
price,2010-12-20 13:18:00,0.6258413776599693,2.647616170079297
price,2010-02-18 14:44:00,0.570261074407987,2.647570638901876
dollar_volume,2010-09-22 11:18:00,0.22484479524561615,2.646750255631038
dollar_volume,2010-06-09 11:46:00,0.18151256759608697,2.646730670552874
gross_return,2010-07-14 10:58:00,0.2871108046096036,2.646694848459985
price,2010-12-21 15:19:00,0.7690763339559378,2.646507556499029
dollar_volume,2010-02-22 14:23:00,0.2021603715062188,2.6463175741281475
gross_return,2010-07-23 14:27:00,0.25996457156417613,2.646170356987625
price,2010-12-15 13:15:00,0.5459899226012073,2.6461353709424187
gross_return,2010-11-03 14:33:00,0.35825345886494564,2.645987042584564
dollar_volume,2010-09-24 15:32:00,0.24089931669254544,2.645657370443314
price,2010-06-14 13:17:00,0.40702961160648693,2.6455190553978642
price,2010-06-15 13:48:00,0.41769581202324807,2.645500297752029
dollar_volume,2010-03-10 14:44:00,0.19041099827033536,2.6453215791188045
dollar_volume,2010-11-09 14:58:00,0.20531096106614222,2.6453178067492704
dollar_volume,2010-03-24 15:49:00,0.20935179538828952,2.6452566247890306
dollar_volume,2010-10-22 13:38:00,0.18756660835801003,2.6451025308053318
dollar_volume,2010-11-16 13:28:00,0.2056167015494495,2.6450741046182995
price,2010-12-08 12:29:00,0.6023470748709117,2.6449765536663916
gross_return,2010-12-13 13:09:00,0.3377690416668099,2.6449708191859203
dollar_volume,2010-04-20 11:51:00,0.2091833428440514,2.6449368539482507
gross_return,2010-10-29 12:45:00,0.3328831636531311,2.644935217893788
gross_return,2010-08-20 13:07:00,0.29573694434586567,2.644494328090351
price,2010-09-23 10:49:00,0.4990667985252941,2.644428220074028
price,2010-11-03 11:35:00,0.46316600376723643,2.6444084750257866
gross_return,2010-04-01 13:26:00,0.29200148594620234,2.6443943285832163
dollar_volume,2010-01-27 15:34:00,0.1984819600841039,2.644356858750465
price,2010-12-21 14:21:00,0.6990850755432689,2.644354088330962
price,2010-03-31 15:09:00,0.547295937495918,2.6440054986029793
dollar_volume,2010-03-24 15:43:00,0.20905520125930893,2.6437349786852544
dollar_volume,2010-05-13 15:03:00,0.22058034510509567,2.6434997328660716
gross_return,2010-11-24 14:30:00,0.30828861488185694,2.643410978423476
price,2010-09-27 14:04:00,0.513448462858751,2.643160946276542
dollar_volume,2010-09-17 12:52:00,0.203497950939672,2.64297533738179
gross_return,2010-04-05 13:55:00,0.3136820267133602,2.6428934436429197
dollar_volume,2010-03-22 15:33:00,0.19668782922831005,2.642853380484209
gross_return,2010-12-21 12:36:00,0.5666626276745175,2.6427105987924424
dollar_volume,2010-01-25 11:46:00,0.19178562397355595,2.6425472532538365
price,2010-05-28 13:29:00,0.42931265134055435,2.641602159043847
gross_return,2010-02-12 13:00:00,0.3325528462839836,2.6415532474819816
price,2010-12-29 14:21:00,0.784489307659173,2.6413792992674563
price,2010-04-20 12:41:00,0.586318773165917,2.6412943030881966
dollar_volume,2010-07-23 13:04:00,0.21804930228094838,2.6412704705166696
price,2010-08-16 15:00:00,0.44067064899339126,2.6408429376508704
dollar_volume,2010-01-28 11:32:00,0.1995490004010042,2.6407464945395636
price,2010-11-01 15:38:00,0.4413355820464441,2.64050470464201
gross_return,2010-10-12 13:54:00,0.3572511888234033,2.6403275068565843
price,2010-06-14 13:07:00,0.4030611479747454,2.6403074601456704
dollar_volume,2010-10-11 15:29:00,0.17431516370545322,2.6401680554752662
price,2010-12-15 13:12:00,0.5431203990431391,2.640116194386284
dollar_volume,2010-04-19 13:06:00,0.1971359328385447,2.6399471007987136
price,2010-08-25 14:59:00,0.4802845120730265,2.639847473168109
gross_return,2010-08-27 11:30:00,0.29753258550494577,2.639571874288742
price,2010-09-03 12:58:00,0.5833593734421584,2.639566029806783
price,2010-09-21 14:42:00,0.5034327765909865,2.639275539474171
price,2010-08-23 15:56:00,0.5418804814038176,2.639162682288074
price,2010-06-23 10:44:00,0.4421298968415252,2.6391303792789773
dollar_volume,2010-06-23 12:11:00,0.20532114504437934,2.6390635901921375
gross_return,2010-12-13 13:03:00,0.335175003728618,2.639051167174699
price,2010-09-29 15:21:00,0.48308350092448915,2.638831914857847
price,2010-08-16 15:16:00,0.44846991940852926,2.6387945662759473
dollar_volume,2010-07-13 10:32:00,0.1921096524782859,2.6386870510240117
price,2010-05-24 12:43:00,0.3872353946650425,2.6386723219714425
dollar_volume,2010-04-12 15:47:00,0.22379181597067596,2.6386011277763433
gross_return,2010-03-08 14:41:00,0.41989825428647054,2.63814445053871
dollar_volume,2010-12-14 11:07:00,0.22079289448896566,2.6376858445435105
price,2010-09-03 14:17:00,0.6057774588127895,2.6375690234314795
price,2010-05-11 14:04:00,0.39260782294799085,2.637438491155752
price,2010-11-05 14:19:00,0.47004283654498413,2.637374133855877
price,2010-07-21 14:50:00,0.48588453302895707,2.637178542434096
price,2010-06-15 13:50:00,0.4167660222172993,2.6369587297090344
price,2010-12-21 14:26:00,0.7027913851881097,2.636883777099767
price,2010-12-21 14:33:00,0.7096057871730477,2.6367739645367907
gross_return,2010-04-05 13:56:00,0.3136820267133602,2.6367318700279205
gross_return,2010-12-13 13:05:00,0.3357042922092476,2.6367012789851763
price,2010-04-01 14:00:00,0.5435570738734228,2.636687256557368
price,2010-02-02 12:42:00,0.47049679687415047,2.636665925904199
gross_return,2010-07-07 13:16:00,0.24550381635508078,2.636614528659029
dollar_volume,2010-04-15 15:24:00,0.1996743772958648,2.636411779328606
price,2010-01-13 11:49:00,0.5602753644414831,2.6362551504905647
dollar_volume,2010-09-14 14:59:00,0.1924777398567445,2.6361608850334255
dollar_volume,2010-09-03 13:22:00,0.21436723494870097,2.6360159987493645
price,2010-08-02 10:56:00,0.5355194465625737,2.636001020366302
price,2010-08-19 12:43:00,0.5137241811306938,2.635810926291012
gross_return,2010-02-12 13:01:00,0.3325528462839836,2.635798305378672
dollar_volume,2010-09-15 11:43:00,0.19948351026151664,2.635681378678449
dollar_volume,2010-04-12 13:48:00,0.22335192419808297,2.635227359854903
dollar_volume,2010-02-02 15:51:00,0.21112324624802836,2.6351847113180464
gross_return,2010-05-28 15:10:00,0.2317988972502028,2.6348346968199534
dollar_volume,2010-10-05 14:20:00,0.19443710794870833,2.634815014489545
price,2010-12-15 13:00:00,0.5315037503574006,2.6342820137026015
dollar_volume,2010-05-11 13:27:00,0.216565338045495,2.6341850471791237
dollar_volume,2010-03-12 15:50:00,0.19370673583448628,2.6340326927161772
dollar_volume,2010-11-05 13:56:00,0.1888421329402904,2.6340173197180596
price,2010-10-19 14:27:00,0.5151805670386009,2.6339378486277054
dollar_volume,2010-11-23 15:37:00,0.21013324552657725,2.633725857342828
price,2010-12-14 13:37:00,0.48923970070496825,2.6337217359782983
price,2010-08-16 15:07:00,0.4430405817069141,2.6336702598748403
gross_return,2010-11-15 13:52:00,0.3092852645449475,2.6334792768361925
gross_return,2010-03-08 14:20:00,0.4089568956998699,2.6334588062697906
dollar_volume,2010-07-08 13:07:00,0.18125032646625971,2.63340092068703
gross_return,2010-02-11 12:17:00,0.3009252380297504,2.63315796979973
price,2010-08-30 12:51:00,0.5149155446895677,2.633028636051173
gross_return,2010-12-23 13:59:00,0.7220886592379115,2.6330239836916163
gross_return,2010-10-08 13:14:00,0.29349472354007283,2.6325229823021905
dollar_volume,2010-02-18 11:10:00,0.19365062665130756,2.632421783283896
price,2010-12-21 14:31:00,0.7068966547882444,2.6323370637796595
dollar_volume,2010-01-22 13:52:00,0.1888980653663762,2.6322607395156647
gross_return,2010-12-10 13:58:00,0.3227921920033663,2.632178645255971
gross_return,2010-03-02 14:08:00,0.3199036865308279,2.6318831111374483
price,2010-04-23 13:18:00,0.5513531219547978,2.631522207594328
dollar_volume,2010-12-22 10:35:00,0.23111892625018327,2.6315165221924453
price,2010-12-27 11:57:00,0.7745440176157603,2.6314020663610993
gross_return,2010-12-13 13:06:00,0.33570541137603427,2.631241635678285
dollar_volume,2010-06-10 14:30:00,0.19874554528506397,2.6311420555343688
gross_return,2010-03-02 14:06:00,0.3199013699805146,2.631131710056013
gross_return,2010-03-02 14:07:00,0.31990252805867425,2.63113157045393
price,2010-03-03 14:58:00,0.49549092572441755,2.6308454899260374
dollar_volume,2010-09-23 11:02:00,0.23009586078320252,2.6308285172641015
gross_return,2010-04-28 14:24:00,0.31777162312354235,2.630739229277834
gross_return,2010-05-26 14:28:00,0.20480441506709862,2.630397470325465
price,2010-06-14 13:25:00,0.40880775178382833,2.6303558024559206
gross_return,2010-02-12 12:42:00,0.3239099803936899,2.6301934116624426
dollar_volume,2010-12-07 13:18:00,0.19389057446769917,2.6301467576608992
price,2010-08-16 15:03:00,0.4406665627721111,2.6297433684610914
dollar_volume,2010-12-09 14:36:00,0.20269425518131157,2.629641411008394
gross_return,2010-01-15 14:53:00,0.36520485560765065,2.6295951359216776
price,2010-03-31 14:52:00,0.5523917090835041,2.6295743484679894
price,2010-06-23 10:42:00,0.44016809628577114,2.629368664984489
gross_return,2010-01-15 14:52:00,0.36520485560765065,2.6290294103036054
gross_return,2010-06-18 11:14:00,0.25232989295262226,2.62902144402127
gross_return,2010-06-30 14:20:00,0.2736793039646655,2.6289854802555443
gross_return,2010-10-11 13:13:00,0.31081377851838776,2.628806743613857
price,2010-02-12 12:33:00,0.5547445282450796,2.628737820931871
price,2010-03-10 12:19:00,0.472604351166924,2.628720289604548
gross_return,2010-05-06 12:35:00,0.26861468931029264,2.628703703240286
gross_return,2010-10-06 12:11:00,0.2510014756400472,2.62869465597264
price,2010-08-06 11:19:00,0.5259151995926934,2.6286823831952937
price,2010-09-15 15:40:00,0.4660602434198366,2.6286792628590967
dollar_volume,2010-05-18 12:04:00,0.20957423883425855,2.628677421668439
price,2010-09-29 15:22:00,0.48266109576494004,2.6285867264677463
dollar_volume,2010-06-23 15:26:00,0.20914909554826727,2.628223762255258
price,2010-12-31 15:55:00,0.7562547086837872,2.6282012496797997
gross_return,2010-07-13 12:56:00,0.2835639273786011,2.6280538011690457
price,2010-04-07 11:02:00,0.5582998872212637,2.627812826263383
gross_return,2010-07-14 10:49:00,0.28395135141979067,2.6277529616057214
price,2010-02-02 12:43:00,0.47018036995782037,2.627377216312296
gross_return,2010-12-23 14:00:00,0.7220886592379115,2.626999645464251
dollar_volume,2010-08-24 11:32:00,0.19042652290422515,2.626080497985287
dollar_volume,2010-04-07 14:03:00,0.2226497698262758,2.6256458598051156
price,2010-11-15 15:59:00,0.471256775347062,2.6255963888099427
price,2010-02-12 14:48:00,0.5992823038967673,2.625450572601684
dollar_volume,2010-08-27 11:18:00,0.20371813871324568,2.6252382948531685
gross_return,2010-12-10 13:59:00,0.3226619225400101,2.6248875264921563
dollar_volume,2010-05-25 12:12:00,0.18077196430983983,2.624571182417119
dollar_volume,2010-09-15 11:41:00,0.19862996931841234,2.6242772120287645
price,2010-12-27 11:55:00,0.7710575216442478,2.624039374836643
dollar_volume,2010-03-24 15:41:00,0.20850668608604642,2.6238741359533573
dollar_volume,2010-07-06 15:29:00,0.18154700137415833,2.623462707725529
dollar_volume,2010-07-06 11:36:00,0.18023583575266203,2.6233901362247956
dollar_volume,2010-04-05 13:15:00,0.22531367924820028,2.6233264841898576
gross_return,2010-05-27 13:01:00,0.19816122431006092,2.623196812779697
dollar_volume,2010-03-24 15:42:00,0.208339898285329,2.6230197064090985
price,2010-09-15 15:41:00,0.46604449740724263,2.623005285438653
dollar_volume,2010-01-13 14:19:00,0.20697962519784202,2.6225204057041984
dollar_volume,2010-05-12 13:06:00,0.2188474384746214,2.6223425287752034
price,2010-09-29 15:51:00,0.49995128381157844,2.6222452992924357
price,2010-05-18 12:00:00,0.4322645884935191,2.622061316546658
price,2010-09-08 14:03:00,0.5865916130848385,2.6219079603347537
price,2010-06-15 13:44:00,0.41542829494195466,2.621835416326204
gross_return,2010-09-14 11:44:00,0.3016654020524236,2.621764361620822
price,2010-09-27 14:03:00,0.5103279276578642,2.6217321634822506
gross_return,2010-02-18 13:20:00,0.3245122906249775,2.621599857475878
price,2010-07-20 14:07:00,0.46354358297474907,2.621566226662403
dollar_volume,2010-02-25 14:33:00,0.2102570867866406,2.6211840959842325
gross_return,2010-03-17 14:55:00,0.3961442137244706,2.6210796444000923
price,2010-05-13 13:55:00,0.3776508111585611,2.621055835992908
gross_return,2010-06-21 13:32:00,0.2584192671687234,2.6207155067027377
price,2010-06-11 10:36:00,0.39647319068900133,2.6204858178646706
price,2010-06-15 13:47:00,0.4155253557723678,2.620307409379659
dollar_volume,2010-09-28 13:17:00,0.23735688721600262,2.6202170601262007
price,2010-02-05 15:52:00,0.4893175706425796,2.620189434393764
price,2010-09-09 13:10:00,0.6047153280638997,2.6201471243278687
price,2010-04-01 14:04:00,0.5445892622235828,2.620054285234999
price,2010-02-25 14:12:00,0.5748453074533045,2.620049928120592
gross_return,2010-07-07 13:30:00,0.2483512715198078,2.6200081208533246
price,2010-04-22 13:18:00,0.5302811176121272,2.6198425460067636
dollar_volume,2010-09-14 15:02:00,0.19245288837545577,2.6197501792368305
gross_return,2010-04-28 14:22:00,0.3164678733253846,2.6194934049752003
dollar_volume,2010-11-23 15:26:00,0.20606667103519952,2.6194922230425552
gross_return,2010-02-12 12:38:00,0.3212866305416865,2.6193881802364474
gross_return,2010-01-15 14:47:00,0.36451210317710336,2.6192196181089598
dollar_volume,2010-05-18 12:01:00,0.20881432695084887,2.619183073589846
dollar_volume,2010-03-09 14:22:00,0.20229543578233364,2.619156454966703
dollar_volume,2010-07-29 13:14:00,0.2095092583925371,2.6191544317574027
gross_return,2010-06-30 14:17:00,0.2721162293219128,2.61913900586308
dollar_volume,2010-03-04 13:55:00,0.2220629379732141,2.619093161010324
dollar_volume,2010-08-04 12:27:00,0.20648105272487843,2.6188639436746484
gross_return,2010-02-12 12:43:00,0.323500934028393,2.6185938629263594
price,2010-07-20 14:00:00,0.4590726982989286,2.618586548902532
dollar_volume,2010-12-17 11:53:00,0.23962455927596205,2.618545642815104
gross_return,2010-03-24 13:06:00,0.3630376899469735,2.618207431234594
gross_return,2010-08-04 15:44:00,0.2970281153152372,2.6181453541656783
price,2010-12-16 11:24:00,0.5413947219919376,2.6179880459571074
dollar_volume,2010-02-22 12:05:00,0.19435052508334777,2.617987141020953
gross_return,2010-03-17 14:54:00,0.3953549996638503,2.6179301747710513
price,2010-04-23 13:17:00,0.5497525349148704,2.6176903198899844
dollar_volume,2010-05-28 12:08:00,0.17447053699345288,2.6176191200472454
dollar_volume,2010-11-03 14:22:00,0.18415669357251588,2.617583300952145
price,2010-04-15 13:54:00,0.5688451380712536,2.6175756497224643
dollar_volume,2010-08-27 11:17:00,0.2032105922003656,2.617381235521854
price,2010-08-25 15:24:00,0.5082822196211763,2.6173107247435854
dollar_volume,2010-12-09 14:34:00,0.20178457328075472,2.6169296319413973
dollar_volume,2010-02-22 14:40:00,0.20521084868549502,2.6168505485730655
price,2010-12-20 13:30:00,0.6299078501311679,2.6167881997687723
dollar_volume,2010-04-12 13:47:00,0.2222521513368456,2.6166656488742803
price,2010-05-27 14:39:00,0.36449383781196587,2.6163848794120788
price,2010-06-15 13:51:00,0.4150563564842896,2.6162975006828657
price,2010-10-20 12:28:00,0.4975880355989549,2.6159096476955477
price,2010-07-14 13:31:00,0.467106858622932,2.6158485567458403
price,2010-08-10 14:34:00,0.511612827667076,2.615842165772874
price,2010-08-18 13:31:00,0.5002169321427443,2.6158020244528712
dollar_volume,2010-01-28 12:26:00,0.20131514270304915,2.6156956577913824
gross_return,2010-07-06 11:30:00,0.23633073462359752,2.615679444236539
dollar_volume,2010-08-05 15:23:00,0.20887716754439453,2.6156472328759564
dollar_volume,2010-10-11 15:41:00,0.17572647498948582,2.615630879771997
price,2010-04-13 12:24:00,0.5588496821737539,2.6156250876581892
dollar_volume,2010-05-28 12:07:00,0.17421486283690185,2.615620515522618
gross_return,2010-12-13 14:11:00,0.40289104917653296,2.6155373754079676
price,2010-03-30 11:23:00,0.541172894267546,2.615400095100003
gross_return,2010-09-14 11:46:00,0.30202336517532274,2.6153134305991523
price,2010-07-21 14:36:00,0.4767966486397734,2.615273637860488
price,2010-12-14 13:36:00,0.48666850728976946,2.6151830251142023
gross_return,2010-06-21 13:33:00,0.2584192671687234,2.6148162741141214
price,2010-07-20 14:11:00,0.46524880724294293,2.6148102999390384
dollar_volume,2010-09-03 13:21:00,0.21328421212925097,2.6147349177700234
price,2010-10-18 14:35:00,0.4835736389182675,2.6147204199168304
dollar_volume,2010-11-09 14:52:00,0.20277945602788378,2.6146889909090953
gross_return,2010-06-21 15:41:00,0.26261786641952073,2.6146475414766415
price,2010-05-25 12:15:00,0.35989389140923056,2.614545714506588
price,2010-04-01 13:53:00,0.5362672316356689,2.614276893235464
dollar_volume,2010-04-28 12:21:00,0.19751209824465243,2.6141580466599286
gross_return,2010-07-07 13:31:00,0.24835127151980785,2.6141288499745867
gross_return,2010-03-25 13:16:00,0.3278091767287736,2.6141132968195184
gross_return,2010-06-08 14:06:00,0.24369495030265861,2.614102151256055
dollar_volume,2010-04-01 15:52:00,0.22264445012563547,2.6140142277248177
gross_return,2010-03-17 13:26:00,0.3789118068645916,2.6138970291626507
dollar_volume,2010-04-12 15:54:00,0.22491543853038468,2.613604855356637
gross_return,2010-11-24 14:45:00,0.31243004735425445,2.6136033957397804
gross_return,2010-02-12 12:39:00,0.3212866305416865,2.613359233555672
price,2010-04-22 13:16:00,0.5282603296269172,2.6133393333514814
price,2010-12-21 14:57:00,0.7317185350763314,2.6133147304702073
price,2010-09-15 15:37:00,0.4626574618303373,2.612987678450642
gross_return,2010-11-17 15:54:00,0.29070639401910975,2.6128209654864745
dollar_volume,2010-08-17 13:03:00,0.21435007686390686,2.612747151747758
dollar_volume,2010-04-05 13:16:00,0.2250374454774942,2.6124148971951455
dollar_volume,2010-02-22 12:04:00,0.1939045283642959,2.6123330643303917
dollar_volume,2010-06-22 10:34:00,0.19615148144847708,2.6120400254386036
price,2010-05-25 15:49:00,0.35677984568392695,2.6115976233519276
price,2010-02-05 15:13:00,0.46714762194652915,2.611592250299978
gross_return,2010-08-02 12:35:00,0.29809725254804786,2.611406391773074
dollar_volume,2010-05-25 11:25:00,0.17679656112892345,2.611230137896404
price,2010-06-15 13:45:00,0.414685783650589,2.6111033329802695
price,2010-05-03 13:09:00,0.6001155802891889,2.6110326052443056
dollar_volume,2010-02-22 12:42:00,0.19788238646941542,2.61084866157756
dollar_volume,2010-05-07 13:07:00,0.19633556487252807,2.61074233712279
dollar_volume,2010-04-05 13:17:00,0.22517811325039405,2.6104901683828605
price,2010-12-21 14:58:00,0.7320730160989396,2.610463795887307
dollar_volume,2010-08-17 11:31:00,0.21058856700226872,2.610416807722051
gross_return,2010-03-08 14:33:00,0.41335206019503107,2.6102964350981166
gross_return,2010-11-19 13:08:00,0.3127164793637774,2.6102869979123233
dollar_volume,2010-02-22 12:02:00,0.1934011422927291,2.6100803996794193
gross_return,2010-07-12 12:56:00,0.26632824443655884,2.609887593628033
dollar_volume,2010-05-11 13:19:00,0.21371755457277833,2.6093690709241804
dollar_volume,2010-08-05 15:24:00,0.208859026852232,2.609209727952274
price,2010-12-27 11:49:00,0.7621496829671078,2.6091296105752075
dollar_volume,2010-04-28 12:22:00,0.1975349083428965,2.6090980255755802
price,2010-09-27 14:24:00,0.5218334527234505,2.609092867829286
price,2010-02-12 12:32:00,0.5514389735677163,2.609031017703708
gross_return,2010-12-14 13:56:00,0.4561556637482802,2.6089034710267502
dollar_volume,2010-08-27 12:37:00,0.20317366775247436,2.6076835423725324
price,2010-09-29 15:35:00,0.48704094007991516,2.6076595520382364
dollar_volume,2010-08-25 15:56:00,0.18658999687553945,2.607653283880377
gross_return,2010-07-14 14:06:00,0.28940847641133205,2.607638981407108
dollar_volume,2010-07-28 12:23:00,0.2157981210906858,2.6076055390366735
dollar_volume,2010-10-11 15:27:00,0.17276822728671173,2.607544240292666
price,2010-02-09 12:57:00,0.5042540600769575,2.6072613138409935
price,2010-06-15 13:46:00,0.4144162798039051,2.6071382987072775
dollar_volume,2010-04-07 13:44:00,0.21961476043322334,2.6068749598753564
gross_return,2010-10-20 14:15:00,0.27570669607104537,2.6062982744634517
price,2010-12-20 13:16:00,0.6184188855092945,2.605910804606513
dollar_volume,2010-11-02 16:00:00,0.1770397720323217,2.6056539331169613
price,2010-02-16 15:59:00,0.5737397643661861,2.605360579440396
price,2010-12-21 14:59:00,0.7320730160989396,2.6050564294298124
gross_return,2010-12-23 14:09:00,0.727803047356324,2.6045224924840773
dollar_volume,2010-07-21 12:38:00,0.19479384909335667,2.604411370341806
dollar_volume,2010-10-21 14:31:00,0.17557649031336997,2.60433991804844
dollar_volume,2010-12-31 13:26:00,0.2372467737009701,2.6043101243369597
price,2010-11-01 14:55:00,0.41505217808662587,2.6042959681922424
gross_return,2010-12-14 13:57:00,0.4561556637482802,2.604064779923896
price,2010-10-07 13:35:00,0.5186949389809595,2.6040058386749925
dollar_volume,2010-08-12 12:17:00,0.20162395898284163,2.6039951423506116
gross_return,2010-10-21 12:42:00,0.2828423207118263,2.60395037301516
price,2010-07-20 13:48:00,0.45154606674314024,2.603945150534774
price,2010-08-17 12:01:00,0.46245813367306443,2.6039388578388354
price,2010-10-21 14:25:00,0.5197772534421988,2.6038096493806284
dollar_volume,2010-07-22 11:51:00,0.21283623463772103,2.603803625831891
gross_return,2010-07-09 14:29:00,0.25431363911075733,2.6033828133491386
price,2010-05-25 15:51:00,0.35703036952003075,2.603319973240411
price,2010-12-27 11:50:00,0.7621496829671626,2.6032395855120054
gross_return,2010-09-17 14:00:00,0.3279451409886783,2.602926371647182
price,2010-02-08 13:40:00,0.49016611928107,2.6029128616527344
price,2010-12-29 14:31:00,0.7883950717548469,2.60282523039445
price,2010-10-18 14:37:00,0.4836007748433447,2.6025512007734752
price,2010-11-05 14:26:00,0.4708182538720897,2.602246314641173
price,2010-12-08 12:28:00,0.5951690107988415,2.6021192484009212
dollar_volume,2010-07-12 14:19:00,0.18692202307430184,2.601992121482203
dollar_volume,2010-03-10 15:32:00,0.19722783360061558,2.601713932574286
price,2010-09-20 10:47:00,0.4597520228168393,2.601508797371919
gross_return,2010-03-08 14:40:00,0.4159192311062646,2.6014494532285495
dollar_volume,2010-07-13 12:02:00,0.19426131086978554,2.6014011993568027
gross_return,2010-10-12 13:31:00,0.3452565731369285,2.6013265897113356
dollar_volume,2010-09-16 15:55:00,0.2000273134310252,2.601028640678834
price,2010-09-23 10:50:00,0.4948299161197696,2.600754682818393
price,2010-04-07 10:59:00,0.5525455840554134,2.600651147367756
dollar_volume,2010-07-13 11:52:00,0.19208818463922792,2.600551842643163
gross_return,2010-10-20 14:16:00,0.27570688922006037,2.6003724044747645
dollar_volume,2010-10-11 15:26:00,0.1723474486479885,2.6002304262483262
gross_return,2010-09-27 14:12:00,0.31749679221992194,2.6001516388293213
price,2010-10-21 14:19:00,0.5152902189085846,2.600143230175041
dollar_volume,2010-06-10 15:37:00,0.20252945335510664,2.6001112032045732
dollar_volume,2010-12-09 10:46:00,0.20104837368729164,2.599791825650557
gross_return,2010-10-11 13:16:00,0.31001682530860164,2.599592864811541
price,2010-12-21 15:00:00,0.7320730160989386,2.599577141672713
price,2010-07-26 10:29:00,0.47194878153958886,2.5994297334847447
price,2010-03-10 14:56:00,0.4888383519005811,2.5993285999398377
dollar_volume,2010-05-12 12:54:00,0.21660647339610323,2.599139707846878
price,2010-05-10 13:20:00,0.49353941147581576,2.5988906330033945
price,2010-01-19 15:45:00,0.6232851086120608,2.598888225717581
dollar_volume,2010-07-16 15:43:00,0.19006881126633646,2.598860268861884
price,2010-09-29 15:34:00,0.485496616036769,2.5984847314605193
gross_return,2010-02-22 14:44:00,0.3308814024406762,2.59828781320298
price,2010-06-15 14:01:00,0.4176030187562923,2.598175850955362
dollar_volume,2010-05-11 13:34:00,0.21659852365838755,2.5979791681890894
price,2010-08-06 15:02:00,0.5301181458363105,2.597969472991472
price,2010-08-26 14:45:00,0.5004997777888194,2.597926859467403
dollar_volume,2010-11-02 15:52:00,0.1751659462766721,2.5979140412847466
dollar_volume,2010-03-31 11:50:00,0.21996073674948857,2.5978189713124364
price,2010-10-20 12:41:00,0.5049151856519406,2.5978048434472547
price,2010-08-09 14:55:00,0.5518256992090865,2.597761222259171
price,2010-05-12 12:50:00,0.3761346339602882,2.5976022647914956
price,2010-07-20 14:06:00,0.4604719143644322,2.5974871876426207
price,2010-12-15 12:59:00,0.526581230702441,2.597394185307287
price,2010-03-08 12:57:00,0.4685869149364225,2.5973889342871495
gross_return,2010-02-12 12:47:00,0.32389714390360697,2.597216435661383
price,2010-03-05 15:06:00,0.4472198763050201,2.597163412695095
price,2010-12-21 14:29:00,0.6991801692849777,2.5971100467698207
price,2010-08-06 11:05:00,0.5201474299722859,2.596622638456398
gross_return,2010-06-18 13:03:00,0.25480088436413767,2.5965431975384687
price,2010-10-21 14:20:00,0.5155325662276271,2.5963451281868655
dollar_volume,2010-04-07 14:18:00,0.22249342643365733,2.5960715936870233
gross_return,2010-07-23 14:18:00,0.25436176917928593,2.595681352890922
price,2010-12-27 12:01:00,0.7722478585393232,2.5955366777388376
dollar_volume,2010-10-21 14:32:00,0.17547525605311345,2.595463886546227
gross_return,2010-08-20 13:05:00,0.29201926345406537,2.5953251386028846
price,2010-01-27 14:52:00,0.5821028372827738,2.5953064612275867
gross_return,2010-09-14 12:53:00,0.3075912200319968,2.595218327009177
dollar_volume,2010-05-11 13:49:00,0.21890935397855904,2.5951327036572556
price,2010-03-30 11:24:00,0.539367892094876,2.595089246908022
price,2010-12-27 11:59:00,0.7700311551501393,2.595068326096316
gross_return,2010-12-06 14:24:00,0.31814883347257794,2.5950186663096333
price,2010-04-28 14:28:00,0.5596419390553328,2.594920412567394
dollar_volume,2010-12-31 13:16:00,0.23304110030974187,2.5948993782162892
price,2010-07-26 14:49:00,0.49320538453875307,2.5947157361989466
gross_return,2010-11-24 15:00:00,0.31559778642013514,2.5943060350122127
price,2010-12-22 12:37:00,0.7874819209142965,2.5942552887711003
dollar_volume,2010-07-16 15:41:00,0.18943661349123772,2.5941166487115623
dollar_volume,2010-12-22 10:34:00,0.22919836728574938,2.593969074137408
gross_return,2010-11-18 14:13:00,0.304202203120014,2.593968693208137
price,2010-07-20 14:03:00,0.45832114952769404,2.5939557569792364
price,2010-12-17 13:28:00,0.6016941701912913,2.593666530144144
price,2010-09-29 15:49:00,0.49561539714570774,2.593565830034592
gross_return,2010-11-17 15:47:00,0.28773278593021673,2.5935570032947814
dollar_volume,2010-12-07 13:17:00,0.19228098734699453,2.593209581124258
price,2010-04-01 13:59:00,0.5373850823078444,2.593063238440789
gross_return,2010-10-20 14:17:00,0.2756231933188119,2.592888047022778
gross_return,2010-10-12 13:48:00,0.3509634987033547,2.5927915711237732
price,2010-10-18 15:17:00,0.495955447898395,2.5926181879006953
price,2010-01-14 13:57:00,0.6078536901343976,2.5925475518731056
gross_return,2010-04-01 13:27:00,0.2893673912655041,2.5924477372100925
price,2010-07-15 15:28:00,0.4562084960618352,2.592446522219117
price,2010-08-19 12:38:00,0.5062642913306381,2.5923491699557455
price,2010-05-28 15:27:00,0.4348525190906073,2.5923232041987094
price,2010-12-29 14:22:00,0.7768499660665471,2.5920117375715996
dollar_volume,2010-08-17 11:32:00,0.20993089899916131,2.591973748569953
dollar_volume,2010-04-20 11:55:00,0.20789948337541836,2.5917897102868177
price,2010-12-27 12:00:00,0.7704883985552222,2.5917858075133817
price,2010-12-27 11:56:00,0.7662880062806509,2.5917428805301665
dollar_volume,2010-04-07 13:55:00,0.22054667848978443,2.5916428705798715
price,2010-12-21 14:30:00,0.6991801692849773,2.591377689497257
price,2010-12-16 11:22:00,0.5372590152929884,2.591225142304302
gross_return,2010-12-23 14:01:00,0.7170295724862938,2.5911899332744803
price,2010-08-17 13:22:00,0.4655940115027649,2.5911670979258514
dollar_volume,2010-04-19 13:16:00,0.19666474555528715,2.5909078652730946
dollar_volume,2010-02-18 11:00:00,0.18979676287163255,2.590399622222885
gross_return,2010-10-12 13:30:00,0.34400099191159256,2.590271576595126
price,2010-02-12 12:44:00,0.5597572128002961,2.5902647524828684
gross_return,2010-12-06 14:25:00,0.31814883347257794,2.5902243341036177
gross_return,2010-10-06 12:02:00,0.24731309663060547,2.5899952238142165
dollar_volume,2010-02-22 14:37:00,0.20325855023017356,2.5898449083374784
price,2010-12-27 11:51:00,0.7607637866342514,2.5897287455506652
dollar_volume,2010-02-18 11:01:00,0.1899583029381116,2.58972024615726
gross_return,2010-09-17 12:06:00,0.3037970672416414,2.5895883985984454
dollar_volume,2010-11-03 12:53:00,0.17924120867381654,2.5891321743650213
dollar_volume,2010-05-11 13:50:00,0.2188046778732699,2.589112055814855
dollar_volume,2010-04-21 12:15:00,0.21280660371510007,2.5889785251077617
dollar_volume,2010-02-26 14:16:00,0.21786562835398324,2.588794641080298
dollar_volume,2010-12-07 13:22:00,0.1932194026641323,2.588768811364948
price,2010-11-19 13:12:00,0.4383177017958606,2.5881576730085114
price,2010-06-01 13:51:00,0.4494176091069426,2.588143366834853
dollar_volume,2010-12-07 13:59:00,0.1968349595259462,2.5881421025697997
dollar_volume,2010-04-20 15:52:00,0.2051792713185368,2.5880491516872244
gross_return,2010-03-04 13:16:00,0.30305460399123235,2.5879410116540487
price,2010-08-17 13:23:00,0.465855743864564,2.587863188691475
price,2010-05-25 15:47:00,0.35426545525874364,2.587853519758341
price,2010-08-09 14:52:00,0.54885470812485,2.587835464169841
dollar_volume,2010-02-22 14:26:00,0.20036607056066694,2.5877116289496427
gross_return,2010-09-08 12:36:00,0.34824808020175807,2.587575435515895
gross_return,2010-04-30 11:17:00,0.30044019539710975,2.5875534887371336
price,2010-12-21 14:32:00,0.7004640685911333,2.58740704266816
gross_return,2010-03-17 13:27:00,0.3771717943113174,2.587330014226853
price,2010-01-13 12:10:00,0.5872409019390277,2.587157516158037
gross_return,2010-04-01 13:29:00,0.2896973626096121,2.5866566975234706
gross_return,2010-04-01 13:28:00,0.2893673912655041,2.5866149513182415
price,2010-12-29 14:19:00,0.7730079988497031,2.586193864129604
dollar_volume,2010-04-20 15:53:00,0.2052967993251368,2.5857567948383537
dollar_volume,2010-11-12 15:25:00,0.19938510057382558,2.585676466353182
price,2010-08-09 14:56:00,0.550884246364266,2.5854875814960465
dollar_volume,2010-04-20 11:54:00,0.2073782503618442,2.5852981208063377
price,2010-05-13 15:49:00,0.3908986163903212,2.5850916547402245
price,2010-08-16 15:20:00,0.44583418622006504,2.5850091467800613
dollar_volume,2010-04-19 13:52:00,0.20389977247391539,2.5848895360950315
price,2010-12-15 12:58:00,0.5245402566890827,2.5847998530069805
gross_return,2010-11-18 10:50:00,0.2947598935860908,2.5845998696806314
price,2010-05-26 13:46:00,0.32782587394944057,2.5844933346660697
price,2010-04-01 14:24:00,0.5566815425139635,2.584413072931165
price,2010-12-27 11:52:00,0.7608200918857956,2.584249227073458
dollar_volume,2010-10-11 15:36:00,0.17388760848630713,2.5840961995497747
price,2010-02-18 14:58:00,0.576089621330407,2.583682772303059
dollar_volume,2010-11-02 15:51:00,0.17449671669299982,2.5836107791488994
gross_return,2010-05-18 11:00:00,0.23442455567005394,2.583544800138955
price,2010-04-13 12:45:00,0.5655223598845176,2.583356322871756
gross_return,2010-07-09 10:57:00,0.24830459481188122,2.5830316650894725
dollar_volume,2010-02-26 14:17:00,0.21786594076583096,2.5829620658629384
gross_return,2010-04-06 13:55:00,0.3512801429914855,2.5829154691444782
price,2010-08-23 15:45:00,0.5284254054601545,2.582895786485906
gross_return,2010-10-06 12:20:00,0.25069500486409385,2.582859749407932
dollar_volume,2010-01-28 12:25:00,0.19985942510757246,2.582841868087438
price,2010-12-21 14:17:00,0.6853549075069196,2.5828187403385914
dollar_volume,2010-08-26 14:43:00,0.19178449392528474,2.5825685512002092
price,2010-07-20 14:05:00,0.4583307206974603,2.5823563527069533
price,2010-07-20 14:04:00,0.4577356767777991,2.582337901686622
price,2010-11-19 14:24:00,0.4447417463208932,2.5822118446872677
gross_return,2010-01-15 14:51:00,0.3615389543690829,2.5822005886323938
gross_return,2010-01-15 14:49:00,0.3615393679569387,2.5818044998899166
dollar_volume,2010-07-21 11:05:00,0.1957705916002756,2.5815961323560614
gross_return,2010-12-06 13:57:00,0.29797381539610246,2.58152550912645
gross_return,2010-03-17 14:57:00,0.3936708615160806,2.5814252003313567
price,2010-10-12 14:30:00,0.5711092557263687,2.5813674715805943
dollar_volume,2010-09-16 11:03:00,0.1965174443129803,2.5812495874761696
price,2010-04-20 12:42:00,0.5793270408224608,2.581079257467225
price,2010-12-29 14:20:00,0.7730079988497012,2.5809802135454016
gross_return,2010-04-01 13:30:00,0.28969756369790434,2.580946154986611
gross_return,2010-03-08 14:42:00,0.4151078820642813,2.5807790909711796
dollar_volume,2010-04-28 11:36:00,0.19292271392671234,2.5807605428789504
price,2010-04-06 14:27:00,0.5216656214976206,2.5806783117945
gross_return,2010-02-12 12:48:00,0.3230983462685268,2.580479799130051
price,2010-12-21 14:18:00,0.6859090313752345,2.5804246080983306
gross_return,2010-11-18 10:49:00,0.294116653130035,2.5802876497320875
price,2010-02-08 13:41:00,0.4882563193672294,2.580224239857217
price,2010-02-23 10:30:00,0.5724784514484165,2.580032582336502
gross_return,2010-03-17 14:45:00,0.38811791146034025,2.579968885604854
price,2010-11-18 10:52:00,0.4357455890267782,2.579778817237256
price,2010-07-30 13:43:00,0.4724455711270026,2.5797380525822216
price,2010-10-28 10:48:00,0.5213565050170796,2.579711224415068
price,2010-09-03 12:59:00,0.5762191947966386,2.579687798657353
gross_return,2010-07-06 11:57:00,0.24052088408893793,2.5795475428453396
price,2010-12-16 11:23:00,0.5363102672174827,2.579464773803176
price,2010-07-26 14:37:00,0.4823014195357672,2.5794451355425614
gross_return,2010-10-21 11:04:00,0.28133317059026136,2.5794285430028845
dollar_volume,2010-11-02 11:25:00,0.1723771646153362,2.5793312012805227
price,2010-09-20 14:41:00,0.4655167967729341,2.579328673299581
gross_return,2010-06-21 15:47:00,0.2623194979427047,2.579051578495874
gross_return,2010-11-24 13:10:00,0.29893614121411316,2.578879198529317
price,2010-02-02 15:21:00,0.48462510607469517,2.57874238411517
dollar_volume,2010-07-21 11:07:00,0.19592135914379544,2.5785812335214997
gross_return,2010-11-30 14:08:00,0.29142466480866586,2.5785474056502986
dollar_volume,2010-04-01 13:40:00,0.22012452642233904,2.57822773497095
dollar_volume,2010-04-07 14:04:00,0.22067731817012734,2.578227175697281
dollar_volume,2010-08-13 13:13:00,0.19930984722368456,2.5782171919124024
dollar_volume,2010-03-10 15:02:00,0.18958573868140813,2.578203707847495
gross_return,2010-02-11 12:18:00,0.29762904807811297,2.577864089787469
price,2010-05-25 15:50:00,0.3545838973271464,2.577820691516472
price,2010-11-01 15:39:00,0.43609574957668407,2.577738474235015
dollar_volume,2010-11-02 15:53:00,0.17464964489922852,2.577613535911044
dollar_volume,2010-07-21 11:06:00,0.19575268021619685,2.5776076349543473
price,2010-12-29 14:17:00,0.7697389307969068,2.577585566300262
dollar_volume,2010-09-01 11:29:00,0.20408042990232106,2.5773722848267817
dollar_volume,2010-04-20 14:04:00,0.20710716048150826,2.5773570308874865
dollar_volume,2010-03-08 11:05:00,0.2119011326145878,2.5770472452763533
dollar_volume,2010-06-10 15:38:00,0.20175002943098735,2.576946133000234
price,2010-03-11 12:27:00,0.4965673959023609,2.5769372157742843
dollar_volume,2010-08-26 14:44:00,0.19178265366046818,2.5768334167171156
gross_return,2010-11-24 14:47:00,0.3107011649142596,2.5767323699711313
gross_return,2010-11-24 14:29:00,0.3036165101264898,2.5766893586039337
price,2010-03-10 14:41:00,0.47308510259315595,2.5765069593672263
dollar_volume,2010-02-22 13:45:00,0.19455316563320607,2.576018633829645
dollar_volume,2010-05-07 15:52:00,0.19676518323462988,2.5756331624431814
gross_return,2010-06-30 14:09:00,0.2662945038366057,2.5755976940086462
gross_return,2010-06-07 13:06:00,0.24243820719439682,2.5755794839975605
dollar_volume,2010-10-06 14:44:00,0.18004106818530113,2.575577185252001
gross_return,2010-11-05 14:15:00,0.35795279019660414,2.575422359415578
dollar_volume,2010-08-04 12:37:00,0.20634819917339975,2.5751748031117554
gross_return,2010-06-21 15:46:00,0.26181196982006005,2.575168363072319
price,2010-04-22 13:17:00,0.5245366578221213,2.574798352227589
gross_return,2010-03-02 11:08:00,0.3048534883912044,2.574650662935467
dollar_volume,2010-08-26 13:23:00,0.18869640137204882,2.5745318611026393
dollar_volume,2010-07-16 13:50:00,0.18492313080562914,2.574383680723832
price,2010-09-29 15:50:00,0.49417705623284486,2.574273591744641
price,2010-04-13 12:42:00,0.5624594680996817,2.5741684987152924
gross_return,2010-05-05 14:56:00,0.2604559756276328,2.573919833790616
dollar_volume,2010-01-07 15:50:00,0.21769471296897153,2.5738598472232708
price,2010-06-15 13:49:00,0.41145279734943724,2.5736460885731627
gross_return,2010-08-02 12:21:00,0.28536442384986666,2.5734892838538688
price,2010-03-10 12:11:00,0.46605000703720684,2.5734298675067917
gross_return,2010-06-18 11:22:00,0.2515087941015413,2.573176892920574
price,2010-05-11 13:50:00,0.3770314341948878,2.573112766434526
gross_return,2010-07-02 12:42:00,0.23327824480217652,2.572962453935234
dollar_volume,2010-08-16 11:11:00,0.19745504090261765,2.572928428521608
price,2010-11-02 13:17:00,0.43178282382244515,2.572756323197586
dollar_volume,2010-08-05 12:15:00,0.1990268390909567,2.5726179602001373
dollar_volume,2010-04-28 12:16:00,0.19498396231699255,2.5725955837643837
dollar_volume,2010-06-10 14:17:00,0.19439155432858363,2.5725642876300587
price,2010-07-30 13:33:00,0.4666861875343332,2.572413606416115
gross_return,2010-12-07 11:10:00,0.3244766443347206,2.572386321448632
dollar_volume,2010-04-28 12:17:00,0.19517929712327053,2.5722073953142486
price,2010-09-23 14:51:00,0.49758375951686773,2.5720947519997046
price,2010-04-30 12:55:00,0.5597357891483685,2.571712209325554
price,2010-08-06 10:58:00,0.5137670179111856,2.571520976720271
dollar_volume,2010-04-08 12:18:00,0.22554615609613235,2.571508769719734
gross_return,2010-09-24 11:33:00,0.32332471864173945,2.571410960940083
gross_return,2010-03-17 13:14:00,0.36980350027467096,2.5711407612711756
dollar_volume,2010-09-16 15:50:00,0.19804642827217195,2.5710698327425714
gross_return,2010-03-02 13:40:00,0.30819294429584515,2.570789718657638
price,2010-04-06 14:44:00,0.5335165971165172,2.570676144906395
price,2010-04-13 12:56:00,0.5704062892481229,2.570537380625466
gross_return,2010-02-12 12:32:00,0.31493212088956946,2.570405637166251
dollar_volume,2010-03-08 11:03:00,0.21125399384996363,2.570382404359924
price,2010-10-19 14:29:00,0.5091457839247919,2.570209064333299
gross_return,2010-12-29 13:37:00,0.8810929210979782,2.5698402246111733
price,2010-03-11 15:52:00,0.5317463992565866,2.569838490033336
dollar_volume,2010-12-09 15:49:00,0.20241320867201557,2.5697717407110634
price,2010-04-01 14:11:00,0.5432954354816093,2.569578043536726
gross_return,2010-12-06 13:59:00,0.29797499363083596,2.5693866695296532
dollar_volume,2010-06-10 13:35:00,0.18787469272117943,2.5692471653457627
price,2010-07-30 13:39:00,0.4690830560167985,2.5690481649121923
dollar_volume,2010-03-08 11:04:00,0.2113763584665596,2.5689855157233406
gross_return,2010-12-01 12:33:00,0.2820013413253565,2.5688123654799373
price,2010-10-05 11:47:00,0.5238649780016118,2.5686722442225896
dollar_volume,2010-04-06 14:08:00,0.21898766754473298,2.5686701095224396
price,2010-02-08 13:42:00,0.48753144163651696,2.5686519887614434
gross_return,2010-09-13 12:34:00,0.2930751938480861,2.568497732570085
gross_return,2010-06-30 11:17:00,0.2655077197572445,2.568092161221538
dollar_volume,2010-01-13 13:08:00,0.20091315866400836,2.567837037897879
gross_return,2010-05-26 10:55:00,0.200123759806787,2.567744254028374
dollar_volume,2010-03-02 14:40:00,0.21393809552902052,2.567529608061459
price,2010-12-21 15:18:00,0.7535190612983224,2.5674514131027095
price,2010-07-13 11:55:00,0.43450618819801207,2.5673642693576446
price,2010-08-23 15:39:00,0.5250321797966058,2.56692135056637
price,2010-03-16 11:45:00,0.5551026881976069,2.566864588825178
gross_return,2010-02-12 12:49:00,0.32250499414169237,2.566599270423187
gross_return,2010-10-11 13:21:00,0.3094700788428635,2.566416615523899
price,2010-02-08 13:43:00,0.4877738471187655,2.5661264866626663
gross_return,2010-06-21 15:48:00,0.26191070120361426,2.5661162569427782
gross_return,2010-06-18 11:18:00,0.25025897807858977,2.5658810890010835
price,2010-11-22 13:18:00,0.5066137915334299,2.5658096932354635
price,2010-11-10 13:26:00,0.48252697037429404,2.5655770549954484
price,2010-07-01 14:55:00,0.36174431384801886,2.5655495150268797
price,2010-10-07 13:41:00,0.5161188090913801,2.565375495049695
price,2010-04-01 13:58:00,0.5332006704609932,2.565166316541965
price,2010-09-27 14:14:00,0.5120749215604042,2.56503289274793
price,2010-02-25 14:00:00,0.5551546874270837,2.5648213057853626
gross_return,2010-11-26 12:23:00,0.31892201703144224,2.564759189401691
dollar_volume,2010-08-26 15:46:00,0.19193532998184892,2.564668833718775
dollar_volume,2010-03-10 15:18:00,0.1946300651712039,2.5646622412136466
price,2010-11-29 15:03:00,0.5676795011953822,2.5645355940938965
gross_return,2010-06-08 13:45:00,0.2365780221800178,2.5645034430516915
dollar_volume,2010-08-09 12:06:00,0.19469684599917708,2.564358750014549
dollar_volume,2010-10-27 12:48:00,0.1824343924215076,2.5642896874076744
gross_return,2010-12-29 13:38:00,0.881093344564489,2.56415967022217
price,2010-06-30 15:44:00,0.3485438577502475,2.5640679473092316
price,2010-07-14 13:11:00,0.4469702789100817,2.564062669604955
dollar_volume,2010-08-25 15:55:00,0.18478915384209593,2.563901985804695
gross_return,2010-02-18 13:25:00,0.32242787127453376,2.563870510484998
price,2010-08-09 14:54:00,0.5469411183988522,2.5637984371706612
gross_return,2010-08-10 13:15:00,0.2649144537978442,2.563552440342846
price,2010-08-10 14:33:00,0.505069293241249,2.563045190998469
gross_return,2010-03-08 14:32:00,0.40854412107843313,2.5630280954587454
price,2010-12-08 12:32:00,0.5924739408207887,2.5629707691924732
price,2010-09-02 13:04:00,0.5857751854519884,2.562961933645446
price,2010-10-20 12:29:00,0.49230498640557663,2.5629474455808725
dollar_volume,2010-07-28 11:57:00,0.2074169446148749,2.5628468240208058
gross_return,2010-12-06 14:27:00,0.31688628410726977,2.5622661845846166
price,2010-11-01 15:15:00,0.4228828314924926,2.5621397938702386
gross_return,2010-05-27 14:56:00,0.1961242618414959,2.5621264486491
gross_return,2010-03-02 11:07:00,0.30379879745089566,2.561923785648485
dollar_volume,2010-03-24 15:38:00,0.20589311724141396,2.561706597137178
gross_return,2010-03-05 14:07:00,0.382000146310459,2.5616911348521776
price,2010-02-08 13:39:00,0.48524722003573145,2.561646616462536
gross_return,2010-02-11 12:21:00,0.2974131279924942,2.561637079433458
price,2010-02-22 15:55:00,0.5654416731525571,2.5615942742331588
gross_return,2010-06-30 11:19:00,0.265742490382756,2.561572614867829
gross_return,2010-04-23 12:18:00,0.29605044404217506,2.561544088397759
price,2010-12-15 12:03:00,0.5153740719158408,2.5614359821037076
price,2010-12-15 13:14:00,0.5349432350919092,2.561042672429598
price,2010-11-02 13:38:00,0.4420967240938012,2.5608788090030985
gross_return,2010-06-08 13:46:00,0.23661449049417754,2.560341631699249
gross_return,2010-06-21 15:45:00,0.2606927428165769,2.5597937133541433
price,2010-03-08 11:59:00,0.45656851127342524,2.5594202783395272
gross_return,2010-10-06 12:09:00,0.24720001091992633,2.55939421871406
price,2010-08-16 15:08:00,0.43650379435302805,2.5593030158614756
price,2010-11-05 11:59:00,0.4493885885583331,2.5591921292764295
dollar_volume,2010-07-23 14:11:00,0.21676052457739564,2.559191058045843
price,2010-02-19 11:40:00,0.5854484073456697,2.558988236915764
dollar_volume,2010-09-02 11:47:00,0.20927695811829358,2.558975795810958
price,2010-04-30 15:07:00,0.5521260965360211,2.5589408754514564
gross_return,2010-12-29 12:30:00,0.8673957738551727,2.558917683913054
price,2010-02-24 11:18:00,0.5484184255371473,2.558901216801969
price,2010-02-02 12:35:00,0.45910577744524605,2.558726074754434
price,2010-05-26 13:55:00,0.32838838939368736,2.558629016410486
gross_return,2010-09-14 12:50:00,0.3044202442100157,2.5583315625011553
dollar_volume,2010-02-18 12:36:00,0.1930857523790292,2.558327708314901
price,2010-04-01 14:07:00,0.5387483271543672,2.5582597011442956
gross_return,2010-12-29 12:32:00,0.8691165216498231,2.5581126955696614
price,2010-07-22 10:45:00,0.4942400526153429,2.5578934699898133
gross_return,2010-11-18 14:14:00,0.3021272602669244,2.5577884491438025
price,2010-11-03 11:37:00,0.4555755167676668,2.5577839366469486
price,2010-09-29 15:18:00,0.47286608887359394,2.5575456922454833
price,2010-05-13 15:48:00,0.38800157373057476,2.5575084175339406
price,2010-08-26 14:30:00,0.49284272145791846,2.5575026490004085
price,2010-05-13 15:37:00,0.38505330602425075,2.557228757973289
gross_return,2010-03-08 14:27:00,0.4055831466938539,2.5572033570443575
price,2010-07-30 13:40:00,0.4683945073994513,2.5569511931763897
gross_return,2010-08-27 11:29:00,0.2921186841079975,2.556933927082196
price,2010-07-21 14:49:00,0.47658427670414205,2.556838359423725
gross_return,2010-08-27 11:26:00,0.29116958883917643,2.55676977361659
price,2010-02-05 14:06:00,0.4578177644143224,2.556635674016841
price,2010-04-28 14:29:00,0.5554742467020519,2.556601496844647
price,2010-09-20 14:30:00,0.4577258130297809,2.5565536544542646
price,2010-12-20 13:31:00,0.6220134423829181,2.5563268529355136
price,2010-07-14 14:09:00,0.4697967200434787,2.5561778943729956
dollar_volume,2010-10-12 15:14:00,0.18698885574890545,2.556030413516905
dollar_volume,2010-07-16 15:31:00,0.18573031389786895,2.555981089772832
dollar_volume,2010-03-10 15:04:00,0.18914803956619666,2.555980265816856
dollar_volume,2010-11-12 15:23:00,0.1978384748006425,2.5557467312219972
dollar_volume,2010-04-08 12:28:00,0.22649843279576073,2.5556347517716187
price,2010-05-27 14:48:00,0.36523948076997864,2.5553527903662867
gross_return,2010-02-12 12:50:00,0.32209439584074806,2.55531838751478
gross_return,2010-10-12 13:49:00,0.34853691212968174,2.5553117037445197
price,2010-04-23 15:05:00,0.5460087519838602,2.55520990012481
dollar_volume,2010-07-16 15:45:00,0.18884794171033215,2.555148022189891
dollar_volume,2010-03-17 10:50:00,0.19499916854562738,2.5551248938862945
price,2010-07-20 14:19:00,0.4647790192977545,2.5551237538796086
dollar_volume,2010-09-28 13:36:00,0.23802573174567968,2.5549200700449295
gross_return,2010-09-17 12:07:00,0.3020051400036167,2.5548682990073734
dollar_volume,2010-03-26 14:09:00,0.21119892985436886,2.554831497778543
dollar_volume,2010-03-31 10:46:00,0.21305679512527326,2.554772861532845
price,2010-07-14 14:08:00,0.4690107646277284,2.5545498929174464
gross_return,2010-11-18 14:34:00,0.30720238158376684,2.554140268500875
gross_return,2010-02-12 12:31:00,0.3133598356397655,2.5538947824810805
dollar_volume,2010-07-23 14:12:00,0.21674661669293202,2.553822353105082
price,2010-02-05 13:54:00,0.45148102892974,2.553757734800502
gross_return,2010-03-17 12:58:00,0.36382848841744797,2.5537560824852448
gross_return,2010-11-26 12:25:00,0.31892223813285775,2.553734316268708
gross_return,2010-11-24 14:26:00,0.3010839892777085,2.553567717814819
gross_return,2010-04-07 13:08:00,0.3737941385444794,2.5531513334404465
dollar_volume,2010-05-11 13:17:00,0.21074552001100044,2.5531184681874026
gross_return,2010-11-18 14:15:00,0.30212726026692427,2.5530450726476825
gross_return,2010-05-26 10:56:00,0.1997457514709492,2.552815645098618
price,2010-12-27 11:58:00,0.7612325052549611,2.5523547848415644
price,2010-10-19 14:28:00,0.5064074333129505,2.5523328541963104
price,2010-11-18 10:55:00,0.4347654450242507,2.5523092646548493
price,2010-04-07 10:58:00,0.546006010144394,2.5522871354908068
gross_return,2010-09-08 12:35:00,0.34509726287867815,2.5522330926121923
gross_return,2010-12-29 13:39:00,0.8798950517389669,2.5522071016767707
dollar_volume,2010-05-27 11:36:00,0.16958196821484345,2.5520930191951323
gross_return,2010-11-19 13:42:00,0.31584809935850194,2.552057094685958
dollar_volume,2010-08-17 11:33:00,0.20830365369660483,2.551940075312999
gross_return,2010-09-01 11:00:00,0.2805163951404749,2.551824859728841
price,2010-08-10 14:37:00,0.5055902608539573,2.55167692001305
dollar_volume,2010-04-19 13:15:00,0.1948759520976035,2.551585592804466
dollar_volume,2010-01-07 15:34:00,0.21267549523669338,2.5513487552688496
gross_return,2010-10-12 13:35:00,0.34316448207206224,2.551234481353616
price,2010-07-20 14:01:00,0.4528260414267717,2.5510322490968504
dollar_volume,2010-01-19 14:24:00,0.19496718836847218,2.551019643122105
dollar_volume,2010-01-27 15:26:00,0.19391549449285606,2.550997330156423
gross_return,2010-12-06 14:05:00,0.2992987762750615,2.5508933405306546
price,2010-12-30 15:47:00,0.7488347766942087,2.5508510041787833
dollar_volume,2010-11-05 14:06:00,0.1876034884720531,2.5507755710605515
dollar_volume,2010-01-22 15:49:00,0.18590798405684805,2.550722916218159
price,2010-03-19 15:35:00,0.5183428129415645,2.550553881728185
dollar_volume,2010-07-16 13:52:00,0.18420375372760214,2.5504002363325613
dollar_volume,2010-07-21 12:37:00,0.19236737552299224,2.550354653832715
dollar_volume,2010-03-31 11:54:00,0.21871590830679127,2.5503143459772053
gross_return,2010-06-18 11:11:00,0.24742369722792634,2.550278091459568
dollar_volume,2010-03-26 14:27:00,0.21377620128855704,2.5501513553779516
dollar_volume,2010-05-03 15:03:00,0.20967447045207932,2.550092944436474
price,2010-05-10 13:19:00,0.4870131248586566,2.550073800236041
gross_return,2010-04-05 13:58:00,0.3087937757033923,2.550060148320467
dollar_volume,2010-11-16 13:29:00,0.20196708966957067,2.549969208199468
dollar_volume,2010-11-12 15:24:00,0.1978157132107209,2.5497206407470188
gross_return,2010-10-12 13:50:00,0.3485369121296815,2.5496854544761747
price,2010-04-06 14:39:00,0.5278247739350964,2.5494629004164078
gross_return,2010-12-06 14:29:00,0.3166016174350292,2.549441106193819
dollar_volume,2010-06-10 14:16:00,0.19326864116749812,2.5493369489794095
price,2010-12-08 12:14:00,0.5777066435759511,2.5493047834632145
dollar_volume,2010-03-16 14:43:00,0.19066125383315574,2.549209488983211
price,2010-05-27 14:50:00,0.365646160253881,2.549111968060047
price,2010-02-02 15:25:00,0.48306485427492707,2.5489658293977673
dollar_volume,2010-10-11 15:31:00,0.17152985180750277,2.548816228372257
dollar_volume,2010-08-05 15:16:00,0.2044679007921772,2.5486332553643734
gross_return,2010-11-18 14:35:00,0.30720273109247603,2.5485083855514175
dollar_volume,2010-02-11 13:52:00,0.19452128135693736,2.5484422311889303
gross_return,2010-07-23 14:23:00,0.25395025556988343,2.54839094662353
dollar_volume,2010-07-08 14:25:00,0.1847761807377026,2.548105071735719
gross_return,2010-11-24 14:27:00,0.3010839892777086,2.5479765914114765
price,2010-01-14 13:38:00,0.581856481290623,2.547802199841161
gross_return,2010-12-14 14:20:00,0.46620913232939687,2.5477719531230734
price,2010-10-18 14:34:00,0.4756760719227071,2.547750701091818
dollar_volume,2010-03-05 15:54:00,0.21109506029091263,2.547626028585785
dollar_volume,2010-09-02 10:30:00,0.20547363575575742,2.5476239758961072
price,2010-08-09 14:53:00,0.5443263357801197,2.547416947365996
gross_return,2010-06-21 15:30:00,0.25622728127599015,2.547140353502774
dollar_volume,2010-10-11 15:25:00,0.17039686245369656,2.5470090845621747
dollar_volume,2010-10-21 14:51:00,0.17620149654254336,2.546956723235371
dollar_volume,2010-08-31 14:09:00,0.20558984611162423,2.5465490403255213
gross_return,2010-03-16 13:37:00,0.38155696941815265,2.5465396629969694
price,2010-10-07 13:04:00,0.5052366227924068,2.546247242455521
price,2010-09-27 14:25:00,0.5150917850964013,2.5460573497077017
dollar_volume,2010-05-11 13:53:00,0.21718311636773846,2.5460396979997273
price,2010-02-12 12:45:00,0.5546918207184827,2.546019171641951
dollar_volume,2010-07-13 10:33:00,0.1887792915412893,2.545950581990114
dollar_volume,2010-06-15 12:40:00,0.20665814025765616,2.5459152340457494
dollar_volume,2010-10-12 14:36:00,0.1838424914993104,2.5456620079942964
gross_return,2010-10-12 13:36:00,0.343164720426777,2.545656081906814
dollar_volume,2010-11-05 13:50:00,0.18477677695306,2.545575525102341
gross_return,2010-12-03 13:48:00,0.3038608559548039,2.545458009821558
gross_return,2010-12-06 14:06:00,0.2992987762750615,2.5453058629028424
dollar_volume,2010-11-05 14:07:00,0.18760467888123844,2.5452914795383683
price,2010-01-29 13:54:00,0.4614774338961711,2.545200500882377
gross_return,2010-06-11 15:44:00,0.24187770435618308,2.5450820802178855
gross_return,2010-07-02 12:45:00,0.23265349567590185,2.5447621643874436
dollar_volume,2010-02-22 15:02:00,0.20573782822376957,2.544742672138846
price,2010-10-21 14:24:00,0.5120672356733472,2.5447356050607293
dollar_volume,2010-03-26 14:28:00,0.21378379037923556,2.5447040169027604
gross_return,2010-04-05 13:59:00,0.30879356663353547,2.544410852382349
gross_return,2010-08-04 15:43:00,0.2921266544697483,2.544329630820629
price,2010-04-01 13:57:00,0.5298241262576803,2.5435858615923466
gross_return,2010-02-12 13:08:00,0.327916979083433,2.543582098066328
dollar_volume,2010-10-12 15:15:00,0.18662567867406618,2.54354010323072
dollar_volume,2010-11-16 13:33:00,0.20237722433034455,2.543414594442677
dollar_volume,2010-04-01 13:38:00,0.21808802100649388,2.5433078135798453
gross_return,2010-06-18 11:25:00,0.250813683051631,2.543206766523572
gross_return,2010-12-14 14:21:00,0.46620913232939687,2.5430235996784973
dollar_volume,2010-05-11 13:51:00,0.21687553597146247,2.5429659203038524
gross_return,2010-08-02 12:23:00,0.28413038795864215,2.5425886615186553
gross_return,2010-03-31 12:30:00,0.29807746923553274,2.542414211195522
gross_return,2010-05-27 13:02:00,0.19508227457875613,2.5423144835732234
gross_return,2010-09-13 12:32:00,0.29100776856773747,2.54218114315002
dollar_volume,2010-05-25 12:06:00,0.17715039525279483,2.541830307940577
price,2010-07-30 13:44:00,0.46900153675373174,2.541815254189488
dollar_volume,2010-01-28 12:24:00,0.1981041806638963,2.5417632321374746
gross_return,2010-05-18 14:00:00,0.23495027493852544,2.541438229098765
dollar_volume,2010-06-01 13:10:00,0.20039257227240542,2.5414219583119837
price,2010-10-21 14:21:00,0.509687056096729,2.541235743969959
gross_return,2010-11-17 13:41:00,0.2713448301073823,2.540724307347176
dollar_volume,2010-11-03 12:50:00,0.17692923332212465,2.5406774281821676
gross_return,2010-05-28 15:09:00,0.22702696125733124,2.5405736895933937
gross_return,2010-12-29 13:40:00,0.8787264555797516,2.540485304737533
price,2010-10-21 14:12:00,0.5032311992004118,2.540471021479633
gross_return,2010-02-18 13:21:00,0.31944846625446605,2.540368658301504
dollar_volume,2010-11-22 12:16:00,0.20120403499508116,2.540315208079702
price,2010-07-23 13:51:00,0.46492559668938727,2.5400439772059658
gross_return,2010-02-12 12:51:00,0.32136006180153376,2.5397552843364375
price,2010-07-07 14:06:00,0.43042181223391884,2.5397068773286113
dollar_volume,2010-05-11 13:52:00,0.21681139761546028,2.539520467364892
dollar_volume,2010-11-03 14:26:00,0.182122582972072,2.539462041698024
price,2010-07-21 14:37:00,0.46910556031859285,2.5394413060787877
price,2010-08-09 15:05:00,0.5501625390476257,2.5390636550475505
price,2010-02-05 15:11:00,0.45937786132471004,2.5389612693410313
dollar_volume,2010-10-27 12:43:00,0.18061732245790016,2.5389529907638986
price,2010-04-22 13:48:00,0.5469147230907729,2.5389459144882194
gross_return,2010-02-12 13:09:00,0.3279159077090591,2.538838582991665
gross_return,2010-04-05 14:00:00,0.30879356663353547,2.5387969931524093
price,2010-07-13 11:43:00,0.42207337138257706,2.538548714556477
dollar_volume,2010-10-12 14:26:00,0.18176521262640175,2.5385100977750397
gross_return,2010-04-28 14:31:00,0.3138576903552813,2.5384980218058946
dollar_volume,2010-05-03 15:02:00,0.20897162972515013,2.5384945287614555
price,2010-10-28 10:49:00,0.5170403334835304,2.5381782583548547
price,2010-10-21 14:22:00,0.5099629321853748,2.538036938650733
gross_return,2010-10-12 13:34:00,0.3417168657469928,2.5375248536066772
price,2010-11-15 14:42:00,0.4463850430450299,2.537247517608005
price,2010-05-10 13:17:00,0.4841477074656032,2.537201370767426
dollar_volume,2010-12-22 14:50:00,0.2239417432747892,2.536467200356371
dollar_volume,2010-06-23 15:24:00,0.20496049552846002,2.5361794976205423
gross_return,2010-12-29 13:36:00,0.8737069928544818,2.536152059488474
gross_return,2010-12-06 14:30:00,0.316009679123458,2.536010344055176
gross_return,2010-03-01 14:14:00,0.28696042825632745,2.5359122798019262
dollar_volume,2010-12-07 11:36:00,0.18818213833424613,2.535656820480611
price,2010-03-23 15:46:00,0.5612700740484361,2.5355630073460595
gross_return,2010-12-03 13:49:00,0.30351531481016936,2.5354922198409158
price,2010-08-16 15:09:00,0.43475342121480093,2.5354720143575142
gross_return,2010-07-23 14:17:00,0.2510358170046477,2.5354327856741135
gross_return,2010-06-18 11:16:00,0.24811313906215177,2.5353118357311093
dollar_volume,2010-03-29 14:25:00,0.21514527935374053,2.535257886699962
gross_return,2010-02-18 13:26:00,0.3208346005665665,2.5352551971361037
dollar_volume,2010-03-10 14:58:00,0.18741751985463828,2.5351524746949066
dollar_volume,2010-08-25 15:52:00,0.18321982961185412,2.535028809666423
price,2010-09-23 14:56:00,0.4965826409636349,2.5350040535801948
gross_return,2010-12-29 13:41:00,0.8787264555797516,2.53500285225203
price,2010-08-16 15:21:00,0.4414908278409266,2.5349530779330194
price,2010-07-20 14:10:00,0.45643851226288806,2.53488852764615
gross_return,2010-09-08 12:33:00,0.3429345162350914,2.5347594715431785
price,2010-11-22 12:32:00,0.4495970610611735,2.5347018889003263
gross_return,2010-12-29 13:34:00,0.87134120685406,2.534613153086468
price,2010-07-26 14:50:00,0.48704692994612686,2.5343840539793976
dollar_volume,2010-04-01 13:39:00,0.21793826784612055,2.5343528558631414
dollar_volume,2010-03-10 12:54:00,0.19351346397677774,2.5343482905048913
gross_return,2010-10-12 13:56:00,0.3499189693898373,2.534251180393186
gross_return,2010-10-06 12:18:00,0.24776280963899971,2.5340532886811626
price,2010-10-18 15:24:00,0.4925921433101723,2.534006496387132
gross_return,2010-07-07 13:20:00,0.24091548244581035,2.533963229529526
gross_return,2010-10-07 14:23:00,0.27987483387808765,2.5339043658529934
dollar_volume,2010-06-23 12:18:00,0.20239194110540332,2.533843565700267
dollar_volume,2010-03-29 14:08:00,0.21237725939465882,2.53353522275815
dollar_volume,2010-06-10 13:45:00,0.19059026475349342,2.5334498112495027
price,2010-02-11 11:40:00,0.4857662605916739,2.533408971127881
price,2010-06-14 13:26:00,0.40144608416168615,2.533407972481573
price,2010-10-28 10:43:00,0.5125786514624193,2.533386192807162
dollar_volume,2010-01-28 12:53:00,0.20369572200569977,2.5333785350424782
price,2010-11-01 15:22:00,0.4244555463722311,2.533173240264439
price,2010-05-18 11:59:00,0.4229046587457838,2.533108018360171
gross_return,2010-07-07 13:19:00,0.24075662809079773,2.5329328235157718
price,2010-12-16 11:20:00,0.5293812337634654,2.5329044164890333
dollar_volume,2010-05-11 13:20:00,0.2106377729266603,2.532853341657975
price,2010-09-23 15:05:00,0.5029129425080975,2.5327726196149216
gross_return,2010-12-29 12:29:00,0.861550083911906,2.5327289615468453
price,2010-11-04 15:47:00,0.4469118839444809,2.532687471973436
gross_return,2010-12-29 12:31:00,0.8633086650982902,2.5320953561513297
gross_return,2010-03-17 14:46:00,0.3843821475234513,2.531546244880259
price,2010-02-18 14:45:00,0.5553726827245444,2.5315316601138096
price,2010-07-01 14:49:00,0.3569299150740133,2.5312826584388963
gross_return,2010-07-07 13:18:00,0.24055865414118138,2.531279558175127
price,2010-08-06 15:04:00,0.5235340821617398,2.5312384372955297
dollar_volume,2010-04-12 13:49:00,0.2187431777253379,2.531129585012098
gross_return,2010-04-05 11:44:00,0.28894492659529647,2.531098262531747
price,2010-12-15 12:57:00,0.5177028033843438,2.5310954470103906
price,2010-05-24 12:48:00,0.38067563161225626,2.5309901640000714
price,2010-07-21 14:48:00,0.47321316503116984,2.5309021609388656
price,2010-08-19 12:41:00,0.5005612175342105,2.5307306771143856
dollar_volume,2010-08-26 13:38:00,0.18829038052157654,2.530690880260552
price,2010-12-08 12:27:00,0.5838015348552896,2.5305766080314
gross_return,2010-09-14 13:06:00,0.3055837315096836,2.5305762306447974
price,2010-04-22 13:41:00,0.5406421111242874,2.5305550802016588
gross_return,2010-12-03 13:50:00,0.30351531481016963,2.53053141610257
gross_return,2010-07-13 12:57:00,0.2780633993545513,2.5304510261749114
gross_return,2010-09-14 12:51:00,0.3030974337283,2.5304490496201915
gross_return,2010-03-08 14:21:00,0.40017990372806916,2.5303281853784276
price,2010-07-09 15:30:00,0.4352089838824767,2.530325315127553
price,2010-07-21 14:46:00,0.47202864062702954,2.5302839501100967
gross_return,2010-11-19 13:06:00,0.3064494446814137,2.5302482988129964
gross_return,2010-03-01 14:13:00,0.28637921265542815,2.530240726844481
gross_return,2010-10-07 14:24:00,0.2798751344988123,2.5301090133844837
gross_return,2010-02-18 13:27:00,0.3208346005665665,2.530099939907183
price,2010-10-20 12:21:00,0.48256280341203583,2.530069167358994
dollar_volume,2010-05-11 13:54:00,0.2164727634662323,2.529973960575305
gross_return,2010-04-05 13:33:00,0.30307605546934885,2.52989918081331
gross_return,2010-11-19 13:20:00,0.31222332872029623,2.5297514735417894
price,2010-05-04 10:52:00,0.5917325396871109,2.5297032069565133
gross_return,2010-09-08 12:34:00,0.3429345162350914,2.529488347698206
gross_return,2010-12-29 13:42:00,0.8787264555797516,2.529465163379482
dollar_volume,2010-04-28 14:15:00,0.20050290442387542,2.529292089976573
price,2010-07-07 14:03:00,0.42778138834301044,2.529278241929402
gross_return,2010-12-29 13:35:00,0.8713424982381074,2.5291108610846673
dollar_volume,2010-09-01 15:14:00,0.20308519882407966,2.529059480314756
dollar_volume,2010-02-22 15:00:00,0.2046024687838872,2.5289684845421947
gross_return,2010-12-31 12:27:00,0.9349517111062939,2.528859238184803
price,2010-03-16 11:46:00,0.5511047400942486,2.5287550847248292
price,2010-07-01 12:45:00,0.3501183132956987,2.528520524904534
price,2010-05-18 12:04:00,0.42492892686108896,2.52838698642828
price,2010-08-16 15:22:00,0.44135782479419294,2.5282984524931287
price,2010-10-21 14:00:00,0.49252339949441126,2.528294701392001
dollar_volume,2010-06-09 11:37:00,0.17498426824568442,2.5282027937314715
price,2010-12-29 14:32:00,0.7760270455486453,2.5277231000390388
dollar_volume,2010-09-09 13:06:00,0.19571487858040582,2.5276836873562942
dollar_volume,2010-04-20 14:36:00,0.20692934927602463,2.5275295772716233
dollar_volume,2010-02-18 11:07:00,0.1890923838672227,2.5273914574154084
dollar_volume,2010-12-15 12:11:00,0.21881591144173798,2.5273055657694323
gross_return,2010-10-12 13:33:00,0.340529582014778,2.5271907487409564
gross_return,2010-09-13 12:35:00,0.2910185070504441,2.5271185181044094
gross_return,2010-09-02 11:44:00,0.33353891238603445,2.5270439309466757
price,2010-04-13 12:41:00,0.5561654352240281,2.5270342044306244
price,2010-04-07 11:11:00,0.5539859516248646,2.5268925337929162
gross_return,2010-11-26 12:18:00,0.31391796935397515,2.5267164859591738
price,2010-12-01 12:42:00,0.651096705838989,2.52655927002229
gross_return,2010-03-08 14:34:00,0.40608594430326767,2.5264739382728862
dollar_volume,2010-09-16 15:42:00,0.1945712573019021,2.526045719289126
dollar_volume,2010-11-19 13:38:00,0.20311797434548104,2.5259010940487974
price,2010-01-13 11:45:00,0.5444573163026114,2.5258964009381617
price,2010-01-21 11:08:00,0.6557126910841089,2.525797956507046
dollar_volume,2010-01-28 12:54:00,0.20361291377792973,2.525754580653526
price,2010-06-01 14:12:00,0.4510313945421436,2.5257056185775757
dollar_volume,2010-01-19 14:21:00,0.19393114106174833,2.525675153232617
gross_return,2010-12-23 13:58:00,0.7029872728355305,2.525535721209906
price,2010-02-24 11:04:00,0.5311563276723468,2.5254745597101214
price,2010-10-07 14:17:00,0.5299310105847381,2.5254533065417584
price,2010-07-20 13:59:00,0.44908112564632596,2.525386397717608
dollar_volume,2010-04-01 13:41:00,0.21802731858896515,2.5252342787608897
dollar_volume,2010-05-26 10:49:00,0.1812565567675291,2.5251982146466485
gross_return,2010-06-23 10:48:00,0.2654167428307588,2.5251814424585395
gross_return,2010-10-12 13:51:00,0.34707207511007676,2.5250954037012594
gross_return,2010-11-19 13:07:00,0.30644997049865874,2.525000070168833
price,2010-12-29 14:23:00,0.7660679271423128,2.524987118500067
dollar_volume,2010-03-17 13:46:00,0.19811607638505507,2.5249401686407573
price,2010-12-17 13:29:00,0.5929873544608102,2.524723615153516
dollar_volume,2010-11-03 14:33:00,0.1832219228286711,2.524613429151139
gross_return,2010-11-24 13:02:00,0.29229457567894346,2.5245980980168956
gross_return,2010-04-05 13:34:00,0.3030761916633775,2.524364842726898
price,2010-11-18 10:31:00,0.4241382955719523,2.52429861227273
dollar_volume,2010-02-26 12:32:00,0.21100856878371502,2.524154827996365
gross_return,2010-03-17 13:25:00,0.37093217153888186,2.5241139639636128
price,2010-08-09 14:51:00,0.5402580320978956,2.524036737110342
gross_return,2010-12-29 13:43:00,0.8787264555797512,2.5239856223436448
gross_return,2010-06-30 14:05:00,0.26200488634944663,2.5238912534813753
price,2010-10-19 14:31:00,0.5050267112247899,2.5238032985894243
gross_return,2010-04-23 15:21:00,0.29498779352150073,2.5236434765092994
dollar_volume,2010-11-16 13:06:00,0.19783771920412094,2.5236126978948157
price,2010-11-04 11:06:00,0.45565819923618966,2.523444416809241
gross_return,2010-12-31 12:28:00,0.9349521236838949,2.5233296564460512
gross_return,2010-10-05 10:31:00,0.2590527481641365,2.5230785559905176
price,2010-07-21 14:20:00,0.4548750991433317,2.5228892196656085
gross_return,2010-11-24 14:48:00,0.3075038038871354,2.52288783845554
dollar_volume,2010-11-02 11:38:00,0.17126406424499713,2.522837713720088
price,2010-12-21 14:19:00,0.6774758578749102,2.5227139681421833
dollar_volume,2010-12-07 11:32:00,0.18706347436455725,2.5222681726142144
dollar_volume,2010-07-06 15:28:00,0.17784338303463704,2.522221667437142
gross_return,2010-12-29 14:14:00,0.9077927887443665,2.5222145057212613
gross_return,2010-03-08 14:35:00,0.40608594430326767,2.5220368214706426
price,2010-12-14 13:47:00,0.4835520999488411,2.52192900143314
gross_return,2010-08-24 13:35:00,0.30763386259210734,2.521846063589312
gross_return,2010-04-01 14:08:00,0.28918633916547487,2.521813216851331
gross_return,2010-08-23 12:51:00,0.3034511981774085,2.521799613480713
price,2010-04-07 13:13:00,0.5616004622659423,2.5217365402534777
price,2010-05-10 13:18:00,0.4829470297989214,2.52157767582004
gross_return,2010-09-02 11:45:00,0.3335388471197938,2.521544365573042
price,2010-11-29 15:13:00,0.5669094308354934,2.521536934954803
dollar_volume,2010-07-09 14:57:00,0.18617873034902746,2.5212581137445933
price,2010-01-29 14:00:00,0.46191577922558696,2.5209523633090183
gross_return,2010-09-20 12:37:00,0.33042292347416724,2.520788579019478
price,2010-10-21 14:23:00,0.5085619032842673,2.520748907066766
price,2010-11-01 14:56:00,0.40839052999296915,2.520465944785555
dollar_volume,2010-11-22 12:26:00,0.20209902230153645,2.520394269865341
dollar_volume,2010-07-21 12:45:00,0.1933152127624052,2.5203586408303256
price,2010-03-10 12:20:00,0.46250087451727284,2.5202640704787234
price,2010-02-12 14:49:00,0.5850642419022757,2.5202120913832426
gross_return,2010-03-05 11:08:00,0.30362945898251925,2.520165438225677
gross_return,2010-02-18 13:29:00,0.3208343024674907,2.520074448437168
price,2010-03-31 14:51:00,0.5390294804432894,2.519941495588474
dollar_volume,2010-04-07 13:46:00,0.21588943501738533,2.5199328830628973
gross_return,2010-07-23 14:19:00,0.25076745244744847,2.5196498400355565
price,2010-10-20 12:43:00,0.4974011994638816,2.5196478039074406
price,2010-03-23 15:41:00,0.5559107899784205,2.5196183159380996
gross_return,2010-10-12 13:52:00,0.34707207511007676,2.519606103683804
gross_return,2010-05-26 14:30:00,0.20076820338039542,2.5195928380780828
dollar_volume,2010-12-15 12:20:00,0.22089438754824725,2.519447446335687
price,2010-05-17 12:36:00,0.41229875866566634,2.5194398234025077
gross_return,2010-03-25 13:17:00,0.3217940174022314,2.519373245177118
price,2010-02-10 13:12:00,0.49926109041498307,2.5193717134888107
gross_return,2010-11-24 14:44:00,0.3058518441945497,2.519266215852165
gross_return,2010-06-08 13:35:00,0.2326873817914078,2.5192474641064813
price,2010-08-10 14:36:00,0.5013889556151768,2.519204585257357
price,2010-10-07 13:06:00,0.5032929331031539,2.5191256564798308
gross_return,2010-10-12 13:37:00,0.34156530213919684,2.519094685644059
price,2010-03-30 11:44:00,0.5474373557424327,2.5190034256328637
price,2010-01-13 11:48:00,0.5454789788815669,2.5189763591825476
dollar_volume,2010-04-20 11:52:00,0.2041375488842467,2.5188819837370344
gross_return,2010-04-05 13:35:00,0.30307660107150936,2.518863322645067
gross_return,2010-08-23 12:34:00,0.29854799784639136,2.5188083994406463
dollar_volume,2010-02-05 12:48:00,0.19902012902299335,2.5186137919066627
gross_return,2010-08-24 13:40:00,0.30938778560030356,2.5182706708390903
price,2010-12-14 14:46:00,0.487127740702156,2.518229959198713
dollar_volume,2010-12-17 11:46:00,0.23247326707940114,2.518128608952475
dollar_volume,2010-09-13 11:38:00,0.1878940541555542,2.5180036059850845
price,2010-05-26 13:54:00,0.32513708930910584,2.5179760996976728
price,2010-08-16 15:23:00,0.4408591279601334,2.517971486593546
price,2010-01-07 11:23:00,0.6562180275499723,2.517892071223182
gross_return,2010-04-06 15:59:00,0.3608766168373078,2.5177894574591226
dollar_volume,2010-05-28 12:09:00,0.17145354320835657,2.5176997487265997
gross_return,2010-03-17 13:05:00,0.36295408964075054,2.5176786657934946
gross_return,2010-11-24 14:49:00,0.3075038038871386,2.5175981515466876
price,2010-08-16 15:15:00,0.4361671525403591,2.5172834100683357
gross_return,2010-03-08 14:26:00,0.40142690195458425,2.5171531629781927
gross_return,2010-08-23 12:52:00,0.30345166667087664,2.5169825419934813
price,2010-08-26 14:44:00,0.4908910703323235,2.516958535688645
gross_return,2010-04-28 14:26:00,0.3108283043738694,2.5168782066967377
dollar_volume,2010-07-13 10:31:00,0.1872239518139124,2.5168194918510065
price,2010-12-29 14:16:00,0.7584535493645167,2.516798173850698
price,2010-02-12 12:48:00,0.5529122171601987,2.5166984165337176
price,2010-04-06 14:43:00,0.5264166267309721,2.5165870571681337
price,2010-03-26 12:55:00,0.5530090441714873,2.5165037534637347
price,2010-04-07 10:57:00,0.5410183587222279,2.5164203817572135
gross_return,2010-10-12 13:32:00,0.3392880686773929,2.5160076714388517
dollar_volume,2010-03-10 15:20:00,0.19314773009170721,2.5158628624168546
dollar_volume,2010-10-21 14:20:00,0.17164316648356046,2.5158333266666917
dollar_volume,2010-02-11 13:57:00,0.1941885990112771,2.5156928093543933
gross_return,2010-12-29 13:44:00,0.8781853747437909,2.5156832664427924
gross_return,2010-06-30 11:18:00,0.2628533536513211,2.5156679487618376
price,2010-03-11 12:28:00,0.4907357295875925,2.5156390694383632
dollar_volume,2010-06-14 10:52:00,0.20352009218013145,2.5156056490021834
gross_return,2010-06-23 10:47:00,0.26458292120531557,2.5155270246756474
gross_return,2010-03-17 13:06:00,0.36295405985309603,2.5154504912249074
dollar_volume,2010-04-29 14:35:00,0.19978473449158332,2.5154361864665207
gross_return,2010-12-29 12:33:00,0.8619848738518623,2.5152099911796646
dollar_volume,2010-06-16 11:05:00,0.21165217865439878,2.5148554725136516
dollar_volume,2010-10-27 12:41:00,0.1793472913184714,2.5148182122307303
dollar_volume,2010-12-31 13:15:00,0.22892590680714148,2.5146754103225732
price,2010-06-09 15:11:00,0.3925236919252716,2.5144019866317264
dollar_volume,2010-05-13 15:07:00,0.2157794361862052,2.5142970473661594
price,2010-07-30 13:45:00,0.4666231514733593,2.5140962694809996
price,2010-04-01 14:12:00,0.5369170059720778,2.5137286673616828
gross_return,2010-03-17 13:07:00,0.36295403006961774,2.5135775474211557
gross_return,2010-04-05 13:36:00,0.30307660107150913,2.513392530188753
dollar_volume,2010-06-22 10:31:00,0.19235732144023263,2.513327309505911
gross_return,2010-12-29 14:21:00,0.9128479398759884,2.5132744018409165
dollar_volume,2010-11-03 14:25:00,0.18099044435788522,2.513150623176599
dollar_volume,2010-06-22 10:32:00,0.19238236195463368,2.5130592795775195
gross_return,2010-11-24 14:40:00,0.3041076317674893,2.5129659075020148
price,2010-08-23 15:57:00,0.5273161489557132,2.5128771987619123
dollar_volume,2010-01-07 15:45:00,0.2135278355571661,2.51265954814898
dollar_volume,2010-06-04 12:23:00,0.1965143599504067,2.5125408455773064
gross_return,2010-04-06 16:00:00,0.36087632769848554,2.5123843242494908
price,2010-04-06 14:33:00,0.5203506596954289,2.512302225981482
price,2010-04-27 11:34:00,0.531130778749441,2.5121700378522864
gross_return,2010-09-13 12:33:00,0.2895850085919146,2.511985094331334
price,2010-03-11 12:26:00,0.4891911166337461,2.511952766614119
price,2010-07-26 14:35:00,0.47364671457349894,2.511940697974349
dollar_volume,2010-05-11 13:16:00,0.20876303791989703,2.5117971725843424
price,2010-12-15 13:13:00,0.5282812877819996,2.5116119073252654
price,2010-11-22 11:00:00,0.4465310328886028,2.511544716538333
dollar_volume,2010-12-23 13:54:00,0.2263937217623701,2.511459293157606
price,2010-01-29 13:59:00,0.4604348710113531,2.5114535867966614
gross_return,2010-12-21 12:38:00,0.5505404855057285,2.5114271039591376
dollar_volume,2010-10-18 11:35:00,0.18271298698126784,2.51103630316121
dollar_volume,2010-07-16 13:47:00,0.182688342725855,2.511027488997858
price,2010-04-27 11:31:00,0.530018254074583,2.510915126068108
gross_return,2010-09-17 13:46:00,0.3160702924702393,2.510540499544717
gross_return,2010-08-02 12:37:00,0.2923148896982552,2.510355542417604
gross_return,2010-12-29 13:45:00,0.8781853747437909,2.5102505753941156
dollar_volume,2010-04-12 13:44:00,0.21668307482917165,2.510188336936683
gross_return,2010-09-17 12:05:00,0.2985592284646509,2.5100822520295623
gross_return,2010-02-11 12:15:00,0.2920050566914466,2.509981193933291
price,2010-12-15 13:16:00,0.5301288404475879,2.5098025784123443
dollar_volume,2010-05-27 11:42:00,0.16947959228159604,2.509518058856892
gross_return,2010-03-08 14:24:00,0.3997378560347333,2.5094035289101475
price,2010-08-26 14:25:00,0.48384625387543834,2.5092622299422502
gross_return,2010-12-06 14:26:00,0.31287149000001935,2.509141578275971
gross_return,2010-03-17 13:02:00,0.3613943746879515,2.5088546383756065
gross_return,2010-03-01 13:08:00,0.28877179680782084,2.508800983517625
price,2010-12-13 13:30:00,0.4691223847324469,2.508697955613309
price,2010-10-21 14:26:00,0.5090965917591763,2.5085906761665284
price,2010-12-10 12:28:00,0.4492057414462673,2.5085861663934024
dollar_volume,2010-12-22 14:51:00,0.22285500088381757,2.5084522285797313
gross_return,2010-03-01 14:15:00,0.28569414753741645,2.5083587621546366
price,2010-01-08 15:44:00,0.6258913521885534,2.508316353339309
dollar_volume,2010-06-23 12:19:00,0.20151955063830995,2.5082659642076917
dollar_volume,2010-07-07 14:08:00,0.18278968293048095,2.508265390244409
dollar_volume,2010-11-09 14:50:00,0.1983779592722445,2.5082566756905496
dollar_volume,2010-11-03 12:52:00,0.17622694790213422,2.5082514071275934
price,2010-02-25 14:11:00,0.5586983371372565,2.5078201857684492
price,2010-12-14 14:48:00,0.48707119006494026,2.5078027700385577
price,2010-07-20 14:02:00,0.4489563494601051,2.507328248241098
gross_return,2010-05-17 11:53:00,0.21648533193510716,2.507086441110333
price,2010-06-01 14:00:00,0.44481747593918297,2.5069637989213764
price,2010-04-07 10:56:00,0.5392100022273452,2.5067678422897437
gross_return,2010-07-27 13:20:00,0.2585039955235526,2.5067301911076196
gross_return,2010-10-11 13:14:00,0.3032526102367169,2.506222163072418
dollar_volume,2010-04-12 15:57:00,0.22062567646098286,2.5059254852306783
price,2010-02-11 12:32:00,0.5196760306630931,2.5058590320907754
gross_return,2010-12-13 14:12:00,0.3932811692671448,2.505799353796231
gross_return,2010-02-23 12:13:00,0.32362373188629967,2.505745928831537
price,2010-12-15 12:56:00,0.5142033230871115,2.5056790092774746
gross_return,2010-06-08 13:36:00,0.2321464556586833,2.5056456592443195
gross_return,2010-12-14 13:50:00,0.44229373063485805,2.5055581781130796
gross_return,2010-04-23 15:19:00,0.29358826399394927,2.5055204341092825
gross_return,2010-10-07 14:29:00,0.27945188346934635,2.505441210564876
gross_return,2010-11-02 11:18:00,0.31927356297639786,2.505350741412314
gross_return,2010-02-11 12:06:00,0.28899669476025214,2.5050794885554217
price,2010-06-14 13:18:00,0.39624703615050605,2.5050531062105987
dollar_volume,2010-12-15 15:35:00,0.22055445809726792,2.5050322343527944
price,2010-08-06 10:54:00,0.5036247301980117,2.5049783270084642
dollar_volume,2010-08-13 13:10:00,0.19561288000331856,2.504663898849335
price,2010-11-15 15:48:00,0.4534388999134924,2.5046052771552096
dollar_volume,2010-09-16 15:52:00,0.1959250705894311,2.5043322065641545
price,2010-03-05 14:49:00,0.4247341481592468,2.5042783191094977
gross_return,2010-06-29 10:34:00,0.26664620658142635,2.504139901119119
dollar_volume,2010-07-12 14:20:00,0.1834787284741778,2.5040600088783864
dollar_volume,2010-09-17 12:57:00,0.1992127557208822,2.5040494886247777
dollar_volume,2010-06-04 12:51:00,0.19831047487291523,2.504029418708964
price,2010-02-02 13:04:00,0.46620198070743873,2.503945143350477
dollar_volume,2010-03-19 13:07:00,0.1924344386341629,2.503940624959193
dollar_volume,2010-09-28 13:39:00,0.2358705271243544,2.5037699225015935
gross_return,2010-04-23 15:20:00,0.2935887968785727,2.503693741814958
price,2010-08-19 12:51:00,0.5032944655692312,2.5036148119268544
price,2010-05-26 15:43:00,0.3416432763385344,2.5036078749229143
price,2010-04-14 15:48:00,0.5893430629870176,2.503580067698691
dollar_volume,2010-08-17 11:38:00,0.20662334082732675,2.5035020818168787
price,2010-08-19 12:42:00,0.49789155609063435,2.5032636963666794
dollar_volume,2010-02-18 11:08:00,0.18834556360365026,2.503202105655175
price,2010-02-23 10:34:00,0.5648572841391825,2.5029392154285564
dollar_volume,2010-06-23 12:20:00,0.20144244764026153,2.50272932636773
gross_return,2010-04-05 13:52:00,0.3034049134919457,2.502683488737845
dollar_volume,2010-12-09 14:37:00,0.19776768811631018,2.5026665432389525
gross_return,2010-10-08 13:18:00,0.2866134418316185,2.5026236224292573
price,2010-11-15 14:40:00,0.4418822128760986,2.5024265844696654
dollar_volume,2010-09-30 10:50:00,0.21555140657005958,2.5023797667897876
price,2010-05-18 11:58:00,0.41933113890535373,2.5022475901401298
price,2010-12-27 11:53:00,0.7470457627835456,2.5022038519141514
price,2010-02-12 12:46:00,0.5496208229231971,2.5020807183552196
gross_return,2010-04-23 15:43:00,0.30424624617699203,2.5019652022176713
price,2010-02-25 14:13:00,0.5593948914037975,2.5019059030011612
dollar_volume,2010-03-29 14:23:00,0.2132602563873072,2.5017988333719017
price,2010-11-03 11:34:00,0.4486837656018154,2.501557484126931
dollar_volume,2010-03-17 13:15:00,0.1957663881054739,2.5013757699035177
dollar_volume,2010-06-22 10:33:00,0.1920138716493021,2.5013611063546985
gross_return,2010-03-08 14:25:00,0.39948583342451705,2.5012166032749077
price,2010-09-21 14:31:00,0.48093866462555274,2.501206135124293
price,2010-09-20 14:40:00,0.45705329515548493,2.5011900407873524
gross_return,2010-03-17 13:22:00,0.36769503721621644,2.501000514899736
price,2010-01-19 15:46:00,0.6103711109274232,2.5008788901539236
gross_return,2010-12-29 12:28:00,0.8546707888868958,2.5008290296485027
dollar_volume,2010-09-17 14:36:00,0.008201894808430721,-2.500787558736102
dollar_volume,2010-10-05 14:19:00,0.18914306036086603,2.5007214951731718
gross_return,2010-09-17 12:24:00,0.3070316869182456,2.5006531686016658
gross_return,2010-12-13 14:13:00,0.3933032320704999,2.500644907070659
gross_return,2010-06-02 11:10:00,0.23690884870514312,2.500502776019322
gross_return,2010-09-17 13:51:00,0.3173882623337564,2.500484044517414
gross_return,2010-03-17 14:43:00,0.3802640023212883,2.5003704656179075
gross_return,2010-06-18 11:10:00,0.24457745766895825,2.5003619142199147
dollar_volume,2010-06-16 11:04:00,0.21078273493839583,2.5003386858186176
dollar_volume,2010-06-23 15:17:00,0.20204780932633354,2.5002779778001742
dollar_volume,2010-06-10 13:46:00,0.18945650220782445,2.5001765888274163
price,2010-12-22 12:38:00,0.7707223561117815,2.500033440473651
price,2010-08-26 14:46:00,0.48947015358924106,2.4999604018476846
gross_return,2010-05-26 14:26:00,0.1991570337429175,2.499806999679174
dollar_volume,2010-02-09 13:26:00,0.2043503233183903,2.4997234338777785
gross_return,2010-10-22 13:30:00,0.28043129761649904,2.499659876547545
price,2010-12-27 11:54:00,0.7474709145672174,2.4992072720676606
price,2010-07-01 14:54:00,0.35605658322731726,2.499137955848995
gross_return,2010-08-20 14:07:00,0.294447854544535,2.4990460725056045
price,2010-09-03 12:57:00,0.5640720688920025,2.498985564304447
price,2010-11-01 15:14:00,0.41678946348528106,2.498898953023649
dollar_volume,2010-02-26 11:47:00,0.20812979637244694,2.4988783864403867
dollar_volume,2010-09-28 13:11:00,0.2297471349581691,2.498840007802896
gross_return,2010-04-27 11:26:00,0.3127342269048578,2.4987051894653662
price,2010-01-29 14:05:00,0.4623593206906058,2.4986384896451392
gross_return,2010-02-18 13:14:00,0.3147964602259855,2.4985507372332236
price,2010-05-24 12:15:00,0.3688387545944213,2.4985470676660837
price,2010-01-19 12:48:00,0.59718458016787,2.4984270990000383
gross_return,2010-10-06 11:04:00,0.24221814115024276,2.4983979493786848
gross_return,2010-03-08 14:29:00,0.40116374286697165,2.497941601881631
price,2010-04-01 14:03:00,0.5285811726453179,2.4979155160629074
price,2010-10-08 13:05:00,0.5314736224180341,2.497842362453601
gross_return,2010-03-05 14:08:00,0.37695891678896776,2.4976176743111482
dollar_volume,2010-09-28 13:12:00,0.2299415059478265,2.4975141544399713
gross_return,2010-03-16 13:33:00,0.37642661511819153,2.4974933300108733
gross_return,2010-05-27 14:47:00,0.19146316563839275,2.497315902796238
dollar_volume,2010-03-17 13:16:00,0.1957879623190732,2.49680934786656
gross_return,2010-06-09 13:43:00,0.2341491254353901,2.4968058426498025
gross_return,2010-06-16 14:29:00,0.2304237965337327,2.496516596626144
gross_return,2010-12-06 13:55:00,0.29192316933510176,2.496284906130582
dollar_volume,2010-08-05 12:13:00,0.19552941452583453,2.496062381387744
dollar_volume,2010-07-16 15:29:00,0.18311189639711029,2.4960324971541965
price,2010-12-16 11:26:00,0.5272398553735755,2.4959958486049807
dollar_volume,2010-09-17 12:56:00,0.1987271332530499,2.495973757368113
dollar_volume,2010-02-26 12:22:00,0.20801084195546696,2.495874511146532
price,2010-08-16 15:14:00,0.4335760981364168,2.495827091114957
price,2010-04-13 12:44:00,0.5543445346151675,2.4956354351627947
gross_return,2010-09-14 13:29:00,0.3117613414907122,2.49553456522172
price,2010-02-02 12:36:00,0.4534159952768049,2.4955223524023005
gross_return,2010-08-10 14:32:00,0.3123202865533749,2.495436749015748
dollar_volume,2010-04-07 13:47:00,0.21482654492519832,2.495365806332696
gross_return,2010-02-12 12:52:00,0.31848286355429933,2.4951847962033673
dollar_volume,2010-10-12 14:29:00,0.1808083475761414,2.4950891326799325
price,2010-10-05 11:46:00,0.5146370991667075,2.4950764803972136
gross_return,2010-08-10 13:13:00,0.2610950460110784,2.4950217595758755
price,2010-02-08 13:47:00,0.48287102560272216,2.4949737573585042
gross_return,2010-11-18 14:11:00,0.2968451897020848,2.4949543847770426
dollar_volume,2010-10-11 15:43:00,0.17193523349598638,2.4948691490399666
gross_return,2010-04-06 15:53:00,0.35511102162640473,2.4946374005293817
price,2010-05-03 13:10:00,0.5845958888866065,2.4945732922459007
dollar_volume,2010-06-10 13:47:00,0.18943286007969526,2.494505931438157
gross_return,2010-10-12 13:55:00,0.34639558443283924,2.4941752669959243
dollar_volume,2010-06-23 15:18:00,0.20201475239141312,2.4941029762424423
gross_return,2010-11-24 14:59:00,0.3085720655381108,2.4940420770029554
price,2010-12-08 12:30:00,0.5808308700958492,2.494040686477832
gross_return,2010-08-20 13:55:00,0.2915069777896042,2.4940387256204057
gross_return,2010-08-27 11:16:00,0.28222495040171897,2.494009410861225
dollar_volume,2010-07-08 13:06:00,0.1762735248345612,2.4939858646245834
dollar_volume,2010-09-14 14:57:00,0.18706262758627556,2.4939539024218695
price,2010-05-24 12:50:00,0.37840960595946915,2.493940499563462
price,2010-03-16 11:38:00,0.5420539666178668,2.493693220626374
gross_return,2010-10-12 13:53:00,0.345480307248835,2.4935766231578618
price,2010-06-23 10:45:00,0.4290970657801195,2.4934852178997926
gross_return,2010-04-23 12:22:00,0.29304439769967794,2.4933390614588484
gross_return,2010-04-23 14:16:00,0.2898318186268938,2.493210462297819
price,2010-05-25 12:14:00,0.3499645984041704,2.4930915163444998
price,2010-04-06 14:40:00,0.5217555369298824,2.492954428526165
gross_return,2010-05-27 14:48:00,0.1914627850593356,2.4928889928169022
price,2010-01-19 15:29:00,0.5897279022406496,2.4928842568715996
dollar_volume,2010-07-21 11:04:00,0.1920086954479734,2.492872607227722
price,2010-02-02 12:37:00,0.4536810079318587,2.4928595458956777
price,2010-03-08 12:56:00,0.45769181807112963,2.4927160056532216
price,2010-02-19 11:52:00,0.5868694185822793,2.492548248213209
price,2010-11-03 11:33:00,0.44728147306657823,2.4925021854111495
price,2010-06-11 10:34:00,0.3853122344306596,2.4924428688087175
price,2010-12-17 13:30:00,0.5892550189579524,2.492367175394215
price,2010-11-02 13:16:00,0.4240485619161466,2.492248688326013
gross_return,2010-02-11 12:22:00,0.2930576411811673,2.49216237708803
dollar_volume,2010-10-27 12:45:00,0.17937967248362285,2.4920748789671117
dollar_volume,2010-07-29 13:17:00,0.20473311150070944,2.492053640816268
dollar_volume,2010-05-11 13:36:00,0.21242836933040365,2.4919514475012163
gross_return,2010-08-10 13:14:00,0.2610937389637026,2.4916962895644135
dollar_volume,2010-07-16 15:42:00,0.1856526030725436,2.4916958814188153
dollar_volume,2010-02-22 15:03:00,0.20366374391097156,2.4916481212991823
gross_return,2010-12-14 14:22:00,0.4609585913966756,2.4916440862021276
dollar_volume,2010-07-29 13:06:00,0.2022775699414895,2.4914980633679114
gross_return,2010-06-08 14:14:00,0.24021344725211016,2.4914742311961655
dollar_volume,2010-05-07 13:10:00,0.19207613540822976,2.4913509829097005
price,2010-03-30 11:15:00,0.5192645527761856,2.491074202762667
price,2010-04-07 10:52:00,0.534865370108328,2.4910591877281565
gross_return,2010-12-06 13:56:00,0.2919243552712701,2.4909591094798453
gross_return,2010-10-20 14:19:00,0.27080624413180326,2.4909526379002633
price,2010-05-18 12:06:00,0.42230468593917986,2.490878673594007
price,2010-07-30 14:54:00,0.4727658975812099,2.490877247207603
price,2010-09-29 15:29:00,0.4714889468476128,2.490806253557698
dollar_volume,2010-09-16 11:01:00,0.1928218885068994,2.4907752760395936
gross_return,2010-12-29 14:15:00,0.90259714756907,2.490717881495021
dollar_volume,2010-12-07 13:21:00,0.189298527207791,2.4905742297568327
dollar_volume,2010-12-07 13:23:00,0.18970505295748527,2.4905227693616054
price,2010-12-20 13:32:00,0.6132673562234403,2.4904319143281843
dollar_volume,2010-01-27 15:25:00,0.19157339055156156,2.490330665796182
dollar_volume,2010-05-13 15:14:00,0.21620010886858204,2.490273137048999
dollar_volume,2010-06-10 13:48:00,0.1894689772054306,2.490164650607976
dollar_volume,2010-02-25 13:44:00,0.20024305736545087,2.489597677011399
price,2010-09-21 14:34:00,0.481142682414491,2.4893446892507147
dollar_volume,2010-04-16 15:19:00,0.1891100631445337,2.4892738677031603
price,2010-03-03 14:48:00,0.47245630218549656,2.4892381065146787
dollar_volume,2010-08-16 11:09:00,0.19366526971915793,2.4892266507593064
price,2010-03-23 15:47:00,0.5561730686355504,2.4890354722815955
price,2010-08-06 15:29:00,0.5412982993076443,2.4890090520811996
price,2010-05-13 15:50:00,0.3830145836755866,2.4889679096627946
price,2010-07-22 10:49:00,0.48913673674970565,2.4887577432897108
price,2010-07-21 14:47:00,0.4680629661735466,2.488454949141349
gross_return,2010-09-27 14:10:00,0.30964812332950054,2.4882303557036742
gross_return,2010-12-06 11:55:00,0.29079923368015376,2.488149379564041
dollar_volume,2010-09-21 14:17:00,0.19471724209083824,2.488079719995523
gross_return,2010-02-11 12:00:00,0.28611419037083996,2.4880537143466497
gross_return,2010-07-21 14:19:00,0.26449025757223255,2.4880456462349074
price,2010-07-26 14:51:00,0.48239099996008583,2.4878159126412633
gross_return,2010-12-29 14:13:00,0.89996027253183,2.4877451945726974
dollar_volume,2010-06-17 13:11:00,0.21054518563126143,2.4876336411999875
price,2010-11-04 15:51:00,0.4426774055701567,2.4875995939453244
gross_return,2010-04-23 12:17:00,0.2911431655685603,2.4874944844481632
gross_return,2010-12-14 14:23:00,0.46095859139667555,2.487313429689826
gross_return,2010-03-08 14:39:00,0.4047878985175445,2.487311404222003
price,2010-12-31 15:56:00,0.7339734417165807,2.486636853336999
price,2010-09-01 10:56:00,0.5716316435219417,2.486412868727523
price,2010-04-27 11:48:00,0.5337013767540322,2.486180125807108
price,2010-10-18 14:33:00,0.4684169591976357,2.486172851368835
dollar_volume,2010-12-15 12:12:00,0.21713658695557161,2.4861300405902753
dollar_volume,2010-06-23 15:16:00,0.20137164539587007,2.4861073262911897
dollar_volume,2010-03-02 14:44:00,0.2116035276679738,2.485996617504369
gross_return,2010-12-29 14:10:00,0.8965812348960904,2.485851840671118
dollar_volume,2010-02-22 14:21:00,0.19513110071123602,2.4856601814564416
gross_return,2010-10-12 14:25:00,0.3811666392185927,2.4855476096796347
dollar_volume,2010-07-02 12:30:00,0.17430845672274137,2.4855184516429345
price,2010-05-18 12:31:00,0.4338249407199194,2.4854363168278537
dollar_volume,2010-07-29 13:28:00,0.20669820081916113,2.4852773650780278
price,2010-10-28 10:44:00,0.507205389861678,2.4849051477866397
dollar_volume,2010-08-27 10:57:00,0.19289474514286195,2.4848711008485336
dollar_volume,2010-03-15 12:23:00,0.19163022211297148,2.484682009779562
gross_return,2010-03-08 14:36:00,0.4031008580098871,2.48461446972475
gross_return,2010-09-27 14:18:00,0.3130685533263889,2.4843799835651645
dollar_volume,2010-02-18 13:06:00,0.18919486601300856,2.484329876673472
gross_return,2010-06-30 14:18:00,0.26468402372332595,2.484122308416271
gross_return,2010-12-14 13:49:00,0.43964301565221764,2.4839316073224293
gross_return,2010-11-17 15:41:00,0.27931832943029916,2.483693056914348
gross_return,2010-04-21 14:04:00,0.3131770228935664,2.483330258032757
dollar_volume,2010-02-22 14:27:00,0.19625893112131265,2.4832839145296046
price,2010-11-18 10:29:00,0.4192594065825225,2.4832559885879286
gross_return,2010-12-06 11:50:00,0.2911941118566971,2.4831825316937706
gross_return,2010-06-29 10:33:00,0.26510105951794927,2.483025124081111
gross_return,2010-02-11 12:01:00,0.286109234013028,2.48296542754231
price,2010-07-26 14:38:00,0.47218048349551384,2.482777825933363
gross_return,2010-11-18 14:07:00,0.2944432735222407,2.48276480338411
gross_return,2010-03-02 14:11:00,0.3117383066066831,2.4826991494047177
gross_return,2010-02-11 12:31:00,0.29351419879599344,2.4825062657323307
price,2010-04-06 14:42:00,0.5217295808056162,2.4824147519463855
dollar_volume,2010-08-05 12:37:00,0.1974983200841603,2.4823990978430728
price,2010-12-15 12:55:00,0.5109806355737514,2.4823046709772374
price,2010-07-15 10:50:00,0.4804693804716629,2.482261803805374
gross_return,2010-06-02 11:07:00,0.23522824517529306,2.482171504435098
dollar_volume,2010-06-15 12:36:00,0.20292262293565796,2.4820805983074794
gross_return,2010-09-02 11:49:00,0.3324267834099791,2.4820667674839085
gross_return,2010-03-08 14:28:00,0.3991992021876053,2.4817722049831823
price,2010-04-01 13:56:00,0.5215033045682315,2.481730351221553
dollar_volume,2010-12-23 13:38:00,0.21803866236862118,2.4817002696258865
dollar_volume,2010-12-14 11:17:00,0.21581249076712183,2.481470128306518
price,2010-02-02 12:38:00,0.45306269842247004,2.4813854488259737
dollar_volume,2010-09-15 11:28:00,0.1912269565971251,2.4813712623767175
dollar_volume,2010-05-10 12:38:00,0.199982966322037,2.48130568918143
gross_return,2010-02-11 12:32:00,0.2935156256921363,2.481249627746679
gross_return,2010-06-23 10:49:00,0.2631870425616364,2.4812100700169175
price,2010-06-25 14:14:00,0.3992397407929037,2.481202126790073
dollar_volume,2010-02-25 14:32:00,0.20434319019189845,2.4809870960503324
price,2010-04-07 10:55:00,0.5354739598205545,2.480786206857881
price,2010-09-21 14:53:00,0.4955206500379817,2.4806616219743485
dollar_volume,2010-02-22 15:04:00,0.2034155672259892,2.4806438002283273
dollar_volume,2010-09-10 10:38:00,0.1924504580929514,2.480141389995353
price,2010-10-07 14:20:00,0.5260985943869203,2.4800558555461447
gross_return,2010-05-26 10:54:00,0.19650681068664327,2.480052092592664
gross_return,2010-03-04 13:17:00,0.29666487092663696,2.479893496464255
price,2010-09-15 15:35:00,0.44878142908373003,2.4798477929059377
price,2010-10-12 11:28:00,0.5541445528673422,2.479687126058098
price,2010-12-22 12:36:00,0.7647888302191608,2.4796655318199448
gross_return,2010-11-15 13:48:00,0.2997719872317333,2.479559953268549
dollar_volume,2010-03-31 10:45:00,0.20976205652343557,2.4794773701085595
price,2010-12-17 13:31:00,0.5881614655866376,2.4793839890789573
dollar_volume,2010-02-22 14:41:00,0.19959796485047596,2.4793706491497844
price,2010-02-12 12:49:00,0.5486519332165054,2.47927623514418
price,2010-04-22 13:15:00,0.5124660992659201,2.4789753344193333
price,2010-08-10 14:32:00,0.49496651376660067,2.4789566453385423
dollar_volume,2010-07-29 13:24:00,0.20597726096421393,2.4786347194181184
price,2010-08-16 15:26:00,0.4384754320524114,2.4785877209337817
price,2010-07-21 14:51:00,0.4691722601497633,2.478264833896772
dollar_volume,2010-10-26 14:44:00,0.1801567357771596,2.4781147821393947
price,2010-10-28 10:42:00,0.5056638864708964,2.4781105002764345
price,2010-02-10 12:55:00,0.4808334872043451,2.478046012134859
gross_return,2010-04-15 10:40:00,0.3702593909675994,2.477977243974269
gross_return,2010-12-23 14:12:00,0.7087317965355803,2.4776991338807366
dollar_volume,2010-03-16 14:45:00,0.18815481360785666,2.4776091520403307
gross_return,2010-11-18 14:08:00,0.29444327352223243,2.477544543652652
price,2010-06-29 15:27:00,0.3659996396809103,2.4771777074554837
gross_return,2010-12-23 14:10:00,0.706860818063674,2.4771145878556746
price,2010-04-06 14:41:00,0.5204847318168648,2.477104783964281
dollar_volume,2010-06-15 12:37:00,0.2029279059550887,2.4769303383449643
price,2010-07-20 14:09:00,0.4499303650516675,2.476920659616093
dollar_volume,2010-10-12 15:12:00,0.18389441464346404,2.476896829404015
gross_return,2010-03-17 13:13:00,0.3616632196568436,2.4766589650630677
price,2010-12-08 12:26:00,0.5751171550926979,2.4766472983262906
gross_return,2010-12-29 13:46:00,0.8727922332429491,2.4765987362920687
dollar_volume,2010-05-18 12:05:00,0.20342272226393182,2.4764326124471494
dollar_volume,2010-07-21 10:58:00,0.190797131711727,2.476251146833075
gross_return,2010-05-05 15:07:00,0.2579162053515482,2.4762225614231608
gross_return,2010-11-19 13:23:00,0.3090462356109976,2.4760542924467766
gross_return,2010-09-27 14:19:00,0.31286658084744673,2.475971604433176
price,2010-06-25 14:15:00,0.39920885313137827,2.475690196417154
dollar_volume,2010-02-22 15:05:00,0.20342255943554635,2.4755301276776773
price,2010-06-14 13:27:00,0.39719488556056015,2.4754529075186538
gross_return,2010-06-15 11:52:00,0.23971733454090755,2.4753975825698045
price,2010-03-22 13:24:00,0.5307403374835076,2.4753732663236914
gross_return,2010-02-11 12:29:00,0.2926789492678694,2.4752454901812535
price,2010-03-03 14:59:00,0.4787991748822018,2.475242689950004
price,2010-04-01 14:13:00,0.5326977404660543,2.4752298299510773
gross_return,2010-03-08 14:38:00,0.4031695842552735,2.4751597311684255
gross_return,2010-03-08 14:31:00,0.4000063079127236,2.4750951557074363
dollar_volume,2010-07-16 13:44:00,0.18159053721975602,2.4750927264123037
gross_return,2010-08-02 12:20:00,0.2790520982045974,2.474906487070324
dollar_volume,2010-07-16 15:47:00,0.18609733561926442,2.4748277686070237
dollar_volume,2010-04-19 12:36:00,0.18875627731105926,2.474539997663847
dollar_volume,2010-07-08 13:21:00,0.1793703146887074,2.4742981262868518
gross_return,2010-10-11 15:55:00,0.3257312578645498,2.4742566244605735
dollar_volume,2010-12-07 13:16:00,0.18760346757388657,2.4740120767873823
price,2010-04-23 13:13:00,0.531700181414368,2.473684317642115
price,2010-11-15 14:41:00,0.43945173078258026,2.4734151077595645
gross_return,2010-02-12 12:58:00,0.31932097343364274,2.473166302301423
gross_return,2010-03-08 14:54:00,0.4112337680368903,2.4730474534072866
price,2010-03-05 15:05:00,0.43497451139091226,2.4728755089592793
gross_return,2010-05-05 15:06:00,0.2574768524499717,2.472739838406462
dollar_volume,2010-05-18 11:57:00,0.20255082313238165,2.472670631733119
dollar_volume,2010-07-16 13:37:00,0.1811188754355494,2.472643424493142
gross_return,2010-10-12 13:58:00,0.3459447584064241,2.472631827837062
price,2010-05-13 15:00:00,0.37142281077722145,2.4726137077961696
dollar_volume,2010-03-09 14:21:00,0.19637937495513358,2.472228474870288
dollar_volume,2010-08-26 14:42:00,0.18744278370920078,2.47216501309902
price,2010-02-18 14:59:00,0.5612819704946325,2.4720082816973883
gross_return,2010-12-23 14:11:00,0.7068608180636726,2.471945875190229
price,2010-08-17 11:53:00,0.44672383160623597,2.4718856002312135
gross_return,2010-02-12 13:10:00,0.3231862897173494,2.4718212013962435
gross_return,2010-10-05 10:30:00,0.25612989310342216,2.471710730707351
price,2010-12-15 12:54:00,0.5092654828575673,2.4715270195761363
gross_return,2010-12-29 13:47:00,0.8727922332429491,2.471369200777642
gross_return,2010-06-18 11:13:00,0.24390697747079157,2.4713371825152106
price,2010-04-07 10:54:00,0.5337361970718768,2.4713268921753433
gross_return,2010-03-17 13:23:00,0.36565518339804953,2.4713023141016923
gross_return,2010-03-17 12:59:00,0.3574939803990941,2.4712677533335974
dollar_volume,2010-05-18 11:58:00,0.20252522074860177,2.4712276926995704
gross_return,2010-03-08 14:30:00,0.39919937367618774,2.4711670891201014
price,2010-05-12 12:22:00,0.3578430849102627,2.470997841442765
price,2010-08-16 14:58:00,0.4242499657170901,2.4709727047250474
price,2010-10-19 14:30:00,0.49823721046781677,2.470869880658376
gross_return,2010-04-30 11:20:00,0.29408983792180504,2.4707494402948
gross_return,2010-04-06 15:54:00,0.3535812750066866,2.4706673585062466
dollar_volume,2010-11-23 15:38:00,0.20345241544945786,2.470597836856462
price,2010-06-11 15:47:00,0.38623991233279953,2.4704700060437927
dollar_volume,2010-01-13 14:06:00,0.19848343258306295,2.4704444693446916
gross_return,2010-08-02 14:14:00,0.29480010615722907,2.4704311171061866
gross_return,2010-12-29 14:19:00,0.9023901741165603,2.4701985892110194
price,2010-09-20 14:56:00,0.4641510061870035,2.47016097986077
dollar_volume,2010-12-30 11:30:00,0.21318263939761387,2.4701462822681237
dollar_volume,2010-08-27 12:59:00,0.20125445077938992,2.470108573729669
dollar_volume,2010-12-09 15:59:00,0.20285786726599037,2.4700030090784004
gross_return,2010-09-21 14:17:00,0.3211509286384876,2.469924787002965
price,2010-07-20 14:17:00,0.4546832021999451,2.469919942139556
gross_return,2010-03-17 13:24:00,0.3659542709979846,2.4697645324005317
dollar_volume,2010-02-22 15:06:00,0.20338617039272916,2.4694604842940175
dollar_volume,2010-05-26 10:50:00,0.17952270963214034,2.4692490805182614
dollar_volume,2010-03-10 14:45:00,0.18424877061726694,2.4689987140453185
price,2010-04-22 13:37:00,0.5310090077119479,2.468954187508097
price,2010-11-22 15:29:00,0.5303532185058166,2.4689171147673603
dollar_volume,2010-11-08 13:55:00,0.19048230238223393,2.4687540746018546
price,2010-05-12 12:25:00,0.3588442709748564,2.4684765426035615
price,2010-11-22 15:04:00,0.5045120479341729,2.4684041478652734
price,2010-01-19 15:47:00,0.6065394178492589,2.4683570543769804
price,2010-08-10 14:22:00,0.49067886234011354,2.468336932310484
price,2010-08-06 11:20:00,0.5071145354055512,2.4683202657914443
price,2010-10-01 10:45:00,0.4803021524935528,2.4683018707661004
price,2010-08-25 14:58:00,0.4612812182557428,2.468229536959552
dollar_volume,2010-07-21 10:41:00,0.18920817224418696,2.467989408892918
dollar_volume,2010-08-27 13:00:00,0.20133647784543374,2.4677672207562646
dollar_volume,2010-10-22 14:31:00,0.18358680613377723,2.467726433723539
price,2010-03-22 13:25:00,0.530450550748845,2.467722950906269
dollar_volume,2010-08-27 12:54:00,0.20036813727747463,2.4675669772414754
gross_return,2010-10-12 13:59:00,0.3459429071626638,2.4673836309101587
price,2010-09-03 14:02:00,0.5727369414321262,2.4672022480131766
gross_return,2010-08-19 10:50:00,0.2696872673580233,2.4670791124900457
gross_return,2010-11-26 12:24:00,0.3126801085831327,2.467010385146892
gross_return,2010-07-23 14:28:00,0.2509141788549416,2.467006024777571
dollar_volume,2010-01-13 14:21:00,0.20088156350607633,2.466865031042532
dollar_volume,2010-02-02 16:00:00,0.20697869171103517,2.4668159045225746
price,2010-06-25 14:16:00,0.3988576898881862,2.466739462469677
gross_return,2010-02-12 12:28:00,0.3060863338967873,2.4664617628832666
price,2010-02-10 12:56:00,0.4801310268480241,2.4664473240620777
gross_return,2010-03-08 14:22:00,0.39488816206983746,2.466391180318345
price,2010-12-10 12:35:00,0.44813085289876253,2.4663548482608553
gross_return,2010-11-15 13:26:00,0.3002249077711623,2.4662505398815573
price,2010-12-16 11:34:00,0.5242774538755838,2.4662478911781562
gross_return,2010-06-15 13:09:00,0.2312025181153202,2.4662266992005404
gross_return,2010-06-21 13:24:00,0.24912284182721883,2.466018769138688
dollar_volume,2010-02-22 12:01:00,0.1875631389791143,2.465958363491451
price,2010-06-14 12:58:00,0.38669425708113714,2.4658989057386833
gross_return,2010-11-24 14:41:00,0.30131132627324886,2.465427872645667
dollar_volume,2010-08-16 14:53:00,0.20247207942363638,2.465394914429383
price,2010-02-25 13:56:00,0.5392980140470189,2.4653524127125572
dollar_volume,2010-08-27 11:05:00,0.1939240590160381,2.465341550160569
dollar_volume,2010-06-15 12:43:00,0.20383378637087432,2.4653070269829884
dollar_volume,2010-04-08 10:42:00,0.21808663384636462,2.465238387892392
price,2010-08-06 11:06:00,0.5047051458771522,2.465191762713412
gross_return,2010-07-09 14:23:00,0.24529131200270549,2.464973578902798
dollar_volume,2010-08-16 11:10:00,0.19288877707791546,2.464700670124339
price,2010-06-01 10:52:00,0.42723563735599357,2.4645427462507405
gross_return,2010-02-11 12:14:00,0.2886826335548397,2.464432615104984
price,2010-12-30 15:46:00,0.7337216696561952,2.4638068130109105
dollar_volume,2010-02-05 12:34:00,0.19500817248254804,2.4638036905886573
price,2010-02-18 14:46:00,0.5469322756731234,2.463801991492404
dollar_volume,2010-09-28 13:16:00,0.2294293595831752,2.46335508252718
price,2010-12-29 14:33:00,0.7654768501562026,2.4633025246364153
price,2010-04-30 12:29:00,0.5430769433012343,2.4629973798439737
price,2010-05-12 12:23:00,0.35757451306203225,2.462714441391782
dollar_volume,2010-01-07 15:33:00,0.20879270134051792,2.4626879587300294
gross_return,2010-07-07 13:13:00,0.23615601772543648,2.4626207077297404
dollar_volume,2010-09-28 13:45:00,0.2352973064492381,2.462613726243078
gross_return,2010-02-12 13:11:00,0.32281044887841237,2.4624734430124566
price,2010-01-29 14:02:00,0.4569012069523,2.4623079796237657
price,2010-06-11 15:46:00,0.3851632948191628,2.461735209484169
dollar_volume,2010-02-22 12:07:00,0.18869787726749482,2.461635287242162
dollar_volume,2010-11-23 13:25:00,0.1963937892643927,2.4615389437339816
price,2010-08-06 11:16:00,0.5052762713749626,2.461417144534904
price,2010-08-16 15:02:00,0.42433897419327127,2.461371638796414
gross_return,2010-11-05 14:30:00,0.35412006810940816,2.461298312376467
gross_return,2010-02-12 13:02:00,0.31987245694020755,2.460960052836267
price,2010-11-29 15:04:00,0.5542383828506608,2.460937464413928
price,2010-08-06 11:01:00,0.5018701749528753,2.4607220952597904
gross_return,2010-11-24 14:42:00,0.3013113262732488,2.4606905313274097
price,2010-08-17 12:02:00,0.44855454297124964,2.4606823696649354
dollar_volume,2010-03-26 13:41:00,0.19966252511712723,2.460648230090005
gross_return,2010-03-05 14:09:00,0.37419995215349877,2.4603377099942083
dollar_volume,2010-05-10 11:11:00,0.19206766699173428,2.4603101164551155
price,2010-03-30 11:43:00,0.5391166191615426,2.4603028486344627
dollar_volume,2010-12-06 13:27:00,0.17905464126629633,2.4599233298836363
dollar_volume,2010-09-14 15:01:00,0.18654064620573674,2.459861484892015
dollar_volume,2010-07-13 11:49:00,0.1862343731428175,2.4593534390750182
gross_return,2010-12-29 13:48:00,0.8714861799944345,2.4593273928762023
price,2010-10-18 14:38:00,0.4685142647415392,2.4592043347713273
gross_return,2010-09-14 13:17:00,0.30639718308096664,2.459115809948009
gross_return,2010-11-19 13:48:00,0.31049889419008636,2.4590811718005168
gross_return,2010-09-08 12:32:00,0.33674792015593435,2.4590760206976547
price,2010-05-03 12:59:00,0.5732049960632958,2.458972148559603
price,2010-02-22 15:52:00,0.5497307403471319,2.4588847298910133
dollar_volume,2010-06-15 12:45:00,0.2040019762785586,2.4588746928853933
price,2010-06-22 15:18:00,0.41365106200836765,2.458858547552642
dollar_volume,2010-11-19 13:35:00,0.20021337098887626,2.4588389685959773
price,2010-01-19 12:47:00,0.5912368406622006,2.4588360021042694
dollar_volume,2010-01-07 15:57:00,0.21464868452099384,2.458614959911967
gross_return,2010-07-02 14:02:00,0.22898977042429908,2.458585603546838
gross_return,2010-04-07 13:07:00,0.36551670980686235,2.4585041457944743
price,2010-07-12 12:25:00,0.4241543777447315,2.458388923228128
gross_return,2010-11-17 15:44:00,0.2786273267279875,2.458225083323691
price,2010-10-05 11:45:00,0.50973643897318,2.4581775601149736
price,2010-06-15 15:31:00,0.41487629682555455,2.45802278102167
gross_return,2010-04-05 13:32:00,0.29820989653582736,2.458007851096717
gross_return,2010-04-28 14:37:00,0.3107366017803302,2.4579168821574897
dollar_volume,2010-08-26 15:44:00,0.18746816650742157,2.457624146144548
dollar_volume,2010-10-27 15:44:00,0.18061200009374861,2.4575916784953757
gross_return,2010-11-02 15:49:00,0.3214986713823005,2.4572410970816114
price,2010-04-13 12:23:00,0.5396692987853854,2.4572129459557144
gross_return,2010-10-11 15:53:00,0.32377003721504183,2.4568845915629693
price,2010-12-13 13:31:00,0.46413501893331915,2.4567989110112425
dollar_volume,2010-02-12 14:11:00,0.18864055601664573,2.456683537830367
price,2010-12-13 13:29:00,0.463050266480432,2.4566539838236
gross_return,2010-12-29 14:11:00,0.8918342118211754,2.456573149170887
gross_return,2010-02-11 12:08:00,0.28644979133349635,2.4565576882173796
dollar_volume,2010-11-23 13:24:00,0.19597193939575264,2.4563284479566034
dollar_volume,2010-09-17 14:37:00,0.009778641587934844,-2.4561210504316526
gross_return,2010-06-23 10:51:00,0.26223919711381116,2.455914726661607
price,2010-09-21 14:32:00,0.4762493470066711,2.4558780279178256
dollar_volume,2010-11-03 11:50:00,0.17267297368455337,2.4556106901257655
price,2010-04-22 13:11:00,0.5071394273336622,2.4554962384842347
price,2010-09-27 14:02:00,0.49076131482790064,2.455247183804024
price,2010-02-12 12:50:00,0.5461332147692243,2.455186582495303
dollar_volume,2010-09-13 13:24:00,0.18939303627376747,2.4549566152780344
gross_return,2010-03-08 14:23:00,0.3943225494511758,2.454955408732655
dollar_volume,2010-07-28 12:11:00,0.20729819448782366,2.454909756859122
gross_return,2010-02-12 12:55:00,0.31674097571392085,2.4547271818193273
dollar_volume,2010-02-25 15:00:00,0.20656597559401926,2.4545631201881823
price,2010-08-26 14:24:00,0.47699212315117057,2.4540678011417802
gross_return,2010-09-21 14:18:00,0.3203973450228155,2.453969826181106
price,2010-11-04 11:07:00,0.4492486482183238,2.4538298874577555
dollar_volume,2010-07-16 14:48:00,0.18048462739069893,2.453751366818209
dollar_volume,2010-12-15 12:10:00,0.2151162407880652,2.4537028901132203
dollar_volume,2010-03-25 11:06:00,0.2038561137577766,2.4536061561943865
gross_return,2010-11-24 14:28:00,0.295362364491711,2.453530546941334
price,2010-11-15 15:52:00,0.4506753430816941,2.453331207539707
price,2010-04-23 13:21:00,0.5294861328674924,2.453303173392382
price,2010-10-21 13:01:00,0.4769920854868787,2.4532168044817304
dollar_volume,2010-09-17 14:38:00,0.009791115762665675,-2.4529976606733537
dollar_volume,2010-02-12 14:13:00,0.18879043338010906,2.452739056503689
price,2010-12-15 11:42:00,0.49667751370834434,2.4526855385050967
dollar_volume,2010-05-11 13:30:00,0.20920250584800226,2.452623548203107
gross_return,2010-09-10 15:41:00,0.29339498899397337,2.4525141028065596
price,2010-04-07 10:53:00,0.5308621142653331,2.452443678331922
dollar_volume,2010-05-13 15:01:00,0.2115387776499925,2.4523086163013463
dollar_volume,2010-11-02 15:50:00,0.1699133253299793,2.4522566527583356
dollar_volume,2010-12-14 11:16:00,0.2142397381120156,2.4522063545681165
dollar_volume,2010-05-13 15:04:00,0.21224254916937405,2.4521906285132697
dollar_volume,2010-09-09 13:07:00,0.19302642714594337,2.4521080621992875
price,2010-02-02 12:41:00,0.451606608922831,2.452047619432918
gross_return,2010-09-21 14:19:00,0.3206143936479225,2.4519977189458557
gross_return,2010-04-28 14:38:00,0.31067688576453534,2.4519768274365825
price,2010-11-18 10:51:00,0.42317630062599615,2.4518924469817844
dollar_volume,2010-10-06 14:39:00,0.17496578587358474,2.451612520264782
dollar_volume,2010-08-05 15:06:00,0.19871418233992846,2.4515237192042747
dollar_volume,2010-03-09 14:15:00,0.19462566529964628,2.451444969900794
gross_return,2010-05-26 10:51:00,0.19491104928637684,2.451405726445697
price,2010-06-14 13:28:00,0.39565660988421464,2.451298529570433
price,2010-05-03 13:00:00,0.5727446282609429,2.4512620254937945
price,2010-12-29 13:35:00,0.7453189060610468,2.4508861637249995
dollar_volume,2010-12-07 11:28:00,0.18355412301690202,2.4506959040862744
gross_return,2010-07-02 14:03:00,0.2288387150007763,2.450693369425473
gross_return,2010-02-12 13:03:00,0.31943213004522586,2.450586525481008
price,2010-12-15 11:41:00,0.49588304761570806,2.450565827615197
gross_return,2010-11-24 14:50:00,0.30337114177867375,2.450379956395951
dollar_volume,2010-08-25 15:53:00,0.1803235606512547,2.4503121643749446
price,2010-04-30 15:13:00,0.5415867031151442,2.4502837449541
gross_return,2010-11-30 14:09:00,0.28385369051970577,2.4502723901424823
gross_return,2010-07-07 13:17:00,0.23642161363611947,2.450165131867795
gross_return,2010-10-11 13:15:00,0.29994579122130577,2.4499458120388384
dollar_volume,2010-05-25 12:11:00,0.17467279293480606,2.4498404560187925
dollar_volume,2010-12-15 12:30:00,0.2187012790762104,2.4497705867578405
price,2010-08-26 14:43:00,0.48291733807894593,2.449658865258873
gross_return,2010-01-15 14:50:00,0.3511668411775454,2.4495145950856974
price,2010-04-30 12:53:00,0.5442359397777408,2.4493943596689265
price,2010-07-21 14:19:00,0.44680762306731336,2.4493495300047066
price,2010-06-23 10:37:00,0.4216868542368682,2.449233174853444
price,2010-10-07 13:33:00,0.4997186285526625,2.4491675660753542
dollar_volume,2010-11-05 13:51:00,0.18148787044443582,2.4491461520830486
dollar_volume,2010-06-15 12:44:00,0.2033509425423985,2.448939796012088
price,2010-02-12 12:47:00,0.543204071742263,2.448319421574249
gross_return,2010-06-21 15:42:00,0.2538644886984921,2.4483111228366683
gross_return,2010-06-02 11:08:00,0.2337955739264554,2.4481564064944275
dollar_volume,2010-02-11 13:53:00,0.19095304325182982,2.4480010219711184
gross_return,2010-12-29 12:25:00,0.8421644621503821,2.44784649542949
dollar_volume,2010-05-13 15:09:00,0.21329296915477247,2.447748593862909
gross_return,2010-08-04 15:40:00,0.2852678341588734,2.4474573569667473
price,2010-06-11 15:54:00,0.38639164592309483,2.4474542538067734
price,2010-03-08 12:55:00,0.4527131899588181,2.4474269215444173
gross_return,2010-02-02 14:22:00,0.2800342156674805,2.4474217544460686
gross_return,2010-12-01 12:50:00,0.2774902862286439,2.447417080608471
dollar_volume,2010-05-13 15:02:00,0.21153137593807544,2.447291407041987
dollar_volume,2010-02-26 12:25:00,0.2066609460100675,2.447026258715673
gross_return,2010-04-28 14:39:00,0.3106767804320226,2.4469923333074917
dollar_volume,2010-05-26 10:52:00,0.17915551950850708,2.446867152649067
price,2010-04-23 13:14:00,0.528492562802216,2.4466208904720217
gross_return,2010-03-17 13:01:00,0.3560544757790382,2.446442990254239
price,2010-04-13 12:40:00,0.5459278076653227,2.4463472743099817
gross_return,2010-03-16 13:34:00,0.3721845428135275,2.445992425116523
dollar_volume,2010-08-31 15:54:00,0.2003791750586105,2.4457032571694985
price,2010-11-15 14:43:00,0.43765105383868497,2.445644614128159
gross_return,2010-11-24 14:51:00,0.30337114177867375,2.4455820806933826
price,2010-07-20 13:47:00,0.43521461782286314,2.445217709942795
price,2010-09-03 14:11:00,0.5752602073861021,2.444833285936672
dollar_volume,2010-04-07 13:53:00,0.21358757984701077,2.4445021330369143
price,2010-12-30 15:34:00,0.7215778303148708,2.444308499421
dollar_volume,2010-09-15 11:29:00,0.19003902105532408,2.44412169536071
dollar_volume,2010-07-16 15:36:00,0.18269668361086283,2.4441198232246264
gross_return,2010-11-03 14:34:00,0.34317780053690544,2.4438116627310618
dollar_volume,2010-04-16 15:08:00,0.18433842613507978,2.4437964622113473
gross_return,2010-07-07 13:22:00,0.23667058521287676,2.4436821753082194
gross_return,2010-03-16 13:35:00,0.37218454281345315,2.4435262242381195
dollar_volume,2010-07-16 15:40:00,0.18334918752109883,2.4435139287490513
price,2010-08-06 14:55:00,0.5069424262675615,2.4434559153554174
gross_return,2010-11-26 12:26:00,0.31179908980788257,2.4433713184170673
gross_return,2010-12-13 14:14:00,0.38842120006355124,2.4427564585816937
gross_return,2010-07-07 13:21:00,0.23650081672392148,2.4427535377646614
price,2010-04-28 14:30:00,0.5415532843712384,2.442650279747678
price,2010-11-05 11:51:00,0.43408733151330037,2.442615573105959
gross_return,2010-10-29 15:22:00,0.343979435319606,2.4425052836384666
gross_return,2010-03-17 13:21:00,0.36239902308975325,2.442487686896766
gross_return,2010-03-08 14:53:00,0.40784239518894405,2.4422832125599796
price,2010-04-22 13:40:00,0.5295076633744735,2.442223780985601
dollar_volume,2010-12-15 15:23:00,0.21566141507220654,2.442211787480193
dollar_volume,2010-07-23 13:06:00,0.20952459292547135,2.442165467636569
gross_return,2010-10-06 11:57:00,0.23932660941376457,2.4420130000418885
dollar_volume,2010-01-07 15:58:00,0.21420498483431477,2.4416363684227225
price,2010-07-21 14:38:00,0.45906843831710187,2.4414567992615224
gross_return,2010-12-29 14:09:00,0.8868457209922691,2.441323231017281
price,2010-10-07 13:07:00,0.49482270544004403,2.4412259916032997
gross_return,2010-03-29 15:45:00,0.2959935954217947,2.441151026618941
price,2010-04-13 15:50:00,0.5846673519059229,2.440930541942762
price,2010-11-03 11:32:00,0.4417456848414498,2.440608710495084
dollar_volume,2010-05-26 10:54:00,0.17931455508704813,2.440341411269932
price,2010-05-04 10:51:00,0.5784889443516036,2.4401201160879586
gross_return,2010-12-13 14:10:00,0.3861856716541558,2.43993762529234
gross_return,2010-12-29 12:27:00,0.8423565667418058,2.4396823468337288
dollar_volume,2010-04-05 13:13:00,0.21647424848006747,2.439609935714289
dollar_volume,2010-01-26 14:14:00,0.18941035568288642,2.439524480267849
dollar_volume,2010-03-29 14:24:00,0.21082301798397465,2.4394454270999564
gross_return,2010-12-29 14:20:00,0.8971935538962871,2.439409489290354
price,2010-07-23 13:50:00,0.4535231142094878,2.4391980345901114
gross_return,2010-02-18 13:22:00,0.312999564680105,2.4391812932276955
gross_return,2010-08-27 11:28:00,0.2845832930548109,2.4390337822701995
price,2010-10-08 13:06:00,0.5246375402626011,2.438876694881468
gross_return,2010-10-11 13:19:00,0.30046573694823075,2.438513813079517
price,2010-08-27 11:55:00,0.484569803930767,2.4382094684873348
gross_return,2010-05-28 12:38:00,0.19402556801475884,2.4381246336434454
price,2010-09-21 14:43:00,0.481636121872832,2.4379424596402295
price,2010-01-19 12:46:00,0.5878016119000529,2.4379138882643834
price,2010-02-12 12:21:00,0.5198267495463222,2.437894040535106
dollar_volume,2010-06-29 10:56:00,0.1935380530967809,2.437805315207807
gross_return,2010-07-14 10:50:00,0.2728672668700103,2.437468569714938
gross_return,2010-04-28 14:27:00,0.30581400628322947,2.4374622150345266
gross_return,2010-12-29 14:17:00,0.8939754625128392,2.4373600040123744
gross_return,2010-09-27 14:21:00,0.3109963114134416,2.4371890236714786
dollar_volume,2010-06-02 14:48:00,0.19585225661457667,2.43715858800295
gross_return,2010-12-29 14:12:00,0.8889518794077039,2.436961314335323
gross_return,2010-08-23 12:45:00,0.29618964199327463,2.4368284712165384
price,2010-11-04 15:52:00,0.43783178474271695,2.436588236839443
price,2010-07-22 10:46:00,0.4809135847004131,2.4361102723953256
gross_return,2010-07-23 14:26:00,0.24898206327951622,2.436000201463714
price,2010-10-21 11:04:00,0.47325683383609163,2.435995298349796
dollar_volume,2010-03-10 15:15:00,0.1890250595518897,2.435964767743535
gross_return,2010-06-23 14:48:00,0.2796448333356259,2.435958304141323
gross_return,2010-07-14 10:48:00,0.2722954951813811,2.435930037211261
price,2010-11-05 14:18:00,0.4494601025559316,2.435921459991119
dollar_volume,2010-07-12 14:23:00,0.18138194650717113,2.4358815068336934
price,2010-09-09 12:58:00,0.5734353850437843,2.4357889504823853
price,2010-10-07 13:05:00,0.4930062543303328,2.4357539170694307
gross_return,2010-04-06 15:52:00,0.35006152010713093,2.435702029441514
dollar_volume,2010-04-20 14:05:00,0.20136712093543307,2.4355818384247145
gross_return,2010-04-05 14:02:00,0.3028577566179868,2.435513034053388
gross_return,2010-02-22 14:42:00,0.3196144571541127,2.4355085203558993
gross_return,2010-08-23 12:46:00,0.2964029201800221,2.4353286750311147
dollar_volume,2010-07-21 14:16:00,0.1943096116440622,2.4350758575578277
dollar_volume,2010-05-11 13:32:00,0.20891611274994548,2.4350674806767856
price,2010-09-21 14:29:00,0.47312621372825275,2.4349385046422722
dollar_volume,2010-07-23 13:05:00,0.2089898226043615,2.4347866540243697
gross_return,2010-11-17 15:55:00,0.27997318495931867,2.434742102289295
dollar_volume,2010-08-24 11:20:00,0.18228415336846304,2.4345802787553144
dollar_volume,2010-04-20 14:37:00,0.20319590700971607,2.434507733104993
dollar_volume,2010-05-03 15:06:00,0.20543758427029973,2.4343333961215725
dollar_volume,2010-04-06 14:09:00,0.21327657991552568,2.4341874427271843
price,2010-05-12 12:24:00,0.35564732402604116,2.434141137975245
gross_return,2010-06-21 12:08:00,0.24561387329511364,2.434120262836773
dollar_volume,2010-03-17 10:51:00,0.19036547433413997,2.434039005454168
dollar_volume,2010-02-11 13:58:00,0.1913273443815015,2.4339748853358096
price,2010-06-14 13:03:00,0.38491990916910734,2.4339608873382685
price,2010-08-17 12:11:00,0.4487038800240702,2.433899815980951
gross_return,2010-06-18 11:06:00,0.2402033947045688,2.433851462264582
gross_return,2010-03-08 14:55:00,0.4079615203223283,2.433718628439503
gross_return,2010-08-04 15:42:00,0.2849983590893316,2.4336099777584907
dollar_volume,2010-12-03 12:20:00,0.1924009699983418,2.43315624644008
dollar_volume,2010-04-19 15:34:00,0.19727582447042946,2.4330702364566394
dollar_volume,2010-04-19 15:36:00,0.19757867587860936,2.433000708846653
price,2010-12-29 14:13:00,0.7421480845161561,2.432858951686065
gross_return,2010-12-29 12:23:00,0.8375569996412657,2.4322822013122978
gross_return,2010-07-19 14:50:00,0.2700366698196838,2.4322189088979007
gross_return,2010-02-12 12:29:00,0.30402752163608876,2.4320947675581057
price,2010-12-08 12:18:00,0.5640453112606183,2.4318426062352074
gross_return,2010-09-10 15:30:00,0.28957345380846367,2.4317365526574557
dollar_volume,2010-09-01 11:33:00,0.19927608109012895,2.431667369331146
price,2010-10-19 14:32:00,0.4948677568093415,2.4314304667648545
price,2010-02-22 15:54:00,0.5472998629956701,2.43134615990412
dollar_volume,2010-11-12 15:33:00,0.19506294246966532,2.4313071234590553
dollar_volume,2010-07-22 14:05:00,0.20831133364680804,2.431258187398679
dollar_volume,2010-03-26 13:51:00,0.19974315373332402,2.431225533705514
gross_return,2010-04-05 14:04:00,0.303226094321491,2.4311260170977116
dollar_volume,2010-06-10 11:16:00,0.17571456016581266,2.4311238568041946
price,2010-02-02 11:00:00,0.44116557766597175,2.4310611811742837
gross_return,2010-02-22 14:43:00,0.3196140955693678,2.4310292529762028
dollar_volume,2010-04-08 12:29:00,0.22100006231653763,2.4310021525607355
gross_return,2010-06-18 11:12:00,0.241563301981981,2.430975381488418
gross_return,2010-07-28 13:05:00,0.24989728122106936,2.430862044548105
gross_return,2010-08-27 12:56:00,0.28370270543087756,2.4308438826269474
price,2010-03-16 11:39:00,0.5349881042716373,2.4305232141955044
price,2010-02-12 12:19:00,0.517366080967189,2.430497697577534
dollar_volume,2010-11-09 14:45:00,0.19465599137907097,2.430495325241215
gross_return,2010-04-05 14:03:00,0.30285775661801156,2.430475536317907
price,2010-01-29 13:57:00,0.45125134711274795,2.4304728219193863
dollar_volume,2010-06-11 13:11:00,0.19771593563829293,2.4304366479164363
dollar_volume,2010-10-22 12:23:00,0.1763889365334066,2.4303530624940186
dollar_volume,2010-01-29 14:17:00,0.19773865249827965,2.4303075943688612
dollar_volume,2010-11-23 15:50:00,0.2052970992053164,2.430086468984062
price,2010-11-22 10:51:00,0.43297300700263935,2.430033252521648
gross_return,2010-09-09 12:09:00,0.34118559996800757,2.4298919252588655
price,2010-02-05 15:53:00,0.47002913022185305,2.42984924227655
price,2010-09-20 10:53:00,0.44749207956456694,2.4295314795578395
gross_return,2010-08-02 12:36:00,0.28680243095831903,2.429380097970909
price,2010-08-26 14:31:00,0.4787768953897752,2.4292982846427136
price,2010-12-30 15:42:00,0.7249955471244485,2.4292960743460834
price,2010-04-01 14:25:00,0.537170197081383,2.4290560834905905
dollar_volume,2010-11-02 15:57:00,0.17074243312641885,2.4288537862037356
gross_return,2010-09-17 12:08:00,0.29453989286234256,2.428623222588361
gross_return,2010-10-12 13:43:00,0.3367538592426447,2.4284256889316795
price,2010-12-16 11:21:00,0.5171929788471089,2.428342148480277
gross_return,2010-10-07 14:34:00,0.2755959986972286,2.4282514771994146
price,2010-04-13 15:57:00,0.5890035858226703,2.4279459179422562
dollar_volume,2010-10-28 11:17:00,0.18329702027073053,2.4278266159915614
dollar_volume,2010-10-11 15:15:00,0.1654381908924164,2.427816959803185
dollar_volume,2010-11-23 15:49:00,0.2049911063999799,2.4276887809657954
price,2010-05-12 11:58:00,0.3514601415949136,2.427629694876389
price,2010-11-01 14:54:00,0.3995344580363867,2.4275526978110475
price,2010-05-24 12:42:00,0.3683674591854977,2.4274781856488503
dollar_volume,2010-11-03 14:57:00,0.18131485897168653,2.427382276922116
gross_return,2010-12-29 12:24:00,0.8374890236089186,2.4273470242882893
gross_return,2010-01-15 14:48:00,0.34946025338177644,2.427300665174094
gross_return,2010-05-05 14:58:00,0.253223404653711,2.4272534015864684
dollar_volume,2010-08-17 13:02:00,0.20595744430236518,2.4272507277548896
price,2010-09-20 14:39:00,0.4490561249274381,2.427107450654179
price,2010-07-15 15:21:00,0.4336849993104811,2.427062991783941
dollar_volume,2010-07-16 15:30:00,0.18063116580967065,2.427036670569957
price,2010-04-13 15:49:00,0.5822183219353649,2.426981490038981
gross_return,2010-02-12 12:30:00,0.3040157582728239,2.426902696856278
price,2010-12-29 14:12:00,0.7405782217008329,2.4268047447951866
gross_return,2010-12-29 14:16:00,0.8909248317739599,2.426772073119836
gross_return,2010-09-10 15:31:00,0.28957345380846367,2.426728001589092
price,2010-11-02 13:15:00,0.41770912099514873,2.426700479164222
dollar_volume,2010-05-11 13:21:00,0.20623154161109314,2.426455615864633
dollar_volume,2010-08-26 14:27:00,0.18462853480548158,2.4264046609514547
dollar_volume,2010-11-12 15:34:00,0.19506699432216035,2.4263917856847197
gross_return,2010-05-18 10:58:00,0.22621004437016723,2.426345877877201
dollar_volume,2010-02-05 12:35:00,0.19361667921907819,2.426311740986367
price,2010-06-25 14:12:00,0.39364421624442064,2.4259996441432166
gross_return,2010-07-19 14:40:00,0.2670722929473208,2.4258141945408527
gross_return,2010-06-08 13:41:00,0.22904163794537202,2.425794175912442
dollar_volume,2010-12-09 10:48:00,0.19451807603676255,2.425687206499788
dollar_volume,2010-01-19 13:45:00,0.18949841535606343,2.4253963902785407
price,2010-11-22 15:03:00,0.498773751506286,2.425225924910041
gross_return,2010-10-07 14:33:00,0.27517129921602734,2.4249172755110444
dollar_volume,2010-04-29 14:37:00,0.19663293433461068,2.4246931317424703
dollar_volume,2010-01-19 14:22:00,0.18991242946938958,2.424630037382274
price,2010-09-27 14:15:00,0.4963184315430097,2.424619108060786
price,2010-06-11 10:37:00,0.38113218395200454,2.4245567116935045
dollar_volume,2010-10-12 14:28:00,0.1780497710130167,2.423952521382847
price,2010-11-19 13:11:00,0.4226136449518514,2.4239486525223906
dollar_volume,2010-01-21 11:33:00,0.18524864763400054,2.423821091701731
price,2010-04-13 12:34:00,0.5398259116136913,2.423755022542371
price,2010-05-12 11:59:00,0.3514776769799418,2.4236176537434413
price,2010-08-17 11:54:00,0.4423646814606705,2.4235746286329163
price,2010-01-21 11:09:00,0.6405975112869274,2.423570276009176
dollar_volume,2010-09-16 15:54:00,0.19329125756026674,2.423480167091456
gross_return,2010-03-08 14:37:00,0.39789088401375045,2.423244105136933
gross_return,2010-12-29 12:26:00,0.8383991665857206,2.4230559298488332
gross_return,2010-08-18 12:54:00,0.30497818047567316,2.4228878357062453
dollar_volume,2010-11-19 13:34:00,0.19865034642766122,2.42282582878101
gross_return,2010-08-02 12:19:00,0.2755842959465957,2.4227605042690765
dollar_volume,2010-02-26 12:23:00,0.2051977356321145,2.422619105579927
gross_return,2010-12-01 12:34:00,0.27370169410112266,2.4224012605203753
gross_return,2010-10-22 10:50:00,0.2798949115833411,2.4222038307080807
dollar_volume,2010-10-25 10:49:00,0.18308748642476427,2.4221188436385255
gross_return,2010-10-06 15:27:00,0.2443052085360677,2.4220680885938073
price,2010-04-07 11:12:00,0.5415909463935428,2.421742305466118
dollar_volume,2010-11-23 15:51:00,0.20512423368741753,2.4216732011125006
dollar_volume,2010-04-16 11:43:00,0.1877298100881201,2.4215914703580648
price,2010-08-31 14:35:00,0.49417048945294334,2.421538217725772
gross_return,2010-10-11 15:56:00,0.32227201046162457,2.421370431008405
gross_return,2010-03-05 11:06:00,0.2968195826879052,2.421152043106082
price,2010-04-01 13:52:00,0.5118151154600037,2.421088181399768
gross_return,2010-02-18 13:13:00,0.3092843081235741,2.420959865641055
gross_return,2010-07-19 14:41:00,0.2670739220350784,2.420893765124415
price,2010-11-04 11:08:00,0.4464301829827617,2.4208911525489425
price,2010-02-02 12:40:00,0.44799735463853996,2.420500812221947
price,2010-09-02 13:03:00,0.565347271007107,2.420405305840969
dollar_volume,2010-11-18 13:38:00,0.19518287603721898,2.4203219688182394
gross_return,2010-07-06 11:52:00,0.2316242811274591,2.4201993637865815
price,2010-03-16 11:42:00,0.5353265004997348,2.420148571254434
price,2010-01-13 11:44:00,0.5312420197185509,2.419950519948736
dollar_volume,2010-03-23 11:16:00,0.19507668416621207,2.419703585007754
price,2010-11-01 15:28:00,0.4184797597129384,2.419534082789066
price,2010-08-26 14:21:00,0.4714362507602414,2.419245818009895
price,2010-12-02 10:38:00,0.6001029495952965,2.419054085241368
dollar_volume,2010-06-23 12:32:00,0.19939693656518742,2.418649913315521
dollar_volume,2010-07-16 13:43:00,0.17951788222058263,2.4184664022655387
gross_return,2010-03-17 13:00:00,0.3535065692754452,2.41842091985872
dollar_volume,2010-02-18 11:09:00,0.18525114972890555,2.4183137021772065
dollar_volume,2010-07-16 15:23:00,0.1793186641040396,2.418275100761031
price,2010-10-28 10:41:00,0.498275901424454,2.418191525887433
gross_return,2010-11-18 14:17:00,0.2938208018409502,2.4181457696253807
dollar_volume,2010-05-25 11:30:00,0.17089220935147742,2.4180360868542716
dollar_volume,2010-02-18 11:13:00,0.1858492686404797,2.4179370207239366
gross_return,2010-07-07 13:12:00,0.2337097781035506,2.4175698350886194
dollar_volume,2010-04-28 12:20:00,0.18992843700260242,2.4174012613616993
gross_return,2010-03-17 13:12:00,0.356454325243836,2.417378978162881
dollar_volume,2010-07-19 14:44:00,0.1834556536281388,2.417368434814765
price,2010-11-03 11:31:00,0.4390068510678161,2.4171497710536833
dollar_volume,2010-09-09 13:08:00,0.19183982057397547,2.4171086970408315
dollar_volume,2010-07-16 13:53:00,0.17919765285412456,2.4170623511426736
price,2010-02-02 11:01:00,0.44015734538701745,2.416758381257547
gross_return,2010-11-19 13:24:00,0.30504517736012904,2.4166262573397543
dollar_volume,2010-04-20 10:37:00,0.19860888860667242,2.416617479146991
dollar_volume,2010-03-17 10:52:00,0.1898667836581658,2.416596572569227
dollar_volume,2010-02-12 14:19:00,0.18825777620841502,2.416464070255646
gross_return,2010-06-08 13:58:00,0.2313309879847113,2.4164449728834887
gross_return,2010-11-24 14:46:00,0.2997537584277172,2.416419191196072
dollar_volume,2010-09-10 11:06:00,0.18871610965038496,2.416281886441499
gross_return,2010-10-12 13:57:00,0.3411622202218626,2.4161434023876684
price,2010-07-21 14:45:00,0.45916772038096565,2.416008783996416
price,2010-12-17 13:32:00,0.5800996497902506,2.4159820037535487
price,2010-08-27 11:54:00,0.48142558522898576,2.4159623746901073
dollar_volume,2010-07-21 14:15:00,0.1933695657038963,2.4157384029668645
price,2010-02-08 13:38:00,0.4693189657812821,2.4157285035885225
gross_return,2010-04-05 14:05:00,0.302518956594377,2.415226528179906
gross_return,2010-10-06 15:29:00,0.24430520956167776,2.415164537896312
gross_return,2010-03-08 14:56:00,0.4066395397750179,2.415112577344506
price,2010-08-19 12:39:00,0.48637876753486403,2.415095144495389
price,2010-05-17 12:07:00,0.3730653557605789,2.415090525754963
price,2010-10-21 11:02:00,0.46976623020541813,2.41507172347903
dollar_volume,2010-12-08 11:02:00,0.19238953881215204,2.4150388832949727
price,2010-02-02 11:02:00,0.4403858752909249,2.4149273719931834
gross_return,2010-10-12 14:26:00,0.3753231953267403,2.414895665302125
dollar_volume,2010-03-19 15:46:00,0.19045283505397417,2.4147680489491785
gross_return,2010-11-15 13:49:00,0.2954948377557546,2.414674406670746
dollar_volume,2010-04-08 10:43:00,0.21599367391794216,2.4145771713961346
price,2010-02-02 12:34:00,0.4443642361290215,2.414378507080779
dollar_volume,2010-01-27 15:30:00,0.1893854078295975,2.414218794973673
dollar_volume,2010-06-23 15:42:00,0.20114072474021277,2.414037516684014
price,2010-03-16 11:37:00,0.5317301308174287,2.413913300284154
dollar_volume,2010-08-16 11:44:00,0.19845711568442997,2.413769934805963
dollar_volume,2010-01-21 11:32:00,0.18468102258207683,2.413724507745115
dollar_volume,2010-01-06 14:52:00,0.20625566236181986,2.4136058171605854
gross_return,2010-02-18 13:28:00,0.3132299951986262,2.4135086513969912
dollar_volume,2010-05-18 12:00:00,0.20019962001345115,2.413457551924478
price,2010-11-22 15:02:00,0.4967865918191383,2.413413995041152
dollar_volume,2010-10-22 12:21:00,0.1754812061458194,2.4133727582061835
price,2010-02-18 14:40:00,0.5362946930603686,2.4133183610925744
gross_return,2010-09-08 12:31:00,0.3328822109297584,2.413289086472888
price,2010-02-02 12:39:00,0.44680038035899305,2.4132011079857856
dollar_volume,2010-08-17 13:04:00,0.20577680886070612,2.4130512732961495
price,2010-11-01 15:06:00,0.40641185793304146,2.413014080986168
dollar_volume,2010-03-17 13:35:00,0.19478306713473498,2.4130011234687645
price,2010-12-15 11:39:00,0.4905331336417096,2.4129830017794647
dollar_volume,2010-08-05 15:17:00,0.19903635445842743,2.4129522968962327
dollar_volume,2010-02-09 13:27:00,0.20095073166606642,2.412904162260063
dollar_volume,2010-07-15 11:41:00,0.17971832103842783,2.4127973182244378
dollar_volume,2010-10-19 11:48:00,0.18455140014095223,2.412709845414521
dollar_volume,2010-10-20 12:31:00,0.17674887673165277,2.412618309561357
gross_return,2010-03-08 14:50:00,0.4037429436397305,2.4125655454754322
price,2010-09-29 15:23:00,0.46098515296919323,2.4122455341892386
gross_return,2010-09-17 13:47:00,0.3098187674396217,2.4121907039921844
dollar_volume,2010-02-22 14:28:00,0.19350846762608573,2.4120496446356468
price,2010-05-26 13:48:00,0.3163725368717383,2.41192195117709
dollar_volume,2010-10-22 14:22:00,0.18054016667930212,2.4116986393767967
price,2010-05-03 13:05:00,0.5700224776157585,2.4116598170543697
dollar_volume,2010-04-16 11:59:00,0.1842302673384989,2.4116308012533576
gross_return,2010-08-02 14:12:00,0.2903253608822283,2.4115790350591135
dollar_volume,2010-05-10 11:43:00,0.19182327977854338,2.4115527220918858
price,2010-12-13 13:32:00,0.45980365793107186,2.4112919999147877
price,2010-12-15 11:40:00,0.4908951724658731,2.411270656159966
price,2010-01-29 13:58:00,0.44977152598641695,2.411219404712495
dollar_volume,2010-07-16 14:49:00,0.17904671558722193,2.410962661772641
gross_return,2010-06-11 13:56:00,0.2331024655853928,2.410847021057839
dollar_volume,2010-11-09 14:51:00,0.19483445413721961,2.410833604359315
gross_return,2010-04-14 12:32:00,0.39036039546198265,2.410803993194715
gross_return,2010-10-06 15:30:00,0.24430520956167776,2.410802982270984
price,2010-12-02 10:37:00,0.5980598368812864,2.4107057452877356
dollar_volume,2010-12-14 11:04:00,0.20998004414171795,2.410641761637387
price,2010-05-13 13:54:00,0.3597415477432162,2.410631032047496
gross_return,2010-06-18 11:17:00,0.241914755000041,2.4104879774032164
dollar_volume,2010-02-22 14:36:00,0.19544639617565013,2.4104660847079264
gross_return,2010-03-08 14:57:00,0.4066364093868519,2.410389034654176
gross_return,2010-02-12 13:04:00,0.3167203838874993,2.4100143458337864
price,2010-12-13 13:28:00,0.457570321660651,2.409952022430392
price,2010-05-27 14:38:00,0.34768641997553595,2.4098699891741577
price,2010-11-15 14:32:00,0.42946254383320887,2.409794158191213
gross_return,2010-10-07 14:25:00,0.27298372096452517,2.4097293388964993
price,2010-12-20 13:33:00,0.602289713756542,2.4096135510793992
price,2010-12-29 14:34:00,0.7567424130245072,2.4094298856992844
dollar_volume,2010-05-12 12:53:00,0.20790403922780276,2.4094219625919835
price,2010-03-05 13:30:00,0.44382880445780454,2.409326877975438
dollar_volume,2010-04-01 13:47:00,0.2149984571814572,2.4092919436556564
price,2010-06-09 15:10:00,0.3834529474275318,2.4092142162129204
price,2010-11-01 15:40:00,0.4210100566047268,2.409178328220055
dollar_volume,2010-05-07 13:09:00,0.18872627580765577,2.409057012887472
gross_return,2010-02-12 13:07:00,0.31750435920543596,2.4090240002071956
price,2010-11-03 11:30:00,0.43776916216445844,2.408867654000227
dollar_volume,2010-07-29 13:30:00,0.20374024759798934,2.4086595761113645
gross_return,2010-06-08 13:43:00,0.22864474796739248,2.4086041433867798
price,2010-04-15 13:55:00,0.5443224174530731,2.4086033370112174
dollar_volume,2010-07-30 15:04:00,0.20050005565817652,2.408178133944261
gross_return,2010-04-05 11:46:00,0.2822326497289552,2.4080734324777833
gross_return,2010-08-27 12:58:00,0.282952703313152,2.4078935962196995
gross_return,2010-04-21 14:03:00,0.30779988665811997,2.407558451139603
price,2010-12-22 12:39:00,0.7541709592602528,2.4075439550552815
dollar_volume,2010-11-22 12:20:00,0.1966104036693038,2.4074837952611077
dollar_volume,2010-02-18 13:09:00,0.18674879812329215,2.407219931332212
price,2010-04-01 14:06:00,0.5190849293573739,2.40708222313322
gross_return,2010-08-19 10:51:00,0.2665831553983447,2.407032521177854
price,2010-02-19 11:56:00,0.576962126419709,2.4068702832794817
gross_return,2010-12-13 14:08:00,0.3822303851334718,2.406855112034701
gross_return,2010-05-12 15:59:00,0.27669746520645155,2.4068491558001623
price,2010-08-06 14:59:00,0.504667984420069,2.406727754924659
price,2010-01-07 11:21:00,0.6381453597314708,2.4066740481764777
price,2010-09-21 14:28:00,0.46995840258479815,2.4066241172507055
price,2010-09-27 14:26:00,0.4992349509800484,2.4064482272611047
gross_return,2010-11-03 10:47:00,0.3193861449476366,2.406400798364983
price,2010-12-29 13:36:00,0.73790105162578,2.4062995587666642
dollar_volume,2010-11-11 14:16:00,0.1889832932465522,2.406256339744607
gross_return,2010-02-12 13:05:00,0.3167198036553821,2.4061737117008155
price,2010-12-01 11:54:00,0.5441068509010707,2.4061562412558404
price,2010-02-12 12:51:00,0.5402670379936997,2.4060371861378944
gross_return,2010-05-06 15:08:00,0.2848724721982352,2.4060306498625588
gross_return,2010-03-17 13:19:00,0.3585745751660257,2.406014796723963
gross_return,2010-04-14 12:33:00,0.39036122531009015,2.405996467126654
gross_return,2010-12-13 14:09:00,0.3825935489317093,2.405918541690092
price,2010-05-26 15:58:00,0.33814389338741635,2.4058859389801817
dollar_volume,2010-10-25 14:16:00,0.1830965047128923,2.405753457404031
gross_return,2010-03-05 14:02:00,0.366587361505376,2.405745300046167
price,2010-11-18 10:57:00,0.42180426040737923,2.405677355768611
gross_return,2010-03-08 14:58:00,0.406635654980952,2.4056499204761397
dollar_volume,2010-07-02 11:31:00,0.17066480490567396,2.4055036674404175
gross_return,2010-03-01 14:18:00,0.28062608924510324,2.405301410364826
dollar_volume,2010-10-28 11:55:00,0.18270759917158283,2.4050154002119037
price,2010-11-18 10:56:00,0.42126657385642596,2.40491125950343
price,2010-02-12 14:32:00,0.5588334255175729,2.404883432052474
price,2010-05-26 13:47:00,0.31562127171787896,2.4046347305603084
gross_return,2010-07-19 14:35:00,0.2647279492585093,2.404569427771172
price,2010-05-26 15:56:00,0.33733051609027115,2.4045402892204417
price,2010-10-07 12:59:00,0.4863082041727892,2.404499618279822
gross_return,2010-06-21 15:43:00,0.2517228619403091,2.404427869467745
dollar_volume,2010-07-29 13:31:00,0.2037151006565655,2.4044141349603483
price,2010-08-10 14:30:00,0.4856622685885438,2.4044059865435887
price,2010-04-30 12:56:00,0.537847170504131,2.4043198566698294
gross_return,2010-12-29 14:08:00,0.8786110616768354,2.4042300591437544
dollar_volume,2010-06-23 11:57:00,0.19481762969794697,2.404229424671499
dollar_volume,2010-05-11 13:33:00,0.20777030063996224,2.404229251969924
dollar_volume,2010-01-29 14:15:00,0.19646963720002522,2.4041334188804133
gross_return,2010-06-08 13:42:00,0.22821429642209576,2.404017510033674
dollar_volume,2010-09-22 12:47:00,0.21828605029768025,2.403800546426381
dollar_volume,2010-06-04 12:49:00,0.19339821304106758,2.4030275168078297
gross_return,2010-12-29 14:18:00,0.8880852579925256,2.4029719053706766
price,2010-10-21 13:03:00,0.47252131006282444,2.402696713865811
dollar_volume,2010-02-18 11:12:00,0.18511922406920833,2.402647349108432
price,2010-11-15 14:36:00,0.43024595704996477,2.4020990590632985
dollar_volume,2010-03-19 13:10:00,0.18880748129906527,2.4020838489328415
price,2010-04-22 13:49:00,0.5310042010266299,2.402063952176326
gross_return,2010-12-10 14:48:00,0.312078173858679,2.4020525192552857
dollar_volume,2010-09-02 10:32:00,0.2000325462259237,2.401827383512879
gross_return,2010-10-22 10:51:00,0.27899951295497444,2.401625972334026
dollar_volume,2010-08-24 11:42:00,0.18437637489853095,2.401602713538977
price,2010-12-15 11:37:00,0.48831935030158713,2.4015863591858353
price,2010-09-08 13:50:00,0.5513793455592769,2.40156633435174
dollar_volume,2010-06-23 12:07:00,0.19557840337247318,2.4015546692062952
gross_return,2010-11-03 10:48:00,0.3193827972852714,2.401484520058615
price,2010-02-25 14:14:00,0.5462666938055712,2.401477207799196
dollar_volume,2010-04-16 12:00:00,0.18386666528644913,2.4014756833058892
price,2010-09-20 14:29:00,0.4417540221651137,2.401314923515154
gross_return,2010-03-17 13:20:00,0.3585749547934584,2.4012641500909173
gross_return,2010-12-29 14:05:00,0.8751914932963889,2.401252583966833
gross_return,2010-04-14 12:34:00,0.39036122531009027,2.401203027725409
gross_return,2010-03-08 14:59:00,0.40663478700833516,2.400920230262483
gross_return,2010-03-05 14:03:00,0.366587361505376,2.4008663100373897
gross_return,2010-03-01 14:16:00,0.2798974660734731,2.4004961621749787
gross_return,2010-10-29 15:23:00,0.3410868226311283,2.4004002728451215
price,2010-10-07 13:03:00,0.48775340879540235,2.400242804830874
dollar_volume,2010-07-06 15:22:00,0.17282772935076482,2.4001575713069974
dollar_volume,2010-04-16 11:57:00,0.18380059664320972,2.400141916727442
dollar_volume,2010-11-09 14:53:00,0.19474551429493533,2.4000275223350966
gross_return,2010-08-20 14:06:00,0.2880306774723639,2.3996628662183292
dollar_volume,2010-11-15 12:36:00,0.19667378074286482,2.3995774175263915
gross_return,2010-10-12 13:25:00,0.32737480209304337,2.3995373491921828
dollar_volume,2010-11-22 13:31:00,0.1984137261790518,2.399484416016966
dollar_volume,2010-09-17 12:55:00,0.19489887792255797,2.399427893402632
price,2010-03-11 15:53:00,0.51298675304886,2.399091270521808
gross_return,2010-07-06 11:56:00,0.23152690073233098,2.3989698831015684
gross_return,2010-10-07 14:30:00,0.27320225246073443,2.398878186420901
gross_return,2010-02-12 13:06:00,0.3164148828873906,2.398304042655732
price,2010-10-12 14:31:00,0.5475078472348006,2.3983007433718577
price,2010-09-08 14:01:00,0.5546009194634011,2.39829824334014
gross_return,2010-04-28 14:19:00,0.3012929255838298,2.3981598419486128
price,2010-04-27 11:35:00,0.5175196433339806,2.3980551435489565
dollar_volume,2010-09-13 11:43:00,0.18419263902137176,2.3980229171999925
dollar_volume,2010-03-24 15:47:00,0.19897333115942234,2.398008040523673
price,2010-09-23 15:06:00,0.4874406555804415,2.397946495260845
dollar_volume,2010-04-01 15:51:00,0.21277542262354993,2.3979180404415614
dollar_volume,2010-09-15 11:42:00,0.19030769309897322,2.3976872753547056
gross_return,2010-04-05 11:48:00,0.28215918057273526,2.3974190419661734
dollar_volume,2010-12-15 15:31:00,0.21458693573701076,2.3974032930401736
price,2010-08-26 14:23:00,0.47000526884873245,2.3973302574814537
dollar_volume,2010-01-28 12:20:00,0.19206100111088234,2.3971841490074377
dollar_volume,2010-04-19 13:14:00,0.18853640250962908,2.3970036636574865
gross_return,2010-01-19 13:20:00,0.33343950388085675,2.39697857267855
price,2010-04-07 13:25:00,0.560114344552226,2.396679584008285
dollar_volume,2010-09-01 11:32:00,0.19771003429964584,2.39665813683778
gross_return,2010-12-29 14:06:00,0.8751914932963889,2.396405229222194
gross_return,2010-10-20 14:20:00,0.26597030799013077,2.396094257673118
gross_return,2010-03-05 14:04:00,0.3665875693414114,2.396027252407679
gross_return,2010-10-29 15:24:00,0.3410867134357707,2.395751600376628
gross_return,2010-11-05 14:22:00,0.3462598780309094,2.3956578361716194
dollar_volume,2010-05-26 10:39:00,0.17608454826029465,2.395103968183381
price,2010-12-15 13:17:00,0.516789392195914,2.3950905060080574
gross_return,2010-12-29 14:04:00,0.873017743750188,2.3949533380281043
price,2010-02-02 10:58:00,0.4367329753399961,2.394806027038266
gross_return,2010-12-01 12:31:00,0.2711553206128488,2.394771266735994
dollar_volume,2010-10-12 14:02:00,0.17522441646868375,2.3947251778454026
gross_return,2010-10-07 13:26:00,0.24739527032988226,2.3946819779596025
price,2010-04-13 12:39:00,0.5391948628901165,2.394681135001728
price,2010-07-21 14:17:00,0.4402562252333868,2.394531602555561
dollar_volume,2010-05-25 11:27:00,0.16988376457372176,2.3943180133358055
price,2010-12-29 14:14:00,0.736021521822626,2.3941762904621324
dollar_volume,2010-11-22 13:59:00,0.20165415309332382,2.3941232618124975
gross_return,2010-09-10 11:05:00,0.33107485368649303,2.394095479418654
price,2010-12-15 12:04:00,0.4968264342627983,2.3940858214915886
price,2010-09-03 14:12:00,0.5687922990159094,2.3939420651926127
dollar_volume,2010-03-31 11:44:00,0.20999545166326694,2.393747686544014
dollar_volume,2010-09-01 11:25:00,0.19588597984424747,2.3937261213025387
dollar_volume,2010-03-12 15:25:00,0.1835793546563869,2.3936170306907023
dollar_volume,2010-09-22 12:49:00,0.21823794207157374,2.3934281975816343
dollar_volume,2010-03-10 15:13:00,0.18707649821941338,2.3934281681460687
price,2010-04-22 13:39:00,0.5231108387869245,2.393166431467726
dollar_volume,2010-05-25 11:28:00,0.16986308081904766,2.393150857294009
dollar_volume,2010-07-16 15:46:00,0.1826768842649483,2.393121384354017
dollar_volume,2010-08-13 13:03:00,0.19025528632016422,2.3931192962181846
price,2010-08-06 11:07:00,0.4962290283282753,2.3927581670364275
dollar_volume,2010-06-23 15:15:00,0.19751080078651817,2.3927492780398363
gross_return,2010-11-02 11:14:00,0.3104463179390623,2.392732931378734
dollar_volume,2010-10-11 15:37:00,0.16753602797580752,2.392608195006664
dollar_volume,2010-03-29 14:10:00,0.20678174117217218,2.3925916509920273
gross_return,2010-06-30 14:21:00,0.26031311600776674,2.3924672302000505
price,2010-11-29 15:05:00,0.545520483274329,2.392436948273816
dollar_volume,2010-05-11 13:05:00,0.20259147223565976,2.3924155715221223
price,2010-05-12 10:42:00,0.3491169850417371,2.3923921192645152
dollar_volume,2010-07-29 13:07:00,0.19840040301799228,2.392375199771593
dollar_volume,2010-08-05 15:33:00,0.2013793988041155,2.3922102384378596
gross_return,2010-01-19 13:21:00,0.33343715382855493,2.3921851069881277
gross_return,2010-10-08 13:15:00,0.27893064106923077,2.3920663738350134
price,2010-12-01 11:53:00,0.5414861185034238,2.392062653333268
price,2010-12-10 12:34:00,0.439862750043861,2.39204217820625
price,2010-04-27 11:54:00,0.5258379764295886,2.3920237296974816
dollar_volume,2010-11-04 12:36:00,0.18368721512092248,2.391906948333813
gross_return,2010-06-21 15:44:00,0.2512792461812681,2.3918818094141465
dollar_volume,2010-10-22 13:21:00,0.17579573416418043,2.3918535498922937
gross_return,2010-11-15 13:24:00,0.29490232078211054,2.3916296470961687
gross_return,2010-12-29 14:07:00,0.8751914932963889,2.391581404229759
gross_return,2010-08-30 13:29:00,0.2755184865359101,2.3915576771959155
dollar_volume,2010-06-04 12:25:00,0.19171343054220322,2.391249616274043
dollar_volume,2010-03-02 11:52:00,0.21105026781347663,2.3912464161975238
gross_return,2010-05-28 14:11:00,0.21715174435067625,2.3911925198861024
gross_return,2010-04-28 14:36:00,0.3058635729461392,2.391122388109786
dollar_volume,2010-05-26 10:48:00,0.17649643971087714,2.391110080152728
gross_return,2010-03-16 13:17:00,0.3654215637609261,2.3910894705626156
price,2010-07-21 14:18:00,0.4403299635143634,2.390952432245487
price,2010-12-29 14:15:00,0.7360215218226172,2.3908881797568373
price,2010-11-05 12:13:00,0.44247585543908236,2.390678835129735
price,2010-01-27 14:53:00,0.553667195202527,2.3906740682517755
dollar_volume,2010-09-30 10:45:00,0.21027522308088864,2.390670830514832
dollar_volume,2010-01-27 14:23:00,0.18727874753094081,2.3903603039149806
price,2010-04-26 15:21:00,0.5101951018926905,2.390356339898317
price,2010-04-13 12:43:00,0.5411347129682537,2.3902924384159148
dollar_volume,2010-02-22 14:42:00,0.19601158883319453,2.3902309494865994
price,2010-05-11 14:05:00,0.3714020561102358,2.3902026339765676
price,2010-11-15 14:44:00,0.43252089693571055,2.390008487924496
gross_return,2010-11-03 10:46:00,0.3178919718000973,2.389783141447181
gross_return,2010-03-29 15:39:00,0.2910986943422711,2.389764038234117
gross_return,2010-11-30 14:11:00,0.2807880110449836,2.38974942321327
gross_return,2010-07-26 13:17:00,0.24457968212917233,2.389541548194037
gross_return,2010-06-23 14:50:00,0.2773889688584895,2.389471178256407
dollar_volume,2010-06-10 13:56:00,0.187711389000018,2.389409611678052
dollar_volume,2010-11-22 14:00:00,0.20164463318354509,2.3893300368788446
gross_return,2010-02-23 12:18:00,0.3158044806331078,2.388905655756525
dollar_volume,2010-11-23 15:40:00,0.20034815852325033,2.3888930287686825
dollar_volume,2010-09-17 14:35:00,0.012598988969261532,-2.3887312031115124
dollar_volume,2010-04-08 12:17:00,0.2169663631675954,2.388396418257872
dollar_volume,2010-07-23 13:07:00,0.20730355767798897,2.3883028689065826
gross_return,2010-03-15 13:42:00,0.3563843802195065,2.3882852217592894
price,2010-03-26 12:29:00,0.5133864312987437,2.3880462400460605
dollar_volume,2010-04-20 11:53:00,0.19884308074051388,2.3878683052083796
dollar_volume,2010-06-04 13:04:00,0.19465051489564353,2.3878508359610926
price,2010-06-29 15:26:00,0.3583956104887843,2.387792495101033
gross_return,2010-11-15 13:25:00,0.29490320467556763,2.3876431810125887
gross_return,2010-11-02 11:19:00,0.31169640699995493,2.3876427607457655
gross_return,2010-03-17 14:52:00,0.37413663878418196,2.3875322085102715
price,2010-10-01 10:46:00,0.4720690601085827,2.38748751407714
dollar_volume,2010-10-27 12:46:00,0.1758710716081705,2.3873834359133634
dollar_volume,2010-02-11 13:54:00,0.18875013031126492,2.387220773359408
price,2010-02-05 15:14:00,0.4454282896869549,2.3871392085539385
dollar_volume,2010-09-20 14:59:00,0.19272483674397275,2.387073676936618
price,2010-01-07 11:22:00,0.6364566163301653,2.3870339708635373
price,2010-11-15 15:47:00,0.44070684790770454,2.3869066018728806
gross_return,2010-11-19 13:25:00,0.3031124391997785,2.3866912581658384
gross_return,2010-11-18 14:05:00,0.28757824151036215,2.386682692504297
dollar_volume,2010-02-12 14:18:00,0.1870149431292425,2.386461262720116
dollar_volume,2010-04-15 14:36:00,0.18557570573510881,2.386355762604164
price,2010-10-07 13:42:00,0.495364838817145,2.386278892951178
price,2010-02-11 11:39:00,0.4687312745533692,2.386075292096255
dollar_volume,2010-10-22 13:22:00,0.17575240418184918,2.385878102385218
price,2010-07-26 10:30:00,0.44925237718822253,2.3856941136125123
gross_return,2010-02-23 12:12:00,0.31581825646352624,2.3856018010670303
price,2010-02-23 10:54:00,0.572902233653925,2.3855155832090977
gross_return,2010-03-31 13:57:00,0.2875117067794019,2.3854870345437083
gross_return,2010-07-06 11:51:00,0.2297198392080633,2.385322932392009
dollar_volume,2010-08-27 12:58:00,0.19769088540295943,2.385300713618198
price,2010-12-15 11:43:00,0.4896144011230616,2.38526326937721
gross_return,2010-12-06 14:28:00,0.3048744819091183,2.3851991738193576
dollar_volume,2010-05-10 11:51:00,0.1920494646193311,2.385088362602853
price,2010-09-29 15:52:00,0.47503942283371603,2.3848258633296306
dollar_volume,2010-04-15 15:25:00,0.1896126087155231,2.3846700252748465
gross_return,2010-03-01 13:07:00,0.2816251773073249,2.384657805540827
dollar_volume,2010-10-22 13:24:00,0.17598445826364065,2.384637249897176
dollar_volume,2010-02-25 14:30:00,0.20005642230533066,2.384573574540919
gross_return,2010-09-14 12:52:00,0.29471242819541904,2.384482308489761
price,2010-04-07 10:50:00,0.520956058237845,2.384376510485729
gross_return,2010-09-17 13:44:00,0.3070126646828576,2.3842765892572273
gross_return,2010-03-29 15:38:00,0.2904750334764954,2.3841560534472115
dollar_volume,2010-12-10 12:33:00,0.2044476859238194,2.3841111584969856
gross_return,2010-04-01 14:05:00,0.28033172339368045,2.3838962409636304
price,2010-04-22 13:38:00,0.5214505133007048,2.3837238396543596
dollar_volume,2010-01-19 14:25:00,0.18834933927956538,2.3836513099060537
dollar_volume,2010-12-09 14:32:00,0.192028663974442,2.3834855506159345
price,2010-12-14 13:52:00,0.470983968761679,2.3833564946042785
price,2010-06-01 14:24:00,0.4469416222172682,2.3832998599302746
price,2010-02-02 15:20:00,0.46374444091548406,2.3832989614062727
price,2010-04-30 15:06:00,0.5292105305123863,2.3830915665505876
dollar_volume,2010-05-07 13:01:00,0.18612941969428032,2.3830428905560126
dollar_volume,2010-04-20 15:56:00,0.1977594585916066,2.383003575291477
price,2010-05-27 14:51:00,0.35254632723259405,2.382939712704906
gross_return,2010-03-17 14:53:00,0.3741365717766106,2.3828661542030525
price,2010-05-27 14:07:00,0.33977609359673516,2.382200152492492
dollar_volume,2010-02-26 12:29:00,0.204761946805168,2.382159115871077
price,2010-10-18 15:15:00,0.4711850330274791,2.382068064213613
price,2010-02-02 15:33:00,0.4660901409820054,2.381999551184523
gross_return,2010-06-04 13:49:00,0.23602916345546127,2.3819721849363624
price,2010-10-12 11:19:00,0.5342621665598745,2.3819433749362706
gross_return,2010-08-02 12:22:00,0.2740467524463537,2.381927657905967
gross_return,2010-10-07 13:58:00,0.2690968120961312,2.3817452157333685
gross_return,2010-09-10 15:54:00,0.29030612917171755,2.3816495229823667
dollar_volume,2010-12-17 11:47:00,0.2260906544854378,2.3814752977796827
dollar_volume,2010-12-30 11:35:00,0.21001998356068172,2.380902213039341
gross_return,2010-09-17 13:58:00,0.3121557096204633,2.380899188914616
dollar_volume,2010-02-26 11:10:00,0.2020644227457854,2.380733916749646
gross_return,2010-06-15 11:51:00,0.23472370385144004,2.380570410150683
dollar_volume,2010-08-24 11:21:00,0.18034041864012756,2.3805110310305766
gross_return,2010-02-02 14:23:00,0.2761718597212214,2.3803963876691348
dollar_volume,2010-05-13 15:10:00,0.21045950509432942,2.380376063465763
gross_return,2010-02-01 13:55:00,0.261154578974887,2.3803070908231088
gross_return,2010-12-23 13:54:00,0.6752680502658699,2.380280443411561
price,2010-12-20 13:23:00,0.5910775536002559,2.3802593293945074
price,2010-04-22 13:54:00,0.531637937780586,2.3802544282978157
dollar_volume,2010-09-17 14:40:00,0.012367335019232359,-2.380245215507973
dollar_volume,2010-11-16 13:04:00,0.19180519868364385,2.3799051513349525
dollar_volume,2010-11-03 13:03:00,0.17356195110358147,2.379769797916788
price,2010-08-31 14:34:00,0.48876808062283306,2.379760307540963
gross_return,2010-04-01 14:06:00,0.28033172339367635,2.3796288885226455
gross_return,2010-12-21 11:38:00,0.5184633317861381,2.379598929899021
price,2010-01-13 11:40:00,0.5243678598526896,2.379494616560537
dollar_volume,2010-12-17 11:45:00,0.22551642087302762,2.37941901831871
price,2010-03-05 15:04:00,0.4256844553652028,2.3792944989725617
price,2010-06-07 14:25:00,0.44999266462347737,2.3791264073104794
gross_return,2010-02-01 13:56:00,0.261347934114486,2.3791125357888547
price,2010-08-30 12:56:00,0.48899201963101063,2.3789212739689947
price,2010-09-14 11:25:00,0.48473749249196835,2.3786586672507606
price,2010-08-18 13:14:00,0.4666527229749999,2.378578362386409
price,2010-09-20 14:38:00,0.443652193894948,2.3783763793216544
gross_return,2010-11-26 12:27:00,0.30771571550210797,2.3783552951060987
gross_return,2010-11-02 11:15:00,0.30978555894142845,2.378063096335755
gross_return,2010-12-29 13:49:00,0.8568830488375115,2.3780511940029716
gross_return,2010-03-29 15:41:00,0.2909015195788348,2.3780145613032526
dollar_volume,2010-11-16 13:05:00,0.19187036373343433,2.3779948669757043
gross_return,2010-04-28 14:23:00,0.3006642878406287,2.377962349105052
dollar_volume,2010-08-27 12:57:00,0.1972171394551584,2.377785574707249
gross_return,2010-11-17 13:42:00,0.26211702625653016,2.377477909971444
dollar_volume,2010-12-09 14:40:00,0.1932259350175386,2.3774080978468635
price,2010-02-19 11:53:00,0.5707259815421204,2.3773920733127984
gross_return,2010-11-03 10:43:00,0.3160412007144364,2.377333588776525
dollar_volume,2010-08-17 11:37:00,0.2009535598441055,2.377160706406045
gross_return,2010-07-06 11:36:00,0.2267824336045034,2.37715770491401
gross_return,2010-02-23 12:14:00,0.3152432923785059,2.3770535220521793
dollar_volume,2010-09-22 12:48:00,0.21722197549208588,2.3770329375009474
gross_return,2010-12-10 14:47:00,0.31003245045429206,2.3769733115505067
price,2010-12-13 13:27:00,0.45354223426034773,2.3767723177939097
dollar_volume,2010-07-12 13:13:00,0.17821632596931866,2.376690861402416
dollar_volume,2010-07-15 11:26:00,0.1770785756454082,2.37665097007192
gross_return,2010-02-23 12:16:00,0.315145059949661,2.376366923345195
price,2010-02-16 16:00:00,0.5433772973451567,2.376212473663659
dollar_volume,2010-06-23 12:08:00,0.1945498976151787,2.3761816522972765
dollar_volume,2010-12-30 11:29:00,0.20874569179975494,2.3761209154912275
dollar_volume,2010-08-17 11:28:00,0.2004812181145244,2.3760899249425127
dollar_volume,2010-09-13 11:42:00,0.18323271123899773,2.3760263633949377
dollar_volume,2010-08-24 15:48:00,0.18566235406041334,2.375975432942089
gross_return,2010-09-17 13:35:00,0.3039376642299141,2.37594284651574
gross_return,2010-08-09 13:29:00,0.28766239230271906,2.375926714544624
dollar_volume,2010-11-16 13:14:00,0.1929949094788252,2.375789449908171
price,2010-11-02 13:28:00,0.4216926246659387,2.3757190474400147
dollar_volume,2010-02-18 11:11:00,0.1839417748044219,2.3757124810550736
price,2010-11-22 11:01:00,0.4335353407474636,2.375615407168712
dollar_volume,2010-08-05 15:22:00,0.19858773193969598,2.375526115645244
gross_return,2010-12-23 13:55:00,0.6752680502658701,2.375525860272733
dollar_volume,2010-04-08 12:16:00,0.21617259267134234,2.3754195369479967
price,2010-09-21 14:30:00,0.46683923116898396,2.375377221322386
gross_return,2010-12-14 14:18:00,0.44579320999615185,2.375263037942277
price,2010-02-02 10:59:00,0.4352574379037242,2.3751755968032775
dollar_volume,2010-11-04 12:38:00,0.18330568920502574,2.3749977604160293
price,2010-07-26 14:54:00,0.4712243592927589,2.3749689508924354
dollar_volume,2010-08-05 15:19:00,0.19779696636288668,2.374940330717731
gross_return,2010-12-30 13:18:00,0.8916820564814497,2.374908729362904
price,2010-06-01 13:52:00,0.42807364275609494,2.374672243321993
dollar_volume,2010-07-12 14:17:00,0.17814779754056378,2.3746015694852733
dollar_volume,2010-08-31 15:53:00,0.19736756901620667,2.3745889635366355
dollar_volume,2010-08-27 12:33:00,0.1932295536354775,2.374545039402964
dollar_volume,2010-03-22 15:32:00,0.18608016704297337,2.3744705957426593
gross_return,2010-09-17 13:36:00,0.30413773022321694,2.3742250095110182
dollar_volume,2010-02-05 12:47:00,0.19268028486475464,2.3741237696702
price,2010-10-18 14:57:00,0.4652268588607081,2.374070958295101
dollar_volume,2010-07-28 12:26:00,0.20662862681700436,2.3740335882145915
dollar_volume,2010-06-10 15:41:00,0.1935743928532369,2.373913704045926
gross_return,2010-08-20 13:53:00,0.2837380892490488,2.373848362990071
gross_return,2010-04-01 13:31:00,0.27803821643215093,2.3738113455413488
dollar_volume,2010-10-20 12:32:00,0.17550300583055017,2.3737917206296237
price,2010-11-24 13:39:00,0.5039600355383187,2.373694764965136
price,2010-09-20 14:58:00,0.45475638493619713,2.3736098360087956
price,2010-05-04 10:53:00,0.5705640562162164,2.3735912209704857
price,2010-02-19 11:55:00,0.5714236491831753,2.3735464041495797
price,2010-04-13 15:48:00,0.5746754984922877,2.37336047649293
gross_return,2010-12-29 13:50:00,0.8568836433320431,2.3733171832310402
dollar_volume,2010-07-13 12:04:00,0.1856070805841385,2.3732963544271
price,2010-01-13 11:41:00,0.5241697591907561,2.3732278873547776
gross_return,2010-10-12 13:42:00,0.3321898060745571,2.3731807748890605
dollar_volume,2010-03-29 14:03:00,0.2047108044916176,2.373146223896208
price,2010-07-20 13:45:00,0.42711745329662354,2.3729944325390115
price,2010-01-19 12:45:00,0.5784892216415347,2.372827820696702
price,2010-03-08 12:00:00,0.4389940293798842,2.3727417590824436
gross_return,2010-11-03 10:44:00,0.3160411330309102,2.37268103026883
price,2010-08-16 15:25:00,0.4275767419379747,2.372630725315764
price,2010-08-19 10:35:00,0.47586835771882474,2.3726023468479163
price,2010-05-03 13:01:00,0.5625024209576001,2.37259001947811
price,2010-01-19 15:48:00,0.593763849370543,2.3724322408565715
dollar_volume,2010-05-07 15:50:00,0.1883644021855476,2.372385512195979
gross_return,2010-07-02 14:04:00,0.22538385269806915,2.372203120119673
gross_return,2010-12-23 14:13:00,0.6913564744270102,2.3721508412324277
dollar_volume,2010-12-15 12:17:00,0.2132740246572476,2.372041183272801
price,2010-03-31 15:08:00,0.5138611284347661,2.3720312569255553
gross_return,2010-12-29 14:03:00,0.8676223250316566,2.3720303921631394
price,2010-01-21 10:40:00,0.5960038632198142,2.3719559182324588
dollar_volume,2010-07-22 14:04:00,0.2054328797917009,2.3719524290480933
dollar_volume,2010-12-22 10:33:00,0.2184402693257909,2.371840533218956
dollar_volume,2010-07-15 11:27:00,0.1770573668912007,2.371721052268876
price,2010-10-18 15:25:00,0.47466066289478964,2.3716899687509296
gross_return,2010-08-23 12:43:00,0.29136257393580306,2.3716116233870044
dollar_volume,2010-01-28 12:16:00,0.19015618964223724,2.3715932402879902
price,2010-04-26 15:22:00,0.5084779947393868,2.371592511568381
dollar_volume,2010-10-15 11:00:00,0.1775299829924764,2.3715430948278593
price,2010-08-27 11:53:00,0.4757183568663083,2.37143254001061
dollar_volume,2010-10-12 14:33:00,0.17688945613391152,2.371342326113598
gross_return,2010-08-02 10:29:00,0.24584196847080217,2.371229731590795
price,2010-05-26 13:56:00,0.31554004185583284,2.37106457052538
price,2010-02-02 12:45:00,0.4457277007474485,2.3710323164390474
price,2010-04-13 15:47:00,0.5737525343627989,2.370864357060124
gross_return,2010-12-23 13:56:00,0.6752680502658699,2.3707946087633953
gross_return,2010-06-15 11:53:00,0.2347261087376784,2.370754900884835
price,2010-12-10 12:29:00,0.43546796422245015,2.370754088040637
price,2010-08-31 14:33:00,0.4871741315051669,2.3706282855807923
price,2010-07-26 14:52:00,0.4696863149009844,2.370568494305563
dollar_volume,2010-06-23 15:22:00,0.19777363453561783,2.3704820052799587
price,2010-04-28 14:27:00,0.5302517605165351,2.37020282921092
dollar_volume,2010-06-22 10:29:00,0.18700791118982094,2.370167613732772
price,2010-03-16 11:44:00,0.530323890504104,2.370042729588512
price,2010-04-01 13:51:00,0.5049460401670831,2.3700394325915908
dollar_volume,2010-09-14 15:00:00,0.1831640752169736,2.3699304109428345
price,2010-05-18 12:12:00,0.4141319633320042,2.369888853708751
gross_return,2010-09-17 13:37:00,0.3041375801280721,2.369509442165139
price,2010-04-13 12:35:00,0.533992002352478,2.369489474432936
gross_return,2010-02-11 12:19:00,0.28409176899617805,2.369273271622388
price,2010-03-31 14:50:00,0.5205329177500502,2.3691866476532795
price,2010-04-21 15:59:00,0.498688688558906,2.3691565868935798
dollar_volume,2010-06-22 10:30:00,0.1870066088561208,2.368775038545376
price,2010-02-25 14:15:00,0.5423924765558528,2.3687122596346124
dollar_volume,2010-01-27 15:29:00,0.18758895237550116,2.368634120474186
price,2010-05-04 10:56:00,0.5716980767872265,2.3685624631116
price,2010-12-16 12:06:00,0.5372339233461658,2.3685057539725514
dollar_volume,2010-01-13 14:20:00,0.19653839934094086,2.3684435861297297
price,2010-04-27 11:30:00,0.5125241028087689,2.3683394751941167
price,2010-11-04 11:11:00,0.44242921532490953,2.3679784062468414
gross_return,2010-11-03 10:45:00,0.3160402361615532,2.3679591693412183
dollar_volume,2010-11-19 13:21:00,0.19322386967646998,2.3678835841369392
price,2010-01-07 11:25:00,0.6369860947377189,2.3676894347178283
price,2010-04-06 14:45:00,0.509898394877113,2.3676434353633886
dollar_volume,2010-10-12 14:39:00,0.17770661453436698,2.3676105075481724
dollar_volume,2010-12-09 10:49:00,0.1923884809251708,2.3675799277977263
price,2010-12-13 13:33:00,0.4556243616679473,2.3675200290389355
dollar_volume,2010-01-07 15:01:00,0.2038605884853773,2.3675198780280726
gross_return,2010-02-11 11:54:00,0.2768660366877894,2.3674005637353135
gross_return,2010-12-29 13:53:00,0.8583922363594324,2.3671896875713396
gross_return,2010-08-23 12:44:00,0.2913635366092656,2.3670721124696015
dollar_volume,2010-10-28 11:19:00,0.18143740782094972,2.366941672780672
dollar_volume,2010-08-16 11:45:00,0.1966720885868392,2.3668947852816116
price,2010-08-06 11:00:00,0.49056932157839356,2.366818495048606
dollar_volume,2010-12-09 14:39:00,0.192624494257327,2.3667050413612927
dollar_volume,2010-03-29 14:01:00,0.20405450179276607,2.3666722177782447
price,2010-04-08 12:14:00,0.54736447877368,2.3662082528690185
gross_return,2010-06-15 11:54:00,0.23473054446609481,2.36612264957963
gross_return,2010-12-23 13:57:00,0.67526805026587,2.3660701190612414
dollar_volume,2010-10-07 10:47:00,0.1734494812813552,2.366032908306498
dollar_volume,2010-08-16 14:56:00,0.19863517231951075,2.3659177927503965
dollar_volume,2010-02-25 14:31:00,0.19947481049304874,2.365880550841744
dollar_volume,2010-08-27 12:51:00,0.19569977230163976,2.365871594394686
dollar_volume,2010-10-07 14:24:00,0.17376108373872523,2.365806869731363
price,2010-02-08 13:32:00,0.4626727196391785,2.3656408083780556
gross_return,2010-12-29 14:00:00,0.8641760903132363,2.3654504589593706
price,2010-01-13 11:43:00,0.5242238703296449,2.365405656086075
gross_return,2010-08-05 12:42:00,0.28393115384929857,2.3653402816508198
dollar_volume,2010-05-07 15:51:00,0.1882046025590282,2.364975795870431
gross_return,2010-12-01 12:39:00,0.2712451504763726,2.364887190516301
gross_return,2010-09-17 13:38:00,0.3041375801280721,2.364787113589808
dollar_volume,2010-09-30 10:48:00,0.209274286852398,2.364774418104098
dollar_volume,2010-11-22 12:15:00,0.19396830935265674,2.3647363862294797
price,2010-09-08 14:02:00,0.5505296996776718,2.364599493530407
price,2010-03-23 15:48:00,0.5413296705353995,2.3645824771122856
price,2010-12-02 10:36:00,0.5900089087284756,2.3645687275228164
price,2010-07-09 15:04:00,0.40743629625898165,2.3644891933887906
gross_return,2010-12-29 13:54:00,0.8587068055152652,2.364191486683453
price,2010-12-08 12:13:00,0.5501962085054704,2.3641763369502953
price,2010-11-04 11:09:00,0.4412719523463332,2.3641474844213097
gross_return,2010-12-13 12:55:00,0.3138538220664479,2.3639806632014566
price,2010-07-26 15:05:00,0.48124535482517516,2.3638892048880096
price,2010-09-02 13:08:00,0.5605121589243944,2.363628402127589
gross_return,2010-06-02 11:09:00,0.22982645223478126,2.3635757776729442
price,2010-09-03 14:18:00,0.5684860535853333,2.36354835396206
price,2010-04-07 13:43:00,0.5668061473548608,2.3634508103252245
dollar_volume,2010-11-03 14:24:00,0.1754269726776614,2.3632878355566107
gross_return,2010-08-10 13:12:00,0.25420239664312927,2.3631813573841947
price,2010-10-28 10:40:00,0.49142511716856113,2.362745424435529
gross_return,2010-12-29 13:51:00,0.8557415314330045,2.3626869329825064
price,2010-10-21 13:04:00,0.46852061060248945,2.362679771605913
price,2010-03-16 13:14:00,0.5251435245452843,2.3626129585158835
dollar_volume,2010-01-19 14:20:00,0.1873127770891401,2.362603076492751
gross_return,2010-03-08 14:52:00,0.3998250846059598,2.36245585462009
gross_return,2010-04-30 11:15:00,0.2857923395194485,2.3624274631855395
dollar_volume,2010-03-16 14:42:00,0.18323352640246707,2.3621462785779657
dollar_volume,2010-04-08 12:31:00,0.2182908641920631,2.361715851947303
dollar_volume,2010-03-29 14:02:00,0.20403852454465474,2.36168359677082
dollar_volume,2010-06-23 12:21:00,0.19596128866863582,2.3616552686673264
dollar_volume,2010-04-12 15:46:00,0.21085724653276486,2.361435259276138
dollar_volume,2010-11-15 12:41:00,0.19596082754279648,2.3612799924940364
dollar_volume,2010-08-17 13:05:00,0.20368498817800373,2.3612384005013336
price,2010-04-13 12:47:00,0.5401842107176933,2.3612357378595727
price,2010-02-09 12:54:00,0.47501465133461096,2.36119887610701
dollar_volume,2010-02-03 15:31:00,0.20099022118814525,2.3610756612221477
gross_return,2010-04-30 11:16:00,0.2859980247641849,2.36107096734806
price,2010-07-21 14:39:00,0.45084254501194937,2.3608073403133356
price,2010-02-22 15:59:00,0.5414599312579433,2.3604775512257925
price,2010-05-03 13:11:00,0.5664424526256588,2.360409561858877
dollar_volume,2010-11-09 14:43:00,0.19173924175900897,2.360404784513888
dollar_volume,2010-12-16 11:04:00,0.21706549185386936,2.360262880350738
dollar_volume,2010-08-11 11:56:00,0.19340709370759895,2.3601979105047795
dollar_volume,2010-02-02 15:29:00,0.19210544118780326,2.3601884599784686
price,2010-05-28 13:30:00,0.40185698100098133,2.3601740043963058
price,2010-12-02 10:34:00,0.5879304834327406,2.3601553904165895
price,2010-08-06 10:59:00,0.4892914477122052,2.359876440593268
price,2010-03-26 12:35:00,0.5131687411843477,2.3598701590939037
gross_return,2010-04-15 10:36:00,0.35920899734262907,2.3597875357090534
dollar_volume,2010-03-29 14:06:00,0.2046992950841604,2.3596047146761197
dollar_volume,2010-04-08 12:15:00,0.2152454160022692,2.359543590004006
gross_return,2010-02-02 14:25:00,0.27530611292290885,2.3594775319448003
price,2010-02-24 11:19:00,0.5228935382612592,2.3594445650037357
dollar_volume,2010-06-09 14:58:00,0.17258261027962996,2.3593305120139743
price,2010-12-17 13:33:00,0.5729147685554864,2.359326166404731
gross_return,2010-10-06 12:17:00,0.23914158109983497,2.3593230040965234
price,2010-11-15 15:37:00,0.43290987080180526,2.359269449897122
gross_return,2010-11-05 14:18:00,0.34185185987713884,2.3592586725382922
price,2010-03-23 15:42:00,0.5367929209801213,2.3592019858544258
price,2010-04-27 11:40:00,0.5146380949694742,2.3590305846391795
price,2010-07-01 13:12:00,0.35402673488640996,2.358860632273243
price,2010-11-18 10:32:00,0.4091844265607692,2.3587927730964866
dollar_volume,2010-08-19 15:48:00,0.19431747411055705,2.3587782693640005
dollar_volume,2010-01-13 14:22:00,0.19651654164517368,2.3586806050264157
price,2010-02-23 10:33:00,0.5445207531337296,2.358545585565527
gross_return,2010-07-26 11:32:00,0.23731798702997958,2.3584535319272226
price,2010-04-27 11:42:00,0.5154409020076467,2.3582191717193806
price,2010-12-08 12:02:00,0.5449060772024142,2.3582051791608643
price,2010-04-26 15:23:00,0.5073975472532679,2.3581490136304244
price,2010-03-10 14:40:00,0.45103850960039354,2.3581442545315134
dollar_volume,2010-08-13 13:25:00,0.19182709193484318,2.358084640702457
price,2010-06-01 14:11:00,0.4330104808976628,2.358079700002833
dollar_volume,2010-10-12 14:25:00,0.1750713172483471,2.3580625981027454
gross_return,2010-12-29 13:52:00,0.8557416239633505,2.3580471360707485
gross_return,2010-10-20 14:04:00,0.26077342585197527,2.357970616748473
price,2010-09-15 15:33:00,0.43620597474044565,2.3579629727945877
price,2010-08-10 14:25:00,0.479032350870122,2.3578833655842533
dollar_volume,2010-02-05 13:01:00,0.19327829434533417,2.357873068634713
price,2010-02-05 13:53:00,0.4323846900279492,2.3578629229385393
dollar_volume,2010-04-20 14:35:00,0.19950127983371008,2.3576881256968543
dollar_volume,2010-12-07 11:37:00,0.18176372373076857,2.357541613685413
dollar_volume,2010-09-10 11:00:00,0.18594437663199453,2.3574940475686996
dollar_volume,2010-04-19 13:05:00,0.18579693666170083,2.3572631005764615
gross_return,2010-12-30 13:17:00,0.8874747227853451,2.357133267385896
price,2010-01-29 14:06:00,0.44835007073546485,2.3571146171164905
price,2010-05-04 10:57:00,0.5707112239015733,2.356997215541781
dollar_volume,2010-09-20 14:12:00,0.19093690965901192,2.356929165280111
gross_return,2010-07-09 14:32:00,0.24203817193816793,2.356917408644785
gross_return,2010-03-01 14:21:00,0.2785436740948459,2.3568792865648165
price,2010-03-31 14:48:00,0.5203570669415444,2.3568368717169474
gross_return,2010-03-01 14:17:00,0.2776762542665626,2.356811068976369
dollar_volume,2010-04-07 13:38:00,0.20859210462564956,2.3567654387929537
price,2010-06-15 15:30:00,0.4054390384822254,2.3567028977699356
dollar_volume,2010-07-20 15:47:00,0.18162208329840857,2.35663716519841
price,2010-11-04 11:10:00,0.4409457762969884,2.356589750951538
dollar_volume,2010-11-12 15:26:00,0.1908678489474271,2.35656908292267
price,2010-06-29 15:28:00,0.35656314442037484,2.3562570985216076
price,2010-04-28 14:26:00,0.5278543347551217,2.3560569281749073
price,2010-11-29 14:33:00,0.5018747878803166,2.355710982827824
gross_return,2010-04-05 11:47:00,0.27940535089177015,2.355706606111202
price,2010-12-10 12:33:00,0.4355955913534717,2.3556555882497205
dollar_volume,2010-08-13 13:26:00,0.19190791076693123,2.355382412863358
gross_return,2010-08-23 12:48:00,0.29176939613044683,2.3553243646362727
price,2010-04-23 15:04:00,0.5210866723967342,2.355294101234284
gross_return,2010-10-12 13:23:00,0.32338100616518983,2.354840254129879
dollar_volume,2010-03-31 10:47:00,0.20486787808112655,2.354804933515031
dollar_volume,2010-08-05 15:32:00,0.19958908501206402,2.3544825463320844
dollar_volume,2010-09-20 15:01:00,0.19177406634013755,2.3543298769436536
dollar_volume,2010-03-29 14:11:00,0.2053322065132855,2.354285607395476
gross_return,2010-03-17 13:03:00,0.3491373762796048,2.354154018647912
dollar_volume,2010-09-28 13:38:00,0.228189069139915,2.3539453411986013
dollar_volume,2010-03-24 15:57:00,0.19898526410529346,2.353883512240054
dollar_volume,2010-01-19 14:23:00,0.1870863172233659,2.353863143953365
price,2010-02-19 11:57:00,0.5698141356299727,2.3538386661753474
price,2010-04-27 11:41:00,0.5144392002960276,2.3537987324790106
dollar_volume,2010-03-17 13:14:00,0.18961254083395637,2.3536870010716258
dollar_volume,2010-09-21 14:32:00,0.1946012339033198,2.3535898510302675
dollar_volume,2010-04-29 13:43:00,0.1902942219738587,2.3534721668707705
price,2010-09-02 13:09:00,0.5597371902730085,2.353407374139192
price,2010-05-24 12:12:00,0.35505657226319115,2.353280911747889
price,2010-07-01 14:53:00,0.34415166504017874,2.35327580417798
price,2010-02-23 10:29:00,0.5411036208865341,2.3532578943266347
dollar_volume,2010-11-03 12:55:00,0.17134233361330925,2.3530952762503574
dollar_volume,2010-08-05 15:26:00,0.19842663068080957,2.353094572312452
gross_return,2010-06-21 15:31:00,0.24607860426611355,2.3529558628345577
price,2010-10-07 14:16:00,0.5079135209328376,2.352871285149813
price,2010-04-13 12:38:00,0.5336667748257433,2.3528453176117106
gross_return,2010-03-01 14:19:00,0.27788641705060424,2.3527630528544026
price,2010-08-27 11:52:00,0.473006471890849,2.3527010784025815
dollar_volume,2010-11-03 12:54:00,0.17115590989236246,2.35235755792961
dollar_volume,2010-05-13 15:05:00,0.20797082440608539,2.3523518779333745
dollar_volume,2010-07-30 11:50:00,0.19556678886249235,2.352327977963536
dollar_volume,2010-12-07 13:58:00,0.1875731614844509,2.352283363936641
price,2010-03-05 15:16:00,0.43053925257725023,2.3519492375707176
dollar_volume,2010-01-13 14:24:00,0.19651593975438958,2.3518063942599334
dollar_volume,2010-04-12 15:40:00,0.20958914974040543,2.351791709531973
gross_return,2010-05-26 13:56:00,0.19014607395627312,2.351768565786418
price,2010-05-24 12:51:00,0.3662414216308491,2.3517536017026615
price,2010-12-20 14:37:00,0.635195910593903,2.351427068228781
price,2010-02-12 14:50:00,0.561676745183227,2.3511536115672693
gross_return,2010-08-23 12:47:00,0.29122019266934907,2.351132394367093
price,2010-11-24 13:38:00,0.5005853134576694,2.3510467966144897
dollar_volume,2010-05-10 12:30:00,0.19298543412274743,2.3510101575797244
gross_return,2010-11-05 14:16:00,0.34044900900076064,2.3509752263333765
dollar_volume,2010-03-24 15:56:00,0.19870208718188356,2.350966810491977
gross_return,2010-02-02 14:26:00,0.2750430280470499,2.3508186843754095
gross_return,2010-06-11 13:55:00,0.22984858035630673,2.3506939579747335
gross_return,2010-12-08 12:48:00,0.31695994867911303,2.3506326108855893
dollar_volume,2010-08-27 10:59:00,0.18803203847795485,2.350488293126708
price,2010-12-30 15:35:00,0.707252983850551,2.3504535476257913
dollar_volume,2010-04-07 13:39:00,0.20840358176647533,2.3503950179530846
gross_return,2010-10-12 13:24:00,0.32338100616518983,2.350232032207353
price,2010-04-23 13:12:00,0.5167527703457558,2.350178134630794
dollar_volume,2010-04-12 15:39:00,0.20933232445621322,2.349914848942779
dollar_volume,2010-08-05 15:14:00,0.1957404414984526,2.3498835917202796
dollar_volume,2010-05-11 13:24:00,0.20347811381403777,2.3498735948391465
gross_return,2010-03-01 14:53:00,0.28311821835107603,2.3498120035167194
gross_return,2010-05-17 12:01:00,0.21082446339647587,2.349742728306972
price,2010-06-09 15:08:00,0.3778107863494762,2.349614524449237
price,2010-08-06 10:53:00,0.48495582816828836,2.349478048988159
gross_return,2010-04-21 13:46:00,0.29728881255551204,2.3493547020712935
gross_return,2010-04-06 13:57:00,0.33413483812085265,2.3492314802946677
dollar_volume,2010-12-01 11:08:00,0.19527475334981798,2.349170451350518
price,2010-12-20 13:28:00,0.5896746473056576,2.349161840598626
dollar_volume,2010-02-26 11:22:00,0.20127305049164565,2.3487629843142845
dollar_volume,2010-11-22 13:56:00,0.1990450745150463,2.3486926852787984
dollar_volume,2010-07-20 15:49:00,0.18164981672759264,2.3486286329431265
price,2010-12-22 12:27:00,0.7362097946701763,2.3485883799711273
price,2010-12-30 15:45:00,0.7140933175591262,2.348452249656969
gross_return,2010-11-19 13:45:00,0.3018846861259822,2.3484315887726286
price,2010-08-06 11:08:00,0.491049958793925,2.3483695603359585
price,2010-05-26 15:55:00,0.3326693066453256,2.3483232476284397
price,2010-08-06 11:15:00,0.4915970258641488,2.3482699641057856
gross_return,2010-12-23 14:14:00,0.6879972795564272,2.3481448312545545
dollar_volume,2010-03-10 15:03:00,0.1813902331271723,2.3480716639038213
gross_return,2010-11-30 14:18:00,0.27988609603718795,2.348040773516236
dollar_volume,2010-09-17 12:50:00,0.19202060059423554,2.3475367025921714
dollar_volume,2010-11-03 12:56:00,0.17130164046654175,2.347358840716747
price,2010-02-02 15:34:00,0.46257844026145484,2.347283531541046
price,2010-02-24 11:03:00,0.5078843514615912,2.3472278264011677
gross_return,2010-10-11 13:23:00,0.29573528692512563,2.347130147949929
gross_return,2010-02-23 12:10:00,0.3134222122966528,2.347123944415041
dollar_volume,2010-08-16 11:07:00,0.187537901797052,2.3471135276714636
gross_return,2010-11-19 13:21:00,0.2995474428865973,2.34709516373896
dollar_volume,2010-06-10 15:29:00,0.1908820502717728,2.3470286327008503
dollar_volume,2010-08-05 12:16:00,0.19031220857634862,2.3470243313183823
dollar_volume,2010-06-29 10:55:00,0.1895675433752739,2.346747098220479
gross_return,2010-02-18 13:30:00,0.3093598968255963,2.346611843997981
gross_return,2010-04-30 11:18:00,0.2856898712506163,2.34607118285044
gross_return,2010-11-19 13:46:00,0.30188468612598224,2.3459986027338764
dollar_volume,2010-05-10 12:47:00,0.19565928659971557,2.3456348798709343
gross_return,2010-08-02 10:30:00,0.24472646807434578,2.345344714293783
price,2010-12-10 12:20:00,0.42676168683199883,2.3452568152831383
dollar_volume,2010-07-02 12:29:00,0.16953123662033215,2.3451145660996593
gross_return,2010-11-05 14:17:00,0.3403399387691387,2.34498757707837
dollar_volume,2010-06-23 12:22:00,0.195425688052777,2.3449673165753584
price,2010-12-20 13:34:00,0.5935873571875379,2.3449620967277593
gross_return,2010-10-06 12:00:00,0.235288310463195,2.344908097369165
gross_return,2010-11-19 13:22:00,0.29955163521428035,2.3448717028792117
price,2010-09-17 10:36:00,0.4372960904370186,2.344657735866123
price,2010-05-27 14:01:00,0.3342392867363112,2.344634380531573
gross_return,2010-04-30 11:19:00,0.28588350383931793,2.3445760353737013
price,2010-03-11 12:25:00,0.47120427097098394,2.3445757476155715
gross_return,2010-02-11 12:20:00,0.28269181051045594,2.3445423538719705
price,2010-03-03 15:00:00,0.46475437759994354,2.34435568732529
dollar_volume,2010-11-16 13:20:00,0.19173192453830934,2.3442672964231557
price,2010-03-02 14:02:00,0.493230405222609,2.3442337340255213
gross_return,2010-06-21 15:38:00,0.2471679042341079,2.344123881533766
gross_return,2010-11-30 14:19:00,0.27988579204919856,2.3440887250463547
gross_return,2010-08-02 14:13:00,0.2862308010758697,2.3439301609706833
dollar_volume,2010-03-29 14:22:00,0.20629104895004313,2.3432515096499777
gross_return,2010-12-29 12:22:00,0.8201984184753113,2.3432036785769013
price,2010-06-29 15:23:00,0.35390447831513744,2.343095777560256
dollar_volume,2010-04-28 12:09:00,0.18550079872859426,2.342896216190208
price,2010-04-13 15:45:00,0.5689588106375143,2.3427001694357594
dollar_volume,2010-10-22 12:24:00,0.17352774748028738,2.34238434189867
dollar_volume,2010-03-29 14:00:00,0.20285290375121562,2.3423550787149012
price,2010-03-15 15:05:00,0.5087386660184399,2.3422626378057947
price,2010-05-18 12:16:00,0.4130633741716013,2.3420816948557492
dollar_volume,2010-07-16 13:46:00,0.17634400019387342,2.341845668664638
price,2010-08-16 15:28:00,0.42620620740963644,2.341836054054037
dollar_volume,2010-11-22 12:17:00,0.19343277518976068,2.341787527605266
dollar_volume,2010-09-30 10:47:00,0.20818709283948428,2.3417388261090677
gross_return,2010-04-21 13:47:00,0.29704164887466167,2.3414890494073752
dollar_volume,2010-09-21 14:30:00,0.19379816869036565,2.341472935789658
price,2010-01-14 14:09:00,0.5801816719813109,2.3413910073909876
price,2010-04-13 12:37:00,0.5317394455117208,2.34119068459926
gross_return,2010-03-04 13:18:00,0.288311669757728,2.341122632222126
dollar_volume,2010-02-22 14:22:00,0.18935874834730254,2.3411026960205104
price,2010-12-30 15:39:00,0.7084165068493895,2.3410295868574558
dollar_volume,2010-06-10 13:31:00,0.1780121484726303,2.341002454459771
gross_return,2010-10-06 12:01:00,0.2353125170721789,2.3408477158635517
price,2010-07-14 13:32:00,0.43751321447133645,2.340711949958224
price,2010-10-21 13:59:00,0.4706373104623762,2.34061620291245
price,2010-04-07 11:13:00,0.532101488589719,2.340597204353837
price,2010-09-29 15:32:00,0.45760574291725153,2.3405351808062527
price,2010-08-10 14:38:00,0.4813022492138863,2.3402471280834116
dollar_volume,2010-05-10 12:49:00,0.1957795194175234,2.3401411960533944
gross_return,2010-12-29 13:59:00,0.8583795199735086,2.340140606018315
gross_return,2010-11-02 11:12:00,0.3063136449730827,2.340136846509923
gross_return,2010-09-27 14:20:00,0.30438429605294337,2.3400532754798187
price,2010-05-18 12:13:00,0.4115607014483933,2.3399625209060444
gross_return,2010-04-01 13:35:00,0.27701481248592064,2.339793657513337
price,2010-12-14 13:35:00,0.45702997704126364,2.3397049571235207
price,2010-05-18 12:14:00,0.41195016267557344,2.339597607874926
gross_return,2010-12-01 11:58:00,0.26402510195568235,2.3395784469118572
dollar_volume,2010-06-15 12:34:00,0.19644867073471523,2.3394734252072307
gross_return,2010-03-17 14:51:00,0.3694886782162824,2.339358618527026
dollar_volume,2010-07-21 12:24:00,0.1805595607968563,2.33926272568561
gross_return,2010-12-21 15:24:00,0.5915551945943441,2.339109642230586
price,2010-08-06 10:52:00,0.4833850948964916,2.3389497932408023
price,2010-04-13 12:36:00,0.5309251864307998,2.3388997494061217
price,2010-05-24 12:41:00,0.3602667917910213,2.3388967774978853
gross_return,2010-03-17 13:04:00,0.34813784310464974,2.338815422694222
price,2010-05-04 10:50:00,0.5636830149303773,2.338759918930688
price,2010-02-05 14:07:00,0.4371995247715081,2.3385829624734193
dollar_volume,2010-02-22 14:24:00,0.18964179231786388,2.338327736268776
price,2010-12-10 12:30:00,0.43257280184349584,2.3383013915091215
gross_return,2010-04-22 13:04:00,0.3012047017091472,2.338286477080406
dollar_volume,2010-03-31 10:49:00,0.20445254300544258,2.33819604704408
dollar_volume,2010-08-09 11:59:00,0.18470672150441836,2.3381438138384594
price,2010-08-16 15:24:00,0.4237162666820446,2.3379491107438635
price,2010-04-22 13:50:00,0.5237858493124895,2.3377067591668137
dollar_volume,2010-06-10 13:30:00,0.1777051328375111,2.3375881620345242
dollar_volume,2010-04-19 13:13:00,0.18599536374633086,2.337581384574674
dollar_volume,2010-02-11 13:50:00,0.1864364945136233,2.337440269177176
dollar_volume,2010-11-22 12:18:00,0.19343572912379903,2.3374367409102623
dollar_volume,2010-09-22 11:20:00,0.21092280519966586,2.33735094328371
price,2010-03-04 15:59:00,0.43854856665553105,2.337138143795528
gross_return,2010-08-30 13:27:00,0.272472759045404,2.337095969331598
dollar_volume,2010-12-07 11:34:00,0.18053197354416256,2.336958941861289
gross_return,2010-05-27 14:49:00,0.18569919746946925,2.3369434303753907
dollar_volume,2010-02-26 11:46:00,0.20127347670732804,2.336922048728743
dollar_volume,2010-07-29 13:42:00,0.20130654538620504,2.3368183378085425
gross_return,2010-03-05 14:01:00,0.3602917605390818,2.336802399316317
dollar_volume,2010-10-08 11:36:00,0.16641135654036018,2.336744515356759
gross_return,2010-03-17 14:44:00,0.3664346846015221,2.336743843558939
gross_return,2010-11-18 14:04:00,0.28398659463966297,2.3365986590530166
price,2010-10-07 14:10:00,0.502176821564744,2.3357918922190377
gross_return,2010-11-02 11:13:00,0.30631364497308267,2.335574862497533
gross_return,2010-03-29 15:40:00,0.2879450295394608,2.335528851097221
gross_return,2010-06-07 13:23:00,0.23466689969024718,2.335525626910062
dollar_volume,2010-06-10 15:39:00,0.19165211057136047,2.335479960952698
price,2010-05-03 13:06:00,0.5599779558882841,2.3354518596700253
gross_return,2010-04-01 13:36:00,0.27701481248592064,2.3353542412660087
gross_return,2010-12-01 11:59:00,0.2640303262325927,2.3351638511612407
price,2010-03-16 13:15:00,0.5222388131508732,2.335123163566294
dollar_volume,2010-07-16 13:35:00,0.1757099026258023,2.3350793960857783
dollar_volume,2010-06-15 12:41:00,0.19782257310715332,2.334969039434855
price,2010-01-07 11:28:00,0.6353096303005155,2.334851793521625
dollar_volume,2010-05-10 11:47:00,0.1893040314160584,2.3347918596110526
gross_return,2010-12-21 15:25:00,0.5915551945943441,2.334624893545451
dollar_volume,2010-02-22 14:25:00,0.18966540580760954,2.334578939807862
gross_return,2010-03-31 12:29:00,0.2851289499140432,2.334540259113059
price,2010-08-06 15:30:00,0.5220872369390384,2.3345304770522572
price,2010-12-30 15:41:00,0.7088280181903703,2.3345145491208648
dollar_volume,2010-12-07 11:35:00,0.18057697542648612,2.3343870018113915
gross_return,2010-11-03 14:12:00,0.3145919410009887,2.3342159897517982
dollar_volume,2010-06-15 12:35:00,0.19641687978867994,2.334176165843342
price,2010-04-15 13:48:00,0.531778418985111,2.334065896361152
gross_return,2010-09-17 14:05:00,0.3109474917668282,2.3339205898586406
gross_return,2010-02-11 12:13:00,0.27978214044134964,2.3337660674165277
price,2010-12-02 10:33:00,0.5830303670468034,2.333710118597
price,2010-12-30 15:43:00,0.7101913454701089,2.33354884070732
gross_return,2010-03-15 13:41:00,0.35156266842354333,2.333195822502635
dollar_volume,2010-02-22 12:03:00,0.18275141827302965,2.33310810355163
price,2010-05-27 14:52:00,0.3488457908892546,2.332954171634174
price,2010-10-04 12:10:00,0.44802150749371694,2.332928501602499
gross_return,2010-12-07 11:11:00,0.3080036951296497,2.33291965485132
dollar_volume,2010-04-08 10:41:00,0.21185785770695628,2.33267902762729
dollar_volume,2010-06-16 11:00:00,0.20263349636097275,2.3326413211967805
dollar_volume,2010-07-12 14:21:00,0.17729128858706217,2.332618280970798
price,2010-08-06 11:09:00,0.48928960094789037,2.3325798219987166
price,2010-11-15 14:31:00,0.4213433248781723,2.3325784529707163
dollar_volume,2010-04-20 15:41:00,0.19368674172539763,2.332523456238168
gross_return,2010-06-21 12:14:00,0.24136385729923307,2.332516093162943
dollar_volume,2010-06-10 14:36:00,0.18739085784196308,2.332472458499075
dollar_volume,2010-07-21 12:25:00,0.18046787670199305,2.3324332680444284
price,2010-04-27 11:36:00,0.5099079852223132,2.3322995387450045
gross_return,2010-06-01 10:50:00,0.22381668011437883,2.3322944062897664
gross_return,2010-10-07 14:32:00,0.2694751684640697,2.332251257523085
gross_return,2010-08-02 12:38:00,0.28117436656960065,2.331918820977206
price,2010-06-30 15:42:00,0.33128534868570736,2.3318563282503653
dollar_volume,2010-05-11 13:15:00,0.20080810935686028,2.331826564066503
dollar_volume,2010-09-17 14:41:00,0.014126478866669023,-2.331783348402263
gross_return,2010-06-01 10:45:00,0.22282437644656988,2.331775131446429
dollar_volume,2010-08-05 15:28:00,0.19795933216299835,2.3316395742876197
price,2010-04-08 12:15:00,0.5434498985031757,2.331592170346571
dollar_volume,2010-07-21 14:03:00,0.18869921412453203,2.3314645523671897
gross_return,2010-04-01 13:37:00,0.27701481248592064,2.331125183499524
price,2010-08-30 12:50:00,0.4788782255545304,2.33061843161633
price,2010-06-08 15:51:00,0.4013868985110797,2.3306048301964224
dollar_volume,2010-09-22 11:21:00,0.21081549750087283,2.330570604677624
price,2010-12-15 13:18:00,0.5094650792791893,2.330492809378938
dollar_volume,2010-09-30 10:46:00,0.20765847224720624,2.3304922256266
dollar_volume,2010-03-19 13:05:00,0.1852534014684841,2.330408978765431
dollar_volume,2010-09-10 10:59:00,0.18491780404860714,2.330194468114336
price,2010-07-30 13:38:00,0.44320861922704774,2.3301923048703963
price,2010-08-06 11:21:00,0.49088784455154144,2.3301323447206768
price,2010-07-13 11:42:00,0.4008138053423865,2.3300348712431225
gross_return,2010-10-11 13:26:00,0.2954011957978008,2.3299115505944115
price,2010-09-29 15:28:00,0.4544119704313422,2.329791799011098
dollar_volume,2010-02-25 14:26:00,0.19708693840292135,2.3296876017438217
gross_return,2010-09-14 11:47:00,0.28576185243863084,2.329644295173432
gross_return,2010-06-10 12:11:00,0.22769339566351857,2.329607984873929
dollar_volume,2010-09-15 11:27:00,0.1854248500305339,2.3295033319357317
dollar_volume,2010-11-12 15:27:00,0.19000807204886433,2.329425044872551
price,2010-03-08 13:38:00,0.4469165934633945,2.3293537821595205
price,2010-12-02 10:35:00,0.5837340435423448,2.329285926344491
price,2010-07-30 13:42:00,0.4451645305810634,2.329057898596104
price,2010-04-13 15:46:00,0.5677670157342368,2.3289282609926025
price,2010-04-14 15:47:00,0.5662949023330157,2.3281792251241185
price,2010-05-12 12:47:00,0.352587349732423,2.3281013782049143
dollar_volume,2010-01-26 11:35:00,0.18376260552654267,2.327614929546803
price,2010-06-15 13:41:00,0.3903867952359891,2.327522493050248
dollar_volume,2010-01-26 14:15:00,0.1854942085370113,2.327489401094528
gross_return,2010-03-08 14:51:00,0.39608809305713033,2.327339167257748
gross_return,2010-04-21 12:51:00,0.2920335114797381,2.3273195971074467
gross_return,2010-12-21 15:27:00,0.5917995133605043,2.3272881132669543
dollar_volume,2010-08-24 11:22:00,0.17841711342774846,2.327202297966701
gross_return,2010-06-23 10:58:00,0.2565541903273866,2.327114238729763
gross_return,2010-06-01 10:48:00,0.22313110404305264,2.3270235053709243
dollar_volume,2010-07-06 15:24:00,0.1705422349951624,2.3268439437248905
dollar_volume,2010-05-10 12:34:00,0.19277068389776744,2.3266321129420997
dollar_volume,2010-02-25 14:27:00,0.19712289652115159,2.3264870316296156
dollar_volume,2010-11-19 13:37:00,0.19485449125103527,2.326325880527069
dollar_volume,2010-11-12 11:42:00,0.1856934260604889,2.3262988315565294
dollar_volume,2010-09-22 11:22:00,0.21081336721944446,2.3261991682935843
dollar_volume,2010-11-16 13:19:00,0.19097420781235952,2.326118575614164
price,2010-10-19 14:33:00,0.4831188875218305,2.3260888306216185
price,2010-05-26 15:59:00,0.33236670794723217,2.3259677864803137
gross_return,2010-02-22 15:59:00,0.3182788572386037,2.3259079831896265
dollar_volume,2010-05-10 12:35:00,0.1929128110722278,2.3258526352420135
gross_return,2010-03-05 14:06:00,0.36128646800036723,2.325799475068387
dollar_volume,2010-12-21 10:34:00,0.21578468972090184,2.325574192753641
gross_return,2010-12-01 13:11:00,0.27350106367891996,2.325476564345336
price,2010-11-15 14:39:00,0.4236166008606807,2.325385587042371
dollar_volume,2010-07-07 12:27:00,0.1772054667148328,2.3252953588072685
gross_return,2010-07-06 11:54:00,0.2275536720662846,2.325293949403051
price,2010-02-11 12:07:00,0.4701780628855422,2.3252175279135123
dollar_volume,2010-10-12 14:35:00,0.17558942566709293,2.325123096788834
price,2010-04-16 14:12:00,0.5207021014142265,2.3250820109176495
dollar_volume,2010-04-28 12:19:00,0.18629039748807805,2.3250430370368242
gross_return,2010-11-18 10:45:00,0.2767384414101108,2.325040096078098
price,2010-07-15 10:51:00,0.46268939232981177,2.3249482992606407
gross_return,2010-06-21 15:39:00,0.2463732210008316,2.3249336560351557
dollar_volume,2010-09-17 14:39:00,0.014587204039824228,-2.32486667529453
dollar_volume,2010-09-08 13:02:00,0.18549668203467348,2.324846054005294
gross_return,2010-06-01 10:47:00,0.2228362036840251,2.32484251112778
gross_return,2010-03-29 15:44:00,0.2883171642343411,2.324800866649986
dollar_volume,2010-12-07 11:33:00,0.1799218080571085,2.32454894257197
price,2010-05-12 10:43:00,0.3435782739229783,2.3243474949611365
dollar_volume,2010-11-23 15:23:00,0.19327609573198615,2.324288309724384
dollar_volume,2010-05-11 13:22:00,0.20197230193183152,2.3241504238988195
dollar_volume,2010-09-22 12:50:00,0.215123902511459,2.323979760329262
gross_return,2010-06-08 13:30:00,0.2227619172597545,2.3239720206065613
gross_return,2010-09-10 15:32:00,0.283859112612248,2.3239607554232977
gross_return,2010-12-06 11:54:00,0.28066832414335685,2.3238793880524766
dollar_volume,2010-12-06 13:29:00,0.1746195190547678,2.323863832903058
price,2010-10-12 11:29:00,0.5341273945290816,2.323757981980483
gross_return,2010-04-28 14:28:00,0.298507579777158,2.3236920636403964
gross_return,2010-07-26 11:33:00,0.2358098559141856,2.3236560231382613
price,2010-08-26 14:32:00,0.46717480481905505,2.323615628390326
dollar_volume,2010-03-09 14:24:00,0.19125149204023542,2.323344771119407
dollar_volume,2010-11-17 11:57:00,0.19479299751110854,2.3232851369237326
gross_return,2010-11-30 14:13:00,0.2772004411242198,2.3231296607035135
dollar_volume,2010-01-27 15:27:00,0.185723063786969,2.322998033350366
dollar_volume,2010-12-08 13:40:00,0.19021935650158056,2.3229676629968554
dollar_volume,2010-10-12 14:03:00,0.17280691744499727,2.3228904437767395
gross_return,2010-12-21 15:28:00,0.5917996544057111,2.3227916840214053
gross_return,2010-12-29 13:55:00,0.8515433504895136,2.322511262002439
price,2010-07-30 13:50:00,0.4483159392768914,2.3224954564051705
gross_return,2010-12-21 15:03:00,0.5770712513964616,2.3223758494354834
dollar_volume,2010-12-28 14:05:00,0.199992590114223,2.322356406826231
price,2010-06-01 13:50:00,0.42167661895122605,2.3223198836505814
gross_return,2010-08-27 15:09:00,0.276958624721797,2.322237971398183
dollar_volume,2010-11-09 14:48:00,0.19095522125671083,2.322106123453104
gross_return,2010-06-11 13:54:00,0.22818555616577557,2.322045799008052
dollar_volume,2010-11-12 15:20:00,0.18865452817326162,2.321864439372185
price,2010-02-02 15:36:00,0.46033325883340037,2.32184108668658
dollar_volume,2010-09-16 11:08:00,0.18799451418661486,2.3217471612236054
price,2010-05-18 12:15:00,0.4105649950377117,2.3217098891115993
dollar_volume,2010-08-13 13:35:00,0.19192555558744162,2.32170743260412
dollar_volume,2010-05-25 12:04:00,0.16946599906833953,2.3215429379532555
dollar_volume,2010-04-28 14:17:00,0.19263504730927597,2.321320041447077
gross_return,2010-12-29 12:19:00,0.8138271371993546,2.321105691656444
price,2010-09-20 14:37:00,0.4374187991657702,2.321084636762965
price,2010-06-29 15:35:00,0.3580682021410237,2.3208248102901154
price,2010-06-18 13:03:00,0.40586759529242333,2.320772325793478
dollar_volume,2010-09-30 10:51:00,0.2078264856392122,2.3205800679465005
price,2010-06-14 13:19:00,0.3818502738520604,2.32045818488855
price,2010-05-27 14:03:00,0.33303466936817955,2.3204492905677796
gross_return,2010-06-01 10:49:00,0.22301757965959526,2.3203984716903174
price,2010-12-15 11:33:00,0.47721805176962717,2.3202889781438327
dollar_volume,2010-02-09 13:24:00,0.19657435500661075,2.3202798125472923
price,2010-01-13 11:42:00,0.5183351381697234,2.3201433824324704
gross_return,2010-11-19 13:27:00,0.2987347465661391,2.3198731743793988
price,2010-07-12 12:24:00,0.410214578389384,2.3198197771226323
dollar_volume,2010-07-28 12:00:00,0.19799683634099674,2.319815987611344
dollar_volume,2010-01-15 15:47:00,0.1864767931038548,2.319524011788235
gross_return,2010-05-26 10:50:00,0.18959268879183291,2.319474608460771
gross_return,2010-02-11 12:02:00,0.2758053631440003,2.3193971741914243
dollar_volume,2010-11-05 13:21:00,0.17381465935347074,2.3190706707177013
dollar_volume,2010-03-19 15:48:00,0.1869229551118684,2.319026513069953
dollar_volume,2010-05-25 12:05:00,0.16951564473527342,2.3190154675050754
dollar_volume,2010-06-14 10:46:00,0.19350993362254496,2.3187976890174813
dollar_volume,2010-11-09 14:49:00,0.19098926907229674,2.318734159532393
price,2010-12-08 12:12:00,0.5429910172507567,2.3187257532872154
dollar_volume,2010-11-23 15:24:00,0.19321894471720863,2.3185912701924187
price,2010-05-18 12:25:00,0.4139567611427384,2.318551140212463
price,2010-11-19 13:13:00,0.41290178939262057,2.3181878324902194
price,2010-06-22 15:19:00,0.40129638386610594,2.3181609900035705
gross_return,2010-12-29 13:56:00,0.8515443799836093,2.3181012951567976
price,2010-03-11 12:29:00,0.47054242767754384,2.318093871670777
price,2010-03-11 12:33:00,0.4722824168019958,2.317938866634574
gross_return,2010-04-06 13:58:00,0.3320610308801073,2.317900890312458
gross_return,2010-03-01 14:20:00,0.2761283310525998,2.317879326953932
gross_return,2010-09-14 13:05:00,0.29251317808817406,2.3177186138163846
gross_return,2010-06-08 14:15:00,0.2316117613667475,2.317698358903593
price,2010-04-07 10:51:00,0.5135227630669157,2.3176418102300858
price,2010-05-25 12:13:00,0.33589327077126696,2.3175442334019456
dollar_volume,2010-08-10 14:34:00,0.18730662275875604,2.3174885782425125
price,2010-06-01 14:25:00,0.4402864066327802,2.3173594211745945
price,2010-10-07 13:37:00,0.48550856165446243,2.3170580218465013
gross_return,2010-12-29 12:20:00,0.8138271371993547,2.3170144291244457
price,2010-12-30 15:44:00,0.7082102260203522,2.316896624013082
dollar_volume,2010-06-29 12:58:00,0.1927791044298308,2.3166493342193513
gross_return,2010-05-26 14:27:00,0.19200874033145834,2.3163780084656045
gross_return,2010-07-09 14:30:00,0.2394174908415873,2.316261088126415
gross_return,2010-09-14 13:20:00,0.2983501440161938,2.3160873215152433
gross_return,2010-02-02 14:29:00,0.2735684671628797,2.3160383082029132
dollar_volume,2010-11-12 15:28:00,0.18966720031720202,2.3159777970876267
dollar_volume,2010-01-27 15:31:00,0.18591113141310298,2.315924154047384
price,2010-04-27 11:39:00,0.5089521162068983,2.3157934806039946
gross_return,2010-08-23 12:49:00,0.289459204661493,2.315654184920448
dollar_volume,2010-06-23 12:09:00,0.19222114459064127,2.3156479240404506
gross_return,2010-09-09 12:05:00,0.33107193526394696,2.3153984358699464
price,2010-10-18 14:42:00,0.45440073076814513,2.3153285041723923
price,2010-10-12 11:18:00,0.5250843187949759,2.315281534989612
price,2010-05-12 11:57:00,0.3421388675809215,2.315263734892931
gross_return,2010-03-26 12:25:00,0.29629693466413176,2.3150686748972817
price,2010-03-26 12:56:00,0.5276204968916764,2.3150544245932845
dollar_volume,2010-05-18 15:00:00,0.19683964676552962,2.3150450894864907
dollar_volume,2010-09-15 11:23:00,0.18424955448174385,2.315038526254336
price,2010-01-07 11:26:00,0.6304773683361165,2.314974143857536
dollar_volume,2010-06-16 11:12:00,0.2038631935110417,2.3149447609591958
dollar_volume,2010-11-05 13:46:00,0.17600028285832425,2.3149308588043036
gross_return,2010-12-06 15:40:00,0.3032666115098254,2.314832324759628
gross_return,2010-03-17 14:47:00,0.3658367061878391,2.3147494654783585
price,2010-07-30 13:41:00,0.4431645521396007,2.3147472222239953
price,2010-12-15 11:34:00,0.4770956190619792,2.314737924875995
dollar_volume,2010-07-01 11:51:00,0.17639487591627084,2.314726744233318
dollar_volume,2010-05-27 11:07:00,0.019606878169488588,-2.314680758898128
dollar_volume,2010-06-23 15:39:00,0.19691990032083576,2.3146738448347723
dollar_volume,2010-11-03 11:49:00,0.16768922277477127,2.3145484665460923
gross_return,2010-12-13 12:53:00,0.30999610977949255,2.3145119392356097
dollar_volume,2010-10-11 15:44:00,0.16589155078714124,2.3144741502059967
price,2010-11-29 15:16:00,0.5407418312942089,2.3144199343621104
gross_return,2010-11-30 14:12:00,0.2764063954082668,2.3144159039714918
gross_return,2010-05-28 15:14:00,0.21744155738716275,2.3143326438975103
dollar_volume,2010-11-09 14:42:00,0.18983653738163897,2.3142595148257996
dollar_volume,2010-09-08 12:59:00,0.18467293359728476,2.3139304683533615
gross_return,2010-11-19 13:43:00,0.29907890720379227,2.313854913034147
gross_return,2010-10-06 12:12:00,0.23621456450296865,2.3138250645693605
gross_return,2010-05-26 14:51:00,0.1990311475870575,2.3137193146083233
gross_return,2010-12-29 13:57:00,0.8515443799836094,2.313693602444844
price,2010-04-30 15:05:00,0.5199687362453007,2.313634755657678
price,2010-08-30 10:42:00,0.46660052349622705,2.3135867826934264
gross_return,2010-12-21 15:26:00,0.5889906367286427,2.31355172543119
dollar_volume,2010-05-27 11:08:00,0.01960428396759257,-2.3135397064280543
dollar_volume,2010-11-05 14:04:00,0.17854264034574166,2.313526108950991
gross_return,2010-05-17 12:17:00,0.21188119915996034,2.313245737227647
price,2010-06-22 15:23:00,0.4020794625673718,2.3130032398087064
gross_return,2010-12-29 12:21:00,0.813827137199355,2.3129552248004255
dollar_volume,2010-02-22 15:01:00,0.19543054512375732,2.312845287000594
gross_return,2010-08-27 11:31:00,0.2777190010423915,2.3127996060587557
dollar_volume,2010-10-22 12:22:00,0.17218824153966766,2.3126047561603014
gross_return,2010-05-28 15:06:00,0.21575299345802756,2.312572700848511
gross_return,2010-12-06 15:38:00,0.3025382291496261,2.312252029893383
dollar_volume,2010-06-04 11:48:00,0.1867244631976351,2.3122149759360484
price,2010-05-03 13:04:00,0.5556595320203556,2.3121432043148893
dollar_volume,2010-06-29 11:35:00,0.18962187024051066,2.311928257843805
price,2010-09-29 15:17:00,0.4473407758346032,2.311881917327396
dollar_volume,2010-11-23 15:25:00,0.19312626815162087,2.311878932264768
price,2010-01-14 14:10:00,0.5766705512732913,2.3118168349964185
price,2010-05-12 12:26:00,0.34642475364724,2.3117507459872124
gross_return,2010-08-23 12:50:00,0.289459204661493,2.311706804683495
gross_return,2010-11-02 11:16:00,0.3056405923269009,2.3116176709978555
price,2010-02-08 13:37:00,0.4579043484095711,2.3115816774731437
gross_return,2010-11-19 13:44:00,0.29908068919559777,2.3115810775867995
dollar_volume,2010-10-22 13:28:00,0.17404053928066507,2.311551105250061
gross_return,2010-12-13 12:54:00,0.30999201034360174,2.31149009559392
gross_return,2010-03-01 14:59:00,0.28236487461062093,2.311481101094127
gross_return,2010-06-11 15:43:00,0.22984755000696236,2.311473037709506
dollar_volume,2010-08-10 14:48:00,0.18887389028675522,2.3114042776817993
dollar_volume,2010-03-02 11:48:00,0.2070995708291759,2.311398410658503
price,2010-02-02 12:57:00,0.4435832398639288,2.311392039894829
price,2010-03-16 11:26:00,0.5153586477895303,2.3113701056360303
gross_return,2010-09-13 12:40:00,0.27992573817996735,2.311356275878465
gross_return,2010-09-09 12:06:00,0.33107386853255705,2.3111928599794203
price,2010-03-15 15:06:00,0.50559823373827,2.3111284953057747
dollar_volume,2010-08-04 12:29:00,0.19423126931188517,2.3109515426339398
price,2010-09-21 14:35:00,0.46201878511197736,2.310862894452022
gross_return,2010-11-19 13:47:00,0.29954239466735294,2.310740597954067
gross_return,2010-04-23 12:19:00,0.2808284295451045,2.3105952781728334
gross_return,2010-06-21 15:40:00,0.24583327609022382,2.310565809248298
dollar_volume,2010-06-10 15:17:00,0.18879457198046345,2.3104577438728175
gross_return,2010-09-13 12:36:00,0.27895072872001403,2.3103576780557975
gross_return,2010-03-17 14:48:00,0.3658353722296106,2.3102676929954273
price,2010-07-30 13:46:00,0.4453097168711759,2.310244735130849
price,2010-10-07 13:46:00,0.48751539854532655,2.310208963038116
price,2010-06-01 10:53:00,0.41207647704702316,2.3099699482306497
gross_return,2010-06-16 14:28:00,0.22150786105810438,2.309900900291183
dollar_volume,2010-03-26 14:29:00,0.20384697945098093,2.3098981310108413
price,2010-11-29 15:06:00,0.5347966526651464,2.3097878596694263
price,2010-11-22 13:19:00,0.4771655312241411,2.3097515416733008
dollar_volume,2010-01-21 12:08:00,0.1832113065665862,2.3097105073824196
price,2010-03-10 12:06:00,0.4407636687160474,2.309663944365556
dollar_volume,2010-11-02 11:21:00,0.16277213643951194,2.3096456578763607
dollar_volume,2010-10-06 14:41:00,0.17044664643630772,2.309438083279828
dollar_volume,2010-09-30 10:49:00,0.2069812844404222,2.309083096608946
dollar_volume,2010-12-15 12:18:00,0.21050041987105034,2.3090633812282126
price,2010-06-23 14:40:00,0.40511121133732936,2.3090611056520767
price,2010-05-03 13:02:00,0.554295251609283,2.309038257368943
dollar_volume,2010-11-05 14:05:00,0.17853929119650988,2.3089842885041882
gross_return,2010-09-14 13:19:00,0.2976329546121464,2.3089657765371494
dollar_volume,2010-08-04 12:28:00,0.19396021455288417,2.308764626456678
gross_return,2010-09-17 13:43:00,0.301673670087825,2.30872559670085
price,2010-08-19 12:52:00,0.48094622465842696,2.30865132810842
price,2010-08-19 10:34:00,0.46812787513354304,2.308576044731115
dollar_volume,2010-09-01 15:00:00,0.1935018146375675,2.308546836070111
dollar_volume,2010-06-29 13:00:00,0.19273961988085936,2.308364601220766
dollar_volume,2010-01-07 15:44:00,0.20484009877850318,2.308323133738383
dollar_volume,2010-02-12 14:30:00,0.1893225359128491,2.3082969242135425
gross_return,2010-09-22 14:13:00,0.29880651533136215,2.3082413585391555
price,2010-12-30 15:40:00,0.7038249552776774,2.3081636952494797
gross_return,2010-12-29 13:58:00,0.8513163617697922,2.308130272430387
dollar_volume,2010-07-21 14:48:00,0.19510001311661462,2.3080044339954195
price,2010-03-16 11:43:00,0.5221209245518832,2.3076187027518746
dollar_volume,2010-09-17 12:21:00,0.1908723467883348,2.3075903944897878
dollar_volume,2010-10-19 11:06:00,0.1801393295359308,2.3074326270871404
price,2010-04-26 15:24:00,0.5017832734562913,2.3073953338208137
dollar_volume,2010-12-07 14:00:00,0.18609985767005063,2.3073121274192747
gross_return,2010-02-11 12:03:00,0.2752999687679496,2.3072926247157604
price,2010-05-04 10:59:00,0.5648997263043617,2.307247197446614
price,2010-02-22 15:51:00,0.5288534259752136,2.3072368246816373
price,2010-06-30 12:56:00,0.353078816719234,2.307230730677919
dollar_volume,2010-10-15 12:45:00,0.1749195991736074,2.3071141973897595
gross_return,2010-10-07 14:26:00,0.26709883763237563,2.307059330064509
gross_return,2010-09-09 12:07:00,0.3310731680598302,2.3070443764558033
dollar_volume,2010-09-21 14:29:00,0.1922016272647904,2.3068136478574344
dollar_volume,2010-03-24 15:39:00,0.19544438438295822,2.3066327428117575
gross_return,2010-06-21 15:37:00,0.2448949163659237,2.306629434008289
gross_return,2010-03-02 14:12:00,0.3009504832786264,2.306487342649643
price,2010-11-04 15:40:00,0.4255844435348953,2.3064407124848003
gross_return,2010-05-26 14:50:00,0.19858764675247353,2.306437304137056
gross_return,2010-12-10 13:56:00,0.3002559332722381,2.3064168362495963
gross_return,2010-11-23 13:56:00,0.2737172763321242,2.306400942398712
gross_return,2010-06-29 10:32:00,0.2544858104605433,2.3062881233315347
gross_return,2010-04-05 14:09:00,0.2964081075200727,2.3062259047607228
gross_return,2010-09-13 12:37:00,0.2789508367378056,2.3061219709091927
price,2010-04-21 15:55:00,0.489693114715908,2.306058247284873
dollar_volume,2010-02-25 14:24:00,0.19580740159320684,2.3060215196284672
gross_return,2010-05-18 10:52:00,0.21968812691411202,2.3059404465393993
gross_return,2010-11-19 13:41:00,0.29804675288652377,2.305615827967506
gross_return,2010-04-27 11:25:00,0.2994529426679269,2.3055304081701067
price,2010-02-08 13:29:00,0.4561606627525861,2.305465706253781
gross_return,2010-08-23 12:42:00,0.2867837396866381,2.3052754978689785
price,2010-10-07 14:18:00,0.5031820484520239,2.304971550702635
gross_return,2010-03-04 13:25:00,0.2877852178780921,2.304924558252297
price,2010-12-20 13:24:00,0.5808913227923471,2.304657195445828
dollar_volume,2010-03-24 15:37:00,0.19539791595050193,2.304587318033631
price,2010-02-12 12:34:00,0.5136786026496959,2.304297018841497
dollar_volume,2010-01-07 15:35:00,0.20288953851066596,2.3042221289074303
dollar_volume,2010-02-25 14:29:00,0.19661712023905253,2.3040129719720497
price,2010-11-04 11:13:00,0.4366681373636731,2.303869702501994
dollar_volume,2010-04-12 13:52:00,0.20840364370675252,2.30362582276926
dollar_volume,2010-07-08 13:22:00,0.1734816993133254,2.30358890131821
price,2010-01-21 11:13:00,0.6242514692637827,2.3034735162446376
price,2010-12-14 13:51:00,0.4618036429350212,2.3033629931985686
dollar_volume,2010-08-27 11:00:00,0.18636795506859713,2.303346287109358
dollar_volume,2010-01-27 14:19:00,0.18348643114572033,2.3032728063293617
price,2010-11-15 15:46:00,0.4315538321284451,2.303139794364814
gross_return,2010-11-19 13:28:00,0.2976486667111979,2.3029173264574148
dollar_volume,2010-11-05 13:26:00,0.17373264527628915,2.302849103881933
gross_return,2010-04-23 14:18:00,0.2786694334227331,2.3024847008705245
gross_return,2010-03-02 10:39:00,0.28525667932300264,2.3024125719743007
price,2010-02-02 10:57:00,0.4272445050392104,2.3023343930374485
gross_return,2010-06-29 10:31:00,0.2539938462395078,2.3021845728144386
price,2010-08-27 11:51:00,0.4666519961696939,2.3021067198576923
gross_return,2010-11-23 13:57:00,0.27371676078822027,2.302009812481994
gross_return,2010-01-28 13:22:00,0.2721703688768083,2.30200943867019
price,2010-04-07 13:26:00,0.5483947952424826,2.3017542465330174
dollar_volume,2010-09-17 14:42:00,0.015186362458946575,-2.301464372753622
dollar_volume,2010-08-05 12:38:00,0.19041934833035873,2.3013831444122537
dollar_volume,2010-12-28 14:02:00,0.19863643667218864,2.301187492398941
price,2010-08-19 12:40:00,0.47368203151933114,2.3011851367999947
price,2010-02-11 12:33:00,0.495288422596431,2.301106601717691
price,2010-04-01 14:26:00,0.5210696770834651,2.3008382921647605
price,2010-09-27 14:16:00,0.48240090281970394,2.300750471407555
dollar_volume,2010-09-16 15:56:00,0.18914357238498186,2.300667731456198
dollar_volume,2010-12-17 11:44:00,0.22148950287555075,2.3005752108323567
gross_return,2010-07-14 10:47:00,0.264041394511524,2.300507375344662
price,2010-10-07 13:47:00,0.4866424670789851,2.300452451406814
gross_return,2010-05-17 12:18:00,0.21146951173420225,2.300145355735344
price,2010-05-24 12:14:00,0.3513818859669135,2.3001174958386543
dollar_volume,2010-05-18 11:59:00,0.1954600753301006,2.3000719237364957
dollar_volume,2010-03-22 15:34:00,0.18353979859547528,2.2999304526535203
gross_return,2010-03-01 13:10:00,0.27732085155384467,2.2998273459625755
dollar_volume,2010-09-01 15:07:00,0.19434003493610236,2.299786733641262
gross_return,2010-04-23 12:20:00,0.2804078344611723,2.2996868465764866
gross_return,2010-07-27 14:53:00,0.24392776468510477,2.29943511763222
price,2010-02-02 13:05:00,0.4458365116763278,2.299297342564257
price,2010-12-01 12:43:00,0.6137626767026734,2.299265581979722
dollar_volume,2010-10-12 14:42:00,0.17561925291789027,2.299220670051942
dollar_volume,2010-07-29 13:05:00,0.1942904252978881,2.2992121455617034
dollar_volume,2010-12-22 10:32:00,0.2149941027959209,2.299110923001549
dollar_volume,2010-02-05 12:31:00,0.18739408210452238,2.2991067835355934
gross_return,2010-03-17 13:39:00,0.3610081729570876,2.299031129252082
price,2010-12-08 12:33:00,0.5538717481352698,2.2990002937394767
dollar_volume,2010-02-04 10:59:00,0.19886072015441786,2.298976932624465
price,2010-01-07 11:24:00,0.626149156304387,2.2989659084208607
price,2010-03-05 15:17:00,0.42582206583496623,2.2986217595841625
price,2010-09-15 15:34:00,0.4308819034304946,2.2984851305671783
price,2010-07-30 13:32:00,0.43729479566416274,2.298282436218217
gross_return,2010-01-28 13:23:00,0.2721686747152891,2.298211959732363
price,2010-05-18 11:57:00,0.3987055827324511,2.298189537572844
gross_return,2010-12-01 12:48:00,0.26829242289323124,2.2981886038201758
price,2010-01-14 14:08:00,0.5735741462411347,2.2979955622852395
price,2010-01-29 14:01:00,0.4396779523360588,2.297978287540835
dollar_volume,2010-11-22 13:12:00,0.19354103376226034,2.297976958788722
dollar_volume,2010-12-31 12:40:00,0.2049875090983257,2.2978080074939466
dollar_volume,2010-08-05 15:07:00,0.1925696308950201,2.2975641255383747
dollar_volume,2010-07-02 12:28:00,0.16781627724193993,2.2973771482162353
price,2010-06-15 14:00:00,0.3913019083261131,2.29730549690231
dollar_volume,2010-06-29 13:01:00,0.19241863111404603,2.2971676232720957
dollar_volume,2010-07-13 12:03:00,0.18241411417327286,2.297081103158207
gross_return,2010-05-26 11:03:00,0.1906604516763268,2.2970659063452583
gross_return,2010-03-01 13:11:00,0.2773194292079547,2.2968420507199423
dollar_volume,2010-06-16 11:13:00,0.20325427254101872,2.2967827268358105
dollar_volume,2010-07-29 13:41:00,0.19951314589150654,2.296524014022004
dollar_volume,2010-04-19 15:35:00,0.1916726445389154,2.2964652521170774
gross_return,2010-05-26 14:29:00,0.1915950463925024,2.29627161951277
dollar_volume,2010-11-05 13:58:00,0.17694000904746326,2.296126933218557
dollar_volume,2010-02-12 14:14:00,0.18315072988034117,2.295987683345827
price,2010-04-15 13:51:00,0.5287238319880313,2.295907137353575
dollar_volume,2010-05-03 15:01:00,0.19875994295216282,2.2958918712506726
dollar_volume,2010-11-03 13:01:00,0.17027736931309156,2.2957676409211865
gross_return,2010-04-22 13:03:00,0.29946923432249184,2.2957184818932848
dollar_volume,2010-03-31 10:48:00,0.2025232950478516,2.29536061942115
dollar_volume,2010-06-15 12:42:00,0.19631210479713385,2.295353218108691
gross_return,2010-02-16 15:35:00,0.31711326606455653,2.295345879558624
price,2010-11-22 15:01:00,0.48223530928879793,2.2952613213650728
price,2010-04-28 14:31:00,0.5232324875843776,2.2952448237829324
dollar_volume,2010-05-03 14:29:00,0.19518869143679152,2.294982214829252
gross_return,2010-03-04 13:19:00,0.28568031258080445,2.2949682057999117
gross_return,2010-09-10 15:28:00,0.28111321852873694,2.29479690569175
dollar_volume,2010-07-19 15:21:00,0.18025165081920932,2.2947563984374098
price,2010-12-13 13:35:00,0.44874508910140903,2.294736288269781
price,2010-12-17 13:34:00,0.5645695861191136,2.2945964861160397
dollar_volume,2010-12-16 11:06:00,0.21418907197095008,2.2944630886842416
dollar_volume,2010-09-09 13:05:00,0.18688146792531668,2.2943028314752327
dollar_volume,2010-10-18 12:14:00,0.17705784182715345,2.2942555201536505
price,2010-08-06 11:12:00,0.4848671682235892,2.2942155540303433
price,2010-04-27 11:37:00,0.5056312509740934,2.2941763092101324
price,2010-05-12 12:29:00,0.34591220061625527,2.2940488739488147
gross_return,2010-09-14 13:15:00,0.2957279823134237,2.2940465671297434
price,2010-02-08 13:33:00,0.4552627736226842,2.2940418472929456
price,2010-04-27 11:49:00,0.5104466657024134,2.2940276909827073
dollar_volume,2010-09-08 13:00:00,0.18410197287042218,2.2939401447805907
price,2010-07-12 12:26:00,0.40725726073015445,2.2938831074190915
gross_return,2010-06-30 11:15:00,0.2495772213331106,2.2938761473880667
gross_return,2010-03-01 15:03:00,0.28233559092426974,2.2938028765217315
dollar_volume,2010-02-22 15:07:00,0.19589253281807406,2.293735070521922
gross_return,2010-12-01 13:30:00,0.27766562747744095,2.293355948941372
gross_return,2010-03-01 13:09:00,0.27681805402390003,2.2933429628406694
price,2010-12-15 11:44:00,0.47968156590810357,2.2929868549315433
price,2010-09-27 14:27:00,0.4863597039357147,2.2929249800035554
dollar_volume,2010-01-28 11:11:00,0.017126415679621677,-2.292877719973472
dollar_volume,2010-04-21 12:14:00,0.2000281961982074,2.2928272802876717
gross_return,2010-08-19 12:42:00,0.26770660878241004,2.292808118250127
price,2010-07-20 13:55:00,0.4239938120910498,2.292593446834047
dollar_volume,2010-12-29 15:19:00,0.20610298691180068,2.2924744349729482
price,2010-04-13 12:33:00,0.5237907106318396,2.2924688261297064
gross_return,2010-05-18 10:51:00,0.21885695281960058,2.2924389587684058
gross_return,2010-06-21 15:28:00,0.2420829000082266,2.2924042736459618
gross_return,2010-08-04 15:41:00,0.2760291421286081,2.2921793599414166
dollar_volume,2010-06-23 12:31:00,0.1941171930546152,2.2921350142999777
gross_return,2010-12-29 12:18:00,0.8076967310768774,2.292092612059433
price,2010-09-23 14:50:00,0.4657408129476136,2.2920602123487455
dollar_volume,2010-08-09 12:10:00,0.18465665058847802,2.291998830795858
price,2010-02-05 14:03:00,0.43008943047332054,2.291886463234067
dollar_volume,2010-07-21 11:01:00,0.18347013816406182,2.2918843753458953
gross_return,2010-12-21 15:32:00,0.5896730351718537,2.2918747159744046
dollar_volume,2010-11-15 12:37:00,0.1925832765119988,2.291873635810825
dollar_volume,2010-04-08 10:40:00,0.20980161703691788,2.2918531464027008
price,2010-12-20 13:35:00,0.5864619800318289,2.2918460468015844
dollar_volume,2010-05-12 12:09:00,0.20012788364527118,2.291741237433412
dollar_volume,2010-01-22 14:17:00,0.17750495606020855,2.2917281864557126
gross_return,2010-10-05 10:55:00,0.25324541518378685,2.2915695952596904
price,2010-06-22 15:21:00,0.3994660884015068,2.291224738324382
dollar_volume,2010-09-01 15:05:00,0.1936984716217476,2.291076350176456
dollar_volume,2010-02-22 11:59:00,0.18038273300869784,2.2909568244470893
dollar_volume,2010-11-19 13:36:00,0.19335319063631912,2.290791834469421
price,2010-07-21 14:40:00,0.44370322312312593,2.2907575078115965
dollar_volume,2010-12-15 15:32:00,0.2096988976401183,2.290671794318154
price,2010-08-06 11:10:00,0.48435777692562554,2.290581903718131
gross_return,2010-05-17 12:10:00,0.20972336656814394,2.2904841511624454
dollar_volume,2010-07-23 14:08:00,0.2037912292898584,2.290314567980052
dollar_volume,2010-09-08 13:01:00,0.18410180663036768,2.290038204940466
gross_return,2010-06-23 10:52:00,0.25310950961624823,2.2900106835433456
price,2010-09-21 14:44:00,0.46562998151187834,2.2897669935466167
price,2010-11-15 14:30:00,0.416625882183298,2.2895744562175615
gross_return,2010-07-08 11:01:00,0.2380560018357003,2.2895290645839848
gross_return,2010-12-07 11:12:00,0.30524973129287186,2.2893684150120444
gross_return,2010-07-27 13:22:00,0.24749721769775884,2.2893657538638754
price,2010-07-15 10:36:00,0.44855150197628063,2.289349280478368
gross_return,2010-07-09 14:31:00,0.2382233205749509,2.2893083840963735
price,2010-03-22 13:26:00,0.5102533248783789,2.2892459909209895
price,2010-05-26 15:57:00,0.32885211532187986,2.2892152074068224
price,2010-11-18 10:59:00,0.411358850124808,2.2890896083943235
price,2010-05-12 12:46:00,0.3489963818518392,2.288966653030458
dollar_volume,2010-03-29 11:40:00,0.0125002155615048,-2.2887708831547853
price,2010-04-30 15:04:00,0.5164362558312987,2.288766242992941
gross_return,2010-07-09 14:24:00,0.23631033691298153,2.2887504144387445
dollar_volume,2010-02-22 12:00:00,0.18045305422705918,2.2885319545107254
dollar_volume,2010-04-07 14:12:00,0.20806166021616126,2.2884286281120514
price,2010-05-04 10:54:00,0.559200081597841,2.288131546280961
gross_return,2010-02-16 15:40:00,0.31806393534871497,2.2881177243319732
gross_return,2010-03-29 15:47:00,0.28679747082794993,2.28807916541163
dollar_volume,2010-05-07 15:48:00,0.184722568422703,2.2880537696173926
price,2010-01-07 11:32:00,0.6317500340022789,2.287926718985558
price,2010-03-31 15:02:00,0.5054607227887497,2.2876872669976396
gross_return,2010-02-11 12:25:00,0.2798649862629947,2.2875807002519495
dollar_volume,2010-04-01 15:56:00,0.2087561531880492,2.287503570700062
price,2010-09-20 14:59:00,0.44610611406862916,2.287318759330127
price,2010-08-19 10:36:00,0.4666990841518148,2.2872195599513447
dollar_volume,2010-07-01 11:56:00,0.17523405775722323,2.287195276290186
dollar_volume,2010-04-08 12:32:00,0.21504613954211477,2.2871441592264916
price,2010-09-03 13:00:00,0.5381515039355009,2.2871299595595866
dollar_volume,2010-08-16 11:02:00,0.1845258781845281,2.2871288868883215
price,2010-04-27 11:38:00,0.5051094968398815,2.287075114131404
price,2010-10-21 12:58:00,0.45670183514050156,2.287059412643722
dollar_volume,2010-05-12 14:43:00,0.2044620513108228,2.286979998158856
gross_return,2010-03-01 13:12:00,0.27681621973473763,2.2869717224519985
gross_return,2010-02-11 12:05:00,0.2744562824019651,2.286728929428322
gross_return,2010-06-07 13:24:00,0.2323165535934319,2.2866152224657803
dollar_volume,2010-09-23 14:04:00,0.21724777580196075,2.2864855732011615
dollar_volume,2010-02-05 14:06:00,0.19296799851666452,2.286330136613128
gross_return,2010-10-05 10:58:00,0.2536491012682632,2.286309947615518
gross_return,2010-02-16 15:34:00,0.316093057325204,2.2862482505002744
price,2010-08-06 15:31:00,0.516438445685878,2.286200351885957
gross_return,2010-03-29 15:36:00,0.2838140622587378,2.2859925174356497
price,2010-08-06 11:14:00,0.4840380029108797,2.2859822745399967
dollar_volume,2010-04-07 14:13:00,0.2080988734963874,2.2859305369275487
price,2010-11-02 13:39:00,0.4168895904836543,2.285922413516366
price,2010-07-30 14:53:00,0.4501314558144501,2.285906633747155
dollar_volume,2010-05-28 11:53:00,0.16267130308574504,2.285814945393876
price,2010-05-27 14:21:00,0.3345014198415317,2.2854646605120688
price,2010-06-10 15:36:00,0.36607518368417424,2.285384079841704
price,2010-08-06 11:13:00,0.4838523074216692,2.285263687960204
gross_return,2010-12-10 15:33:00,0.30590241533628754,2.285038261440954
price,2010-12-14 14:58:00,0.4688717597194416,2.2850038489842786
price,2010-01-19 15:49:00,0.5820521718076073,2.284746222651637
gross_return,2010-05-05 15:04:00,0.24701253196946987,2.2845856222639505
price,2010-04-22 13:51:00,0.5178841435127578,2.284555119103124
price,2010-10-07 14:13:00,0.49793856779556417,2.2845435541553076
dollar_volume,2010-09-22 11:16:00,0.20753643466010513,2.284500879146392
dollar_volume,2010-10-22 12:18:00,0.17061993536624315,2.2844770979306936
dollar_volume,2010-08-24 11:45:00,0.18027720860926943,2.2844153299832577
dollar_volume,2010-08-27 10:41:00,0.18398731526871415,2.2842973791468477
price,2010-08-06 11:17:00,0.48426499180985666,2.284296493266732
price,2010-12-15 11:35:00,0.4741857330088351,2.2842887489769
gross_return,2010-06-21 12:09:00,0.23798898048592004,2.2842272127752175
dollar_volume,2010-03-31 13:17:00,0.20720025290563027,2.2838874369920075
dollar_volume,2010-03-02 11:53:00,0.20641247446433328,2.2838345414095524
price,2010-02-25 14:30:00,0.5377311094936914,2.2837625899329743
dollar_volume,2010-07-29 13:25:00,0.19793504499915537,2.2837581739896473
gross_return,2010-12-29 12:17:00,0.8053854441812854,2.2836930231854655
dollar_volume,2010-07-06 15:27:00,0.16939811253158576,2.283688345380415
dollar_volume,2010-08-10 14:45:00,0.18723117288145807,2.283575924509517
price,2010-12-15 12:48:00,0.4838258325517642,2.2834292046713056
price,2010-05-25 12:10:00,0.33233895131333124,2.2834055987397086
price,2010-08-06 14:57:00,0.4888393122366025,2.2833825418298868
dollar_volume,2010-11-12 15:29:00,0.1885876152212648,2.2833506409182434
dollar_volume,2010-12-03 14:27:00,0.17336984381639348,2.283303083411553
gross_return,2010-11-17 15:43:00,0.2676069437476183,2.2832807637912276
dollar_volume,2010-09-08 12:58:00,0.18349376913468435,2.283259528054442
dollar_volume,2010-05-10 11:42:00,0.1864907202603928,2.283115329765478
gross_return,2010-12-10 14:46:00,0.30326994528446044,2.283114341095293
dollar_volume,2010-04-07 14:14:00,0.2081203180363632,2.2830858251462764
dollar_volume,2010-12-23 13:55:00,0.21554921915911956,2.283084523020244
dollar_volume,2010-12-09 10:47:00,0.1886621743388398,2.2830712323635005
dollar_volume,2010-08-23 13:08:00,0.1824373545460818,2.283029283447443
dollar_volume,2010-09-20 11:01:00,0.012534113812356685,-2.2829062476773534
dollar_volume,2010-02-22 14:19:00,0.18647323677936994,2.2828332692939495
price,2010-04-06 14:34:00,0.4938141153538545,2.282777750532518
price,2010-11-24 13:37:00,0.4914771564986103,2.2822840475995734
gross_return,2010-07-26 13:14:00,0.23846621961996728,2.2820940202161513
price,2010-09-20 14:36:00,0.43305086518400715,2.2820503861601624
dollar_volume,2010-10-29 15:24:00,0.1753320484177192,2.281900422932142
gross_return,2010-02-16 15:36:00,0.31641648094704067,2.2818217683534257
dollar_volume,2010-04-01 15:55:00,0.20830107872519737,2.281666845726814
price,2010-11-19 11:08:00,0.4039945217558488,2.281427496785311
gross_return,2010-10-12 13:39:00,0.3242430215672908,2.2812968555215476
dollar_volume,2010-02-22 12:08:00,0.1817055689024666,2.2812040280388444
dollar_volume,2010-07-01 11:54:00,0.175208902285791,2.2810237516456504
dollar_volume,2010-03-10 14:59:00,0.17837797467583114,2.281015359163649
price,2010-01-19 12:44:00,0.5656556479295392,2.280854631576517
price,2010-06-16 15:37:00,0.4032342688568414,2.280830178645204
dollar_volume,2010-02-26 11:09:00,0.19778104579689512,2.280691181256614
gross_return,2010-02-23 12:15:00,0.30894307991898357,2.28068570158082
price,2010-02-02 11:03:00,0.42754631539851057,2.2806707999732447
price,2010-08-18 13:19:00,0.4580333198759538,2.2806239685356022
dollar_volume,2010-10-27 12:49:00,0.17256500194775723,2.2804572659614886
dollar_volume,2010-10-12 12:48:00,0.17005767720471643,2.280285158208139
dollar_volume,2010-06-29 13:02:00,0.19187554924206882,2.280163529772021
gross_return,2010-10-07 14:31:00,0.2662152327873467,2.2799322636780057
dollar_volume,2010-08-23 13:09:00,0.18245863702646362,2.2798986690620033
gross_return,2010-06-07 13:30:00,0.23370318921345912,2.2797608050203872
dollar_volume,2010-11-11 12:19:00,0.1879277885873612,2.2796832174009873
price,2010-10-07 13:02:00,0.47325347512237614,2.279573526298985
gross_return,2010-03-04 13:24:00,0.2859258101766621,2.279416354659438
dollar_volume,2010-02-11 13:51:00,0.18444257567624528,2.279330482255854
dollar_volume,2010-09-13 12:22:00,0.18225810902222225,2.279215180344924
price,2010-03-30 11:16:00,0.49381492250393433,2.2790768632048266
gross_return,2010-07-08 11:02:00,0.23772457354556464,2.279032485153929
gross_return,2010-12-31 12:08:00,0.8740674527934643,2.2789841621589857
gross_return,2010-10-11 13:20:00,0.29034551987082624,2.2788110384765354
gross_return,2010-08-05 12:41:00,0.27831086172006103,2.2787034949060163
gross_return,2010-12-21 15:31:00,0.5869461212080341,2.278613068136571
price,2010-02-19 11:54:00,0.5569064988485712,2.278607974389529
price,2010-02-08 13:27:00,0.4534712074565334,2.278554222157376
price,2010-03-23 15:43:00,0.5273993119476075,2.2784999827673404
price,2010-06-11 10:51:00,0.3727367305446439,2.2784373996263767
gross_return,2010-04-05 13:12:00,0.2829036065442616,2.2782412520226774
price,2010-07-23 14:05:00,0.44890696870360336,2.278095977613836
gross_return,2010-02-16 15:41:00,0.31761431226213077,2.277957381222471
gross_return,2010-03-16 13:27:00,0.3567424345123218,2.277826016162882
gross_return,2010-04-23 14:15:00,0.2763539422890079,2.277803553026109
dollar_volume,2010-10-22 13:39:00,0.17476378157346087,2.277699384646696
price,2010-06-16 12:32:00,0.4015106586401223,2.2775088093405134
gross_return,2010-11-24 13:11:00,0.2801548299043813,2.277329986974491
gross_return,2010-10-12 13:40:00,0.3242427632926841,2.2772020818754024
gross_return,2010-12-13 15:07:00,0.37860270036576243,2.2771890345564016
dollar_volume,2010-04-15 15:58:00,0.18345965829300223,2.2771609032779168
gross_return,2010-01-07 15:00:00,0.525877983107886,2.2771262372246563
gross_return,2010-04-05 13:24:00,0.2847478153829701,2.2769572629969916
gross_return,2010-03-17 14:58:00,0.3670475281411043,2.2769376428832238
price,2010-08-18 11:47:00,0.45192442042409997,2.276906920513539
gross_return,2010-03-01 14:51:00,0.2784345263726345,2.2768132694440077
dollar_volume,2010-11-03 13:02:00,0.16975406095477116,2.2766028965702603
gross_return,2010-06-23 14:52:00,0.2709133702089106,2.276580366512071
gross_return,2010-12-29 12:16:00,0.8033273262160886,2.276541210759457
price,2010-09-29 15:24:00,0.44746739985024636,2.276540247350199
gross_return,2010-11-19 13:26:00,0.29547751581792725,2.2765339174132913
price,2010-05-13 15:01:00,0.3551775324936566,2.2765329634943323
price,2010-02-22 15:53:00,0.5259623728889362,2.2765253157585508
dollar_volume,2010-03-17 13:50:00,0.18762991254294517,2.2765139922518336
gross_return,2010-02-02 13:37:00,0.2582715215446391,2.2764636050805684
gross_return,2010-06-01 10:46:00,0.2202789561671308,2.2764555015714825
price,2010-12-15 13:19:00,0.5033841252634317,2.276393155055839
gross_return,2010-03-01 15:01:00,0.2808162597591926,2.276231983569296
gross_return,2010-11-24 13:12:00,0.2803359704465499,2.2761508999155473
dollar_volume,2010-02-22 14:57:00,0.19310645454452116,2.2761232835948504
gross_return,2010-03-16 13:28:00,0.3567424345123218,2.2759691828440944
price,2010-01-14 14:07:00,0.5699376231667564,2.275885339425467
price,2010-07-20 13:46:00,0.41791046454116415,2.2756648032805042
dollar_volume,2010-08-09 12:11:00,0.18417274179957316,2.275499827880857
gross_return,2010-08-20 13:08:00,0.27390747256392206,2.2754782889663168
price,2010-06-15 15:29:00,0.39783457785372534,2.2754270707279023
price,2010-08-31 14:32:00,0.4756218405995211,2.2753023505603864
dollar_volume,2010-07-21 14:47:00,0.19347358047605318,2.2752622676659784
dollar_volume,2010-01-28 12:55:00,0.19395216333095083,2.2752367396109388
gross_return,2010-05-17 12:06:00,0.20839303359155742,2.2750385816811245
dollar_volume,2010-02-18 11:22:00,0.18122319950110116,2.2749155530064793
price,2010-02-25 13:55:00,0.5133249826372559,2.2747665992685704
gross_return,2010-12-21 15:30:00,0.5856637200706991,2.2746339784533287
dollar_volume,2010-11-03 13:05:00,0.17014179242479682,2.274540619479184
price,2010-04-15 13:49:00,0.5251576208255758,2.2743600823400794
price,2010-06-09 15:09:00,0.3720017812943868,2.274312607113677
gross_return,2010-06-23 14:53:00,0.27103046656284174,2.2742053561667435
gross_return,2010-09-22 14:14:00,0.2968242995235892,2.2740748107264825
gross_return,2010-09-17 14:01:00,0.30574886642165716,2.2740219970836466
price,2010-09-14 14:58:00,0.4161330854290051,2.273821892803272
gross_return,2010-06-23 10:46:00,0.25078027690351823,2.2737631856960485
dollar_volume,2010-12-15 15:24:00,0.20786933485508322,2.273611301421096
price,2010-02-11 12:06:00,0.463868440884952,2.2735351395600807
dollar_volume,2010-06-04 13:15:00,0.19005163280221196,2.273486404062641
price,2010-06-17 14:12:00,0.40510294439970157,2.273455066946538
dollar_volume,2010-10-22 12:19:00,0.1703907924771579,2.273449424468684
dollar_volume,2010-06-10 14:29:00,0.18368850729673736,2.2734143930548525
dollar_volume,2010-05-12 12:49:00,0.20115145117138095,2.2734043040571215
dollar_volume,2010-11-02 15:00:00,0.011760711304910205,-2.2732812641450413
dollar_volume,2010-03-24 15:58:00,0.1958028337722429,2.2731568417628205
gross_return,2010-10-12 13:41:00,0.3242429811103938,2.273002080123632
gross_return,2010-06-23 10:50:00,0.25169079213581746,2.272988240515748
gross_return,2010-08-23 12:37:00,0.2834766605932899,2.2727625119342556
gross_return,2010-04-05 13:25:00,0.2847478153829614,2.272703375345095
price,2010-07-26 14:53:00,0.4590723813861547,2.272456975043586
price,2010-03-10 14:57:00,0.45577614005076617,2.2724529004009084
dollar_volume,2010-06-16 11:01:00,0.20017708554836194,2.272255154722994
price,2010-06-15 13:42:00,0.3856449793570469,2.272023439346303
gross_return,2010-03-01 15:02:00,0.2808162597591896,2.2719494460632728
gross_return,2010-10-07 13:57:00,0.2624518965992379,2.2717491725921826
dollar_volume,2010-10-22 12:20:00,0.17047787464586386,2.271740091220833
dollar_volume,2010-07-21 11:11:00,0.18341935584575886,2.271625962410778
price,2010-12-15 11:36:00,0.4732352856658314,2.271481290831405
gross_return,2010-03-29 15:42:00,0.28440320588838847,2.2711146876362642
dollar_volume,2010-07-16 15:39:00,0.17644902171524712,2.2710026619965498
price,2010-04-16 14:38:00,0.5238365736784262,2.2710015283040943
price,2010-05-03 13:07:00,0.55153871160912,2.2708612745247034
price,2010-03-02 14:01:00,0.4837933072302556,2.270807661656493
price,2010-07-22 10:50:00,0.4645329730354755,2.2706478823124012
price,2010-03-15 15:07:00,0.5013178028047564,2.2705526069166435
dollar_volume,2010-07-28 11:58:00,0.1956718286124896,2.2704291888677495
gross_return,2010-04-23 12:16:00,0.27746365706778975,2.2703860703782484
price,2010-06-18 13:04:00,0.4017616745622363,2.2703791533866693
price,2010-10-20 12:20:00,0.45336428482895813,2.2700521100598015
gross_return,2010-11-05 14:31:00,0.33892055741026317,2.2699770899415648
price,2010-10-07 13:36:00,0.47967911609123143,2.2699508235953996
gross_return,2010-06-21 15:29:00,0.24110471776979156,2.269809760571872
price,2010-10-18 14:43:00,0.4498430898741639,2.2697935612686053
dollar_volume,2010-10-11 15:42:00,0.16403421951876548,2.2697647986221994
gross_return,2010-04-05 11:45:00,0.2737369489795961,2.269438949646913
price,2010-05-12 10:44:00,0.3391439089388662,2.2692624951409353
price,2010-02-08 13:31:00,0.4523778061923739,2.269038389602396
gross_return,2010-07-27 13:11:00,0.2429046075640949,2.2690204134678
price,2010-07-12 12:19:00,0.4056101505152937,2.2688959912066453
dollar_volume,2010-11-12 15:30:00,0.18819706535557376,2.268863778301861
gross_return,2010-06-23 14:54:00,0.27094814997746763,2.2686863785257714
gross_return,2010-04-05 13:26:00,0.2847478153829701,2.2684470233753857
dollar_volume,2010-09-21 14:28:00,0.19046383263434727,2.268437016052176
gross_return,2010-05-17 11:54:00,0.20585640906573538,2.2682822107893093
dollar_volume,2010-09-22 12:51:00,0.21263721902129443,2.2681126636604922
price,2010-06-23 10:41:00,0.40634008465892135,2.26811179494813
price,2010-09-27 14:18:00,0.47954672807711934,2.267981622600384
dollar_volume,2010-11-11 12:17:00,0.18732596272949376,2.267906891517999
gross_return,2010-08-02 12:40:00,0.2775398483020814,2.2678677735694333
gross_return,2010-02-22 15:47:00,0.30940986049417685,2.267644337147144
price,2010-09-20 14:33:00,0.4296329614840585,2.2676111232565184
dollar_volume,2010-05-10 11:48:00,0.18673043892038027,2.267546443826934
gross_return,2010-08-20 13:56:00,0.277946849829744,2.267544814003363
price,2010-08-31 14:28:00,0.4728482641638382,2.2675329959710484
dollar_volume,2010-04-28 12:18:00,0.18396213976634346,2.2672123988111905
price,2010-04-30 15:14:00,0.518273405826273,2.2671111572788445
dollar_volume,2010-02-26 14:14:00,0.20370890508335368,2.2670858929913162
price,2010-05-18 12:27:00,0.4094986452308538,2.2670311870339277
gross_return,2010-03-01 14:56:00,0.2790861137700548,2.267017125620091
dollar_volume,2010-11-03 14:50:00,0.17464569307016375,2.2669176728059375
dollar_volume,2010-10-25 14:17:00,0.17818881245671692,2.2666829340658814
gross_return,2010-10-12 13:38:00,0.32282789164567954,2.2666608280475
dollar_volume,2010-05-12 14:44:00,0.2037278451316138,2.266569401052341
price,2010-12-09 13:18:00,0.4375658305241189,2.266226001791704
gross_return,2010-06-01 15:25:00,0.22297244736291216,2.266116976375331
dollar_volume,2010-05-10 12:33:00,0.19005490545034526,2.266021672361161
gross_return,2010-06-11 15:42:00,0.22734422616681474,2.2659720546261775
gross_return,2010-11-05 14:32:00,0.3389202634353327,2.2658543589318
gross_return,2010-06-23 10:54:00,0.2521280486646584,2.26566976013298
dollar_volume,2010-01-28 12:22:00,0.18743762823448992,2.265611903797888
gross_return,2010-06-08 13:57:00,0.2237109100960951,2.2655958191894228
dollar_volume,2010-09-22 12:52:00,0.21270710843280327,2.2655663700788367
gross_return,2010-06-23 14:55:00,0.27101554114129706,2.2654999381168577
dollar_volume,2010-11-29 11:47:00,0.1974400248491387,2.2654904615792573
price,2010-08-27 11:57:00,0.46547399797784944,2.265419718221028
gross_return,2010-06-21 15:32:00,0.24159247767300646,2.265147105791706
gross_return,2010-07-06 11:37:00,0.22167181888989151,2.2649684733397857
gross_return,2010-04-23 14:17:00,0.27610877229804365,2.264895906350495
price,2010-10-01 11:11:00,0.4617675329481938,2.2648071661922162
gross_return,2010-02-02 14:20:00,0.2684584326823558,2.2647928216256856
dollar_volume,2010-07-30 11:36:00,0.18905065774034857,2.2647158166824894
gross_return,2010-05-17 11:55:00,0.20586518262534909,2.2645597201633816
gross_return,2010-03-01 14:47:00,0.2768146653081839,2.2643974983052186
dollar_volume,2010-12-07 13:57:00,0.1840701664250336,2.26435321364459
price,2010-06-11 10:38:00,0.3685880885385196,2.2643282104052314
dollar_volume,2010-10-22 13:20:00,0.17123940879560834,2.2640178847653183
gross_return,2010-08-02 12:41:00,0.2775398483020652,2.263955156094541
dollar_volume,2010-10-12 14:04:00,0.17084004225982857,2.2639537833434473
price,2010-05-27 14:37:00,0.33576007024480553,2.2638730382876697
price,2010-04-13 15:28:00,0.5451631356664515,2.263499626526715
price,2010-10-12 11:30:00,0.5265528013635181,2.2632255888929507
dollar_volume,2010-05-12 12:55:00,0.20174881308245857,2.2630611299848287
price,2010-05-18 12:32:00,0.4112916380579279,2.263044993590453
gross_return,2010-10-22 13:45:00,0.2691820106858841,2.26299689991834
dollar_volume,2010-04-29 14:12:00,0.18913921695126582,2.2628652461787717
price,2010-08-06 10:57:00,0.4768616420425947,2.2627971753070315
price,2010-12-14 13:34:00,0.4484500190567549,2.2627779642690493
gross_return,2010-04-21 13:48:00,0.29218491473241653,2.2627220869249616
price,2010-11-04 15:53:00,0.4210740539425325,2.262554863589136
dollar_volume,2010-05-10 11:46:00,0.18616846780187474,2.2624002852378684
gross_return,2010-02-02 13:44:00,0.25877646313348657,2.262382769559825
dollar_volume,2010-02-26 14:15:00,0.20368157352645164,2.2621970886050717
dollar_volume,2010-08-10 14:49:00,0.18699024096460626,2.2621058814014643
price,2010-01-07 11:27:00,0.6238538028051777,2.2619964669489083
gross_return,2010-12-01 13:35:00,0.2767640444976084,2.261968417911667
gross_return,2010-09-10 15:39:00,0.28168250830101976,2.261926404586202
price,2010-12-20 13:36:00,0.582718565172049,2.26184480140154
dollar_volume,2010-03-02 11:58:00,0.20591647408545433,2.261824444350721
dollar_volume,2010-11-11 14:15:00,0.18356673358628445,2.261793524967744
price,2010-02-25 14:16:00,0.5282428584797513,2.261765258644598
price,2010-02-11 11:38:00,0.45435453094433526,2.261675559604311
dollar_volume,2010-07-21 10:34:00,0.17936004384791518,2.261515687037896
dollar_volume,2010-04-19 12:33:00,0.1797839095546825,2.2614615052459994
dollar_volume,2010-11-11 14:12:00,0.18347915854935942,2.261218302725458
dollar_volume,2010-10-18 12:12:00,0.1755179695995773,2.2611684897219226
dollar_volume,2010-07-21 10:33:00,0.17917720750443542,2.261085417325456
dollar_volume,2010-12-15 12:22:00,0.20888151998509236,2.261068136002028
dollar_volume,2010-03-29 14:19:00,0.20224920464138252,2.261056155749735
gross_return,2010-06-23 10:55:00,0.2520881638000382,2.2610502143320246
gross_return,2010-09-17 13:45:00,0.2990629807830631,2.260949979262649
price,2010-11-22 11:02:00,0.42255942835507954,2.260800844252535
gross_return,2010-07-06 11:38:00,0.22167019563562135,2.2606918481166116
price,2010-10-21 12:59:00,0.4542032412582221,2.2605291500632365
dollar_volume,2010-09-08 11:56:00,0.020327561464039905,-2.2604549462998276
price,2010-07-21 14:44:00,0.44195394901274127,2.2602728747496856
price,2010-08-06 11:11:00,0.48076542581293147,2.2602390695709405
price,2010-07-01 14:52:00,0.33647625790176405,2.2602362794082245
gross_return,2010-06-08 13:40:00,0.22082892018697878,2.2601641398359953
dollar_volume,2010-07-08 13:16:00,0.17071723423691595,2.260152346085512
dollar_volume,2010-11-24 14:59:00,0.19372462455138015,2.2601138861360535
gross_return,2010-07-09 10:58:00,0.2316945418686025,2.260111358087501
dollar_volume,2010-12-09 15:45:00,0.18916803908717394,2.2600540029401506
gross_return,2010-03-16 13:30:00,0.35570612477832914,2.2599628432545815
dollar_volume,2010-03-10 15:33:00,0.18420410104063611,2.2599440633206838
dollar_volume,2010-05-03 15:04:00,0.19786143640650827,2.25992094189098
gross_return,2010-10-11 13:12:00,0.28665628407932464,2.2598986594136417
gross_return,2010-02-03 13:03:00,0.27298932748953586,2.259836127866636
dollar_volume,2010-03-29 14:07:00,0.20069052505627488,2.2596880783905027
price,2010-10-12 14:11:00,0.49632027401317536,2.2595419450280705
gross_return,2010-12-10 15:34:00,0.3044040065725928,2.2595016571513113
gross_return,2010-04-23 12:15:00,0.27653274249138105,2.259424651424879
price,2010-08-17 13:54:00,0.46192242831099556,2.258954923712643
gross_return,2010-08-30 13:28:00,0.267954464110691,2.2589074629685935
gross_return,2010-05-17 12:09:00,0.20809565583129044,2.2588811027025635
dollar_volume,2010-12-29 10:46:00,0.20050365828734892,2.2587681777545034
price,2010-05-18 12:24:00,0.40738904919327756,2.258714418153396
price,2010-03-23 15:49:00,0.5287037070336772,2.258704211231649
dollar_volume,2010-05-27 11:06:00,0.021367793410325943,-2.2586799743010677
price,2010-09-23 15:24:00,0.4632748986559975,2.2586431793706634
price,2010-04-27 11:50:00,0.5064801561194605,2.258628036723151
gross_return,2010-12-01 12:35:00,0.2643284815978947,2.2586005107974207
gross_return,2010-03-29 15:58:00,0.2866032444600408,2.258600228414703
price,2010-08-03 11:31:00,0.5007654275444972,2.258523818103184
gross_return,2010-11-30 14:17:00,0.27408209749525886,2.2584252991724396
dollar_volume,2010-11-03 13:06:00,0.169714284322605,2.2583300132782282
dollar_volume,2010-05-27 10:40:00,0.0208672589754755,-2.2583156142900234
price,2010-08-10 14:39:00,0.471914370285717,2.25818144496298
dollar_volume,2010-01-28 12:35:00,0.19123060163313033,2.2580248646903804
dollar_volume,2010-03-29 14:04:00,0.20008129750918546,2.257830605302607
dollar_volume,2010-10-22 13:27:00,0.17202151624725748,2.2578002648505975
gross_return,2010-02-19 11:18:00,0.30964053022245286,2.2576883257146423
gross_return,2010-07-30 11:48:00,0.23871625539478605,2.2574189634825923
price,2010-12-02 10:40:00,0.5755476869983404,2.257392411666878
gross_return,2010-04-15 10:31:00,0.3501137588347544,2.257370580220022
dollar_volume,2010-04-19 13:54:00,0.19024512077425387,2.257278017787805
dollar_volume,2010-04-12 13:53:00,0.20630034156393762,2.2570672992206897
price,2010-11-15 15:41:00,0.4246983022069171,2.256980782480984
dollar_volume,2010-01-28 11:12:00,0.018311573859727884,-2.256926611044014
dollar_volume,2010-04-29 14:11:00,0.18874873857018226,2.2568703863095996
dollar_volume,2010-10-12 14:05:00,0.17073265017269162,2.2567498451963033
gross_return,2010-04-07 13:05:00,0.34808413752790784,2.256638337683891
gross_return,2010-07-06 11:39:00,0.22166731783610388,2.2564086043332847
price,2010-02-02 15:27:00,0.4527885075803058,2.256062483433441
gross_return,2010-10-22 13:31:00,0.26653593847589074,2.25604600347589
gross_return,2010-12-27 12:18:00,0.7074318639028225,2.255959216241031
dollar_volume,2010-12-15 12:21:00,0.20849883813029485,2.255891098472624
price,2010-12-30 15:33:00,0.6905285467658858,2.2558203632893457
price,2010-08-30 10:43:00,0.46043924795437713,2.2558044612804107
gross_return,2010-11-18 10:47:00,0.2728686263775686,2.25573704659614
gross_return,2010-03-01 14:52:00,0.27746936230242397,2.255730096222093
price,2010-02-02 15:35:00,0.45311694287176274,2.2554933141043074
price,2010-01-21 11:10:00,0.6150809516413863,2.255422474049794
gross_return,2010-06-23 10:56:00,0.25199120395558855,2.2552347017594303
gross_return,2010-11-02 11:17:00,0.30214686642505195,2.255232143986919
dollar_volume,2010-06-23 15:27:00,0.19401856013743896,2.2550676040146813
price,2010-08-06 14:58:00,0.4859607004873098,2.255063352892571
price,2010-03-31 14:55:00,0.5039607837346055,2.2550309848913197
gross_return,2010-09-01 15:37:00,0.30960303993573274,2.2549815776986932
gross_return,2010-10-06 15:26:00,0.2358137444891502,2.2549645470726616
dollar_volume,2010-03-31 10:56:00,0.20240380853320786,2.254785493623102
gross_return,2010-06-21 12:13:00,0.23704294630812667,2.254765761801601
dollar_volume,2010-11-22 12:14:00,0.18939100578749257,2.2547496683188752
price,2010-06-14 13:24:00,0.3781007940819392,2.2546374417724833
price,2010-05-04 10:55:00,0.5550752689212437,2.2546066885517013
dollar_volume,2010-12-29 10:47:00,0.20050331005154687,2.2545690035903676
price,2010-08-30 10:44:00,0.4607820543811896,2.254567565187817
gross_return,2010-12-27 12:20:00,0.7084967229193037,2.2545471537265986
dollar_volume,2010-05-11 13:23:00,0.19911467928726106,2.254503248704705
price,2010-08-26 14:20:00,0.45234256056166916,2.2544158263012726
gross_return,2010-03-29 15:59:00,0.28660354742491684,2.2543880694563465
price,2010-09-23 10:51:00,0.45688799875772657,2.2543118017578436
dollar_volume,2010-05-11 13:26:00,0.19966003315429215,2.2541764649871383
gross_return,2010-04-07 13:06:00,0.3481912816837946,2.2537374720725736
dollar_volume,2010-03-02 11:55:00,0.20531257878416603,2.2537243472669495
price,2010-12-10 12:19:00,0.41699817392840144,2.2536017351691404
price,2010-10-08 12:55:00,0.49278059228095417,2.253546056738774
dollar_volume,2010-10-27 15:50:00,0.17453579200919297,2.253461679338907
price,2010-07-15 15:39:00,0.42392108303629916,2.2533386182609307
gross_return,2010-05-05 14:57:00,0.24381229393036125,2.253236213249817
price,2010-12-02 10:39:00,0.5743062874238442,2.2532136991338074
dollar_volume,2010-08-27 10:42:00,0.18293956649297718,2.2531849215052993
gross_return,2010-09-14 13:30:00,0.29688329614672243,2.2530630049084333
dollar_volume,2010-01-22 13:51:00,0.17536067300172764,2.252967741992129
dollar_volume,2010-12-09 10:45:00,0.18709467688039186,2.2529069583293273
dollar_volume,2010-11-15 12:46:00,0.19200317854846322,2.252628570176257
gross_return,2010-02-23 12:17:00,0.3070176589247434,2.252608270482209
dollar_volume,2010-06-23 15:14:00,0.19174484546255438,2.2525843448764493
gross_return,2010-02-12 12:59:00,0.3032419093602712,2.252421984761344
price,2010-03-31 14:54:00,0.5040841209507896,2.2523369164302665
price,2010-06-15 13:40:00,0.3840598685341179,2.2522855980484437
gross_return,2010-03-25 13:09:00,0.3021860533195074,2.25226355028836
gross_return,2010-10-05 10:57:00,0.25157987056383324,2.252182268494811
price,2010-04-01 14:05:00,0.49905960152676354,2.2521410107624833
price,2010-07-14 13:10:00,0.4139317092175773,2.252103155111728
price,2010-12-13 13:25:00,0.43944432632406194,2.2520358742160966
dollar_volume,2010-01-22 15:51:00,0.17555211285035752,2.2519897253041727
dollar_volume,2010-04-20 14:00:00,0.19279209352345816,2.251986742057746
price,2010-11-02 13:34:00,0.4121238103731659,2.2517653737843637
dollar_volume,2010-02-05 14:22:00,0.19341584050617466,2.2516593093881405
gross_return,2010-12-01 12:30:00,0.2625166107522251,2.2514613958300695
dollar_volume,2010-12-29 10:48:00,0.20054916995447095,2.251393285149377
price,2010-06-10 15:35:00,0.36302335996597884,2.2513645453428808
dollar_volume,2010-04-08 12:33:00,0.2135764691456493,2.2512192726451064
gross_return,2010-10-22 13:44:00,0.26826110651884105,2.251196350760851
gross_return,2010-08-02 14:10:00,0.27938421716744766,2.2510636855682877
dollar_volume,2010-03-29 14:20:00,0.20200197946009416,2.251030012776807
gross_return,2010-10-07 14:27:00,0.26394080060960423,2.251025553214123
dollar_volume,2010-08-25 15:58:00,0.17388973040798478,2.2509789343429922
price,2010-05-04 10:49:00,0.5508397011393736,2.2509704342196546
gross_return,2010-10-05 10:56:00,0.25128910622798833,2.250967903560314
gross_return,2010-10-07 14:22:00,0.2630737341723581,2.2508076603610814
gross_return,2010-08-23 12:33:00,0.28105817895181917,2.2507160805577002
dollar_volume,2010-03-02 11:54:00,0.20507172543162536,2.250612041267116
price,2010-07-21 14:41:00,0.4397236338386473,2.2505941725661645
dollar_volume,2010-11-12 13:55:00,0.1823875896285527,2.250549418275139
dollar_volume,2010-06-29 12:59:00,0.19010839461537266,2.250399031900162
price,2010-07-07 13:19:00,0.3471823889522456,2.250373972873788
dollar_volume,2010-11-12 11:43:00,0.182927868722247,2.250275440896556
price,2010-03-16 11:24:00,0.5074900944749384,2.250084229162776
price,2010-11-15 14:37:00,0.4153953487661677,2.2500746842520716
dollar_volume,2010-11-23 15:18:00,0.18971788743898937,2.2499349506979374
dollar_volume,2010-06-10 15:35:00,0.18736330307582016,2.249820198429535
dollar_volume,2010-12-15 12:31:00,0.20924492725657023,2.2497131466909077
gross_return,2010-06-23 10:57:00,0.2518930823401777,2.24942231546588
gross_return,2010-03-01 14:46:00,0.27572352428199737,2.2493884717635186
price,2010-06-10 15:32:00,0.362144962099711,2.2493641174360053
dollar_volume,2010-06-16 10:48:00,0.19757496363016847,2.249320281133755
dollar_volume,2010-08-09 14:56:00,0.17867748480157644,2.249003029122909
dollar_volume,2010-11-23 16:00:00,0.2008339506597682,2.2489639185107433
price,2010-03-11 15:54:00,0.49642221272520715,2.248963557486729
dollar_volume,2010-08-09 14:57:00,0.17865551828694515,2.248885870926744
dollar_volume,2010-11-03 12:49:00,0.1666422167797066,2.248839779360164
gross_return,2010-10-06 12:03:00,0.23141588830693152,2.248685117628962
price,2010-06-01 13:53:00,0.41558991745678636,2.248659972326358
price,2010-02-10 12:54:00,0.4553652258149946,2.2486599320002467
price,2010-08-23 11:31:00,0.47573450759236824,2.248418934689882
dollar_volume,2010-08-25 15:54:00,0.17313811184275502,2.2483551646000643
price,2010-09-03 14:19:00,0.5530242849576223,2.248342724782922
dollar_volume,2010-11-24 15:00:00,0.1933834935664906,2.248319695740222
dollar_volume,2010-05-11 13:28:00,0.19982412291049007,2.24825008094191
price,2010-03-31 14:57:00,0.5021928775094527,2.2481065203440416
price,2010-10-19 14:11:00,0.4635402676421366,2.2480503429281997
dollar_volume,2010-10-27 15:51:00,0.174491303650667,2.2480282871984296
price,2010-04-23 13:11:00,0.5044416054032264,2.2479271029730774
gross_return,2010-03-01 14:54:00,0.27751474654039515,2.247877823935199
dollar_volume,2010-12-09 14:38:00,0.1876880950748805,2.247818401375399
gross_return,2010-05-26 13:55:00,0.18589588001542487,2.2476954475816524
dollar_volume,2010-07-30 11:51:00,0.19150137582110371,2.247665026258113
dollar_volume,2010-02-22 14:07:00,0.18401326391959114,2.2474543145364714
price,2010-09-14 15:03:00,0.4152034214977782,2.247436122772788
gross_return,2010-08-04 15:39:00,0.27273119552663416,2.2474220499364765
dollar_volume,2010-08-05 12:11:00,0.1852737266913608,2.2472407544310915
dollar_volume,2010-08-13 13:27:00,0.18758412978376432,2.2472067249587364
dollar_volume,2010-08-31 15:52:00,0.19215112086253275,2.2471859722632948
dollar_volume,2010-11-03 14:34:00,0.1732195880360234,2.2470075217097127
price,2010-02-11 12:05:00,0.460419136495847,2.2469975738959267
dollar_volume,2010-05-10 11:12:00,0.18363719942019524,2.2469849126189927
price,2010-10-04 12:51:00,0.4803571012833413,2.246878816710156
dollar_volume,2010-04-01 15:53:00,0.206390962572954,2.246830692268236
dollar_volume,2010-04-27 13:57:00,0.1820428782305,2.246803700487657
dollar_volume,2010-09-10 11:07:00,0.18261468825534577,2.2467323139470254
gross_return,2010-04-15 10:38:00,0.3506361960488546,2.246708750183561
dollar_volume,2010-03-17 13:47:00,0.18674674261397403,2.2466381536851645
gross_return,2010-05-17 12:02:00,0.20624788391054877,2.2460520467403056
price,2010-02-25 13:58:00,0.5114223433303605,2.245846428833468
dollar_volume,2010-07-28 12:12:00,0.19865786696475923,2.245720149180943
dollar_volume,2010-10-27 15:37:00,0.1724678159503984,2.2456169740099594
price,2010-10-04 12:09:00,0.4387020879193338,2.245574357898361
price,2010-10-18 15:26:00,0.4607426636776893,2.2454474722611217
dollar_volume,2010-07-12 14:15:00,0.17311659670234583,2.2450081544431724
price,2010-08-23 15:38:00,0.4865117236909372,2.2449978042552203
dollar_volume,2010-11-05 13:27:00,0.17181626791009139,2.2449152630766553
price,2010-10-18 14:39:00,0.44551543528454873,2.244860128235006
gross_return,2010-12-21 15:19:00,0.5739494482435062,2.2448086453489284
price,2010-12-08 12:19:00,0.5373771115063347,2.24478800869078
gross_return,2010-11-17 15:45:00,0.26579149555020354,2.2446446381679728
gross_return,2010-07-09 11:23:00,0.2324801836524134,2.244499268868064
price,2010-06-11 15:53:00,0.3701855000795185,2.244480058590392
dollar_volume,2010-11-15 12:47:00,0.19178537793002148,2.2444620459760487
gross_return,2010-12-01 12:36:00,0.2637167712045575,2.2444047867090733
price,2010-03-31 15:01:00,0.5004356495259087,2.2443868382639125
gross_return,2010-03-05 11:07:00,0.286034439546729,2.2443506684124443
dollar_volume,2010-08-24 11:43:00,0.178374390859318,2.244156872186091
dollar_volume,2010-08-09 14:58:00,0.1785406185625502,2.244058375155019
gross_return,2010-07-21 14:18:00,0.2510121000151757,2.2439553777944674
dollar_volume,2010-06-23 15:41:00,0.1940440983071395,2.243912219005652
dollar_volume,2010-06-23 15:28:00,0.19369820387457407,2.2438588908727124
price,2010-03-11 12:30:00,0.46319164851031547,2.2438283307886144
price,2010-03-10 12:07:00,0.43440104684609443,2.2438116668451213
price,2010-06-14 13:29:00,0.3791841694695721,2.243745728443264
gross_return,2010-06-08 13:32:00,0.2192341608735512,2.2436810401369267
dollar_volume,2010-06-23 15:40:00,0.19403051035034155,2.2434165746593697
gross_return,2010-08-19 10:36:00,0.25475881453466925,2.243258103436511
price,2010-12-13 13:37:00,0.4440667310949017,2.2432486888776197
price,2010-10-18 14:47:00,0.4483540578885436,2.243026135051209
dollar_volume,2010-02-22 12:43:00,0.1832289069855172,2.2430019435365747
dollar_volume,2010-04-07 13:35:00,0.203271156887184,2.242991444006794
price,2010-05-12 12:21:00,0.3389550584226457,2.2429195459859192
dollar_volume,2010-05-07 13:00:00,0.18052311810107174,2.242813112990025
dollar_volume,2010-07-12 14:16:00,0.17315581069993805,2.242773623028109
price,2010-12-20 14:10:00,0.5855946318379898,2.2427380621776787
dollar_volume,2010-09-28 13:40:00,0.22294225472746057,2.2427369754316553
dollar_volume,2010-02-18 13:05:00,0.17964520265653622,2.242672163276757
price,2010-08-25 14:57:00,0.4366266775711567,2.2426719725893522
price,2010-10-21 12:56:00,0.45081305766004104,2.2425657180441134
price,2010-10-07 14:19:00,0.4959471656644961,2.242493406794758
price,2010-07-09 15:31:00,0.4059797427332291,2.2424852057988733
dollar_volume,2010-06-10 14:31:00,0.18280361755900068,2.2424170864798967
gross_return,2010-07-21 13:40:00,0.24630783647987825,2.242175918539013
dollar_volume,2010-11-03 13:04:00,0.16884713483975758,2.2421619690253496
price,2010-03-11 12:24:00,0.4600739810057202,2.2421337457784
gross_return,2010-12-31 12:07:00,0.8662809308671092,2.242121155132414
gross_return,2010-10-11 13:22:00,0.28854913243308705,2.2419202164421903
gross_return,2010-10-06 15:36:00,0.23748804257874798,2.241793273737956
gross_return,2010-06-21 15:35:00,0.24093883613649153,2.2416392531053178
price,2010-05-03 13:03:00,0.5453824944032423,2.241564452451468
gross_return,2010-04-23 15:16:00,0.276887406700556,2.2414993926183273
dollar_volume,2010-11-24 14:54:00,0.19214277940619612,2.241491601554038
dollar_volume,2010-04-27 13:56:00,0.18169128810127308,2.2413761387827713
price,2010-08-09 14:59:00,0.5090116864262327,2.2413701471117427
price,2010-04-20 12:43:00,0.5367867032546729,2.241283701085033
price,2010-04-27 11:43:00,0.5015298982011802,2.2411801992392157
price,2010-10-21 14:29:00,0.4785827905291036,2.241137946059465
dollar_volume,2010-04-20 14:01:00,0.19249961412600503,2.2409697042712016
price,2010-07-12 12:23:00,0.4022867586670816,2.2407776810916276
gross_return,2010-06-18 11:21:00,0.23394520577289193,2.2407443389440513
gross_return,2010-12-10 14:03:00,0.297595663925521,2.2407055858712566
gross_return,2010-07-27 13:23:00,0.2450990510609745,2.240580220793261
dollar_volume,2010-11-26 10:36:00,0.1938837555185393,2.2404987562365983
gross_return,2010-12-21 15:20:00,0.5739001139321017,2.2404453583101076
price,2010-12-13 13:34:00,0.4424866621961468,2.2403333241120005
gross_return,2010-11-17 15:42:00,0.26471286159119084,2.2402732086085164
dollar_volume,2010-03-29 14:21:00,0.2017203747569641,2.240245049419891
gross_return,2010-03-17 14:49:00,0.36005866032047384,2.240193118817933
dollar_volume,2010-07-21 10:32:00,0.17818021036644305,2.2401791279955656
price,2010-07-29 11:47:00,0.4724626632109621,2.2400910643058087
dollar_volume,2010-03-29 14:05:00,0.19951156016873686,2.240044606968836
price,2010-10-18 15:14:00,0.45468950332005337,2.2399833293854132
gross_return,2010-03-16 13:29:00,0.353816760499187,2.2399178238328052
dollar_volume,2010-01-07 15:39:00,0.20106446671079986,2.2397512174871883
price,2010-02-02 12:58:00,0.4367486767626485,2.2397437392928907
gross_return,2010-07-14 14:07:00,0.2671141571750991,2.23973237732739
gross_return,2010-07-12 12:08:00,0.24087707833502822,2.2395634286511097
gross_return,2010-09-17 12:31:00,0.2911972963720771,2.239546697229595
gross_return,2010-06-17 10:50:00,0.22638581607276037,2.2393748537247626
gross_return,2010-03-16 12:24:00,0.3455489917789816,2.2392944657971854
gross_return,2010-07-21 13:38:00,0.24576993060094104,2.239239558253122
price,2010-09-20 14:28:00,0.4251835996332611,2.239151301114463
gross_return,2010-10-06 12:10:00,0.23217668513024423,2.23903751603987
price,2010-11-30 13:17:00,0.5323521637683318,2.2390319850097407
gross_return,2010-12-06 15:36:00,0.2968907932945613,2.238866193417297
price,2010-02-02 15:32:00,0.45099416316302243,2.23872756453145
gross_return,2010-12-23 13:53:00,0.6508508821927176,2.2386459252377744
gross_return,2010-04-23 12:14:00,0.27500349256613277,2.2386232223105074
dollar_volume,2010-07-29 13:26:00,0.19613993474760666,2.238601020990852
dollar_volume,2010-10-15 10:59:00,0.1724540648786413,2.238600947226874
price,2010-07-09 15:03:00,0.39469420770155034,2.2385428225919006
dollar_volume,2010-11-08 13:56:00,0.1818592821785643,2.238427593287745
dollar_volume,2010-11-02 14:56:00,0.013423747322094328,-2.2383077872937673
price,2010-12-13 13:39:00,0.4443226321956239,2.2382778827128007
price,2010-01-21 11:15:00,0.6151744638525604,2.238072208980265
dollar_volume,2010-07-29 13:27:00,0.19613813153703835,2.2380343194444325
gross_return,2010-05-17 12:08:00,0.20697758827407411,2.238015458378784
dollar_volume,2010-01-26 11:36:00,0.18068254005367282,2.2379792084786314
price,2010-11-15 15:45:00,0.4243623094277904,2.2378935182224597
dollar_volume,2010-07-16 13:54:00,0.17243555875024083,2.2378034815015675
price,2010-05-12 12:30:00,0.34160256263628697,2.2377274131081966
gross_return,2010-12-10 14:04:00,0.29759640652009317,2.2376997286263176
gross_return,2010-07-12 12:06:00,0.24041261990100232,2.2376858834428695
price,2010-08-23 11:30:00,0.4740889617163768,2.237658122854355
dollar_volume,2010-08-27 13:09:00,0.1925004764137267,2.2375577534909126
dollar_volume,2010-05-27 11:05:00,0.02207528628363131,-2.2370010510855045
dollar_volume,2010-05-10 12:28:00,0.18791010480600584,2.236978394018824
dollar_volume,2010-08-19 15:51:00,0.18961659971190603,2.236936790253936
dollar_volume,2010-09-01 11:24:00,0.1896804604072888,2.236810653628278
gross_return,2010-10-11 13:25:00,0.2890156555377803,2.236724154893243
price,2010-04-27 11:46:00,0.5021957639586894,2.2366493409008235
price,2010-03-30 11:45:00,0.51127605825337,2.2365768257222425
gross_return,2010-02-11 12:09:00,0.27235116685405725,2.236425728831639
gross_return,2010-12-21 15:21:00,0.5739001923582443,2.236418069797543
price,2010-11-18 10:33:00,0.3981530049764252,2.236315095987084
gross_return,2010-12-21 15:29:00,0.5790723120620074,2.2362803192202865
dollar_volume,2010-08-23 13:10:00,0.1808354307395675,2.2361235771607184
gross_return,2010-06-21 13:25:00,0.2372416876807132,2.2359905702363965
price,2010-11-03 11:36:00,0.42371452253132175,2.2357233410680513
dollar_volume,2010-05-24 12:24:00,0.16472252537782128,2.235579586603519
price,2010-07-21 14:43:00,0.43888737943038225,2.2354975446808347
gross_return,2010-11-24 14:58:00,0.29099975284672674,2.235388123122774
price,2010-03-08 12:54:00,0.4313731440601112,2.2353076650027006
gross_return,2010-03-16 12:25:00,0.34554899177898163,2.235298152941339
dollar_volume,2010-01-29 12:37:00,0.014490960782303514,-2.2352278216610437
dollar_volume,2010-11-22 12:27:00,0.19068923148815126,2.235135618808296
gross_return,2010-03-05 11:09:00,0.28603128978307335,2.2351009189060553
gross_return,2010-07-30 13:22:00,0.23872410225106658,2.235019638373345
price,2010-11-05 14:28:00,0.4347769309503614,2.235008793648631
gross_return,2010-04-23 15:18:00,0.27670857412593863,2.234989581231089
price,2010-12-20 13:14:00,0.5648852330256872,2.2349716148241887
price,2010-03-11 12:36:00,0.46526051518532296,2.234914768006519
price,2010-10-05 11:48:00,0.48538336706212415,2.2348970642828996
dollar_volume,2010-10-28 11:18:00,0.17653476239479782,2.234895317130509
gross_return,2010-08-19 12:34:00,0.26181409691039,2.234838102260357
dollar_volume,2010-01-28 12:15:00,0.18492122190518373,2.234829213720231
dollar_volume,2010-04-08 12:13:00,0.2091091962454479,2.2345350287732466
gross_return,2010-05-28 15:13:00,0.21340926293660706,2.2345035327695233
price,2010-12-13 13:40:00,0.4443226321955614,2.234410372205451
price,2010-06-11 10:33:00,0.3643372686095677,2.234350358102712
dollar_volume,2010-06-22 13:41:00,0.18749137654347062,2.2342403488491187
dollar_volume,2010-07-29 13:15:00,0.19370979343698722,2.2341392220852523
dollar_volume,2010-12-28 14:00:00,0.19539033468129824,2.2341383894521725
price,2010-08-26 14:22:00,0.4510535319716688,2.2341165209404688
gross_return,2010-06-17 10:51:00,0.22628730479330808,2.234070304963421
price,2010-12-15 11:45:00,0.47345987921774885,2.2340312012885652
dollar_volume,2010-06-16 11:02:00,0.19867647120111626,2.2338395633098047
gross_return,2010-03-02 11:05:00,0.2839667218997679,2.2333823797174994
gross_return,2010-07-21 14:20:00,0.2509016808968145,2.2333733117157153
price,2010-03-31 15:03:00,0.4984479835911842,2.2333550017597554
dollar_volume,2010-03-24 15:36:00,0.19237635617183718,2.233298157179455
dollar_volume,2010-11-03 15:06:00,0.1762509945371103,2.2332436004420524
dollar_volume,2010-07-16 12:00:00,0.1730224498834712,2.2332409201736514
dollar_volume,2010-09-01 11:35:00,0.191649078610028,2.2332400583895993
gross_return,2010-06-04 11:16:00,0.2306294550403902,2.2330856833731314
price,2010-08-27 11:56:00,0.46121960314574884,2.2329589695223753
dollar_volume,2010-01-19 14:16:00,0.18216637675392688,2.2328272842625787
dollar_volume,2010-03-29 11:41:00,0.014711617098188044,-2.2328117003962418
dollar_volume,2010-07-16 13:45:00,0.172278849207631,2.232713791048154
gross_return,2010-03-04 13:20:00,0.28202646508206297,2.232505321200615
dollar_volume,2010-01-25 14:36:00,0.17888954507243404,2.232358425880362
dollar_volume,2010-11-15 12:38:00,0.19038298291026287,2.232279021491416
dollar_volume,2010-06-25 13:42:00,0.18875831855785763,2.232238037143979
gross_return,2010-05-17 12:04:00,0.2060875621052051,2.2321774069647735
gross_return,2010-03-01 15:00:00,0.27802401584889225,2.2321671106895993
dollar_volume,2010-07-08 14:29:00,0.17385231954822222,2.2321214860733822
price,2010-08-09 15:01:00,0.5087134850717062,2.23209374108829
dollar_volume,2010-12-09 14:41:00,0.18742180911729375,2.2319415761815105
price,2010-04-13 15:24:00,0.5393523308321247,2.2317740616531645
dollar_volume,2010-05-07 15:55:00,0.18363130963906532,2.231768566544231
price,2010-12-17 13:35:00,0.5564054690539517,2.231732323852304
gross_return,2010-03-01 10:33:00,0.026650692460233688,-2.2316344074751617
dollar_volume,2010-11-23 13:36:00,0.18830789545554305,2.2316265304785
dollar_volume,2010-12-09 15:48:00,0.1884858014810131,2.2315388291126506
dollar_volume,2010-03-26 15:41:00,0.20233993092235553,2.2313634390908996
price,2010-11-15 14:29:00,0.41042205123928055,2.231310910835677
price,2010-11-19 13:55:00,0.3969522160186265,2.231253081330596
price,2010-03-17 15:10:00,0.5343493041032326,2.23123546154097
gross_return,2010-07-12 12:49:00,0.24406419425566,2.231225119431705
dollar_volume,2010-07-16 12:01:00,0.17310034275874475,2.2311689123605594
dollar_volume,2010-08-27 12:45:00,0.18951796882486058,2.231140959135196
price,2010-03-16 11:25:00,0.5054176563631251,2.2309659421770003
dollar_volume,2010-11-09 14:46:00,0.18719603231198328,2.2308977860559223
price,2010-12-20 13:15:00,0.5647948008605579,2.2308672128371905
price,2010-11-05 14:29:00,0.4347677191533754,2.2308022484687617
dollar_volume,2010-12-09 15:47:00,0.18829097186490146,2.230788081519959
dollar_volume,2010-08-24 15:47:00,0.17981861894447543,2.2307516633487614
gross_return,2010-09-17 13:40:00,0.2957504205368196,2.230661336486199
dollar_volume,2010-09-01 11:34:00,0.19149859912441194,2.2306580819392736
price,2010-09-02 13:07:00,0.5414343160213717,2.230501261509163
price,2010-10-21 12:55:00,0.44900608862010033,2.230426736037095
dollar_volume,2010-01-13 14:18:00,0.19033886474265405,2.230358601389292
price,2010-08-18 13:18:00,0.45197240626837987,2.230273250769987
price,2010-07-22 15:42:00,0.43094816805976505,2.230242958063136
dollar_volume,2010-07-22 14:06:00,0.1994638300559948,2.230191682202258
price,2010-03-19 15:47:00,0.4894437266559893,2.23017486343057
gross_return,2010-05-27 12:59:00,0.18296573464433308,2.2299363903910954
price,2010-10-20 12:47:00,0.46577499625204366,2.229835117746695
dollar_volume,2010-12-15 15:34:00,0.20712498026126744,2.229662076553316
gross_return,2010-06-01 15:23:00,0.22078441583058067,2.229656262859689
price,2010-06-16 15:36:00,0.39829098606916313,2.2294933493199633
gross_return,2010-08-10 12:20:00,0.02167255454838042,-2.229424574730246
dollar_volume,2010-07-16 12:02:00,0.17319001564644165,2.2294152191122487
gross_return,2010-08-23 12:38:00,0.2809434201650617,2.2292716716705314
price,2010-12-14 13:49:00,0.4528930955114517,2.229176207122838
dollar_volume,2010-02-18 13:07:00,0.1794173111768668,2.2291455256712216
price,2010-04-13 12:53:00,0.5268751490291099,2.2290396362892544
dollar_volume,2010-09-21 14:31:00,0.18936298472152213,2.2290152178976466
dollar_volume,2010-05-26 10:55:00,0.17215340171886123,2.228978156550101
gross_return,2010-02-22 15:58:00,0.31147684877054316,2.228895619880654
gross_return,2010-12-21 15:23:00,0.5739496031458085,2.2288462192040246
gross_return,2010-11-24 14:57:00,0.2903284123204657,2.2288231715422686
price,2010-02-19 11:58:00,0.5519959490444648,2.2287022724567
price,2010-06-22 15:22:00,0.3941157279438433,2.2286909444981498
dollar_volume,2010-09-13 15:17:00,0.18065985025228343,2.2286202785107303
price,2010-08-31 14:31:00,0.4697408396677188,2.2285709942506298
price,2010-03-08 13:39:00,0.43714344858030996,2.228361695387479
price,2010-07-21 14:42:00,0.4377149206472466,2.228292431962887
price,2010-03-11 12:31:00,0.46196732290830744,2.228125505679158
price,2010-10-28 10:50:00,0.4803768587261176,2.2280536742819437
gross_return,2010-06-08 13:38:00,0.2189731252755284,2.228022578259114
dollar_volume,2010-06-29 11:30:00,0.1853732386288835,2.2278894663903963
dollar_volume,2010-08-27 12:46:00,0.18953315787370553,2.2278093601437363
dollar_volume,2010-06-10 14:35:00,0.1828334268735221,2.227801959502679
gross_return,2010-05-19 11:24:00,0.22153315272437832,2.227720224770912
dollar_volume,2010-01-27 14:20:00,0.18090212970945008,2.227684354554219
price,2010-11-19 13:56:00,0.3969522160186322,2.227640230392466
gross_return,2010-03-31 12:31:00,0.27900549868888425,2.2273739997388713
dollar_volume,2010-09-20 15:00:00,0.18666341071950243,2.227200380845994
dollar_volume,2010-12-15 15:36:00,0.2073924378168816,2.2271305846388185
price,2010-03-16 13:35:00,0.5132766946180541,2.227039986903561
dollar_volume,2010-04-16 14:05:00,0.17793674133832074,2.226993372196882
dollar_volume,2010-11-05 13:22:00,0.17066881258657599,2.226804702855308
gross_return,2010-08-10 12:21:00,0.021672483548764145,-2.226723448974753
dollar_volume,2010-03-10 15:19:00,0.18194355299808518,2.226500471991734
price,2010-03-19 15:48:00,0.4893784825234654,2.2264159559478984
price,2010-04-15 13:56:00,0.5228559076274413,2.2263180197765515
price,2010-02-02 12:59:00,0.4357703826419621,2.2259743467636928
gross_return,2010-05-26 14:52:00,0.19544966221013726,2.2259284069298246
price,2010-04-08 12:17:00,0.5308658379712065,2.225727038165437
gross_return,2010-11-02 11:11:00,0.2984016772473258,2.2257191630778395
dollar_volume,2010-04-01 15:54:00,0.20558890818170586,2.225481194558208
price,2010-01-27 14:54:00,0.5304077532592669,2.22540003886305
dollar_volume,2010-05-25 11:31:00,0.16462635555362112,2.2253244507967764
dollar_volume,2010-08-24 11:31:00,0.17497964220711615,2.2251251147191278
price,2010-07-22 15:43:00,0.4299848400877887,2.2251010871265784
price,2010-06-22 15:24:00,0.39447171330123343,2.225045820763695
price,2010-07-13 15:34:00,0.40819385050101004,2.224976856608304
dollar_volume,2010-11-16 13:02:00,0.1853287249409059,2.2248817829160243
dollar_volume,2010-07-07 12:29:00,0.17382126013571075,2.224813832779355
price,2010-05-17 12:37:00,0.38380963724021794,2.224737496500036
dollar_volume,2010-08-23 13:11:00,0.18050050182595917,2.224664448830294
dollar_volume,2010-06-16 10:46:00,0.19623572374804724,2.22461197393495
dollar_volume,2010-04-21 12:13:00,0.1969569511433782,2.224287434682559
gross_return,2010-06-01 15:24:00,0.22071647754198814,2.224265854232462
price,2010-01-13 12:11:00,0.5399396588968347,2.224254608767641
price,2010-06-01 14:02:00,0.4164393624011759,2.2242161595260233
gross_return,2010-10-11 13:31:00,0.28940829856832956,2.2241484796421873
price,2010-04-21 15:56:00,0.4809697594293646,2.2241134084519514
price,2010-12-15 13:25:00,0.4993838630591928,2.224042142202465
price,2010-06-01 14:01:00,0.4160090675666631,2.2239598488554226
price,2010-01-14 14:11:00,0.5649944718781252,2.223854859991836
dollar_volume,2010-01-25 14:37:00,0.17872140703342493,2.223806212518413
dollar_volume,2010-03-17 13:48:00,0.18573772978282804,2.223673777882269
gross_return,2010-03-01 14:50:00,0.27515211405618195,2.2235668195429588
gross_return,2010-12-27 12:17:00,0.7009789164352068,2.2235190937468534
dollar_volume,2010-12-09 14:42:00,0.18713888881961746,2.2235183453149174
gross_return,2010-02-11 12:10:00,0.27176227977128775,2.2234654606016973
price,2010-05-18 12:26:00,0.4046049430574805,2.2234451770660626
price,2010-06-22 15:27:00,0.39533350835908493,2.2233750209867402
dollar_volume,2010-03-10 15:14:00,0.18081446620190766,2.223274436911272
gross_return,2010-11-17 15:28:00,0.2576685255750769,2.2232232087677746
price,2010-04-07 13:12:00,0.5237138753434235,2.2231850001809166
price,2010-03-30 11:17:00,0.4874526751862568,2.223167414290546
dollar_volume,2010-01-28 11:10:00,0.01983128327391448,-2.2231216176532533
price,2010-05-24 12:52:00,0.35512621638763947,2.2228718135736973
gross_return,2010-07-21 12:07:00,0.247536792403138,2.2228019487225428
dollar_volume,2010-08-19 15:50:00,0.18883046869895545,2.2225629738076043
gross_return,2010-05-19 11:23:00,0.2210679134294525,2.222294196184636
price,2010-10-12 14:32:00,0.5246672607082883,2.222167935374433
price,2010-03-16 11:29:00,0.505378567708577,2.2220692914414095
gross_return,2010-11-18 14:20:00,0.28136791564654634,2.2219381944429615
gross_return,2010-08-19 10:47:00,0.25519145311136376,2.2219306804974712
dollar_volume,2010-05-26 10:56:00,0.1720112167363898,2.2219142684265742
price,2010-03-03 15:01:00,0.4515169418940001,2.2218480870930977
gross_return,2010-12-13 15:11:00,0.37477627498761096,2.221817303037819
price,2010-04-07 13:27:00,0.538551173750552,2.221792363240797
dollar_volume,2010-05-25 12:02:00,0.16583846580100903,2.2217011229605252
dollar_volume,2010-06-04 12:22:00,0.1837004483211937,2.221558802616746
price,2010-01-19 15:27:00,0.5520140727952645,2.221505873454107
gross_return,2010-08-23 12:40:00,0.2809473560474773,2.2214831170174203
price,2010-11-19 10:52:00,0.39575686712681435,2.221452930412187
gross_return,2010-12-01 13:06:00,0.26597791467183507,2.2212289352066485
dollar_volume,2010-08-05 12:20:00,0.18588376035561827,2.221188242946728
dollar_volume,2010-07-08 14:28:00,0.1733356952709985,2.221140828484264
gross_return,2010-07-30 13:34:00,0.2397527139499052,2.220997269710698
dollar_volume,2010-08-27 12:47:00,0.18940730574282386,2.2209927237329294
dollar_volume,2010-12-10 12:28:00,0.19654535102331167,2.220907846511435
dollar_volume,2010-05-25 12:03:00,0.1659427773468571,2.220905044232018
dollar_volume,2010-11-03 15:07:00,0.17593463651163216,2.2208997765608833
gross_return,2010-12-06 15:37:00,0.295898546965447,2.220875608176654
dollar_volume,2010-10-18 12:15:00,0.17446444341257697,2.2208480626060236
dollar_volume,2010-05-03 14:52:00,0.19498483070057995,2.2206232207330805
gross_return,2010-12-13 12:56:00,0.3041945811330067,2.220577898531499
price,2010-04-13 12:48:00,0.5237444242861998,2.220518198852999
gross_return,2010-10-11 13:17:00,0.28568594300647976,2.2203956375601908
gross_return,2010-03-01 14:58:00,0.2768519277320028,2.2203013697769793
price,2010-06-01 14:03:00,0.41643936240116053,2.220250159300397
gross_return,2010-05-27 14:46:00,0.18081095057180357,2.2200905897835868
gross_return,2010-07-21 12:05:00,0.24782761320861244,2.2200714481735697
price,2010-06-01 10:51:00,0.40204720723605175,2.2199853278835775
price,2010-12-20 13:27:00,0.5704453805888077,2.219851307117302
price,2010-03-11 12:32:00,0.46151151419030884,2.21982963771712
dollar_volume,2010-01-13 14:14:00,0.1892902988965689,2.2197673145828376
price,2010-11-19 14:25:00,0.4100601930421226,2.219731910931521
gross_return,2010-03-31 13:56:00,0.2772685781773398,2.2193680492456753
price,2010-04-13 13:34:00,0.5333975549732689,2.2193503000754644
gross_return,2010-03-04 13:23:00,0.2819020984090541,2.2192323928999227
dollar_volume,2010-08-10 14:36:00,0.1835872848751302,2.219124253062428
gross_return,2010-03-16 13:16:00,0.3503705376230277,2.2189939454112553
gross_return,2010-07-21 12:06:00,0.24753728424659735,2.2187511792343675
dollar_volume,2010-04-20 10:38:00,0.19036847030854265,2.218721000501814
gross_return,2010-04-05 13:57:00,0.2872117980719375,2.218525452771816
price,2010-09-27 14:17:00,0.47324536778397863,2.2182570323575326
price,2010-03-10 12:21:00,0.43358462969219924,2.218217624148256
gross_return,2010-10-06 10:58:00,0.01892076106039066,-2.218171638553156
gross_return,2010-03-29 15:46:00,0.2820904485480631,2.218125481072107
price,2010-12-14 13:48:00,0.4512588411692219,2.2180928063457843
dollar_volume,2010-06-10 11:17:00,0.1679983956729733,2.2180112999036026
price,2010-09-29 15:27:00,0.4424888587817946,2.2179649297123087
price,2010-03-05 14:48:00,0.3985268294908673,2.2178429958486596
gross_return,2010-09-17 13:32:00,0.292497270548118,2.2178392503388804
gross_return,2010-11-17 15:29:00,0.2575649634897464,2.217549155030504
gross_return,2010-07-21 13:37:00,0.24443279745663127,2.217351615988557
gross_return,2010-12-01 13:07:00,0.26597791467183507,2.217174288504166
dollar_volume,2010-10-12 15:13:00,0.17429164092564675,2.2171395449588367
gross_return,2010-07-21 13:36:00,0.24423284840158516,2.2169787506934084
price,2010-05-04 10:48:00,0.545538895368262,2.2169488615483677
price,2010-09-02 13:02:00,0.5366706619694067,2.2168792809434144
dollar_volume,2010-02-18 11:03:00,0.17612394470210022,2.216749972496516
gross_return,2010-10-05 15:43:00,0.22472033271950423,2.2167065262191055
gross_return,2010-12-27 12:19:00,0.7010698346030302,2.2167022338028946
dollar_volume,2010-10-28 11:15:00,0.17551560200516947,2.216639938109366
dollar_volume,2010-07-09 14:56:00,0.17498954908122671,2.2165820847593807
price,2010-12-08 12:11:00,0.5276266233114257,2.216431866618387
gross_return,2010-07-06 13:10:00,0.22564104320155276,2.216380807557726
gross_return,2010-10-11 13:18:00,0.2856863122769783,2.2163491271482774
price,2010-12-30 15:38:00,0.6875414549704232,2.216320033907025
price,2010-05-04 11:00:00,0.5526492628098859,2.216297769945879
dollar_volume,2010-06-25 13:43:00,0.18826522318294328,2.216286715534003
price,2010-10-18 14:41:00,0.4431098593281076,2.2162162768883484
price,2010-01-29 13:56:00,0.4291249966556612,2.216214512901131
gross_return,2010-07-06 11:55:00,0.22247537028027717,2.216169234127831
dollar_volume,2010-03-02 14:45:00,0.2000994841642878,2.2161299648388986
price,2010-05-26 15:54:00,0.32224007049234793,2.2160621332972954
dollar_volume,2010-07-20 15:50:00,0.17653645913875682,2.2159566933637764
price,2010-09-17 10:35:00,0.4242578271709209,2.215934168956554
dollar_volume,2010-12-28 14:01:00,0.19475678619254255,2.2157804921702113
dollar_volume,2010-05-11 13:25:00,0.1977910127069889,2.2156747670246766
price,2010-12-02 10:43:00,0.5698993127806589,2.215610801641185
gross_return,2010-07-28 15:14:00,0.2418008815521709,2.215455193726756
gross_return,2010-03-04 13:21:00,0.28119312299505,2.2153567546910202
price,2010-06-11 15:45:00,0.36572692352273206,2.2152457347776626
price,2010-06-25 14:17:00,0.37723767826715743,2.2150567146273628
gross_return,2010-05-05 15:02:00,0.24289358196563143,2.215039001383534
gross_return,2010-12-10 13:54:00,0.2937125250743303,2.214955395819694
price,2010-03-31 14:58:00,0.49774042993962264,2.2149106053838206
dollar_volume,2010-12-30 11:36:00,0.20272188259536628,2.214788368405667
gross_return,2010-02-22 15:46:00,0.3056691171116789,2.214773013416574
price,2010-06-22 15:16:00,0.3909731469344855,2.2146010702224093
gross_return,2010-06-04 11:15:00,0.22945388109336648,2.2143961456238523
price,2010-09-21 14:54:00,0.4656032769361724,2.2142731086978564
gross_return,2010-03-31 13:58:00,0.2772675156841091,2.214180774004451
dollar_volume,2010-12-16 11:00:00,0.20927194588590928,2.214155910879769
price,2010-06-15 15:32:00,0.3935683780716839,2.2141540583452612
price,2010-10-08 12:56:00,0.48835809432300725,2.2140156663950634
dollar_volume,2010-05-10 11:50:00,0.18484127045769308,2.214014047014104
price,2010-06-22 15:02:00,0.38848738087958945,2.2139898700872966
dollar_volume,2010-04-22 15:52:00,0.19719190359573824,2.213910627413688
dollar_volume,2010-03-17 10:31:00,0.17845783639238255,2.2139030929109804
price,2010-02-25 14:17:00,0.5221887070919733,2.2138984934707775
gross_return,2010-07-21 13:39:00,0.2446264289356988,2.2138882951273913
gross_return,2010-03-24 13:09:00,0.32905827381627273,2.2136611464842493
dollar_volume,2010-12-09 10:42:00,0.1851078573348982,2.213626042925187
price,2010-01-13 11:39:00,0.5040704391424368,2.2135594341322173
gross_return,2010-12-01 13:08:00,0.26597838876517954,2.213142175872037
dollar_volume,2010-08-13 13:04:00,0.1831062535044416,2.2130336021143933
dollar_volume,2010-05-11 13:55:00,0.20207753432403297,2.2128645651142214
price,2010-07-14 13:08:00,0.40900228257169535,2.2127581134011503
gross_return,2010-06-30 14:22:00,0.2501447207962416,2.212554929632422
dollar_volume,2010-06-10 15:36:00,0.18590647773960656,2.212526342032287
gross_return,2010-06-18 11:09:00,0.22957656931968845,2.212454964716564
price,2010-08-25 15:25:00,0.46166650935292014,2.21224079840378
gross_return,2010-11-05 14:34:00,0.33519224364598965,2.212172280232473
price,2010-07-12 12:27:00,0.3988865307835392,2.2121434333442007
gross_return,2010-04-05 13:31:00,0.2824294389554462,2.2120959505393305
gross_return,2010-12-10 13:55:00,0.293713029833591,2.2120699834729827
dollar_volume,2010-10-26 14:43:00,0.17063733516190577,2.2120405641286265
dollar_volume,2010-10-11 15:24:00,0.15903182449350736,2.212005799594844
dollar_volume,2010-07-08 14:27:00,0.1728758422141735,2.211768823563668
gross_return,2010-07-14 13:57:00,0.2618137334179334,2.211763917100474
gross_return,2010-03-04 13:22:00,0.28119312299505,2.2116498966528817
price,2010-06-22 15:20:00,0.39196997671604034,2.2115765468185966
price,2010-02-08 13:30:00,0.44625055712066963,2.211473806393076
dollar_volume,2010-10-11 15:23:00,0.1588997988017767,2.211447611250978
dollar_volume,2010-07-08 14:30:00,0.17320224857639946,2.2111115926577325
price,2010-03-16 11:27:00,0.5035426031327025,2.211075576257666
gross_return,2010-06-21 12:17:00,0.2355590535651616,2.2109784561091534
price,2010-02-12 14:40:00,0.5344903686211191,2.210843815731962
price,2010-10-21 12:57:00,0.4477104324540193,2.2108197628371538
price,2010-04-30 12:28:00,0.5099109514699761,2.2108185816503187
gross_return,2010-09-17 12:32:00,0.2895476700983289,2.2108055313084245
price,2010-05-18 12:03:00,0.39284395471626127,2.2106578021361885
dollar_volume,2010-08-24 11:25:00,0.17425056398440109,2.2105869020900784
gross_return,2010-03-05 14:00:00,0.34915314107971235,2.210539866058427
dollar_volume,2010-11-22 12:13:00,0.1874611199535371,2.21050337830432
price,2010-01-14 14:03:00,0.5587180193904923,2.210318399304598
price,2010-08-02 10:58:00,0.48447115519856493,2.210077415615918
dollar_volume,2010-07-01 11:52:00,0.17257523861014,2.2100450328666144
dollar_volume,2010-09-10 10:40:00,0.1826161141722789,2.2100223541831108
price,2010-03-31 14:56:00,0.49786158879641107,2.20994980009231
dollar_volume,2010-08-09 14:52:00,0.17739157302550917,2.2099252737541626
dollar_volume,2010-05-10 12:50:00,0.19037736962392013,2.2097580122805756
price,2010-08-09 15:06:00,0.5084054184925251,2.209757112744062
gross_return,2010-12-13 15:10:00,0.3732551047609109,2.2096061070289688
dollar_volume,2010-05-25 12:10:00,0.1663915886493473,2.209517227647329
dollar_volume,2010-03-10 15:21:00,0.18163420767812644,2.2094521122330475
dollar_volume,2010-06-10 13:49:00,0.1782751623083443,2.209396801083625
gross_return,2010-12-27 12:21:00,0.7010694469579668,2.2093720315657026
dollar_volume,2010-05-03 14:51:00,0.1943583885662645,2.2093344378348077
dollar_volume,2010-12-16 13:03:00,0.2148126980338688,2.2093072645577476
dollar_volume,2010-05-13 15:11:00,0.2028834382974914,2.2092866554824497
price,2010-04-30 12:27:00,0.5091779198976185,2.2091573015390362
gross_return,2010-12-01 13:09:00,0.26597838876517954,2.209124736126764
gross_return,2010-07-08 11:03:00,0.23425178325694396,2.2090835784567457
dollar_volume,2010-09-17 12:22:00,0.18729406620802283,2.208948332427074
dollar_volume,2010-07-16 15:38:00,0.17386831295565439,2.2087551507007745
gross_return,2010-12-01 13:25:00,0.2713266834568323,2.2083434305628056
price,2010-02-05 15:55:00,0.4479435405723348,2.2081942196330724
dollar_volume,2010-09-22 12:38:00,0.2061109672214892,2.20811765114939
dollar_volume,2010-09-17 12:23:00,0.18739020937415646,2.2079841268159157
price,2010-04-06 14:46:00,0.49131473447952756,2.207905715813558
dollar_volume,2010-11-02 14:59:00,0.014055395079916998,-2.2078307825453485
gross_return,2010-08-20 13:15:00,0.2711602889216096,2.2077635447213324
gross_return,2010-12-10 13:50:00,0.29235420789390615,2.207726634320143
gross_return,2010-12-21 15:22:00,0.5700854651419115,2.207610701747362
gross_return,2010-07-14 13:55:00,0.26109579605852096,2.2074689311352342
price,2010-12-20 14:38:00,0.613070470633025,2.2073899503097967
gross_return,2010-05-28 13:26:00,0.2069114191565575,2.2073375988979835
price,2010-09-23 15:25:00,0.4579552534811723,2.207267018809038
price,2010-07-20 13:51:00,0.41376840197475456,2.2072235807315894
price,2010-10-07 14:01:00,0.47825286180074267,2.20703851401013
price,2010-03-16 11:28:00,0.5032646737354045,2.2068737855432894
dollar_volume,2010-12-14 11:10:00,0.2021421108025866,2.206828756937753
gross_return,2010-06-04 13:52:00,0.22721341933838396,2.2066509685508455
price,2010-11-01 15:12:00,0.3899762538431623,2.2066240106700983
price,2010-08-18 13:13:00,0.44716958290981423,2.206543345793572
dollar_volume,2010-06-29 10:57:00,0.1840987408875641,2.2059203132242806
price,2010-03-10 14:39:00,0.4356144663311964,2.205901986343367
price,2010-01-08 15:43:00,0.5828267272935954,2.2058790135930417
price,2010-07-20 13:58:00,0.41636088616743006,2.205771916351261
gross_return,2010-12-27 12:22:00,0.7010694469579667,2.20576395246905
price,2010-10-07 14:00:00,0.47766084904299333,2.205670073086374
price,2010-08-30 12:55:00,0.46798827488128625,2.2056688410757608
price,2010-05-27 14:02:00,0.3238157106578063,2.2054603710374154
gross_return,2010-12-01 13:10:00,0.26598020780902926,2.2051674421377054
gross_return,2010-07-08 11:04:00,0.23425056619625506,2.2051497599188505
gross_return,2010-11-19 13:49:00,0.29256289821439413,2.205138041423311
dollar_volume,2010-05-28 11:52:00,0.15997663337116583,2.2050715247121766
price,2010-07-29 11:48:00,0.46879188297410623,2.205021009530764
dollar_volume,2010-12-30 11:34:00,0.20189222766366885,2.204906740789851
price,2010-12-16 11:33:00,0.4924079368564318,2.204868461915323
gross_return,2010-12-01 13:12:00,0.2664653873140431,2.204834457770524
gross_return,2010-05-28 13:27:00,0.2069720799697634,2.2047460765209204
price,2010-12-16 12:07:00,0.5163395225651557,2.204655598647044
gross_return,2010-05-06 12:36:00,0.2461665408976029,2.2046163799430336
gross_return,2010-07-26 13:29:00,0.2368906649746322,2.204608054573292
gross_return,2010-06-04 13:51:00,0.22704510232954983,2.2045880592253475
gross_return,2010-03-29 15:57:00,0.28288122162351736,2.2045355176032455
price,2010-05-12 12:27:00,0.33796762321494356,2.204378096649981
dollar_volume,2010-12-14 11:13:00,0.20251035446502047,2.2042829213206354
gross_return,2010-12-10 13:51:00,0.2923547526625333,2.204158932175504
price,2010-09-03 13:06:00,0.5298711237237403,2.2041334713719505
price,2010-06-01 14:04:00,0.41516761225375165,2.2040686030141226
price,2010-03-10 12:08:00,0.43053575409926736,2.204007840711763
price,2010-05-18 11:56:00,0.38899340938901045,2.2038580072719087
price,2010-08-06 11:22:00,0.47594456544509356,2.2038316212252087
price,2010-09-14 11:16:00,0.4636323574003947,2.203703820051863
gross_return,2010-08-10 14:33:00,0.2922724430320417,2.203697245426164
dollar_volume,2010-03-02 14:34:00,0.19630011665136385,2.2036862630241933
dollar_volume,2010-11-24 14:56:00,0.190825301754906,2.203558895521779
dollar_volume,2010-10-11 15:07:00,0.15785817714983288,2.2033912369212523
dollar_volume,2010-08-10 14:33:00,0.18243664035504703,2.2033704762403112
dollar_volume,2010-11-16 13:15:00,0.18616123478958035,2.203337505877116
dollar_volume,2010-12-16 13:04:00,0.21463092383852547,2.2033177878700387
price,2010-08-31 14:29:00,0.46590608582075677,2.203214040364729
gross_return,2010-04-01 13:32:00,0.26841027363508296,2.203030665770348
gross_return,2010-12-31 12:10:00,0.8608533743298542,2.202967540105095
gross_return,2010-09-14 13:23:00,0.29206138007383753,2.2029349910323393
gross_return,2010-07-09 11:22:00,0.2300914246835239,2.2028746260531316
gross_return,2010-12-06 13:54:00,0.27320941751422917,2.2027078216882554
gross_return,2010-06-15 11:50:00,0.22562405715596429,2.202703463128834
dollar_volume,2010-11-16 13:16:00,0.18616039239794366,2.202616402160013
dollar_volume,2010-01-28 12:14:00,0.18357826476159728,2.202578345076651
gross_return,2010-04-27 11:27:00,0.29311880039561683,2.202504608858039
price,2010-11-02 14:11:00,0.41148114078459924,2.20243170602843
dollar_volume,2010-09-20 14:14:00,0.18509879023081172,2.202281381581369
dollar_volume,2010-01-12 15:07:00,0.19405533365834932,2.202272271706837
dollar_volume,2010-08-17 11:36:00,0.19320771138552084,2.2022104120735104
gross_return,2010-11-05 14:23:00,0.33098611093720265,2.2018817367134087
dollar_volume,2010-12-16 13:05:00,0.21462439891002102,2.2018576242372103
gross_return,2010-12-27 12:23:00,0.7010694469579668,2.201785579469254
price,2010-11-15 14:38:00,0.41087143079022337,2.2017850203937583
price,2010-01-27 14:55:00,0.5264254115159859,2.201730858417291
price,2010-03-16 11:40:00,0.5076070236447555,2.2015743511747354
price,2010-03-02 14:00:00,0.47493469362295077,2.2015725604945477
gross_return,2010-02-11 11:55:00,0.2664697138132964,2.2014218038285973
dollar_volume,2010-05-07 15:57:00,0.18256359009386086,2.201257504252968
dollar_volume,2010-02-16 13:07:00,0.014621844415982199,-2.201187507348543
dollar_volume,2010-11-16 13:18:00,0.18597000532343153,2.201156789515861
gross_return,2010-05-28 13:28:00,0.20697245227481015,2.200776267753051
price,2010-10-01 11:12:00,0.4552242757249499,2.2007685286709746
gross_return,2010-11-30 14:15:00,0.2700685818962071,2.2007243191475356
dollar_volume,2010-06-16 11:06:00,0.1980863688909085,2.20070938719769
gross_return,2010-06-23 10:59:00,0.24958263512759354,2.2005848647451445
dollar_volume,2010-11-16 13:17:00,0.1860361261866793,2.200514922818857
dollar_volume,2010-07-30 13:58:00,0.18974395645533587,2.200458122682957
dollar_volume,2010-03-09 14:16:00,0.18509635010358813,2.2004319454713035
dollar_volume,2010-12-22 10:31:00,0.21022507947543986,2.200239226797406
price,2010-09-13 15:02:00,0.4564661527914579,2.199840349267216
price,2010-09-03 13:05:00,0.528802724884633,2.1998157982141135
gross_return,2010-03-29 15:37:00,0.2786048017604919,2.1997629482049943
gross_return,2010-03-01 10:32:00,0.028639100346101787,-2.1997357484703746
gross_return,2010-08-20 13:09:00,0.2695867734233188,2.199639564451385
gross_return,2010-12-31 12:09:00,0.8595436317615939,2.199617941810653
dollar_volume,2010-09-20 14:13:00,0.18495069737011588,2.199609372335218
price,2010-08-10 14:21:00,0.45967822234691447,2.199551341175857
gross_return,2010-12-31 12:11:00,0.8608533743298542,2.1994989101205586
dollar_volume,2010-11-24 14:57:00,0.19079311880587063,2.199425387183421
price,2010-07-15 15:20:00,0.40986492777731764,2.1994024988082375
dollar_volume,2010-03-10 15:22:00,0.1813980421839024,2.199277671221908
gross_return,2010-12-14 14:16:00,0.42536871582738095,2.1991904870900196
price,2010-09-23 10:47:00,0.44887667431666467,2.199135103655781
price,2010-03-08 12:01:00,0.422577072459635,2.19910879691646
dollar_volume,2010-07-06 15:26:00,0.16633588655880957,2.1990594280163216
dollar_volume,2010-12-28 12:32:00,0.18921092479107143,2.198942576139435
dollar_volume,2010-09-16 15:39:00,0.18216711063999694,2.198924534391269
price,2010-08-17 13:21:00,0.425095863863979,2.1989152268382792
price,2010-08-31 14:30:00,0.4658539532101331,2.198879131422097
gross_return,2010-07-12 13:00:00,0.2448066427174977,2.198855517152771
dollar_volume,2010-10-14 12:46:00,0.011128664234810893,-2.198784500058677
gross_return,2010-02-12 12:27:00,0.2869237601867531,2.198532827456166
price,2010-06-14 13:20:00,0.37240321158608536,2.198482264238248
gross_return,2010-08-16 12:35:00,0.2931477412842785,2.198480777676448
dollar_volume,2010-09-01 11:37:00,0.19040502759233166,2.1983475510191015
price,2010-06-22 15:25:00,0.3923930976337791,2.198307002929604
gross_return,2010-05-19 13:10:00,0.22272322017615476,2.1982339988142767
gross_return,2010-08-20 10:43:00,0.006781865696221342,-2.1980401327895476
dollar_volume,2010-10-25 14:19:00,0.17610421051387248,2.19802294833961
dollar_volume,2010-05-04 11:45:00,0.1979388235047168,2.1978925969431784
dollar_volume,2010-07-16 13:36:00,0.17063724387529836,2.1978543539312176
price,2010-08-23 15:35:00,0.4799809330240505,2.1977793370901373
gross_return,2010-06-21 12:15:00,0.23446934930100372,2.1977725332954368
dollar_volume,2010-11-16 13:01:00,0.18410259057539766,2.1976575341153963
dollar_volume,2010-10-11 15:08:00,0.15764906774244694,2.197558124472504
dollar_volume,2010-02-05 12:59:00,0.1861404877525634,2.197541218679705
dollar_volume,2010-06-23 15:59:00,0.19051646293552343,2.1973519310108096
gross_return,2010-07-19 14:44:00,0.2550883993209516,2.1973512529758783
gross_return,2010-12-01 12:40:00,0.2614727112861649,2.197100752724752
gross_return,2010-12-01 12:38:00,0.26120988093684655,2.1970351216552317
price,2010-10-08 12:54:00,0.4852108339119137,2.1968947423193845
gross_return,2010-10-07 13:25:00,0.2372790896325916,2.1968597912009735
gross_return,2010-05-28 13:29:00,0.20697210078286024,2.1967995761955335
gross_return,2010-04-21 12:52:00,0.2839303559942009,2.196766905947256
dollar_volume,2010-05-28 11:06:00,0.15785037546262823,2.1965542515283256
gross_return,2010-09-20 12:44:00,0.309312162388585,2.1965032114074154
dollar_volume,2010-05-25 14:30:00,0.16777331635146003,2.1965022348261884
dollar_volume,2010-08-25 15:57:00,0.17176306970887817,2.196453380291153
dollar_volume,2010-11-03 12:47:00,0.16451611768664184,2.196424151804546
price,2010-05-03 13:12:00,0.5439617073936072,2.196118795723339
dollar_volume,2010-07-28 12:27:00,0.1991273719306227,2.1959600613887917
gross_return,2010-12-27 12:16:00,0.695394282528225,2.1958518158854403
gross_return,2010-05-26 11:02:00,0.1865239105685899,2.195799873834234
price,2010-09-13 15:04:00,0.4567384546246438,2.195558018627988
price,2010-11-16 11:37:00,0.4339624900528129,2.1953662168768266
gross_return,2010-05-19 13:11:00,0.22276476164349854,2.195279405223747
dollar_volume,2010-08-05 15:29:00,0.19234867970956257,2.195263358085357
dollar_volume,2010-04-07 13:37:00,0.20141397777354808,2.1949894502032716
gross_return,2010-05-05 14:55:00,0.24027291225494662,2.194944246907837
price,2010-08-18 13:16:00,0.4472025887333036,2.1948474354661536
price,2010-01-29 14:07:00,0.43209559764944844,2.194714929127529
gross_return,2010-08-16 12:36:00,0.2931486040633809,2.1946927096567657
dollar_volume,2010-07-28 12:28:00,0.19922684875812824,2.1946776163153103
dollar_volume,2010-11-03 14:56:00,0.17257511098892986,2.1946623585010427
price,2010-02-22 13:03:00,0.5070544734348402,2.194608537153636
dollar_volume,2010-10-22 13:25:00,0.16954946388549524,2.1945182864930004
price,2010-12-17 13:36:00,0.5517837120807372,2.1944720306914647
gross_return,2010-11-19 13:40:00,0.2899409418586666,2.1944687394395466
dollar_volume,2010-04-05 13:26:00,0.20665726213855362,2.1941200821736393
dollar_volume,2010-07-22 14:03:00,0.19725404396853738,2.1940951864036626
gross_return,2010-06-21 12:16:00,0.23446934930100372,2.1940821842938067
gross_return,2010-03-01 14:44:00,0.2721294346779113,2.1940298808451937
dollar_volume,2010-12-07 13:53:00,0.1810762358934079,2.193916315117063
price,2010-04-13 15:27:00,0.5360384711828686,2.1938464117104903
gross_return,2010-06-09 13:44:00,0.2190462000839703,2.193799200171762
dollar_volume,2010-11-26 10:37:00,0.19202955580075828,2.1937726385746443
dollar_volume,2010-08-27 12:50:00,0.18872674384170537,2.193709432905258
price,2010-05-24 12:24:00,0.3450770584316772,2.1936929642988847
dollar_volume,2010-06-23 15:32:00,0.1918759873504071,2.1936535536416626
price,2010-06-11 10:40:00,0.3634702172072471,2.193547292115712
price,2010-02-25 14:31:00,0.5256778203661765,2.1934733686687644
price,2010-07-30 14:59:00,0.44371360015534006,2.1934080624720957
gross_return,2010-03-05 13:33:00,0.3409004881560096,2.193365698302696
price,2010-04-30 13:01:00,0.5090639593977423,2.193199545966054
price,2010-11-15 15:44:00,0.41932495269664133,2.193176921131003
dollar_volume,2010-08-27 12:44:00,0.18787768920041956,2.193148437737498
price,2010-04-23 15:03:00,0.5009159758889236,2.19309885050124
price,2010-01-14 13:58:00,0.5538822271321435,2.1930614234435275
dollar_volume,2010-04-05 14:57:00,0.20754424110063527,2.1929599851746757
price,2010-11-01 15:29:00,0.39813855002752335,2.1929439738598977
price,2010-05-04 10:58:00,0.5481832810844508,2.192899538711732
dollar_volume,2010-12-09 10:43:00,0.18443386526469216,2.1928816683304215
price,2010-04-27 11:45:00,0.4963969511565418,2.192862916818286
gross_return,2010-02-26 14:27:00,0.025775192463571652,-2.1928347693673254
gross_return,2010-11-05 14:24:00,0.33057086324264395,2.1927994794461645
dollar_volume,2010-04-20 14:02:00,0.19064447696228048,2.192755159643935
dollar_volume,2010-05-27 10:37:00,0.02308575061264029,-2.1925397266748328
gross_return,2010-06-08 13:44:00,0.21831352472483323,2.192502382699483
price,2010-07-30 13:47:00,0.43311375239823013,2.192390428783041
price,2010-06-10 12:02:00,0.366322821901754,2.192332300320539
price,2010-02-08 13:25:00,0.44449427576502426,2.1923297522298024
price,2010-09-23 10:48:00,0.4485189381060669,2.1923112460107137
dollar_volume,2010-02-12 11:57:00,0.018239246605789974,-2.1922391042276375
dollar_volume,2010-07-27 12:28:00,0.1930895133109529,2.1920741441117397
gross_return,2010-03-16 12:57:00,0.3458701559173,2.191975541151923
price,2010-11-16 11:36:00,0.43317718738416333,2.1919158555188107
gross_return,2010-10-06 10:59:00,0.01999866915815278,-2.1918641629732294
dollar_volume,2010-03-26 13:47:00,0.18950736853245087,2.1916224491523426
gross_return,2010-08-18 13:07:00,0.28144439491359236,2.191588363200139
dollar_volume,2010-09-20 11:00:00,0.016211884200695078,-2.191567755765152
gross_return,2010-03-24 13:05:00,0.3306721274788191,2.1914962230540755
gross_return,2010-03-16 12:58:00,0.3458701559173,2.191462181289985
price,2010-02-18 14:43:00,0.5080095860052211,2.191320362913579
gross_return,2010-05-11 14:17:00,0.25766508273227445,2.19124254420778
dollar_volume,2010-02-18 11:02:00,0.17504041917497126,2.191242192340529
dollar_volume,2010-10-25 14:21:00,0.17614184811645306,2.1912271185787273
price,2010-08-03 11:21:00,0.4908300448097576,2.1912062204214506
dollar_volume,2010-04-16 11:56:00,0.17579251957658693,2.1911675777211097
price,2010-08-03 11:14:00,0.487902567416886,2.191161371572046
gross_return,2010-12-14 14:15:00,0.4241055918468246,2.191132484672678
dollar_volume,2010-07-16 11:59:00,0.17125961037263637,2.1910175078357135
dollar_volume,2010-06-15 11:08:00,0.18904658312683967,2.1909870204071322
gross_return,2010-08-19 10:48:00,0.25366587252814177,2.190962123035684
price,2010-04-21 14:32:00,0.5040366519722249,2.1909561212105895
dollar_volume,2010-09-17 12:49:00,0.18598511952983182,2.190940078053412
price,2010-12-15 11:31:00,0.46193414195561827,2.190918574099986
gross_return,2010-04-12 11:14:00,0.3770122786513643,2.1909101736523997
dollar_volume,2010-04-16 11:58:00,0.17563007179260692,2.190908406888362
price,2010-02-08 13:26:00,0.44430200555604027,2.1908693846337766
gross_return,2010-12-01 12:41:00,0.26120980561303503,2.190734510908732
gross_return,2010-08-02 13:58:00,0.27352647820564524,2.1906666952092237
dollar_volume,2010-09-02 10:50:00,0.19292176953414863,2.1904040414380894
price,2010-02-12 14:51:00,0.5392728006459269,2.190241655458634
dollar_volume,2010-07-16 15:24:00,0.17078800208555744,2.19021042231266
dollar_volume,2010-07-12 14:22:00,0.17212075368692736,2.19011615037019
dollar_volume,2010-02-22 14:44:00,0.1878884710540308,2.1900534383602848
price,2010-01-14 14:06:00,0.5575190373771135,2.1899840505651356
gross_return,2010-08-10 12:16:00,0.024146237998368014,-2.1899719427094464
price,2010-12-09 13:17:00,0.42882921036575045,2.189963856058621
gross_return,2010-02-26 14:28:00,0.025786989800020234,-2.1898422974849
dollar_volume,2010-10-25 14:15:00,0.1750687024499175,2.1898369288779564
price,2010-05-28 14:55:00,0.3886831338001734,2.189833760478375
price,2010-11-10 13:25:00,0.44146201489488684,2.1898147209964565
dollar_volume,2010-11-03 14:53:00,0.17215578892251615,2.1897912274381426
price,2010-10-07 14:15:00,0.4871891751563408,2.189752747446547
price,2010-01-13 11:31:00,0.49826515508406916,2.189737714774307
dollar_volume,2010-12-09 10:44:00,0.18443202665093353,2.1894953312479113
gross_return,2010-03-05 13:34:00,0.3409009256709933,2.18943588696619
gross_return,2010-02-11 13:02:00,0.2779195546918619,2.1893966780019105
price,2010-03-31 14:59:00,0.49424188205782693,2.189291957267451
dollar_volume,2010-04-29 14:40:00,0.18767638174869655,2.189094819905293
gross_return,2010-08-24 13:27:00,0.2845919227343734,2.188997734658044
gross_return,2010-11-05 14:25:00,0.33057040015560846,2.1889407835528245
dollar_volume,2010-11-22 12:19:00,0.1876235055550522,2.1889277436160643
dollar_volume,2010-08-11 11:52:00,0.1855312095848432,2.18883323255434
gross_return,2010-08-10 12:45:00,0.2439312440867016,2.1887527860925
price,2010-03-23 15:50:00,0.5204876458924527,2.188741819485455
gross_return,2010-02-18 13:16:00,0.29462567698314446,2.1886899213077387
gross_return,2010-04-06 15:51:00,0.3301203629148678,2.188433051516959
gross_return,2010-03-01 14:45:00,0.2720296194914453,2.1884121202676483
dollar_volume,2010-09-14 14:58:00,0.1763419832467577,2.1883095061293925
gross_return,2010-03-29 15:56:00,0.2815828184185332,2.188172325735277
price,2010-10-18 14:32:00,0.43560623424566913,2.1880564940642135
gross_return,2010-06-01 10:44:00,0.21560634689961494,2.1880326387544113
gross_return,2010-10-06 10:57:00,0.02048394784433453,-2.1879994995716343
price,2010-12-17 13:41:00,0.5534289170150124,2.187889313109204
gross_return,2010-11-05 14:33:00,0.33287256464559073,2.1877095717298642
gross_return,2010-06-22 13:44:00,0.24219043611747343,2.187628060336534
dollar_volume,2010-10-19 11:49:00,0.17641637717741987,2.187471427355078
price,2010-11-30 13:16:00,0.5246120900584013,2.1873667396017056
gross_return,2010-06-08 13:51:00,0.219076885246127,2.187250891468755
dollar_volume,2010-05-12 14:47:00,0.20059006216567357,2.1871834324700377
dollar_volume,2010-03-16 14:44:00,0.17673036338097503,2.1871820495095338
gross_return,2010-06-29 11:01:00,0.2494664573359503,2.187122339258867
dollar_volume,2010-04-16 12:01:00,0.1755562466966754,2.187099574394135
dollar_volume,2010-07-16 11:58:00,0.17095751288853117,2.186983276430376
price,2010-09-23 15:15:00,0.4596149522392794,2.186924877552898
price,2010-02-25 14:18:00,0.5189882162224358,2.186886440184029
price,2010-04-14 15:46:00,0.547779692671498,2.186837751542034
gross_return,2010-11-30 14:16:00,0.26942135047218985,2.1868094833997618
price,2010-10-18 14:58:00,0.4448322673151832,2.186776847050644
dollar_volume,2010-11-03 13:07:00,0.16730862017186693,2.186573702558817
gross_return,2010-05-19 13:12:00,0.2225224720896799,2.1865348979420607
price,2010-02-09 12:53:00,0.4552257516683897,2.18650615405879
gross_return,2010-09-17 12:25:00,0.28707857583769963,2.1864892383977783
price,2010-12-08 12:34:00,0.5375729539950642,2.186458102391105
gross_return,2010-04-30 11:28:00,0.2778367098781344,2.186456523746715
price,2010-11-11 14:22:00,0.4423579867282108,2.18631730870485
gross_return,2010-02-26 14:29:00,0.025833999162244322,-2.1862547260281073
price,2010-03-15 15:16:00,0.49499785518386363,2.186253802239515
price,2010-02-05 13:52:00,0.41568598557131875,2.186129669973862
price,2010-05-28 14:56:00,0.38868318839410954,2.1861177894118904
gross_return,2010-06-08 13:47:00,0.218564671152358,2.1860541673290115
price,2010-01-14 14:05:00,0.5564405941608914,2.185999595999567
dollar_volume,2010-07-01 11:49:00,0.1715540785803778,2.1857927896269302
price,2010-07-30 15:24:00,0.4418024428700258,2.185628489030087
gross_return,2010-06-18 11:20:00,0.23088876480052303,2.1856098266778066
dollar_volume,2010-06-10 15:42:00,0.18572084751714654,2.1854643834448924
gross_return,2010-08-20 13:58:00,0.2733977175289858,2.1854320570634305
price,2010-05-12 12:48:00,0.34102919865182313,2.1853489685736385
gross_return,2010-02-11 12:27:00,0.27316218396157455,2.1851989250590256
dollar_volume,2010-11-05 13:54:00,0.17228548941209915,2.1851633990672976
dollar_volume,2010-04-12 13:50:00,0.20281351006303522,2.185163056293293
dollar_volume,2010-10-19 11:08:00,0.17589912636116822,2.1851599874251377
dollar_volume,2010-12-16 11:03:00,0.20833327461666046,2.1851373507943816
gross_return,2010-08-18 13:00:00,0.28538216927183985,2.1850892863343288
dollar_volume,2010-12-27 12:24:00,0.19938958047859476,2.184977548043309
price,2010-04-26 15:27:00,0.48821163794141365,2.184924443031446
gross_return,2010-12-01 12:49:00,0.26173302191265485,2.184878831150763
price,2010-06-16 15:33:00,0.3932794569831177,2.184766283362962
price,2010-07-29 11:49:00,0.46684304720567293,2.1846391815835786
price,2010-11-15 14:28:00,0.40539532604943174,2.1846249838047513
gross_return,2010-12-14 14:17:00,0.4241052498707466,2.184614238615116
gross_return,2010-05-27 12:58:00,0.18119402468688106,2.184573250881775
gross_return,2010-02-11 12:11:00,0.2694678472540314,2.184571535918899
dollar_volume,2010-09-02 10:52:00,0.19294254653002188,2.1844817877054843
gross_return,2010-09-10 15:33:00,0.27595683212786937,2.1844364428488836
price,2010-06-23 14:31:00,0.3885317450754282,2.184141586733025
gross_return,2010-09-14 13:28:00,0.29200716444516006,2.1841061999431064
dollar_volume,2010-10-27 15:43:00,0.17077735037543346,2.1838588442177373
price,2010-12-10 13:56:00,0.4200286338681353,2.183595712464988
gross_return,2010-09-24 11:32:00,0.29722105409706917,2.183522150243197
dollar_volume,2010-09-01 15:04:00,0.18923936128686034,2.1834335912173755
dollar_volume,2010-09-03 13:12:00,0.19487052421666007,2.1834258769045873
price,2010-05-11 14:06:00,0.35358368618919567,2.1833746991045424
dollar_volume,2010-11-11 14:14:00,0.1807115235648255,2.18336684454412
price,2010-08-09 15:00:00,0.5020119393630988,2.1831151291530024
price,2010-07-14 13:09:00,0.4063065039233628,2.1830566871063732
dollar_volume,2010-08-27 12:43:00,0.18733323202030205,2.1830393097459946
dollar_volume,2010-11-11 14:13:00,0.18068005585133587,2.1829857275637234
dollar_volume,2010-10-15 12:46:00,0.1704746480529894,2.182910516800963
dollar_volume,2010-10-21 14:30:00,0.16142222305191856,2.1825571147547778
dollar_volume,2010-09-17 12:51:00,0.18595295340531864,2.182526426131586
dollar_volume,2010-09-08 13:43:00,0.021664821010236746,-2.1822321153222637
gross_return,2010-11-19 13:50:00,0.29116830435943514,2.182212299883139
dollar_volume,2010-05-10 11:38:00,0.182078532709251,2.1821601745888377
price,2010-01-21 10:39:00,0.5680329696161899,2.1821229165952167
dollar_volume,2010-03-15 12:21:00,0.1794626732600399,2.182036872030358
dollar_volume,2010-10-25 14:20:00,0.17566043020682698,2.1820359095546893
gross_return,2010-02-11 12:28:00,0.2729525024607913,2.181705159243017
gross_return,2010-05-05 15:03:00,0.24132251502095767,2.1815289625240766
price,2010-09-29 15:25:00,0.4380497925371805,2.181400645450128
gross_return,2010-12-22 13:19:00,0.5838446756854299,2.181342965860342
gross_return,2010-09-13 12:24:00,0.26906144580607294,2.181213756376226
dollar_volume,2010-01-26 12:59:00,0.01986059878120971,-2.181118127538892
price,2010-11-01 15:36:00,0.3984122284665211,2.181097333598112
price,2010-12-13 13:24:00,0.4315194474021605,2.1810621114623157
gross_return,2010-09-13 11:30:00,0.2693894123599328,2.1809259193076636
dollar_volume,2010-01-07 15:36:00,0.1980746489265674,2.180866161025867
dollar_volume,2010-10-12 11:46:00,0.16454465338503454,2.1808653508042863
dollar_volume,2010-04-19 13:53:00,0.1869652421924597,2.180835958779335
price,2010-04-13 12:22:00,0.5068209659233909,2.1808146130875716
gross_return,2010-02-11 12:12:00,0.26946509541658725,2.180757304832149
gross_return,2010-12-22 14:09:00,0.5916569935882606,2.1806459852568083
dollar_volume,2010-11-10 10:49:00,0.018419006196826588,-2.1805318347543183
dollar_volume,2010-03-12 10:29:00,0.17947254676344332,2.1804816376921474
dollar_volume,2010-03-22 15:51:00,0.17966959817183964,2.180446542290743
dollar_volume,2010-03-24 15:32:00,0.19002658644597753,2.180191494243919
gross_return,2010-10-12 13:47:00,0.3190412232900734,2.180187585248632
price,2010-03-31 15:07:00,0.49040784862592945,2.179958745612559
gross_return,2010-03-29 15:43:00,0.278867979048116,2.1799144974379305
price,2010-09-14 15:04:00,0.4091612492088264,2.1799139329765906
gross_return,2010-03-05 13:38:00,0.3412396929880843,2.17986011489725
dollar_volume,2010-12-15 15:00:00,0.20153177387717539,2.1797132473667675
dollar_volume,2010-01-07 15:43:00,0.19931661322942318,2.179430409130551
gross_return,2010-05-13 15:34:00,0.2537733937940052,2.1793869102716985
price,2010-03-17 15:08:00,0.52666046932752,2.1793658742823965
price,2010-04-27 12:05:00,0.5019054777579928,2.179292434103862
price,2010-05-25 12:09:00,0.3239803781451789,2.1792303527082115
gross_return,2010-12-20 14:03:00,0.4910912817190847,2.179223789883301
dollar_volume,2010-07-30 15:31:00,0.1923566888100141,2.17921736103889
dollar_volume,2010-02-12 11:54:00,0.01912977027242986,-2.1791938804739672
dollar_volume,2010-03-02 12:12:00,0.2015282152505867,2.1791844098295474
price,2010-12-13 15:33:00,0.43541161587322025,2.1789664109666447
gross_return,2010-03-31 12:34:00,0.27611934215562345,2.178953911723289
gross_return,2010-05-26 10:52:00,0.1844574727414815,2.1789519847809826
gross_return,2010-08-20 13:14:00,0.2691927026578075,2.178946779789998
gross_return,2010-10-06 12:08:00,0.22887665451206018,2.178869373932905
price,2010-10-20 12:46:00,0.4593743139048789,2.1786147068366524
dollar_volume,2010-03-23 11:18:00,0.18548152665956336,2.1785298071202663
dollar_volume,2010-06-29 12:57:00,0.18674763661610097,2.17850715981123
dollar_volume,2010-05-10 12:39:00,0.18734737567916115,2.1784983605427968
dollar_volume,2010-01-26 13:00:00,0.019822246305182534,-2.1783965901518396
dollar_volume,2010-02-12 11:55:00,0.01902053355719273,-2.178388419738599
dollar_volume,2010-09-30 10:59:00,0.2022372867333805,2.178227838405749
dollar_volume,2010-11-12 15:21:00,0.18336127779367956,2.1782149568150864
price,2010-11-22 10:50:00,0.40796529578247975,2.1780979475890105
price,2010-12-20 13:25:00,0.5633072765933259,2.1779771799621805
dollar_volume,2010-02-09 13:25:00,0.19083192896428036,2.177932161033121
dollar_volume,2010-10-06 14:36:00,0.16511686110538146,2.1777235226079354
dollar_volume,2010-04-12 15:56:00,0.20507072948632327,2.177702137553425
dollar_volume,2010-05-10 11:44:00,0.18242539361426702,2.1776272397369834
gross_return,2010-08-02 15:10:00,0.27843150238270825,2.1776029410831215
dollar_volume,2010-11-03 13:08:00,0.1671190767576997,2.177347657659691
dollar_volume,2010-03-23 11:28:00,0.18555122629227322,2.1771280631653003
dollar_volume,2010-08-13 12:55:00,0.18062118524457374,2.1770118095522175
dollar_volume,2010-03-12 13:21:00,0.1778697319471138,2.1770113769241757
gross_return,2010-12-21 15:02:00,0.5545210974760304,2.1768630507392692
price,2010-06-23 10:38:00,0.396961473992075,2.176850351623901
price,2010-11-22 15:00:00,0.4677299615547609,2.176830063930456
dollar_volume,2010-05-18 14:59:00,0.19098733964661954,2.17674534898497
price,2010-05-17 12:04:00,0.35108593147247713,2.1766423067615372
dollar_volume,2010-08-17 13:06:00,0.19571032645606595,2.1765946297522927
gross_return,2010-12-23 13:43:00,0.6345108595743232,2.1764443739822372
price,2010-12-20 13:26:00,0.5636360110377459,2.1764315629362585
price,2010-04-21 15:57:00,0.47599627807248535,2.176095134063276
gross_return,2010-09-10 15:29:00,0.2744568469231624,2.176075184633937
price,2010-09-15 15:32:00,0.41833453719534197,2.176024456698099
gross_return,2010-09-17 14:04:00,0.2997804734626386,2.1759768706902576
gross_return,2010-10-12 13:44:00,0.3178610898139202,2.175920331820753
dollar_volume,2010-03-02 14:29:00,0.19410874695302352,2.1757532090800478
gross_return,2010-07-09 15:23:00,0.2347966790972035,2.1757048923565434
gross_return,2010-06-08 13:33:00,0.21604232459643052,2.175504881632885
gross_return,2010-06-08 13:34:00,0.2161369311607524,2.1754959584159113
price,2010-02-24 11:20:00,0.4992374707232616,2.1754357318484465
dollar_volume,2010-02-25 14:20:00,0.1900520274932508,2.1753623019016546
gross_return,2010-11-05 14:20:00,0.32773023760978187,2.1753312190987026
dollar_volume,2010-08-11 11:55:00,0.18542627738065998,2.175281052482706
gross_return,2010-09-09 12:08:00,0.32121861067773533,2.17514415479109
dollar_volume,2010-06-23 15:10:00,0.18828264845343112,2.1749914633686283
dollar_volume,2010-06-04 13:16:00,0.1858384184665082,2.1749339299946
price,2010-11-02 13:29:00,0.40350687126298784,2.174735587788738
price,2010-09-27 14:19:00,0.46908043820372863,2.1746326300479764
dollar_volume,2010-10-06 14:37:00,0.16514125770540858,2.174598812795271
gross_return,2010-08-20 13:52:00,0.2713385686215835,2.1745937401237767
gross_return,2010-08-20 10:41:00,0.008463000562437746,-2.1745783996371726
gross_return,2010-12-21 12:44:00,0.5067627161741403,2.174511119244773
price,2010-10-18 14:56:00,0.44259069930872946,2.1744359243658997
dollar_volume,2010-05-07 12:52:00,0.17687772963742887,2.1743585687719236
dollar_volume,2010-02-09 13:22:00,0.19025072900182394,2.174355595648305
dollar_volume,2010-12-14 11:31:00,0.20346178818990684,2.1741243462793607
dollar_volume,2010-07-30 15:05:00,0.19111511884754787,2.173812434639614
price,2010-07-01 10:31:00,0.3273859421690095,2.173690833283233
price,2010-05-11 13:49:00,0.342922400536687,2.173669879432847
price,2010-02-08 13:28:00,0.4422853795082684,2.173607674469064
gross_return,2010-02-02 14:21:00,0.2631616769442858,2.173564715386094
gross_return,2010-06-22 13:43:00,0.24128091110663033,2.173546340143123
dollar_volume,2010-02-26 12:33:00,0.1963826181376987,2.173473054407077
price,2010-06-23 10:47:00,0.40026281629624716,2.1733618864706283
dollar_volume,2010-10-12 14:24:00,0.16826541810205592,2.1732466584277894
dollar_volume,2010-03-31 13:14:00,0.20193931228724915,2.17322232918929
dollar_volume,2010-05-28 12:15:00,0.16090732430761678,2.173217190622324
gross_return,2010-03-01 14:55:00,0.27345134349578926,2.1731970718067086
dollar_volume,2010-05-03 14:28:00,0.1901335080271342,2.17306995053196
dollar_volume,2010-08-24 11:30:00,0.17294198917182907,2.172957221192284
price,2010-07-13 15:35:00,0.4031218580127648,2.172948081904782
price,2010-12-15 13:20:00,0.4912120888156653,2.1729433155574114
dollar_volume,2010-08-17 13:07:00,0.19570997868371873,2.172905944553686
gross_return,2010-02-03 13:08:00,0.26853059285124903,2.172679280869974
price,2010-05-27 14:53:00,0.3361095613718583,2.1726212616282092
gross_return,2010-09-14 11:48:00,0.27687725031390303,2.172516480404773
dollar_volume,2010-07-09 14:53:00,0.1730879951253942,2.1724956733127367
price,2010-10-07 13:38:00,0.4686584459955627,2.172406128200511
gross_return,2010-10-06 10:52:00,0.021894717981944898,-2.1722596167662003
gross_return,2010-06-30 11:16:00,0.24295323150421588,2.172094518567069
price,2010-07-12 12:21:00,0.3955098776341711,2.1720899028825045
price,2010-10-07 13:01:00,0.46033817791231635,2.171983594942188
dollar_volume,2010-03-17 13:34:00,0.18472555248725403,2.1719241555245663
gross_return,2010-11-26 12:31:00,0.295460519173972,2.171903363059013
price,2010-02-02 12:56:00,0.4290749073825227,2.1717081270422245
dollar_volume,2010-02-25 14:25:00,0.19051916996593485,2.171282024470248
dollar_volume,2010-06-10 15:28:00,0.18328902301005873,2.1712813573606966
dollar_volume,2010-09-22 11:19:00,0.2030103214990419,2.1712540009569263
dollar_volume,2010-02-12 11:56:00,0.019144433500109262,-2.1711646011157053
price,2010-09-27 14:28:00,0.472423332019048,2.171148374676722
dollar_volume,2010-11-03 12:44:00,0.16330399357855857,2.171126414493653
price,2010-04-08 12:16:00,0.5234915542774325,2.1711251930950994
dollar_volume,2010-05-18 15:04:00,0.1918501133021173,2.1711200969043096
gross_return,2010-04-22 10:43:00,0.2897387142773192,2.171106857782891
dollar_volume,2010-02-22 14:56:00,0.1883796388746324,2.170796584530216
price,2010-07-09 15:16:00,0.3906376402142694,2.170599979797788
gross_return,2010-11-15 13:54:00,0.2793856970990017,2.1703953038163157
price,2010-10-05 11:44:00,0.47571375413650996,2.170382239237186
dollar_volume,2010-10-21 14:10:00,0.16033930485761563,2.1697618217841277
price,2010-01-14 14:04:00,0.5536612034008632,2.169682298296133
gross_return,2010-02-11 12:07:00,0.267412150868293,2.1696557645476484
price,2010-07-22 15:41:00,0.4247695840232961,2.169616369165438
gross_return,2010-06-08 13:50:00,0.2180713859335667,2.169581146848329
gross_return,2010-05-17 12:29:00,0.20686354856822936,2.169559671242464
dollar_volume,2010-08-04 12:39:00,0.1898515560421618,2.1694299698443094
dollar_volume,2010-06-22 11:18:00,0.18510186173590892,2.169408714397165
gross_return,2010-05-05 11:24:00,0.23450964971518157,2.169399288638192
price,2010-05-12 12:28:00,0.33538803896668035,2.1693859391737296
dollar_volume,2010-10-06 14:38:00,0.1650841528518028,2.1692593113072216
dollar_volume,2010-02-22 14:15:00,0.18127195057290738,2.1692299944377567
price,2010-02-08 13:34:00,0.4422134752271671,2.1692214192284482
price,2010-03-31 15:00:00,0.4914455943512449,2.1691884366443803
dollar_volume,2010-11-22 13:16:00,0.1890589960618533,2.169177312541265
gross_return,2010-11-05 14:26:00,0.32927348128154804,2.1691071304120677
price,2010-12-13 13:26:00,0.4310949134787948,2.1690762443347222
dollar_volume,2010-10-22 13:18:00,0.16772636765151963,2.1688477561544097
dollar_volume,2010-05-12 12:52:00,0.19696528847546652,2.16878110140276
price,2010-01-14 14:12:00,0.5578137946013164,2.1687335104862435
dollar_volume,2010-11-08 15:47:00,0.1799026520879066,2.1685655099070047
gross_return,2010-10-07 13:59:00,0.25686840602591504,2.16848845008511
gross_return,2010-07-14 13:56:00,0.25897120676910756,2.1684586451346175
dollar_volume,2010-01-26 14:16:00,0.17983303171169449,2.1683839732224235
dollar_volume,2010-07-21 11:03:00,0.17856768427948047,2.168271796651487
price,2010-03-23 15:56:00,0.5204226281758352,2.1681493415289097
dollar_volume,2010-03-17 13:12:00,0.18194437316476958,2.168124487456455
gross_return,2010-08-20 13:57:00,0.2720994580734126,2.1680907788668873
gross_return,2010-07-22 14:25:00,0.2343505251870931,2.168012364599155
gross_return,2010-06-15 11:37:00,0.22338523498067664,2.1679707288439074
dollar_volume,2010-05-28 12:06:00,0.15976037567767196,2.1678939232670156
price,2010-02-25 14:19:00,0.516884565441856,2.1678705883230265
gross_return,2010-04-05 13:27:00,0.2786847418523835,2.16772233708032
price,2010-01-21 11:11:00,0.6019836170776682,2.167667179654425
dollar_volume,2010-11-16 13:49:00,0.1887830986978914,2.167509192132884
gross_return,2010-09-17 14:03:00,0.2989319834117291,2.1674810663818658
dollar_volume,2010-09-10 11:03:00,0.17901881378558504,2.1671989535387546
gross_return,2010-11-26 12:32:00,0.29540051744959367,2.1671863936767153
gross_return,2010-08-27 11:13:00,0.2622306462215109,2.1668430381687163
gross_return,2010-12-22 13:15:00,0.5804681180469522,2.1668028518724127
dollar_volume,2010-11-12 15:11:00,0.1817535284566212,2.166793507104771
gross_return,2010-09-14 13:21:00,0.2893454933622982,2.1666447435841896
dollar_volume,2010-11-22 13:54:00,0.19105904085618325,2.166610336642744
price,2010-12-13 13:22:00,0.42916439307865617,2.1664310674727894
dollar_volume,2010-06-17 13:10:00,0.19652934419876547,2.1663907296952445
gross_return,2010-10-12 13:46:00,0.31768762340997037,2.166329241641219
gross_return,2010-04-15 13:24:00,0.34116676919303524,2.1661803437660003
gross_return,2010-03-02 13:38:00,0.28334413201024533,2.166029172215369
dollar_volume,2010-08-09 14:51:00,0.17563589206454516,2.166027487237441
price,2010-12-20 13:13:00,0.5546530927706284,2.1658299212304875
gross_return,2010-05-17 12:13:00,0.20438342417534122,2.1657706104367835
gross_return,2010-11-26 12:17:00,0.28948148020535064,2.165766611755626
price,2010-10-07 13:44:00,0.4698044213047763,2.165734692549614
dollar_volume,2010-07-20 15:48:00,0.1742055942932944,2.16568991781753
price,2010-09-17 10:30:00,0.4175763110789896,2.1656622102939584
dollar_volume,2010-03-09 14:17:00,0.18389379873630052,2.165623443212544
dollar_volume,2010-05-25 12:09:00,0.16480855431399227,2.1656206263553885
gross_return,2010-03-24 13:08:00,0.32572256672589894,2.165572484400747
gross_return,2010-08-27 15:10:00,0.2675600266629645,2.165494512652051
gross_return,2010-12-23 13:52:00,0.637938247544409,2.165425834534223
dollar_volume,2010-07-29 13:16:00,0.19097231392955327,2.165385352971223
gross_return,2010-11-15 13:56:00,0.27858710897774436,2.1653108806670764
dollar_volume,2010-05-11 13:14:00,0.1934715615687898,2.165267459690239
price,2010-08-26 14:54:00,0.4514638247953482,2.1652473624133366
price,2010-12-17 13:37:00,0.5482432256886673,2.165237753536568
price,2010-11-01 11:29:00,0.385748742437255,2.1652338855076727
gross_return,2010-03-01 14:57:00,0.27344874002470737,2.1652330000140796
price,2010-08-02 10:57:00,0.47850364977638915,2.16519578792358
dollar_volume,2010-07-23 11:28:00,0.19640546494967137,2.1651314112577147
dollar_volume,2010-10-25 14:14:00,0.17402918637610557,2.1651011621889977
gross_return,2010-06-21 15:36:00,0.23701492292840018,2.164968539654922
dollar_volume,2010-06-10 14:34:00,0.1800501151856032,2.1649303790129855
price,2010-02-18 15:00:00,0.5189972983571016,2.1648939835548293
gross_return,2010-06-15 13:10:00,0.2170487663627668,2.1648596383978935
gross_return,2010-04-15 13:23:00,0.34076569704335763,2.1646986975812186
dollar_volume,2010-05-27 10:35:00,0.02411091756856214,-2.1645574678986703
gross_return,2010-09-20 12:39:00,0.30574279594508197,2.1645143744962083
dollar_volume,2010-10-25 12:15:00,0.018398012479159224,-2.1642675465430115
gross_return,2010-04-05 13:28:00,0.27868490334350404,2.163951394250401
dollar_volume,2010-11-02 15:01:00,0.015239424461387886,-2.1639328010090892
gross_return,2010-06-04 13:50:00,0.22485461582827454,2.1639104861583762
dollar_volume,2010-04-28 12:08:00,0.17875531678852616,2.1639001191723186
dollar_volume,2010-12-16 11:05:00,0.20764515070817688,2.1638517037842306
gross_return,2010-09-27 14:22:00,0.2935225365165633,2.1637257113125723
dollar_volume,2010-02-05 12:29:00,0.18145207588413756,2.163692042734357
gross_return,2010-02-16 15:55:00,0.3172188439630336,2.163388371990413
gross_return,2010-11-26 12:33:00,0.2954005572663393,2.163385731328571
gross_return,2010-05-26 13:53:00,0.18229476511668768,2.1633753267754514
dollar_volume,2010-10-18 12:13:00,0.17201027290409565,2.163329135744359
gross_return,2010-05-17 11:58:00,0.20167104949584608,2.1632220284988946
dollar_volume,2010-09-10 11:04:00,0.17900435288745864,2.163142680731514
dollar_volume,2010-03-19 13:11:00,0.1794458637851271,2.1631179611337306
gross_return,2010-09-24 11:31:00,0.29558990989593015,2.1628259556295264
price,2010-05-13 13:53:00,0.33877225201763483,2.1627540190729437
gross_return,2010-06-30 14:23:00,0.2474483986967086,2.162698468127583
dollar_volume,2010-04-15 14:35:00,0.17648456609143365,2.1625228927001006
gross_return,2010-03-01 14:48:00,0.2712128848439873,2.1622131993653926
gross_return,2010-03-02 13:39:00,0.28334413201024533,2.1622062899056598
price,2010-05-26 15:53:00,0.31790654148664166,2.1621951334043277
dollar_volume,2010-02-22 12:11:00,0.1773850606965389,2.162095535499084
dollar_volume,2010-06-17 14:02:00,0.19740076473995954,2.162095376507347
price,2010-12-13 13:23:00,0.4291048064023779,2.162038687460308
gross_return,2010-11-24 14:54:00,0.28521951482329205,2.161837380673036
price,2010-07-30 13:51:00,0.43144237309606037,2.161778316293591
price,2010-08-25 15:01:00,0.42979252801708145,2.1617732393182103
dollar_volume,2010-09-30 11:10:00,0.20238447586892017,2.1617712673981275
price,2010-04-16 14:21:00,0.5059495540723292,2.161700721097887
price,2010-06-30 15:39:00,0.3199321929558262,2.1614742777084333
dollar_volume,2010-09-08 12:04:00,0.02317105880159912,-2.1614503250649366
dollar_volume,2010-09-28 13:41:00,0.2189833647380707,2.161420180505197
gross_return,2010-03-01 10:31:00,0.03102440908436146,-2.1613583832666157
dollar_volume,2010-06-29 12:40:00,0.18476833400974366,2.161270398585801
price,2010-04-27 11:44:00,0.49210571845862217,2.1611552349495393
gross_return,2010-10-20 13:55:00,0.24994348583198547,2.1610530121859566
price,2010-06-16 12:31:00,0.39073049618146677,2.1609697703397313
price,2010-01-14 14:02:00,0.5513984227686365,2.160960691651302
dollar_volume,2010-03-26 14:30:00,0.19756706391175355,2.160863672211548
price,2010-09-29 15:53:00,0.4514055833354125,2.1608287488261926
gross_return,2010-03-16 13:02:00,0.3434470512537282,2.1608278559188894
price,2010-06-16 15:34:00,0.391485812868022,2.1607378218846223
dollar_volume,2010-07-07 12:28:00,0.17141963607851002,2.1605731955018457
gross_return,2010-12-31 12:12:00,0.8539871801231202,2.160534084176917
price,2010-06-11 10:39:00,0.3605311860650526,2.160492311096411
dollar_volume,2010-12-17 11:54:00,0.217356993058791,2.160430095477695
dollar_volume,2010-07-13 12:05:00,0.17732127186995916,2.160411434061136
gross_return,2010-09-07 11:03:00,0.3126163952836619,2.160338385584867
gross_return,2010-04-05 13:29:00,0.27868477544861175,2.1601352608390383
gross_return,2010-12-06 15:39:00,0.29219387300260374,2.1601261297201244
price,2010-10-07 13:43:00,0.4688779778573236,2.1600312087608304
dollar_volume,2010-10-11 15:40:00,0.15994693660386894,2.159954632385293
dollar_volume,2010-09-16 10:59:00,0.18024635374783962,2.1597288188048003
dollar_volume,2010-04-07 13:40:00,0.2000744547672858,2.159621974263413
gross_return,2010-02-24 12:24:00,0.3019174222363857,2.1596002226804694
price,2010-07-07 14:04:00,0.39115325664910366,2.1595077995570793
dollar_volume,2010-10-22 14:32:00,0.17278494485292104,2.1594812629369433
price,2010-11-18 10:34:00,0.3913217778589122,2.159453107086228
price,2010-07-15 10:35:00,0.4334619886324479,2.159167634923907
gross_return,2010-05-17 12:30:00,0.20654768496374404,2.1591282421370943
price,2010-04-08 12:13:00,0.520701216743499,2.159088299187553
price,2010-06-01 13:54:00,0.40677848172580355,2.159037902901536
price,2010-01-14 13:37:00,0.5304154690477026,2.158937614453773
price,2010-07-23 14:04:00,0.4351189108432723,2.1588612996489216
price,2010-11-22 12:31:00,0.41150360226850385,2.158841014152043
gross_return,2010-12-06 15:24:00,0.289819004871656,2.1588039292731325
gross_return,2010-12-22 13:20:00,0.5805636628324826,2.158715927810764
price,2010-06-25 14:13:00,0.3708088980511574,2.158534429249223
price,2010-12-10 12:40:00,0.417743085149138,2.1585208854208613
gross_return,2010-03-01 14:49:00,0.27121324186275503,2.1585109873905615
price,2010-12-17 13:40:00,0.5488701555648617,2.158501152290678
dollar_volume,2010-06-01 13:11:00,0.1846252290588937,2.1583335995739352
dollar_volume,2010-03-08 11:02:00,0.19352563987348861,2.158288289426991
price,2010-03-16 13:34:00,0.5043235364319613,2.1582646240051186
price,2010-12-16 12:08:00,0.5107797517426425,2.1582593433924884
dollar_volume,2010-10-19 12:59:00,0.1771524499483313,2.158064632387463
dollar_volume,2010-01-12 15:08:00,0.19230059854821993,2.1578726281789122
dollar_volume,2010-05-07 12:57:00,0.17681877021180925,2.157840517489484
dollar_volume,2010-07-30 11:52:00,0.18801110666632503,2.1577346120156693
gross_return,2010-02-11 11:59:00,0.2644952748544853,2.157642738625481
gross_return,2010-10-08 13:19:00,0.26538709418407985,2.1576315494808633
gross_return,2010-04-21 12:53:00,0.2816470493846858,2.1573468834892475
dollar_volume,2010-09-03 13:11:00,0.1936746521936851,2.1572303723359463
gross_return,2010-09-17 13:27:00,0.28765582466600703,2.157153702052007
gross_return,2010-06-22 13:45:00,0.24061226992055715,2.1571410666073128
gross_return,2010-12-06 15:43:00,0.29294584605867735,2.1569464008770787
dollar_volume,2010-10-28 11:56:00,0.1738069582718042,2.1569199215907093
dollar_volume,2010-10-22 13:26:00,0.16837824423205494,2.1568847179352706
gross_return,2010-07-26 13:15:00,0.23237282080481475,2.156881987305924
price,2010-05-04 11:01:00,0.5447853295394446,2.1567959433949175
price,2010-12-14 13:30:00,0.4357065442192433,2.1567746944325874
dollar_volume,2010-10-22 13:17:00,0.16718718283626077,2.156691246570848
price,2010-05-25 12:11:00,0.32275998446436704,2.156487167838037
price,2010-10-07 13:45:00,0.46894961241195326,2.1564796389690635
price,2010-05-24 12:16:00,0.33981020173915255,2.15646410855808
price,2010-10-18 14:46:00,0.4384430804391462,2.1564372986109928
gross_return,2010-04-28 14:20:00,0.285427283066058,2.1564085039157503
dollar_volume,2010-10-11 15:30:00,0.15813515207608386,2.1562363694877287
dollar_volume,2010-08-04 12:30:00,0.18802379607488467,2.1562006264609
gross_return,2010-08-20 10:42:00,0.009409391171411433,-2.156169141670783
dollar_volume,2010-10-28 11:57:00,0.17388861445035939,2.15605558116225
gross_return,2010-11-24 14:52:00,0.2843609308057944,2.1559408264638074
dollar_volume,2010-07-01 11:48:00,0.1704859183259816,2.1558581873794704
dollar_volume,2010-08-16 11:03:00,0.17940168119753658,2.155856815666632
dollar_volume,2010-06-16 10:40:00,0.19260146890224447,2.1557892627002833
dollar_volume,2010-03-12 14:24:00,0.17448709124653175,2.155734931159875
price,2010-05-13 15:44:00,0.3517982700156992,2.1557326216240185
price,2010-06-08 15:52:00,0.38563785419509383,2.1557172943751235
dollar_volume,2010-08-24 11:44:00,0.17504824386796247,2.155578808351656
price,2010-06-07 14:26:00,0.42687265698683674,2.155523707348038
price,2010-06-09 15:07:00,0.36156920524740443,2.155443100407344
gross_return,2010-08-10 13:07:00,0.24279206204418005,2.1553593496652295
dollar_volume,2010-09-10 10:58:00,0.1785201216849934,2.1552073519658435
gross_return,2010-11-03 10:49:00,0.30240453062372963,2.1550629429228407
price,2010-08-30 10:45:00,0.4497355056679817,2.1550420033744127
dollar_volume,2010-02-25 14:07:00,0.18776639717702492,2.1550301023216587
dollar_volume,2010-04-08 10:37:00,0.20307686427559046,2.1548571783902357
price,2010-11-19 14:10:00,0.3921137320044902,2.1547824598283682
gross_return,2010-04-22 10:42:00,0.28842877254917343,2.1544865402214004
dollar_volume,2010-07-21 12:47:00,0.1785931559764295,2.1544358491781126
dollar_volume,2010-09-08 12:05:00,0.023295659572156305,-2.1543411414222136
gross_return,2010-05-11 14:18:00,0.2555545958569915,2.1543346041057796
price,2010-07-20 13:44:00,0.4050189495205673,2.1540792175334618
gross_return,2010-06-08 13:37:00,0.2152977592473917,2.153989911045319
gross_return,2010-10-08 13:20:00,0.26538709418407985,2.1538859837571
price,2010-06-11 10:41:00,0.3605534292829961,2.1537997954255466
price,2010-04-13 15:26:00,0.5306023901357002,2.1537703394683207
dollar_volume,2010-06-10 15:45:00,0.18482170675013865,2.1537358483646822
gross_return,2010-07-30 13:24:00,0.23488323305830922,2.15373540994942
price,2010-07-30 15:00:00,0.4397992430363652,2.1537325079012772
gross_return,2010-07-30 13:23:00,0.23469058402108578,2.153525700592602
price,2010-08-27 11:50:00,0.4490573654937502,2.15335808110434
price,2010-01-19 12:43:00,0.5481201308021425,2.1530889177105146
gross_return,2010-08-23 12:39:00,0.27626994259997706,2.152864282043087
price,2010-09-17 10:34:00,0.41769725077791364,2.1527835663042025
price,2010-03-08 11:50:00,0.41441410535346457,2.1527701542986075
price,2010-12-17 13:21:00,0.5386605890451951,2.1525194984863445
dollar_volume,2010-10-25 14:13:00,0.17343083270402385,2.1524478844783097
gross_return,2010-09-13 12:31:00,0.2686993296224809,2.152441243410416
price,2010-04-27 12:10:00,0.5006420588214524,2.152439640495128
dollar_volume,2010-05-13 15:12:00,0.20046592158768156,2.1524110550249125
dollar_volume,2010-11-22 13:30:00,0.18804715394402483,2.152187377582758
gross_return,2010-02-02 14:27:00,0.2631196469559949,2.152148663323957
price,2010-02-04 15:28:00,0.4122423610012426,2.1520552531365005
gross_return,2010-11-17 14:07:00,0.2492626301547564,2.152005831807816
gross_return,2010-11-15 13:47:00,0.27894644003951835,2.1518542837189365
dollar_volume,2010-07-21 14:49:00,0.18841322074344394,2.1518142610948225
gross_return,2010-03-16 13:18:00,0.34528498154983056,2.151709607881988
gross_return,2010-08-10 12:22:00,0.02532467685236295,-2.151700776254143
gross_return,2010-05-17 15:10:00,0.2106977858631558,2.1516751606658846
price,2010-08-03 11:19:00,0.4851559595761919,2.151635890538957
price,2010-11-15 14:27:00,0.4017417459708166,2.151578618763529
dollar_volume,2010-11-05 14:03:00,0.1724534119885327,2.1515121351493893
dollar_volume,2010-11-08 13:57:00,0.17868233477729345,2.1513130105150546
price,2010-05-10 13:22:00,0.4409651977273114,2.15129434881978
gross_return,2010-06-17 10:49:00,0.2219517411080314,2.1512923045875785
price,2010-05-18 11:55:00,0.3834358317624015,2.1512844519407475
price,2010-01-07 11:29:00,0.6097903655138053,2.1512108874841163
gross_return,2010-09-13 12:30:00,0.2684210685583028,2.1511654193810985
price,2010-04-01 14:27:00,0.502059228941836,2.1511525826531384
gross_return,2010-05-26 13:54:00,0.18196280911453208,2.151148624158003
dollar_volume,2010-03-17 13:22:00,0.18241076570275994,2.1510328984084177
gross_return,2010-02-11 11:57:00,0.2636385382404062,2.1508860501359783
price,2010-05-13 15:02:00,0.34483074462271385,2.1508121053385767
price,2010-04-27 12:08:00,0.49954860512178156,2.150730307747954
dollar_volume,2010-04-21 10:37:00,0.1895312784215926,2.150631811969131
gross_return,2010-04-01 13:34:00,0.26578555319725744,2.1503761387615237
gross_return,2010-07-15 15:38:00,0.2577910000428168,2.150340634271105
dollar_volume,2010-01-06 14:56:00,0.19685556124893638,2.150214686947676
price,2010-10-07 14:45:00,0.4917871065239878,2.1501713609415667
price,2010-06-16 15:35:00,0.3908693920186864,2.15003094920838
dollar_volume,2010-08-10 14:32:00,0.18008369872865365,2.1500212596452073
price,2010-12-30 15:32:00,0.6728936833830617,2.149986833463642
dollar_volume,2010-12-14 14:38:00,0.20057342674654996,2.1493785923446067
dollar_volume,2010-08-10 14:35:00,0.18054658354698402,2.1493389315490914
dollar_volume,2010-02-25 14:08:00,0.18768595478436637,2.1492461431204606
gross_return,2010-11-15 13:46:00,0.27894621420401505,2.1491480757459622
dollar_volume,2010-03-19 13:08:00,0.17849057220041464,2.149086692342078
price,2010-04-15 13:50:00,0.510611666343549,2.1490484856295544
gross_return,2010-11-24 14:53:00,0.28412647686932235,2.148942096947062
price,2010-04-06 14:35:00,0.4784356028530423,2.1488653967731564
price,2010-04-07 13:44:00,0.5388664575779749,2.1487104991881205
price,2010-04-22 13:55:00,0.5039045102433001,2.1487037590645146
dollar_volume,2010-08-05 15:34:00,0.19116399031906217,2.1486977784810457
dollar_volume,2010-06-10 15:46:00,0.18476634184132762,2.1486690770103074
price,2010-12-13 13:36:00,0.43351494522501577,2.1485865123327788
price,2010-03-08 13:40:00,0.42941650797542946,2.148227628585238
dollar_volume,2010-05-11 13:06:00,0.19227767474498592,2.148202371417353
price,2010-10-05 11:58:00,0.4787211003298302,2.1481942370261318
gross_return,2010-05-05 15:08:00,0.24064443761568272,2.148192345865785
price,2010-12-17 13:38:00,0.5463868393320956,2.1481370079232525
gross_return,2010-12-01 12:28:00,0.2560263412617686,2.1479336130069204
price,2010-12-29 13:37:00,0.6934480308877063,2.147809770979605
price,2010-10-18 14:40:00,0.43524581751374924,2.147762548182211
gross_return,2010-12-01 13:34:00,0.2693668353219776,2.147641198058994
price,2010-11-15 14:35:00,0.4044354470202334,2.1476376420500407
gross_return,2010-03-26 12:31:00,0.28607905673785383,2.147563901760775
dollar_volume,2010-04-16 11:41:00,0.17697128645922802,2.147522319417849
price,2010-08-06 10:51:00,0.4607805864401122,2.147484869179125
dollar_volume,2010-08-05 12:17:00,0.18257039563168095,2.147416600101859
dollar_volume,2010-08-05 15:03:00,0.18545488500100943,2.147273174138599
dollar_volume,2010-11-11 14:21:00,0.1794644623040692,2.14715893590805
price,2010-03-17 15:09:00,0.5230023203518095,2.1471295128494887
price,2010-05-03 13:08:00,0.5347771024099062,2.1470307674754605
dollar_volume,2010-02-09 11:27:00,0.18785045599613454,2.146955431963102
dollar_volume,2010-03-09 14:04:00,0.18197920083604938,2.1468749051818503
gross_return,2010-12-01 12:45:00,0.2588107940337332,2.1468586366520666
dollar_volume,2010-02-09 13:28:00,0.19005707879915953,2.146830866232927
gross_return,2010-12-01 13:36:00,0.26976773136046267,2.1467576946640046
price,2010-09-20 15:00:00,0.43171935980808507,2.1467494499786057
dollar_volume,2010-04-15 15:19:00,0.1783186505234413,2.1465692334537074
dollar_volume,2010-06-23 15:08:00,0.1869299442339799,2.146534723985685
price,2010-10-21 14:28:00,0.46678716114378566,2.1465144403367393
gross_return,2010-04-21 12:54:00,0.28118907589013503,2.1464523296569324
price,2010-12-13 13:41:00,0.43525255901613524,2.1464263020820415
price,2010-11-09 12:47:00,0.4618197565409886,2.146235656885209
price,2010-04-23 13:19:00,0.4924106541378126,2.1459012171276544
gross_return,2010-03-16 13:01:00,0.3421113635004015,2.1458701352608163
price,2010-07-30 13:48:00,0.42852687763274366,2.1458555677366604
gross_return,2010-09-14 11:50:00,0.27575262154025265,2.1458002596839285
price,2010-12-17 13:39:00,0.5465720731276549,2.1457233045438575
gross_return,2010-02-23 12:11:00,0.30025375151229833,2.1456987844010684
price,2010-02-02 12:33:00,0.41748572179485854,2.1455567084799108
gross_return,2010-04-28 14:40:00,0.29040641251427113,2.1454683592497235
dollar_volume,2010-02-05 12:58:00,0.18374849259917672,2.145061397666235
gross_return,2010-07-06 11:49:00,0.21777998866175702,2.1450112156664614
gross_return,2010-07-27 13:24:00,0.24017564049908982,2.1449740529223233
price,2010-03-16 11:41:00,0.5011584243576676,2.144941989904519
dollar_volume,2010-07-16 13:55:00,0.16894153478493956,2.1449241793008182
dollar_volume,2010-03-19 13:00:00,0.17686785689460585,2.1448501216998355
dollar_volume,2010-10-22 14:29:00,0.17185705019683167,2.144782904229639
price,2010-02-22 15:50:00,0.5066390783320266,2.1447276878920274
gross_return,2010-03-02 11:04:00,0.27857700512444983,2.1447119760043174
dollar_volume,2010-06-04 13:19:00,0.1849602366527137,2.144706251335296
price,2010-12-10 12:31:00,0.4128828801227402,2.144704819201148
price,2010-02-05 14:08:00,0.41879125355399704,2.1446646517060737
price,2010-04-13 12:49:00,0.51503791074219,2.1445972809724303
dollar_volume,2010-12-29 15:04:00,0.19771953761815053,2.144444298676109
gross_return,2010-07-02 12:41:00,0.21309289796232056,2.144338821876659
gross_return,2010-12-22 13:50:00,0.5765744791239624,2.144325247057834
price,2010-08-25 14:56:00,0.4256898372726402,2.14432278763161
gross_return,2010-10-29 14:10:00,0.30159181872967566,2.1442858667175306
gross_return,2010-12-01 13:37:00,0.26982620884432873,2.1442052419302744
price,2010-02-23 10:55:00,0.5387466805400627,2.144192450670302
dollar_volume,2010-05-12 12:50:00,0.1955683826710766,2.144126148882825
dollar_volume,2010-09-20 14:55:00,0.18282546005267372,2.143970541350381
dollar_volume,2010-07-21 12:46:00,0.1780060341229585,2.143957991824137
price,2010-07-12 12:18:00,0.393128179076024,2.1439051023106495
dollar_volume,2010-03-12 14:23:00,0.1739026281367423,2.1438675235465476
dollar_volume,2010-03-19 13:01:00,0.17695599653545593,2.1438612472614698
gross_return,2010-04-22 10:35:00,0.2863188141112418,2.1438302184137843
gross_return,2010-07-26 13:30:00,0.23399582652044654,2.1437873663198372
price,2010-10-07 13:32:00,0.4634937464652173,2.143532304829722
gross_return,2010-06-23 10:39:00,0.24227848800744156,2.1435094367039467
price,2010-11-15 15:43:00,0.4138021850080871,2.1434978897091237
dollar_volume,2010-01-13 14:23:00,0.18759057908127375,2.143481342124256
price,2010-07-26 14:34:00,0.4327017928091147,2.1434801531295853
dollar_volume,2010-09-08 13:42:00,0.0231977457733853,-2.1434779278567646
gross_return,2010-10-08 13:00:00,0.25743221756205115,2.1431157042726983
dollar_volume,2010-06-10 15:40:00,0.18359500868133238,2.1430594910294265
price,2010-10-21 12:54:00,0.4388042323334074,2.142833940455468
dollar_volume,2010-01-13 14:12:00,0.18578985774274914,2.1428094402248816
gross_return,2010-12-01 13:38:00,0.26995124070589993,2.1427193734833367
gross_return,2010-10-06 10:53:00,0.02312610171076864,-2.1426516295995843
dollar_volume,2010-05-12 14:45:00,0.19825920126540497,2.142601368526081
dollar_volume,2010-02-05 12:42:00,0.18226665170732442,2.1425671843830383
gross_return,2010-09-22 14:12:00,0.2875228337035126,2.1425268426229316
price,2010-10-21 13:58:00,0.4476799214691245,2.142379897970137
dollar_volume,2010-10-06 15:45:00,0.16501354075366612,2.1423054917184974
gross_return,2010-12-21 15:17:00,0.557102654483879,2.142204753409126
dollar_volume,2010-11-22 12:23:00,0.18632539760308472,2.1421630254414894
gross_return,2010-03-17 13:40:00,0.3477839961163196,2.1421573472612425
gross_return,2010-11-30 14:14:00,0.266216696780001,2.1420394291930562
gross_return,2010-11-15 13:57:00,0.2769161895864471,2.141932250345954
dollar_volume,2010-04-12 13:43:00,0.19957040040398918,2.1419015163015365
gross_return,2010-02-22 14:40:00,0.29994723524525047,2.1418106811201714
gross_return,2010-03-01 10:29:00,0.032549692301273414,-2.1417586685588925
dollar_volume,2010-07-16 13:56:00,0.16888619470034935,2.14172462774329
dollar_volume,2010-10-12 11:47:00,0.1632883234014053,2.141690790846285
dollar_volume,2010-12-14 10:56:00,0.19575432425292966,2.1416750587183815
dollar_volume,2010-01-06 14:57:00,0.19676359168935767,2.1414167398465644
dollar_volume,2010-08-31 14:10:00,0.18960991705159666,2.141357431602138
gross_return,2010-10-08 13:16:00,0.2636228316514234,2.1413031259442104
gross_return,2010-07-06 11:50:00,0.2177783275037438,2.1412691214531776
dollar_volume,2010-11-16 13:00:00,0.1817337110717558,2.141261952449364
dollar_volume,2010-11-12 14:46:00,0.1795480907816019,2.1412553067701476
price,2010-09-02 13:05:00,0.5280288297038439,2.1411717081309516
price,2010-02-02 12:46:00,0.42312750530915544,2.1411564836704877
dollar_volume,2010-06-10 11:18:00,0.1652803085203413,2.141117880779167
dollar_volume,2010-08-10 15:38:00,0.1823132430044742,2.1411035965231493
gross_return,2010-12-22 13:51:00,0.5765745291698583,2.141040782412295
dollar_volume,2010-08-27 12:34:00,0.1843406068898584,2.141001550345018
dollar_volume,2010-10-18 12:08:00,0.17047753274814434,2.140953018097981
price,2010-07-29 11:46:00,0.4602849242713717,2.1409357809817915
dollar_volume,2010-04-16 15:20:00,0.1753926955412642,2.140899824025259
dollar_volume,2010-07-29 13:45:00,0.19315905153063997,2.1407470692873276
gross_return,2010-10-25 12:22:00,0.29829843321119187,2.1405273742494892
price,2010-02-05 14:02:00,0.4151551849357423,2.1404122829223424
price,2010-02-02 15:31:00,0.4406553444477164,2.1403925833864315
dollar_volume,2010-11-09 14:44:00,0.18354440156149363,2.1403886602408577
gross_return,2010-06-23 10:45:00,0.24309563640353848,2.1403704310821143
gross_return,2010-03-01 10:34:00,0.031633826164245225,-2.140349923068063
dollar_volume,2010-10-20 15:56:00,0.015725018977451252,-2.140303280190021
gross_return,2010-05-06 15:09:00,0.26797526897544743,2.1403025411897505
price,2010-09-29 15:26:00,0.4341486135641421,2.140268214122723
gross_return,2010-08-02 12:18:00,0.2582257084120258,2.140122190945419
dollar_volume,2010-03-17 13:29:00,0.18318888823087512,2.140091513366595
gross_return,2010-05-06 15:10:00,0.2681942736934502,2.1399580526675943
gross_return,2010-07-19 14:42:00,0.2515255847852179,2.1399256318174262
gross_return,2010-08-24 13:24:00,0.280728622569797,2.139823628403027
price,2010-08-10 14:29:00,0.4547294873768824,2.1396757302816773
dollar_volume,2010-04-28 12:06:00,0.17766332317575617,2.139529917923578
price,2010-10-19 14:22:00,0.45510729510941716,2.139379936966059
gross_return,2010-07-23 12:04:00,0.22861711040268504,2.1393710369720953
dollar_volume,2010-01-07 15:32:00,0.19545549118892752,2.1391501734682112
gross_return,2010-11-02 11:34:00,0.29684529719887753,2.138948112222554
dollar_volume,2010-01-28 12:49:00,0.18772099715672902,2.138840805726304
dollar_volume,2010-09-09 11:46:00,0.18018687978485803,2.138829314258063
gross_return,2010-02-11 11:53:00,0.2619326434978584,2.138822605545525
gross_return,2010-12-10 14:13:00,0.2922730898137014,2.138783002478911
dollar_volume,2010-04-08 10:39:00,0.20267430625874178,2.1387750485323833
gross_return,2010-02-22 14:41:00,0.29994637432598087,2.138598095560227
dollar_volume,2010-01-13 14:13:00,0.1857571719644104,2.1385947691047704
dollar_volume,2010-04-28 12:07:00,0.1777075857440884,2.138469115040079
dollar_volume,2010-02-18 15:42:00,0.17721286289556426,2.138057371901249
gross_return,2010-01-27 14:43:00,0.2604254121495731,2.1380428261506674
dollar_volume,2010-04-19 13:12:00,0.17792629482948813,2.1378014259511264
gross_return,2010-08-10 13:11:00,0.24252869618270387,2.1376024713517774
price,2010-02-09 12:10:00,0.44498086727128905,2.1375212126348986
price,2010-04-27 11:55:00,0.4944716549186221,2.137462981522332
dollar_volume,2010-08-30 13:35:00,0.018262319172768555,-2.137428203875752
gross_return,2010-07-26 13:32:00,0.23399596804670722,2.1373047116132637
gross_return,2010-04-22 13:08:00,0.2875432935906172,2.1372396826504167
price,2010-11-04 11:14:00,0.4204023977351925,2.13723596032621
price,2010-07-30 13:37:00,0.42235234945020955,2.1372288515968045
price,2010-10-20 12:45:00,0.4541411819988058,2.1372142748797898
gross_return,2010-05-26 13:37:00,0.014809336324757895,-2.1371722381222265
price,2010-09-02 13:06:00,0.5279474800811654,2.137119037551057
gross_return,2010-08-27 11:07:00,0.2591862953467771,2.136984163160982
price,2010-03-08 12:53:00,0.42131881615766087,2.136957634412486
gross_return,2010-07-19 14:43:00,0.25152574231035607,2.1369034784736978
dollar_volume,2010-03-26 13:42:00,0.1866967302103454,2.136823497250111
gross_return,2010-03-25 13:30:00,0.2968313149758445,2.136817782927776
dollar_volume,2010-07-14 10:32:00,0.0048607063504351004,-2.136525231945947
price,2010-12-17 13:42:00,0.5467988210288512,2.1365204877551345
dollar_volume,2010-02-16 13:06:00,0.017212112692013958,-2.136510815948482
gross_return,2010-05-12 15:51:00,0.25727219704567195,2.1362713429982643
gross_return,2010-10-08 13:17:00,0.26353464633669965,2.1362495438552016
gross_return,2010-08-27 11:11:00,0.2599860961254257,2.1360101216782583
price,2010-10-07 13:00:00,0.4557428894727411,2.1359699108235213
dollar_volume,2010-09-08 11:57:00,0.024615023315431625,-2.1358327851468584
price,2010-02-23 10:32:00,0.5136706725630534,2.1358128255847695
gross_return,2010-12-09 11:11:00,0.3029085020302528,2.135753277411158
dollar_volume,2010-05-27 11:35:00,0.15667527161523995,2.135752596437308
price,2010-04-26 15:12:00,0.4758860198439118,2.135580542711725
price,2010-08-06 11:18:00,0.4665871029629074,2.135527194127921
price,2010-11-04 11:12:00,0.4196759427750151,2.1354945614491534
gross_return,2010-02-11 13:01:00,0.2740612699721168,2.1354590832485956
price,2010-02-09 12:14:00,0.44628739850241805,2.1354239321399686
price,2010-12-30 15:31:00,0.6699539625606115,2.1353855724150637
gross_return,2010-09-10 15:52:00,0.2755271881919565,2.135380826914667
dollar_volume,2010-01-11 11:57:00,0.016620875496716817,-2.135294327735609
gross_return,2010-10-22 13:46:00,0.26205686614010376,2.1352681565616827
dollar_volume,2010-09-14 14:55:00,0.17401148732994448,2.135094424494703
price,2010-11-04 15:48:00,0.4086220550787785,2.1349583349277133
gross_return,2010-08-19 12:44:00,0.25889619030705874,2.134907967146423
price,2010-03-16 13:33:00,0.5009875776194952,2.134888065820542
price,2010-07-13 11:41:00,0.3809949638638612,2.134830858922931
dollar_volume,2010-03-09 14:20:00,0.18311693314652255,2.1348206809618233
dollar_volume,2010-03-29 15:02:00,0.01584816485266456,-2.1347145333948494
dollar_volume,2010-07-07 14:43:00,0.01700875599215868,-2.134710893184765
price,2010-12-30 15:36:00,0.673111129703598,2.1345415523849045
dollar_volume,2010-05-13 15:16:00,0.2004425337211161,2.1344913056683747
gross_return,2010-12-01 12:29:00,0.2554555141353916,2.1344827556454082
gross_return,2010-07-21 14:30:00,0.24699742332213903,2.1343925441798066
dollar_volume,2010-10-25 12:16:00,0.019339452683161232,-2.1342392812854896
price,2010-07-13 15:36:00,0.39940779279805744,2.1341290487605358
price,2010-09-17 10:37:00,0.4170038710464943,2.1340561145379646
dollar_volume,2010-10-12 14:40:00,0.16927000678282395,2.13391559705914
price,2010-08-04 13:37:00,0.4521041701513778,2.13386864440804
dollar_volume,2010-12-07 13:39:00,0.1776115692438899,2.1338677010943967
price,2010-07-12 12:22:00,0.3915016234722606,2.133654034963923
gross_return,2010-05-17 12:05:00,0.20170982218934938,2.133610324637698
gross_return,2010-08-27 11:08:00,0.25919702813535617,2.133459340922375
price,2010-03-22 10:47:00,0.48357518437142616,2.1334396136260776
price,2010-06-22 15:10:00,0.38238768232653186,2.1333856254636974
dollar_volume,2010-07-21 10:31:00,0.17375409278004952,2.1333497524501914
price,2010-05-18 12:28:00,0.39614955505943694,2.1333411401390254
gross_return,2010-07-12 12:48:00,0.23847650777026222,2.1333387577169685
gross_return,2010-08-27 11:09:00,0.25940506149553694,2.1332774384357456
price,2010-08-27 11:49:00,0.4463782513503618,2.1332213476574995
gross_return,2010-07-20 12:49:00,0.24816544866486284,2.1332183606933457
price,2010-11-04 15:54:00,0.4085542857129686,2.133169867398516
price,2010-12-10 12:18:00,0.4043677158402127,2.133155622624524
dollar_volume,2010-06-25 13:41:00,0.18451912733473916,2.133022123237111
dollar_volume,2010-01-13 14:07:00,0.18469829540279104,2.1328481249332842
gross_return,2010-09-10 15:53:00,0.2754531702795552,2.1327355135876758
dollar_volume,2010-05-03 14:53:00,0.19152942545556254,2.1327077720610705
dollar_volume,2010-02-22 13:59:00,0.17826058615077933,2.1325632060165587
price,2010-11-16 11:38:00,0.42767087993471387,2.132539229349545
dollar_volume,2010-02-09 13:29:00,0.18960878801242798,2.132493006723521
price,2010-08-30 10:46:00,0.44755205850996305,2.132433041206178
gross_return,2010-06-23 10:37:00,0.24132352247698796,2.132432355666856
price,2010-05-13 14:59:00,0.34223097027059346,2.132417686419891
gross_return,2010-09-13 11:31:00,0.2666974918413265,2.132357265650468
price,2010-12-08 12:23:00,0.5229400046280772,2.1323285221257557
price,2010-07-14 14:00:00,0.41942247886154305,2.132290154770799
dollar_volume,2010-01-11 11:56:00,0.016894530596638292,-2.1322867950454465
price,2010-03-22 13:27:00,0.4923969180958072,2.1322645339256083
price,2010-08-18 11:46:00,0.4357303905780155,2.132063135610071
dollar_volume,2010-05-03 14:38:00,0.19085657152794144,2.1320254796405527
dollar_volume,2010-01-07 15:37:00,0.1962717176936528,2.132015398601203
gross_return,2010-06-23 10:38:00,0.2414629805190931,2.1319943426496213
price,2010-12-14 13:50:00,0.4427850330748826,2.131952210200215
dollar_volume,2010-07-21 14:50:00,0.18770365151757124,2.1319488786563485
price,2010-10-07 13:34:00,0.4626956417400686,2.1318057406278896
dollar_volume,2010-06-15 13:43:00,0.1902309543787158,2.131789898695923
gross_return,2010-10-22 13:47:00,0.26205691641541473,2.131563782872053
dollar_volume,2010-04-28 12:23:00,0.17970289420384827,2.131473356155586
dollar_volume,2010-01-25 15:44:00,0.02212004762973052,-2.131455088803631
dollar_volume,2010-09-14 14:56:00,0.17401272731540324,2.1314480087225633
gross_return,2010-08-19 12:45:00,0.25889684873939867,2.1314370896727546
dollar_volume,2010-06-10 14:32:00,0.17834527347052312,2.131394569402846
gross_return,2010-03-05 14:05:00,0.3442375536817552,2.131335251084197
price,2010-05-25 12:12:00,0.3210803164519524,2.1312480935435514
dollar_volume,2010-01-22 14:19:00,0.1719762868586573,2.131205079352852
dollar_volume,2010-01-22 14:18:00,0.17186575568573076,2.1311923583663166
dollar_volume,2010-11-16 13:08:00,0.18248736814423266,2.1310983141764948
price,2010-05-12 10:51:00,0.32806023950526564,2.131061171741759
gross_return,2010-12-31 12:13:00,0.8487044411993406,2.1310163518871943
dollar_volume,2010-08-30 13:36:00,0.018372833674384,-2.130997546292315
price,2010-01-29 14:08:00,0.4259202422305097,2.1309549961458525
gross_return,2010-04-05 11:43:00,0.26499979521479305,2.130842712257431
dollar_volume,2010-04-01 15:49:00,0.2005307242712961,2.1307626356991123
gross_return,2010-03-23 14:26:00,0.3468521904702236,2.130738009678211
gross_return,2010-07-23 14:25:00,0.23300932352925152,2.130709046645138
price,2010-03-08 13:41:00,0.4279833266241464,2.1306977407305525
dollar_volume,2010-01-29 12:38:00,0.018429002371102468,-2.1306934655116687
price,2010-01-11 15:17:00,0.5675155111744314,2.1305939274185337
dollar_volume,2010-01-15 15:07:00,0.18079189957998731,2.130520377868619
price,2010-07-14 13:07:00,0.40006002926805034,2.130486886735459
price,2010-05-04 10:47:00,0.5329665359611981,2.130453727553772
gross_return,2010-12-07 11:17:00,0.29530502875275644,2.1304038106618757
price,2010-04-13 15:25:00,0.527237978729937,2.130274015055604
dollar_volume,2010-10-27 15:55:00,0.1707742692985185,2.130240558892511
price,2010-10-18 14:44:00,0.43486702290351986,2.130190103876828
dollar_volume,2010-02-10 15:28:00,0.1803126048625689,2.1301472317393997
gross_return,2010-08-10 12:47:00,0.24129786783124269,2.1301313514718423
dollar_volume,2010-11-03 11:51:00,0.16168114859041677,2.1300446817832355
dollar_volume,2010-07-22 11:42:00,0.18874658088355623,2.1300292094949818
dollar_volume,2010-04-29 13:12:00,0.18065496644945042,2.1299605682176614
dollar_volume,2010-11-16 13:07:00,0.18234306546495746,2.1299502637937837
gross_return,2010-05-26 14:08:00,0.18280249056070444,2.129935357214554
gross_return,2010-09-01 15:36:00,0.3000482250364048,2.1298274677856788
dollar_volume,2010-09-17 14:43:00,0.021689843224380227,-2.129826434146466
price,2010-05-13 15:45:00,0.34986633591384886,2.129675784094682
dollar_volume,2010-12-06 13:28:00,0.16774820852910416,2.1294927823629752
gross_return,2010-10-11 13:32:00,0.28330757214522945,2.1294609132934608
price,2010-10-18 15:19:00,0.44465190359268325,2.1294572547166193
price,2010-07-01 14:51:00,0.32586578760458207,2.1293625693562777
gross_return,2010-09-02 11:50:00,0.306245056235622,2.129354374667604
dollar_volume,2010-10-25 12:17:00,0.01938691265567079,-2.1293248211977196
gross_return,2010-11-18 14:32:00,0.2776821308267979,2.129190665703222
price,2010-12-28 15:55:00,0.6970538856408631,2.129064578136814
price,2010-02-02 15:19:00,0.43685149625877917,2.12899650052113
dollar_volume,2010-07-21 14:17:00,0.18159071990902959,2.1289870713099717
gross_return,2010-09-10 15:40:00,0.27408367014045304,2.128855571514898
price,2010-03-23 15:51:00,0.5134636591836058,2.128795452418788
dollar_volume,2010-02-22 14:04:00,0.17874620310167472,2.1286304161442122
price,2010-02-11 11:51:00,0.4434769608977513,2.1286129442806816
gross_return,2010-12-22 13:16:00,0.5747324411534156,2.1285942797559856
gross_return,2010-07-02 14:05:00,0.21414426131191597,2.1285457467264717
dollar_volume,2010-09-16 15:53:00,0.18228710852338448,2.128517928665299
dollar_volume,2010-03-23 11:17:00,0.18342274632249123,2.128464223586225
price,2010-04-22 13:10:00,0.4699772167892047,2.1284311437981898
dollar_volume,2010-04-29 14:10:00,0.18358694193895425,2.12838314045319
dollar_volume,2010-03-26 14:19:00,0.19413910499591125,2.1283821406294345
gross_return,2010-12-01 12:46:00,0.2578702004068016,2.1283618252694456
price,2010-11-18 10:35:00,0.3887404522616937,2.1283544361483875
gross_return,2010-11-11 14:12:00,0.2687791434910875,2.1283481589118405
price,2010-12-10 12:32:00,0.41154153644974223,2.128316342861565
price,2010-10-18 14:55:00,0.4370964768735118,2.1282774721833397
gross_return,2010-12-10 14:14:00,0.2917420504335291,2.12827157160999
price,2010-10-20 12:44:00,0.45269379918024577,2.128248896531522
dollar_volume,2010-06-10 14:33:00,0.17836328219886508,2.1282372696789533
price,2010-03-16 11:36:00,0.4964855377538706,2.128003925714432
dollar_volume,2010-10-27 12:51:00,0.16740468994312419,2.1278481151333932
price,2010-08-27 11:40:00,0.44383748197522715,2.1275603826957386
dollar_volume,2010-10-27 12:50:00,0.16728275478883828,2.1275585831966626
gross_return,2010-04-05 13:13:00,0.2737954790918548,2.127494205518888
price,2010-08-03 11:16:00,0.48097175784341123,2.1274803467402803
gross_return,2010-12-31 12:19:00,0.8508118351098829,2.1273471751183894
dollar_volume,2010-07-07 14:09:00,0.1694578764555259,2.127146040964293
price,2010-01-14 14:01:00,0.5462420406543371,2.1271354924264174
dollar_volume,2010-05-28 12:58:00,0.17518393005428176,2.126837977983521
price,2010-12-28 14:11:00,0.692515777091271,2.126769000553126
dollar_volume,2010-02-25 14:42:00,0.19303996060491274,2.126736381386736
gross_return,2010-02-01 13:54:00,0.2464395518066633,2.1266784880577005
price,2010-09-17 10:29:00,0.4134002529971079,2.1265562003084044
gross_return,2010-10-22 13:32:00,0.25918036374289166,2.1264773596376623
gross_return,2010-07-06 13:09:00,0.2210420833250204,2.12640183044661
dollar_volume,2010-03-24 15:50:00,0.188248868902018,2.126366438773466
gross_return,2010-07-21 13:46:00,0.24163413190587846,2.1263286326509525
price,2010-04-21 14:33:00,0.49656398321335116,2.1262107617520125
gross_return,2010-10-22 13:33:00,0.25918008854258673,2.1261208453736002
gross_return,2010-08-10 12:48:00,0.24126006714962125,2.125967462157278
dollar_volume,2010-06-23 11:56:00,0.1839906121802392,2.1258560597495975
dollar_volume,2010-09-13 12:21:00,0.17653695431945746,2.1258414003885826
gross_return,2010-12-31 12:33:00,0.8607061262886084,2.1257028052470877
gross_return,2010-11-18 14:33:00,0.2776825651867988,2.1255778183429777
gross_return,2010-12-01 12:47:00,0.2578702004068016,2.1255775894583353
dollar_volume,2010-01-07 15:38:00,0.19619162904551152,2.1255336362682185
gross_return,2010-12-23 13:47:00,0.6283600637360669,2.125529345791482
gross_return,2010-03-16 13:26:00,0.3435214298424799,2.125482844802706
dollar_volume,2010-10-25 12:18:00,0.019397141881968012,-2.1254808509052414
dollar_volume,2010-02-05 14:02:00,0.1852048550557357,2.1254059936730667
dollar_volume,2010-01-11 11:58:00,0.016905017358446146,-2.1252661148042105
price,2010-12-28 14:09:00,0.6910583702278967,2.125263318047359
dollar_volume,2010-12-14 11:06:00,0.1974952846959987,2.125224611541417
price,2010-05-17 12:06:00,0.3470652032901683,2.1251249935280048
gross_return,2010-10-22 13:34:00,0.25921372905556217,2.1251017633489426
dollar_volume,2010-12-07 11:29:00,0.17180445105446562,2.1250059004844406
gross_return,2010-12-13 12:59:00,0.2980151296971978,2.1249721221051807
price,2010-09-14 15:14:00,0.40708319951346283,2.124871156682747
gross_return,2010-09-13 12:38:00,0.2688427536539301,2.1248576807651687
dollar_volume,2010-03-31 15:27:00,0.2010897742292339,2.1247992122659327
dollar_volume,2010-01-29 15:26:00,0.18756198421744105,2.124787198054327
gross_return,2010-07-26 13:33:00,0.2335455434209333,2.1247747964966766
price,2010-12-22 12:11:00,0.6862001102083362,2.124575176471501
price,2010-03-16 13:36:00,0.501117915850894,2.124542080998076
price,2010-12-15 11:29:00,0.45374231665570763,2.1242798694936975
gross_return,2010-12-01 13:13:00,0.2618119041652904,2.124135221270731
gross_return,2010-06-21 15:34:00,0.2343942298982234,2.124111057000604
gross_return,2010-07-29 13:00:00,0.23756236123114963,2.1241103173889653
dollar_volume,2010-04-12 15:44:00,0.19967166286791685,2.1239102499792075
dollar_volume,2010-07-22 11:17:00,0.18690723881181825,2.123767926061507
gross_return,2010-03-02 10:43:00,0.2756384229499387,2.123761610731887
dollar_volume,2010-04-01 15:50:00,0.20036280207342266,2.1236591379752667
price,2010-09-20 14:55:00,0.42772474634683266,2.123605750293032
gross_return,2010-06-15 14:50:00,0.2181615959745977,2.123421246793809
dollar_volume,2010-02-17 13:25:00,0.01300385487944156,-2.12327251115979
price,2010-12-14 13:32:00,0.4329393552672361,2.123231208914747
gross_return,2010-12-10 14:17:00,0.2918029271961676,2.12322318073655
gross_return,2010-08-10 12:18:00,0.027311473822577807,-2.1231733106356034
price,2010-12-15 13:26:00,0.48741457337325966,2.1231030865061413
gross_return,2010-03-08 13:42:00,0.35674103598272294,2.1229242314107313
price,2010-05-10 13:21:00,0.43709016767981135,2.122696585976944
dollar_volume,2010-05-27 10:36:00,0.025295581962126987,-2.122681581211629
dollar_volume,2010-12-14 11:05:00,0.19722233661044467,2.1226365487710477
dollar_volume,2010-06-11 13:09:00,0.18452222570044374,2.1224674674064206
gross_return,2010-09-13 12:39:00,0.2689029466138398,2.1224157278977445
price,2010-01-07 11:33:00,0.6086468931997219,2.122382397635004
gross_return,2010-08-19 10:49:00,0.2500027283077717,2.12228132440855
gross_return,2010-03-01 10:30:00,0.0334399578102348,-2.1222582240394905
gross_return,2010-12-21 15:18:00,0.5545763274476861,2.122047490809789
gross_return,2010-08-23 12:53:00,0.27788352741490274,2.121985964229336
price,2010-07-14 13:33:00,0.413922654170085,2.1219629318271926
price,2010-08-27 11:48:00,0.44469436563054177,2.1219029695107308
price,2010-03-04 15:58:00,0.41592120788731246,2.1218190474570693
gross_return,2010-06-23 14:28:00,0.2519928899735883,2.121772102976728
price,2010-07-29 11:44:00,0.457188350719579,2.121744565535333
gross_return,2010-02-03 13:04:00,0.2646811512188937,2.121725164044693
price,2010-04-30 12:24:00,0.4965124996866219,2.121643530638224
dollar_volume,2010-03-26 13:06:00,0.18491338061189216,2.121585753209907
gross_return,2010-12-06 15:34:00,0.28824362322714825,2.1215284784714195
gross_return,2010-04-22 10:41:00,0.28602022677063627,2.1214873141907766
price,2010-12-31 15:57:00,0.6746981902371771,2.1213490861439293
dollar_volume,2010-09-13 11:37:00,0.17361973422924024,2.1211738841014802
dollar_volume,2010-08-11 11:54:00,0.18298250255831397,2.12106720959378
dollar_volume,2010-06-30 15:50:00,0.1762742718374497,2.121019618331141
dollar_volume,2010-03-02 11:51:00,0.19890682404290952,2.120993234489519
price,2010-08-16 10:51:00,0.4217586758202201,2.1208311868149687
dollar_volume,2010-09-10 10:37:00,0.17887080602526662,2.12079480569298
dollar_volume,2010-09-01 15:02:00,0.18648268872078141,2.120759979897352
dollar_volume,2010-06-10 15:43:00,0.18311725795879685,2.1207323689563307
gross_return,2010-06-15 14:51:00,0.2181649157981853,2.1207213297140157
price,2010-05-18 12:23:00,0.3928653702263637,2.120719040338
price,2010-11-19 10:51:00,0.3861146878236491,2.1206640658650007
gross_return,2010-01-28 13:24:00,0.2613664595680634,2.1205936368234872
price,2010-11-11 14:23:00,0.4354942040650406,2.120531602372602
gross_return,2010-06-07 13:25:00,0.22374457389451727,2.1204762412408287
dollar_volume,2010-06-04 12:55:00,0.18186625845980436,2.120348361257641
price,2010-05-12 12:00:00,0.3273218157140615,2.120120259352672
dollar_volume,2010-01-13 14:26:00,0.18693316475775806,2.120092755141133
gross_return,2010-09-14 13:25:00,0.2873285516324743,2.1200909527604646
dollar_volume,2010-10-11 15:39:00,0.15845195555149302,2.119995656223529
dollar_volume,2010-03-23 12:25:00,0.1837908645021395,2.119983426812364
dollar_volume,2010-03-29 14:09:00,0.19516359682991313,2.1198303488607286
price,2010-11-15 15:42:00,0.4109800511196824,2.119814374759839
dollar_volume,2010-06-04 12:47:00,0.1806768908641669,2.119721846031164
gross_return,2010-04-27 11:30:00,0.28810751291299475,2.1194978804376863
gross_return,2010-02-02 14:24:00,0.26040970570128497,2.1193741275489937
dollar_volume,2010-10-07 10:53:00,0.16551292722247116,2.1193545281770296
gross_return,2010-08-18 12:57:00,0.2822583911805439,2.119312400429303
dollar_volume,2010-05-27 10:30:00,0.025973031884259902,-2.1193014293234684
dollar_volume,2010-02-09 13:21:00,0.18784211467555423,2.119213977334168
price,2010-12-14 14:45:00,0.4430410047409272,2.1191253607327982
price,2010-02-22 13:04:00,0.49712277548090333,2.119004671611426
gross_return,2010-04-30 11:21:00,0.27229874623007383,2.1188684620747282
price,2010-10-19 14:10:00,0.4483865469015572,2.1188625106938477
price,2010-12-13 13:38:00,0.43109205632522407,2.1186904470426606
price,2010-12-13 13:20:00,0.4233555130542589,2.1185032213866024
gross_return,2010-07-06 11:48:00,0.21632535845017556,2.1183513738928883
dollar_volume,2010-01-26 13:01:00,0.02189420341543933,-2.118225032385364
price,2010-03-08 12:04:00,0.415651111403287,2.1182111805830077
gross_return,2010-04-15 10:39:00,0.3404398479030595,2.1181557285628525
gross_return,2010-05-17 12:07:00,0.20131608788072627,2.11814707530498
gross_return,2010-12-06 15:35:00,0.28824228118220546,2.118122677020589
gross_return,2010-11-05 14:19:00,0.3228399086541157,2.1181178149514897
gross_return,2010-03-26 12:24:00,0.28318606246404554,2.118073315936447
gross_return,2010-06-23 10:53:00,0.24356978852178304,2.1179326888995904
dollar_volume,2010-03-23 12:26:00,0.18384648306361603,2.117851870869869
dollar_volume,2010-05-26 15:39:00,0.15524275405257595,2.1178247297993806
dollar_volume,2010-05-07 12:53:00,0.17482516983917054,2.117665107902919
dollar_volume,2010-09-13 11:36:00,0.17338614667540536,2.117639010653864
gross_return,2010-11-03 14:35:00,0.31842302553873747,2.117353457680255
dollar_volume,2010-06-04 12:52:00,0.1814673595655123,2.1172456560663697
dollar_volume,2010-01-07 15:53:00,0.19956819601764839,2.1171593019632082
dollar_volume,2010-08-10 14:47:00,0.18061661031649628,2.1168720323352677
gross_return,2010-03-05 13:59:00,0.3408346177184747,2.1167907144352354
dollar_volume,2010-07-29 13:43:00,0.1920063226236215,2.1167553169395483
price,2010-05-28 14:57:00,0.3821121157665473,2.1167551839426713
gross_return,2010-08-20 13:44:00,0.2664889479689203,2.1167394996727897
gross_return,2010-06-16 14:25:00,0.21201590191412778,2.1165180707757405
price,2010-02-25 14:20:00,0.5102726467484219,2.1164536626520216
dollar_volume,2010-03-19 13:06:00,0.17689940665579112,2.1164210614356325
dollar_volume,2010-08-24 12:12:00,0.1743947140015711,2.116382013284939
dollar_volume,2010-07-16 15:28:00,0.16844676512182852,2.116178715918866
dollar_volume,2010-02-22 13:49:00,0.17671275577339535,2.116142079345184
price,2010-02-11 11:37:00,0.4376819395660142,2.116001256432342
gross_return,2010-08-10 12:19:00,0.02754783907291246,-2.1159700022222228
price,2010-12-15 13:21:00,0.48464153705982294,2.1158737441453885
dollar_volume,2010-06-16 10:58:00,0.19294324886879097,2.115851845606501
gross_return,2010-09-13 12:27:00,0.26587531389996144,2.11564152632845
price,2010-01-08 10:38:00,0.5894241581014769,2.115538942271512
price,2010-03-10 15:37:00,0.4418416852128087,2.1154563035610425
price,2010-03-26 12:34:00,0.48329549272638167,2.115423729097788
dollar_volume,2010-10-25 10:47:00,0.17187979251417662,2.1152908010643703
price,2010-04-26 15:28:00,0.4801565005988322,2.115281869850529
gross_return,2010-07-21 13:32:00,0.23814134703488224,2.115087666067532
dollar_volume,2010-03-29 14:18:00,0.19588524718613393,2.11489485824795
gross_return,2010-06-08 13:39:00,0.21363784886711007,2.114828984878854
price,2010-11-22 15:30:00,0.48599157969361306,2.1146603040256893
gross_return,2010-07-12 12:55:00,0.23869837454075618,2.114624789481902
dollar_volume,2010-06-10 15:34:00,0.18149655233052786,2.1145491327379946
gross_return,2010-12-17 14:36:00,0.46627273074557707,2.1145086708824614
gross_return,2010-10-22 13:38:00,0.2592129897424132,2.114381038152451
price,2010-06-14 13:21:00,0.3659473184610586,2.1143508637573056
dollar_volume,2010-01-28 12:36:00,0.18579120590173087,2.1142173460787808
dollar_volume,2010-05-12 13:00:00,0.19552133901225477,2.1140575531760906
price,2010-11-24 13:40:00,0.47201234260034863,2.113984563057284
price,2010-07-09 15:15:00,0.3849128657684517,2.1139370921249188
price,2010-08-27 11:41:00,0.4423010197919666,2.1138346283665737
dollar_volume,2010-09-08 11:55:00,0.02559310974183704,-2.1138338122040445
dollar_volume,2010-10-12 14:31:00,0.1672303482428477,2.1138116612451343
price,2010-07-14 13:02:00,0.3968436862077436,2.113766191668493
price,2010-09-20 15:01:00,0.42859429416064665,2.11375252302888
gross_return,2010-11-18 14:01:00,0.2686646120376786,2.1136465677088476
dollar_volume,2010-10-19 11:50:00,0.1738225280613838,2.1136126780790625
dollar_volume,2010-09-03 13:03:00,0.1910212247510249,2.113567894877682
dollar_volume,2010-01-13 14:10:00,0.18428581932114496,2.1135416411594115
gross_return,2010-06-16 14:26:00,0.2120321786769266,2.113506063837424
dollar_volume,2010-02-05 13:02:00,0.18301359149585572,2.1134208964150214
gross_return,2010-08-20 13:45:00,0.2664889479689203,2.1134206221323066
price,2010-07-14 13:06:00,0.3979034660493974,2.113372453708586
dollar_volume,2010-02-12 12:00:00,0.02071745985723781,-2.1133642164554027
dollar_volume,2010-11-08 13:52:00,0.17633456295398375,2.1132796347929887
dollar_volume,2010-12-14 14:40:00,0.19917611063163781,2.112862677215243
price,2010-10-07 14:42:00,0.48720422029564353,2.1128056524536483
dollar_volume,2010-10-27 15:54:00,0.17001704990469463,2.1127118711889628
dollar_volume,2010-02-22 14:17:00,0.17920970976621042,2.1126018906436888
dollar_volume,2010-05-24 12:50:00,0.0207282422188935,-2.1125984333040586
dollar_volume,2010-03-10 12:53:00,0.17742419216908767,2.1125749326307157
price,2010-11-24 13:36:00,0.4698476382363628,2.1125427652757773
dollar_volume,2010-11-22 13:55:00,0.1889288489216598,2.11252867210191
price,2010-04-21 14:30:00,0.4936254840637514,2.1122202506595227
price,2010-03-08 11:52:00,0.4112033493481941,2.112141980784364
gross_return,2010-03-02 14:13:00,0.28894736791526004,2.1121298936203248
price,2010-12-28 14:12:00,0.6904648376516187,2.1120404052989192
dollar_volume,2010-03-03 10:54:00,0.19779953555936425,2.1117973127573006
dollar_volume,2010-10-28 11:59:00,0.1724973866079071,2.1117190011613935
gross_return,2010-02-05 10:49:00,0.24208360553394426,2.1116704202243084
price,2010-03-26 12:28:00,0.47984205234736893,2.111439067777781
price,2010-12-22 12:25:00,0.6903078416540895,2.111421489671753
dollar_volume,2010-04-21 10:35:00,0.1876087282299256,2.1113532760191887
dollar_volume,2010-06-04 12:53:00,0.18128435141000482,2.1112195736821233
price,2010-06-02 14:57:00,0.42080417187536057,2.1111769623994956
dollar_volume,2010-04-12 15:43:00,0.1989492871456988,2.1110484939298257
dollar_volume,2010-08-23 13:25:00,0.17663841237795866,2.111041047279598
dollar_volume,2010-01-13 14:11:00,0.18432269418661296,2.111011434183306
dollar_volume,2010-04-22 15:45:00,0.19218886325687948,2.11083110133704
price,2010-09-03 14:01:00,0.524425151155234,2.1108260757601633
gross_return,2010-08-20 10:44:00,0.011788457275524201,-2.110818046977989
price,2010-02-12 12:18:00,0.4768911088770469,2.1107774584627816
price,2010-04-26 15:25:00,0.47832705644529444,2.1106936611201736
dollar_volume,2010-01-20 15:15:00,0.17199397428065594,2.1106751970326494
price,2010-05-13 15:07:00,0.3428744427651304,2.1106699767075345
dollar_volume,2010-08-09 15:08:00,0.17480570704705584,2.110640524516086
gross_return,2010-10-22 15:23:00,0.29259059222969497,2.1105500309847485
dollar_volume,2010-07-15 11:40:00,0.16800073117793465,2.110462010601563
price,2010-08-27 11:47:00,0.4429652497221585,2.110373983329505
price,2010-03-19 15:59:00,0.47878654570817347,2.1103541890916646
gross_return,2010-12-22 13:52:00,0.5722300492460699,2.1103334166801906
price,2010-04-23 13:10:00,0.48757153283141563,2.1102499530092427
gross_return,2010-06-16 14:27:00,0.2120321786769266,2.1101189156915408
dollar_volume,2010-08-26 15:54:00,0.17658597006849847,2.1100575394822365
price,2010-12-14 13:33:00,0.4319258331742661,2.1100084367762606
price,2010-12-30 15:37:00,0.6697023028577004,2.1097703481341155
gross_return,2010-10-22 15:24:00,0.29275332311977,2.1096690029340786
price,2010-08-06 15:32:00,0.4941793499259137,2.1096046610643935
dollar_volume,2010-10-14 12:45:00,0.014519452746213315,-2.1094030241790342
dollar_volume,2010-08-09 15:05:00,0.174370483093788,2.1093418242083932
price,2010-01-29 13:55:00,0.417929440698281,2.1092744452879284
dollar_volume,2010-05-25 11:29:00,0.16055654227711103,2.109260112809699
gross_return,2010-09-13 12:28:00,0.2656879624798231,2.1090033158598795
price,2010-12-15 11:32:00,0.4532213192145294,2.108936719825687
dollar_volume,2010-07-28 11:59:00,0.18921792046085992,2.108862480708423
price,2010-08-27 11:46:00,0.4424128691921121,2.1088486868121685
gross_return,2010-05-05 15:18:00,0.23998832215417962,2.108646748628049
dollar_volume,2010-05-10 12:36:00,0.1839124396453869,2.108621490554508
gross_return,2010-11-18 14:26:00,0.2747728348701217,2.1085145725505194
price,2010-08-03 11:17:00,0.4791065508441341,2.1085123078508303
gross_return,2010-12-07 11:14:00,0.29302603032510965,2.108502949769963
price,2010-12-28 14:07:00,0.6868507981375577,2.1083536655255934
price,2010-07-30 15:25:00,0.433767654595835,2.1082607337625126
dollar_volume,2010-06-22 16:00:00,0.18353682372730168,2.1082410058911645
price,2010-11-11 14:20:00,0.43295268525845637,2.108179940922139
price,2010-08-30 12:49:00,0.45238760460349703,2.1081700523057783
price,2010-03-31 14:53:00,0.4864429035751304,2.1078683911610825
price,2010-04-23 15:06:00,0.4916738944605241,2.107855909776074
dollar_volume,2010-09-13 11:41:00,0.17350752129668312,2.1077785496707464
price,2010-07-20 13:57:00,0.4060985442490889,2.107712456381902
gross_return,2010-04-05 13:30:00,0.27561940781979805,2.1077043403776963
gross_return,2010-11-18 14:27:00,0.27495612670861574,2.107623808536983
price,2010-12-28 14:10:00,0.6884791287904306,2.107560298064789
gross_return,2010-02-24 12:25:00,0.2988418834252566,2.107524852615733
price,2010-01-14 14:13:00,0.5497424372160349,2.107486753284699
dollar_volume,2010-09-09 13:41:00,0.1800541375770991,2.1074823267665983
dollar_volume,2010-02-05 13:03:00,0.18291191192420234,2.1074284714956595
price,2010-09-03 13:07:00,0.51746590425762,2.1073994866992787
price,2010-07-13 15:37:00,0.39697449439689453,2.107385797115254
gross_return,2010-06-29 10:29:00,0.24218915289084794,2.1073537557187336
price,2010-04-21 15:54:00,0.467109694703667,2.1071545604045654
dollar_volume,2010-03-03 10:52:00,0.19729441401157713,2.107107029671371
dollar_volume,2010-09-28 13:37:00,0.2157117614889374,2.106986017371777
gross_return,2010-03-02 10:40:00,0.27405747520143964,2.106982332575617
price,2010-01-21 11:14:00,0.5940944449108458,2.1069639424271234
gross_return,2010-06-17 10:52:00,0.22026083461374066,2.1069510969780603
dollar_volume,2010-05-12 13:09:00,0.1958850541102624,2.1069247668580413
price,2010-09-14 15:05:00,0.4025559025645807,2.1068976064135856
price,2010-06-23 10:40:00,0.39111003795798693,2.1068436817250706
price,2010-03-08 12:03:00,0.41422901382351096,2.1068418677010627
price,2010-12-16 13:09:00,0.5110179388120657,2.106836231956801
dollar_volume,2010-04-28 12:45:00,0.17927750091037664,2.1067379908558994
dollar_volume,2010-11-02 14:57:00,0.017629301924185315,-2.106659855216826
price,2010-03-22 13:21:00,0.4867560190040967,2.1066343316898273
price,2010-07-12 12:20:00,0.3889472000681947,2.106553624610247
dollar_volume,2010-04-26 15:22:00,0.018971528928183976,-2.106482939377936
dollar_volume,2010-06-22 11:02:00,0.17995923986695303,2.1064465937355163
gross_return,2010-12-09 10:39:00,0.2999155029899918,2.106412144809541
price,2010-12-13 13:43:00,0.43166781341076044,2.106387190958549
price,2010-06-22 15:11:00,0.3802056198117576,2.1063831430030997
dollar_volume,2010-06-22 13:45:00,0.182968629007614,2.106108074077302
dollar_volume,2010-12-17 11:41:00,0.21158830469408713,2.105890163310329
gross_return,2010-05-17 12:28:00,0.2036837901543631,2.105798345541456
gross_return,2010-03-16 12:56:00,0.3385292270489786,2.105631915047361
dollar_volume,2010-03-24 15:46:00,0.18701991204574514,2.105620708998438
dollar_volume,2010-08-27 12:38:00,0.1837670624223423,2.1055072366941467
gross_return,2010-08-24 13:28:00,0.27943170162540626,2.105436239901054
dollar_volume,2010-08-23 15:27:00,0.17982223940874173,2.1052132321140147
gross_return,2010-03-16 12:48:00,0.3375845645612948,2.105086798232656
gross_return,2010-08-23 15:14:00,0.2821036243214419,2.1050727225581918
dollar_volume,2010-11-02 14:58:00,0.017564988054382454,-2.105063970382221
dollar_volume,2010-02-05 14:37:00,0.18808788348892952,2.1050368536494033
gross_return,2010-12-09 11:12:00,0.3010326545937052,2.1050197060108644
price,2010-05-12 10:50:00,0.3257461743177393,2.1048745416099024
dollar_volume,2010-03-15 11:54:00,0.17598198170802776,2.104846739611397
dollar_volume,2010-02-16 13:04:00,0.018674926323431318,-2.1047964105162933
gross_return,2010-03-16 12:59:00,0.33856374115781623,2.1047943211031104
gross_return,2010-11-15 13:51:00,0.2755418152390452,2.104778507089473
gross_return,2010-07-26 13:35:00,0.23283059919169272,2.1047255775067106
price,2010-08-03 11:18:00,0.47903499966490126,2.1044938087014873
dollar_volume,2010-11-22 12:21:00,0.18454100368580573,2.1044099830344347
gross_return,2010-06-04 11:14:00,0.22356811923186967,2.1043897730492693
gross_return,2010-05-12 15:58:00,0.25662183053067605,2.1043722233742557
dollar_volume,2010-02-19 14:38:00,0.1742835497109427,2.1043419062372246
dollar_volume,2010-04-29 11:48:00,0.17836007134054851,2.104221414507775
dollar_volume,2010-12-06 13:26:00,0.1666119550663994,2.1041914142977656
gross_return,2010-03-16 13:00:00,0.33856374115781623,2.1041841934988823
dollar_volume,2010-11-15 12:01:00,0.018954143278514458,-2.104142643843316
price,2010-01-08 10:37:00,0.5871721173904405,2.104030583326744
dollar_volume,2010-03-26 13:05:00,0.1841372488127686,2.1038733142851314
price,2010-12-13 13:44:00,0.431749980261231,2.1037899580093273
dollar_volume,2010-07-13 11:45:00,0.17171332183413013,2.1035622460049046
gross_return,2010-08-20 10:47:00,0.011753231043718757,-2.1035605669417494
price,2010-02-02 10:56:00,0.40739689076400476,2.103471153840758
dollar_volume,2010-05-25 12:07:00,0.16251187584002216,2.103426515528082
dollar_volume,2010-09-22 12:35:00,0.20074498279775704,2.1034233199140933
dollar_volume,2010-08-04 12:32:00,0.18613857386670948,2.103356412592827
dollar_volume,2010-11-11 14:17:00,0.17777142474944418,2.103335517950883
gross_return,2010-08-20 10:46:00,0.011941080360891742,-2.103225564541074
gross_return,2010-03-16 12:49:00,0.3375845645612948,2.103044165307431
price,2010-01-14 14:14:00,0.5495268221531904,2.102950265425808
gross_return,2010-12-22 13:17:00,0.5709470553639882,2.10292727497772
dollar_volume,2010-08-05 15:10:00,0.18498814254726376,2.1029036754124464
dollar_volume,2010-08-27 14:42:00,0.18842669136589507,2.1027958497869905
price,2010-08-19 10:33:00,0.4444642783307473,2.102706019341655
gross_return,2010-03-05 13:39:00,0.33507043553444077,2.1026976802793422
gross_return,2010-12-22 14:07:00,0.5779767951919579,2.1026700134208625
price,2010-08-06 14:56:00,0.46675485574371867,2.1026601293792657
dollar_volume,2010-07-29 13:32:00,0.19103931340311128,2.1026552921856996
price,2010-04-07 13:07:00,0.5067320246465205,2.102627491737788
price,2010-10-18 14:54:00,0.43397178582307666,2.102610791535081
dollar_volume,2010-05-11 13:29:00,0.19357809642198162,2.1025527109013926
dollar_volume,2010-02-12 11:53:00,0.022036459365343913,-2.1025000758996066
dollar_volume,2010-05-26 15:38:00,0.15466377463969602,2.102450545148289
price,2010-11-19 14:00:00,0.3863203686466764,2.1024086237409008
gross_return,2010-11-17 14:11:00,0.24709676276909504,2.1023434103656684
price,2010-07-20 13:53:00,0.40390702115538035,2.1020623555223605
price,2010-02-18 14:41:00,0.49498994511956207,2.102061767448441
dollar_volume,2010-03-12 12:20:00,0.1768386601103686,2.1020174082145298
price,2010-02-08 13:35:00,0.435236515394757,2.101995811561884
gross_return,2010-03-15 13:43:00,0.33357438269171136,2.1019331872687657
dollar_volume,2010-03-22 15:31:00,0.1753483471924519,2.10183399408449
dollar_volume,2010-07-28 11:56:00,0.18844359075332023,2.1018193850799887
dollar_volume,2010-09-16 15:45:00,0.1795810977517879,2.1017957281812008
dollar_volume,2010-11-11 14:23:00,0.17764298236088644,2.101793102783757
price,2010-05-13 15:04:00,0.3412557087689066,2.101733078294431
price,2010-03-17 15:11:00,0.5181215122909502,2.1016559621221593
gross_return,2010-03-16 13:03:00,0.3384659923607807,2.1016376465525894
gross_return,2010-06-15 13:08:00,0.2137558868909199,2.10151947247857
dollar_volume,2010-06-30 15:16:00,0.17488794999215512,2.1014916880999235
price,2010-10-18 14:45:00,0.4320716899564453,2.1014853409980176
gross_return,2010-07-23 14:16:00,0.22881189708479774,2.101466684842694
gross_return,2010-03-05 11:04:00,0.27633294852533724,2.101414618335358
gross_return,2010-12-22 13:18:00,0.5709470553639893,2.1014138581425317
dollar_volume,2010-02-16 13:05:00,0.018675221894921434,-2.101412238536871
gross_return,2010-12-09 11:13:00,0.3010304083186976,2.1014083492665083
dollar_volume,2010-05-25 12:35:00,0.16388523069932576,2.101406888452428
dollar_volume,2010-08-23 15:26:00,0.17952949344237512,2.1012077873248685
price,2010-04-07 13:28:00,0.5233644126343535,2.101183341799075
price,2010-07-26 15:06:00,0.45086278761005133,2.1011420222821156
gross_return,2010-07-26 13:36:00,0.23282881442845518,2.1011086953897227
price,2010-02-09 12:11:00,0.4413797171949804,2.101010138892663
gross_return,2010-06-02 11:11:00,0.21716809086321526,2.101005302369673
gross_return,2010-07-09 14:25:00,0.22666007056034937,2.100823073944303
price,2010-06-08 15:54:00,0.38098296980933377,2.1007533035090207
dollar_volume,2010-05-11 13:38:00,0.19526390204603983,2.1006631409621295
gross_return,2010-12-09 10:35:00,0.2985794342589448,2.100477140493135
dollar_volume,2010-04-30 13:51:00,0.022305499089007808,-2.100253486548499
price,2010-07-15 15:38:00,0.40749139811311735,2.1002174594153096
dollar_volume,2010-04-08 10:38:00,0.20076284334042438,2.100189341138
price,2010-05-18 12:22:00,0.3903945190455594,2.1001791667924117
price,2010-11-01 15:44:00,0.3930055759611014,2.100149912393667
price,2010-01-07 11:35:00,0.6069366422215301,2.1001432038423644
gross_return,2010-02-16 15:39:00,0.3034143994213081,2.100127404236422
gross_return,2010-02-16 15:56:00,0.3124498083311743,2.1000091210792338
dollar_volume,2010-08-27 12:48:00,0.18476125139093144,2.0999226427066073
dollar_volume,2010-04-07 14:05:00,0.19939097347023016,2.0998450656686694
dollar_volume,2010-11-18 12:38:00,0.011686306219325041,-2.099704564656682
gross_return,2010-10-21 14:51:00,0.2621283044062844,2.099684376168213
price,2010-03-16 11:35:00,0.49256875104679543,2.099358189213824
price,2010-02-04 15:00:00,0.40521671016197036,2.0991750860658973
dollar_volume,2010-06-29 12:39:00,0.1819782394267562,2.0991594747525
dollar_volume,2010-12-28 12:41:00,0.1860190159195853,2.099052919204464
dollar_volume,2010-02-12 11:58:00,0.0214904483223525,-2.0990301091035595
dollar_volume,2010-10-07 10:55:00,0.1650206995256141,2.0990152684636483
dollar_volume,2010-04-07 14:06:00,0.19942694112883222,2.098990988011278
dollar_volume,2010-03-09 14:19:00,0.18158698801837986,2.098977566667039
price,2010-07-20 14:20:00,0.4174711840819655,2.0988582106625118
price,2010-08-26 14:19:00,0.4343973145090987,2.098816608117685
price,2010-12-28 14:08:00,0.6857067052030426,2.0986616080761715
gross_return,2010-12-07 11:13:00,0.2920720694182967,2.098564809239103
gross_return,2010-07-02 14:00:00,0.21183070972198242,2.098445928085714
dollar_volume,2010-05-28 12:10:00,0.15814300170414958,2.0984340028406554
gross_return,2010-08-20 14:08:00,0.2698720120914098,2.0983786276845287
price,2010-09-14 15:07:00,0.40234972009839914,2.0983387650103738
gross_return,2010-05-17 15:16:00,0.20848827965078634,2.098255297258592
price,2010-09-13 15:03:00,0.44556865653275707,2.0982137907403486
dollar_volume,2010-04-21 10:36:00,0.18720105972533796,2.098210570282709
dollar_volume,2010-05-03 15:05:00,0.19130642670459347,2.0980353001388927
price,2010-08-19 10:37:00,0.4456989076736365,2.0979921594874775
dollar_volume,2010-06-17 12:50:00,0.19166521770027892,2.0979827290847015
dollar_volume,2010-10-11 15:16:00,0.15456955132155614,2.0979278556233116
gross_return,2010-03-05 11:05:00,0.2763329485253373,2.0978440907953426
gross_return,2010-11-03 10:53:00,0.29932716464127473,2.097766979173547
dollar_volume,2010-11-03 13:10:00,0.1646094146448969,2.0973901762957206
price,2010-06-01 14:10:00,0.4054071933535079,2.0973458257272637
price,2010-12-15 11:30:00,0.45112534683571354,2.0973227075655205
price,2010-03-10 15:38:00,0.44031081996527893,2.097311430917588
dollar_volume,2010-07-02 12:26:00,0.16102724198815094,2.097295445860862
gross_return,2010-10-29 13:12:00,0.2963802584980539,2.097153900350933
dollar_volume,2010-06-14 10:53:00,0.1858051102289729,2.0971196205274705
gross_return,2010-03-16 12:52:00,0.33747235174077755,2.0970645647819053
gross_return,2010-12-22 13:46:00,0.5677342383479147,2.097060279496043
price,2010-05-12 12:49:00,0.3339636924885975,2.0969933205946534
dollar_volume,2010-07-21 14:14:00,0.17985874445710387,2.0967696356272922
price,2010-01-13 11:38:00,0.48970578870642,2.096706504820157
price,2010-11-05 15:59:00,0.4240417469954817,2.0966871677383785
price,2010-06-01 10:38:00,0.38700429416886567,2.0966712779740178
price,2010-11-11 14:21:00,0.43207728393784717,2.0966507250309325
gross_return,2010-07-09 10:59:00,0.22333000648499296,2.0965267877824605
price,2010-04-16 14:39:00,0.5031283443901938,2.0963480571386772
dollar_volume,2010-03-23 12:41:00,0.18438916961794155,2.096271814350658
dollar_volume,2010-03-26 14:10:00,0.19185400794086394,2.0961352957155843
gross_return,2010-03-02 10:41:00,0.27361798302717905,2.095959790659434
gross_return,2010-10-21 14:50:00,0.261746331779288,2.09586825219383
dollar_volume,2010-05-03 15:07:00,0.19154646795879648,2.0958400786318303
price,2010-03-11 15:16:00,0.4446645636880919,2.0958293009531523
gross_return,2010-03-02 11:06:00,0.27594458108820324,2.0958272500731616
dollar_volume,2010-02-22 14:00:00,0.17691366708742817,2.0958213777934094
price,2010-02-02 13:00:00,0.42296117747155304,2.0957864968536057
price,2010-03-08 13:42:00,0.4247993039145863,2.0957679108664977
gross_return,2010-03-01 10:35:00,0.03399313172239563,-2.095694625253723
dollar_volume,2010-11-24 14:55:00,0.1861051825310213,2.095647413593482
dollar_volume,2010-08-27 12:49:00,0.18471276726198446,2.0955499129243345
dollar_volume,2010-08-24 11:24:00,0.169743111586307,2.095510304094086
gross_return,2010-12-22 13:47:00,0.5677342383479251,2.0954311696911
dollar_volume,2010-10-25 10:45:00,0.17091405335755075,2.0951470040709785
gross_return,2010-09-10 11:03:00,0.3082551052659324,2.0950334735698704
gross_return,2010-02-16 15:37:00,0.30250405819956055,2.095016846021575
price,2010-02-04 15:27:00,0.40652465385078784,2.094845657683343
price,2010-08-03 11:20:00,0.47870690119278075,2.094774691903514
gross_return,2010-12-13 14:16:00,0.35681930932494416,2.094653385854045
price,2010-12-07 15:22:00,0.49414459664789234,2.094442233742626
dollar_volume,2010-02-03 15:30:00,0.18900783203401023,2.0943833926593163
gross_return,2010-09-01 13:04:00,0.2507166170647062,2.0943494770804345
price,2010-03-08 11:51:00,0.40915401703555354,2.09412560148867
dollar_volume,2010-01-07 15:41:00,0.19546284626780358,2.094054579892766
dollar_volume,2010-08-05 15:30:00,0.18820745868505886,2.094005653829706
gross_return,2010-09-13 14:28:00,0.028245625092972834,-2.0939428683680665
gross_return,2010-04-23 15:17:00,0.2678587698345113,2.093828401759656
dollar_volume,2010-06-22 11:19:00,0.18231176297601256,2.093785052720961
dollar_volume,2010-09-28 13:10:00,0.20994503527473035,2.0935413991686556
dollar_volume,2010-08-27 10:58:00,0.1780251092743197,2.0935190990878647
gross_return,2010-12-06 11:51:00,0.2666837489961067,2.0934095587280583
dollar_volume,2010-10-28 13:08:00,0.17274782471954211,2.0933648383284242
gross_return,2010-11-02 11:35:00,0.29397207738019504,2.093358548577148
gross_return,2010-11-18 14:28:00,0.27422377513687735,2.093272742336333
price,2010-11-03 14:21:00,0.4113414491788547,2.0930887703455423
price,2010-06-02 15:05:00,0.42142978330508046,2.0929219516219697
gross_return,2010-12-31 12:23:00,0.84685039173233,2.0928527236954615
gross_return,2010-03-16 13:24:00,0.3404757984007012,2.092684374377055
dollar_volume,2010-03-09 14:18:00,0.1812059327413035,2.0925612669708684
gross_return,2010-12-21 15:12:00,0.5469307373872637,2.0924609765047273
gross_return,2010-12-13 14:15:00,0.356285922383379,2.092424371972113
price,2010-04-16 14:20:00,0.49743967054675164,2.092420914266188
gross_return,2010-07-21 13:35:00,0.23748343334441413,2.0924009829724586
gross_return,2010-12-21 12:43:00,0.49588719426238254,2.0923961126100936
gross_return,2010-06-23 10:35:00,0.23879534265305694,2.0923473948524802
dollar_volume,2010-02-22 13:48:00,0.17559946690710118,2.092021934386358
price,2010-07-13 11:56:00,0.3861789939551286,2.0919911505563
dollar_volume,2010-07-16 13:28:00,0.1659475157646661,2.091621228324887
dollar_volume,2010-10-25 10:46:00,0.17091024376951877,2.0916191800197637
gross_return,2010-07-09 14:41:00,0.22933971467635914,2.091420670169284
dollar_volume,2010-08-10 14:44:00,0.17910193571246222,2.0914058991863347
gross_return,2010-06-29 10:35:00,0.242682153372055,2.0913997337667336
gross_return,2010-06-21 13:31:00,0.23016905081739877,2.091359833637885
dollar_volume,2010-11-02 11:19:00,0.1554054218880105,2.091359768090739
price,2010-10-18 14:48:00,0.43189036006371245,2.0911164228586214
dollar_volume,2010-05-28 11:54:00,0.1566039551615697,2.091110307610982
gross_return,2010-09-14 13:27:00,0.28596666293036543,2.091103999850416
gross_return,2010-10-25 12:24:00,0.2953196043647934,2.090906166508527
dollar_volume,2010-11-16 13:30:00,0.18341694047595886,2.0907771278764353
price,2010-03-30 12:25:00,0.49801689278703765,2.0907508011386873
price,2010-07-21 14:16:00,0.4088524220410388,2.0907492555871596
gross_return,2010-03-16 13:15:00,0.33913123287407965,2.090740566084496
price,2010-02-02 13:06:00,0.4249376193469002,2.0907011078311526
price,2010-12-20 14:39:00,0.5951496134867644,2.0906329391553853
gross_return,2010-01-07 15:01:00,0.502249900429472,2.0906134897452224
dollar_volume,2010-04-20 11:58:00,0.18740161059692445,2.0904084218782817
gross_return,2010-05-17 12:22:00,0.20222357421361717,2.0903686711111162
gross_return,2010-03-17 14:50:00,0.3472033642779755,2.0902034049869624
dollar_volume,2010-08-13 12:58:00,0.1774968952381704,2.0900883345268166
gross_return,2010-09-07 11:02:00,0.3070525928561589,2.0899574704431805
dollar_volume,2010-11-23 15:21:00,0.18341783635706793,2.0899298081840123
price,2010-07-13 15:38:00,0.3955055640808525,2.0899171064648097
dollar_volume,2010-06-04 13:17:00,0.1822038704806039,2.089855696695131
dollar_volume,2010-08-09 12:09:00,0.17657384625378886,2.0896874870434297
dollar_volume,2010-04-12 13:45:00,0.1974904610206672,2.089633012684201
dollar_volume,2010-08-19 15:53:00,0.18360498562114916,2.0895448774128975
gross_return,2010-04-15 10:37:00,0.33747853602737055,2.089418573417298
dollar_volume,2010-04-12 13:51:00,0.1984191600496355,2.0893910086650016
gross_return,2010-10-22 13:35:00,0.2572243580317598,2.0893829629389513
gross_return,2010-12-31 12:24:00,0.8468503917323302,2.0893130376694926
gross_return,2010-09-14 13:26:00,0.2856298975521071,2.089241876633008
dollar_volume,2010-01-07 15:40:00,0.195083170966342,2.089114129882508
dollar_volume,2010-03-23 12:24:00,0.18239062358562136,2.0891051155735805
dollar_volume,2010-09-01 14:34:00,0.019425729887662203,-2.089089906548123
dollar_volume,2010-09-07 15:50:00,0.17502309822243714,2.089024824581468
price,2010-05-13 15:03:00,0.3398656897715981,2.0888774953298235
gross_return,2010-12-10 13:53:00,0.2850830526789194,2.088831535144426
price,2010-08-02 11:56:00,0.4757414147936921,2.0888250546430975
price,2010-08-18 13:30:00,0.44049964187914903,2.0887320376451277
gross_return,2010-09-20 12:40:00,0.3006072563926267,2.0885025836034252
price,2010-03-16 11:33:00,0.4904649360504127,2.0883395907784386
price,2010-08-25 14:55:00,0.4193265211695295,2.088324220433687
price,2010-02-18 14:42:00,0.4936091976881186,2.088258876770497
dollar_volume,2010-04-12 15:59:00,0.20149814033713448,2.0881143287067387
price,2010-02-02 15:30:00,0.43518070655079516,2.0880890468152624
dollar_volume,2010-10-22 12:32:00,0.16535607673096678,2.08801809946745
gross_return,2010-07-09 14:42:00,0.22934032683016842,2.0879410729744965
price,2010-09-13 15:05:00,0.44511418682516884,2.0876946838629507
dollar_volume,2010-11-02 12:04:00,0.157953930044856,2.0876912343126026
price,2010-10-27 15:19:00,0.45701993409565594,2.08760303588861
gross_return,2010-03-26 12:22:00,0.28074254615536454,2.0875694817676798
gross_return,2010-04-01 13:33:00,0.2619370885815245,2.0875547271666193
dollar_volume,2010-08-05 15:08:00,0.1840700115478452,2.087500341604282
price,2010-10-05 11:49:00,0.46852794254912034,2.0873597415225262
gross_return,2010-09-07 11:05:00,0.30753270939806304,2.0870620584180184
gross_return,2010-12-13 15:14:00,0.36305631453746817,2.0870516662377825
dollar_volume,2010-06-29 12:41:00,0.1817697987213517,2.087033931076719
gross_return,2010-10-22 13:42:00,0.2584066113139216,2.086947700934645
price,2010-12-07 15:21:00,0.49260744133983414,2.0869031205721433
gross_return,2010-03-16 13:08:00,0.3371069439536554,2.0867369595572187
price,2010-05-13 15:47:00,0.34674609791959476,2.0865528511445817
gross_return,2010-03-16 13:31:00,0.3409358765349301,2.0864932135784655
price,2010-06-11 10:42:00,0.35540293476895846,2.086484810941961
price,2010-12-15 12:05:00,0.4620147993621108,2.0864502714468456
dollar_volume,2010-04-30 13:54:00,0.02246469664877218,-2.086442591432893
dollar_volume,2010-12-08 11:44:00,0.18024845292154162,2.0864000796002653
price,2010-10-07 13:48:00,0.46133669148031564,2.0863616492410015
gross_return,2010-12-23 13:50:00,0.6235096086001088,2.0862681813094714
price,2010-04-08 12:18:00,0.5134869735604302,2.086236872434118
price,2010-03-16 11:34:00,0.4905455087168537,2.086048878731751
gross_return,2010-10-25 12:25:00,0.2952110591499592,2.085879615995849
gross_return,2010-10-25 12:23:00,0.29473202875556076,2.0858392202979466
price,2010-05-13 15:46:00,0.34637919239615433,2.0858252441920535
gross_return,2010-12-31 12:25:00,0.8468503917323302,2.0857875542553974
price,2010-09-17 10:31:00,0.4100964803936172,2.0855383297248875
dollar_volume,2010-11-02 11:20:00,0.15532652868903768,2.0854636398358832
dollar_volume,2010-05-11 13:39:00,0.1947271058633723,2.085439100018454
dollar_volume,2010-09-15 11:36:00,0.17744931756965124,2.0853801036489505
gross_return,2010-07-21 12:04:00,0.24071120721698547,2.0850636610991056
dollar_volume,2010-07-29 13:44:00,0.19071533521326917,2.085015216614971
gross_return,2010-12-31 12:35:00,0.8540458229954363,2.0848906279246977
dollar_volume,2010-06-04 13:18:00,0.18212455727189195,2.084835459478771
gross_return,2010-06-07 13:16:00,0.2204463403081748,2.084821703214425
dollar_volume,2010-12-29 15:05:00,0.195190182398978,2.084750980890525
price,2010-07-15 10:34:00,0.42472048145621494,2.084719645387699
dollar_volume,2010-04-16 11:55:00,0.17178252165399352,2.084671635516569
gross_return,2010-11-18 14:18:00,0.27170347243665927,2.0846376403085194
gross_return,2010-04-01 13:39:00,0.26306629008596094,2.0845632053388217
price,2010-10-07 14:14:00,0.4736960365371251,2.084377272545848
gross_return,2010-12-31 12:20:00,0.8431447287618656,2.08422387782492
price,2010-03-23 15:14:00,0.4807369679470264,2.0842073009886675
dollar_volume,2010-02-22 14:59:00,0.1851096898465443,2.084161147200758
dollar_volume,2010-11-11 14:22:00,0.17704505373104396,2.0841184566720985
dollar_volume,2010-11-12 15:08:00,0.1783344203375803,2.084060615802287
gross_return,2010-07-23 13:51:00,0.22645719020999266,2.0837728163948674
price,2010-08-31 14:27:00,0.4512311166426958,2.083743289408454
dollar_volume,2010-02-16 13:08:00,0.018930456309436988,-2.0836379971099825
price,2010-03-15 15:08:00,0.47964993615431184,2.083616898533107
price,2010-06-11 10:32:00,0.3520468305456716,2.083600678973071
gross_return,2010-12-13 15:15:00,0.3630464471698758,2.0834736131990588
gross_return,2010-10-22 13:43:00,0.2584065643970605,2.0834542831352088
price,2010-06-10 12:01:00,0.357061160443938,2.0833601049352835
dollar_volume,2010-07-13 15:56:00,0.1771854895323262,2.0832329553486746
gross_return,2010-10-11 13:24:00,0.27867038660012844,2.083178589547465
gross_return,2010-09-14 11:49:00,0.27189346805025144,2.0831668576802036
dollar_volume,2010-12-06 13:31:00,0.16649055543306654,2.08315403641917
price,2010-11-22 10:46:00,0.3975117513564619,2.083099291659853
price,2010-08-18 13:20:00,0.4364859038371527,2.0830581567968465
dollar_volume,2010-02-26 11:21:00,0.19021006915358873,2.0830547965796318
dollar_volume,2010-01-29 12:40:00,0.020081304320240342,-2.082861189635117
gross_return,2010-08-27 11:32:00,0.26375159460117886,2.0828553825178897
price,2010-12-08 12:24:00,0.5162022048215801,2.082793979633735
price,2010-03-23 15:52:00,0.5081330900583843,2.082790265766398
gross_return,2010-12-23 13:51:00,0.623509608600106,2.082785235894146
dollar_volume,2010-09-08 12:01:00,0.026224780804889825,-2.0827130591279297
dollar_volume,2010-12-14 14:37:00,0.19741366397229287,2.082633481501613
gross_return,2010-09-27 14:35:00,0.2902181943950988,2.0826001231883793
price,2010-07-27 13:50:00,0.461044081231541,2.0825867656262957
dollar_volume,2010-11-18 12:39:00,0.012291633716624086,-2.0825293552190494
gross_return,2010-12-23 13:44:00,0.6195074543864071,2.0823681892429096
dollar_volume,2010-02-22 13:46:00,0.17493494274565347,2.0822951223251436
dollar_volume,2010-02-16 13:09:00,0.018850942691644355,-2.082226779832486
gross_return,2010-11-15 13:53:00,0.27402527554696926,2.0821636492407447
price,2010-11-03 11:29:00,0.4058146409840933,2.0821415365976796
gross_return,2010-05-14 15:50:00,0.19554096100103263,2.0820892423388173
dollar_volume,2010-03-17 13:49:00,0.1798127259025435,2.082086148149848
price,2010-08-16 14:57:00,0.38764547255589255,2.0818758193030136
gross_return,2010-12-31 12:14:00,0.8395718315123255,2.0817420588699513
dollar_volume,2010-09-10 11:02:00,0.17575578131636588,2.081642797749279
gross_return,2010-11-18 14:19:00,0.27170399107973586,2.0816381782464406
price,2010-01-08 10:36:00,0.5833872361582879,2.081632198611755
gross_return,2010-05-05 15:05:00,0.2364282386387778,2.081618365105864
gross_return,2010-07-21 12:03:00,0.24071083847430316,2.0815839167277073
dollar_volume,2010-10-29 15:22:00,0.16801042640747235,2.0814578712868133
gross_return,2010-12-31 12:36:00,0.8540472612601518,2.0813967193800975
price,2010-12-13 13:21:00,0.41981448110833186,2.0812957787921325
dollar_volume,2010-01-27 14:26:00,0.1763656406637115,2.0811196927742577
gross_return,2010-09-20 12:41:00,0.30033047747043257,2.0811147087953836
price,2010-12-08 12:20:00,0.5139920183941568,2.0811126615052267
dollar_volume,2010-01-06 15:16:00,0.19639310125669884,2.0810197061180244
dollar_volume,2010-08-10 14:46:00,0.17897767400288253,2.0809789126210703
dollar_volume,2010-02-05 14:09:00,0.18444110071959285,2.080834467608136
price,2010-10-21 14:27:00,0.4584657909837489,2.080632052100584
dollar_volume,2010-08-09 14:48:00,0.1720737344905256,2.0805688461810887
gross_return,2010-12-22 14:25:00,0.5839879513662705,2.080365627555182
dollar_volume,2010-02-02 13:06:00,0.18156079759317093,2.0803320677678574
gross_return,2010-05-26 13:35:00,0.017251436836597633,-2.0801332252189435
dollar_volume,2010-10-11 15:12:00,0.1537647634325554,2.0800199454662556
dollar_volume,2010-01-06 11:47:00,0.029637710044236903,-2.0800070772325223
price,2010-11-22 10:49:00,0.39804381783664744,2.0799841597173367
price,2010-04-06 14:37:00,0.47140843898473234,2.07990374959595
price,2010-04-30 12:26:00,0.49201607382704404,2.079862722485716
dollar_volume,2010-12-23 12:44:00,0.19715615627463462,2.0798556843602287
gross_return,2010-12-10 14:05:00,0.287080286836705,2.079809743908721
price,2010-07-01 14:48:00,0.32117849550102984,2.0798021794051023
gross_return,2010-05-26 14:05:00,0.1804037975126823,2.0797599344858897
gross_return,2010-09-24 12:34:00,0.29939333924807005,2.079645531287023
price,2010-08-30 12:57:00,0.45382903418110276,2.079521760141444
price,2010-06-14 13:22:00,0.3634207924085541,2.0794222886580864
dollar_volume,2010-09-10 10:41:00,0.17784485698350505,2.0794108102423117
gross_return,2010-12-22 14:21:00,0.5816656081630878,2.079387233551765
gross_return,2010-04-07 13:03:00,0.33284384839839437,2.0792555652849645
dollar_volume,2010-12-14 11:12:00,0.19665598679440216,2.0792390943553656
price,2010-06-11 15:52:00,0.3570042269783636,2.079238345444146
dollar_volume,2010-07-16 12:05:00,0.16778777683399712,2.0792010514380674
dollar_volume,2010-04-20 10:40:00,0.18466351129699715,2.0791022986713705
gross_return,2010-05-26 14:06:00,0.18051043028506078,2.0789686107591168
price,2010-11-05 11:50:00,0.39925144619169745,2.07896271896275
dollar_volume,2010-05-11 13:40:00,0.19457389728054875,2.0789510126715567
gross_return,2010-04-22 13:06:00,0.2832648635296538,2.0788963145074755
dollar_volume,2010-10-25 10:44:00,0.1702163505618812,2.078871998607786
price,2010-02-25 14:21:00,0.5055393659412509,2.0787843534459625
dollar_volume,2010-01-28 11:09:00,0.025277031733525572,-2.078566218431179
price,2010-10-18 15:20:00,0.4392421305563353,2.078539381550746
gross_return,2010-11-03 10:50:00,0.2972516193109065,2.0782248577441007
gross_return,2010-06-29 10:30:00,0.24068377775967867,2.0779984204631705
gross_return,2010-12-31 12:30:00,0.8492446330135774,2.0779371965024076
price,2010-11-02 13:14:00,0.38604932038299056,2.0779025923309504
gross_return,2010-07-27 14:54:00,0.2325124843324538,2.0777887373764843
gross_return,2010-09-13 13:46:00,0.2707405238737653,2.0777141882279415
gross_return,2010-09-20 12:42:00,0.3003308170194361,2.077646247812948
gross_return,2010-08-10 12:17:00,0.029703464914837874,-2.0776056519624593
gross_return,2010-12-31 12:29:00,0.8484542680824563,2.0773889941778383
price,2010-05-12 12:20:00,0.32523457418324797,2.0772890315198955
dollar_volume,2010-08-17 11:27:00,0.1875546543596743,2.0772781763503922
gross_return,2010-12-10 14:01:00,0.2861953693932799,2.077162504790466
price,2010-09-14 15:16:00,0.403155362842659,2.0770550452903764
dollar_volume,2010-09-22 12:36:00,0.19965022835531906,2.0769491817507757
price,2010-09-10 14:11:00,0.45667865970977106,2.0768702019306184
gross_return,2010-12-31 12:15:00,0.8389220608995221,2.076595698869723
dollar_volume,2010-10-27 12:47:00,0.16504775591451273,2.0765085219615536
dollar_volume,2010-05-24 12:25:00,0.15961545334870408,2.076491602813272
gross_return,2010-11-18 10:46:00,0.26129663058163843,2.0764618209261303
dollar_volume,2010-10-11 15:13:00,0.15365278767361146,2.0764589764820354
price,2010-04-13 13:33:00,0.5153616970986745,2.076421642848156
dollar_volume,2010-09-22 12:53:00,0.2037411883898148,2.076381037189685
price,2010-11-18 10:36:00,0.38418746807447746,2.0763090183698436
price,2010-06-14 13:30:00,0.365875208132245,2.0762181812515057
gross_return,2010-12-31 12:18:00,0.8402076261701958,2.0761631957710915
dollar_volume,2010-10-18 11:07:00,0.013778014600141317,-2.0760535969456946
dollar_volume,2010-12-14 11:32:00,0.19910206970076613,2.076033484034377
dollar_volume,2010-09-10 10:42:00,0.1778282003011693,2.075954207416525
gross_return,2010-01-19 13:19:00,0.3096264037713941,2.0758715933489196
gross_return,2010-04-01 13:38:00,0.2623659697190906,2.0758200128996793
gross_return,2010-04-07 13:04:00,0.33284373751341845,2.075786648272524
gross_return,2010-01-27 14:14:00,0.26782019773209603,2.0757804210626905
price,2010-08-04 15:39:00,0.44829536672056197,2.0757712891796616
price,2010-12-08 12:25:00,0.5156559730051619,2.0756275397579835
gross_return,2010-11-18 10:44:00,0.2607572060900676,2.075549874245717
gross_return,2010-12-10 14:10:00,0.28747801420100577,2.0754448459490153
price,2010-10-12 11:16:00,0.4932651488073482,2.075438367841817
dollar_volume,2010-06-16 10:56:00,0.19095375359977904,2.0754325780825713
dollar_volume,2010-07-22 11:18:00,0.18494302934035795,2.075406588163119
gross_return,2010-07-15 12:19:00,0.2623364474688582,2.0753879369138915
price,2010-03-26 12:26:00,0.4747734310680032,2.0753660669797114
dollar_volume,2010-11-18 10:43:00,0.1798770100186775,2.075356551467864
dollar_volume,2010-08-26 13:18:00,0.16915194485943102,2.0752774851563736
price,2010-04-16 14:26:00,0.49677707817325256,2.075266635026807
dollar_volume,2010-07-30 15:32:00,0.18820932091891518,2.0752519638143765
gross_return,2010-12-22 14:08:00,0.5741385286003048,2.0752489172470088
gross_return,2010-12-01 12:37:00,0.2539485707050885,2.0751876914468195
gross_return,2010-05-26 10:53:00,0.18053952782589996,2.075084151590144
gross_return,2010-12-13 15:12:00,0.3612644576093454,2.0750097577979583
dollar_volume,2010-03-08 13:47:00,0.1813271135471782,2.0749384431357827
price,2010-07-29 11:43:00,0.45126027278619507,2.0749340602608917
gross_return,2010-12-31 12:16:00,0.8389226561262441,2.0748908064253504
price,2010-12-09 13:19:00,0.4171037252564125,2.074879583933818
dollar_volume,2010-02-16 13:10:00,0.01899888685326416,-2.074834466603825
dollar_volume,2010-01-06 15:17:00,0.19637656997601066,2.0747897402668585
gross_return,2010-09-17 14:06:00,0.2933511679586204,2.07478232382783
gross_return,2010-10-06 11:59:00,0.22237162389684673,2.0746083533499005
dollar_volume,2010-03-26 13:48:00,0.18488697857370628,2.074599413811344
gross_return,2010-12-10 14:02:00,0.2861953693932798,2.074559016415784
gross_return,2010-05-26 14:07:00,0.1804724564256917,2.0745587193949704
dollar_volume,2010-01-28 12:21:00,0.18013120246141825,2.0745495628091652
gross_return,2010-09-09 12:03:00,0.31203559044719287,2.07454743380304
gross_return,2010-12-31 12:31:00,0.8492507686764577,2.0745029681884146
price,2010-12-09 13:16:00,0.4158726267435854,2.0744822628213284
dollar_volume,2010-11-15 12:02:00,0.019981425625599604,-2.0744466775670003
gross_return,2010-12-01 13:32:00,0.2643764368486057,2.0744197738807064
gross_return,2010-10-25 12:26:00,0.2946495840940702,2.0743901904052056
gross_return,2010-07-26 13:06:00,0.22718382619372537,2.074381991290764
gross_return,2010-03-05 13:58:00,0.3369151545088201,2.074319122467464
dollar_volume,2010-05-25 11:33:00,0.15982042017806972,2.074245466428304
dollar_volume,2010-06-21 13:43:00,0.024193382618161542,-2.0742022300076792
gross_return,2010-09-20 12:43:00,0.3003308170194361,2.074188425107337
price,2010-06-22 15:26:00,0.381423903134245,2.074175953953485
dollar_volume,2010-06-16 10:55:00,0.1907753810594824,2.0740913731258113
gross_return,2010-02-01 13:57:00,0.24410574655319908,2.073782832854547
dollar_volume,2010-09-22 12:37:00,0.19963973571130947,2.073608374651873
dollar_volume,2010-09-13 15:18:00,0.17515826052289843,2.0735932062795954
dollar_volume,2010-12-30 11:38:00,0.1966436797657651,2.073519035576976
price,2010-03-17 15:13:00,0.5153589281349236,2.073481527927055
dollar_volume,2010-11-02 11:39:00,0.1565327256860315,2.0734033270605834
dollar_volume,2010-06-04 13:20:00,0.18192232807624925,2.0733518732856226
gross_return,2010-09-13 14:29:00,0.029245554750350025,-2.0733306573743837
dollar_volume,2010-08-09 15:06:00,0.1730952703289503,2.0729479105632125
gross_return,2010-04-12 11:51:00,0.37122331452720386,2.0729159881713044
price,2010-12-14 13:29:00,0.42650685826706497,2.0728163261676915
gross_return,2010-10-11 13:07:00,0.27360788303821076,2.0727961470741723
gross_return,2010-08-10 13:08:00,0.2387670241487144,2.072757837376553
price,2010-10-12 14:03:00,0.46736936367127246,2.0726543888884215
dollar_volume,2010-05-27 10:39:00,0.026679757657894893,-2.072631949832631
gross_return,2010-03-31 12:33:00,0.2695736569633398,2.0726010197537406
dollar_volume,2010-05-25 12:13:00,0.16217022170777534,2.0725207044965517
price,2010-04-21 14:34:00,0.4903879448062845,2.072288823575226
dollar_volume,2010-12-29 10:49:00,0.19270390652681219,2.072246995796801
dollar_volume,2010-03-24 15:52:00,0.18632540435156011,2.072046449727364
gross_return,2010-08-10 12:15:00,0.03020690759324939,-2.072037115198205
dollar_volume,2010-12-09 15:46:00,0.18170945754739432,2.072035555429993
gross_return,2010-09-07 11:04:00,0.3061315016981806,2.071977443688426
price,2010-10-05 11:57:00,0.46928846976741523,2.0719532663951177
dollar_volume,2010-02-25 14:12:00,0.18509229957524198,2.071834675727243
dollar_volume,2010-01-13 14:40:00,0.18523475377422882,2.071828468088744
gross_return,2010-11-26 12:35:00,0.28956687147626836,2.0717414499815896
gross_return,2010-12-13 15:13:00,0.3612644576093454,2.0715621957845842
dollar_volume,2010-08-05 15:36:00,0.18813423307161933,2.071491611505037
price,2010-06-15 14:39:00,0.377959231329026,2.071431940641743
dollar_volume,2010-01-26 13:02:00,0.02348823712991084,-2.071417580233549
price,2010-06-07 14:23:00,0.41684908638916285,2.071409526501772
gross_return,2010-07-28 15:13:00,0.23397754129518186,2.0713510262881685
gross_return,2010-06-02 13:28:00,0.22002223998264597,2.071349637771294
gross_return,2010-12-31 12:32:00,0.8492507686764574,2.0710504212449026
gross_return,2010-03-26 12:21:00,0.27943813695439884,2.0710048996107107
gross_return,2010-12-10 13:52:00,0.2836872714145401,2.070940545399685
dollar_volume,2010-11-22 14:01:00,0.18828523191595567,2.0706945156799885
dollar_volume,2010-05-10 12:48:00,0.18407570415184235,2.070643173418806
dollar_volume,2010-02-22 14:58:00,0.1843747376428496,2.0706340700673396
dollar_volume,2010-12-15 12:19:00,0.1993222964012996,2.0705278872545936
dollar_volume,2010-01-13 14:05:00,0.1817881179242669,2.0704829279979746
price,2010-12-14 13:31:00,0.4270130896961867,2.070466116075044
dollar_volume,2010-03-31 10:58:00,0.19472520398613075,2.0704145175635142
price,2010-08-17 12:08:00,0.4107727833799432,2.070347244705296
gross_return,2010-12-22 13:49:00,0.5644291097440668,2.0701725523812002
gross_return,2010-12-01 11:51:00,0.24735981793341677,2.0700873703885865
price,2010-12-10 13:55:00,0.4083929489754544,2.0694479217051014
price,2010-11-16 11:41:00,0.42199438421837043,2.069388584627447
price,2010-06-23 10:39:00,0.3873620646854511,2.0693865885477867
dollar_volume,2010-10-12 14:32:00,0.16574026782406914,2.0693679114666326
dollar_volume,2010-12-07 11:38:00,0.17122145249939452,2.069302772769266
dollar_volume,2010-10-18 12:17:00,0.16902955383832338,2.069201445190197
dollar_volume,2010-03-10 15:34:00,0.17692412658714368,2.069049163233482
dollar_volume,2010-08-17 15:55:00,0.187464710995365,2.0688350102811377
dollar_volume,2010-12-30 11:31:00,0.1953569862363565,2.0688089791808517
gross_return,2010-06-17 10:57:00,0.21910407051785874,2.068793599472283
dollar_volume,2010-09-15 11:25:00,0.1754417919183615,2.0687362682409924
gross_return,2010-08-19 12:43:00,0.2548268287599351,2.068729085273685
price,2010-12-28 15:54:00,0.6857408808470978,2.068693297977841
price,2010-11-01 11:28:00,0.37704435845832346,2.0686734354947367
gross_return,2010-05-17 12:12:00,0.19974619253587353,2.068649524929337
gross_return,2010-12-06 14:59:00,0.27979680032545046,2.0685614296979815
dollar_volume,2010-05-27 11:12:00,0.02710363803015863,-2.068522789439698
dollar_volume,2010-04-29 13:13:00,0.17843328283686632,2.0684952673766666
gross_return,2010-08-23 12:30:00,0.2687710916748133,2.068456935810883
gross_return,2010-10-22 13:48:00,0.25862017102201357,2.068430706566394
price,2010-08-27 11:39:00,0.4369839242878296,2.068417117721218
gross_return,2010-06-02 13:29:00,0.22002223998264578,2.068282172379524
gross_return,2010-05-17 12:15:00,0.20014653239311947,2.0682776953558784
dollar_volume,2010-03-08 13:48:00,0.18118793780179437,2.0682708757941426
dollar_volume,2010-08-04 12:31:00,0.18453936179654562,2.0681275949840248
gross_return,2010-04-06 15:50:00,0.3203110688086027,2.067983381686138
dollar_volume,2010-10-25 12:14:00,0.02196798652100133,-2.0679270848129705
price,2010-12-22 12:09:00,0.6743959846915991,2.0679061541747337
price,2010-12-01 12:44:00,0.5755009482700164,2.067876178342426
dollar_volume,2010-02-18 15:41:00,0.17432761741140557,2.067862278818519
price,2010-12-16 11:32:00,0.47563934629338706,2.067497947915766
price,2010-12-10 12:36:00,0.4068889837191282,2.0674579967385185
gross_return,2010-11-19 13:39:00,0.28071891641763447,2.0673565429687213
price,2010-02-11 11:50:00,0.43622461706894045,2.067186284639759
gross_return,2010-12-31 12:26:00,0.8438965411276264,2.0671706642096046
gross_return,2010-05-27 13:03:00,0.17677480961621506,2.0671618214726304
dollar_volume,2010-04-16 14:03:00,0.1715703964918252,2.066882939045794
gross_return,2010-06-18 11:19:00,0.22452761992994985,2.0666071861052995
price,2010-02-04 14:59:00,0.401788594449913,2.0665187377036367
dollar_volume,2010-11-05 13:55:00,0.16812424150984862,2.0664688485091607
price,2010-06-17 14:13:00,0.38676238786802897,2.066459027616008
dollar_volume,2010-04-20 10:39:00,0.18400292652548,2.0662055601300375
price,2010-10-20 12:48:00,0.44718440754446354,2.0662005727676847
price,2010-05-18 12:17:00,0.38537506370532304,2.0661951100939295
dollar_volume,2010-11-03 10:29:00,0.15880182908270113,2.066100307219774
dollar_volume,2010-04-30 13:52:00,0.023526783955078102,-2.0658833372348138
gross_return,2010-05-05 11:28:00,0.22982115736105269,2.0657782044749724
price,2010-12-30 15:56:00,0.6756974247904788,2.065770101943368
dollar_volume,2010-07-29 13:37:00,0.18973883664323668,2.065730571140816
dollar_volume,2010-03-03 11:00:00,0.19709638435432603,2.0656674908537926
dollar_volume,2010-09-16 15:44:00,0.1781537958006317,2.0656276713551183
price,2010-04-08 12:19:00,0.5112254306981031,2.065614518804673
dollar_volume,2010-08-13 13:36:00,0.1813256810045944,2.065614242506097
price,2010-09-20 10:54:00,0.41170609358036825,2.0655622499188224
dollar_volume,2010-02-22 12:10:00,0.1734129363435715,2.06551856355471
gross_return,2010-11-17 15:49:00,0.2558057556998053,2.0654452376984316
gross_return,2010-06-17 10:58:00,0.21910407051785868,2.0653858082248098
dollar_volume,2010-10-27 12:32:00,0.16281110772067484,2.0653792334260195
gross_return,2010-05-17 12:11:00,0.19945172603127273,2.065345461087569
price,2010-05-27 14:00:00,0.31237003073851505,2.065339778430383
gross_return,2010-03-15 13:50:00,0.3324139234633012,2.0652809353725505
gross_return,2010-12-31 12:21:00,0.8401254241838515,2.065204054676993
price,2010-02-19 11:59:00,0.5283759706913392,2.065109559200336
dollar_volume,2010-11-19 13:20:00,0.18101421911663457,2.065105806263882
gross_return,2010-05-17 11:59:00,0.1973311158288744,2.0651024269143674
dollar_volume,2010-05-24 12:52:00,0.0221302383544551,-2.065005422167803
gross_return,2010-07-09 14:38:00,0.22750609201130878,2.0649914833037735
gross_return,2010-10-22 13:49:00,0.2586198471901417,2.064985758164528
price,2010-02-02 13:01:00,0.42018157262806843,2.064904161657817
price,2010-02-08 13:48:00,0.4368637060928856,2.064863801654159
dollar_volume,2010-03-31 11:40:00,0.19533720020505443,2.0647895608372075
gross_return,2010-12-01 13:00:00,0.25553371702455,2.064633615478028
dollar_volume,2010-11-26 11:17:00,0.18714610335149587,2.06453879032693
gross_return,2010-05-12 15:57:00,0.2537829152223673,2.06439662947843
dollar_volume,2010-09-13 15:19:00,0.17493914323075435,2.0643572375771537
price,2010-07-01 11:19:00,0.32076699351742755,2.0642278080649765
gross_return,2010-12-10 14:09:00,0.2865465741155803,2.064124023531795
dollar_volume,2010-05-14 15:44:00,0.19818536316959273,2.064099138268754
gross_return,2010-12-31 12:34:00,0.8492526587787887,2.0640592892458685
dollar_volume,2010-11-03 14:52:00,0.16739879969565882,2.063867597783475
price,2010-12-29 13:38:00,0.6789690932000122,2.063855213253881
price,2010-01-26 10:48:00,0.5272959336056999,2.0638010986459143
dollar_volume,2010-10-25 10:48:00,0.17016982035478825,2.0637905643016525
dollar_volume,2010-09-01 14:32:00,0.02068093950100813,-2.0637879314809173
price,2010-04-08 12:11:00,0.5081208586709467,2.063690943279615
gross_return,2010-07-02 12:43:00,0.20968879377967412,2.0636724334794065
dollar_volume,2010-09-08 13:40:00,0.026311404803670536,-2.0636532266409553
price,2010-06-01 13:55:00,0.3972747549200272,2.0631953199241098
price,2010-12-22 12:40:00,0.6895952401343307,2.0631946112114443
gross_return,2010-05-05 11:21:00,0.22857504013496205,2.063133026030893
price,2010-12-13 13:42:00,0.42663965305349033,2.06309144404979
gross_return,2010-10-22 13:36:00,0.2558909184190742,2.0627501941619015
price,2010-05-24 13:02:00,0.3429945307098758,2.0627216753388007
dollar_volume,2010-05-12 13:05:00,0.1934282250644705,2.0626347574074755
dollar_volume,2010-10-21 12:39:00,0.15511329680981445,2.0625375520955718
dollar_volume,2010-10-14 12:47:00,0.016001107375105062,-2.062495455258167
gross_return,2010-03-05 13:35:00,0.3305845080443528,2.0624752586298083
dollar_volume,2010-11-18 12:37:00,0.013270555387931381,-2.062474121173597
dollar_volume,2010-12-09 14:09:00,0.17744454219112077,2.062413010800081
gross_return,2010-04-23 12:23:00,0.26642477620275096,2.0623427598162998
dollar_volume,2010-08-04 12:38:00,0.18524964563008045,2.0623002491333904
gross_return,2010-06-17 10:59:00,0.21910551617464868,2.062095965346627
gross_return,2010-07-06 11:40:00,0.21258902224385362,2.062059532234647
price,2010-03-16 13:12:00,0.4878207605773335,2.0620326715507518
gross_return,2010-11-05 14:27:00,0.32087284680545364,2.0620083195819774
dollar_volume,2010-05-11 13:56:00,0.19517983727299631,2.0618924046526756
dollar_volume,2010-09-03 13:04:00,0.18910829186501987,2.061879888550215
gross_return,2010-03-15 13:51:00,0.3324152600050206,2.06186175274906
gross_return,2010-12-31 12:22:00,0.840125424183852,2.06177590496574
gross_return,2010-06-15 11:05:00,0.01388752903186755,-2.0617562383702044
price,2010-05-04 10:46:00,0.5229096737254532,2.0616734216876993
dollar_volume,2010-10-21 12:40:00,0.15519457692580235,2.061632238400286
gross_return,2010-12-21 15:13:00,0.5427389526711903,2.0615267983678693
price,2010-02-09 12:58:00,0.44379519551767377,2.061467777195981
gross_return,2010-10-20 14:14:00,0.24635763816130218,2.0613976249039756
dollar_volume,2010-07-16 12:06:00,0.16723644718984926,2.06136929871323
gross_return,2010-06-04 11:17:00,0.22191383034284817,2.0613061282011005
dollar_volume,2010-06-21 13:34:00,0.025163806606845907,-2.0613030369268466
price,2010-03-11 15:14:00,0.4405983145369084,2.060971786373534
price,2010-11-04 11:15:00,0.41302361269093524,2.0609569087930963
gross_return,2010-12-22 14:06:00,0.5707303764517914,2.060879492279098
dollar_volume,2010-02-25 14:19:00,0.1852993750622572,2.06081671884226
dollar_volume,2010-11-02 11:41:00,0.15621562189646146,2.0607510736209527
gross_return,2010-11-03 10:51:00,0.2962486167200394,2.0606893408615217
dollar_volume,2010-05-27 11:09:00,0.02734928067705778,-2.060596017748067
dollar_volume,2010-08-27 12:55:00,0.18431944350997648,2.0605721048478305
price,2010-04-28 14:36:00,0.49505133316257266,2.0605619912898065
price,2010-04-07 13:29:00,0.5185303512907004,2.0605579938345224
dollar_volume,2010-03-26 13:46:00,0.18405260999138967,2.0605514268340017
price,2010-11-02 14:12:00,0.39835186465805034,2.060536219999194
price,2010-05-12 12:18:00,0.3233751753597204,2.060495565569726
gross_return,2010-04-21 12:50:00,0.27468241237904334,2.0604885352903866
price,2010-06-01 13:49:00,0.3944925310120855,2.0604660536130464
gross_return,2010-12-06 15:00:00,0.2792075783820123,2.0603513143687957
gross_return,2010-05-05 11:25:00,0.2290902959954265,2.0603082696563213
gross_return,2010-11-17 15:16:00,0.24631711860217537,2.0602738928139432
dollar_volume,2010-07-07 14:38:00,0.020006681828433327,-2.060261049900754
dollar_volume,2010-04-29 12:59:00,0.1771887204393723,2.060191179566785
dollar_volume,2010-01-22 15:50:00,0.16857228854597345,2.0601568733326694
gross_return,2010-12-31 12:17:00,0.8364345884224189,2.0600927563607923
dollar_volume,2010-12-09 14:10:00,0.17747852308268683,2.060035009466867
price,2010-06-10 12:03:00,0.3556730815128888,2.060025524807484
price,2010-07-29 11:45:00,0.4503159895350503,2.0600217232035867
dollar_volume,2010-06-16 10:52:00,0.18988569727999283,2.0599889824881483
price,2010-07-01 13:13:00,0.32998690150088456,2.059947712368571
dollar_volume,2010-03-29 15:03:00,0.018916737760163012,-2.059933969061843
price,2010-06-30 15:41:00,0.31132954860087453,2.0599230587687125
gross_return,2010-05-05 11:22:00,0.22857507588806053,2.059890594023585
gross_return,2010-12-07 11:16:00,0.29006290919936634,2.059871685869728
gross_return,2010-12-09 10:36:00,0.2960104863455197,2.0597153352782938
dollar_volume,2010-10-29 15:23:00,0.16734931546734627,2.0596765200878626
price,2010-02-22 12:52:00,0.48883034384019686,2.0596684074199674
price,2010-06-02 14:56:00,0.4149121677617787,2.0596324773692274
gross_return,2010-10-22 13:37:00,0.2558905724566064,2.0596147469850803
price,2010-07-29 11:42:00,0.44903810481384643,2.0594239520447126
gross_return,2010-12-17 14:35:00,0.45876137043953963,2.059363241492933
dollar_volume,2010-10-12 15:52:00,0.17034954081387316,2.0592925390252215
dollar_volume,2010-02-24 14:18:00,0.18026460041940182,2.0591848165949105
price,2010-02-09 12:48:00,0.4396236180459959,2.0591560589556295
gross_return,2010-12-21 12:42:00,0.4915122518638191,2.0591361535103907
price,2010-05-13 15:05:00,0.3378959039735755,2.0589476741928445
dollar_volume,2010-11-22 13:18:00,0.1846917429444281,2.058941854535016
gross_return,2010-07-12 13:01:00,0.23720954757843307,2.0588988604716456
gross_return,2010-10-20 14:13:00,0.24603493741608365,2.0587232451345976
price,2010-12-30 15:54:00,0.6734678177596481,2.0585963210531566
dollar_volume,2010-12-15 15:26:00,0.19787947231144526,2.0585197966810735
gross_return,2010-06-18 11:08:00,0.22150194853099142,2.0585187281472193
dollar_volume,2010-12-28 12:47:00,0.1857369474561332,2.058494418969368
gross_return,2010-10-21 14:10:00,0.2550928569711364,2.0584556452072333
gross_return,2010-09-14 13:22:00,0.28285057617050724,2.0583867254797807
dollar_volume,2010-02-12 12:01:00,0.02263622509512539,-2.058285547594755
gross_return,2010-08-27 15:11:00,0.2611574704984164,2.0580878130500446
gross_return,2010-05-04 15:51:00,0.23334872100136292,2.0580630729853784
dollar_volume,2010-11-10 10:47:00,0.02340997481820309,-2.0580479754308416
gross_return,2010-12-22 14:20:00,0.5776064886897451,2.0578666687299147
gross_return,2010-10-12 13:45:00,0.30913278404459466,2.0578480291517307
gross_return,2010-05-17 12:16:00,0.19979966264912263,2.057735771033133
dollar_volume,2010-10-18 11:00:00,0.014678778904879347,-2.05768055165868
dollar_volume,2010-05-27 10:41:00,0.027026476685557774,-2.0575668940244194
price,2010-08-23 15:37:00,0.46402149018098443,2.0574989588973724
gross_return,2010-11-03 10:52:00,0.29624849539924963,2.0574820105604426
price,2010-12-31 15:49:00,0.6572052251308946,2.057460204518242
price,2010-02-25 14:32:00,0.5071610551696224,2.0573835014028514
dollar_volume,2010-06-01 13:09:00,0.18007441391208978,2.0573512802546667
price,2010-05-04 10:42:00,0.5208694306222044,2.0572915103088305
dollar_volume,2010-01-13 15:27:00,0.1855202775057589,2.0569796770602347
dollar_volume,2010-01-27 11:54:00,0.17523698346429145,2.056969074555829
price,2010-02-10 12:53:00,0.43408495721850926,2.056669419515743
dollar_volume,2010-10-22 14:30:00,0.16885841053269318,2.0566693599133723
price,2010-06-16 12:33:00,0.38206435695992896,2.056518745418148
price,2010-09-21 14:18:00,0.4275379991542084,2.056454145934496
dollar_volume,2010-11-12 15:22:00,0.1788562369288511,2.056448939099028
gross_return,2010-05-26 12:40:00,0.17903167289042127,2.0564009281066067
dollar_volume,2010-01-27 11:53:00,0.17509357770272094,2.0563858819952165
gross_return,2010-09-01 13:10:00,0.24955910873229814,2.0563002398524386
gross_return,2010-04-06 15:49:00,0.3191503810480152,2.056299602225821
dollar_volume,2010-05-03 11:59:00,0.021259496648552464,-2.056250012314709
gross_return,2010-08-20 10:45:00,0.014878202204374363,-2.0562175849393625
gross_return,2010-12-06 15:42:00,0.28564546049263134,2.0560516881254856
price,2010-04-16 14:19:00,0.49292404704537934,2.055991290580358
dollar_volume,2010-08-11 11:53:00,0.1800815759035068,2.0556751402824642
gross_return,2010-05-04 15:52:00,0.2333489455108481,2.0556735949490923
price,2010-12-30 15:55:00,0.6734678177596558,2.0556082493245174
dollar_volume,2010-01-06 14:55:00,0.19288459782063438,2.0555242420147573
gross_return,2010-02-12 12:26:00,0.27661192523269185,2.055450871278738
price,2010-02-12 14:52:00,0.5204479962934264,2.0554019223267876
dollar_volume,2010-08-16 11:46:00,0.18358672980027851,2.0552748304024298
gross_return,2010-05-26 11:04:00,0.18126485700278128,2.055235239286031
gross_return,2010-12-06 15:25:00,0.2828822380281471,2.0551977938762542
price,2010-06-16 12:34:00,0.38224730797036016,2.0551738685788936
gross_return,2010-12-22 14:10:00,0.5720502516361705,2.055153514536075
gross_return,2010-10-21 14:12:00,0.2552821359767141,2.0551228466071696
dollar_volume,2010-10-27 15:42:00,0.166099681347292,2.0550548210360455
dollar_volume,2010-02-25 14:09:00,0.1840637532871882,2.0550131168008483
dollar_volume,2010-11-22 12:24:00,0.18292679974879383,2.0548570356860143
dollar_volume,2010-05-18 11:52:00,0.18540983256368823,2.0548555799090984
gross_return,2010-03-31 11:04:00,0.27189924984280855,2.0548122199122276
gross_return,2010-09-14 12:48:00,0.27405175893775513,2.054624902480222
gross_return,2010-10-12 14:27:00,0.34351677945972225,2.0545684370280477
dollar_volume,2010-01-13 13:06:00,0.1794276127584073,2.0545544986830553
price,2010-04-01 14:30:00,0.4907254021690957,2.054397874207256
gross_return,2010-07-02 14:01:00,0.20991676111363772,2.054197844002462
price,2010-07-20 13:56:00,0.4003700207343634,2.0541775655129033
gross_return,2010-03-15 13:49:00,0.3312271145905986,2.054109258647604
price,2010-09-23 15:19:00,0.441879694691817,2.0540309522571967
dollar_volume,2010-03-31 11:41:00,0.19502080899151397,2.053986274663405
dollar_volume,2010-10-14 12:44:00,0.016661488522328315,-2.053715192298931
dollar_volume,2010-11-10 10:46:00,0.023683054185313877,-2.053495298621936
price,2010-01-27 14:56:00,0.5053226989326981,2.0534271553667747
price,2010-02-04 15:34:00,0.40391154759298425,2.053176489408285
gross_return,2010-09-01 13:11:00,0.24955917254195692,2.0531406922798134
dollar_volume,2010-03-12 15:49:00,0.17170721983785697,2.053033152858194
price,2010-03-16 13:37:00,0.49271730196076474,2.0529604064864047
gross_return,2010-07-20 12:50:00,0.24382424660078775,2.0527695191650217
price,2010-05-26 12:10:00,0.2935996065969631,2.052679691123836
gross_return,2010-09-14 12:49:00,0.27413023769999423,2.0525780126794126
price,2010-08-02 11:54:00,0.4704819031400725,2.0525734555702155
price,2010-01-26 10:52:00,0.5273127497326171,2.0525502827217776
price,2010-09-29 15:46:00,0.43597756800968696,2.052520749817963
gross_return,2010-05-26 11:05:00,0.18128178793599953,2.0524965401892206
dollar_volume,2010-09-10 14:55:00,0.1756443196542481,2.052360865342329
price,2010-11-18 15:42:00,0.3770413686680162,2.0523451862055024
gross_return,2010-02-11 12:26:00,0.2642794233358282,2.0523158909054486
dollar_volume,2010-12-23 13:36:00,0.19801819818839567,2.0522045200196426
price,2010-12-08 12:22:00,0.5106983072041738,2.0521521765474375
price,2010-02-12 12:59:00,0.500574886917098,2.052145863091203
price,2010-02-18 14:39:00,0.4872061995914736,2.0521254745425566
dollar_volume,2010-08-23 13:02:00,0.1727701965947027,2.0519413226289727
dollar_volume,2010-10-13 12:12:00,0.17016679734974444,2.051923377625521
dollar_volume,2010-05-25 12:08:00,0.16086936639292973,2.0518805605211687
price,2010-11-24 10:59:00,0.46092230754333874,2.0518732045639236
gross_return,2010-04-05 11:42:00,0.26010788944992724,2.0515592325979646
price,2010-05-24 12:25:00,0.33306428081480666,2.051521137116361
dollar_volume,2010-11-16 13:50:00,0.18412290668893702,2.05149348269511
gross_return,2010-06-01 10:51:00,0.21015748899206574,2.0514900149406095
gross_return,2010-07-12 12:50:00,0.2343613503871006,2.051256868326004
dollar_volume,2010-09-17 12:43:00,0.1801572287363529,2.051212655246623
price,2010-09-14 15:06:00,0.39756602552813025,2.051202085428998
gross_return,2010-05-13 15:22:00,0.24338943718464356,2.0511853274095504
gross_return,2010-05-05 11:29:00,0.2292276169344532,2.0511548603565886
gross_return,2010-12-21 15:16:00,0.5426554859191467,2.051129175483044
price,2010-09-17 10:33:00,0.4074021953787161,2.051128185761606
dollar_volume,2010-02-18 13:15:00,0.17342708694049724,2.0509802623609903
gross_return,2010-03-24 13:19:00,0.3130627843561639,2.050978226741043
price,2010-08-18 13:17:00,0.431652335108199,2.0509366382240577
dollar_volume,2010-05-12 12:58:00,0.1925516426055393,2.0509022380671875
gross_return,2010-10-21 14:11:00,0.2548587997592356,2.050884841125494
gross_return,2010-09-01 13:13:00,0.24978187330648965,2.050808381193684
dollar_volume,2010-05-10 11:13:00,0.1758541935388263,2.050630893598564
price,2010-08-06 11:23:00,0.4577108356066932,2.0505259192779595
dollar_volume,2010-10-12 12:49:00,0.1619440285024843,2.050510990432448
gross_return,2010-10-21 14:49:00,0.2589898012262355,2.0504726693915587
gross_return,2010-05-26 13:36:00,0.018287467299023703,-2.050425577126539
gross_return,2010-10-20 14:11:00,0.24523849588377525,2.0503844437661205
dollar_volume,2010-12-28 12:51:00,0.1857847961051665,2.0503415068205517
price,2010-01-26 10:49:00,0.5258504073487114,2.050327326273365
price,2010-04-13 12:32:00,0.4947981934115194,2.0502748015310317
price,2010-01-21 11:16:00,0.586324235111824,2.0502676024315045
dollar_volume,2010-03-31 13:15:00,0.19673095628947335,2.050256681299222
gross_return,2010-12-10 14:00:00,0.2841915929440014,2.050154873366229
gross_return,2010-11-18 14:02:00,0.26473485801276725,2.0501289209077
dollar_volume,2010-12-09 14:22:00,0.17821792397940503,2.0500459160493842
gross_return,2010-10-29 12:51:00,0.2929697675892238,2.0499827055837088
price,2010-04-28 14:32:00,0.49218237794888786,2.049939637844604
price,2010-11-02 13:35:00,0.3936920768430146,2.0498824223916596
gross_return,2010-12-31 12:39:00,0.8497984214215317,2.0498679370181523
gross_return,2010-04-22 13:05:00,0.28112507673534703,2.049803912451742
gross_return,2010-03-16 13:09:00,0.33422308462299,2.049588716977982
dollar_volume,2010-07-16 13:57:00,0.16546438480419962,2.049587575101451
price,2010-02-02 15:37:00,0.431845751379057,2.0495803727856026
dollar_volume,2010-03-19 12:58:00,0.17290104687247923,2.049554307948477
dollar_volume,2010-12-14 11:19:00,0.19639498534790445,2.0494852350621535
gross_return,2010-08-27 11:06:00,0.25381631730113247,2.0494430345362846
gross_return,2010-02-18 13:15:00,0.28506035131149604,2.0492933282258363
dollar_volume,2010-01-28 11:05:00,0.026745372176058567,-2.04928433837119
dollar_volume,2010-11-09 14:47:00,0.18044096992978412,2.049268741382888
dollar_volume,2010-08-05 12:35:00,0.17972477056953282,2.0491896515709955
dollar_volume,2010-11-01 14:38:00,0.019477382596802744,-2.049058967338783
dollar_volume,2010-03-23 12:40:00,0.18237427065112582,2.0490514817080605
price,2010-06-22 15:12:00,0.37531943851151484,2.0490463151091127
price,2010-03-08 12:02:00,0.408327742462393,2.0490307326047965
dollar_volume,2010-01-20 15:14:00,0.16953615581732293,2.048983135143771
dollar_volume,2010-09-08 15:59:00,0.02294733475606309,-2.048899752503141
price,2010-03-22 10:46:00,0.473276485427471,2.0488143683159503
price,2010-11-19 13:57:00,0.38075176192916177,2.048670938749354
price,2010-10-12 11:17:00,0.4902134693918837,2.0486412727864884
dollar_volume,2010-12-10 12:17:00,0.18559757494047213,2.0485976489806332
gross_return,2010-12-22 14:12:00,0.5720499880886756,2.0485237035654524
dollar_volume,2010-08-23 13:01:00,0.17255933768664522,2.04844361189949
price,2010-08-16 15:13:00,0.39000414458120275,2.048274316034909
dollar_volume,2010-12-28 12:52:00,0.18580895190368887,2.0479869355209126
price,2010-11-04 11:25:00,0.41079067416271986,2.0479752131685274
gross_return,2010-02-01 13:53:00,0.24175379991581092,2.0479685497486853
dollar_volume,2010-09-01 14:33:00,0.021172530782867457,-2.0479387750573235
dollar_volume,2010-05-28 11:39:00,0.15442893721107473,2.04792071217619
dollar_volume,2010-05-24 12:51:00,0.022789455599136938,-2.047684763530359
price,2010-02-08 13:36:00,0.42970841562869555,2.047626531480818
dollar_volume,2010-06-22 11:03:00,0.17785867034310981,2.0475806645366106
price,2010-09-14 15:08:00,0.3978357697565136,2.0474100014083856
dollar_volume,2010-09-10 14:54:00,0.17535229197808722,2.0472047748756026
price,2010-07-29 11:50:00,0.4509615812457612,2.047079002998091
dollar_volume,2010-01-28 11:06:00,0.026727954309644763,-2.047065379256389
gross_return,2010-03-26 12:23:00,0.2783249538159752,2.046980854429504
gross_return,2010-08-10 14:34:00,0.2814258668350409,2.0468647830343127
dollar_volume,2010-05-25 12:36:00,0.1621226406213305,2.046824352863674
gross_return,2010-10-11 15:58:00,0.2956816634734565,2.0468159977713865
dollar_volume,2010-08-13 13:33:00,0.17999263245589198,2.0467535162407784
dollar_volume,2010-09-30 11:11:00,0.19747732021671127,2.046732902598637
price,2010-06-02 15:01:00,0.4151694872091508,2.046718287040617
gross_return,2010-12-22 13:43:00,0.5592755216724341,2.046605354108668
gross_return,2010-03-16 13:10:00,0.3342229225682529,2.046603245449375
dollar_volume,2010-02-22 14:03:00,0.17526944239283035,2.046437691597203
gross_return,2010-10-21 14:48:00,0.2586007043860689,2.0463795570944114
dollar_volume,2010-03-10 15:35:00,0.17608848047118425,2.0463091405423883
dollar_volume,2010-02-12 14:16:00,0.1742079417834555,2.0462706091363176
price,2010-06-07 12:12:00,0.4168505045276009,2.0462285065094625
price,2010-04-01 13:55:00,0.4671369287913434,2.0461308302835057
dollar_volume,2010-05-27 10:31:00,0.02811101826982153,-2.046116666829195
price,2010-08-04 13:38:00,0.44226724908710235,2.045989717776687
gross_return,2010-08-02 12:39:00,0.26304587832261295,2.0459722335572756
price,2010-11-15 15:36:00,0.4004971869506396,2.0459335944689045
dollar_volume,2010-07-13 12:30:00,0.17496544248386897,2.045866880639543
dollar_volume,2010-01-28 11:07:00,0.02667646281532081,-2.045774145621241
dollar_volume,2010-08-09 14:50:00,0.17093180685347015,2.045719529133054
dollar_volume,2010-04-07 14:28:00,0.19953841465649802,2.045653565489888
dollar_volume,2010-11-16 13:51:00,0.18401808197280806,2.045605948183907
price,2010-02-05 13:51:00,0.4020168784915987,2.0455286849227106
price,2010-05-24 13:03:00,0.3417480739872981,2.0455092695085586
gross_return,2010-12-22 13:42:00,0.5588408881599349,2.0454813793604814
gross_return,2010-08-10 14:35:00,0.2814256112270047,2.0454547669413943
price,2010-04-13 12:52:00,0.5041705103099601,2.0452664609988083
price,2010-07-27 12:29:00,0.44836293204379774,2.0451877538918253
gross_return,2010-03-25 13:10:00,0.2882312231067636,2.0450894118197103
gross_return,2010-12-09 10:37:00,0.2952225145408519,2.0449284568946346
gross_return,2010-03-16 12:47:00,0.3323333154698189,2.0448912304957787
gross_return,2010-10-21 14:47:00,0.25834273371498706,2.044831663469179
price,2010-08-18 13:12:00,0.42892978478936306,2.044822346132138
dollar_volume,2010-01-26 13:03:00,0.024349840446671753,-2.044802743986225
gross_return,2010-10-11 13:00:00,0.2704308694142667,2.0447694001324743
price,2010-08-17 12:03:00,0.4070199545916968,2.0447075235106986
dollar_volume,2010-12-07 14:01:00,0.17602510736656252,2.0447029503883334
gross_return,2010-03-29 14:26:00,0.26809054671942945,2.0446422931817985
dollar_volume,2010-08-05 15:31:00,0.1862490718339044,2.044575236425391
price,2010-08-17 12:09:00,0.40848285179170263,2.0445114275534975
gross_return,2010-06-23 14:56:00,0.257265459773555,2.044497235362574
price,2010-06-18 12:59:00,0.38014152702510984,2.0444643276091536
dollar_volume,2010-12-07 13:38:00,0.17405795798784435,2.0444562195932297
gross_return,2010-03-15 13:44:00,0.32919803402186076,2.044449003866136
price,2010-03-08 11:53:00,0.40503176622767384,2.0444189475935106
price,2010-09-03 14:20:00,0.5252572655541045,2.0443367259578067
dollar_volume,2010-08-12 12:15:00,0.17822603442363746,2.044056417748408
dollar_volume,2010-01-07 15:31:00,0.1914274708310978,2.0439888793551915
gross_return,2010-05-28 15:19:00,0.20565909638058874,2.0439505208076367
dollar_volume,2010-01-12 13:23:00,0.0107439421448962,-2.043872264193995
dollar_volume,2010-10-12 12:47:00,0.16148222084105707,2.0438102092782895
price,2010-04-15 13:52:00,0.49888906396564214,2.0437872754660438
dollar_volume,2010-03-31 12:40:00,0.01806470392022904,-2.043720487681098
gross_return,2010-03-16 13:11:00,0.3342229225682529,2.0436295486555274
dollar_volume,2010-04-28 12:46:00,0.17702159803636094,2.043628925369865
price,2010-08-02 11:55:00,0.46975288844894153,2.043454988041186
gross_return,2010-04-05 14:06:00,0.27861640074413885,2.043245910583182
dollar_volume,2010-03-26 13:45:00,0.18322282117041527,2.043205576541392
price,2010-11-15 14:45:00,0.3977757995964677,2.043108054386394
price,2010-07-30 13:52:00,0.41901483028065234,2.0430260516177845
price,2010-10-19 14:12:00,0.44059441331863436,2.04300448267029
dollar_volume,2010-01-13 14:15:00,0.18205400659519053,2.0428826710476526
gross_return,2010-12-21 12:41:00,0.48937435894432746,2.0426667018273568
price,2010-11-18 10:37:00,0.3813314227844039,2.0426519874462907
price,2010-10-04 12:08:00,0.417701633261503,2.0426424069115994
price,2010-11-15 14:34:00,0.39367031054307794,2.042538793905413
price,2010-07-29 11:52:00,0.45121490304945727,2.042496595005293
dollar_volume,2010-11-22 13:37:00,0.1849664519290473,2.04247323180533
gross_return,2010-08-27 12:53:00,0.25934174617971795,2.042386087937771
dollar_volume,2010-07-12 12:14:00,0.018003278804417027,-2.042261036351299
dollar_volume,2010-10-14 13:42:00,0.16708323844210743,2.042168888378837
dollar_volume,2010-10-22 12:13:00,0.1618295599761485,2.042076585449498
dollar_volume,2010-09-08 13:03:00,0.1754798626245499,2.0420499210044865
price,2010-04-16 14:22:00,0.4918687739972478,2.0420389735897158
dollar_volume,2010-04-19 13:55:00,0.1812346601813017,2.0419701400693335
gross_return,2010-08-24 13:25:00,0.2746462038232451,2.041939469033641
gross_return,2010-10-04 13:32:00,0.23517082207094098,2.041687624881191
gross_return,2010-09-01 13:05:00,0.24789300116311308,2.0415861336720353
price,2010-05-03 12:31:00,0.49541757575668677,2.0415237889011966
gross_return,2010-05-26 13:52:00,0.17739163733292615,2.041445833480744
price,2010-05-26 15:44:00,0.3069443626919009,2.0414024063203264
price,2010-05-27 14:20:00,0.3150373372189696,2.0414015182045038
price,2010-12-14 14:01:00,0.43626672821396667,2.041346870730327
dollar_volume,2010-03-23 12:35:00,0.18154472506249783,2.041282414947253
gross_return,2010-06-23 14:57:00,0.2572655956597454,2.0412526563608413
price,2010-03-30 12:22:00,0.49028353448914697,2.041221531626674
dollar_volume,2010-12-07 14:02:00,0.17596995980232683,2.041147360408318
price,2010-07-29 11:51:00,0.45065266099380963,2.0411148113539808
dollar_volume,2010-01-13 14:25:00,0.1834943335692199,2.0410986920892613
gross_return,2010-08-27 12:55:00,0.25962658564754887,2.0410376407299338
dollar_volume,2010-07-19 14:43:00,0.1682797314401222,2.041009833068411
dollar_volume,2010-03-10 14:31:00,0.02166018037171838,-2.0409686029714966
price,2010-09-21 14:36:00,0.4327196964705269,2.040760392177221
dollar_volume,2010-03-10 14:29:00,0.021879938907178497,-2.04062459384184
dollar_volume,2010-02-26 12:36:00,0.19100370808713074,2.0405320000853053
dollar_volume,2010-11-02 15:02:00,0.019207095756468777,-2.040432786858297
price,2010-08-16 15:12:00,0.38892225395281976,2.0403928970666834
price,2010-07-15 10:53:00,0.4302295576723832,2.0403741375304647
dollar_volume,2010-12-30 11:24:00,0.19308096120016072,2.0403566786701073
price,2010-06-25 14:00:00,0.35574200753988994,2.040222307399755
dollar_volume,2010-07-16 15:26:00,0.1653071409864973,2.040144546522776
price,2010-06-11 10:43:00,0.3519232503623027,2.0401261168227736
dollar_volume,2010-09-17 13:21:00,0.026058864910935908,-2.0400890803505938
gross_return,2010-03-02 10:38:00,0.26970560169834457,2.04002713316473
dollar_volume,2010-04-19 15:41:00,0.18164044382444114,2.040022869965
price,2010-07-01 15:18:00,0.3240271441693345,2.039992451586638
dollar_volume,2010-06-11 13:12:00,0.18130309308484927,2.039850544698423
gross_return,2010-11-05 14:35:00,0.32137965773784943,2.039811074660151
gross_return,2010-11-17 14:06:00,0.24252154649067023,2.0397325518760505
dollar_volume,2010-06-04 13:03:00,0.17901166286943845,2.0394934861877916
dollar_volume,2010-01-13 14:16:00,0.18205235470992684,2.039490675079977
dollar_volume,2010-12-08 14:47:00,0.019093335688797876,-2.0394632091922764
dollar_volume,2010-01-29 12:39:00,0.021873758654341408,-2.0394578391447484
gross_return,2010-03-16 13:07:00,0.3330009317785323,2.0394092891220383
price,2010-08-18 13:15:00,0.42958271798230907,2.039390677038575
dollar_volume,2010-08-24 12:21:00,0.17232667844967114,2.0391831855251947
gross_return,2010-05-13 15:21:00,0.24242289989927834,2.0391732419031077
dollar_volume,2010-07-09 12:37:00,0.1689617652155052,2.039110760640753
dollar_volume,2010-09-17 14:44:00,0.02509637656438034,-2.0391094795236846
gross_return,2010-10-20 14:12:00,0.2448064225270579,2.0390093539064447
price,2010-09-17 10:32:00,0.4058838264333001,2.038958084955664
price,2010-09-14 15:26:00,0.40156632927890273,2.038934013189995
dollar_volume,2010-02-22 13:47:00,0.17332836284769748,2.03890221339372
gross_return,2010-09-22 14:15:00,0.28140026266856366,2.0388726700156874
gross_return,2010-08-18 12:36:00,0.28207468900917776,2.038837630371205
dollar_volume,2010-04-19 13:34:00,0.17986162756595395,2.0388114926119782
price,2010-12-22 12:10:00,0.6695955674622264,2.0386768112756957
gross_return,2010-08-24 13:26:00,0.2746462038232451,2.0386230146787976
gross_return,2010-07-21 14:29:00,0.2415631560349023,2.038476723910812
gross_return,2010-06-21 15:33:00,0.2295927228737776,2.038441574861829
dollar_volume,2010-03-02 12:11:00,0.19512303208230583,2.038428248988071
gross_return,2010-09-13 12:41:00,0.26452500206072965,2.0382991462613598
price,2010-04-16 14:18:00,0.4904843281591434,2.038149091993788
dollar_volume,2010-01-28 11:31:00,0.17713674132656818,2.0381193083146982
gross_return,2010-08-18 12:37:00,0.28207468900917754,2.038112489689453
price,2010-12-14 14:02:00,0.43626672821398815,2.0380708461018737
gross_return,2010-12-22 13:53:00,0.5612599754458842,2.038034833219586
dollar_volume,2010-04-27 11:15:00,0.020742096942849994,-2.0380347569004202
dollar_volume,2010-02-26 12:16:00,0.188444193675271,2.0380079515376104
price,2010-04-30 13:02:00,0.48885647530986104,2.037993411477656
gross_return,2010-05-17 12:23:00,0.19988889075446903,2.0379613463039163
price,2010-10-05 11:59:00,0.466095875715242,2.0378901664252544
price,2010-07-09 15:02:00,0.374640862532025,2.0378809007008574
dollar_volume,2010-02-22 14:05:00,0.1751906285222614,2.037838455078694
price,2010-02-25 14:22:00,0.5003218227032669,2.037795947877754
dollar_volume,2010-05-11 13:04:00,0.1872191012866269,2.0377750250511815
dollar_volume,2010-08-23 15:13:00,0.17608141796456694,2.037735802932744
price,2010-06-29 15:24:00,0.32958998371131604,2.037713704153446
price,2010-12-20 14:40:00,0.5872859784110303,2.0376887582515577
price,2010-09-29 15:45:00,0.43404820670463123,2.037686294498872
dollar_volume,2010-06-23 12:25:00,0.18338818189905126,2.0376248723995953
gross_return,2010-07-22 13:17:00,0.2342727269136554,2.0375995647634126
dollar_volume,2010-06-15 11:09:00,0.18266621123618443,2.037493780780911
dollar_volume,2010-05-12 12:56:00,0.19176594282934034,2.0374032673314653
dollar_volume,2010-02-01 12:59:00,0.015545075037093707,-2.0373667454711897
dollar_volume,2010-07-21 12:48:00,0.17390642157212288,2.037340665469503
price,2010-02-11 12:35:00,0.463717809642029,2.037308656999694
price,2010-04-14 15:45:00,0.528194876863525,2.037300706510959
dollar_volume,2010-07-06 15:23:00,0.16040676700815404,2.0372817250241955
price,2010-10-18 14:59:00,0.4285334085537679,2.0371590153048427
dollar_volume,2010-01-21 11:28:00,0.17026765938002653,2.037157227384946
gross_return,2010-05-04 15:53:00,0.232511755635967,2.0369970465965013
dollar_volume,2010-03-09 13:34:00,0.02037818147246276,-2.0369520218814072
dollar_volume,2010-11-05 13:49:00,0.1663232911228962,2.0368993740232244
gross_return,2010-08-19 12:31:00,0.2500033342308019,2.0367231465983915
dollar_volume,2010-06-10 15:33:00,0.17807714793590845,2.0366022014826077
dollar_volume,2010-07-16 15:37:00,0.16703015514550315,2.036575910504739
gross_return,2010-06-07 13:34:00,0.22137673943592948,2.0365052920604585
price,2010-09-03 13:08:00,0.5084291808747083,2.0363800706768416
gross_return,2010-08-10 12:46:00,0.23637094955569377,2.036350496503797
price,2010-02-09 12:12:00,0.43466424348904736,2.036315986997168
gross_return,2010-08-19 10:35:00,0.24297446925834237,2.036258835351089
gross_return,2010-07-12 12:51:00,0.233718817205872,2.036229512325941
dollar_volume,2010-07-21 12:49:00,0.17399624064164632,2.0361762545165414
gross_return,2010-06-21 12:18:00,0.22647385847864998,2.0358978518975515
gross_return,2010-07-21 13:33:00,0.2341652562872433,2.035885903693533
price,2010-09-02 13:01:00,0.5112321305162986,2.0358149728799733
dollar_volume,2010-06-16 10:57:00,0.1893430725712644,2.035764728668626
dollar_volume,2010-12-30 11:25:00,0.1930232818684504,2.035729399276389
dollar_volume,2010-01-13 14:17:00,0.18202803615334565,2.035580231950395
gross_return,2010-11-01 13:20:00,0.3120100071122242,2.0353835489859406
price,2010-02-02 15:28:00,0.42966165113109694,2.0353576712167305
dollar_volume,2010-03-29 14:12:00,0.19200459152310523,2.035288466915948
dollar_volume,2010-06-22 13:46:00,0.1803104582221422,2.0351756413717914
price,2010-01-07 11:36:00,0.5982196378326193,2.0351580164271903
dollar_volume,2010-07-16 11:57:00,0.1650411300157847,2.0350813387763287
dollar_volume,2010-08-05 15:09:00,0.1820454874486473,2.035079724784251
dollar_volume,2010-02-26 11:08:00,0.18756839328961297,2.035067741517862
gross_return,2010-12-22 13:48:00,0.5584736236045162,2.0350564486599754
dollar_volume,2010-11-02 15:19:00,0.15488077956862112,2.0350538741448667
gross_return,2010-07-21 13:34:00,0.23429542202831322,2.035029919337718
gross_return,2010-09-13 12:42:00,0.2645253337595884,2.0350145635941357
dollar_volume,2010-05-24 14:56:00,0.159602675739195,2.0350059565038157
dollar_volume,2010-05-14 12:15:00,0.1974355770239039,2.0350041343275063
price,2010-09-14 14:57:00,0.39327090931473824,2.0349120167252277
gross_return,2010-07-22 13:18:00,0.23416614273829683,2.0348380619233852
price,2010-12-16 13:16:00,0.5039210132004958,2.0347980060146487
dollar_volume,2010-05-07 12:58:00,0.17219524616632348,2.0347620866990477
price,2010-09-20 14:57:00,0.41908837418647804,2.0347199875491424
price,2010-03-16 11:30:00,0.4830372550714468,2.034647493063013
price,2010-07-15 10:33:00,0.4187466490304447,2.034624970255256
dollar_volume,2010-05-20 13:47:00,0.16712789433147143,2.0345286508128093
price,2010-02-16 15:51:00,0.493339777804286,2.0342283801862306
price,2010-04-27 12:09:00,0.48527629641597353,2.034122642018861
gross_return,2010-07-26 11:35:00,0.22173234718105073,2.0339959893551183
dollar_volume,2010-05-10 11:09:00,0.1746480215273372,2.033961764642308
dollar_volume,2010-02-05 14:19:00,0.1833103183494213,2.033922362562898
price,2010-03-16 13:13:00,0.4846387423851548,2.033714039281342
gross_return,2010-10-29 13:13:00,0.2921752022623679,2.0336317505741266
price,2010-11-19 13:10:00,0.38564355450076826,2.0335486439937873
dollar_volume,2010-08-16 15:10:00,0.18517186135222002,2.033478851303675
price,2010-03-15 15:15:00,0.47633059847396886,2.0332775022947973
gross_return,2010-06-07 13:35:00,0.22137712495246328,2.0332040533130016
price,2010-07-23 14:07:00,0.42225136786196366,2.0331694104720657
dollar_volume,2010-04-07 13:34:00,0.19406004820082998,2.03311766856622
dollar_volume,2010-05-07 14:01:00,0.17524542050851669,2.033092643506447
dollar_volume,2010-02-22 14:06:00,0.17512401725531823,2.0330327564071333
dollar_volume,2010-01-11 12:02:00,0.020365320078487667,-2.0329836911206627
dollar_volume,2010-08-16 11:30:00,0.1813705234296577,2.0328633870026374
dollar_volume,2010-03-17 13:32:00,0.17892958685309118,2.032743761343214
dollar_volume,2010-10-13 14:50:00,0.1652207887242094,2.0324147887363697
dollar_volume,2010-11-02 15:18:00,0.15467782867512025,2.032270423919407
price,2010-12-14 13:44:00,0.4298657673331663,2.0322210645101793
dollar_volume,2010-03-26 14:26:00,0.1912474121309124,2.032151875543025
price,2010-01-21 10:38:00,0.5459186981313037,2.0321501630944225
dollar_volume,2010-11-18 12:34:00,0.014727129406885354,-2.0319487318476317
price,2010-10-12 11:15:00,0.4872297771269984,2.0315237649924325
gross_return,2010-07-15 15:39:00,0.2512139478574371,2.0315170326330936
dollar_volume,2010-05-10 11:52:00,0.1776565702295722,2.0314521876613654
price,2010-08-18 11:45:00,0.42439482862341976,2.031281681716663
gross_return,2010-11-08 11:24:00,0.3252515297804815,2.031265618269099
price,2010-06-02 14:58:00,0.4125330236747231,2.0311827016702297
dollar_volume,2010-01-21 12:09:00,0.17271145292721823,2.0311325983539374
price,2010-03-10 12:38:00,0.41905546880046884,2.031034347715282
gross_return,2010-10-08 12:30:00,0.24949555310899385,2.030909139755717
gross_return,2010-07-26 11:36:00,0.22173316346849892,2.0307482235940872
price,2010-10-12 11:31:00,0.49613824199365514,2.0307077662174096
dollar_volume,2010-05-24 14:55:00,0.15935080352876888,2.030564456565808
dollar_volume,2010-06-08 15:07:00,0.15566808917618682,2.0305266088375538
dollar_volume,2010-11-12 15:10:00,0.17652979049104764,2.030355003358073
price,2010-11-01 15:11:00,0.37410161453380053,2.0303452828368447
gross_return,2010-12-23 13:46:00,0.6119049249310511,2.030132094136963
price,2010-03-22 13:19:00,0.47722823771734424,2.0299908138985523
dollar_volume,2010-05-25 14:33:00,0.16242715870008503,2.0299315910323434
dollar_volume,2010-02-17 11:47:00,0.017575113016439756,-2.0298684676057364
dollar_volume,2010-01-14 10:29:00,0.18477522186663273,2.0297868233635707
price,2010-04-07 13:30:00,0.5149503903308537,2.029733866293739
dollar_volume,2010-11-10 10:48:00,0.024420140247838562,-2.029575934026105
gross_return,2010-12-01 13:33:00,0.26175352942103947,2.029439497533137
dollar_volume,2010-01-27 15:28:00,0.17511321551593598,2.0294361216913264
dollar_volume,2010-08-09 15:09:00,0.17178198548730103,2.0294123474092474
dollar_volume,2010-07-12 12:15:00,0.018350840085837282,-2.0293910914080473
gross_return,2010-12-10 14:19:00,0.2857258584644527,2.029373129629902
dollar_volume,2010-10-13 14:56:00,0.16545396038046872,2.029320236049612
price,2010-06-02 14:55:00,0.41130550927765375,2.0292523576660906
price,2010-08-16 10:50:00,0.4120941299474439,2.029171200151493
price,2010-02-16 15:52:00,0.49306836989035707,2.029156959625916
price,2010-09-03 13:01:00,0.5044320556402101,2.0291205508637216
price,2010-07-19 15:13:00,0.3927585463365518,2.0290414023014063
price,2010-03-10 15:44:00,0.4351371137671817,2.0290066232280854
price,2010-01-07 11:34:00,0.5958408113078382,2.028989501807822
dollar_volume,2010-07-01 10:30:00,0.1730601363224607,2.0289783689846335
gross_return,2010-04-01 13:40:00,0.26000757658093643,2.0289389124010095
price,2010-03-05 10:48:00,0.4102830515149168,2.028914112993088
dollar_volume,2010-03-10 14:30:00,0.022195651284716594,-2.0289046897742535
gross_return,2010-09-17 14:12:00,0.29126371815656465,2.0288768765731127
gross_return,2010-03-31 13:55:00,0.26564849551117603,2.028838612900032
gross_return,2010-08-05 12:43:00,0.2633939716231716,2.0288246619101296
price,2010-06-08 15:53:00,0.37425374415105306,2.028805447242893
dollar_volume,2010-07-13 10:34:00,0.16907345165501128,2.0287867920491225
price,2010-12-22 12:24:00,0.6741366602773752,2.0286330514322426
price,2010-03-18 13:43:00,0.5134079065939152,2.0285913011948384
gross_return,2010-02-24 10:40:00,0.031113252811399122,-2.0285670781262994
gross_return,2010-10-21 14:13:00,0.25396933027656055,2.028485964160971
gross_return,2010-06-15 13:12:00,0.21075609122018313,2.0284474611564978
price,2010-05-11 14:07:00,0.34022733741249456,2.0284377689893693
dollar_volume,2010-04-12 15:45:00,0.1954154094113553,2.028372146727754
dollar_volume,2010-03-17 13:20:00,0.17717339629199588,2.028337454761036
dollar_volume,2010-08-27 12:56:00,0.1831347661186416,2.028300769408633
gross_return,2010-07-15 15:40:00,0.2512132362599622,2.0282534525462
gross_return,2010-12-01 13:26:00,0.2603455521216003,2.0282010241564112
dollar_volume,2010-05-07 15:56:00,0.1755469940573453,2.028195606536006
gross_return,2010-05-05 15:00:00,0.23264115650262213,2.028171737058846
gross_return,2010-05-19 13:09:00,0.2141117920789736,2.0280704023488507
dollar_volume,2010-07-13 12:29:00,0.17415101974793057,2.0280480320452634
price,2010-07-15 15:29:00,0.3976831484538652,2.027985477176798
gross_return,2010-12-31 12:37:00,0.8441325774213847,2.027880616018001
price,2010-11-05 11:56:00,0.3966595471938228,2.027769263261223
dollar_volume,2010-11-15 10:47:00,0.17976032405471626,2.0277473811152347
dollar_volume,2010-02-17 11:48:00,0.017540294881652832,-2.02774229533669
dollar_volume,2010-11-16 13:31:00,0.18097319136844955,2.0276518411886744
dollar_volume,2010-02-22 14:54:00,0.1819237161905565,2.0275122241805095
price,2010-01-07 11:31:00,0.5932182197928446,2.027401650888714
dollar_volume,2010-04-27 11:16:00,0.02106454891698592,-2.0273961633995667
gross_return,2010-09-24 12:39:00,0.29660446805963786,2.0271879088042963
price,2010-10-01 11:13:00,0.4367553115766327,2.0270823798764916
dollar_volume,2010-11-12 13:57:00,0.17433731385538814,2.0270547175253038
dollar_volume,2010-07-07 12:25:00,0.16646063114686743,2.0270052319275007
price,2010-05-03 13:13:00,0.5206953777259885,2.0269826063071488
price,2010-02-19 11:39:00,0.5091742917273689,2.0268980471376126
price,2010-05-24 12:59:00,0.33893949966581616,2.026890331601891
dollar_volume,2010-11-23 15:39:00,0.1847571601187441,2.0266406891617184
price,2010-07-07 13:18:00,0.32880549152594185,2.026615830524858
dollar_volume,2010-05-27 10:58:00,0.028477124020055367,-2.0264795545914884
dollar_volume,2010-04-12 15:42:00,0.19494507604880226,2.026474537657119
price,2010-07-01 14:58:00,0.3202781839912008,2.02643520345598
gross_return,2010-07-07 11:03:00,0.2173428395543387,2.026338941904982
price,2010-07-23 13:42:00,0.4072113774341132,2.0262202942577496
gross_return,2010-09-10 15:38:00,0.26761412869900514,2.026218112375481
dollar_volume,2010-03-03 10:50:00,0.19345254261158235,2.0261672849777903
dollar_volume,2010-09-21 10:37:00,0.18035343597634815,2.0261579451139617
dollar_volume,2010-11-02 15:29:00,0.15526154419238933,2.026128243238699
gross_return,2010-12-17 14:44:00,0.45792267528344455,2.026100162488997
dollar_volume,2010-11-02 15:17:00,0.15435992124790596,2.02600132562916
gross_return,2010-06-15 13:13:00,0.21075633033075664,2.02593139653418
dollar_volume,2010-05-25 10:30:00,0.15792188026995682,2.0259266967359673
gross_return,2010-04-28 14:29:00,0.2787690133491591,2.025848516232164
price,2010-10-07 14:46:00,0.4760466160414353,2.025789692812984
price,2010-08-02 11:57:00,0.46835078184142903,2.0257322503887356
price,2010-10-07 13:51:00,0.454442634528669,2.025673404644085
dollar_volume,2010-09-08 15:36:00,0.025824643888000903,-2.0256683216396127
dollar_volume,2010-10-11 15:14:00,0.15197526784570814,2.025637618009001
gross_return,2010-07-28 15:17:00,0.23223398686535582,2.025583861831235
dollar_volume,2010-07-22 11:21:00,0.18315293812185865,2.0255463787199566
dollar_volume,2010-11-08 15:51:00,0.17482998779160291,2.0254375384642658
dollar_volume,2010-09-20 10:59:00,0.022748663453757163,-2.0252863971492405
dollar_volume,2010-08-09 15:11:00,0.17187828546542253,2.0252849213313846
gross_return,2010-12-31 12:38:00,0.8442612391570116,2.025249877799187
gross_return,2010-04-30 11:29:00,0.267882742876556,2.0252069510882524
price,2010-04-16 14:25:00,0.4905057926367523,2.025171731596973
price,2010-06-02 15:04:00,0.41374183675498954,2.025084486004451
price,2010-08-10 14:26:00,0.44094910599868514,2.0250197439572437
dollar_volume,2010-10-22 12:17:00,0.161639835776044,2.0248771019826
dollar_volume,2010-01-13 14:41:00,0.183350509869234,2.024733678253939
dollar_volume,2010-08-09 15:10:00,0.17172598929456637,2.02467121609544
gross_return,2010-11-18 14:25:00,0.26886281219492003,2.0244428631043148
price,2010-05-11 14:58:00,0.3429706032156745,2.024420186343196
gross_return,2010-04-15 10:29:00,0.3305950077751645,2.024272250035978
gross_return,2010-06-17 10:56:00,0.21676629868042427,2.0242386033876936
gross_return,2010-06-16 14:11:00,0.2043850777145162,2.024234629743129
dollar_volume,2010-05-07 12:59:00,0.17191538103334258,2.024232104152282
dollar_volume,2010-03-02 11:46:00,0.19421386232069648,2.0241553871532587
gross_return,2010-05-05 15:01:00,0.23259297090776315,2.02415052407797
price,2010-09-03 13:03:00,0.5045824216083017,2.0240111322630416
dollar_volume,2010-05-25 12:37:00,0.16144336831243358,2.0239944510142585
gross_return,2010-09-10 15:34:00,0.26677916786390743,2.0239417416130796
gross_return,2010-12-17 14:34:00,0.4537985169889757,2.023887248319162
price,2010-02-18 14:37:00,0.4825342000792023,2.023867086937319
gross_return,2010-04-07 12:57:00,0.32699998561602583,2.023858265999219
price,2010-08-23 11:32:00,0.4504505896847238,2.023769765442776
gross_return,2010-12-09 10:38:00,0.29398961011089336,2.0237528049392384
dollar_volume,2010-05-27 10:34:00,0.02854093806748134,-2.0237339451710343
gross_return,2010-07-20 13:12:00,0.24204488586844125,2.023684902566521
dollar_volume,2010-11-18 12:35:00,0.014987040025118073,-2.023621646250299
gross_return,2010-12-22 14:26:00,0.5752649201489298,2.0236172676820687
dollar_volume,2010-05-10 11:49:00,0.17687397900531682,2.02350875815487
dollar_volume,2010-01-28 12:56:00,0.18413520289370772,2.0234832758888444
gross_return,2010-12-06 14:58:00,0.27672469490253104,2.0234026227694413
gross_return,2010-12-23 13:48:00,0.6119049346451589,2.02336990871547
gross_return,2010-09-20 12:54:00,0.298273451901811,2.023229800248453
price,2010-09-20 15:02:00,0.4194015563236703,2.0230872263232675
dollar_volume,2010-09-03 14:01:00,0.025583404596629014,-2.0230376467053337
gross_return,2010-12-06 15:41:00,0.2831124971613437,2.0229986276528464
gross_return,2010-08-17 12:35:00,0.2770536247777493,2.0229899942748255
gross_return,2010-12-17 14:45:00,0.45792267528344455,2.022970390028167
price,2010-03-23 15:53:00,0.5010686896386491,2.0229556508483952
gross_return,2010-05-26 13:34:00,0.019579692202704682,-2.022878047523455
dollar_volume,2010-09-08 11:52:00,0.028959088319048747,-2.022834392198651
price,2010-06-11 11:33:00,0.35461425548001857,2.0228100974929726
gross_return,2010-03-16 12:45:00,0.33013410870172755,2.02278533603993
price,2010-06-15 14:42:00,0.37447262015358407,2.0227418267007167
dollar_volume,2010-08-05 11:05:00,0.18382116118978178,2.022702314810203
dollar_volume,2010-03-04 13:17:00,0.19463164006787342,2.0225984731714965
price,2010-05-12 12:31:00,0.32418209708048124,2.022572872549826
price,2010-02-10 10:36:00,0.43712974000443533,2.0225420758065034
price,2010-06-11 11:11:00,0.3544501488102051,2.022502881196405
dollar_volume,2010-07-07 12:18:00,0.16596556945927168,2.022483496044314
gross_return,2010-04-07 12:58:00,0.32714793573019224,2.0224581462291895
dollar_volume,2010-08-04 12:47:00,0.1843292988590394,2.022431314259418
gross_return,2010-07-09 11:24:00,0.221030895673291,2.022395989678495
gross_return,2010-10-21 14:15:00,0.2539772776148111,2.0223350369127666
gross_return,2010-09-17 13:41:00,0.28211994627773695,2.022222390817323
price,2010-04-23 13:09:00,0.4767932074860399,2.02220121251613
dollar_volume,2010-01-13 14:42:00,0.18335411322716988,2.0221810225301846
dollar_volume,2010-12-29 15:03:00,0.19205307292220247,2.022175627247704
gross_return,2010-12-01 13:14:00,0.25583286488071544,2.022050035837452
gross_return,2010-07-12 12:52:00,0.2331169858816373,2.0220085544261948
price,2010-12-22 12:12:00,0.6677600408097268,2.0219966353639185
gross_return,2010-05-17 11:56:00,0.19498533160549839,2.021831373118925
dollar_volume,2010-04-05 15:43:00,0.20120323661719972,2.0217927711357997
gross_return,2010-12-21 15:10:00,0.5351869984559174,2.0217692484462617
price,2010-02-25 14:23:00,0.498510259168337,2.0217562982628094
gross_return,2010-08-20 14:09:00,0.26528910251408155,2.021724986371281
price,2010-12-15 13:22:00,0.4734840379500099,2.0216011220705177
price,2010-06-16 15:32:00,0.37847199705401713,2.0215781268024413
dollar_volume,2010-02-16 13:55:00,0.17086360115311133,2.0215388274223685
gross_return,2010-08-02 12:42:00,0.26216030768142584,2.0215325744781016
price,2010-09-14 15:09:00,0.39567487548056907,2.0214148065534863
dollar_volume,2010-02-18 12:27:00,0.1714226291478657,2.0213750325342454
gross_return,2010-08-27 11:10:00,0.25297944005975626,2.021164447990229
dollar_volume,2010-01-15 14:01:00,0.1807846725967548,2.021071404976577
price,2010-05-26 12:07:00,0.2908087024738664,2.0209915411553903
dollar_volume,2010-02-17 13:26:00,0.016753223554253953,-2.0209529879471266
price,2010-07-15 10:32:00,0.4168881265951649,2.020900800942193
gross_return,2010-08-10 13:10:00,0.23645364014382353,2.0208805459933106
gross_return,2010-03-01 10:36:00,0.03806156946539042,-2.020862911679135
dollar_volume,2010-11-26 10:38:00,0.18467122463869923,2.020831012291682
dollar_volume,2010-05-27 15:43:00,0.025869201755692774,-2.0208036254851742
price,2010-03-31 15:06:00,0.471054511924762,2.020791224900371
dollar_volume,2010-03-19 13:09:00,0.17350260357647046,2.0206998126021047
price,2010-03-15 15:13:00,0.47406269215046526,2.020663177644264
price,2010-03-05 10:47:00,0.40908507818624085,2.0206578834299247
dollar_volume,2010-03-09 13:35:00,0.020907510537176873,-2.0206391307588283
gross_return,2010-07-23 12:03:00,0.2224646868958819,2.0206301177856405
dollar_volume,2010-07-02 15:08:00,0.025357220269127748,-2.0205391607573633
gross_return,2010-03-16 12:46:00,0.33013410870172755,2.020517177157911
gross_return,2010-06-16 10:44:00,0.21491462566865893,2.0205064451719776
gross_return,2010-12-10 14:12:00,0.28402847350598115,2.0204699634901915
price,2010-02-04 15:31:00,0.40025273083156776,2.0204418961284962
price,2010-08-23 11:29:00,0.4489394268302517,2.020418282715543
price,2010-03-10 12:16:00,0.41297911172786206,2.0204127926193682
price,2010-04-21 14:31:00,0.48281295719939765,2.020409980092963
price,2010-08-23 15:44:00,0.4614542219095058,2.020403882496509
price,2010-03-16 11:31:00,0.4816016573849424,2.020375156720619
price,2010-04-05 11:25:00,0.48231035401188205,2.020254921053121
dollar_volume,2010-01-28 11:08:00,0.027527701802619455,-2.020179674408211
gross_return,2010-08-23 13:11:00,0.2728994463870477,2.0201477248090276
gross_return,2010-12-23 13:49:00,0.611904984535166,2.0201297114060752
price,2010-06-08 15:55:00,0.3737503409659694,2.0198440771056045
dollar_volume,2010-09-08 13:38:00,0.028112769043596567,-2.0197971927219043
gross_return,2010-02-02 14:15:00,0.2527635777982227,2.0197866636522965
gross_return,2010-05-21 11:17:00,0.015001845881207412,-2.019766461074407
price,2010-12-10 12:37:00,0.40224402508468426,2.019765973636108
dollar_volume,2010-07-02 15:11:00,0.025158334012585958,-2.019730240473281
price,2010-02-11 12:04:00,0.4343253244539745,2.019705622832039
price,2010-04-06 14:47:00,0.46919747971259496,2.0196986677995934
gross_return,2010-03-16 14:08:00,0.3373369136834531,2.0196754656687186
gross_return,2010-09-14 13:18:00,0.27950767297174695,2.0196624574464077
dollar_volume,2010-10-19 11:07:00,0.16968474736802447,2.0196390144364726
price,2010-03-10 12:26:00,0.4155938709087995,2.019589099125067
dollar_volume,2010-07-01 11:50:00,0.1654381944073696,2.0195489797821713
price,2010-04-30 12:25:00,0.48380288613838385,2.01953613449642
dollar_volume,2010-07-21 10:59:00,0.172197925259705,2.0195106207391316
dollar_volume,2010-10-12 10:30:00,0.1582332736777288,2.019304085463372
dollar_volume,2010-10-18 11:30:00,0.1639298171315876,2.01923760445678
dollar_volume,2010-03-15 11:55:00,0.17275431001147357,2.0192267778088557
dollar_volume,2010-10-20 15:55:00,0.019826553950426276,-2.0191908662209674
dollar_volume,2010-08-24 11:26:00,0.16694928132911288,2.0191882002978825
dollar_volume,2010-11-10 10:34:00,0.026124994225736796,-2.019179111597581
price,2010-04-16 14:27:00,0.4903187451112426,2.01914705996358
dollar_volume,2010-07-13 12:14:00,0.1726076155654917,2.019123568174534
gross_return,2010-12-22 14:15:00,0.568847038570512,2.019049949243167
dollar_volume,2010-04-20 14:09:00,0.18433465668574375,2.0187141422863433
price,2010-10-27 12:02:00,0.45725576683160635,2.018692793129317
gross_return,2010-09-14 13:16:00,0.27898848088534167,2.018665104763726
dollar_volume,2010-12-09 11:51:00,0.017157901965847423,-2.018626424610697
gross_return,2010-05-17 15:17:00,0.20470668790774607,2.0186194277785576
price,2010-05-24 13:00:00,0.3384612592019455,2.0184705675004695
dollar_volume,2010-09-08 13:37:00,0.028282955840528545,-2.018356816288618
gross_return,2010-07-28 14:28:00,0.016976329088232715,-2.01832724779207
gross_return,2010-06-10 14:58:00,0.20876147417052388,2.0180512350137443
price,2010-12-16 13:08:00,0.4988292989210742,2.017963102141241
gross_return,2010-07-19 14:37:00,0.24357904082892753,2.0178081426612575
dollar_volume,2010-11-02 15:20:00,0.15440287773410108,2.0175900685952017
gross_return,2010-05-17 11:57:00,0.19492769823339628,2.0175676643570886
dollar_volume,2010-12-09 14:08:00,0.17556082669805131,2.017531162448911
dollar_volume,2010-06-24 11:42:00,0.01735723572902499,-2.017509043420226
dollar_volume,2010-09-08 12:57:00,0.17391700583107678,2.017487195895942
dollar_volume,2010-02-26 14:13:00,0.19289733496394704,2.017484809987901
dollar_volume,2010-09-01 14:59:00,0.18180303274420606,2.0174384175560953
price,2010-06-11 11:32:00,0.3539275049281932,2.0174271801370693
dollar_volume,2010-03-19 11:25:00,0.01541813013935337,-2.0173254904548323
price,2010-04-30 15:15:00,0.48623607217872744,2.0172282481557016
gross_return,2010-08-27 12:59:00,0.259193181900355,2.0171936614983004
dollar_volume,2010-06-09 13:20:00,0.158518540342481,2.0171452561992917
dollar_volume,2010-10-06 13:06:00,0.020069017501619733,-2.0171107500446532
gross_return,2010-12-21 15:15:00,0.5369529031067535,2.017043693562464
price,2010-06-17 11:01:00,0.3805662860072,2.016988076871036
dollar_volume,2010-11-05 13:47:00,0.16540379343973044,2.0169712945660696
price,2010-06-01 14:26:00,0.40817925802109606,2.016934452348873
dollar_volume,2010-03-26 13:40:00,0.1816247872056031,2.0168925497053602
dollar_volume,2010-05-10 12:29:00,0.178822088783443,2.0168066908603066
gross_return,2010-06-08 13:52:00,0.2108715614260831,2.016773462485017
price,2010-08-10 14:19:00,0.43854710358905336,2.016743617920979
dollar_volume,2010-07-02 11:59:00,0.15765347780496627,2.0165740200552777
gross_return,2010-06-21 13:23:00,0.22527573950619478,2.016532772728791
gross_return,2010-02-02 13:38:00,0.24354577026675828,2.0165099474361026
dollar_volume,2010-08-05 12:18:00,0.17750687532817783,2.0164180736603985
gross_return,2010-06-10 14:59:00,0.20876191116166526,2.0163716406978485
price,2010-03-10 12:22:00,0.4142847190477691,2.016352151029589
price,2010-06-07 12:11:00,0.41332266470013,2.016275867122081
dollar_volume,2010-10-12 14:41:00,0.1650659584161489,2.0162651487646923
price,2010-10-08 13:07:00,0.4713043896237182,2.016232422138356
gross_return,2010-12-07 11:19:00,0.28765562366510616,2.0161980018209604
gross_return,2010-02-24 10:39:00,0.032020478623253266,-2.0161882967373894
price,2010-05-26 12:04:00,0.2895666558335622,2.016164819137348
dollar_volume,2010-07-08 13:05:00,0.1597513479617279,2.016079058173055
dollar_volume,2010-07-21 10:42:00,0.17101265309026306,2.0160320766688677
price,2010-05-13 15:51:00,0.342155764936502,2.015996033067108
price,2010-09-03 13:02:00,0.5031019208234454,2.0159490411748346
dollar_volume,2010-09-20 14:56:00,0.17798174426401545,2.015903463391361
gross_return,2010-10-21 14:14:00,0.25343437509642175,2.015831588527383
dollar_volume,2010-04-07 13:43:00,0.19363564156919313,2.015767455076902
price,2010-08-25 15:00:00,0.4136860732639891,2.015625738897503
gross_return,2010-10-06 10:54:00,0.028934952049152685,-2.0155223357424035
price,2010-01-19 15:51:00,0.5450567917801132,2.0153022472797004
gross_return,2010-10-20 13:59:00,0.24228592436155566,2.015114703182255
dollar_volume,2010-06-29 11:37:00,0.17745241170922504,2.0150649545773485
price,2010-11-22 15:59:00,0.4798609241251744,2.0150603006718737
gross_return,2010-05-05 15:12:00,0.2340443726349638,2.015051513418108
dollar_volume,2010-01-06 11:45:00,0.03282907099507869,-2.0149381599985277
dollar_volume,2010-11-02 11:26:00,0.15394606140425446,2.0148523055336107
dollar_volume,2010-05-04 15:53:00,0.19166217800450908,2.0148280667483394
gross_return,2010-08-02 11:09:00,0.24746168660038334,2.014816380987516
gross_return,2010-06-08 13:31:00,0.2081040533716807,2.0147899166332865
price,2010-07-01 10:39:00,0.3159602725613547,2.0147417659520586
gross_return,2010-10-11 13:01:00,0.2687189504471249,2.014708676349453
price,2010-02-04 15:01:00,0.3974751137072626,2.014706412859985
price,2010-06-22 15:09:00,0.37159730361864707,2.01464920241898
price,2010-07-14 14:01:00,0.40676638663542647,2.014517865571968
price,2010-10-05 11:50:00,0.46035093763659285,2.0144097877039284
price,2010-08-10 14:42:00,0.4433562383142764,2.014348278641951
dollar_volume,2010-03-17 13:45:00,0.1773249677879318,2.0143301112683445
gross_return,2010-11-02 11:38:00,0.28916156680599897,2.0143055911692773
price,2010-06-11 10:31:00,0.34628886542004444,2.0143033038114635
price,2010-10-05 11:56:00,0.4620716876999724,2.0141359480028806
gross_return,2010-10-20 13:57:00,0.2421322087336209,2.0140941539435966
price,2010-10-18 15:16:00,0.43011554402221924,2.014049642640818
gross_return,2010-03-16 14:07:00,0.337135633806517,2.0140329908861134
dollar_volume,2010-12-23 13:37:00,0.19642161780840867,2.0139990020522287
dollar_volume,2010-08-05 12:19:00,0.17753541802367673,2.0139944937427003
price,2010-12-17 13:20:00,0.519278373527802,2.0139854566078315
dollar_volume,2010-11-05 13:48:00,0.16538895781669546,2.013959951891589
dollar_volume,2010-09-01 15:13:00,0.18259606674077888,2.0139352000993105
dollar_volume,2010-07-07 14:42:00,0.02142939861453892,-2.0139056891174407
dollar_volume,2010-07-30 15:30:00,0.18545783828200765,2.013883833503291
price,2010-07-27 13:51:00,0.45313787681010925,2.0138703884230407
dollar_volume,2010-08-23 15:12:00,0.17495459267938573,2.013868674433589
price,2010-05-26 13:57:00,0.2906000572373871,2.0137909353469046
price,2010-08-10 14:20:00,0.4382844429189987,2.0137902176160645
gross_return,2010-07-14 14:08:00,0.2534349671309145,2.0137742812635637
price,2010-11-19 13:14:00,0.38439761673039285,2.0136645895173495
price,2010-05-24 12:11:00,0.32566355381973133,2.013565870843201
dollar_volume,2010-01-27 14:27:00,0.17399381301062633,2.0131546250477
price,2010-10-07 14:22:00,0.4691221958073779,2.0131509134264656
gross_return,2010-10-20 13:58:00,0.24213212612972268,2.013150078179693
gross_return,2010-12-21 15:14:00,0.5358451354442215,2.012977791774993
dollar_volume,2010-03-10 15:36:00,0.17483948830858517,2.012909894569623
gross_return,2010-09-24 12:33:00,0.29455244123243873,2.012864790021819
gross_return,2010-04-15 10:30:00,0.3299096012865996,2.0125719860226203
dollar_volume,2010-12-10 12:19:00,0.18434665322434368,2.012539439944339
price,2010-08-09 15:07:00,0.483428202213253,2.0125300443848473
gross_return,2010-10-20 13:54:00,0.24215375840378603,2.012368209004424
price,2010-04-01 13:50:00,0.4605325373647627,2.0123484760410784
price,2010-03-22 13:20:00,0.4755010994724193,2.0123042089595007
dollar_volume,2010-11-12 15:05:00,0.17550481393081885,2.012258366437563
dollar_volume,2010-07-06 14:52:00,0.02068342739301772,-2.0120993395193305
dollar_volume,2010-02-25 14:23:00,0.18380093019085877,2.01207131932572
dollar_volume,2010-12-09 14:07:00,0.17522388784065798,2.012043647132409
gross_return,2010-12-06 11:49:00,0.2615892980799463,2.0119432898972405
dollar_volume,2010-03-10 15:28:00,0.174595291732005,2.011912810977471
gross_return,2010-06-08 13:53:00,0.2107411090433246,2.011595048356817
price,2010-03-05 14:47:00,0.37964464698293277,2.0115410273772145
dollar_volume,2010-12-15 15:33:00,0.19649664902661995,2.0115325108684248
price,2010-10-19 14:13:00,0.4373582454357714,2.011353254702276
gross_return,2010-05-26 14:04:00,0.17757089559223443,2.0112926846756287
price,2010-02-12 14:39:00,0.5064568718377873,2.011217922869966
dollar_volume,2010-09-23 14:17:00,0.20482214299625873,2.0110782337812805
gross_return,2010-05-17 11:41:00,0.193346983920781,2.01094953165066
dollar_volume,2010-12-01 13:34:00,0.18347721820335433,2.0109227211227547
dollar_volume,2010-03-17 13:30:00,0.17793652113205452,2.0108957930264175
price,2010-08-04 15:40:00,0.4412842674861911,2.0108673527036998
dollar_volume,2010-07-07 14:44:00,0.021396076086455763,-2.0107446991119278
dollar_volume,2010-08-05 15:18:00,0.18242349501634186,2.0107337419491476
dollar_volume,2010-03-19 11:27:00,0.015511581552890927,-2.0106164475932395
price,2010-01-13 11:37:00,0.47906064368050316,2.010599765726668
price,2010-04-23 13:22:00,0.4759009219252436,2.010444998327904
price,2010-06-10 15:31:00,0.34280976992329854,2.010350331548624
dollar_volume,2010-06-04 12:54:00,0.1769059870791222,2.0103126110645824
dollar_volume,2010-08-31 14:11:00,0.18450849734962,2.0102921147707895
dollar_volume,2010-11-05 13:43:00,0.164748842012947,2.010232900767188
price,2010-12-20 14:43:00,0.5844664371917686,2.010214803222829
price,2010-10-27 15:20:00,0.44826474298355523,2.0101449864898595
gross_return,2010-08-27 12:54:00,0.2575467382935549,2.010126076735008
dollar_volume,2010-06-15 13:44:00,0.18511435588585956,2.0101045248126854
dollar_volume,2010-06-07 10:40:00,0.17723866078498268,2.0100608169484455
dollar_volume,2010-04-15 14:34:00,0.17027004620722408,2.0099628414393225
dollar_volume,2010-04-12 15:41:00,0.19406961551108112,2.009959921494603
dollar_volume,2010-11-02 11:16:00,0.1525306078981501,2.009928791008381
gross_return,2010-03-08 13:43:00,0.3469912977647069,2.0098917402124727
gross_return,2010-01-28 13:20:00,0.25366846078564886,2.0097993294109067
price,2010-03-03 14:47:00,0.41968562407418714,2.009773019591426
dollar_volume,2010-04-16 11:42:00,0.1712872524580825,2.009768085082601
gross_return,2010-10-20 13:53:00,0.24215368685015637,2.0095822175428664
price,2010-03-10 15:40:00,0.4318402348770864,2.009562010852356
dollar_volume,2010-08-16 11:04:00,0.17370540683721564,2.009537256388545
price,2010-03-22 13:22:00,0.47587974787038556,2.009398588335038
dollar_volume,2010-10-21 15:01:00,0.1584422969859953,2.0093796167891744
price,2010-01-07 11:13:00,0.5788107452848321,2.009295600738023
price,2010-10-08 12:49:00,0.46044794346706847,2.0092878914081793
dollar_volume,2010-03-19 11:28:00,0.015473761766287914,-2.00928369276215
price,2010-10-20 12:16:00,0.42341827764030404,2.009252709894714
price,2010-04-26 15:19:00,0.463327229777422,2.0091703268280825
price,2010-08-04 13:36:00,0.4378158334062813,2.009098412448307
dollar_volume,2010-06-29 11:34:00,0.17678160014859187,2.009060846823334
price,2010-10-21 14:30:00,0.4511393953399868,2.008937255442851
price,2010-10-07 13:08:00,0.44484028914208784,2.008891325833869
dollar_volume,2010-09-22 12:54:00,0.20061501264571865,2.0087142342394495
price,2010-04-21 12:47:00,0.48383474699277973,2.0086776019206645
gross_return,2010-12-13 15:09:00,0.3539886401614577,2.008656591189866
dollar_volume,2010-11-05 13:44:00,0.16478829899346786,2.00862071041126
dollar_volume,2010-12-31 15:46:00,0.20632836258879916,2.008550391208364
gross_return,2010-12-01 11:57:00,0.24479426075869282,2.0085335533460524
price,2010-11-16 11:40:00,0.41512794110896145,2.0085047978128636
gross_return,2010-02-16 15:59:00,0.3058633606011165,2.0084162894357225
gross_return,2010-01-27 14:47:00,0.2523696408633947,2.0082903428049357
price,2010-02-05 15:32:00,0.41781092415549637,2.0082839103171186
dollar_volume,2010-06-11 13:10:00,0.17982040401429766,2.0081794760921996
price,2010-08-16 15:31:00,0.394116557740398,2.0079681209473255
gross_return,2010-09-22 14:08:00,0.27774501463159273,2.007761429639414
gross_return,2010-09-13 13:22:00,0.266411988562516,2.007624955146894
gross_return,2010-06-15 11:06:00,0.016503233725736408,-2.007610241793244
dollar_volume,2010-05-12 13:07:00,0.1912059118597193,2.0075079739817445
dollar_volume,2010-02-23 12:10:00,0.18465012589183988,2.0074703287719395
price,2010-12-20 14:41:00,0.5830025642924865,2.007456715154207
dollar_volume,2010-11-03 12:46:00,0.15787904073277326,2.007327966412194
dollar_volume,2010-11-18 12:33:00,0.01580848957003596,-2.0072894410599926
dollar_volume,2010-11-22 12:09:00,0.17889533418883602,2.0072811556520462
dollar_volume,2010-10-28 12:38:00,0.16942915103188194,2.007265635621608
price,2010-04-07 10:49:00,0.4754452867300644,2.0071883363906173
gross_return,2010-09-01 12:59:00,0.24671626332542726,2.007024449732256
dollar_volume,2010-03-29 15:09:00,0.020505784045668454,-2.0069274613482295
gross_return,2010-01-28 13:21:00,0.2536769871042911,2.0068701380976477
dollar_volume,2010-11-11 15:57:00,0.17245529296603512,2.006859469405418
dollar_volume,2010-02-04 10:57:00,0.1855793378214656,2.0068207079444407
dollar_volume,2010-07-21 14:11:00,0.17586852674774178,2.0067888944013994
dollar_volume,2010-10-18 11:01:00,0.01649629453400669,-2.0067105068834503
gross_return,2010-12-22 14:05:00,0.5615216267596304,2.0065557569600516
price,2010-03-17 15:12:00,0.5062666354987537,2.006538239798118
gross_return,2010-05-28 11:08:00,0.0211265569692451,-2.006486827044299
gross_return,2010-04-07 12:51:00,0.32409967150313485,2.0064803275983905
dollar_volume,2010-06-24 11:34:00,0.018709719134595418,-2.0063835417450355
price,2010-04-13 15:23:00,0.5109585438676041,2.0062595317124936
dollar_volume,2010-08-23 15:15:00,0.17501355268854563,2.0062410820895313
dollar_volume,2010-01-26 12:37:00,0.027977622440972363,-2.0061502122398447
gross_return,2010-07-30 13:29:00,0.22800601030223092,2.0061484423283185
dollar_volume,2010-02-18 13:10:00,0.17116199829112777,2.0060936537947827
dollar_volume,2010-08-19 15:49:00,0.17942601982212972,2.0060458884927415
price,2010-11-01 15:30:00,0.3813429291706999,2.005985150204018
gross_return,2010-02-03 13:06:00,0.25790940442368493,2.005975242845895
price,2010-02-11 11:49:00,0.42900484303106423,2.005873506387266
dollar_volume,2010-11-03 12:45:00,0.1577217014104201,2.005793270600138
dollar_volume,2010-12-06 13:25:00,0.1631050909126186,2.00575348446309
dollar_volume,2010-09-22 12:55:00,0.20060937539143794,2.0057149587080634
dollar_volume,2010-01-06 11:46:00,0.03293080297990292,-2.0055551304815777
dollar_volume,2010-11-05 13:45:00,0.16477568136545842,2.005496320828756
dollar_volume,2010-10-18 11:31:00,0.16354371403435786,2.005489771184644
dollar_volume,2010-10-22 14:20:00,0.1660124108503525,2.0054773689714986
dollar_volume,2010-09-15 11:24:00,0.17298590245112072,2.005418424095573
gross_return,2010-12-22 14:23:00,0.5706930184086054,2.0054032227672467
gross_return,2010-01-28 13:25:00,0.25434372724295584,2.0053425410034182
price,2010-12-09 13:15:00,0.4080019556829469,2.0052652386170426
gross_return,2010-07-28 14:29:00,0.017502692277037674,-2.0052384077638505
dollar_volume,2010-06-24 11:41:00,0.01799447638853778,-2.0049822442374152
gross_return,2010-06-23 10:41:00,0.2348658637328993,2.004949411859293
gross_return,2010-10-06 10:51:00,0.029777869516770944,-2.0049107279935674
price,2010-01-14 14:00:00,0.5289889860161232,2.0048769551016585
price,2010-05-04 10:45:00,0.5145461369327803,2.004798861926962
price,2010-04-01 14:28:00,0.4833613651322885,2.0046806420476755
dollar_volume,2010-03-17 10:38:00,0.17082938692242672,2.0046166683459554
dollar_volume,2010-11-22 12:10:00,0.17890818422706045,2.0045398956556872
dollar_volume,2010-02-12 11:59:00,0.02480515067341675,-2.0045172446354074
gross_return,2010-10-27 13:36:00,0.29375902485523075,2.004511651934457
price,2010-09-08 14:00:00,0.5000418357072799,2.0045031397859967
gross_return,2010-05-13 15:29:00,0.24176156431972098,2.0044823954049598
gross_return,2010-04-27 11:32:00,0.2807803489205283,2.0044797050472085
price,2010-03-08 11:49:00,0.3999376995348084,2.0044080069546975
price,2010-03-05 15:18:00,0.3977339407314477,2.004385549814488
gross_return,2010-12-22 14:30:00,0.5741190319831625,2.0043069899865205
gross_return,2010-07-29 13:01:00,0.23124499819895897,2.0042839075518297
dollar_volume,2010-11-04 15:59:00,0.16591813320852417,2.004268223097496
price,2010-03-17 15:07:00,0.5036861937692606,2.0042575372477343
gross_return,2010-06-15 11:03:00,0.016863478685231033,-2.0042361413790566
dollar_volume,2010-11-16 13:37:00,0.18081375565914962,2.0042141281376513
price,2010-01-11 15:16:00,0.549716104109072,2.004212331102011
price,2010-09-14 15:00:00,0.39128772918607785,2.004144974584843
gross_return,2010-02-03 13:07:00,0.2579189142345224,2.0040938076901718
dollar_volume,2010-04-15 14:33:00,0.16990774796218108,2.0040858043596272
gross_return,2010-04-12 11:13:00,0.3589109146505878,2.004045885549213
gross_return,2010-11-18 14:03:00,0.26192755438693754,2.004028016899794
price,2010-10-06 12:43:00,0.44548349481431976,2.003924922611452
price,2010-09-17 10:40:00,0.4049390075605164,2.003901041499839
dollar_volume,2010-04-19 11:52:00,0.16975457737491362,2.0038300705322847
dollar_volume,2010-01-27 14:29:00,0.17377594929079365,2.003739524748011
gross_return,2010-07-06 13:12:00,0.21552848901311333,2.0037104112872597
gross_return,2010-03-01 10:37:00,0.038890352802416164,-2.003511188895664
gross_return,2010-06-11 15:45:00,0.21474670056848316,2.0034745138690178
price,2010-02-18 14:38:00,0.4802211268512583,2.0033928662517053
price,2010-04-16 14:40:00,0.4922488455459549,2.003384667329223
gross_return,2010-09-24 12:32:00,0.2936700114381016,2.0033524428751615
gross_return,2010-07-27 14:55:00,0.22873042579610786,2.003314162818264
gross_return,2010-12-21 15:11:00,0.5328708953816726,2.0033085653009066
dollar_volume,2010-07-06 15:25:00,0.15945483776142805,2.0033014877282604
gross_return,2010-09-01 13:12:00,0.24687361543019545,2.003286825918907
dollar_volume,2010-05-18 11:55:00,0.1831076715990613,2.003273366010517
gross_return,2010-06-18 11:36:00,0.22166475630780264,2.003269866428749
price,2010-07-16 10:43:00,0.4018952906526065,2.0032033241772425
price,2010-04-06 14:26:00,0.4543110944732853,2.003190476817335
price,2010-09-21 14:37:00,0.42885301309531504,2.0030553600462184
price,2010-02-05 14:13:00,0.4065040551491599,2.0029981682475952
dollar_volume,2010-06-04 12:21:00,0.1740764860927476,2.0029014705893795
price,2010-11-15 15:53:00,0.4039613093724753,2.0027816610290237
dollar_volume,2010-07-07 14:37:00,0.022149373978929476,-2.002493466204619
dollar_volume,2010-03-26 13:43:00,0.18135183136547073,2.0024685926871357
price,2010-06-18 13:05:00,0.37815967123105004,2.0024650004519766
price,2010-08-04 13:35:00,0.43694573014644084,2.002347024960399
dollar_volume,2010-07-22 11:19:00,0.18189251135084245,2.002345810938392
gross_return,2010-08-23 10:50:00,0.017744053898837646,-2.002327376288299
price,2010-06-02 15:00:00,0.4100478208373126,2.0022821152717425
price,2010-08-16 10:49:00,0.4093054143147727,2.0022744738298086
dollar_volume,2010-03-19 11:19:00,0.01652064071188146,-2.002207797550285
price,2010-06-01 10:54:00,0.3812562087333329,2.0022039120747253
gross_return,2010-12-22 14:24:00,0.5706930184086054,2.002203412160833
dollar_volume,2010-06-14 11:08:00,0.18261193270778586,2.0022000594232647
price,2010-05-12 11:56:00,0.31681087384459616,2.0020403516933656
price,2010-06-22 15:03:00,0.3698553716438151,2.001981760391548
dollar_volume,2010-10-25 12:19:00,0.02371354807158753,-2.0019572138397135
price,2010-04-30 11:04:00,0.47953718594351435,2.0017890181096005
price,2010-05-10 13:24:00,0.42379433186979076,2.0017472523174025
gross_return,2010-07-27 14:56:00,0.2287298520150286,2.0017175222097254
dollar_volume,2010-05-06 14:44:00,0.17387908277745492,2.001596581317076
dollar_volume,2010-01-11 12:03:00,0.021589463823097232,-2.0015581255205706
price,2010-04-26 15:09:00,0.45903437631346,2.001445199263196
dollar_volume,2010-02-09 13:23:00,0.183225662577544,2.001406165496386
gross_return,2010-10-22 15:25:00,0.2854116231548514,2.001317851046742
gross_return,2010-12-22 14:31:00,0.5741190319831625,2.001256836054393
dollar_volume,2010-11-12 15:09:00,0.17533425754758594,2.001201327942803
dollar_volume,2010-08-10 14:16:00,0.1692907568345523,2.001178596925541
gross_return,2010-11-17 14:10:00,0.24097553936237737,2.0009020241863897
dollar_volume,2010-01-21 11:27:00,0.16878247768858096,2.0008971208415196
price,2010-03-15 15:10:00,0.4705991945559913,2.0007648139992744
dollar_volume,2010-04-29 13:00:00,0.175021753044816,2.0006200308390363
price,2010-08-09 15:02:00,0.4795022496670425,2.000503905298573
gross_return,2010-04-05 13:50:00,0.2710621637506997,2.0004812062019313
dollar_volume,2010-09-01 15:06:00,0.18221668927415244,2.0004688992818664
gross_return,2010-02-03 13:05:00,0.25737780906043994,2.000444824959999
gross_return,2010-12-21 12:39:00,0.48327594104764227,2.000432128489482
gross_return,2010-10-11 13:27:00,0.2739165354914826,2.00040205608621
gross_return,2010-06-11 15:46:00,0.2147455316388164,2.0002701280835113
price,2010-04-08 12:12:00,0.5002861919707638,2.000178272882033
price,2010-12-16 13:04:00,0.49494262388933,2.0001682593419314
dollar_volume,2010-09-03 13:05:00,0.1867917031296557,2.000135318883957
dollar_volume,2010-03-31 12:41:00,0.019853921398045843,-2.0001233366503928
gross_return,2010-09-13 14:25:00,0.034235522873841615,-2.000095537339561
