date,start,end,n_alert_windows,peak_z,peak_time,peak_classes,share_multiclass,sigma_ratio,event,type
2013-04-23,13:08:00,14:10:00,63,17.496730224230255,13:10:00,2,1.0,3.321709817562298,AP TWITTER-HACK FLASH CRASH (13:07),dispersed
2020-04-23,12:44:00,13:22:00,39,16.17294122491844,12:45:00,2,1.0,1.900376493546628,,dispersed
2009-03-18,14:17:00,14:42:00,26,15.027992280831967,14:17:00,3,1.0,2.2688741647163395,,dispersed
2018-12-19,13:59:00,14:36:00,38,14.985034947407136,14:00:00,2,1.0,2.8099669319106297,,dispersed
2021-03-17,14:00:00,14:41:00,42,14.742978907911732,14:00:00,3,1.0,2.7945967776297076,,dispersed
2015-12-16,14:00:00,14:26:00,27,13.693114100723049,14:00:00,2,1.0,1.8668283586001186,,dispersed
2021-04-22,13:06:00,13:37:00,32,13.640805840749284,13:13:00,2,1.0,2.7885039877654068,,dispersed
2016-03-16,14:00:00,14:31:00,32,13.368073662637896,14:01:00,2,1.0,2.5503899054256416,,dispersed
2008-09-16,14:14:00,14:46:00,33,12.572440164747642,14:14:00,2,1.0,2.329248108448325,,dispersed
2008-01-30,14:14:00,14:37:00,24,12.551602941193654,14:17:00,2,1.0,1.2107592426700566,,mixed
2020-01-14,13:36:00,14:04:00,29,12.408893400249553,13:36:00,2,1.0,2.271299005460164,,dispersed
2012-06-14,15:05:00,15:30:00,26,12.237904667254877,15:09:00,2,1.0,2.232878921112135,,dispersed
2020-09-30,14:23:00,14:48:00,26,11.914910009054308,14:24:00,2,1.0,1.339369774605867,,mixed
2019-01-30,14:00:00,14:33:00,34,11.736680973021127,14:00:00,2,1.0,1.551147940288537,,dispersed
2014-12-17,14:00:00,14:25:00,26,11.476558848916273,14:00:00,2,1.0,1.4585617274931066,,mixed
2020-01-30,14:42:00,15:11:00,30,11.25321839175985,14:43:00,2,1.0,2.0397120688267787,,dispersed
2010-05-06,14:44:00,15:04:00,21,10.671871482181272,14:47:00,2,1.0,8.959225384070722,FLASH CRASH,dispersed
2008-03-18,14:14:00,14:33:00,20,10.554202637859358,14:14:00,3,1.0,1.3711718538194426,,mixed
2019-09-18,14:01:00,14:21:00,21,10.308133852451192,14:01:00,2,1.0,3.225732855480809,,dispersed
2013-07-10,14:01:00,14:16:00,16,9.916083543574985,14:03:00,2,1.0,1.3683550438328138,,mixed
2016-08-05,13:07:00,14:31:00,83,9.86248312576372,13:58:00,3,0.2891566265060241,0.32273128506392784,,compressed
2015-07-29,14:00:00,14:20:00,21,9.837115707422845,14:04:00,2,1.0,1.956364681633019,,dispersed
2012-10-24,14:16:00,14:48:00,33,9.769342696167856,14:16:00,2,1.0,1.3018662317764502,,mixed
2018-03-21,14:00:00,14:23:00,24,9.749934322608844,14:03:00,2,1.0,1.482490989269008,,mixed
2019-06-19,14:01:00,14:20:00,20,9.701258340957262,14:02:00,2,1.0,2.555330847943774,,dispersed
2020-12-24,14:36:00,16:00:00,85,9.59832669356528,15:04:00,2,0.9764705882352941,0.2982743892352224,,compressed
2015-03-18,14:00:00,14:28:00,29,9.587452913910546,14:00:00,2,1.0,2.9351323405432934,,dispersed
2018-02-21,14:00:00,14:22:00,23,9.52932028779013,14:00:00,2,1.0,1.066342542304372,,mixed
2014-03-19,14:00:00,14:15:00,16,9.465876607471358,14:02:00,2,1.0,1.3284686849430096,,mixed
2019-08-21,14:00:00,14:16:00,17,9.462645635224682,14:01:00,2,1.0,1.0071961546462307,,mixed
2008-09-29,13:37:00,14:01:00,21,9.372783567930059,13:46:00,2,1.0,3.4713419422419207,TARP vote fails in House (-8.8% day),dispersed
2011-08-09,14:20:00,14:44:00,22,9.296059275968064,14:21:00,2,1.0,1.637672114488084,FOMC reversal rally,dispersed
2016-01-27,14:02:00,14:33:00,31,9.250272572289656,14:03:00,2,1.0,2.0620050599535342,,dispersed
2013-09-18,14:00:00,14:40:00,41,9.168920753148035,14:00:00,2,1.0,8.269556840007429,,dispersed
2019-09-20,13:13:00,13:58:00,46,9.062229762845904,13:19:00,2,1.0,4.40807074229089,,dispersed
2019-06-06,14:33:00,14:55:00,23,9.038894569650104,14:33:00,3,1.0,1.0331649555026314,,mixed
2014-10-23,14:55:00,15:13:00,19,9.016976154892374,14:55:00,2,1.0,1.093441109990767,,mixed
2020-07-29,14:01:00,14:40:00,40,9.009483247164832,14:01:00,2,1.0,0.9926452980969849,,mixed
2009-11-04,14:18:00,15:00:00,42,8.917639505738853,14:19:00,2,1.0,1.3033224565871262,,mixed
2018-02-05,15:09:00,15:22:00,12,8.77194506206121,15:12:00,3,1.0,5.48434380725617,"VOLMAGEDDON (XIV collapse, 15:00)",dispersed
2013-12-18,14:00:00,14:33:00,34,8.763929722308253,14:02:00,2,1.0,4.518751963580414,,dispersed
2008-08-05,14:16:00,14:28:00,13,8.65258895016291,14:16:00,2,1.0,1.2543733643972252,,mixed
2009-06-24,14:21:00,14:43:00,23,8.642516167901121,14:25:00,2,1.0,1.76640454746317,,dispersed
2017-03-15,14:00:00,14:37:00,37,8.642258423462675,14:00:00,2,1.0,2.053668000342828,,dispersed
2019-08-01,13:26:00,13:48:00,23,8.376565031633959,13:31:00,2,1.0,3.981591462414578,,dispersed
2011-11-07,13:55:00,14:15:00,21,8.249153599759348,13:55:00,2,1.0,0.8779145995428083,,mixed
2010-08-10,14:14:00,14:29:00,16,8.239130326757989,14:17:00,2,1.0,2.171980331499421,,dispersed
2018-11-28,12:00:00,12:12:00,13,8.179724741586217,12:00:00,2,1.0,1.5005971502930868,,dispersed
2012-07-27,13:25:00,13:56:00,32,8.162734951512352,13:26:00,2,1.0,1.2549027621052464,,mixed
2008-06-25,14:10:00,14:40:00,31,8.115260907191974,14:14:00,2,1.0,0.9503432044826494,,mixed
2011-09-01,10:30:00,10:59:00,30,8.079033926724975,10:30:00,2,1.0,2.700036306593357,,dispersed
2015-04-29,14:02:00,14:34:00,33,8.042234847250102,14:02:00,2,1.0,2.6347100546001045,,dispersed
2016-12-14,14:00:00,14:21:00,22,8.022648009157262,14:02:00,2,1.0,2.0850952565939704,,dispersed
2018-11-02,14:28:00,15:11:00,44,7.923915760369472,14:33:00,2,1.0,1.398896491531608,,mixed
2020-06-10,14:01:00,14:23:00,23,7.888880219939369,14:02:00,2,1.0,1.957767806278457,,dispersed
2020-05-19,14:56:00,15:22:00,27,7.884833837035227,14:58:00,2,1.0,0.8472362065257116,,mixed
2017-03-31,12:56:00,13:20:00,25,7.870935424253727,13:04:00,1,0.0,0.45815816816013166,,compressed
2020-12-16,14:06:00,14:24:00,19,7.784657032402227,14:06:00,2,1.0,0.7275411924688377,,mixed
2020-08-19,14:05:00,14:24:00,20,7.757644198612771,14:10:00,2,1.0,1.315549744551794,,mixed
2015-06-10,11:13:00,12:12:00,56,7.741432253690802,11:13:00,2,1.0,1.6001364668626645,,dispersed
2015-10-28,14:00:00,14:17:00,18,7.73482686238218,14:00:00,2,1.0,1.5517907257782473,,dispersed
2017-12-01,11:13:00,11:32:00,20,7.715307407449369,11:14:00,2,1.0,7.308884198719153,,dispersed
2016-04-27,14:00:00,14:20:00,21,7.39804565623453,14:06:00,2,1.0,1.8020085025619603,,dispersed
2008-12-16,14:21:00,14:41:00,16,7.391238469792213,14:23:00,2,1.0,1.0517888008134184,FOMC cuts to zero (ZIRP),mixed
2014-08-14,14:15:00,15:06:00,43,7.3488762843329365,14:32:00,1,0.13953488372093023,0.464128193423443,,compressed
2021-01-05,14:00:00,14:32:00,33,7.312736168918592,14:04:00,2,1.0,1.1755896552108527,,mixed
2014-12-04,12:32:00,13:31:00,60,7.1907037488014796,12:34:00,2,1.0,2.8757958645101853,,dispersed
2013-03-07,12:57:00,13:09:00,13,7.19055892481951,12:57:00,1,0.0,0.49652311991026554,,compressed
2010-11-03,14:15:00,14:32:00,18,7.152222678441197,14:16:00,3,1.0,2.500823319541409,,dispersed
2008-11-28,13:48:00,15:59:00,124,7.14434281320748,15:38:00,2,0.967741935483871,0.2262175786419254,,compressed
2019-12-05,14:57:00,15:54:00,58,7.126227137543726,15:04:00,2,1.0,1.7920107910397323,,dispersed
2017-07-07,14:58:00,15:03:00,6,7.125031064268331,15:00:00,1,0.0,0.4824460967454682,,compressed
2019-02-22,14:35:00,14:47:00,13,7.046199991795385,14:36:00,2,1.0,1.119777079643056,,mixed
2018-11-26,14:45:00,14:46:00,2,7.017883781836561,14:45:00,2,1.0,0.5290756400336909,,compressed
2014-09-17,13:58:00,14:19:00,20,6.994739448924228,14:10:00,2,1.0,2.390725010857366,,dispersed
2020-12-23,15:50:00,16:00:00,10,6.972805236587955,15:59:00,2,1.0,1.6339395727993626,,dispersed
2019-01-17,14:38:00,14:59:00,22,6.9688427488532705,14:40:00,2,1.0,1.338473880438583,,mixed
2010-02-09,12:41:00,13:40:00,60,6.945485804950255,12:41:00,2,1.0,2.111800802894547,,dispersed
2013-11-20,14:01:00,14:28:00,28,6.922918995407878,14:03:00,2,1.0,1.613117127602833,,dispersed
2012-10-01,10:30:00,10:59:00,30,6.92183124692761,10:34:00,3,1.0,2.19955533562294,,dispersed
2019-02-20,14:01:00,14:21:00,21,6.878192397238308,14:09:00,3,1.0,2.112020984513607,,dispersed
2019-04-11,11:40:00,12:39:00,60,6.859311693030996,11:42:00,2,1.0,1.955451318436877,,dispersed
2016-02-11,14:35:00,14:53:00,18,6.834843452702731,14:39:00,2,0.8888888888888888,1.3115047773974868,,mixed
2010-01-27,14:16:00,14:41:00,26,6.816665763779013,14:21:00,2,1.0,1.5749982077051528,,dispersed
2011-03-31,13:49:00,14:08:00,20,6.807643761349749,13:55:00,3,0.55,0.41018903995077977,,compressed
2013-07-31,14:02:00,14:17:00,14,6.724240035149773,14:02:00,2,1.0,1.5197614230771483,,dispersed
2011-11-30,13:17:00,13:36:00,20,6.723435115690972,13:17:00,1,0.0,0.518423488076649,,compressed
2013-06-19,14:03:00,14:16:00,14,6.702287397036507,14:05:00,2,1.0,1.5472252753400426,,dispersed
2010-09-01,13:16:00,13:55:00,40,6.692316592256827,13:23:00,1,0.0,0.4269169533557347,,compressed
2020-11-27,15:32:00,16:00:00,29,6.689725265385365,15:53:00,2,1.0,0.18468550714133392,,compressed
2014-10-29,14:00:00,14:11:00,12,6.671588029660794,14:01:00,2,1.0,1.7296366130584226,,dispersed
2019-03-19,12:46:00,13:45:00,59,6.670708526549678,13:00:00,2,1.0,2.397766262279284,,dispersed
2009-04-29,14:18:00,14:38:00,21,6.667105869387886,14:23:00,2,1.0,1.2564033119488855,,mixed
2011-03-28,13:19:00,14:49:00,91,6.665133197803591,13:34:00,1,0.0,0.4619511339944351,,compressed
2011-08-16,12:09:00,12:33:00,25,6.607355691605534,12:16:00,2,1.0,1.1441696544432725,,mixed
2016-03-29,12:20:00,12:55:00,36,6.6062870662189335,12:20:00,2,1.0,1.4884686135402814,,mixed
2015-05-18,15:08:00,15:25:00,18,6.5978688827806735,15:24:00,1,0.0,0.3044067363352232,,compressed
2019-10-30,14:01:00,14:22:00,21,6.5820630197628684,14:02:00,2,1.0,2.109667152574065,,dispersed
2010-10-29,14:11:00,14:21:00,11,6.571152419707587,14:14:00,3,1.0,0.511232205689871,,compressed
2015-09-17,14:03:00,14:26:00,24,6.5666730859963875,14:04:00,2,1.0,2.0115534401071526,,dispersed
2012-03-08,13:05:00,13:25:00,21,6.533435922976977,13:16:00,1,0.23809523809523808,0.5061533418357808,,compressed
2010-11-02,15:42:00,15:44:00,3,6.515271513715992,15:44:00,2,1.0,0.5380386505216848,,compressed
2011-04-25,13:57:00,14:18:00,22,6.4750047560664195,13:57:00,1,0.0,0.44104482144347706,,compressed
2019-08-29,10:37:00,11:36:00,60,6.435855765235765,10:38:00,2,1.0,1.6324980458158322,,dispersed
2020-12-24,14:05:00,14:22:00,16,6.409300442592094,14:15:00,2,1.0,0.5134527061917069,,compressed
2011-07-19,13:38:00,14:06:00,29,6.40174025432888,13:45:00,2,1.0,1.3416104056716573,,mixed
2012-05-25,14:27:00,14:38:00,12,6.354835085725811,14:29:00,3,1.0,0.6149845992580645,,compressed
2008-05-07,14:30:00,14:45:00,16,6.341894293209566,14:32:00,1,0.125,1.0023305200982244,,mixed
2010-10-12,14:01:00,14:24:00,24,6.33434326366301,14:05:00,2,1.0,1.0193237293241106,,mixed
2016-07-20,13:01:00,13:35:00,35,6.283941543666783,13:01:00,1,0.45714285714285713,0.5186018268295437,,compressed
2018-08-17,14:04:00,14:44:00,30,6.27143136115427,14:06:00,2,1.0,1.0671466384976847,,mixed
2013-03-26,14:47:00,15:08:00,22,6.256560082531549,14:47:00,1,0.0,0.38644918287472657,,compressed
2018-12-31,15:59:00,15:59:00,1,6.246383678374912,15:59:00,2,1.0,1.3161705255979732,,mixed
2014-02-19,11:58:00,12:15:00,18,6.217089632533186,11:59:00,2,1.0,1.5378559897987594,,dispersed
2014-12-24,11:02:00,11:39:00,38,6.18858903585178,11:17:00,2,1.0,0.5008232302696023,,compressed
2014-06-06,14:50:00,15:12:00,23,6.1823097494082635,14:51:00,2,0.7391304347826086,0.528867561487082,,compressed
2010-08-10,13:16:00,13:46:00,30,6.173899611119741,13:44:00,1,0.0,0.5850825291786372,,compressed
2018-03-05,15:09:00,15:18:00,10,6.16733253898255,15:15:00,1,0.2,0.9255624571049348,,mixed
2011-07-01,10:30:00,10:59:00,30,6.1524141253292175,10:32:00,2,1.0,2.2119658155253363,,dispersed
2017-08-03,14:52:00,15:11:00,20,6.138394109185703,14:52:00,1,0.7,0.5888306185871504,,compressed
2020-11-06,10:57:00,11:15:00,19,6.136846568545435,10:59:00,2,1.0,1.406436008434234,,mixed
2011-02-01,13:52:00,14:39:00,48,6.1026224104133835,14:10:00,1,0.0,0.44092340916842776,,compressed
2014-04-30,14:03:00,14:21:00,16,6.101940651164674,14:03:00,2,1.0,1.199515004306358,,mixed
2019-12-26,14:17:00,15:22:00,66,6.098200724731201,15:03:00,1,0.10606060606060606,0.5626834636021598,,compressed
2013-02-08,15:05:00,15:15:00,11,6.0910005308899775,15:05:00,3,1.0,0.4364064393791201,,compressed
2008-10-01,13:44:00,14:42:00,59,6.088440389764492,13:46:00,2,1.0,1.845087176877228,,dispersed
2008-11-28,11:15:00,11:49:00,35,6.0822746635067055,11:36:00,1,0.0,0.4148843623740815,,compressed
2021-03-30,15:59:00,15:59:00,1,6.080554947289768,15:59:00,2,1.0,1.3355527573469874,,mixed
2016-05-18,14:00:00,14:14:00,15,6.070876249508234,14:00:00,2,1.0,1.6680453226962078,,dispersed
2017-02-17,14:08:00,14:19:00,12,6.046195325506406,14:08:00,1,0.0,0.5578049942371273,,compressed
2015-02-18,14:00:00,14:31:00,29,6.038788495676322,14:00:00,2,1.0,1.4842929309198145,,mixed
2012-07-13,12:49:00,13:10:00,21,6.030844101482548,13:05:00,3,0.7142857142857143,0.5878434751741427,,compressed
2017-12-28,12:41:00,13:38:00,56,6.014689448047073,13:27:00,3,0.4642857142857143,0.40312123774046527,,compressed
2012-02-03,13:59:00,14:27:00,29,6.0034465821379,13:59:00,1,0.0,0.5285547911846951,,compressed
2012-07-11,14:03:00,14:20:00,14,5.98933247417347,14:03:00,2,1.0,1.5215524217319447,,dispersed
2012-03-09,12:47:00,13:24:00,38,5.982007737497338,12:47:00,3,0.9736842105263158,0.5076587296120835,,compressed
2011-01-11,12:52:00,13:01:00,10,5.9693863638735145,12:55:00,1,0.0,0.5193376772671763,,compressed
2020-10-06,14:49:00,15:04:00,15,5.965584417450728,14:50:00,2,1.0,2.1723123530425075,,dispersed
2019-07-31,14:00:00,14:13:00,14,5.959577765584122,14:04:00,2,1.0,2.5442560247506942,,dispersed
2013-08-21,14:00:00,14:22:00,23,5.928701788590804,14:06:00,2,1.0,1.6398047527052182,,dispersed
2017-09-22,15:04:00,15:49:00,46,5.9138341502042255,15:16:00,1,0.10869565217391304,0.5592609335428523,,compressed
2017-09-11,14:01:00,14:32:00,32,5.9102324796868935,14:03:00,1,0.21875,0.5321963657022486,,compressed
2014-08-21,15:05:00,15:16:00,12,5.9101185831013465,15:08:00,1,0.08333333333333333,0.4790611896790794,,compressed
2014-07-16,13:13:00,13:39:00,25,5.909600075906315,13:32:00,1,0.04,0.4874095924838987,,compressed
2009-02-06,14:08:00,14:18:00,10,5.908829016566631,14:18:00,2,1.0,0.7440159323155761,,mixed
2015-10-12,13:25:00,13:47:00,21,5.903236693226846,13:34:00,2,0.9523809523809523,0.4217902378864577,,compressed
2008-07-14,15:22:00,16:00:00,39,5.901385150366179,15:26:00,2,1.0,1.372539203629155,,mixed
2014-01-29,14:02:00,14:31:00,30,5.895949926261229,14:06:00,2,1.0,1.5883193475276012,,dispersed
2012-11-29,11:40:00,12:07:00,26,5.887957260968631,11:50:00,2,1.0,1.9461388678460516,,dispersed
2020-09-14,14:54:00,15:16:00,23,5.856013817128423,15:02:00,3,1.0,0.8811167544539006,,mixed
2019-10-08,14:57:00,15:23:00,27,5.845721818095581,14:58:00,3,1.0,2.6683555721275796,,dispersed
2014-10-03,13:48:00,14:12:00,20,5.818733089246717,13:53:00,2,1.0,0.5509672090433062,,compressed
2017-09-15,14:48:00,15:11:00,24,5.780243056185052,14:56:00,1,0.625,0.6253690487871157,,compressed
2012-02-13,14:34:00,14:35:00,2,5.777084899055473,14:34:00,1,0.0,0.5154113684102479,,compressed
2011-09-21,14:25:00,14:42:00,16,5.769566274022288,14:25:00,2,1.0,1.6020584175938173,,dispersed
2010-10-22,13:51:00,14:26:00,36,5.756010102372047,14:15:00,1,0.05555555555555555,0.40243291152816435,,compressed
2009-12-16,13:23:00,13:43:00,21,5.746009264963533,13:38:00,3,0.7142857142857143,0.4382161986272413,,compressed
2012-04-03,14:00:00,14:16:00,17,5.739116886212456,14:00:00,2,1.0,1.2916840404630756,,mixed
2018-11-30,13:33:00,14:17:00,45,5.736811740874013,13:48:00,2,1.0,1.016825860278102,,mixed
2014-08-27,13:35:00,13:41:00,7,5.734953046527992,13:41:00,1,0.14285714285714285,0.512696584651904,,compressed
2020-04-06,15:50:00,16:00:00,11,5.727854768256271,15:50:00,2,1.0,1.2535303168523368,,mixed
2019-11-07,11:59:00,12:58:00,60,5.725222447364959,12:01:00,2,1.0,2.2038818729049607,,dispersed
2017-04-07,13:30:00,14:28:00,59,5.723864667551646,13:38:00,2,1.0,1.122104072203728,,mixed
2017-10-18,14:51:00,14:59:00,9,5.716231228711229,14:52:00,1,0.1111111111111111,0.6026055651548847,,compressed
2019-11-06,11:44:00,12:05:00,22,5.71158027755606,11:45:00,2,1.0,1.9762612181547736,,dispersed
2017-08-07,13:16:00,13:50:00,35,5.711527305756275,13:16:00,3,0.8857142857142857,0.4483262736791527,,compressed
2017-12-21,12:32:00,12:55:00,24,5.70228618043584,12:54:00,1,0.041666666666666664,0.49471664786370173,,compressed
2010-01-19,13:59:00,15:11:00,73,5.682205260313555,13:59:00,3,0.4520547945205479,0.5134187502075214,,compressed
2010-03-16,13:36:00,13:54:00,18,5.677252541978882,13:43:00,2,1.0,0.4565833902085734,,compressed
2019-03-13,14:45:00,14:52:00,8,5.664238414988706,14:46:00,2,1.0,1.398524513192767,,mixed
2012-06-28,15:33:00,15:40:00,8,5.657347591319108,15:33:00,3,1.0,2.131628991057542,,dispersed
2017-10-31,14:40:00,14:41:00,2,5.649470633801598,14:41:00,1,0.0,0.4683766671933234,,compressed
2009-11-27,14:15:00,14:52:00,38,5.64323578546275,14:42:00,2,1.0,0.5703661625247569,,compressed
2014-07-24,13:00:00,13:03:00,4,5.620627135707126,13:00:00,1,0.0,0.5108130976290024,,compressed
2019-08-13,13:17:00,14:16:00,60,5.615601320828882,14:08:00,2,1.0,1.2113733862206548,,mixed
2015-05-18,13:15:00,13:48:00,31,5.60916730734487,13:30:00,2,0.12903225806451613,0.41750393776135536,,compressed
2015-09-17,13:19:00,13:35:00,17,5.6035268514984935,13:24:00,2,1.0,0.8169683771565441,,mixed
2011-10-21,13:26:00,13:40:00,15,5.598714945083599,13:26:00,2,0.26666666666666666,0.7808071586732289,,mixed
2010-10-07,13:29:00,13:55:00,27,5.589840296391595,13:35:00,2,0.6666666666666666,0.8050243333715813,,mixed
2020-06-08,13:34:00,14:29:00,56,5.574218001720301,13:34:00,2,1.0,0.9464936933032216,,mixed
2010-04-06,13:32:00,13:54:00,23,5.5394908875885305,13:38:00,1,0.0,0.6733100527088685,,mixed
2018-08-30,14:17:00,14:36:00,17,5.523046731146604,14:20:00,2,1.0,2.097205977720635,,dispersed
2017-04-21,13:10:00,14:09:00,60,5.516394638164954,13:14:00,2,1.0,1.3744006400514075,,mixed
2009-12-23,12:40:00,13:14:00,34,5.515805334954284,12:44:00,3,0.9411764705882353,0.3953722158323206,,compressed
2009-10-09,14:13:00,14:42:00,30,5.513921596447747,14:30:00,2,0.9666666666666667,0.5881642133531608,,compressed
2011-12-19,15:04:00,15:26:00,23,5.499206176906136,15:04:00,2,1.0,1.3562897288850584,,mixed
2009-09-08,13:10:00,13:41:00,32,5.490739655101035,13:23:00,2,0.28125,0.7123240019592515,,mixed
2019-09-12,10:30:00,11:09:00,40,5.490016361124459,10:31:00,2,1.0,3.5860222849548755,,dispersed
2012-08-01,14:13:00,14:17:00,5,5.483667283037456,14:13:00,2,1.0,1.665756187482328,,dispersed
2015-07-20,13:25:00,13:36:00,12,5.474638417533025,13:28:00,1,0.0,0.6309869437824042,,compressed
2009-09-09,12:55:00,12:58:00,4,5.4738311730469755,12:56:00,3,0.75,0.44638356019713826,,compressed
2010-12-06,14:11:00,14:22:00,12,5.4718743518659085,14:11:00,1,0.0,0.550915712426016,,compressed
2013-05-16,14:00:00,14:00:00,1,5.4575776162530545,14:00:00,2,1.0,0.6202333602338771,,compressed
2018-11-01,13:47:00,14:07:00,21,5.438322394537778,13:49:00,2,1.0,0.4968496030767973,,compressed
2011-10-10,10:37:00,11:05:00,27,5.424536258380794,11:02:00,2,0.6666666666666666,0.6035192055346471,,compressed
2020-03-13,15:38:00,15:51:00,12,5.419799850463839,15:41:00,2,1.0,1.8500138238560824,,dispersed
2008-09-24,13:15:00,13:27:00,9,5.414694840345886,13:23:00,1,0.3333333333333333,0.7492717083559249,,mixed
2019-12-20,13:42:00,13:53:00,12,5.403591955489957,13:46:00,1,0.0,0.5539864274909488,,compressed
2020-03-03,10:30:00,10:59:00,30,5.393509220353655,10:31:00,2,1.0,3.6343730297698813,,dispersed
2020-07-29,11:02:00,11:10:00,9,5.358423552840823,11:03:00,1,0.0,0.47398252612440683,,compressed
2009-10-09,13:35:00,14:03:00,27,5.3539365957318985,13:54:00,2,0.6666666666666666,0.5399656672951932,,compressed
2017-11-06,14:08:00,14:30:00,23,5.351369270941592,14:10:00,1,0.34782608695652173,0.5291927267068065,,compressed
2010-08-18,12:40:00,12:47:00,8,5.348376218128239,12:43:00,1,0.0,0.8277658837005699,,mixed
2021-01-26,14:26:00,14:59:00,34,5.347379517741919,14:33:00,2,1.0,1.2133619149706334,,mixed
2010-06-23,14:16:00,14:26:00,11,5.32684884695795,14:20:00,2,1.0,1.3227406646945188,,mixed
2014-04-22,12:56:00,13:12:00,15,5.323898310605494,13:09:00,2,1.0,0.6108533963679276,,compressed
2011-12-23,14:42:00,15:15:00,34,5.321764465036015,15:02:00,1,0.0,0.3252343123270019,,compressed
2019-11-13,13:57:00,14:06:00,10,5.313450712536482,13:59:00,2,1.0,2.2665827055589736,,dispersed
2019-11-14,13:57:00,14:56:00,57,5.311588116438486,13:59:00,2,1.0,1.7157853589581131,,dispersed
2011-04-21,14:49:00,15:27:00,39,5.3101270264839115,14:51:00,3,0.07692307692307693,0.467835604170816,,compressed
2013-09-13,15:06:00,15:55:00,47,5.304876054497419,15:23:00,1,0.0,0.626641824620433,,compressed
2013-11-11,15:00:00,15:07:00,8,5.303389467225472,15:01:00,1,0.0,0.49936694789426583,,compressed
2009-11-27,15:02:00,15:59:00,55,5.293797423879122,15:55:00,2,1.0,0.9912203826707929,,mixed
2014-05-29,13:25:00,14:09:00,45,5.283643802000606,13:43:00,3,1.0,0.5947974450627258,,compressed
2008-02-20,12:04:00,12:35:00,32,5.282109462233375,12:22:00,2,1.0,1.6805663362918566,,dispersed
2016-12-21,12:44:00,13:03:00,20,5.2785678785801355,12:44:00,1,0.0,0.4426149369222453,,compressed
2011-04-21,13:29:00,13:49:00,21,5.269326989408317,13:29:00,1,0.0,0.5612467890361602,,compressed
2011-07-22,13:57:00,14:07:00,7,5.2672214247296925,14:07:00,1,0.0,0.5403911702980259,,compressed
2019-12-12,14:30:00,14:52:00,23,5.261367536989595,14:30:00,2,1.0,3.5334870731247388,,dispersed
2017-05-08,14:00:00,14:10:00,11,5.259407922725774,14:01:00,1,0.0,0.5036266138899855,,compressed
2012-03-09,13:38:00,13:45:00,8,5.259306196463928,13:43:00,3,1.0,0.5264286757246157,,compressed
2018-03-16,15:59:00,15:59:00,1,5.22616660904765,15:59:00,2,1.0,1.0231710313170226,,mixed
2017-07-14,12:25:00,13:07:00,41,5.211107496877407,12:42:00,3,1.0,0.6912450629059121,,mixed
2015-01-28,14:00:00,14:14:00,15,5.209910661557642,14:00:00,2,1.0,1.4448194486017967,,mixed
2008-10-30,15:23:00,15:34:00,12,5.204805223386225,15:24:00,1,0.08333333333333333,1.0527383915061788,,mixed
2012-08-07,13:50:00,14:02:00,13,5.2031034297848935,14:02:00,1,0.0,0.48000489846879646,,compressed
2008-10-22,11:16:00,11:24:00,9,5.196809687301542,11:19:00,1,0.0,1.0488808063026178,,mixed
2014-04-03,11:44:00,11:58:00,15,5.191352166412681,11:56:00,1,0.0,0.9818459638272955,,mixed
2016-07-01,12:46:00,13:09:00,24,5.188642070346008,12:50:00,1,0.0,0.6355030900413586,,compressed
2020-03-12,13:01:00,13:11:00,11,5.185264019043287,13:04:00,2,1.0,2.2277599322920754,COVID CIRCUIT BREAKER #2 (-9.5% day),dispersed
2017-08-16,13:12:00,13:42:00,31,5.179309056096122,13:16:00,2,1.0,1.3660390409195184,,mixed
2015-04-13,14:51:00,15:12:00,20,5.176545967500071,14:52:00,2,1.0,1.3487662610059743,,mixed
2010-03-05,12:17:00,13:29:00,73,5.174572845223961,12:30:00,1,0.0,0.568954758947229,,compressed
2019-03-20,14:00:00,14:14:00,15,5.153927786750584,14:02:00,2,1.0,1.9163091574173121,,dispersed
2021-04-26,15:29:00,15:43:00,15,5.145171053685462,15:34:00,2,1.0,1.3018347160123116,,mixed
2010-06-16,14:30:00,14:31:00,2,5.138809240759323,14:31:00,1,0.0,0.6603564498152364,,compressed
2014-04-16,15:54:00,15:59:00,6,5.135651475231735,15:58:00,1,0.0,0.5245488048667329,,compressed
2012-05-01,10:30:00,10:59:00,30,5.128060335474978,10:54:00,2,1.0,3.0059284464110525,,dispersed
2013-10-14,14:09:00,14:22:00,14,5.121608737942416,14:12:00,1,0.0,0.7484285607337143,,mixed
2016-09-12,13:15:00,13:27:00,13,5.1101310706727885,13:18:00,2,1.0,2.4398546022005907,,dispersed
2015-10-27,11:54:00,12:03:00,10,5.10600482296446,11:57:00,2,1.0,1.2933328610191404,,mixed
2010-08-02,10:31:00,10:59:00,29,5.095700167564801,10:31:00,2,1.0,1.4388953657627461,,mixed
2015-06-17,14:01:00,14:13:00,13,5.083181727950273,14:05:00,2,1.0,2.061440182044249,,dispersed
2018-06-06,13:48:00,14:23:00,36,5.082292084319103,14:19:00,2,1.0,0.726047435256544,,mixed
2010-03-02,13:53:00,14:04:00,12,5.0624339518111805,13:53:00,3,0.25,0.5130703835997816,,compressed
2008-10-29,14:18:00,14:21:00,4,5.052147326308689,14:19:00,2,1.0,0.969797345454446,,mixed
2009-01-28,14:18:00,14:34:00,17,5.045324741764543,14:30:00,3,1.0,0.9072066949138623,,mixed
2013-02-12,13:55:00,14:29:00,34,5.044654828935781,14:00:00,3,0.20588235294117646,0.4913304038206363,,compressed
2021-04-14,13:59:00,14:11:00,13,5.029860148829855,14:05:00,2,1.0,1.8257199091653422,,dispersed
2018-09-14,12:00:00,12:40:00,39,5.028953772897421,12:21:00,3,1.0,1.7277302725760129,,dispersed
2018-10-15,11:02:00,11:07:00,6,5.028728938076104,11:02:00,1,0.0,0.8481223069637618,,mixed
2008-01-30,12:59:00,13:07:00,9,5.023448680645458,13:00:00,1,0.0,0.3344472824185348,,compressed
2017-05-26,14:13:00,14:58:00,46,5.021994676542411,14:55:00,1,0.0,0.5299488570896865,,compressed
2020-05-19,14:06:00,14:40:00,35,5.015850500495634,14:20:00,2,1.0,0.441950211663455,,compressed
2019-06-27,15:16:00,15:29:00,14,5.010148386722835,15:27:00,2,0.5,0.6589423592441727,,compressed
2016-11-02,15:25:00,15:51:00,27,5.008509351071148,15:36:00,1,0.0,1.3746415184696206,,mixed
2017-11-24,12:00:00,12:05:00,6,4.9925581766715,12:00:00,1,0.0,0.7076522414915277,,mixed
2010-05-28,12:39:00,13:02:00,24,4.98851690486633,12:44:00,2,0.9583333333333334,1.2220407351302878,,mixed
2020-03-12,10:30:00,10:37:00,8,4.988295362979985,10:30:00,2,1.0,2.604299396625403,COVID CIRCUIT BREAKER #2 (-9.5% day),dispersed
2019-10-03,10:30:00,10:59:00,30,4.986898686284473,10:32:00,2,1.0,3.8132477766677426,,dispersed
2018-07-05,14:02:00,14:09:00,8,4.982032005528456,14:03:00,2,1.0,1.0202205991656976,,mixed
2011-08-30,15:03:00,15:06:00,4,4.981752088494896,15:03:00,1,0.0,0.9995252434621446,,mixed
2012-08-07,13:15:00,13:27:00,13,4.979152444390768,13:17:00,1,0.0,0.5179279383126615,,compressed
2017-09-01,15:09:00,15:29:00,21,4.975631560682844,15:29:00,1,0.0,0.4536817468784114,,compressed
2012-09-13,12:31:00,12:42:00,12,4.971930870755531,12:31:00,3,1.0,3.466202915826386,,dispersed
2010-11-12,13:50:00,13:59:00,10,4.9716786871595895,13:53:00,1,0.0,1.1809902289881198,,mixed
2016-05-23,13:50:00,14:07:00,18,4.9631624167772435,13:59:00,3,0.6666666666666666,0.5600610377972107,,compressed
2010-12-13,13:17:00,14:06:00,50,4.958124033620708,13:57:00,1,0.0,0.4630427845830606,,compressed
2018-02-12,15:47:00,15:56:00,9,4.953659976689631,15:47:00,2,1.0,0.870899316650085,,mixed
2012-01-20,14:44:00,14:49:00,6,4.948059276842065,14:48:00,1,0.0,0.5361694751222718,,compressed
2009-06-10,13:03:00,13:09:00,7,4.946621290162504,13:04:00,2,1.0,1.0837795591371513,,mixed
2019-05-17,15:01:00,15:11:00,11,4.940936734500142,15:06:00,2,1.0,1.3102560175771627,,mixed
2011-10-04,10:56:00,11:06:00,10,4.936398433944541,11:02:00,2,1.0,1.9227141847596245,final-hour melt-up (+4% in 45 min),dispersed
2008-12-26,12:23:00,12:27:00,5,4.9333436389117304,12:25:00,3,1.0,0.24692274086340696,,compressed
2017-10-03,13:42:00,14:48:00,67,4.930382940222821,13:59:00,3,0.417910447761194,0.5047977553709045,,compressed
2019-06-03,13:25:00,13:46:00,22,4.9269643017383,13:25:00,2,1.0,2.1850339377935493,,dispersed
2020-02-07,13:34:00,13:46:00,13,4.925623257778769,13:34:00,2,1.0,0.8436685530058486,,mixed
2014-12-24,12:12:00,12:12:00,1,4.922145076948387,12:12:00,1,0.0,0.37166862401919437,,compressed
2019-11-07,14:43:00,14:54:00,12,4.91924920446554,14:43:00,2,1.0,2.2133678617366623,,dispersed
2015-02-20,12:35:00,12:41:00,7,4.9152534824956495,12:36:00,3,1.0,1.9707771626036998,,dispersed
2010-08-02,12:24:00,12:31:00,8,4.904374818207579,12:27:00,2,1.0,0.6762700048914487,,mixed
2020-09-02,15:55:00,16:00:00,6,4.8971027105831135,15:59:00,2,1.0,1.4638822318109566,,mixed
2013-06-17,11:36:00,11:47:00,12,4.8969529575362225,11:36:00,2,1.0,0.7492284754188965,,mixed
2014-04-09,13:50:00,14:11:00,22,4.885045520001219,14:00:00,2,0.5909090909090909,0.9538779980449273,,mixed
2017-08-25,15:06:00,15:38:00,29,4.882576747430908,15:29:00,2,1.0,1.0339842980339105,,mixed
2013-08-23,15:01:00,15:19:00,19,4.873154768072407,15:01:00,1,0.05263157894736842,0.5389639189506249,,compressed
2019-07-26,13:32:00,13:36:00,5,4.872498215221852,13:33:00,1,0.0,0.4089673959356229,,compressed
2014-02-28,14:07:00,14:11:00,5,4.8592708485907234,14:07:00,2,0.6,0.7374362199877033,,mixed
2012-06-20,12:32:00,12:46:00,11,4.858862209215658,12:34:00,2,1.0,1.986047504284037,,dispersed
2012-04-27,13:15:00,13:33:00,19,4.855374024569368,13:16:00,1,0.0,0.5279042599250208,,compressed
2013-07-15,15:45:00,15:59:00,15,4.845978045442955,15:46:00,1,0.0,0.5532236980183393,,compressed
2016-11-25,11:34:00,11:52:00,19,4.840355540857028,11:44:00,1,0.0,0.5669853367511352,,compressed
2016-03-07,14:11:00,14:20:00,10,4.831974921873151,14:17:00,1,0.0,1.0386477403844379,,mixed
2020-02-18,13:50:00,13:59:00,10,4.826338605085667,13:51:00,1,0.0,0.7027360234962441,,mixed
2012-09-07,12:36:00,13:18:00,41,4.826237056324186,13:07:00,1,0.5853658536585366,0.48665032706478173,,compressed
2011-06-23,14:59:00,15:14:00,16,4.8255689970406,15:09:00,2,1.0,2.6249310787152935,,dispersed
2014-02-19,14:01:00,14:22:00,18,4.820304278216888,14:09:00,2,1.0,2.000207366423879,,dispersed
2018-08-20,14:01:00,14:03:00,3,4.81986431327631,14:01:00,1,0.0,0.35205204438401994,,compressed
2014-08-15,10:44:00,10:59:00,12,4.817151087511015,10:46:00,2,1.0,1.7562542687586495,,dispersed
2010-05-26,14:25:00,14:49:00,22,4.8044519203544365,14:35:00,1,0.45454545454545453,0.9127613356284144,,mixed
2020-12-14,10:59:00,11:28:00,24,4.803407714742754,11:09:00,2,0.7916666666666666,1.2580833868368402,,mixed
2012-11-20,11:53:00,12:00:00,8,4.802672638990987,11:55:00,1,0.0,0.7834618766392093,,mixed
2008-02-15,15:39:00,16:00:00,20,4.80239583899243,15:42:00,2,1.0,0.9849910668988544,,mixed
2013-03-11,13:02:00,13:27:00,26,4.795644708922758,13:11:00,1,0.19230769230769232,0.5595181226968764,,compressed
2013-08-13,14:21:00,14:21:00,1,4.794731972645868,14:21:00,2,1.0,0.8584621378945536,,mixed
2019-12-23,13:42:00,13:42:00,1,4.789821949882278,13:42:00,1,0.0,0.481289278150278,,compressed
2009-09-14,14:54:00,15:17:00,24,4.780349314279602,15:01:00,2,1.0,1.0394354471354454,,mixed
2015-07-30,13:18:00,13:28:00,11,4.777342739961617,13:20:00,2,0.8181818181818182,0.7376798614533923,,mixed
2008-12-26,14:30:00,14:41:00,12,4.774706078386973,14:31:00,2,0.8333333333333334,0.3655399436144952,,compressed
2013-05-17,13:51:00,14:09:00,19,4.766381929116049,14:07:00,3,0.42105263157894735,0.5775274155655331,,compressed
2020-04-17,15:50:00,16:00:00,11,4.765630627777182,15:55:00,2,1.0,1.0388264498077502,,mixed
2016-10-04,11:03:00,11:10:00,8,4.764424409782014,11:05:00,2,1.0,1.4574431470621292,,mixed
2008-07-24,13:36:00,13:37:00,2,4.758040190250115,13:36:00,2,1.0,0.9538561252044935,,mixed
2012-07-02,13:50:00,13:56:00,7,4.753521866760369,13:53:00,1,0.0,0.47850099569714827,,compressed
2021-04-08,13:15:00,13:17:00,2,4.747128020105166,13:15:00,1,0.5,0.7537797608951685,,mixed
2018-09-26,13:03:00,13:09:00,7,4.740140692387474,13:04:00,1,0.0,0.5064527673596855,,compressed
2017-08-01,13:44:00,13:54:00,11,4.739729569675278,13:45:00,1,0.0,0.5596444669961165,,compressed
2010-04-09,12:39:00,13:03:00,25,4.731227640126745,12:53:00,1,0.0,0.5865681644110806,,compressed
2011-03-11,13:57:00,14:11:00,15,4.723839087049773,14:01:00,1,0.0,0.6364515422185866,,compressed
2014-04-01,15:30:00,15:44:00,15,4.723244368703043,15:44:00,3,1.0,0.5373504163700872,,compressed
2015-05-20,14:02:00,14:13:00,12,4.721891796253652,14:02:00,2,1.0,1.822827486903357,,dispersed
2020-11-27,11:26:00,11:51:00,23,4.719081975481475,11:36:00,2,0.7391304347826086,0.6241341374055722,,compressed
2016-12-07,10:34:00,10:51:00,18,4.716911511461121,10:44:00,1,0.0,0.9950145174420717,,mixed
2009-02-10,13:17:00,13:27:00,11,4.71586924960763,13:20:00,2,0.8181818181818182,1.289665042174163,,mixed
2012-10-03,13:38:00,13:43:00,6,4.7105754231307735,13:38:00,3,1.0,1.0089257646425625,,mixed
2018-07-19,13:02:00,13:29:00,26,4.702673900748558,13:03:00,3,1.0,2.176912210636669,,dispersed
2014-04-17,14:49:00,15:02:00,14,4.699370571174789,15:01:00,1,0.0,0.4508260791526717,,compressed
2020-03-26,15:50:00,16:00:00,11,4.699006483332765,15:50:00,2,1.0,1.4228370180456997,,mixed
2019-03-05,14:29:00,14:33:00,5,4.698375642374603,14:29:00,2,1.0,0.6747997246574681,,mixed
2012-04-12,13:55:00,14:07:00,13,4.693351354662583,13:55:00,2,0.7692307692307693,0.7245915306225279,,mixed
2008-05-28,15:25:00,15:34:00,10,4.690311813852525,15:25:00,2,1.0,0.9863957247127115,,mixed
2018-06-22,15:45:00,15:50:00,6,4.690088606801847,15:45:00,2,1.0,0.9098444109902324,,mixed
2011-01-18,13:30:00,13:30:00,1,4.6872207048766805,13:30:00,1,0.0,0.5130114375313107,,compressed
2010-12-21,13:45:00,14:30:00,46,4.686074299857258,14:11:00,1,0.32608695652173914,0.4881827759325963,,compressed
2013-07-11,13:07:00,13:25:00,18,4.675138488302515,13:15:00,1,0.0,0.45903742757001575,,compressed
2012-05-15,11:59:00,12:06:00,8,4.669922738854661,12:04:00,2,0.25,0.9977332325856016,,mixed
2012-11-19,15:52:00,15:59:00,8,4.669030134503495,15:53:00,1,0.0,0.6166450449556652,,compressed
2016-12-21,13:27:00,13:47:00,21,4.667641311152152,13:27:00,1,0.0,0.436779580076857,,compressed
2010-04-05,12:03:00,12:11:00,9,4.667284824862588,12:04:00,3,0.2222222222222222,0.5605927992064892,,compressed
2018-07-12,12:41:00,13:23:00,42,4.6614823283943,12:41:00,2,1.0,1.0946382932793277,,mixed
2012-05-01,13:16:00,13:19:00,4,4.657022659141094,13:19:00,1,0.0,0.4087637326387343,,compressed
2014-04-22,12:22:00,12:50:00,26,4.656147580632029,12:27:00,2,1.0,0.6458370600060722,,compressed
2016-11-02,14:01:00,14:10:00,10,4.654765902992939,14:01:00,2,1.0,1.2962713493190718,,mixed
2020-05-29,12:57:00,13:48:00,47,4.649651615586368,12:58:00,2,1.0,1.6411340978950961,,dispersed
2016-06-07,15:05:00,15:20:00,16,4.647897900961998,15:17:00,3,0.5625,0.7131751541193931,,mixed
2019-05-08,11:33:00,11:58:00,26,4.6419079819552875,11:33:00,2,1.0,2.6464561512011207,,dispersed
2009-10-12,13:22:00,13:47:00,25,4.619239180080049,13:30:00,3,0.16,0.39103131570034677,,compressed
2018-09-19,14:49:00,15:06:00,18,4.618561527435334,15:03:00,1,0.0,0.5970249979422935,,compressed
2016-09-28,14:13:00,14:27:00,11,4.6181792450590695,14:13:00,2,1.0,1.2552688346467693,,mixed
2019-03-15,11:49:00,11:59:00,11,4.610979327983328,11:51:00,2,1.0,1.2225729925565818,,mixed
2012-02-21,11:57:00,12:02:00,6,4.610511118867527,11:57:00,1,0.3333333333333333,0.553630132621315,,compressed
2018-05-01,13:13:00,13:52:00,34,4.609520251659271,13:16:00,2,1.0,0.9926345868746496,,mixed
2013-12-17,13:48:00,14:07:00,20,4.607912490545264,13:50:00,3,1.0,0.6728944692015876,,mixed
2016-07-08,14:21:00,14:30:00,10,4.604668847953444,14:25:00,2,0.5,0.46130352648541384,,compressed
2014-08-05,13:39:00,13:44:00,6,4.603967262348774,13:40:00,2,1.0,1.567011737202972,,dispersed
2015-04-02,13:07:00,13:14:00,6,4.6006317487498265,13:13:00,1,0.0,0.6689503898832951,,compressed
2018-09-26,14:03:00,14:20:00,18,4.590922847648713,14:06:00,2,1.0,1.4541914302574905,,mixed
2013-06-13,12:37:00,12:47:00,11,4.590064981932654,12:42:00,2,0.45454545454545453,0.6009164591312318,,compressed
2013-05-20,12:03:00,12:14:00,12,4.588430988623586,12:03:00,1,0.0,0.5629524322346059,,compressed
2010-04-14,13:36:00,13:41:00,6,4.586517399818492,13:36:00,1,0.0,0.5639895872310798,,compressed
2020-10-20,12:33:00,13:01:00,29,4.5858153144610485,12:36:00,2,1.0,1.0899532857335885,,mixed
2014-06-20,15:11:00,15:16:00,6,4.58267464190233,15:14:00,1,0.0,0.4492330780743435,,compressed
2011-12-05,11:34:00,11:58:00,23,4.581493880198577,11:43:00,1,0.043478260869565216,0.711297857643602,,mixed
2016-10-18,14:45:00,15:09:00,22,4.577622552317268,14:55:00,2,0.9545454545454546,0.611124337965062,,compressed
2008-04-30,14:17:00,14:27:00,11,4.573853927475253,14:23:00,3,1.0,1.757642971100199,,dispersed
2017-03-09,14:04:00,14:15:00,12,4.569612337374799,14:04:00,2,1.0,1.3261230697269586,,mixed
2012-05-14,14:12:00,14:25:00,14,4.568034716695574,14:16:00,2,1.0,0.923999721524507,,mixed
2014-08-20,13:16:00,13:20:00,2,4.562492363653888,13:16:00,1,0.0,0.47336346036880905,,compressed
2015-03-12,14:34:00,14:57:00,24,4.559774538479348,14:48:00,2,0.9166666666666666,0.7023550378573991,,mixed
2013-03-11,14:20:00,14:26:00,7,4.5580037438695005,14:20:00,1,0.0,0.5929078602755341,,compressed
2008-07-07,13:30:00,13:56:00,27,4.54719840162365,13:55:00,2,1.0,1.6590411203955202,,dispersed
2013-06-18,13:06:00,13:22:00,15,4.537213495416436,13:07:00,1,0.0,0.5357298927480816,,compressed
2008-05-19,13:32:00,13:45:00,14,4.53500749072953,13:34:00,1,0.0,0.7051074971256154,,mixed
2013-09-17,13:59:00,14:03:00,5,4.534547487704209,14:01:00,1,0.0,0.5872658387018685,,compressed
2015-04-13,13:37:00,13:43:00,5,4.532747256567914,13:43:00,2,1.0,1.1107654075807938,,mixed
2018-09-13,15:19:00,15:24:00,6,4.523312031979564,15:21:00,1,0.0,0.6073582477565375,,compressed
2011-05-09,14:42:00,15:02:00,21,4.521030831167622,14:47:00,1,0.0,0.6946498198910643,,mixed
2012-04-24,14:33:00,14:37:00,5,4.5178429953651165,14:36:00,2,1.0,0.8181467860341767,,mixed
2012-01-25,12:28:00,12:35:00,8,4.513052817417324,12:29:00,2,1.0,1.8175373940994388,,dispersed
2011-11-07,13:13:00,13:13:00,1,4.512629685244162,13:13:00,2,1.0,0.6791225247206474,,mixed
2016-11-25,12:03:00,12:27:00,25,4.510603005715823,12:03:00,1,0.0,0.575039634011903,,compressed
2014-05-23,12:07:00,12:25:00,17,4.508316687042473,12:22:00,3,0.058823529411764705,0.6452799264703605,,compressed
2013-10-15,14:24:00,14:38:00,14,4.4999497270223126,14:31:00,2,1.0,1.223071783732229,,mixed
2016-01-26,11:41:00,11:54:00,14,4.4907014359049935,11:45:00,1,0.14285714285714285,0.7273692657459144,,mixed
2016-08-03,13:22:00,13:37:00,15,4.487193319168684,13:22:00,2,0.06666666666666667,0.5560760892778802,,compressed
2017-12-22,12:51:00,12:54:00,4,4.485405962232642,12:53:00,1,0.0,0.46128156867461345,,compressed
2011-11-17,12:40:00,13:05:00,25,4.4784347470894375,12:55:00,2,1.0,2.05403423430475,,dispersed
2019-03-28,14:10:00,14:32:00,21,4.4727504648386125,14:30:00,1,0.0,0.4325870284546336,,compressed
2015-11-19,12:57:00,13:08:00,12,4.470888724752356,12:59:00,2,1.0,0.6757511520342084,,mixed
2018-05-07,11:33:00,11:49:00,13,4.469265562398069,11:37:00,2,1.0,0.8962711896174449,,mixed
2012-10-18,12:35:00,12:49:00,11,4.4685949455285545,12:46:00,2,1.0,1.2678152829595917,,mixed
2009-04-07,13:39:00,13:50:00,10,4.460846721959065,13:39:00,1,0.0,0.7082359837916371,,mixed
2017-08-03,15:31:00,15:58:00,28,4.459461527109629,15:33:00,2,1.0,1.5580829052462644,,dispersed
2020-11-27,13:32:00,13:54:00,23,4.458066191187661,13:49:00,3,1.0,0.7644058819440789,,mixed
2014-06-23,12:56:00,13:17:00,22,4.457064565987315,12:56:00,1,0.0,0.5529873325624739,,compressed
2010-07-09,14:09:00,14:22:00,13,4.4560732910939915,14:15:00,3,0.15384615384615385,0.6536885788573915,,compressed
2021-03-09,15:50:00,15:59:00,8,4.446961857159803,15:54:00,2,1.0,0.7838721046361407,,mixed
2013-07-01,10:39:00,10:47:00,9,4.439919853882856,10:44:00,1,0.1111111111111111,1.0704237600282656,,mixed
2013-09-27,11:37:00,12:04:00,25,4.439134302023842,11:54:00,3,0.68,0.9982574193312627,,mixed
2020-11-17,12:14:00,12:37:00,24,4.433868566053159,12:14:00,2,1.0,1.0365011926094543,,mixed
2014-11-26,13:52:00,14:23:00,30,4.4321418150073155,14:10:00,3,1.0,0.5152445156790083,,compressed
2019-10-09,15:44:00,15:55:00,12,4.431742080042013,15:45:00,2,1.0,1.2759196304012443,,mixed
2016-09-07,13:50:00,14:02:00,8,4.427473948451031,14:02:00,3,1.0,0.599253453140542,,compressed
2013-10-21,13:41:00,13:42:00,2,4.425780100254612,13:41:00,1,0.0,0.5372772485739086,,compressed
2017-03-03,14:02:00,14:03:00,2,4.42386599502478,14:03:00,2,1.0,1.5718020572422398,,dispersed
2013-01-18,12:47:00,12:49:00,3,4.422795424002628,12:47:00,1,0.0,0.6642143482105308,,compressed
2010-12-01,13:19:00,13:22:00,4,4.420532582068316,13:21:00,2,1.0,0.9100954835534076,,mixed
2016-03-07,14:52:00,15:18:00,26,4.418294771752182,14:57:00,2,0.6538461538461539,1.230634128724402,,mixed
2009-01-28,13:36:00,13:43:00,8,4.417216416662503,13:37:00,2,1.0,0.46273785108265103,,compressed
2009-03-06,14:33:00,14:38:00,6,4.417213530364217,14:36:00,1,0.0,1.0296615704552612,,mixed
2014-04-21,13:17:00,13:22:00,6,4.413245771879273,13:19:00,1,0.0,0.4508480951864158,,compressed
2008-03-26,14:59:00,15:40:00,37,4.412917822402178,15:10:00,2,1.0,1.2741013029548525,,mixed
2016-11-15,12:03:00,12:33:00,26,4.4123983622064,12:15:00,1,0.0,0.5154225536914436,,compressed
2020-01-08,15:49:00,15:50:00,2,4.411450807986831,15:49:00,2,1.0,1.5705676225350809,,dispersed
2012-07-02,12:12:00,12:29:00,18,4.411297050584849,12:22:00,3,0.6666666666666666,0.9329482479304848,,mixed
2019-10-25,14:48:00,15:04:00,15,4.409856237831744,14:58:00,1,0.0,0.8570172280352961,,mixed
2009-04-22,12:16:00,12:33:00,15,4.406808048330381,12:23:00,1,0.0,0.8053604347569092,,mixed
2010-11-18,10:58:00,10:59:00,2,4.4048246533576885,10:59:00,2,1.0,1.3246718239790398,,mixed
2019-01-22,15:59:00,15:59:00,1,4.399904397153842,15:59:00,2,1.0,2.846116062694208,,dispersed
2019-09-06,14:38:00,14:39:00,2,4.399478049365985,14:39:00,1,0.0,0.505327316384746,,compressed
2018-04-19,15:51:00,15:59:00,9,4.395776037714396,15:56:00,2,1.0,1.5810546088736466,,dispersed
2015-07-22,14:43:00,14:53:00,8,4.395259992730741,14:43:00,2,0.125,0.8809155817600941,,mixed
2010-12-03,13:52:00,13:59:00,6,4.3906853327500635,13:59:00,1,0.0,0.5040740503844465,,compressed
2016-06-15,14:00:00,14:11:00,10,4.388582274409081,14:02:00,2,1.0,1.2390538985758812,,mixed
2013-07-09,15:45:00,15:51:00,7,4.383563804622313,15:45:00,2,1.0,0.8140241518780273,,mixed
2013-12-27,13:25:00,13:33:00,9,4.382848185943469,13:25:00,1,0.0,0.7245721108353269,,mixed
2008-06-09,11:53:00,12:10:00,17,4.380905303644654,11:55:00,2,0.5882352941176471,0.7031141146322998,,mixed
2008-10-30,13:50:00,14:04:00,12,4.380787860599365,13:58:00,2,0.6666666666666666,0.7870042755891979,,mixed
2012-08-29,14:59:00,15:03:00,5,4.380771266815867,15:00:00,3,1.0,0.5351582443218058,,compressed
2016-12-21,14:52:00,15:05:00,14,4.37662947770979,15:01:00,1,0.0,0.4264646409718562,,compressed
2015-09-14,11:26:00,11:36:00,10,4.375650177966033,11:29:00,2,0.8,0.9507333559803525,,mixed
2018-04-03,11:15:00,11:17:00,3,4.375534406563001,11:17:00,1,0.0,1.261978221634971,,mixed
2021-05-06,14:12:00,14:25:00,13,4.365189475399982,14:17:00,2,1.0,1.3089363219065289,,mixed
2012-12-17,13:12:00,13:16:00,5,4.363766028116274,13:16:00,1,0.0,0.5875605188398096,,compressed
2012-08-17,13:45:00,14:19:00,33,4.363330749021514,13:54:00,3,0.21212121212121213,0.5120384062977738,,compressed
2015-10-08,14:06:00,14:16:00,11,4.361135098352765,14:12:00,2,1.0,1.1550153178673548,,mixed
2020-11-06,11:29:00,11:53:00,25,4.360682455610578,11:44:00,3,1.0,1.2914676748887581,,mixed
2013-12-27,15:20:00,15:31:00,12,4.3593657803955015,15:22:00,3,1.0,0.6383615264641866,,compressed
2008-04-09,12:09:00,12:28:00,15,4.358921704250004,12:19:00,2,1.0,1.1737373967392393,,mixed
2018-02-14,15:45:00,15:50:00,6,4.35806466136306,15:46:00,3,0.6666666666666666,0.589673935151498,,compressed
2019-03-05,14:13:00,14:20:00,6,4.354748250681783,14:15:00,2,1.0,0.7979842886902854,,mixed
2017-03-03,13:02:00,13:10:00,9,4.35472744301496,13:04:00,2,1.0,1.6599230949267936,,dispersed
2019-09-12,11:32:00,11:49:00,18,4.352086625817506,11:36:00,2,1.0,2.606182139781115,,dispersed
2009-08-21,15:15:00,15:32:00,18,4.35093473354069,15:28:00,2,1.0,0.8874536971125108,,mixed
2018-11-29,14:00:00,14:06:00,7,4.350159773204344,14:00:00,3,1.0,0.8231971998051273,,mixed
2012-08-29,12:45:00,13:10:00,26,4.348723995764582,12:46:00,3,0.038461538461538464,0.470302190994045,,compressed
2013-07-11,11:41:00,11:47:00,7,4.344488597325487,11:44:00,1,0.0,0.7883709433492428,,mixed
2013-07-08,12:09:00,12:14:00,6,4.3424044608905605,12:09:00,1,0.0,0.8793151731149618,,mixed
2011-07-21,12:50:00,13:02:00,13,4.342275069026534,12:53:00,3,1.0,1.780895126424862,,dispersed
2013-02-08,14:05:00,14:55:00,51,4.34183768077846,14:39:00,1,0.0,0.514101255578271,,compressed
2017-11-21,12:47:00,12:50:00,4,4.3402845694027175,12:50:00,1,0.0,0.5583804659777128,,compressed
2019-08-13,10:41:00,10:47:00,7,4.338345060976427,10:45:00,2,1.0,2.9018276650799923,,dispersed
2015-08-10,11:25:00,11:37:00,13,4.336584320909765,11:34:00,1,0.0,0.8150235050337693,,mixed
2009-06-09,12:07:00,12:13:00,7,4.325527426854618,12:09:00,2,0.8571428571428571,0.7809224716332419,,mixed
2009-08-03,11:30:00,11:49:00,20,4.320977288797568,11:43:00,2,0.95,1.0041559456188307,,mixed
2013-01-23,14:20:00,14:37:00,18,4.308774608340916,14:29:00,1,0.0,0.6175642618550188,,compressed
2011-06-14,15:44:00,15:45:00,2,4.307445408553735,15:45:00,1,0.0,0.7834878970582329,,mixed
2016-04-13,13:46:00,13:57:00,12,4.299094113225331,13:50:00,1,0.0,0.6759489410624965,,mixed
2014-10-21,15:03:00,15:07:00,5,4.2982142462328365,15:05:00,1,0.0,0.34332025777951036,,compressed
2015-05-11,12:31:00,12:42:00,12,4.29391780238448,12:38:00,1,0.0,0.966647268314984,,mixed
2015-05-15,14:16:00,14:32:00,17,4.293765465162775,14:25:00,1,0.0,0.4462372751109601,,compressed
2015-11-25,15:48:00,15:59:00,12,4.291869060087209,15:49:00,1,0.16666666666666666,0.5636049876573027,,compressed
2018-09-19,13:37:00,13:49:00,13,4.290854940989498,13:44:00,1,0.0,0.765503166711437,,mixed
2016-08-15,12:15:00,13:33:00,79,4.288554326719562,12:22:00,1,0.02531645569620253,0.5858763843263742,,compressed
2010-03-04,12:56:00,13:07:00,12,4.287957980246964,12:58:00,1,0.0,0.6892589387911332,,mixed
2009-09-22,14:18:00,14:25:00,7,4.287304429117232,14:19:00,1,0.7142857142857143,0.8806083984751601,,mixed
2010-10-11,13:34:00,13:45:00,12,4.281897950401127,13:40:00,1,0.0,0.4927464082946334,,compressed
2012-03-16,13:47:00,14:14:00,28,4.27959249600703,13:52:00,1,0.0,0.5224532570804188,,compressed
2013-12-30,12:51:00,13:36:00,43,4.273868192668801,13:13:00,1,0.18604651162790697,0.7352474817767713,,mixed
2013-11-15,13:08:00,13:30:00,23,4.273761922705788,13:08:00,3,0.30434782608695654,0.5038089545917377,,compressed
2016-06-21,12:27:00,13:05:00,35,4.272447576320332,12:44:00,1,0.0,0.6385679906889522,,compressed
2009-05-18,13:26:00,13:54:00,27,4.2597414842373675,13:40:00,2,0.8518518518518519,0.8531815580599189,,mixed
2009-12-16,11:30:00,11:51:00,22,4.259506137654612,11:31:00,1,0.0,0.5307861081269426,,compressed
2020-05-06,14:59:00,15:14:00,16,4.259098363489703,15:03:00,1,0.0,0.9218449993753137,,mixed
2013-10-30,14:02:00,14:10:00,9,4.2567515366939945,14:04:00,2,1.0,2.1716370387082904,,dispersed
2016-01-25,12:30:00,12:39:00,10,4.251696600272556,12:36:00,2,1.0,0.6837026165597927,,mixed
2017-12-26,15:29:00,15:37:00,9,4.2447509821223575,15:34:00,1,0.0,0.5258952363174327,,compressed
2021-04-21,14:29:00,14:47:00,19,4.244653108206043,14:31:00,1,0.0,0.6142789040527863,,compressed
2016-01-08,13:19:00,13:40:00,19,4.240246774921241,13:24:00,1,0.0,1.0206005764373898,,mixed
2013-05-06,12:58:00,14:32:00,95,4.238104317716207,13:30:00,1,0.06315789473684211,0.5908169968249565,,compressed
2011-08-12,14:12:00,14:24:00,13,4.236372128188289,14:15:00,2,1.0,0.4931569003807487,,compressed
2017-07-11,11:25:00,11:29:00,5,4.235936178733578,11:25:00,2,1.0,1.6631651032146595,,dispersed
2020-09-17,10:51:00,11:00:00,10,4.235245515199755,10:52:00,1,0.0,1.7916801970962173,,dispersed
2013-10-28,13:33:00,13:38:00,6,4.234711681247636,13:36:00,1,0.0,0.5557996667572047,,compressed
2011-02-08,14:35:00,14:35:00,1,4.233548330681052,14:35:00,3,1.0,0.6330300718754839,,compressed
2013-09-04,15:24:00,15:46:00,23,4.233351665999035,15:29:00,2,1.0,0.9960673936404785,,mixed
2016-12-23,14:12:00,14:27:00,16,4.233214116696783,14:13:00,1,0.0,0.5540147229305239,,compressed
2016-04-06,13:08:00,13:14:00,5,4.2326821954734735,13:08:00,3,1.0,0.7477605948001137,,mixed
2021-03-10,12:12:00,12:18:00,7,4.231482222968147,12:15:00,2,1.0,0.769896200351129,,mixed
2012-06-06,14:22:00,14:57:00,34,4.231365104696077,14:29:00,1,0.0,0.5991506555314834,,compressed
2014-11-25,14:29:00,14:44:00,16,4.228830305697846,14:33:00,2,0.0625,0.8399696718516708,,mixed
2011-02-07,14:38:00,14:40:00,3,4.227163970370294,14:38:00,1,0.0,0.6767056646056482,,mixed
2010-09-01,10:30:00,10:59:00,30,4.226672664774163,10:50:00,2,1.0,1.8530500131880685,,dispersed
2013-02-28,15:59:00,15:59:00,1,4.222198903071682,15:59:00,2,1.0,1.2040606129766536,,mixed
2019-04-22,14:10:00,14:27:00,17,4.219016428444815,14:26:00,1,0.0,0.44042733998540967,,compressed
2012-06-08,13:07:00,13:17:00,8,4.214644298965177,13:10:00,1,0.0,0.8345044229757247,,mixed
2014-10-07,13:08:00,13:09:00,2,4.213341960599939,13:09:00,1,0.0,0.892360230107809,,mixed
2015-07-15,11:08:00,11:12:00,5,4.21287295575817,11:08:00,1,0.0,0.6297475005165986,,compressed
2008-09-26,12:12:00,12:18:00,7,4.211374657924408,12:17:00,1,0.0,0.9888186398431237,,mixed
2012-03-01,10:30:00,10:57:00,28,4.211249892626705,10:39:00,3,1.0,3.220975811990306,,dispersed
2016-09-19,10:30:00,10:32:00,3,4.208177245289615,10:30:00,1,0.0,0.5602334553407984,,compressed
2014-04-02,13:17:00,13:24:00,8,4.2053222045133625,13:23:00,2,0.625,0.5911653162489925,,compressed
2013-06-27,12:46:00,12:54:00,9,4.201214346702018,12:54:00,1,0.0,0.5535065788800781,,compressed
2012-03-27,13:01:00,13:15:00,12,4.198297801003059,13:01:00,1,0.0,0.6112662803880287,,compressed
2017-08-15,14:57:00,15:07:00,10,4.19741115111779,15:01:00,2,0.6,0.7222873924963582,,mixed
2010-10-06,12:22:00,12:26:00,5,4.1888037013480215,12:23:00,1,0.0,0.7480224375347264,,mixed
2014-10-13,15:32:00,15:39:00,7,4.188171606462148,15:32:00,2,1.0,1.253056725643014,,mixed
2013-04-02,13:19:00,13:20:00,2,4.187087817583342,13:20:00,1,0.0,0.49829048848956015,,compressed
2018-05-16,12:44:00,13:04:00,20,4.184031032382858,13:00:00,2,0.25,1.0476832135270278,,mixed
2014-12-26,12:01:00,12:10:00,10,4.183883479326292,12:09:00,2,1.0,0.32949856119348625,,compressed
2021-02-12,13:21:00,13:59:00,39,4.1835222435718125,13:21:00,2,1.0,1.064313898441369,,mixed
2018-12-28,13:17:00,13:23:00,7,4.181909893380497,13:20:00,2,1.0,0.6813922217737277,,mixed
2021-02-04,11:50:00,12:00:00,8,4.1809767435745515,11:59:00,2,0.75,0.7713115680950974,,mixed
2018-12-19,13:22:00,13:23:00,2,4.180426867488684,13:22:00,2,1.0,0.7294797063423079,,mixed
2015-12-09,10:53:00,11:09:00,17,4.180253210069079,11:09:00,2,1.0,1.7375172840786957,,dispersed
2009-05-29,13:51:00,14:17:00,27,4.173200135074828,14:00:00,1,0.3333333333333333,0.6235939482200629,,compressed
2008-02-12,14:20:00,14:50:00,27,4.172646783956225,14:36:00,1,0.037037037037037035,0.7567587145392561,,mixed
2019-07-09,14:09:00,14:19:00,11,4.171679154460784,14:12:00,1,0.0,0.3809361637133545,,compressed
2014-08-19,15:26:00,15:45:00,20,4.170219302158354,15:26:00,1,0.0,0.5038536005353986,,compressed
2015-01-16,12:44:00,12:49:00,6,4.167984872065708,12:49:00,2,1.0,0.7800600718097741,,mixed
2012-02-17,12:33:00,12:42:00,7,4.161469206651151,12:33:00,1,0.0,0.555584288680669,,compressed
2010-02-02,14:05:00,14:14:00,10,4.158257663344885,14:12:00,3,0.9,0.5953849681828667,,compressed
2011-02-17,15:17:00,15:28:00,12,4.157517169380813,15:27:00,1,0.0,0.6408822644076041,,compressed
2020-12-14,15:59:00,16:00:00,2,4.153606446066453,15:59:00,2,1.0,1.8884447156878947,,dispersed
2012-09-07,15:07:00,15:11:00,5,4.152596417299913,15:07:00,1,0.0,0.4566356887504974,,compressed
2012-12-10,13:38:00,13:43:00,6,4.146664109310596,13:43:00,1,0.0,0.47946531040425217,,compressed
2017-05-01,12:51:00,13:09:00,19,4.143002519263054,12:51:00,2,1.0,1.4642989233451418,,mixed
2012-04-03,13:14:00,13:39:00,19,4.141758442813351,13:21:00,1,0.0,0.6170838639378347,,compressed
2011-01-11,13:11:00,13:13:00,3,4.1411952501426565,13:11:00,2,1.0,1.0260469382198718,,mixed
2008-06-13,12:39:00,13:12:00,32,4.13946178696718,13:06:00,2,1.0,0.8215019149915638,,mixed
2016-02-17,13:32:00,13:38:00,7,4.138731318362637,13:33:00,1,0.0,0.3918813383292383,,compressed
2017-03-24,12:11:00,12:18:00,8,4.138704275810452,12:13:00,2,1.0,1.187320594983337,,mixed
2020-09-14,10:30:00,10:50:00,16,4.137932255666046,10:30:00,2,1.0,0.6632730820488008,,compressed
2014-09-17,12:53:00,13:17:00,25,4.137744511058267,13:08:00,2,0.68,0.5393241486388517,,compressed
2012-02-01,14:59:00,15:09:00,11,4.135410257389098,15:08:00,1,0.0,0.8135483185372621,,mixed
2020-02-14,15:41:00,15:59:00,17,4.1326242254511065,15:47:00,1,0.058823529411764705,0.9098822932374147,,mixed
2010-01-15,14:54:00,14:59:00,6,4.131385274313381,14:59:00,3,0.6666666666666666,0.6561009928923315,,compressed
2013-11-15,14:58:00,15:01:00,4,4.130216773119418,14:58:00,1,0.0,0.5551502382229416,,compressed
2012-09-10,12:28:00,12:48:00,21,4.130116099519063,12:35:00,3,0.5238095238095238,0.49723722275932675,,compressed
2011-07-05,13:44:00,13:46:00,3,4.128644179130832,13:45:00,1,0.0,0.5784726092953403,,compressed
2020-08-19,12:44:00,12:52:00,9,4.128207133272469,12:48:00,1,0.0,0.5650936854190738,,compressed
2020-08-12,14:03:00,14:08:00,6,4.127425526675048,14:04:00,1,0.0,0.8153799616478842,,mixed
2012-12-03,12:31:00,12:32:00,2,4.123977387335966,12:32:00,2,1.0,0.7131278135578729,,mixed
2013-04-02,12:33:00,13:09:00,34,4.1233246565607224,12:50:00,2,0.029411764705882353,0.5158095316098472,,compressed
2016-11-17,12:11:00,12:25:00,15,4.120355769825634,12:21:00,1,0.13333333333333333,0.6082270990985778,,compressed
2016-08-31,10:48:00,10:59:00,12,4.119560122583771,10:49:00,2,1.0,1.4022696875804836,,mixed
2013-01-29,14:18:00,14:55:00,38,4.117413883410276,14:24:00,3,0.7368421052631579,0.6754246884339293,,mixed
2019-10-30,10:34:00,10:48:00,13,4.117050949515488,10:43:00,2,1.0,2.084845568867064,,dispersed
2008-08-25,11:57:00,12:07:00,11,4.1133370428873315,12:01:00,2,1.0,1.2249875086171207,,mixed
2016-11-07,12:03:00,12:11:00,9,4.112323137175845,12:06:00,1,0.0,0.6541013410555623,,compressed
2011-10-03,14:28:00,14:32:00,5,4.110672593471467,14:29:00,1,0.0,1.390390509116819,,mixed
2013-06-14,10:31:00,10:37:00,7,4.109380904290873,10:34:00,1,0.0,1.114164324399628,,mixed
2011-07-22,15:03:00,15:11:00,7,4.10861550311752,15:09:00,3,1.0,0.4518459882129427,,compressed
2014-08-20,13:27:00,13:35:00,9,4.105561004931651,13:33:00,3,0.8888888888888888,0.536533477388078,,compressed
2017-02-07,14:09:00,14:31:00,15,4.105460818746708,14:28:00,1,0.0,0.7945159672301813,,mixed
2014-02-07,15:16:00,15:20:00,5,4.104257818743194,15:18:00,3,1.0,0.5933649823468422,,compressed
2011-08-15,13:04:00,13:09:00,6,4.104023336791355,13:09:00,1,0.0,0.34317501245599263,,compressed
2014-12-26,15:04:00,15:19:00,15,4.1032266164603435,15:05:00,1,0.0,0.5066400826596564,,compressed
2018-11-13,15:25:00,15:45:00,21,4.100703694814421,15:34:00,2,0.6190476190476191,1.6599458382344305,,dispersed
2010-11-15,13:26:00,13:50:00,20,4.099499748739194,13:35:00,1,0.0,0.675449746258478,,mixed
2013-04-09,15:11:00,15:16:00,6,4.0971332514145855,15:11:00,1,0.0,0.9225865755963296,,mixed
2017-03-08,14:08:00,14:13:00,6,4.09307667199224,14:10:00,1,0.0,0.8704703314474354,,mixed
2015-05-14,11:10:00,11:14:00,5,4.092468855063289,11:12:00,1,0.0,0.7133958453635829,,mixed
2013-05-31,11:36:00,11:39:00,4,4.083833640719565,11:38:00,1,0.0,1.2073503859528454,,mixed
2018-01-18,13:56:00,14:00:00,5,4.081543192379343,13:56:00,2,1.0,1.2710195307199583,,mixed
2017-06-14,14:04:00,14:14:00,8,4.081370727251143,14:11:00,2,1.0,1.4579841104010103,,mixed
2009-01-12,13:20:00,13:41:00,15,4.078711074029332,13:24:00,2,0.5333333333333333,0.6203847425665061,,compressed
2016-11-25,12:44:00,12:52:00,9,4.078697746614532,12:50:00,1,0.0,0.4237286498261254,,compressed
2009-08-11,12:30:00,12:46:00,14,4.07804382332728,12:41:00,2,0.5714285714285714,0.7327079509770154,,mixed
2015-07-14,14:13:00,14:30:00,18,4.077893011920621,14:19:00,1,0.0,0.3283657215199638,,compressed
2014-03-18,14:31:00,14:40:00,10,4.077786204885563,14:37:00,2,1.0,0.697386102195639,,mixed
2011-03-16,11:01:00,11:05:00,5,4.07636204856314,11:03:00,2,1.0,2.213810527006351,,dispersed
2016-05-10,12:51:00,12:56:00,6,4.0759906403622255,12:53:00,1,0.0,0.40956956638711656,,compressed
2011-02-14,12:37:00,12:44:00,8,4.071922003024924,12:37:00,1,0.0,0.5369482012002829,,compressed
2013-09-06,15:09:00,15:17:00,9,4.069207965463498,15:15:00,2,1.0,1.1889309098716236,,mixed
2009-03-09,14:50:00,14:50:00,1,4.067071638949392,14:50:00,1,0.0,0.9889195380790711,bear market bottom,mixed
2018-12-13,14:28:00,14:29:00,2,4.066292626604321,14:29:00,2,1.0,0.8269748775355558,,mixed
2013-10-14,13:59:00,14:03:00,5,4.064926000194796,14:01:00,1,0.0,0.677805251675383,,mixed
2010-03-05,13:40:00,13:40:00,1,4.064909104972162,13:40:00,1,0.0,0.6245992987357856,,compressed
2009-08-11,15:10:00,15:23:00,9,4.0644340994090395,15:22:00,1,0.1111111111111111,0.8817384354473081,,mixed
2011-08-29,15:14:00,15:22:00,6,4.06442267152004,15:20:00,1,0.0,0.46801697482954796,,compressed
2009-10-26,10:34:00,10:45:00,12,4.061990513884325,10:34:00,2,1.0,1.8976590584263568,,dispersed
2013-06-28,13:53:00,13:59:00,4,4.059290557619558,13:55:00,1,0.0,0.7591846915533502,,mixed
2020-04-16,14:37:00,14:43:00,7,4.054449914621378,14:41:00,1,0.0,1.015630253949693,,mixed
2019-07-11,13:09:00,13:16:00,8,4.053388488582588,13:11:00,2,0.625,0.7414108879169492,,mixed
2013-03-04,12:10:00,12:17:00,8,4.052791067514394,12:13:00,1,0.125,0.7945434434714038,,mixed
2016-12-23,13:36:00,14:06:00,31,4.050593104154852,13:37:00,1,0.3225806451612903,0.5123019253121062,,compressed
2014-11-10,14:10:00,14:41:00,31,4.041953025650899,14:25:00,1,0.0,0.4809863634813832,,compressed
2010-06-07,13:07:00,13:12:00,6,4.0407590342507556,13:08:00,1,0.0,0.6707898034350925,,mixed
2009-05-04,12:21:00,12:31:00,11,4.040631180641318,12:23:00,3,1.0,1.0282688703229708,,mixed
2018-05-17,12:57:00,13:10:00,14,4.040322322364095,13:01:00,2,1.0,0.816507226249231,,mixed
2020-06-30,15:55:00,15:55:00,1,4.0387419458035705,15:55:00,2,1.0,1.0895802958041918,,mixed
2008-11-03,13:37:00,13:42:00,6,4.038252730981615,13:38:00,1,0.5,0.36358263562745835,,compressed
2014-05-14,12:09:00,12:21:00,10,4.037845246023456,12:09:00,1,0.0,0.7031600837745843,,mixed
2020-06-22,12:50:00,13:02:00,13,4.036330027202149,13:00:00,2,1.0,0.5845540257592593,,compressed
2018-03-06,10:44:00,10:54:00,10,4.035850131472419,10:46:00,1,0.0,0.9363253567502573,,mixed
2014-10-23,13:30:00,13:32:00,3,4.034210861017494,13:30:00,1,0.0,0.6798940432852422,,mixed
2018-10-22,14:17:00,14:22:00,6,4.033525405526446,14:18:00,1,0.0,0.8374944915674042,,mixed
2012-08-06,14:50:00,15:00:00,11,4.0289569689053915,14:50:00,1,0.0,0.4554291404093945,,compressed
2016-02-11,13:07:00,13:15:00,6,4.028934823310785,13:08:00,1,0.0,1.1700675044556628,,mixed
2011-02-18,12:20:00,12:22:00,3,4.027076320794122,12:20:00,3,1.0,0.6976933460720735,,mixed
2018-06-26,13:19:00,13:42:00,24,4.0239317109263535,13:31:00,2,1.0,1.2272557531426118,,mixed
2015-11-20,14:54:00,14:57:00,4,4.022372286678226,14:56:00,1,0.0,0.5269238606264876,,compressed
2009-10-01,10:30:00,10:39:00,10,4.021309992737111,10:32:00,2,1.0,2.5193899427408093,,dispersed
2011-08-29,12:36:00,12:45:00,10,4.0191354514236455,12:40:00,1,0.0,0.44077002416977573,,compressed
2021-02-26,15:54:00,15:59:00,4,4.01858466263762,15:59:00,2,1.0,1.7634809190213734,,dispersed
2013-12-23,13:16:00,13:36:00,21,4.016755991014533,13:18:00,1,0.0,0.5226577443965796,,compressed
2017-08-16,12:26:00,12:55:00,24,4.004867505573415,12:50:00,1,0.3333333333333333,0.6316048885156791,,compressed
2008-11-07,14:39:00,14:46:00,8,4.002609593211318,14:45:00,2,0.25,0.8227689955356964,,mixed
2009-06-19,13:32:00,13:37:00,6,4.001631437499814,13:34:00,2,1.0,0.6793216113500292,,mixed
2017-12-08,11:41:00,11:55:00,15,3.9994522053210586,11:51:00,2,1.0,0.8315273510728596,,mixed
2013-07-22,12:53:00,13:15:00,19,3.9992279318715678,12:53:00,1,0.0,0.5145491599010802,,compressed
2017-08-16,12:14:00,12:20:00,7,3.999179076779715,12:18:00,1,0.14285714285714285,0.6348704324451658,,compressed
2019-02-13,15:42:00,15:45:00,4,3.9953807474773138,15:42:00,1,0.0,0.6525536033678048,,compressed
2015-04-21,12:45:00,12:49:00,5,3.994957208773407,12:47:00,1,0.0,0.9644303673583993,,mixed
2012-12-12,12:34:00,12:45:00,12,3.992331576675675,12:39:00,2,1.0,1.5565429623397615,,dispersed
2017-07-19,13:31:00,13:48:00,18,3.991451794761357,13:40:00,1,0.2222222222222222,0.5312081146513581,,compressed
2017-12-22,12:16:00,12:32:00,17,3.9887170592999404,12:31:00,2,1.0,1.2455184588587491,,mixed
2019-04-01,10:32:00,10:48:00,17,3.987894412323833,10:37:00,3,1.0,1.1934419971780175,,mixed
2010-09-24,12:43:00,12:43:00,1,3.9865110436769746,12:43:00,1,0.0,0.596924728091406,,compressed
2016-10-28,13:09:00,13:17:00,8,3.9851776791183005,13:12:00,2,1.0,2.1683094954413376,,dispersed
2011-12-05,13:49:00,13:52:00,4,3.982979419449552,13:50:00,2,1.0,1.036816914089024,,mixed
2014-04-17,13:17:00,13:29:00,13,3.980794894666678,13:17:00,1,0.0,0.5989991688014552,,compressed
2017-05-22,15:30:00,15:42:00,12,3.979400327627363,15:31:00,1,0.0,0.6186759944407201,,compressed
2015-04-02,10:47:00,10:49:00,3,3.977005228321056,10:49:00,2,1.0,1.042514487995898,,mixed
2021-01-21,11:56:00,12:00:00,5,3.971634696850281,11:56:00,1,0.0,1.060873648844806,,mixed
2016-04-14,13:43:00,13:44:00,2,3.970637775745166,13:44:00,2,1.0,0.4751277551661928,,compressed
2020-12-11,13:38:00,13:43:00,6,3.9690866472625506,13:43:00,1,0.0,0.9651952845337528,,mixed
2012-06-05,13:45:00,13:51:00,6,3.9680895059316206,13:50:00,1,0.0,0.736799106523224,,mixed
2019-04-10,13:26:00,13:41:00,16,3.966917004685852,13:33:00,1,0.0,0.6527521279456842,,compressed
2014-03-27,10:53:00,10:53:00,1,3.9632007616783773,10:53:00,1,0.0,1.4991746049251569,,mixed
2019-12-05,13:44:00,13:54:00,11,3.9626461081481827,13:48:00,2,0.8181818181818182,0.9468797478921126,,mixed
2015-09-16,12:10:00,12:17:00,7,3.955660293676855,12:10:00,1,0.0,0.7043218504246707,,mixed
2010-03-17,13:30:00,13:34:00,5,3.955638504653444,13:31:00,1,0.0,0.6759744540730298,,mixed
2008-12-16,15:39:00,15:45:00,7,3.953025471617356,15:42:00,3,1.0,1.7466145338971237,FOMC cuts to zero (ZIRP),dispersed
2014-11-12,13:50:00,14:05:00,15,3.9483231185033807,13:51:00,1,0.0,0.8454292317889609,,mixed
2016-04-26,10:50:00,10:50:00,1,3.9478797901524048,10:50:00,1,0.0,1.1921499498993495,,mixed
2019-04-23,15:00:00,15:06:00,7,3.9476818144642865,15:00:00,3,1.0,0.8183356750549917,,mixed
2010-10-05,10:30:00,10:54:00,25,3.947184861712519,10:34:00,2,1.0,1.6854356210007642,,dispersed
2020-06-09,14:01:00,14:09:00,9,3.947083905378412,14:05:00,3,1.0,1.0205722774482804,,mixed
2009-08-10,12:27:00,12:38:00,8,3.943048409560296,12:27:00,1,0.0,0.75043677511004,,mixed
2014-05-23,13:38:00,13:54:00,13,3.942032662043161,13:44:00,2,1.0,0.5293521408029912,,compressed
2011-01-18,13:15:00,13:24:00,6,3.9417354719418443,13:17:00,1,0.0,0.5134235010202814,,compressed
2019-10-29,11:59:00,12:00:00,2,3.941659879233671,12:00:00,2,1.0,1.9747439501974633,,dispersed
2017-11-16,15:44:00,15:52:00,9,3.937243980586961,15:50:00,1,0.1111111111111111,1.085017189199063,,mixed
2016-07-19,14:35:00,14:45:00,11,3.937025225871941,14:37:00,3,1.0,0.694008224313865,,mixed
2009-12-24,12:23:00,12:56:00,34,3.936431503276132,12:44:00,1,0.0,0.41246922107026357,,compressed
2017-08-07,14:51:00,15:26:00,36,3.9343127372499263,14:51:00,1,0.0,0.47854654897467297,,compressed
2015-12-16,12:56:00,13:06:00,11,3.9322531794777698,13:01:00,1,0.09090909090909091,0.6023992685734177,,compressed
2009-04-02,13:45:00,13:54:00,9,3.930437084059546,13:54:00,1,0.0,0.9457776363267062,,mixed
2014-07-09,13:58:00,14:09:00,6,3.929815842731457,13:58:00,1,0.6666666666666666,0.575522313199303,,compressed
2008-12-18,14:19:00,14:37:00,18,3.926619036153247,14:31:00,2,0.8888888888888888,0.8198345011519873,,mixed
2011-05-19,13:55:00,13:58:00,2,3.923965693259893,13:55:00,1,0.0,0.7483454576194886,,mixed
2020-07-09,14:30:00,14:39:00,10,3.9229363742078225,14:31:00,2,1.0,1.0012875764914488,,mixed
2018-10-15,11:49:00,11:53:00,5,3.9194891085212804,11:53:00,2,1.0,0.7587571135511527,,mixed
2019-05-08,10:59:00,11:10:00,6,3.9175759545478614,10:59:00,2,1.0,2.2035505772312285,,dispersed
2008-04-14,12:35:00,12:41:00,7,3.914323237017439,12:39:00,1,0.0,0.7883514343151264,,mixed
2008-04-29,15:49:00,15:58:00,10,3.913755473983459,15:51:00,2,1.0,0.7822734050341071,,mixed
2008-02-12,15:22:00,15:33:00,8,3.912652489783616,15:30:00,1,0.0,1.1714476125144209,,mixed
2015-10-26,12:29:00,12:30:00,2,3.910151012861258,12:30:00,1,0.0,0.6806100781081992,,mixed
2009-03-18,12:52:00,12:54:00,3,3.909300241293981,12:52:00,1,0.0,0.739307246797493,,mixed
2009-05-18,11:16:00,11:21:00,6,3.9086908204539834,11:19:00,2,0.8333333333333334,1.0725240575522828,,mixed
2011-02-04,12:58:00,13:09:00,12,3.9085180671990933,13:03:00,2,0.16666666666666666,0.7757246997335384,,mixed
2012-08-15,14:03:00,14:24:00,22,3.906802571190327,14:12:00,1,0.0,0.6890536404119568,,mixed
2012-11-21,14:22:00,14:39:00,12,3.9060289137454527,14:28:00,1,0.0,0.49099863615046835,,compressed
2016-06-22,11:59:00,12:20:00,22,3.9056319438761022,12:06:00,2,1.0,1.1556889472904182,,mixed
2013-03-06,12:33:00,12:41:00,8,3.9050399928568473,12:41:00,2,0.625,0.8602500604100676,,mixed
2011-04-15,14:46:00,14:48:00,3,3.9025662568743584,14:46:00,1,0.0,0.5059808459807411,,compressed
2013-05-07,14:44:00,14:56:00,13,3.901693911071535,14:54:00,2,0.15384615384615385,0.5334622925944716,,compressed
2010-03-08,13:59:00,13:59:00,1,3.9015839050415035,13:59:00,1,0.0,0.6540869123051486,,compressed
2015-09-09,10:30:00,10:34:00,5,3.898230539385375,10:33:00,1,0.0,0.9251371358313678,,mixed
2014-05-14,11:48:00,11:58:00,11,3.895837074149351,11:49:00,1,0.0,0.8321634026503705,,mixed
2010-02-22,15:51:00,15:57:00,7,3.8956651469730645,15:56:00,2,1.0,0.9575835728924311,,mixed
2010-04-23,15:35:00,15:39:00,5,3.8938783415247333,15:37:00,3,1.0,0.777567282885456,,mixed
2017-05-08,13:37:00,13:48:00,10,3.893112929690042,13:48:00,1,0.4,0.538244665519827,,compressed
2010-04-05,14:11:00,14:16:00,6,3.8898277353615276,14:15:00,2,1.0,0.8191402960460524,,mixed
2011-04-29,13:59:00,14:35:00,35,3.887289683841806,14:05:00,1,0.6857142857142857,0.5369985104888595,,compressed
2009-03-16,12:08:00,12:11:00,4,3.8848268261036196,12:09:00,1,0.0,0.671902647254217,,mixed
2010-12-14,13:13:00,13:48:00,33,3.8845092846135154,13:13:00,1,0.30303030303030304,0.6396770009429532,,compressed
2012-02-17,14:16:00,14:29:00,14,3.88336139521198,14:26:00,1,0.0,0.44146226179268183,,compressed
2009-05-22,13:27:00,13:29:00,3,3.8830305825060836,13:28:00,2,1.0,0.7785163673904795,,mixed
2012-02-01,12:32:00,12:41:00,6,3.8800272490231023,12:34:00,1,0.0,0.914342120723436,,mixed
2009-06-17,11:26:00,11:28:00,3,3.8773826220318433,11:28:00,2,1.0,1.9707859214484715,,dispersed
2020-07-08,10:39:00,10:42:00,4,3.8758040913415712,10:41:00,1,0.0,1.024350408273376,,mixed
2021-01-22,15:59:00,16:00:00,2,3.874780870653201,15:59:00,2,1.0,1.4382404745277753,,mixed
2015-02-23,13:39:00,13:54:00,15,3.874267461452618,13:46:00,2,1.0,0.8627002920934916,,mixed
2010-01-14,13:30:00,13:32:00,3,3.872598105001477,13:31:00,1,0.0,0.6129189369788802,,compressed
2009-08-12,14:18:00,14:20:00,3,3.8722689057060022,14:18:00,2,1.0,1.543482913167793,,dispersed
2012-01-18,14:08:00,14:15:00,8,3.8713236414261947,14:11:00,2,0.75,0.9501620263647625,,mixed
2018-04-18,13:34:00,13:42:00,9,3.8692824711595133,13:35:00,1,0.0,0.6887254917426481,,mixed
2011-12-23,13:33:00,13:51:00,19,3.8690798667607433,13:33:00,1,0.0,0.3795674367363897,,compressed
2008-05-14,10:35:00,10:42:00,4,3.8688839072854115,10:40:00,2,0.75,0.9440915381114097,,mixed
2017-02-01,14:00:00,14:04:00,5,3.866223104132118,14:01:00,2,1.0,1.7327671609594095,,dispersed
2013-11-05,12:45:00,12:56:00,12,3.8644042499698816,12:48:00,1,0.0,0.790654099033385,,mixed
2020-03-31,15:00:00,15:06:00,3,3.863774753965789,15:01:00,3,0.6666666666666666,0.6418560977386589,,compressed
2011-02-08,14:13:00,14:28:00,16,3.8592511401008043,14:28:00,3,0.0625,0.6277279074587108,,compressed
2016-09-28,14:36:00,14:38:00,3,3.8584475526812643,14:36:00,2,1.0,1.7329759350152873,,dispersed
2014-04-30,13:30:00,13:33:00,4,3.8567315997460576,13:31:00,1,0.0,0.5401323192576037,,compressed
2013-09-04,14:05:00,14:07:00,3,3.8543767259183124,14:05:00,1,0.0,0.6032927551721348,,compressed
2014-09-15,14:08:00,14:18:00,11,3.8532328608981885,14:13:00,1,0.0,0.862321340395104,,mixed
2010-04-23,15:45:00,15:49:00,5,3.8498640126343044,15:47:00,2,1.0,0.8893324431850123,,mixed
2018-01-16,10:38:00,10:45:00,8,3.8497137151117977,10:38:00,2,1.0,2.492201082261294,,dispersed
2011-11-09,14:07:00,14:11:00,5,3.849048037764828,14:08:00,1,0.0,1.0588670406620475,,mixed
2014-11-10,11:31:00,11:31:00,1,3.848906103258718,11:31:00,1,0.0,0.8467344974562444,,mixed
2010-06-07,13:50:00,13:54:00,5,3.8479716037540035,13:50:00,1,0.0,0.7810746963709734,,mixed
2019-04-23,14:45:00,14:54:00,7,3.847745984758642,14:54:00,3,1.0,0.6151459671214997,,compressed
2015-05-14,13:26:00,13:32:00,7,3.846909466919007,13:28:00,1,0.0,0.6360046338414864,,compressed
2012-05-14,13:51:00,14:04:00,13,3.843344663037533,14:01:00,2,1.0,0.9123994832705284,,mixed
2010-05-28,13:09:00,13:19:00,9,3.8419319864510033,13:14:00,1,0.0,1.4235391095802228,,mixed
2012-04-16,15:03:00,15:15:00,13,3.8401226518596814,15:11:00,1,0.0,0.9193578798694013,,mixed
2017-11-21,14:59:00,15:11:00,13,3.8357093160186797,15:05:00,2,0.3076923076923077,0.6808707928586611,,mixed
2017-11-22,11:42:00,12:02:00,19,3.83504860028592,11:46:00,1,0.5263157894736842,0.739262273098645,,mixed
2016-08-23,15:04:00,15:12:00,9,3.8349434457343463,15:06:00,3,0.1111111111111111,0.6031838197959791,,compressed
2018-07-25,15:36:00,15:41:00,6,3.8338150398129303,15:36:00,2,1.0,1.6249239370203532,,dispersed
2010-07-27,13:13:00,13:19:00,7,3.8323742523275746,13:17:00,1,0.0,0.6231144336774732,,compressed
2014-03-18,15:09:00,15:19:00,9,3.830570201212934,15:14:00,1,0.0,0.5534834804051209,,compressed
2020-10-21,12:35:00,12:47:00,13,3.828732611724537,12:39:00,3,1.0,1.7549312853406382,,dispersed
2018-05-23,14:06:00,14:13:00,7,3.8283042995656054,14:06:00,2,1.0,1.432735090908737,,mixed
2017-01-27,14:58:00,15:24:00,21,3.828174724974831,15:19:00,1,0.0,0.6006726847368675,,compressed
2012-12-27,14:49:00,14:51:00,3,3.8272008649978004,14:49:00,2,1.0,1.8334466181569176,,dispersed
2017-05-24,13:21:00,13:23:00,3,3.82628229042645,13:21:00,1,0.0,0.5302141698148346,,compressed
2013-05-20,13:20:00,13:36:00,12,3.825611195667017,13:22:00,2,1.0,1.1070238548397935,,mixed
2020-01-13,12:34:00,12:35:00,2,3.8252112555727056,12:34:00,1,0.0,0.6067767090477459,,compressed
2009-02-17,10:47:00,10:49:00,3,3.8225073974479304,10:47:00,2,1.0,1.533025366119778,,dispersed
2016-11-22,14:06:00,14:20:00,14,3.8200245592892577,14:16:00,3,0.9285714285714286,0.7695382724711343,,mixed
2013-10-10,13:11:00,13:19:00,9,3.818977716033481,13:16:00,2,0.8888888888888888,0.6258446074947682,,compressed
2018-08-21,14:56:00,15:00:00,5,3.818366006947708,14:57:00,2,1.0,0.9270301721649109,,mixed
2017-11-20,14:25:00,14:25:00,1,3.8158992823089743,14:25:00,1,0.0,0.5359505793573134,,compressed
2019-01-15,14:15:00,14:27:00,13,3.815449092882295,14:19:00,2,1.0,0.8892006318595564,,mixed
2016-10-20,10:45:00,10:54:00,10,3.814567276022801,10:50:00,2,1.0,1.49844080925695,,mixed
2017-02-09,15:57:00,15:59:00,2,3.81368862302434,15:59:00,2,0.5,0.8889653332220863,,mixed
2018-02-21,13:31:00,13:38:00,8,3.8123088844148283,13:37:00,1,0.0,0.5041875498326792,,compressed
2013-05-30,14:04:00,14:08:00,3,3.8105296159586572,14:07:00,1,0.0,0.6120521385738801,,compressed
2015-01-26,12:34:00,12:45:00,12,3.8085287633910183,12:41:00,2,1.0,0.8122600276437173,,mixed
2012-02-01,12:15:00,12:26:00,8,3.8083129247162746,12:17:00,1,0.0,0.8465094169731434,,mixed
2012-03-13,14:04:00,14:15:00,9,3.8004686742358387,14:10:00,3,0.8888888888888888,0.5189605094730592,,compressed
2015-09-17,10:46:00,10:46:00,1,3.7980055425832604,10:46:00,2,1.0,0.9491185063464119,,mixed
2009-01-27,11:52:00,11:57:00,6,3.797973408480017,11:52:00,2,0.3333333333333333,0.7859860772284034,,mixed
2012-01-19,12:37:00,12:56:00,20,3.7961662117806805,12:39:00,1,0.2,0.6221566842881839,,compressed
2010-08-27,11:17:00,11:25:00,7,3.7954888123877244,11:19:00,1,0.0,1.7273927183764939,,dispersed
2011-12-23,14:00:00,14:24:00,25,3.7929306811520456,14:20:00,1,0.0,0.38948766803801244,,compressed
2013-09-05,13:42:00,13:42:00,1,3.792592799000802,13:42:00,3,1.0,0.4888753898697149,,compressed
2015-11-06,14:01:00,14:19:00,13,3.7918558707254073,14:05:00,1,0.46153846153846156,1.0935824978078943,,mixed
2010-07-14,14:01:00,14:03:00,3,3.7889250324695114,14:01:00,2,1.0,0.9897205519358256,,mixed
2012-08-10,14:42:00,15:12:00,31,3.7872821087714867,14:42:00,1,0.0,0.5718712890248314,,compressed
2015-03-12,15:16:00,15:23:00,5,3.786044380261057,15:21:00,1,0.0,0.6770679493088974,,mixed
2015-11-11,13:21:00,13:25:00,5,3.783342820140894,13:22:00,3,1.0,0.7721448595925298,,mixed
2016-08-24,14:01:00,14:01:00,1,3.78119903909759,14:01:00,1,0.0,0.598797521591421,,compressed
2018-08-28,15:34:00,15:45:00,8,3.781055027183256,15:40:00,1,0.0,0.9318918749495818,,mixed
2009-12-17,13:41:00,13:53:00,13,3.780641764689319,13:52:00,2,1.0,2.19202785883918,,dispersed
2020-03-23,15:16:00,15:26:00,11,3.7800633105976087,15:19:00,1,0.0,0.9808646356945567,COVID bottom (Fed unlimited QE),mixed
2013-11-11,14:11:00,14:53:00,34,3.7794691735517563,14:19:00,1,0.11764705882352941,0.6267861494537575,,compressed
2021-03-08,15:05:00,15:07:00,3,3.77903055168879,15:06:00,2,1.0,0.987391190800035,,mixed
2018-04-02,15:50:00,15:53:00,4,3.7784863683266567,15:52:00,1,0.0,1.5044309134872307,,dispersed
2010-09-14,13:07:00,13:12:00,6,3.7776848740643247,13:09:00,1,0.0,0.8582523644858625,,mixed
2014-04-29,15:51:00,15:56:00,6,3.7773044701911687,15:54:00,1,0.0,0.5884285038147978,,compressed
2015-06-19,12:37:00,12:43:00,7,3.776829813177382,12:41:00,1,0.0,0.9170777686784595,,mixed
2012-11-19,15:40:00,15:43:00,3,3.776792019937356,15:43:00,1,0.0,0.5300242231752977,,compressed
2019-01-09,10:30:00,10:33:00,4,3.775818144969301,10:31:00,2,1.0,1.221561875169897,,mixed
2008-01-28,12:36:00,12:41:00,5,3.775058317753721,12:40:00,1,0.0,0.5841119535623213,,compressed
2013-12-10,12:29:00,12:39:00,11,3.7719077714534577,12:31:00,1,0.0,0.8331876364555661,,mixed
2012-11-21,15:55:00,15:59:00,5,3.771514281699496,15:57:00,2,0.8,0.5248786030385167,,compressed
2013-03-08,12:28:00,12:40:00,12,3.7714585792731175,12:35:00,3,0.25,0.8731361207460094,,mixed
2016-06-07,13:19:00,13:52:00,32,3.771377817841946,13:31:00,1,0.0,0.4520745426447782,,compressed
2016-04-15,11:48:00,11:58:00,6,3.767227013628311,11:56:00,1,0.0,0.6628813846134384,,compressed
2010-06-23,14:32:00,14:33:00,2,3.7643852192616447,14:32:00,2,1.0,2.0078145815605546,,dispersed
2010-09-24,12:21:00,12:30:00,10,3.764320142386441,12:27:00,1,0.1,0.6208951032280947,,compressed
2020-12-24,12:24:00,12:28:00,5,3.763096193893572,12:25:00,1,0.0,0.852368686790167,,mixed
2014-02-20,15:40:00,15:45:00,5,3.7618462268222297,15:43:00,3,0.2,0.9074858505265975,,mixed
2017-08-07,12:39:00,13:04:00,26,3.7584524323359005,12:47:00,3,0.9615384615384616,0.5479195096307532,,compressed
2015-02-04,11:35:00,11:38:00,4,3.757294340224658,11:36:00,1,0.0,0.821013463004451,,mixed
2016-07-12,13:43:00,13:45:00,3,3.7555003769501534,13:45:00,1,0.0,0.5140432273716116,,compressed
2013-01-14,11:24:00,11:25:00,2,3.7544266177398513,11:25:00,1,0.0,0.7338429797917407,,mixed
2017-07-14,13:55:00,14:01:00,7,3.754337743231604,13:55:00,1,0.0,0.5182658641482236,,compressed
2010-04-22,11:20:00,11:31:00,12,3.7538659119837057,11:25:00,2,1.0,2.0543519884125625,,dispersed
2012-07-26,13:46:00,13:51:00,6,3.751893523773401,13:47:00,1,0.0,0.8653192843354992,,mixed
2011-03-23,12:30:00,12:41:00,7,3.7501178663023014,12:41:00,2,1.0,0.8781068699272816,,mixed
2013-01-22,13:16:00,13:17:00,2,3.7493344923034972,13:16:00,1,0.0,0.6602718679068675,,compressed
2010-12-14,12:08:00,12:12:00,5,3.7492957702220315,12:09:00,1,0.0,0.593209531398082,,compressed
2021-04-12,13:45:00,13:49:00,5,3.7472309517881217,13:49:00,2,1.0,0.7565623112285557,,mixed
2020-02-20,11:32:00,11:35:00,4,3.746095433491846,11:32:00,2,1.0,2.86478669364876,,dispersed
2018-11-16,12:35:00,12:38:00,4,3.7452476166350825,12:36:00,2,1.0,1.138854764890194,,mixed
2018-08-08,15:45:00,15:50:00,6,3.7436522368355507,15:48:00,1,0.0,0.8942093718281888,,mixed
2013-04-12,15:18:00,15:27:00,10,3.74204884740506,15:27:00,2,1.0,0.8508757057658307,,mixed
2011-08-08,14:02:00,14:02:00,1,3.7417724816828675,14:02:00,1,0.0,1.3235316089434583,S&P downgrade aftermath (-6.7%),mixed
2018-09-07,12:10:00,12:15:00,6,3.741541815081586,12:12:00,2,1.0,1.4183451475406008,,mixed
2019-10-18,15:59:00,15:59:00,1,3.7383122620125895,15:59:00,2,1.0,1.4887756317951588,,mixed
2015-02-10,15:09:00,15:18:00,10,3.738108104990738,15:10:00,1,0.0,0.9055235301050114,,mixed
2012-02-16,15:32:00,15:41:00,10,3.7375273765424155,15:32:00,1,0.0,0.9457962126816665,,mixed
2012-02-01,10:38:00,11:00:00,23,3.736580912526607,10:56:00,3,0.21739130434782608,1.5177182594737952,,dispersed
2019-07-26,15:50:00,15:53:00,4,3.736488420528734,15:51:00,2,0.75,0.6588652826349377,,compressed
2017-05-24,13:04:00,13:12:00,9,3.7350343305720557,13:04:00,1,0.0,0.5282359122176461,,compressed
2013-01-14,11:42:00,11:44:00,3,3.7316856623656656,11:43:00,1,0.0,0.7147698545329897,,mixed
2014-06-03,15:49:00,15:59:00,11,3.730212300491783,15:49:00,1,0.18181818181818182,0.7192537649211621,,mixed
2016-08-15,15:10:00,15:16:00,7,3.729496125770225,15:14:00,3,0.5714285714285714,0.5042016025371868,,compressed
2018-11-29,10:47:00,10:51:00,5,3.7278680906519828,10:51:00,2,1.0,1.5615832048115268,,dispersed
2017-01-27,14:29:00,14:33:00,5,3.726257207171897,14:29:00,1,0.0,0.5696840497938175,,compressed
2010-04-06,15:55:00,15:57:00,3,3.725056675785793,15:55:00,3,1.0,0.7939950878086426,,mixed
2010-07-21,14:13:00,14:17:00,5,3.7231526799435017,14:14:00,2,1.0,1.6380960936380613,,dispersed
2011-10-28,13:52:00,14:03:00,6,3.722842899609687,13:55:00,1,0.5,0.7016085578939172,,mixed
2013-01-17,13:26:00,13:35:00,10,3.721541967111303,13:26:00,3,0.3,0.6969631216237848,,mixed
2016-09-19,11:09:00,11:13:00,5,3.721172315149133,11:11:00,2,1.0,0.6261198110464596,,compressed
2017-09-15,13:48:00,13:55:00,8,3.7211616839745414,13:50:00,3,1.0,0.6181091579373342,,compressed
2014-08-13,13:28:00,13:39:00,10,3.717671559672891,13:30:00,1,0.0,0.582375519066131,,compressed
2016-07-12,14:05:00,14:09:00,5,3.711905854069799,14:07:00,2,0.8,0.630698743328783,,compressed
2017-10-31,15:41:00,15:46:00,6,3.7111583693982335,15:42:00,1,0.5,0.941994611591187,,mixed
2008-11-04,12:07:00,12:10:00,4,3.710490642278292,12:10:00,2,0.25,0.507607636112996,,compressed
2018-01-26,14:23:00,14:24:00,2,3.7102016504554487,14:23:00,1,0.0,0.6292890313101867,,compressed
2009-05-28,15:11:00,15:19:00,9,3.710029692593804,15:18:00,1,0.0,1.2054287551925198,,mixed
2014-10-03,15:00:00,15:02:00,3,3.7075362416631696,15:01:00,1,0.0,0.5763102866414943,,compressed
2017-06-22,15:26:00,15:28:00,3,3.7054453942119223,15:26:00,2,1.0,0.7764971219393478,,mixed
2014-10-02,13:59:00,14:04:00,6,3.704683107119356,14:00:00,1,0.0,1.1057834185586262,,mixed
2013-06-13,12:54:00,12:54:00,1,3.7003103441479004,12:54:00,1,0.0,0.5738554610665093,,compressed
2009-06-02,13:18:00,13:25:00,6,3.699840873346574,13:24:00,2,1.0,0.6660137892236105,,compressed
2015-07-14,12:05:00,12:11:00,7,3.696730578976789,12:07:00,1,0.0,0.462364532322656,,compressed
2011-09-21,12:27:00,12:50:00,23,3.696532723205947,12:46:00,2,1.0,1.2475681054397223,,mixed
2015-05-15,14:00:00,14:07:00,6,3.6946754268310364,14:01:00,1,0.0,0.5224454181450718,,compressed
2016-07-05,11:45:00,12:03:00,13,3.693893660430837,11:57:00,2,1.0,1.1650395232064072,,mixed
2013-07-22,15:34:00,15:36:00,3,3.6937872860680008,15:35:00,3,1.0,0.6738300143319981,,mixed
2011-09-21,12:56:00,12:57:00,2,3.6936393566357735,12:56:00,2,1.0,1.32728482445373,,mixed
2015-07-15,13:45:00,14:06:00,15,3.691834676267843,13:50:00,1,0.06666666666666667,0.7333745212681428,,mixed
2019-07-11,13:27:00,13:36:00,9,3.6914307535698403,13:33:00,2,1.0,0.9461002143196038,,mixed
2015-04-22,14:41:00,14:42:00,2,3.691317458725138,14:41:00,1,0.0,0.7631985241332269,,mixed
2020-03-18,13:35:00,13:53:00,12,3.6858834586296236,13:37:00,2,1.0,0.8764446174345807,COVID intraday halt (~13:00),mixed
2016-07-15,13:22:00,13:33:00,9,3.6856430830149125,13:31:00,1,0.0,0.8910042170301767,,mixed
2018-02-06,14:30:00,14:34:00,5,3.683099428796161,14:33:00,1,0.0,2.1128310842756526,volmageddon aftermath,dispersed
2011-03-02,15:26:00,15:27:00,2,3.682480446193963,15:27:00,1,0.0,1.02494561892408,,mixed
2008-12-26,13:54:00,14:11:00,15,3.68224845357129,14:09:00,2,1.0,0.3389390536211933,,compressed
2020-08-31,11:30:00,11:32:00,3,3.6800112567296708,11:31:00,1,0.3333333333333333,1.383605138636605,,mixed
2018-04-26,13:12:00,13:20:00,9,3.6786937099914496,13:15:00,2,1.0,0.8496854852331724,,mixed
2010-09-20,12:31:00,12:36:00,4,3.677874365572502,12:32:00,3,0.75,0.8305659473388664,,mixed
2013-08-22,11:32:00,11:35:00,4,3.677830603262019,11:34:00,2,1.0,0.831641256268884,,mixed
2019-10-10,14:07:00,14:30:00,19,3.675953901418503,14:15:00,2,1.0,1.8903589783048598,,dispersed
2015-11-11,12:56:00,13:05:00,10,3.6756422156419433,13:03:00,2,1.0,0.6203531872497292,,compressed
2008-03-14,13:10:00,13:17:00,8,3.6740251909801023,13:11:00,1,0.0,1.2985236996352747,,mixed
2020-12-09,10:30:00,10:35:00,5,3.6720064305483047,10:31:00,2,1.0,1.8046599103827305,,dispersed
2015-07-08,10:57:00,11:04:00,5,3.671573456918817,11:03:00,2,1.0,1.8194083172409825,,dispersed
2018-03-12,15:59:00,15:59:00,1,3.6715589311578594,15:59:00,2,1.0,1.1147296000113192,,mixed
2009-04-03,10:32:00,10:45:00,12,3.67089070105526,10:41:00,2,1.0,1.3135842811144556,,mixed
2017-01-10,10:49:00,10:51:00,3,3.6707123801553503,10:51:00,2,1.0,1.4105174851779898,,mixed
2018-05-23,14:21:00,14:23:00,3,3.670083438434285,14:22:00,3,1.0,1.5299125928033726,,dispersed
2008-05-14,14:03:00,14:03:00,1,3.6671680418656307,14:03:00,1,0.0,0.6769030742800131,,mixed
2013-08-21,13:14:00,13:17:00,2,3.6642471008667328,13:17:00,1,0.0,0.9074999727226049,,mixed
2017-02-10,15:08:00,15:18:00,8,3.66418233923017,15:17:00,1,0.0,0.8424864823495994,,mixed
2009-06-10,12:13:00,12:14:00,2,3.6614259147365456,12:14:00,2,1.0,0.6582512317670522,,compressed
2017-05-23,12:42:00,12:45:00,4,3.6610294209782492,12:45:00,1,0.0,0.6953926430014035,,mixed
2017-07-24,15:36:00,15:49:00,14,3.6604308177166778,15:40:00,1,0.0,0.7202063998357076,,mixed
2018-11-29,11:21:00,11:23:00,3,3.6601957201955737,11:21:00,2,1.0,1.695507468640763,,dispersed
2015-03-30,12:02:00,12:05:00,4,3.657543508264231,12:03:00,1,0.0,0.6766965218463444,,mixed
2020-08-31,15:59:00,16:00:00,2,3.655943039153725,15:59:00,2,1.0,2.4897864047359906,,dispersed
2009-07-29,13:22:00,13:25:00,4,3.654255344783338,13:23:00,2,1.0,1.1054023868987577,,mixed
2016-05-27,12:53:00,13:11:00,19,3.6529492180177208,13:00:00,1,0.0,0.5378739563013263,,compressed
2017-12-19,11:48:00,11:48:00,1,3.6525304813620947,11:48:00,1,0.0,0.9967000787123235,,mixed
2014-09-10,14:15:00,14:19:00,5,3.652154041034748,14:17:00,1,0.0,0.9282798506554307,,mixed
2019-07-31,11:19:00,11:23:00,5,3.6511196512902164,11:23:00,1,0.0,0.9416077131067085,,mixed
2011-07-05,13:58:00,14:07:00,8,3.650684389673416,14:04:00,2,0.75,1.0571100470723231,,mixed
2016-07-05,12:10:00,12:14:00,5,3.6492341402654276,12:12:00,2,1.0,1.1282962952294375,,mixed
2009-12-16,12:07:00,12:22:00,16,3.6477243219560163,12:16:00,1,0.0,0.493900139425707,,compressed
2009-04-17,12:37:00,12:42:00,6,3.647385877518964,12:41:00,2,1.0,0.8928935398926203,,mixed
2011-04-15,13:10:00,13:17:00,8,3.64563117752943,13:16:00,3,1.0,0.5095457924092908,,compressed
2018-05-25,12:27:00,12:31:00,5,3.6440332590350217,12:29:00,1,0.0,0.7837021577571065,,mixed
2015-10-27,11:05:00,11:29:00,18,3.6418766896045365,11:11:00,2,1.0,1.0782849798911833,,mixed
2018-08-14,15:10:00,15:15:00,6,3.64075970429138,15:14:00,2,1.0,0.8292973414843711,,mixed
2012-12-28,13:38:00,13:47:00,10,3.6407146818908136,13:40:00,1,0.0,0.7364631574181816,,mixed
2017-02-27,14:59:00,15:04:00,5,3.640212546717115,15:01:00,3,1.0,0.884758659612635,,mixed
2021-04-01,10:56:00,10:58:00,3,3.6401603213903875,10:56:00,1,0.0,0.6127166551196516,,compressed
2016-06-06,13:49:00,14:04:00,10,3.6395832921609013,13:50:00,2,1.0,0.8820743440179766,,mixed
2019-08-19,14:29:00,14:31:00,3,3.639163579760737,14:30:00,1,0.0,0.339985126428628,,compressed
2017-01-13,14:31:00,14:43:00,13,3.638843881364861,14:38:00,1,0.0,0.9579208690389037,,mixed
2016-02-19,15:40:00,15:44:00,4,3.6372440275365165,15:44:00,1,0.0,0.7244249657668403,,mixed
2015-02-13,13:16:00,13:24:00,5,3.6354218827964853,13:18:00,1,0.0,0.520411170944077,,compressed
2014-11-13,13:20:00,13:23:00,4,3.634674885869237,13:21:00,2,1.0,1.6002832465768204,,dispersed
2013-10-16,14:26:00,14:27:00,2,3.6298739815744687,14:26:00,1,0.0,0.5034522572764957,,compressed
2020-02-28,15:59:00,15:59:00,1,3.6279345002252,15:59:00,2,1.0,2.2157456610576696,COVID week-1 climax,dispersed
2015-07-07,14:44:00,14:58:00,10,3.627654164939704,14:44:00,2,1.0,1.3182810811941448,,mixed
2014-12-23,15:54:00,15:58:00,4,3.627576418059116,15:58:00,1,0.0,0.7245774244880828,,mixed
2019-01-09,14:00:00,14:01:00,2,3.627451963416029,14:00:00,3,1.0,0.657784785539456,,compressed
2019-01-11,14:43:00,14:44:00,2,3.6271086974946956,14:43:00,1,0.0,0.5788483345124611,,compressed
2017-11-22,12:19:00,12:22:00,4,3.627059293119849,12:21:00,1,0.0,0.779081737355352,,mixed
2016-10-19,15:45:00,15:49:00,5,3.6269088436345998,15:48:00,1,0.0,0.4590045525615146,,compressed
2013-05-28,15:47:00,15:58:00,9,3.6264921834281254,15:47:00,1,0.1111111111111111,0.8524440270002464,,mixed
2010-10-11,15:43:00,15:45:00,3,3.625575132983121,15:43:00,2,1.0,0.8535165674363736,,mixed
2008-02-29,12:46:00,13:03:00,18,3.6235937160144815,12:52:00,3,1.0,0.9524517842058348,,mixed
2010-11-18,13:51:00,13:52:00,2,3.6224542613058737,13:51:00,1,0.0,0.4954842909284454,,compressed
2012-11-19,12:45:00,13:00:00,16,3.622296811453194,12:57:00,2,1.0,0.5600407386556768,,compressed
2017-09-15,13:38:00,13:39:00,2,3.619710761790003,13:39:00,3,1.0,0.6161958576862967,,compressed
2016-07-27,14:02:00,14:06:00,5,3.6180011801982186,14:05:00,2,1.0,2.2120267222679066,,dispersed
2018-09-11,12:40:00,12:46:00,7,3.6126294283488822,12:40:00,1,0.0,0.728666466599559,,mixed
2008-01-25,14:57:00,15:00:00,4,3.6125022341950954,14:57:00,1,0.0,0.7941091753154184,,mixed
2018-02-13,14:10:00,14:15:00,5,3.611814797779869,14:14:00,1,0.0,0.509845660921646,,compressed
2015-02-19,11:02:00,11:03:00,2,3.611456381759889,11:02:00,1,0.0,0.8390483227223933,,mixed
2019-04-09,15:59:00,15:59:00,1,3.6111589591510334,15:59:00,2,1.0,1.7027373091604503,,dispersed
2021-02-24,14:41:00,14:44:00,4,3.6111195430788134,14:42:00,1,0.0,0.9048258589455251,,mixed
2020-05-04,12:10:00,12:12:00,3,3.609899618407468,12:12:00,1,0.0,0.9647770253884097,,mixed
2008-07-22,14:13:00,14:14:00,2,3.6078087163009553,14:13:00,1,0.5,0.8285070933040354,,mixed
2013-06-28,15:59:00,15:59:00,1,3.606370126612594,15:59:00,2,1.0,1.6177479827782566,,dispersed
2019-11-27,13:17:00,13:18:00,2,3.6054852338049033,13:17:00,2,1.0,0.7677865633484121,,mixed
2015-02-05,15:26:00,15:26:00,1,3.604159053972837,15:26:00,1,0.0,0.5325028868444877,,compressed
2010-11-05,14:03:00,14:07:00,5,3.603672707111155,14:03:00,2,1.0,0.6968638752011656,,mixed
2016-08-04,15:21:00,15:23:00,3,3.6036279196861063,15:22:00,1,0.0,0.6266905423667294,,compressed
2012-04-27,13:02:00,13:08:00,7,3.6019303837126677,13:07:00,1,0.0,0.5778710172951413,,compressed
2009-09-03,13:08:00,13:11:00,4,3.599842859373024,13:08:00,2,1.0,0.5774824968784619,,compressed
2016-08-04,13:55:00,14:16:00,17,3.5996716899170784,14:02:00,1,0.0,0.7287964852987835,,mixed
2021-02-04,12:30:00,12:43:00,14,3.599513999314907,12:35:00,2,1.0,0.6005478067052888,,compressed
2013-12-18,11:16:00,11:27:00,11,3.599387110667053,11:25:00,1,0.0,0.8125709204331263,,mixed
2015-10-08,11:20:00,11:24:00,5,3.5957605823772676,11:21:00,2,1.0,0.8510721265234729,,mixed
2019-05-07,11:25:00,11:26:00,2,3.5931616238552597,11:26:00,1,0.0,2.527716721354472,,dispersed
2014-02-18,14:53:00,15:00:00,8,3.590471515068904,14:55:00,1,0.0,0.7962277064954199,,mixed
2016-07-12,14:16:00,14:18:00,3,3.5899901248462855,14:18:00,2,0.3333333333333333,0.6777292424198383,,mixed
2011-08-04,14:58:00,14:59:00,2,3.588687029707543,14:58:00,1,0.0,1.4626059871430235,debt-ceiling selloff (-4.8%),mixed
2008-01-28,14:29:00,14:37:00,7,3.587205439498609,14:29:00,1,0.0,0.6093399773653085,,compressed
2013-07-08,14:48:00,14:51:00,4,3.58661604134842,14:51:00,1,0.0,0.5244183788977019,,compressed
2016-06-21,12:12:00,12:20:00,8,3.585633368707548,12:15:00,3,0.5,0.7491185776483706,,mixed
2010-06-02,12:47:00,12:49:00,3,3.584952424556585,12:47:00,1,0.0,0.5096801343921017,,compressed
2019-06-17,15:05:00,15:11:00,7,3.5845029442567107,15:06:00,1,0.0,0.5511620355009003,,compressed
2009-07-15,13:19:00,13:24:00,5,3.5820655115948807,13:20:00,1,0.0,0.6600503278211425,,compressed
2015-07-10,15:39:00,15:44:00,6,3.5820112567289617,15:41:00,1,0.0,0.6961049484136392,,mixed
2009-12-16,11:57:00,12:01:00,5,3.5809605854141147,11:57:00,1,0.0,0.547998691465704,,compressed
2012-02-17,13:39:00,13:46:00,8,3.5790518601101313,13:46:00,1,0.0,0.4872516059367082,,compressed
2009-07-24,14:26:00,14:29:00,4,3.578370861706826,14:29:00,1,0.0,0.9160224340710887,,mixed
2009-09-03,12:54:00,12:57:00,4,3.5777921668131016,12:55:00,1,0.0,0.5707093760687983,,compressed
2017-02-17,13:50:00,13:57:00,8,3.577790505655602,13:54:00,1,0.0,0.6742549057931165,,mixed
2013-09-18,13:22:00,13:51:00,30,3.577593855488084,13:31:00,3,0.3333333333333333,0.689377436602931,,mixed
2013-08-13,14:07:00,14:11:00,5,3.5768227218000037,14:09:00,2,1.0,0.9010381102307975,,mixed
2010-04-01,12:41:00,12:48:00,8,3.574188996299075,12:43:00,1,0.0,0.5707769331900613,,compressed
2011-02-18,12:42:00,12:59:00,18,3.5721859468680157,12:42:00,1,0.0,0.6720270763942333,,mixed
2011-10-26,13:24:00,13:24:00,1,3.5714596522888784,13:24:00,1,0.0,0.8078517848747012,,mixed
2018-07-19,13:45:00,13:59:00,15,3.5695855160859162,13:51:00,2,1.0,2.31882746930821,,dispersed
2008-10-22,13:30:00,13:40:00,9,3.568104907266362,13:30:00,1,0.0,0.7271816622215806,,mixed
2018-04-18,12:25:00,12:33:00,7,3.567757009091521,12:31:00,1,0.0,0.6704839160997117,,mixed
2015-04-07,13:48:00,13:52:00,5,3.567240621419361,13:50:00,1,0.2,0.6506010698123691,,compressed
2018-10-26,15:50:00,15:59:00,10,3.566214082262248,15:55:00,1,0.0,2.0351629301640197,,dispersed
2008-04-21,12:49:00,12:57:00,7,3.5659883058900887,12:57:00,1,0.0,0.7598766451303335,,mixed
2014-06-06,12:31:00,12:37:00,7,3.5657551836150647,12:34:00,2,1.0,0.597908340608357,,compressed
2019-10-08,13:21:00,13:29:00,9,3.565150275166656,13:29:00,2,1.0,1.3804910570019364,,mixed
2015-06-15,13:51:00,13:53:00,3,3.564226622784114,13:52:00,2,1.0,1.5772397844709214,,dispersed
2011-03-23,12:20:00,12:24:00,3,3.563926295371077,12:24:00,1,0.0,0.7570613894510028,,mixed
2011-10-03,15:45:00,15:47:00,3,3.563908788328103,15:45:00,1,0.0,1.4974163724255856,,mixed
2016-12-23,14:36:00,14:55:00,20,3.5632386904205546,14:45:00,2,0.2,0.5150251349137405,,compressed
2010-11-17,15:30:00,15:38:00,8,3.5625880422904905,15:34:00,2,0.375,0.892099749796077,,mixed
2017-01-05,14:58:00,14:59:00,2,3.5619174422584012,14:58:00,1,0.0,0.9378845412218154,,mixed
2010-02-16,15:43:00,15:48:00,6,3.5607132194616136,15:44:00,2,1.0,0.6282454360304679,,compressed
2014-07-14,12:58:00,13:13:00,9,3.5605474686693905,13:04:00,1,0.1111111111111111,0.5706718864990252,,compressed
2017-05-23,12:36:00,12:36:00,1,3.5603664572563662,12:36:00,1,0.0,0.744860765033032,,mixed
2013-01-16,15:07:00,15:25:00,18,3.560318130320899,15:07:00,1,0.0,0.7178534100195311,,mixed
2020-10-29,12:43:00,12:50:00,8,3.560250327890184,12:50:00,2,1.0,1.246782177917407,,mixed
2011-11-29,11:07:00,11:08:00,2,3.5594038063730786,11:07:00,1,0.0,1.0078067654175515,,mixed
2014-08-27,13:55:00,14:41:00,47,3.558343252346916,14:23:00,1,0.0,0.5280061549131991,,compressed
2013-06-13,14:40:00,14:43:00,4,3.55742686274297,14:42:00,2,1.0,0.7433694721833667,,mixed
2013-08-26,13:40:00,13:50:00,11,3.5573981708350506,13:40:00,1,0.0,0.6054692208701274,,compressed
2008-10-20,15:09:00,15:10:00,2,3.5568485095069304,15:10:00,1,0.0,0.8002169387281078,,mixed
2019-01-30,11:55:00,12:00:00,6,3.555932629946978,11:57:00,2,1.0,0.7175826234705295,,mixed
2014-11-20,15:37:00,15:40:00,4,3.5555868750795696,15:40:00,1,0.0,0.9075650324568001,,mixed
2017-05-26,13:26:00,13:37:00,12,3.5555665370962943,13:31:00,2,0.9166666666666666,0.5848365380709525,,compressed
2020-11-12,11:24:00,11:29:00,6,3.5535149221259115,11:28:00,1,0.0,0.7486249315529612,,mixed
2010-09-17,12:14:00,12:23:00,9,3.552987041780794,12:18:00,1,0.0,1.0770203478386673,,mixed
2010-07-07,13:36:00,13:53:00,17,3.5525113234893984,13:52:00,2,1.0,0.8453070032075698,,mixed
2018-06-04,13:34:00,13:34:00,1,3.5512977283247813,13:34:00,2,1.0,0.5648863382366731,,compressed
2015-12-30,15:36:00,15:44:00,6,3.5501305518836324,15:36:00,2,1.0,1.295100827451051,,mixed
2018-04-09,12:58:00,13:01:00,4,3.549976689276374,12:59:00,1,0.0,0.5738654919642731,,compressed
2008-12-18,14:49:00,14:54:00,6,3.5497695544998153,14:51:00,2,1.0,0.8885013432940407,,mixed
2017-07-05,14:00:00,14:02:00,3,3.546911604286419,14:00:00,1,0.0,0.7022066678665861,,mixed
2014-05-14,15:11:00,15:12:00,2,3.5463259662467967,15:11:00,2,1.0,0.9677196573358823,,mixed
2015-02-12,11:36:00,11:46:00,11,3.546120098182594,11:38:00,1,0.0,0.9051999832922871,,mixed
2015-10-28,12:40:00,12:55:00,13,3.5441598293982532,12:40:00,2,1.0,0.7344492348591276,,mixed
2018-07-30,14:35:00,14:35:00,1,3.543596327309221,14:35:00,2,1.0,1.0615055710871721,,mixed
2009-02-26,14:56:00,14:58:00,3,3.5424212475367107,14:57:00,2,1.0,1.1381192841631498,,mixed
2017-06-23,15:02:00,15:12:00,9,3.5422937260126077,15:06:00,2,1.0,1.0309175132268809,,mixed
2012-02-24,12:38:00,12:52:00,15,3.542080756409364,12:44:00,1,0.0,0.5683677403001857,,compressed
2008-11-03,13:18:00,13:20:00,3,3.5414548814723155,13:20:00,1,0.0,0.42259717716953443,,compressed
2011-12-07,14:45:00,14:47:00,3,3.5414327284606912,14:47:00,2,1.0,1.3810889017744514,,mixed
2018-02-23,11:12:00,11:17:00,3,3.5398474499438963,11:13:00,1,0.0,0.8937742841269335,,mixed
2008-12-08,12:50:00,12:50:00,1,3.538182831685784,12:50:00,1,0.0,0.6200426857309451,,compressed
2008-02-08,12:50:00,12:51:00,2,3.5379833401390437,12:50:00,2,1.0,1.0703246022786717,,mixed
2010-11-26,12:28:00,12:30:00,3,3.537639370688259,12:28:00,1,0.0,0.8387501964385697,,mixed
2008-12-26,13:04:00,13:06:00,3,3.5372780357722355,13:04:00,1,0.0,0.3125158014067741,,compressed
2018-02-14,15:57:00,15:59:00,3,3.535990162821763,15:59:00,2,1.0,0.6230441985074996,,compressed
2012-04-02,14:36:00,14:46:00,9,3.5350200821804596,14:44:00,1,0.0,0.473482603646774,,compressed
2009-07-20,13:19:00,13:23:00,4,3.5319595654591147,13:22:00,2,1.0,0.5826388489825799,,compressed
2017-05-25,15:50:00,15:52:00,3,3.5317342083348784,15:51:00,2,1.0,1.3535792917933223,,mixed
2015-10-26,12:45:00,12:51:00,6,3.5296267769820586,12:49:00,1,0.0,0.7247656718222326,,mixed
2010-07-23,14:20:00,14:22:00,3,3.5288312935411628,14:21:00,2,1.0,1.298798452796236,,mixed
2020-07-08,13:57:00,13:57:00,1,3.528526162386966,13:57:00,1,0.0,1.0957640089741156,,mixed
2016-11-16,11:46:00,11:51:00,6,3.5282541160251015,11:51:00,2,1.0,0.7605951831870543,,mixed
2010-07-13,12:35:00,12:52:00,17,3.5264498205121706,12:50:00,1,0.0,0.6374312372546768,,compressed
2008-08-06,12:45:00,12:50:00,5,3.525593093294527,12:47:00,1,0.0,0.622871571785303,,compressed
2014-08-18,13:03:00,13:06:00,4,3.521230898274805,13:03:00,1,0.0,0.4873034486035528,,compressed
2013-05-06,14:38:00,15:04:00,23,3.5209718281577733,14:44:00,1,0.0,0.5624959131121839,,compressed
2015-02-04,15:59:00,15:59:00,1,3.520803446567464,15:59:00,2,1.0,1.347840542874874,,mixed
2019-05-15,14:16:00,14:17:00,2,3.520568125673302,14:16:00,2,1.0,0.4672375096768886,,compressed
2014-03-19,13:23:00,13:34:00,9,3.52052594250823,13:27:00,2,0.7777777777777778,0.5542047646908458,,compressed
2008-06-17,12:15:00,12:20:00,2,3.5193306911357176,12:15:00,2,0.5,0.768993664880997,,mixed
2008-12-18,15:13:00,15:17:00,4,3.5179653018985784,15:13:00,2,0.25,1.1339204745409452,,mixed
2016-03-10,14:07:00,14:22:00,11,3.5173476519754874,14:19:00,1,0.09090909090909091,0.9989924488306079,,mixed
2019-02-28,13:15:00,13:21:00,7,3.5172977022556626,13:19:00,1,0.0,0.684292608598042,,mixed
2020-08-18,13:22:00,13:30:00,5,3.516966686777137,13:30:00,1,0.0,0.5772770273205672,,compressed
2018-04-04,14:44:00,14:47:00,4,3.51586494298551,14:45:00,1,0.0,0.879221174497714,,mixed
2018-07-06,14:30:00,14:35:00,6,3.5157454048284564,14:31:00,2,1.0,0.5990659790794808,,compressed
2015-07-14,14:41:00,14:46:00,6,3.513130279025548,14:43:00,1,0.0,0.3805147350671296,,compressed
2013-10-29,12:24:00,12:24:00,1,3.513077595118284,12:24:00,1,0.0,0.8075584303071144,,mixed
2019-04-22,13:56:00,13:58:00,3,3.5129894053342348,13:58:00,1,0.0,0.482879696614461,,compressed
2016-03-28,14:07:00,14:12:00,6,3.5120897412528906,14:09:00,2,0.6666666666666666,0.7372071370654275,,mixed
2011-08-08,14:26:00,14:28:00,3,3.5112195687611605,14:27:00,1,0.0,2.051227693716722,S&P downgrade aftermath (-6.7%),dispersed
2009-06-24,12:35:00,12:42:00,8,3.5111084637134717,12:35:00,1,0.0,0.5769872172108375,,compressed
2016-12-07,11:00:00,11:03:00,4,3.5103511008912784,11:00:00,1,0.0,0.865922530309117,,mixed
2016-11-18,14:11:00,14:13:00,3,3.5076992655516124,14:13:00,1,0.0,0.47592702713743773,,compressed
2020-09-30,13:26:00,13:30:00,5,3.507358544468102,13:30:00,1,0.0,0.6597611864558507,,compressed
2009-07-16,12:22:00,12:29:00,6,3.5055471989986624,12:24:00,1,0.0,0.8113868207327827,,mixed
2008-10-22,15:57:00,15:57:00,1,3.5048469158449995,15:57:00,1,0.0,1.4180961961066636,,mixed
2017-02-17,13:21:00,13:32:00,11,3.503134322079301,13:22:00,1,0.0,0.6532552026471394,,compressed
2015-11-20,15:06:00,15:07:00,2,3.5022280678946536,15:07:00,1,0.0,0.603870620984617,,compressed
2015-12-09,10:41:00,10:43:00,3,3.501880133905873,10:42:00,2,1.0,1.8630154698036405,,dispersed
2014-11-07,14:18:00,14:23:00,6,3.501657609420454,14:19:00,1,0.0,0.4373800082246403,,compressed
2010-04-21,13:49:00,14:02:00,13,3.5016212705660066,13:57:00,1,0.0,0.9469194813575662,,mixed
2020-04-01,15:45:00,15:45:00,1,3.5014174045471465,15:45:00,2,1.0,0.9411465904904821,,mixed
2018-06-13,14:04:00,14:11:00,4,3.501333697455161,14:04:00,2,1.0,1.1534078186348995,,mixed
2020-07-29,13:45:00,13:47:00,2,3.5010615330992687,13:47:00,1,0.0,0.4863973598867819,,compressed
2019-10-07,13:33:00,13:41:00,4,3.500100533438548,13:35:00,2,1.0,1.258930484880917,,mixed
2008-11-18,14:48:00,14:51:00,4,3.4990745719566143,14:48:00,1,0.0,1.1027069142262766,,mixed
2018-05-14,12:44:00,12:44:00,1,3.497282961757917,12:44:00,2,1.0,0.8454597516701442,,mixed
2008-08-18,15:04:00,15:08:00,5,3.4968167569156385,15:05:00,2,0.6,0.9058008310485683,,mixed
2014-02-06,12:56:00,12:59:00,4,3.4965351290195246,12:57:00,1,0.0,0.5910357268584584,,compressed
2008-04-01,14:25:00,14:42:00,14,3.4956696503460467,14:37:00,2,1.0,1.164393409770062,,mixed
2011-02-17,14:08:00,14:14:00,7,3.4955447708997633,14:13:00,1,0.0,0.6637238214077289,,compressed
2020-07-27,13:57:00,13:59:00,3,3.494315010680924,13:58:00,2,1.0,0.4236411385986248,,compressed
2019-10-25,14:13:00,14:26:00,11,3.4940936668289138,14:16:00,1,0.0,0.8306227539208929,,mixed
2020-09-28,12:39:00,12:40:00,2,3.4932542234024706,12:40:00,1,0.0,0.7444779337281127,,mixed
2009-07-15,13:36:00,13:37:00,2,3.493228476974233,13:36:00,1,0.0,0.606105730492479,,compressed
2013-10-28,14:00:00,14:06:00,7,3.4931348765087322,14:04:00,1,0.0,0.49972398067965845,,compressed
2015-08-14,15:42:00,15:55:00,12,3.492850205828001,15:48:00,1,0.0,0.5581075369464932,,compressed
2018-10-15,12:05:00,12:13:00,9,3.489814972071409,12:12:00,2,1.0,0.7663899256885874,,mixed
2018-04-30,13:01:00,13:07:00,4,3.489633666267434,13:03:00,2,0.75,0.9793389908255116,,mixed
2014-01-17,14:55:00,14:59:00,5,3.489590004545515,14:56:00,1,0.0,0.6347216397991187,,compressed
2020-11-17,12:49:00,13:00:00,12,3.4894331001160297,12:51:00,2,1.0,0.9395898307566894,,mixed
2016-11-15,14:05:00,14:10:00,6,3.4883695036330336,14:10:00,1,0.0,0.466254090042263,,compressed
2021-03-09,14:30:00,14:33:00,4,3.487425474920143,14:31:00,2,1.0,0.3778336370660596,,compressed
2008-08-20,13:54:00,13:54:00,1,3.487239928241812,13:54:00,1,0.0,0.7694912821927558,,mixed
2011-06-14,14:04:00,14:06:00,3,3.4855406257944823,14:04:00,1,0.0,0.6289477161135527,,compressed
2020-03-26,11:46:00,11:52:00,6,3.4834678088047197,11:50:00,2,1.0,0.8841005543733956,,mixed
2013-01-16,13:37:00,13:43:00,6,3.4832875641135597,13:40:00,1,0.0,0.9257083495105318,,mixed
2019-06-19,10:47:00,10:49:00,3,3.480596861145511,10:49:00,1,0.0,0.8281269255328354,,mixed
2011-05-23,13:28:00,13:53:00,13,3.4798840110637586,13:33:00,3,0.5384615384615384,0.7494381651481953,,mixed
2014-08-27,14:58:00,14:59:00,2,3.47747271473794,14:59:00,2,1.0,1.1043233487612498,,mixed
2020-12-11,13:51:00,13:53:00,2,3.4772424695166175,13:53:00,2,0.5,1.0259342871308923,,mixed
2009-11-16,12:51:00,13:05:00,12,3.476457257948414,13:00:00,2,1.0,1.2367341298665893,,mixed
2012-08-09,13:59:00,14:01:00,3,3.4742081430776506,13:59:00,1,0.0,0.6747994338620804,,mixed
2019-06-27,11:18:00,11:18:00,1,3.473621450295361,11:18:00,2,1.0,1.4352710710459398,,mixed
2016-06-23,13:48:00,13:50:00,3,3.473317273396033,13:48:00,2,0.6666666666666666,0.6855813588914571,,mixed
2019-06-14,15:27:00,15:29:00,3,3.4728529502416814,15:29:00,2,1.0,0.6592679842319801,,compressed
2013-01-23,13:58:00,14:10:00,13,3.4725385531723787,13:58:00,1,0.0,0.6621746632160124,,compressed
2013-05-30,13:21:00,13:24:00,4,3.4704594583987305,13:21:00,1,0.0,0.6145393380355434,,compressed
2016-11-29,14:56:00,14:59:00,4,3.4702965124454987,14:59:00,1,0.0,0.5917369895907427,,compressed
2020-06-23,11:47:00,11:52:00,6,3.4688077863995184,11:48:00,2,1.0,0.7015389294050886,,mixed
2009-01-06,12:40:00,12:42:00,3,3.4686306147946215,12:40:00,1,0.0,0.8739730822102328,,mixed
2011-05-19,10:30:00,10:36:00,7,3.466358950291826,10:31:00,2,1.0,1.6337408593711362,,dispersed
2014-03-06,13:05:00,13:09:00,5,3.463708663031499,13:08:00,1,0.0,0.3943921756144539,,compressed
2015-01-16,14:29:00,14:29:00,1,3.4620834210038502,14:29:00,1,0.0,0.5398802305015106,,compressed
2015-02-03,14:58:00,14:58:00,1,3.461507578178509,14:58:00,1,0.0,0.7461757509973816,,mixed
2014-05-23,12:49:00,12:50:00,2,3.4613681870287114,12:49:00,2,1.0,0.5337110466819297,,compressed
2021-01-25,11:03:00,11:04:00,2,3.4580851836217077,11:03:00,2,1.0,3.332769190467145,,dispersed
2016-10-10,13:27:00,13:30:00,4,3.4580046041360637,13:28:00,1,0.0,0.5372716963387244,,compressed
2018-03-20,10:30:00,10:33:00,4,3.4575837973149723,10:31:00,1,0.0,1.456556558090694,,mixed
2011-06-23,12:39:00,12:39:00,1,3.4565142356191365,12:39:00,1,0.0,0.9307648026535681,,mixed
2014-10-28,14:56:00,14:58:00,3,3.455129689668314,14:57:00,1,0.0,0.5814954103263784,,compressed
2010-11-23,13:59:00,14:00:00,2,3.4539464023018143,14:00:00,1,0.0,1.0568176464136092,,mixed
2018-01-08,15:10:00,15:12:00,3,3.4528637678419924,15:11:00,2,1.0,0.9301283916393275,,mixed
2019-12-20,11:30:00,11:31:00,2,3.4527152158829666,11:30:00,2,1.0,1.0878148242776566,,mixed
2020-09-09,12:00:00,12:03:00,4,3.4516636913919574,12:00:00,1,0.0,0.6639203466726741,,compressed
2010-06-07,13:27:00,13:29:00,3,3.451436879285455,13:29:00,2,1.0,0.7180618450590084,,mixed
2014-03-31,13:50:00,14:02:00,8,3.450440729062817,13:58:00,1,0.0,0.5908820399327206,,compressed
2010-11-26,12:19:00,12:22:00,4,3.449341365989632,12:20:00,1,0.0,0.8838930028207711,,mixed
2019-03-12,14:51:00,14:56:00,6,3.448938406830159,14:56:00,1,0.0,0.525272362333766,,compressed
2014-03-19,10:55:00,10:57:00,2,3.4481445811994824,10:55:00,1,0.0,0.7092665368408454,,mixed
2013-09-26,12:16:00,12:20:00,5,3.4475873116225713,12:19:00,1,0.0,0.9999544411863571,,mixed
2020-10-21,12:20:00,12:24:00,5,3.4463644359676833,12:20:00,3,1.0,1.6548415941936112,,dispersed
2017-07-14,15:12:00,15:39:00,28,3.4459464547198353,15:12:00,1,0.0,0.5126119883991236,,compressed
2009-07-20,13:40:00,13:45:00,6,3.443145484895017,13:44:00,1,0.0,0.6795491044733355,,mixed
2019-02-04,14:18:00,14:33:00,16,3.442785252102871,14:28:00,2,1.0,0.44772937338247804,,compressed
2016-03-16,11:18:00,11:22:00,4,3.442059698732278,11:20:00,1,0.0,0.9008705089199456,,mixed
2008-08-20,15:13:00,15:18:00,2,3.4409217184398417,15:18:00,1,0.0,1.0888595214769934,,mixed
2018-04-05,10:59:00,11:04:00,4,3.440426771408606,10:59:00,1,0.0,0.86414195393743,,mixed
2008-10-16,12:43:00,12:43:00,1,3.439974356187872,12:43:00,2,1.0,1.704775732087196,,dispersed
2009-08-18,11:27:00,11:30:00,4,3.4393481156507573,11:28:00,1,0.0,0.8033822658760312,,mixed
2009-02-19,12:55:00,12:55:00,1,3.4384086172600887,12:55:00,2,1.0,0.8892756883495907,,mixed
2014-10-17,11:53:00,11:56:00,3,3.4376300205797694,11:56:00,2,1.0,0.5500286834580583,,compressed
2014-07-09,14:15:00,14:21:00,7,3.437371387874589,14:19:00,2,1.0,1.717896201394964,,dispersed
2014-07-28,14:15:00,14:17:00,3,3.436100886822812,14:16:00,2,1.0,1.1266370184587706,,mixed
2014-11-19,14:03:00,14:10:00,4,3.435154788753641,14:04:00,2,1.0,1.2363168263981412,,mixed
2020-01-13,15:12:00,15:15:00,4,3.434467472771571,15:13:00,1,0.0,0.6460802573634625,,compressed
2020-08-05,14:58:00,14:59:00,2,3.4341197502345233,14:59:00,1,0.0,0.5573357094905629,,compressed
2008-03-26,15:50:00,15:58:00,8,3.434077475205788,15:50:00,2,1.0,1.3226983761316564,,mixed
2009-12-10,13:37:00,13:38:00,2,3.4338060787429043,13:38:00,2,1.0,0.8477128868138382,,mixed
2012-07-02,13:35:00,13:35:00,1,3.433708561565444,13:35:00,1,0.0,0.5295123126021091,,compressed
2015-05-08,13:11:00,13:12:00,2,3.433539557477216,13:11:00,1,0.0,0.5339733056906043,,compressed
2017-05-15,13:14:00,13:24:00,11,3.4335273111524653,13:21:00,2,0.18181818181818182,0.6574759778046924,,compressed
2015-02-04,15:44:00,15:44:00,1,3.4328444787109924,15:44:00,2,1.0,1.1111360758162026,,mixed
2021-03-30,13:31:00,13:34:00,3,3.4327866853521183,13:34:00,1,0.0,0.6301734242976511,,compressed
2008-08-06,13:28:00,13:29:00,2,3.432741653687721,13:28:00,1,0.0,0.6962767959675873,,mixed
2011-06-02,15:27:00,15:29:00,3,3.432652248561506,15:28:00,1,0.0,1.0508144174416283,,mixed
2015-07-10,14:03:00,14:03:00,1,3.4322935085593365,14:03:00,1,0.0,0.7313734997724219,,mixed
2016-08-08,12:26:00,12:42:00,17,3.4321333457996537,12:27:00,1,0.0,0.524032632093936,,compressed
2011-12-07,15:58:00,15:59:00,2,3.431702017755611,15:58:00,2,1.0,2.0883352464928584,,dispersed
2020-09-23,10:58:00,11:01:00,4,3.429973220694974,11:00:00,2,1.0,1.3156722660431552,,mixed
2011-03-09,12:53:00,12:53:00,1,3.4288719724989027,12:53:00,3,1.0,1.199099787217614,,mixed
2019-12-20,11:38:00,11:47:00,6,3.4283940266691264,11:40:00,2,1.0,1.073970957790629,,mixed
2013-11-05,13:07:00,13:20:00,10,3.4278267810258845,13:15:00,1,0.0,0.7668554055363724,,mixed
2011-11-30,13:47:00,13:47:00,1,3.4277517143820826,13:47:00,1,0.0,0.5059962539247629,,compressed
2020-05-27,12:19:00,12:37:00,14,3.423818544027277,12:25:00,3,1.0,1.6558472088370806,,dispersed
2016-05-11,13:28:00,13:29:00,2,3.422461779359114,13:29:00,1,0.0,0.6858337864789688,,mixed
2009-03-05,15:23:00,15:23:00,1,3.4210048256660484,15:23:00,1,0.0,1.2416484959877614,,mixed
2013-01-16,11:59:00,12:06:00,8,3.4197596801014574,12:01:00,2,0.875,0.7663591824481806,,mixed
2014-10-23,12:30:00,12:30:00,1,3.41874297821207,12:30:00,1,0.0,0.7310258746154515,,mixed
2016-11-15,12:39:00,12:43:00,5,3.418671169111735,12:43:00,1,0.0,0.467929176961837,,compressed
2012-02-24,12:58:00,13:00:00,3,3.4168336643930077,12:58:00,1,0.0,0.5120356221335376,,compressed
2010-09-27,14:13:00,14:17:00,5,3.4164092135203843,14:15:00,2,1.0,0.7980015136918522,,mixed
2014-07-07,12:52:00,12:58:00,4,3.4160159824399097,12:54:00,2,1.0,0.9171133101386018,,mixed
2013-06-07,15:00:00,15:00:00,1,3.4158362023441273,15:00:00,1,0.0,0.8127159697974787,,mixed
2013-07-08,15:12:00,15:19:00,5,3.413504339725037,15:14:00,1,0.0,0.6573957835690978,,compressed
2019-10-11,15:46:00,15:53:00,6,3.4134503654107453,15:47:00,2,1.0,2.125386871706506,,dispersed
2014-03-04,13:50:00,13:52:00,3,3.41338195418859,13:51:00,2,1.0,1.1030601789302856,,mixed
2009-07-24,12:16:00,12:19:00,2,3.4133463267995308,12:19:00,1,0.0,0.8800784980440531,,mixed
2008-08-18,15:36:00,15:38:00,3,3.4129944013652485,15:37:00,1,0.0,1.0687085478635463,,mixed
2009-10-06,13:22:00,13:31:00,7,3.41260280007566,13:25:00,2,0.8571428571428571,0.9567847434671795,,mixed
2020-10-22,13:55:00,13:59:00,5,3.412185570399619,13:57:00,2,1.0,1.0354666821336609,,mixed
2009-03-17,11:43:00,11:43:00,1,3.4120131992034413,11:43:00,1,0.0,0.9730387496943915,,mixed
2011-07-01,13:44:00,13:51:00,4,3.411951276032322,13:50:00,1,0.0,0.8322147209680032,,mixed
2010-06-11,13:58:00,13:58:00,1,3.4112798856195052,13:58:00,1,0.0,0.5950398833538385,,compressed
2015-09-28,15:31:00,15:31:00,1,3.4112028358331767,15:31:00,1,0.0,1.0424899658494127,,mixed
2009-09-18,12:33:00,12:41:00,5,3.4097944199779233,12:33:00,1,0.0,0.8984231449666598,,mixed
2016-12-21,15:25:00,15:26:00,2,3.409240340929952,15:25:00,3,1.0,0.471845769424217,,compressed
2018-06-14,12:18:00,12:20:00,3,3.408161109948211,12:18:00,1,0.0,0.7755973543021726,,mixed
2017-04-19,12:03:00,12:03:00,1,3.4080863104251424,12:03:00,1,0.0,0.6677733218115589,,compressed
2015-03-30,10:30:00,10:30:00,1,3.407951333814415,10:30:00,2,1.0,1.195639307310876,,mixed
2013-09-10,15:59:00,15:59:00,1,3.4076862357422155,15:59:00,1,0.0,0.929086346851617,,mixed
2017-06-28,15:38:00,15:40:00,3,3.4070937081545503,15:39:00,2,0.6666666666666666,0.9102294836182425,,mixed
2017-11-13,14:29:00,14:35:00,7,3.4070052181078054,14:35:00,1,0.0,0.5814695678815209,,compressed
2013-02-08,13:41:00,13:47:00,4,3.4052506377727276,13:42:00,1,0.5,0.47358928848239285,,compressed
2011-06-13,14:50:00,14:51:00,2,3.4049897459510614,14:51:00,2,1.0,1.1529733822277621,,mixed
2020-10-01,14:01:00,14:05:00,5,3.404156154045301,14:04:00,2,1.0,1.3586710302267797,,mixed
2008-08-25,11:11:00,11:12:00,2,3.403121298664246,11:11:00,1,0.0,0.7864639167358127,,mixed
2009-05-15,12:52:00,12:53:00,2,3.402704973815393,12:53:00,1,0.0,0.7671145402220652,,mixed
2012-11-16,11:42:00,11:45:00,4,3.4020102505876193,11:45:00,2,1.0,1.784480865853952,,dispersed
2013-01-11,13:06:00,13:13:00,8,3.4013909861370504,13:09:00,1,0.0,0.7507804699940194,,mixed
2011-04-21,14:24:00,14:30:00,7,3.4006020067142053,14:24:00,1,0.14285714285714285,0.5389459956709456,,compressed
2018-08-09,11:29:00,11:39:00,9,3.400477419272168,11:35:00,1,0.0,0.9863999724970045,,mixed
2019-07-25,10:42:00,10:47:00,6,3.3994418089045473,10:43:00,1,0.0,1.648940022031659,,dispersed
2015-02-06,13:06:00,13:06:00,1,3.398765624355216,13:06:00,2,1.0,0.7809801145578684,,mixed
2008-07-17,13:39:00,13:40:00,2,3.396860246342108,13:40:00,1,0.0,0.7888085444921763,,mixed
2016-12-20,13:55:00,13:57:00,3,3.3965804903046934,13:57:00,1,0.3333333333333333,0.5267457559157692,,compressed
2008-06-02,13:04:00,13:14:00,9,3.395423270974606,13:10:00,2,1.0,1.3332048381014485,,mixed
2013-01-03,14:06:00,14:08:00,3,3.3953657463256044,14:07:00,2,1.0,0.931660743117979,,mixed
2019-04-01,14:16:00,14:16:00,1,3.3944738804235235,14:16:00,1,0.0,0.4240420389169158,,compressed
2014-05-06,12:58:00,13:05:00,7,3.3926779919640544,12:59:00,1,0.0,0.679269979761848,,mixed
2021-01-13,10:49:00,10:54:00,6,3.388477387460182,10:50:00,3,1.0,1.1218657089452693,,mixed
2009-02-19,12:21:00,12:23:00,3,3.387941415246191,12:23:00,2,1.0,1.0265072344315993,,mixed
2015-12-30,12:59:00,13:08:00,6,3.387703560881749,13:01:00,1,0.0,0.7588640613484494,,mixed
2009-01-23,14:18:00,14:21:00,4,3.3872472447065496,14:18:00,2,1.0,1.089272872225867,,mixed
2021-03-09,12:29:00,12:29:00,1,3.3867529501897162,12:29:00,1,0.0,0.41767902040983396,,compressed
2017-04-18,11:19:00,11:19:00,1,3.3858352166565266,11:19:00,3,1.0,0.9226143018071565,,mixed
2009-07-01,10:53:00,10:59:00,7,3.3857037187654306,10:56:00,2,1.0,1.9296185622605797,,dispersed
2021-01-26,11:32:00,11:36:00,5,3.3847638946434695,11:35:00,2,1.0,1.7414575476400105,,dispersed
2013-03-14,12:08:00,12:16:00,9,3.3842095241421832,12:11:00,1,0.0,0.5949863337805052,,compressed
2013-03-28,14:02:00,14:02:00,1,3.3822478759254535,14:02:00,1,0.0,0.4243127648026477,,compressed
2018-11-16,13:33:00,13:34:00,2,3.381107056071028,13:33:00,2,1.0,1.3384290035948612,,mixed
2020-11-27,14:10:00,14:11:00,2,3.381075181524644,14:10:00,1,0.0,0.37895661350914955,,compressed
2015-04-10,15:31:00,15:33:00,3,3.380616128462841,15:31:00,1,0.0,0.8394849670694278,,mixed
2010-12-10,15:29:00,15:29:00,1,3.3800587127949937,15:29:00,3,1.0,0.6744677199870686,,mixed
2010-06-30,14:08:00,14:16:00,6,3.377710890282744,14:12:00,1,0.16666666666666666,0.9932095214665254,,mixed
2018-04-12,13:27:00,13:30:00,4,3.377038704683413,13:29:00,2,1.0,0.9391570592926186,,mixed
2008-12-15,15:35:00,15:35:00,1,3.3765176740612746,15:35:00,2,1.0,1.2354232961842713,,mixed
2019-10-29,12:54:00,12:58:00,5,3.375883057332612,12:57:00,2,1.0,2.0064789510413874,,dispersed
2020-02-27,13:42:00,13:53:00,10,3.3752092760923453,13:53:00,2,1.0,1.8920683953605204,COVID -4.4% day,dispersed
2013-12-18,11:05:00,11:10:00,4,3.3748705033939537,11:09:00,1,0.0,0.8212164284108511,,mixed
2020-01-29,13:34:00,13:34:00,1,3.3741757661100142,13:34:00,2,1.0,0.5136145644156866,,compressed
2020-02-12,12:26:00,12:31:00,4,3.374061865034107,12:26:00,1,0.0,0.6907188279778094,,mixed
2009-04-13,11:50:00,11:53:00,4,3.372813127932312,11:50:00,2,1.0,1.1665615840155075,,mixed
2016-07-19,14:25:00,14:28:00,4,3.3702793422251855,14:27:00,3,1.0,0.6742923964618164,,mixed
2018-12-31,14:15:00,14:16:00,2,3.3700049294121674,14:16:00,1,0.0,0.5136876509186904,,compressed
2013-03-26,14:24:00,14:39:00,16,3.3697628243026485,14:30:00,1,0.0,0.4345601939721659,,compressed
2017-12-06,15:30:00,15:33:00,4,3.369590331321105,15:33:00,2,1.0,0.7107226931019966,,mixed
2013-10-10,14:23:00,14:27:00,5,3.3662267957360545,14:24:00,1,0.0,0.6246679521078631,,compressed
2012-12-21,11:36:00,11:37:00,2,3.366099790225881,11:37:00,2,1.0,1.570386747336927,,dispersed
2016-04-14,12:32:00,12:33:00,2,3.3653585638581607,12:33:00,1,0.0,0.6552081418637322,,compressed
2019-06-14,12:50:00,12:55:00,4,3.3637505319490986,12:51:00,1,0.0,0.6530469567650099,,compressed
2015-10-21,11:49:00,11:50:00,2,3.363618730745878,11:49:00,1,0.0,1.1489401797059957,,mixed
2010-05-17,12:00:00,12:00:00,1,3.3635158695127245,12:00:00,2,1.0,1.5725749428505995,,dispersed
2014-07-16,15:25:00,15:26:00,2,3.3633421040669638,15:26:00,2,0.5,0.5367947832287795,,compressed
2017-05-30,13:30:00,13:46:00,17,3.363292286934753,13:46:00,1,0.0,0.5887747866321053,,compressed
2009-07-02,13:20:00,13:21:00,2,3.3631935909065636,13:20:00,3,0.5,0.5532475474402121,,compressed
2010-06-18,13:00:00,13:02:00,3,3.362772734910048,13:00:00,1,0.0,0.8301832316300373,,mixed
2008-10-22,10:50:00,10:50:00,1,3.3614976377779384,10:50:00,1,0.0,1.1685977600129926,,mixed
2013-09-26,10:47:00,10:49:00,3,3.3600926197481185,10:48:00,2,1.0,1.6209711145743175,,dispersed
2017-06-28,13:30:00,13:30:00,1,3.360055995742761,13:30:00,1,0.0,0.7753633426637071,,mixed
2013-05-03,12:40:00,12:51:00,8,3.3580581632784012,12:49:00,1,0.0,0.6474971860855806,,compressed
2009-12-28,13:18:00,13:27:00,10,3.357976934600828,13:18:00,1,0.0,0.4498735776685736,,compressed
2019-06-18,11:54:00,11:59:00,6,3.3574582338959007,11:54:00,2,1.0,1.4791100443792558,,mixed
2010-06-16,14:12:00,14:19:00,6,3.3561390703636316,14:14:00,1,0.0,0.6818167345792809,,mixed
2016-05-05,14:25:00,14:33:00,9,3.3556980276904484,14:27:00,1,0.0,0.7993151391238503,,mixed
2020-11-16,10:51:00,10:52:00,2,3.3549994577450226,10:52:00,3,1.0,0.9787850579286611,,mixed
2015-09-03,11:51:00,11:57:00,3,3.3549422860258367,11:51:00,1,0.0,0.7804842436049148,,mixed
2010-04-22,15:53:00,15:53:00,1,3.3543107875479405,15:53:00,1,0.0,0.8178858964527038,,mixed
2015-10-09,11:46:00,11:52:00,7,3.3521859039637127,11:52:00,1,0.0,0.7887975465274306,,mixed
2017-09-11,14:46:00,14:47:00,2,3.3515425528151956,14:47:00,2,1.0,0.5037524181948108,,compressed
2018-04-30,13:15:00,13:19:00,5,3.3513866870157814,13:17:00,1,0.0,0.9794893798946145,,mixed
2014-05-01,13:30:00,13:35:00,6,3.351144609006646,13:33:00,1,0.0,0.7851361943241479,,mixed
2020-04-17,15:42:00,15:42:00,1,3.350510688643665,15:42:00,1,0.0,0.6586953347384698,,compressed
2011-09-20,12:31:00,12:33:00,3,3.350484362262282,12:32:00,1,0.0,0.7456112939532106,,mixed
2020-03-18,14:41:00,14:42:00,2,3.350306642335482,14:41:00,2,0.5,1.1510164426604221,COVID intraday halt (~13:00),mixed
2014-12-16,13:27:00,13:27:00,1,3.3493802181267647,13:27:00,2,1.0,1.5531336092365775,,dispersed
2013-06-07,11:07:00,11:07:00,1,3.3485163390234125,11:07:00,1,0.0,0.9196266952053554,,mixed
2020-10-06,11:01:00,11:22:00,18,3.347228773068125,11:02:00,2,1.0,1.2353662332114776,,mixed
2019-05-15,13:56:00,13:58:00,3,3.346003283632383,13:57:00,1,0.0,0.5315705742739739,,compressed
2014-08-08,13:19:00,13:19:00,1,3.345451776979448,13:19:00,2,1.0,0.8809820714819627,,mixed
2008-03-18,12:20:00,12:28:00,4,3.3449636769509485,12:23:00,1,0.0,0.46661589965762046,,compressed
2014-10-17,14:07:00,14:07:00,1,3.3443171673724525,14:07:00,1,0.0,0.7557843037554265,,mixed
2010-06-17,10:30:00,10:44:00,11,3.3432409386904793,10:30:00,2,1.0,1.6831649311388328,,dispersed
2017-07-25,14:01:00,14:02:00,2,3.3429002879994294,14:01:00,1,0.0,0.7135660048881076,,mixed
2020-12-24,12:15:00,12:15:00,1,3.3426281002016855,12:15:00,1,0.0,0.8710496977420336,,mixed
2013-03-07,14:53:00,14:54:00,2,3.342144033580363,14:53:00,1,0.0,0.7567156008230745,,mixed
2017-02-10,15:24:00,15:28:00,5,3.3419550424535283,15:26:00,1,0.0,0.8552463104196069,,mixed
2015-11-17,14:34:00,14:34:00,1,3.3418229188554647,14:34:00,1,0.0,1.0247708285469972,,mixed
2019-02-19,14:33:00,14:39:00,7,3.3402384939804626,14:36:00,1,0.0,0.44936007762290564,,compressed
2015-09-25,13:57:00,14:05:00,6,3.338645902001775,14:01:00,1,0.0,0.7553601208444984,,mixed
2011-08-23,14:04:00,14:13:00,10,3.338013447162013,14:10:00,2,1.0,1.0354435729363758,,mixed
2013-06-17,11:17:00,11:17:00,1,3.337874914497216,11:17:00,1,0.0,0.6740199549030732,,mixed
2011-03-14,12:54:00,12:58:00,4,3.337767635249423,12:58:00,1,0.0,0.7315602631266075,,mixed
2011-05-24,13:21:00,13:25:00,3,3.337099379160389,13:24:00,1,0.0,0.7839262488850546,,mixed
2016-03-24,14:29:00,14:29:00,1,3.336188234192245,14:29:00,1,0.0,0.6885489654874174,,mixed
2009-08-10,12:17:00,12:20:00,4,3.3348422941879594,12:20:00,1,0.0,0.728208161012133,,mixed
2019-03-07,13:27:00,13:30:00,4,3.334629709597394,13:29:00,2,1.0,1.4554351050726635,,mixed
2009-12-15,13:19:00,13:21:00,3,3.33364375393636,13:21:00,1,0.0,0.489831720647829,,compressed
2015-11-11,13:34:00,13:34:00,1,3.3334685039078553,13:34:00,2,1.0,0.7928874447242521,,mixed
2009-10-08,15:14:00,15:16:00,3,3.3332461836811675,15:14:00,1,0.0,0.8650264936613907,,mixed
2012-06-06,13:52:00,13:55:00,4,3.333066342662408,13:53:00,1,0.0,0.4000190259438769,,compressed
2009-01-14,14:14:00,14:21:00,7,3.331908703449284,14:16:00,2,1.0,0.98094252930767,,mixed
2018-06-11,15:59:00,15:59:00,1,3.3318857445823795,15:59:00,2,1.0,0.870008991481321,,mixed
2009-04-08,14:49:00,14:58:00,6,3.3304502280197705,14:56:00,1,0.0,1.139378260757599,,mixed
2017-03-09,14:27:00,14:29:00,3,3.3304220634269766,14:28:00,2,1.0,1.6607831950102965,,dispersed
2015-08-31,10:56:00,10:57:00,2,3.329850989871261,10:57:00,3,0.5,0.6164745580802332,,compressed
2019-12-23,13:52:00,14:00:00,9,3.328731151258696,14:00:00,1,0.0,0.5504180163337923,,compressed
2016-05-11,11:35:00,11:36:00,2,3.327703134024729,11:35:00,2,1.0,1.0236143961403557,,mixed
2008-04-15,13:19:00,13:25:00,5,3.326397330704703,13:20:00,1,0.0,0.6255663914329922,,compressed
2014-06-20,14:03:00,14:03:00,1,3.3262821708759174,14:03:00,1,0.0,0.4761930168239602,,compressed
2009-02-26,15:04:00,15:09:00,5,3.326116746302709,15:06:00,1,0.0,1.2406290429801932,,mixed
2012-07-23,15:34:00,15:39:00,5,3.3253931758921684,15:35:00,1,0.0,1.1699870814844198,,mixed
2015-12-01,10:38:00,10:41:00,4,3.324942712520302,10:38:00,2,1.0,2.2319190067308714,,dispersed
2011-12-13,12:12:00,12:14:00,3,3.3237751623571135,12:14:00,2,1.0,0.7488353626187858,,mixed
2021-04-08,14:55:00,14:57:00,3,3.3233670442140446,14:55:00,1,0.0,0.5681781368531433,,compressed
2016-11-18,14:04:00,14:05:00,2,3.320265639007657,14:04:00,1,0.0,0.4597513074687083,,compressed
2013-10-28,14:14:00,14:15:00,2,3.3198900654195134,14:14:00,2,1.0,0.6595070094965307,,compressed
2012-02-27,14:53:00,14:59:00,7,3.3197505132845397,14:59:00,1,0.0,0.6052435160975265,,compressed
2020-08-27,14:47:00,14:49:00,3,3.3193760811496573,14:47:00,1,0.0,1.5899610458270854,,dispersed
2012-04-26,13:39:00,13:43:00,3,3.3188291614397,13:39:00,2,1.0,0.8257079031579564,,mixed
2016-07-13,12:38:00,12:39:00,2,3.3188093748777385,12:39:00,1,0.0,0.8627836161590087,,mixed
2012-02-13,14:18:00,14:21:00,4,3.3183250464129275,14:21:00,1,0.0,0.5730671357202047,,compressed
2020-09-02,13:13:00,13:14:00,2,3.318290211150455,13:13:00,2,1.0,0.9615268587920787,,mixed
2016-08-05,11:44:00,11:44:00,1,3.317426702446315,11:44:00,1,0.0,0.7068211062048692,,mixed
2015-12-08,15:55:00,15:57:00,3,3.3172566099271137,15:57:00,1,0.0,1.2530512700754493,,mixed
2013-09-13,14:17:00,14:31:00,14,3.3164180716848137,14:24:00,1,0.0,0.6734468252615755,,mixed
2019-04-01,13:20:00,13:20:00,1,3.3139635371521723,13:20:00,1,0.0,0.4080818538497,,compressed
2009-07-24,12:34:00,12:39:00,6,3.3128182685227463,12:39:00,1,0.0,0.7558793670751199,,mixed
2016-10-26,11:38:00,11:51:00,14,3.3123409152734475,11:48:00,2,1.0,1.8860437188071304,,dispersed
2017-07-19,15:15:00,15:18:00,4,3.3102162905220345,15:15:00,1,0.0,0.5635887006666563,,compressed
2013-03-06,12:23:00,12:25:00,2,3.310027446388271,12:23:00,1,0.0,0.9071898962031817,,mixed
2012-10-10,13:46:00,13:48:00,3,3.3092277124216687,13:46:00,3,1.0,1.2254217709260264,,mixed
2016-09-20,11:18:00,11:21:00,4,3.308983128765654,11:19:00,2,1.0,0.887397301117089,,mixed
2018-06-22,15:58:00,15:59:00,2,3.307988297660511,15:58:00,2,1.0,1.140872767387522,,mixed
2017-07-03,12:01:00,12:04:00,4,3.3076848597082753,12:03:00,2,1.0,0.9562675029754598,,mixed
2012-06-19,13:04:00,13:08:00,5,3.3072719947893625,13:08:00,2,0.4,0.47226565728308795,,compressed
2016-01-26,13:08:00,13:12:00,5,3.3069206662387067,13:10:00,2,1.0,0.5673215327697776,,compressed
2012-12-10,13:58:00,13:59:00,2,3.30509231714128,13:58:00,1,0.0,0.4867316916168193,,compressed
2010-04-23,15:26:00,15:29:00,3,3.30432338339753,15:26:00,2,1.0,0.8295506367034262,,mixed
2011-02-07,13:59:00,14:09:00,11,3.3033352988540576,14:00:00,1,0.0,0.6206189308914124,,compressed
2020-06-29,12:58:00,12:59:00,2,3.3033194850198706,12:59:00,2,1.0,0.6416919529021428,,compressed
2018-07-16,14:24:00,14:27:00,2,3.3032193883197154,14:27:00,1,0.0,0.5763336697221144,,compressed
2020-11-16,15:09:00,15:13:00,3,3.3030507286045143,15:09:00,1,0.0,0.8571710625162944,,mixed
2014-08-04,13:40:00,13:43:00,4,3.3011661982754585,13:41:00,1,0.0,0.54330770626744,,compressed
2019-05-15,10:48:00,10:55:00,8,3.3004896056353883,10:53:00,2,1.0,1.5050687017414566,,dispersed
2020-05-19,10:53:00,10:53:00,1,3.2996168881441745,10:53:00,1,0.0,1.0121675200026627,,mixed
2014-08-20,12:06:00,12:08:00,3,3.299435214434243,12:07:00,3,1.0,0.8255208393323658,,mixed
2014-08-11,13:41:00,13:43:00,3,3.2989556972817384,13:41:00,2,0.3333333333333333,0.5578756806973814,,compressed
2016-05-05,13:38:00,13:39:00,2,3.298497758941712,13:38:00,1,0.0,0.7846019359991635,,mixed
2011-08-12,15:20:00,15:22:00,3,3.2983379544494373,15:21:00,1,0.0,0.6335543890543427,,compressed
2021-01-25,12:07:00,12:08:00,2,3.2980361542479,12:08:00,2,0.5,3.4635590467805146,,dispersed
2015-12-29,12:16:00,12:20:00,5,3.297072602420296,12:18:00,1,0.0,0.6785780420056615,,mixed
2018-06-11,15:50:00,15:52:00,2,3.296160981379764,15:50:00,2,1.0,0.7370348762224884,,mixed
2019-05-30,14:04:00,14:05:00,2,3.2958648394092913,14:04:00,1,0.0,0.7110291305974767,,mixed
2019-05-29,11:54:00,11:54:00,1,3.295782472703989,11:54:00,1,0.0,1.607617641272991,,dispersed
2010-05-27,14:51:00,14:53:00,3,3.2950292169665834,14:52:00,1,0.0,0.627367179052523,,compressed
2009-12-17,13:09:00,13:30:00,22,3.2945741193836726,13:13:00,2,1.0,2.2879845246744352,,dispersed
2015-10-08,11:14:00,11:14:00,1,3.294540271643869,11:14:00,2,1.0,0.8615311858724655,,mixed
2019-01-25,13:32:00,13:34:00,3,3.2934997278110627,13:32:00,2,1.0,1.0249296301270465,,mixed
2020-08-14,12:52:00,12:53:00,2,3.2924787501485726,12:52:00,1,0.0,0.7843067685301066,,mixed
2011-06-20,12:47:00,12:49:00,2,3.2922487644851386,12:47:00,1,0.0,0.6626292477069073,,compressed
2019-05-15,11:01:00,11:12:00,12,3.2921840726753184,11:12:00,2,1.0,1.498158497223654,,mixed
2013-06-11,12:44:00,12:48:00,3,3.291286503013216,12:44:00,1,0.0,0.6474779102122781,,compressed
2008-10-31,13:17:00,13:17:00,1,3.290227642999244,13:17:00,1,0.0,0.5518262374350598,,compressed
2009-05-15,14:08:00,14:12:00,3,3.2899408235110648,14:11:00,2,0.6666666666666666,0.964995442164198,,mixed
2008-02-20,14:01:00,14:03:00,3,3.287799997181613,14:01:00,2,1.0,2.1288510725778402,,dispersed
2010-06-23,14:39:00,14:40:00,2,3.2867941779890963,14:39:00,2,1.0,2.082548005257409,,dispersed
2012-09-10,12:06:00,12:08:00,3,3.284778458268753,12:08:00,3,1.0,0.6494493726459986,,compressed
2020-12-16,14:00:00,14:00:00,1,3.2840527883249218,14:00:00,2,1.0,0.5060050671481366,,compressed
2015-07-14,10:49:00,10:53:00,5,3.2833203286056523,10:49:00,1,0.0,0.6397384512931651,,compressed
2012-10-03,13:55:00,14:00:00,6,3.2831668118355437,13:56:00,3,1.0,1.0198931721616624,,mixed
2015-01-21,13:44:00,13:45:00,2,3.282903487711861,13:45:00,2,1.0,0.7045566410876581,,mixed
2013-07-22,15:12:00,15:22:00,11,3.282602817112612,15:14:00,1,0.0,0.6727409104000188,,mixed
2010-07-14,10:53:00,10:54:00,2,3.2825437426501516,10:53:00,1,0.0,0.9611957146461156,,mixed
2020-04-16,14:04:00,14:06:00,3,3.282180742031238,14:06:00,2,1.0,0.92598383350097,,mixed
2010-06-17,13:54:00,13:54:00,1,3.2809146475425957,13:54:00,1,0.0,0.8442492704689294,,mixed
2014-08-18,14:08:00,14:12:00,5,3.2802388134614167,14:11:00,1,0.0,0.4467602914574635,,compressed
2010-03-08,15:00:00,15:07:00,8,3.2792371215003993,15:02:00,1,0.0,0.6206034504438831,,compressed
2013-03-07,12:32:00,12:32:00,1,3.2789056432953325,12:32:00,1,0.0,0.6769162700336698,,mixed
2016-10-04,11:17:00,11:19:00,3,3.278428765291094,11:18:00,2,1.0,1.448272565452347,,mixed
2021-01-25,14:06:00,14:09:00,4,3.2760716541824797,14:06:00,2,1.0,1.641805991759079,,dispersed
2011-11-23,12:44:00,12:45:00,2,3.2758386005734677,12:45:00,1,0.0,0.732509663643618,,mixed
2014-11-25,14:58:00,15:00:00,3,3.27557145006359,15:00:00,1,0.0,0.9481912873738448,,mixed
2019-01-25,13:45:00,13:45:00,1,3.2743578853865807,13:45:00,2,1.0,0.9437144964023181,,mixed
2015-09-25,14:15:00,14:15:00,1,3.274253119848104,14:15:00,3,1.0,0.8439675988987005,,mixed
2015-11-20,15:17:00,15:17:00,1,3.2742289281753076,15:17:00,1,0.0,0.6799505244476106,,mixed
2015-07-13,11:35:00,11:35:00,1,3.2736438472749754,11:35:00,1,0.0,0.6014880692859204,,compressed
2012-07-06,14:20:00,14:21:00,2,3.2728503007768013,14:21:00,1,0.0,0.5966365326242955,,compressed
2018-06-14,12:33:00,12:33:00,1,3.2711998801460975,12:33:00,1,0.0,0.7762693767412171,,mixed
2017-07-27,12:26:00,12:26:00,1,3.2701397933526266,12:26:00,1,0.0,0.6518040363560375,,compressed
2017-08-01,14:49:00,14:49:00,1,3.267111960323515,14:49:00,1,0.0,0.6456270260556739,,compressed
2014-11-25,14:17:00,14:17:00,1,3.266753919436073,14:17:00,2,1.0,0.8132846682814733,,mixed
2018-01-26,13:26:00,13:27:00,2,3.266745949589597,13:26:00,1,0.0,0.691233326374747,,mixed
2012-08-06,12:25:00,12:28:00,4,3.266143253016233,12:26:00,2,1.0,0.7778487535710366,,mixed
2018-01-29,12:47:00,12:49:00,3,3.2660370511501315,12:48:00,2,0.6666666666666666,0.9600528576186819,,mixed
2020-07-17,13:14:00,13:14:00,1,3.265471782672284,13:14:00,1,0.0,0.4068931012882398,,compressed
2009-08-28,15:29:00,15:35:00,4,3.2644819544119916,15:33:00,3,1.0,1.0618224715690001,,mixed
2021-04-14,10:32:00,10:38:00,3,3.264465687527937,10:38:00,1,0.0,1.3744778435129528,,mixed
2008-04-01,14:48:00,14:49:00,2,3.2644446948216768,14:48:00,2,1.0,1.1940063923123796,,mixed
2018-02-27,14:16:00,14:16:00,1,3.2640177662227985,14:16:00,1,0.0,1.0732281173942266,,mixed
2016-09-29,12:51:00,12:52:00,2,3.2636974331086255,12:52:00,2,1.0,1.502388445145458,,dispersed
2017-04-05,14:00:00,14:07:00,6,3.2627135021566653,14:00:00,2,1.0,1.2568193691290277,,mixed
2008-11-24,15:52:00,15:54:00,3,3.259390934078866,15:53:00,2,1.0,1.7656158679663807,,dispersed
2016-08-05,10:46:00,10:47:00,2,3.2583792815699657,10:46:00,1,0.0,0.9065844174321407,,mixed
2018-06-12,13:05:00,13:11:00,6,3.256991760360024,13:05:00,2,1.0,0.6014775461874621,,compressed
2021-02-08,15:23:00,15:26:00,4,3.2568787887077377,15:25:00,1,0.0,0.8456708723452939,,mixed
2015-07-14,11:19:00,11:19:00,1,3.256840439421262,11:19:00,1,0.0,0.5823362979816002,,compressed
2018-04-04,14:54:00,14:59:00,2,3.255642886848276,14:54:00,1,0.0,0.8933341256884942,,mixed
2019-07-10,14:00:00,14:01:00,2,3.2549781665080784,14:00:00,2,1.0,0.8113399896683143,,mixed
2013-09-17,15:24:00,15:30:00,7,3.2547335344720367,15:24:00,1,0.0,0.7387924492423087,,mixed
2020-10-01,14:14:00,14:15:00,2,3.2541580000313557,14:14:00,2,1.0,1.4890146156401185,,mixed
2010-06-08,14:08:00,14:09:00,2,3.253597026710735,14:09:00,2,1.0,1.5250663620929632,,dispersed
2018-10-23,15:52:00,15:59:00,6,3.2525523966981753,15:58:00,1,0.0,1.1026034607216768,,mixed
2011-04-29,13:31:00,13:37:00,7,3.252394655290403,13:31:00,1,0.0,0.4891229080041227,,compressed
2008-05-14,14:59:00,15:02:00,4,3.2521146171227997,15:01:00,1,0.0,0.6968958183465248,,mixed
2013-01-16,12:34:00,12:35:00,2,3.2503370916046044,12:34:00,1,0.0,0.6517237721223154,,compressed
2009-04-07,12:55:00,13:03:00,4,3.250070793507048,12:58:00,2,1.0,0.8422862223296256,,mixed
2012-02-17,12:21:00,12:24:00,4,3.249870876748788,12:21:00,3,0.75,0.6084723556942254,,compressed
2010-10-06,15:32:00,15:33:00,2,3.2496967668630785,15:32:00,1,0.0,0.8698774797120459,,mixed
2015-06-23,14:39:00,14:39:00,1,3.2494064903666895,14:39:00,2,1.0,0.7782009789040311,,mixed
2021-01-26,15:14:00,15:22:00,9,3.2492403023516987,15:19:00,3,1.0,1.3371272735847601,,mixed
2012-12-11,11:48:00,12:02:00,13,3.2473081783364037,11:50:00,2,1.0,1.114169123649306,,mixed
2018-09-20,13:14:00,13:22:00,5,3.2461619042380843,13:20:00,2,1.0,0.6892131347499181,,mixed
2011-07-13,15:18:00,15:19:00,2,3.246078579973341,15:19:00,1,0.0,1.4714670635911224,,mixed
2017-08-04,14:27:00,14:28:00,2,3.245187383769648,14:28:00,1,0.0,0.6318322233675217,,compressed
2009-07-28,10:59:00,10:59:00,1,3.244480824701827,10:59:00,2,1.0,1.4810918814184002,,mixed
2009-12-07,13:58:00,13:59:00,2,3.2440793759350774,13:58:00,1,0.0,0.754183576977541,,mixed
2020-11-24,12:55:00,13:00:00,5,3.242398130703953,12:55:00,1,0.6,0.7790988336948415,,mixed
2017-02-17,13:10:00,13:11:00,2,3.242094638859043,13:10:00,1,0.0,0.679596274410897,,mixed
2020-11-02,10:37:00,10:38:00,2,3.2414799915790105,10:38:00,1,0.0,1.3163394003021254,,mixed
2018-04-09,14:35:00,14:41:00,4,3.239903675228539,14:36:00,2,1.0,0.6737995240759113,,mixed
2017-12-19,14:37:00,14:38:00,2,3.238653809545922,14:38:00,1,0.0,0.9007349229459239,,mixed
2018-04-27,14:25:00,14:26:00,2,3.238188042401441,14:26:00,2,1.0,0.6586467795326764,,compressed
2017-03-17,13:23:00,13:27:00,2,3.2374161242977633,13:23:00,1,0.0,0.44277385150994775,,compressed
2016-04-06,14:03:00,14:05:00,3,3.2356549547344144,14:03:00,2,1.0,1.1708847398758115,,mixed
2017-02-27,15:26:00,15:26:00,1,3.2349200493176586,15:26:00,1,0.0,1.0676386603302899,,mixed
2014-08-26,15:33:00,15:34:00,2,3.234805673160621,15:34:00,2,1.0,0.6126366663784842,,compressed
2008-04-23,15:12:00,15:20:00,6,3.234618424422912,15:18:00,2,1.0,1.2136859761051564,,mixed
2010-07-19,14:46:00,14:46:00,1,3.2321159666992707,14:46:00,1,0.0,0.8382220250986971,,mixed
2008-07-07,13:22:00,13:23:00,2,3.231587528857969,13:22:00,2,1.0,1.8684892962800974,,dispersed
2017-08-24,13:36:00,13:37:00,2,3.2309075905474205,13:37:00,2,1.0,0.9452248919288403,,mixed
2013-10-04,13:14:00,13:17:00,3,3.230878897755549,13:17:00,2,0.6666666666666666,0.7243564173016592,,mixed
2008-03-13,11:10:00,11:10:00,1,3.230422434494799,11:10:00,2,1.0,1.7001134154726754,,dispersed
2020-06-23,11:38:00,11:39:00,2,3.230202266970176,11:39:00,2,1.0,0.9637366691369535,,mixed
2009-01-28,13:28:00,13:29:00,2,3.230002443614374,13:28:00,1,0.0,0.4599202879629158,,compressed
2020-03-09,10:32:00,10:33:00,2,3.2283016996588354,10:32:00,1,0.0,2.1993530525177847,COVID CIRCUIT BREAKER #1 (open),dispersed
2013-06-27,12:28:00,12:35:00,5,3.2277004240821148,12:30:00,1,0.0,0.5730125102011706,,compressed
2013-06-04,12:35:00,12:35:00,1,3.2271145071214415,12:35:00,1,0.0,1.0805340264787462,,mixed
2018-04-09,13:07:00,13:10:00,3,3.226892936830916,13:10:00,1,0.0,0.5490997273476532,,compressed
2014-06-30,14:11:00,14:11:00,1,3.22688108591355,14:11:00,1,0.0,0.5320305719059588,,compressed
2011-03-08,14:18:00,14:18:00,1,3.226391351999549,14:18:00,2,1.0,0.6376870589313592,,compressed
2014-08-13,15:51:00,15:51:00,1,3.2259783894315412,15:51:00,2,1.0,0.6120174900652972,,compressed
2008-10-16,13:38:00,13:39:00,2,3.2250926959276107,13:38:00,1,0.0,1.3625483091039459,,mixed
2008-12-15,11:55:00,11:57:00,3,3.224714465800668,11:57:00,1,0.0,0.839975101957064,,mixed
2009-03-31,15:27:00,15:27:00,1,3.224520192811659,15:27:00,1,0.0,0.7100614999438002,,mixed
2019-02-14,11:14:00,11:21:00,7,3.22386929686542,11:21:00,2,1.0,2.4540308301003586,,dispersed
2010-05-13,15:34:00,15:34:00,1,3.2238509190633713,15:34:00,1,0.0,0.7017066749096782,,mixed
2010-12-28,14:12:00,14:12:00,1,3.2235872153471736,14:12:00,3,1.0,0.5877404356335713,,compressed
2019-01-04,10:38:00,10:40:00,3,3.2235170292105098,10:39:00,1,0.0,1.1677303592976056,,mixed
2021-01-26,15:05:00,15:05:00,1,3.221447563470031,15:05:00,3,1.0,1.3001531632951382,,mixed
2009-12-15,12:13:00,12:14:00,2,3.221293416338739,12:13:00,1,0.0,0.5918377263954111,,compressed
2020-04-13,11:18:00,11:18:00,1,3.2207149816956004,11:18:00,2,1.0,1.0626857718259317,,mixed
2009-10-21,14:11:00,14:11:00,1,3.2206592713429862,14:11:00,2,1.0,1.2525945696303729,,mixed
2015-06-22,13:27:00,13:27:00,1,3.2200949607012297,13:27:00,1,0.0,0.7695774027259584,,mixed
2008-06-26,11:42:00,11:42:00,1,3.2200562537971273,11:42:00,3,1.0,1.2117645096374927,,mixed
2019-03-07,12:52:00,12:53:00,2,3.219943418648245,12:52:00,2,1.0,1.4612423195878794,,mixed
2009-07-24,14:09:00,14:11:00,3,3.2195501411367635,14:10:00,1,0.0,0.9133424328443761,,mixed
2008-11-26,14:30:00,14:30:00,1,3.2190320796979366,14:30:00,1,0.0,0.5495823850733585,,compressed
2012-05-29,11:36:00,11:36:00,1,3.2177643522214945,11:36:00,2,1.0,0.8671062304451027,,mixed
2021-03-26,11:19:00,11:21:00,2,3.217372805421753,11:21:00,1,0.0,0.882668985059452,,mixed
2016-07-14,13:14:00,13:14:00,1,3.216613916406469,13:14:00,1,0.0,0.8903243181628044,,mixed
2021-01-13,14:55:00,14:58:00,4,3.215540986251336,14:55:00,1,0.0,0.7660479506465585,,mixed
2012-05-24,13:13:00,13:14:00,2,3.214609487444295,13:14:00,1,0.0,0.9332131647794494,,mixed
2020-12-09,10:42:00,10:43:00,2,3.2118892070763487,10:42:00,2,1.0,1.7945349097368961,,dispersed
2018-10-01,12:21:00,12:21:00,1,3.211871765320691,12:21:00,2,1.0,1.256669999180866,,mixed
2017-06-19,13:31:00,13:33:00,3,3.210737010991179,13:32:00,1,0.0,0.5018873043499208,,compressed
2014-02-11,13:14:00,13:14:00,1,3.2106368817778637,13:14:00,1,0.0,0.6744580196347003,,mixed
2008-08-01,12:30:00,12:30:00,1,3.208502891012996,12:30:00,1,0.0,0.9332866503860279,,mixed
2020-01-08,15:27:00,15:27:00,1,3.2084910096741917,15:27:00,1,0.0,0.7747049095469373,,mixed
2019-10-08,15:31:00,15:42:00,12,3.208288716988064,15:37:00,2,1.0,2.804093681583284,,dispersed
2018-05-25,12:37:00,12:37:00,1,3.2080374177704414,12:37:00,1,0.0,0.7987418524401694,,mixed
2011-02-18,13:23:00,13:28:00,6,3.207787659073986,13:23:00,1,0.0,0.6757668378435886,,mixed
2013-12-10,12:45:00,12:50:00,2,3.2052554380895657,12:45:00,1,0.0,0.8356924905656969,,mixed
2010-07-07,13:26:00,13:29:00,4,3.205048135467551,13:28:00,2,1.0,0.8031126071750896,,mixed
2011-08-23,14:20:00,14:23:00,4,3.2048594492352467,14:20:00,1,0.0,1.1457259603953915,,mixed
2016-08-08,13:44:00,14:01:00,18,3.204732796352464,13:45:00,1,0.0,0.5665280963695467,,compressed
2009-10-20,14:14:00,14:14:00,1,3.2045611363862188,14:14:00,1,0.0,0.8642153059319844,,mixed
2020-01-29,13:41:00,13:42:00,2,3.204490016968508,13:41:00,1,0.0,0.5235181824930667,,compressed
2018-06-04,13:57:00,13:57:00,1,3.20335655747432,13:57:00,2,1.0,0.563117029948344,,compressed
2014-07-29,14:21:00,14:21:00,1,3.2021096945285477,14:21:00,3,1.0,1.108337100911738,,mixed
2009-07-02,15:24:00,15:27:00,3,3.201706568097021,15:24:00,2,1.0,1.20870466719148,,mixed
2011-12-23,11:43:00,11:43:00,1,3.200485250000008,11:43:00,1,0.0,0.475242235653811,,compressed
2009-08-20,13:28:00,13:35:00,5,3.1992650041385096,13:30:00,1,0.0,0.5747272878744184,,compressed
2010-07-09,12:30:00,12:30:00,1,3.198438255666098,12:30:00,1,0.0,0.6153030846686351,,compressed
2016-10-26,11:26:00,11:28:00,3,3.197781911409638,11:27:00,2,1.0,2.4273290868445625,,dispersed
2008-03-14,13:30:00,13:33:00,4,3.1969411068498848,13:33:00,1,0.0,1.3839122919505222,,mixed
2020-09-09,11:43:00,11:43:00,1,3.19546263170847,11:43:00,2,1.0,0.7494545477421983,,mixed
2012-10-17,14:00:00,14:04:00,2,3.1953543799472435,14:00:00,2,1.0,0.9199395653287317,,mixed
2011-12-07,15:18:00,15:19:00,2,3.1949648899349565,15:18:00,2,1.0,1.6215499110214888,,dispersed
2011-12-16,11:19:00,11:19:00,1,3.1946952884551636,11:19:00,1,0.0,0.7298064041177826,,mixed
2009-04-24,14:00:00,14:00:00,1,3.1944992083101718,14:00:00,2,1.0,0.7066732446776467,,mixed
2014-12-16,13:07:00,13:08:00,2,3.193927485963154,13:07:00,2,1.0,1.18332595062959,,mixed
2013-06-26,13:02:00,13:03:00,2,3.1936374660374187,13:02:00,1,0.0,0.43983460846167,,compressed
2016-03-24,14:35:00,14:35:00,1,3.1933827786354594,14:35:00,1,0.0,0.6919974605394495,,mixed
2011-09-13,11:50:00,11:50:00,1,3.192915770983203,11:50:00,1,0.0,1.1483935310082547,,mixed
2009-01-12,13:01:00,13:01:00,1,3.1923431191248914,13:01:00,1,0.0,0.6457319146173982,,compressed
2019-11-06,12:19:00,12:22:00,4,3.1923294898658177,12:22:00,2,1.0,2.2632633383814587,,dispersed
2009-11-16,12:32:00,12:33:00,2,3.191200841063123,12:33:00,2,1.0,1.2011531196513365,,mixed
2014-06-04,13:54:00,13:55:00,2,3.1909870579067494,13:55:00,1,0.0,0.5132720010700993,,compressed
2015-04-07,14:02:00,14:04:00,3,3.190672907675944,14:03:00,2,0.6666666666666666,0.6788755169007327,,mixed
2019-10-08,12:45:00,12:47:00,3,3.190461402664493,12:45:00,2,1.0,1.3523442993816537,,mixed
2009-10-29,15:45:00,15:45:00,1,3.190115438452006,15:45:00,1,0.0,0.8154810278608416,,mixed
2017-11-10,15:28:00,15:29:00,2,3.189501538986619,15:28:00,1,0.0,0.8254945918998197,,mixed
2009-03-31,12:39:00,12:39:00,1,3.1888477313823533,12:39:00,1,0.0,0.5595475569303252,,compressed
2016-07-22,15:09:00,15:11:00,3,3.1876444391022747,15:10:00,1,0.0,0.7043401854871854,,mixed
2010-10-08,13:05:00,13:06:00,2,3.1869700763425004,13:06:00,2,1.0,0.6948629003953405,,mixed
2012-11-09,12:37:00,12:37:00,1,3.186616188393329,12:37:00,3,1.0,1.241737430117766,,mixed
2011-05-18,13:30:00,13:33:00,4,3.1865765396235277,13:31:00,1,0.0,0.5785641270235858,,compressed
2014-03-05,10:51:00,10:56:00,5,3.1855815139350536,10:56:00,2,1.0,1.505653691871815,,dispersed
2018-10-24,15:33:00,15:33:00,1,3.185264323836162,15:33:00,1,0.0,1.186828556803371,,mixed
2017-05-01,13:49:00,13:50:00,2,3.184782098917438,13:50:00,2,1.0,1.5105902990556053,,dispersed
2016-02-23,13:54:00,13:54:00,1,3.1846466769827133,13:54:00,1,0.0,0.8813331616472759,,mixed
2011-03-09,14:10:00,14:11:00,2,3.1832446437109163,14:11:00,1,0.0,0.8323048223437585,,mixed
2020-05-08,15:08:00,15:12:00,3,3.1827487749011136,15:12:00,3,1.0,0.6749811066223049,,mixed
2017-03-06,15:05:00,15:07:00,3,3.1812549325079105,15:05:00,1,0.0,0.6067532697312255,,compressed
2012-08-09,14:15:00,14:21:00,6,3.180752914819472,14:16:00,1,0.0,0.6088657266905597,,compressed
2016-09-12,13:34:00,13:34:00,1,3.180052153368035,13:34:00,2,1.0,2.640647515938442,,dispersed
2017-08-24,13:28:00,13:29:00,2,3.179309710436759,13:28:00,2,1.0,1.0315933033711626,,mixed
2010-03-02,11:09:00,11:10:00,2,3.1789216181456954,11:10:00,1,0.0,1.0157051616122164,,mixed
2009-07-24,12:08:00,12:08:00,1,3.1771925702036916,12:08:00,1,0.0,0.8908434126828254,,mixed
2014-06-27,13:24:00,13:24:00,1,3.176804304891502,13:24:00,2,1.0,0.8544019116332031,,mixed
2016-08-15,13:39:00,13:43:00,5,3.176729232017993,13:43:00,1,0.0,0.623165308179474,,compressed
2011-09-22,15:02:00,15:06:00,5,3.176408388390244,15:04:00,2,1.0,2.496098095840347,,dispersed
2019-02-22,14:12:00,14:12:00,1,3.17314177496747,14:12:00,2,1.0,0.6521999479265934,,compressed
2020-07-29,13:35:00,13:35:00,1,3.172947405359667,13:35:00,1,0.0,0.4991132489660021,,compressed
2014-11-26,15:19:00,15:23:00,4,3.1728526097629435,15:20:00,1,0.0,0.5976879567975875,,compressed
2019-03-15,12:48:00,12:48:00,1,3.1727322468233066,12:48:00,2,1.0,1.2509331678447484,,mixed
2020-01-13,14:37:00,14:43:00,7,3.1726376071457474,14:42:00,1,0.0,0.6576909066776596,,compressed
2012-07-16,12:58:00,12:59:00,2,3.1722416462689482,12:59:00,2,1.0,0.7207549251834362,,mixed
2018-02-20,13:43:00,13:43:00,1,3.172206763289034,13:43:00,2,1.0,0.7820137966949053,,mixed
2012-05-15,11:01:00,11:04:00,4,3.1718049842068066,11:03:00,2,0.5,1.296680649673378,,mixed
2020-08-18,12:50:00,12:53:00,3,3.1708591832655215,12:50:00,1,0.0,0.5917632947597253,,compressed
2016-06-06,12:50:00,12:50:00,1,3.1697446311674726,12:50:00,2,1.0,1.33945356544386,,mixed
2016-03-15,13:57:00,13:57:00,1,3.1681659039697365,13:57:00,1,0.0,0.5965817986997008,,compressed
2021-02-23,15:10:00,15:11:00,2,3.168137449971541,15:10:00,1,0.0,1.5019472595958576,,dispersed
2020-09-29,11:50:00,11:50:00,1,3.1677853072430793,11:50:00,2,1.0,0.94934331121952,,mixed
2010-10-08,13:13:00,13:13:00,1,3.167346379144908,13:13:00,2,1.0,0.7051730500664608,,mixed
2010-09-10,15:42:00,15:42:00,1,3.1651177930449075,15:42:00,1,0.0,0.7036045746209494,,mixed
2018-04-12,13:16:00,13:17:00,2,3.1645131908613493,13:17:00,2,1.0,0.7874228476897267,,mixed
2009-11-23,12:15:00,12:15:00,1,3.164013793828315,12:15:00,3,1.0,0.7814632266773462,,mixed
2018-07-09,13:52:00,14:07:00,10,3.163871881297507,13:54:00,2,1.0,0.5896627961681008,,compressed
2018-12-13,14:17:00,14:17:00,1,3.163699078984748,14:17:00,2,1.0,0.7179449527429423,,mixed
2020-03-23,15:51:00,15:52:00,2,3.163547761419285,15:51:00,2,1.0,0.9770971536373185,COVID bottom (Fed unlimited QE),mixed
2016-07-19,14:12:00,14:12:00,1,3.162329531748908,14:12:00,1,0.0,0.700956356732013,,mixed
2008-06-26,11:55:00,11:55:00,1,3.1622020419818604,11:55:00,3,1.0,1.0635444930985165,,mixed
2010-07-22,13:20:00,13:20:00,1,3.1620502031320825,13:20:00,2,1.0,0.7001039690018629,,mixed
2015-05-06,14:27:00,14:31:00,2,3.1620216521595874,14:31:00,1,0.0,1.1338291618943697,,mixed
2017-07-10,13:31:00,13:34:00,3,3.160157329673824,13:31:00,1,0.0,0.5522037465097236,,compressed
2016-07-05,14:10:00,14:10:00,1,3.158948655244331,14:10:00,1,0.0,0.7462207418424623,,mixed
2020-04-02,12:07:00,12:09:00,3,3.157749092414381,12:07:00,1,0.0,1.1417317862975207,,mixed
2012-03-09,12:16:00,12:23:00,7,3.1573043255426616,12:17:00,1,0.14285714285714285,0.6470916910818999,,compressed
2009-11-04,12:02:00,12:02:00,1,3.1572870812289944,12:02:00,1,0.0,0.5490078776301595,,compressed
2013-10-16,14:14:00,14:14:00,1,3.1571982513450987,14:14:00,2,1.0,0.6052064582106292,,compressed
2010-08-04,15:49:00,15:50:00,2,3.156309994546736,15:49:00,1,0.0,0.7673337378875816,,mixed
2013-03-15,13:56:00,14:07:00,10,3.1549048646318427,13:58:00,1,0.0,0.6635401456415997,,compressed
2015-11-30,14:25:00,14:27:00,3,3.154319505713566,14:26:00,1,0.0,0.7769007441735979,,mixed
2008-07-28,15:28:00,15:29:00,2,3.153030892904307,15:28:00,1,0.5,1.1200639437513331,,mixed
2018-07-06,14:18:00,14:24:00,3,3.153029728283504,14:18:00,2,1.0,0.6166022670508562,,compressed
2017-05-22,13:25:00,13:31:00,5,3.1526210796116225,13:25:00,1,0.0,0.4767929561681591,,compressed
2011-12-30,13:15:00,13:16:00,2,3.1518019177633545,13:15:00,3,1.0,0.5203005520258775,,compressed
2017-03-15,12:20:00,12:22:00,3,3.1513725003603743,12:20:00,1,0.0,0.5878176474321141,,compressed
2019-09-17,14:00:00,14:00:00,1,3.1511752876542602,14:00:00,3,1.0,0.6219620521130776,,compressed
2008-03-05,12:08:00,12:08:00,1,3.150844764644835,12:08:00,2,1.0,1.511812766076738,,dispersed
2020-08-14,13:54:00,13:54:00,1,3.1505434438356197,13:54:00,1,0.0,0.5561504102402357,,compressed
2019-10-22,13:39:00,13:39:00,1,3.1472591004520587,13:39:00,1,0.0,0.7030669369413982,,mixed
2018-03-21,13:29:00,13:29:00,1,3.146151647193277,13:29:00,1,0.0,0.5642820325382053,,compressed
2015-11-20,12:53:00,12:54:00,2,3.1450249892019664,12:53:00,1,0.0,0.611568990881918,,compressed
2013-02-28,15:24:00,15:24:00,1,3.1449202930684113,15:24:00,1,0.0,0.7271185790324952,,mixed
2018-03-12,13:44:00,13:44:00,1,3.144648043813521,13:44:00,1,0.0,0.6387924182907524,,compressed
2008-05-16,13:56:00,13:56:00,1,3.1436366673856,13:56:00,2,1.0,0.9429357952523304,,mixed
2008-10-30,11:26:00,11:26:00,1,3.1432371726968498,11:26:00,2,1.0,0.8577366240544902,,mixed
2014-02-21,13:11:00,13:11:00,1,3.1414234170581596,13:11:00,1,0.0,0.9269190107505386,,mixed
2014-11-10,14:47:00,14:50:00,4,3.1411489298797526,14:50:00,1,0.0,0.5224204868846686,,compressed
2010-08-20,13:00:00,13:03:00,4,3.140862083824846,13:01:00,1,0.0,0.8294429558910333,,mixed
2017-10-13,15:21:00,15:28:00,7,3.1404292558035323,15:22:00,1,0.0,0.6860414489370874,,mixed
2008-12-18,15:03:00,15:05:00,2,3.139466691567252,15:03:00,1,0.5,0.9881689822337723,,mixed
2016-12-23,15:03:00,15:13:00,7,3.139353796988914,15:12:00,2,0.2857142857142857,0.5040783144994782,,compressed
2016-07-12,12:42:00,12:42:00,1,3.1388098546736156,12:42:00,1,0.0,0.4375457422506471,,compressed
2012-08-29,14:52:00,14:53:00,2,3.136312614007363,14:52:00,3,1.0,0.5830382768029077,,compressed
2019-06-18,11:47:00,11:47:00,1,3.1354887116042183,11:47:00,2,1.0,1.5557170051106173,,dispersed
2018-09-28,13:03:00,13:03:00,1,3.135205864871808,13:03:00,2,1.0,1.3040676338827908,,mixed
2018-09-12,11:50:00,11:51:00,2,3.132926982432165,11:50:00,2,1.0,1.8824620730609969,,dispersed
2013-11-22,13:25:00,13:27:00,3,3.1319631325931754,13:27:00,3,1.0,0.5900209142938133,,compressed
2014-08-21,14:15:00,14:15:00,1,3.1301239006816837,14:15:00,1,0.0,0.5871833977501123,,compressed
2014-11-07,14:36:00,14:36:00,1,3.127730978518184,14:36:00,1,0.0,0.5995654743576101,,compressed
2016-11-21,14:06:00,14:07:00,2,3.1276685956354986,14:06:00,1,0.0,0.5568000389248807,,compressed
2009-01-29,13:28:00,13:29:00,2,3.1275403104541923,13:28:00,1,0.0,0.6480397568741948,,compressed
2016-02-24,11:29:00,11:30:00,2,3.1274872117970327,11:29:00,2,1.0,1.9818592321302144,,dispersed
2013-10-24,12:44:00,12:45:00,2,3.126912307364206,12:44:00,1,0.0,0.8960923540528244,,mixed
2020-03-25,15:50:00,15:53:00,4,3.1264552869045312,15:53:00,2,1.0,1.1831223420074053,,mixed
2015-08-31,15:59:00,15:59:00,1,3.125234975304149,15:59:00,1,0.0,1.0369043926942172,,mixed
2011-03-15,14:24:00,14:24:00,1,3.1252006204294505,14:24:00,2,1.0,1.7394026822467046,,dispersed
2015-06-15,11:41:00,11:42:00,2,3.125177162241067,11:41:00,2,1.0,2.120761408603795,,dispersed
2014-02-14,13:32:00,13:33:00,2,3.1248539609636707,13:33:00,2,0.5,0.7222594103139207,,mixed
2009-04-03,10:59:00,10:59:00,1,3.1245055127945527,10:59:00,2,1.0,1.1396273762403035,,mixed
2019-07-19,15:13:00,15:15:00,3,3.1244786428454816,15:13:00,1,0.0,1.9211679581107675,,dispersed
2012-11-30,12:00:00,12:01:00,2,3.1239060737834863,12:01:00,1,0.0,1.0321458232254583,,mixed
2017-06-20,13:23:00,13:23:00,1,3.1234028955935162,13:23:00,1,0.0,0.861003938912096,,mixed
2010-09-10,15:27:00,15:27:00,1,3.1232978397249913,15:27:00,1,0.0,0.7434168984357657,,mixed
2012-12-11,11:00:00,11:00:00,1,3.1231038583906705,11:00:00,1,0.0,0.8678977738891335,,mixed
2012-12-03,15:09:00,15:13:00,5,3.122538193779074,15:09:00,2,1.0,1.0246196411644986,,mixed
2014-12-26,14:00:00,14:00:00,1,3.1220830036623566,14:00:00,1,0.0,0.5356942226095233,,compressed
2008-10-14,13:58:00,13:58:00,1,3.1220070722922806,13:58:00,1,0.0,0.594874758732921,,compressed
2020-02-27,14:12:00,14:12:00,1,3.1218632208221053,14:12:00,2,1.0,1.9313363719858805,COVID -4.4% day,dispersed
2011-05-24,13:34:00,13:34:00,1,3.1216360358574655,13:34:00,1,0.0,0.7620986737836594,,mixed
2019-06-18,11:37:00,11:38:00,2,3.121584132294659,11:37:00,2,1.0,1.5515176191855686,,dispersed
2018-08-09,12:34:00,12:39:00,4,3.121477931947305,12:35:00,1,0.0,1.100308185902278,,mixed
2018-05-21,15:17:00,15:24:00,8,3.119569977219689,15:17:00,2,1.0,1.05457543766044,,mixed
2012-09-10,13:31:00,13:39:00,9,3.1195492567602816,13:31:00,1,0.0,0.47511647802653995,,compressed
2009-06-30,14:33:00,14:33:00,1,3.118371301249344,14:33:00,1,0.0,0.8471577315255562,,mixed
2019-05-03,15:03:00,15:03:00,1,3.1166330612294084,15:03:00,1,0.0,0.6477415806950803,,compressed
2011-05-23,13:11:00,13:12:00,2,3.1165564015399236,13:11:00,2,1.0,0.9429046699367986,,mixed
2019-04-23,14:06:00,14:16:00,9,3.116354550891826,14:13:00,1,0.0,0.5998310754401537,,compressed
2015-09-08,14:07:00,14:08:00,2,3.115631340325026,14:07:00,1,0.0,0.5854104100989057,,compressed
2009-11-23,12:24:00,12:27:00,4,3.115381109665372,12:24:00,2,1.0,0.7254422490184296,,mixed
2014-05-05,13:59:00,13:59:00,1,3.115072565690448,13:59:00,1,0.0,0.5916797673383727,,compressed
2010-02-11,12:36:00,12:37:00,2,3.114540859252072,12:36:00,2,1.0,0.8533434336685198,,mixed
2011-10-04,10:49:00,10:50:00,2,3.11394529489258,10:49:00,2,1.0,1.9565431367230115,final-hour melt-up (+4% in 45 min),dispersed
2012-11-19,12:39:00,12:39:00,1,3.1136699859153945,12:39:00,2,1.0,0.5677970712251575,,compressed
2015-07-14,14:03:00,14:07:00,3,3.112518568695512,14:07:00,1,0.0,0.36820817069780526,,compressed
2017-05-01,13:15:00,13:32:00,14,3.112382176036436,13:15:00,2,1.0,1.5287188168646655,,dispersed
2012-08-07,13:41:00,13:44:00,4,3.1116238290391376,13:44:00,1,0.0,0.533297303198209,,compressed
2019-10-21,13:37:00,13:37:00,1,3.111341989150146,13:37:00,1,0.0,0.6305982668096806,,compressed
2013-01-11,12:58:00,12:58:00,1,3.111131118956133,12:58:00,1,0.0,0.7200154864932685,,mixed
2008-09-29,12:23:00,12:24:00,2,3.1090773317048797,12:23:00,2,1.0,1.0480630979549257,TARP vote fails in House (-8.8% day),mixed
2011-11-28,13:51:00,13:51:00,1,3.108551369743808,13:51:00,1,0.0,0.5903653535727532,,compressed
2017-12-19,15:05:00,15:05:00,1,3.1078769477929185,15:05:00,1,0.0,0.9370980218376644,,mixed
2011-12-20,10:37:00,10:37:00,1,3.1074612043955008,10:37:00,2,1.0,1.3202510317111538,,mixed
2011-06-16,10:47:00,10:51:00,2,3.107246431400875,10:47:00,2,1.0,2.306903141767623,,dispersed
2020-09-21,12:50:00,12:52:00,3,3.1070989402289166,12:50:00,1,0.0,1.1035651457594247,,mixed
2014-04-21,13:33:00,13:33:00,1,3.10704171898755,13:33:00,1,0.0,0.427492329292412,,compressed
2008-09-03,14:18:00,14:19:00,2,3.1069485713715093,14:18:00,2,1.0,1.4841609463123429,,mixed
2014-02-12,14:30:00,14:30:00,1,3.106177425203513,14:30:00,2,1.0,0.9519852221461824,,mixed
2010-09-10,11:05:00,11:05:00,1,3.105997186735752,11:05:00,1,0.0,0.9769646025399669,,mixed
2011-05-27,14:35:00,14:37:00,3,3.1051824388852918,14:37:00,1,0.0,0.46691092464527756,,compressed
2021-04-15,12:54:00,12:55:00,2,3.1044207804836996,12:54:00,1,0.0,0.7217976240536386,,mixed
2019-03-07,12:34:00,12:44:00,11,3.1043245182940464,12:40:00,2,1.0,1.4417994931203406,,mixed
2014-11-07,14:05:00,14:05:00,1,3.1039287081513542,14:05:00,1,0.0,0.4847821671950999,,compressed
2014-03-18,10:42:00,10:42:00,1,3.1033750840577734,10:42:00,1,0.0,1.0632291469992676,,mixed
2008-01-30,12:50:00,12:50:00,1,3.1030284173057106,12:50:00,2,1.0,0.4425760363767788,,compressed
2016-05-05,13:45:00,13:46:00,2,3.101767399761446,13:45:00,1,0.0,0.7892059976920848,,mixed
2020-02-10,15:13:00,15:13:00,1,3.1015524817639935,15:13:00,1,0.0,0.6049225511675449,,compressed
2021-02-02,15:37:00,15:38:00,2,3.101372948338844,15:37:00,1,0.0,0.5155132462454652,,compressed
2012-01-20,13:05:00,13:05:00,1,3.101012976087341,13:05:00,2,1.0,0.6302113534405597,,compressed
2018-08-02,15:50:00,15:52:00,3,3.0996759263465954,15:51:00,2,1.0,0.7986211611013647,,mixed
2008-10-22,13:21:00,13:21:00,1,3.0995261418537017,13:21:00,1,0.0,0.7117922282333555,,mixed
2011-03-23,12:48:00,12:49:00,2,3.0992536478646793,12:49:00,2,1.0,0.8839159946940456,,mixed
2018-10-02,13:46:00,13:46:00,1,3.098366405298062,13:46:00,1,0.0,0.7472930747114139,,mixed
2012-02-01,12:07:00,12:08:00,2,3.0975251123472356,12:08:00,1,0.0,0.8546343300868202,,mixed
2009-08-21,13:37:00,13:38:00,2,3.0964822723801295,13:37:00,2,0.5,0.6304253965568442,,compressed
2019-04-09,13:00:00,13:00:00,1,3.0961138813686837,13:00:00,2,1.0,0.9904508363690687,,mixed
2009-04-07,15:51:00,15:51:00,1,3.0961017535633837,15:51:00,2,1.0,1.239722400361832,,mixed
2016-10-12,13:56:00,13:56:00,1,3.0960923772731554,13:56:00,1,0.0,0.7983404890973215,,mixed
2018-09-28,13:27:00,13:30:00,2,3.096079298882701,13:27:00,2,1.0,1.2807797154470548,,mixed
2013-10-21,12:52:00,12:53:00,2,3.0960299912334635,12:53:00,3,1.0,0.7519281516732484,,mixed
2017-01-26,11:51:00,11:51:00,1,3.0959886984960545,11:51:00,1,0.0,1.1205173836318882,,mixed
2015-07-13,11:41:00,11:41:00,1,3.095360509600397,11:41:00,1,0.0,0.59730020739468,,compressed
2015-09-11,11:27:00,11:27:00,1,3.0942700878480505,11:27:00,1,0.0,0.9726321357427476,,mixed
2008-05-01,13:17:00,13:17:00,1,3.094154478295412,13:17:00,2,1.0,1.2374089557936367,,mixed
2016-08-17,14:01:00,14:01:00,1,3.094021466963445,14:01:00,3,1.0,2.151654292014306,,dispersed
2015-12-15,15:42:00,15:43:00,2,3.0938526361371674,15:43:00,1,0.0,0.6909228718708779,,mixed
2018-03-12,13:53:00,13:53:00,1,3.0933670356202985,13:53:00,1,0.0,0.7007980797518713,,mixed
2009-11-25,14:08:00,14:08:00,1,3.092399673092407,14:08:00,1,0.0,0.554383766789461,,compressed
2015-02-20,13:06:00,13:06:00,1,3.0911084707499175,13:06:00,2,1.0,2.1114148233621903,,dispersed
2012-11-16,13:52:00,13:55:00,4,3.090955781527379,13:52:00,1,0.0,0.8933451889077276,,mixed
2014-10-17,12:03:00,12:03:00,1,3.0900928898971878,12:03:00,2,1.0,0.561210749788891,,compressed
2009-05-15,13:36:00,13:36:00,1,3.0899144305132773,13:36:00,1,0.0,0.9208580922208724,,mixed
2016-11-21,13:41:00,13:41:00,1,3.0888523741770895,13:41:00,1,0.0,0.6281920702859267,,compressed
2013-09-27,14:00:00,14:00:00,1,3.08876898657167,14:00:00,1,0.0,0.49593178578757263,,compressed
2017-04-26,11:49:00,11:51:00,3,3.0873501855684213,11:50:00,2,1.0,1.7226281447030616,,dispersed
2017-09-28,14:31:00,14:36:00,3,3.087092032246584,14:31:00,1,0.0,0.5061790515229838,,compressed
2021-02-08,12:06:00,12:20:00,7,3.086729809804342,12:06:00,2,1.0,1.037720007942195,,mixed
2009-05-08,12:39:00,12:39:00,1,3.086461943009654,12:39:00,3,1.0,0.9014066362169431,,mixed
2018-04-25,15:11:00,15:11:00,1,3.086347557757345,15:11:00,1,0.0,1.2702903420933822,,mixed
2009-02-19,12:39:00,12:42:00,3,3.086200648810748,12:41:00,2,1.0,0.9534108089648963,,mixed
2012-05-15,14:18:00,14:18:00,1,3.085658687604467,14:18:00,1,0.0,1.042923668371719,,mixed
2019-12-16,13:00:00,13:01:00,2,3.085403394702392,13:00:00,3,1.0,0.410255268805654,,compressed
2009-08-21,15:09:00,15:09:00,1,3.085309950585089,15:09:00,2,1.0,0.677247849397946,,mixed
2009-07-23,15:20:00,15:20:00,1,3.085272738378629,15:20:00,1,0.0,0.9546158481897409,,mixed
2008-08-25,12:14:00,12:14:00,1,3.0842760733416488,12:14:00,2,1.0,1.2283090817085172,,mixed
2010-04-05,13:54:00,13:54:00,1,3.0833068362720186,13:54:00,2,1.0,0.8820441808555874,,mixed
2016-01-08,15:30:00,15:30:00,1,3.081577403086995,15:30:00,1,0.0,1.116738692980224,,mixed
2020-03-30,11:43:00,11:43:00,1,3.0814242547675965,11:43:00,1,0.0,0.6761672115573726,,mixed
2019-07-12,12:04:00,12:04:00,1,3.0810111852663242,12:04:00,1,0.0,0.6449243684484599,,compressed
2011-12-21,12:54:00,12:57:00,2,3.081003896027414,12:54:00,2,1.0,1.1577428297928483,,mixed
2013-01-17,13:45:00,13:45:00,1,3.0796043411634537,13:45:00,1,0.0,0.6842633592042442,,mixed
2012-03-19,14:41:00,14:51:00,7,3.0793378384537453,14:41:00,1,0.0,0.5883961786885039,,compressed
2009-05-15,13:00:00,13:00:00,1,3.0792513692599406,13:00:00,1,0.0,0.7552840141866458,,mixed
2018-04-12,12:43:00,12:44:00,2,3.0786879271209306,12:44:00,2,1.0,0.6932115989509838,,mixed
2013-08-09,13:59:00,14:01:00,3,3.0783564498730653,13:59:00,1,0.0,1.0707044033014965,,mixed
2017-10-09,14:24:00,14:24:00,1,3.077832338611781,14:24:00,3,1.0,0.6249517037154191,,compressed
2014-10-13,15:11:00,15:12:00,2,3.077120754276124,15:11:00,1,0.0,0.794110551462057,,mixed
2017-11-21,12:38:00,12:39:00,2,3.0763810318094817,12:39:00,1,0.0,0.5836479283544869,,compressed
2020-02-13,15:15:00,15:15:00,1,3.075152512921159,15:15:00,2,1.0,1.5379740888166173,,dispersed
2018-11-13,11:58:00,11:58:00,1,3.0750996275636173,11:58:00,2,1.0,1.8140852734839867,,dispersed
2019-01-15,13:40:00,13:40:00,1,3.07381675505552,13:40:00,1,0.0,0.685474484786117,,mixed
2009-11-13,13:49:00,13:59:00,4,3.0737711939807313,13:59:00,1,0.0,0.4944929165545753,,compressed
2012-06-06,14:02:00,14:07:00,4,3.073075096791458,14:05:00,1,0.0,0.4895132048645001,,compressed
2008-11-18,15:07:00,15:08:00,2,3.072843876510982,15:08:00,1,0.0,1.0329767863796597,,mixed
2012-06-06,15:16:00,15:17:00,2,3.0721929218116797,15:16:00,1,0.0,0.6656140475103544,,compressed
2011-10-05,13:24:00,13:24:00,1,3.0716626723816747,13:24:00,1,0.0,0.7514313396937207,,mixed
2018-09-12,12:10:00,12:10:00,1,3.071596174390989,12:10:00,2,1.0,2.0634764549351043,,dispersed
2021-03-09,11:37:00,11:37:00,1,3.071568069998109,11:37:00,1,0.0,0.509224300298475,,compressed
2010-08-18,12:54:00,12:54:00,1,3.0711806645517,12:54:00,1,0.0,0.876073648736985,,mixed
2009-07-27,12:45:00,12:45:00,1,3.071173710351057,12:45:00,1,0.0,0.7647354822831666,,mixed
2014-05-06,12:45:00,12:48:00,4,3.0697186387228492,12:47:00,1,0.0,0.6812671959746047,,mixed
2009-10-06,13:44:00,13:44:00,1,3.0689914231277307,13:44:00,1,0.0,1.0567536020767019,,mixed
2015-09-04,14:44:00,14:47:00,2,3.0686627191832567,14:44:00,1,0.0,0.7034826044991804,,mixed
2008-05-30,15:08:00,15:08:00,1,3.0683654181097877,15:08:00,1,0.0,0.6951346858635099,,mixed
2012-07-02,14:20:00,14:24:00,2,3.0678273466225354,14:24:00,2,1.0,0.8794658572319068,,mixed
2016-05-25,14:42:00,14:42:00,1,3.0668298638864995,14:42:00,1,0.0,0.8744170362062371,,mixed
2016-12-23,13:14:00,13:14:00,1,3.066388844327496,13:14:00,1,0.0,0.4914315734145162,,compressed
2010-10-08,13:55:00,13:55:00,1,3.0656936139411797,13:55:00,1,0.0,0.7219960904877871,,mixed
2021-01-26,10:48:00,10:49:00,2,3.065617140445569,10:48:00,2,1.0,2.130780356689441,,dispersed
2015-02-18,14:53:00,14:55:00,3,3.0655522409607228,14:53:00,2,1.0,1.5957204063212282,,dispersed
2017-01-20,12:06:00,12:07:00,2,3.065451031251922,12:07:00,2,1.0,1.4238451811244475,,mixed
2012-08-09,14:27:00,14:28:00,2,3.0654254500857103,14:27:00,1,0.0,0.6757389116115209,,mixed
2010-08-09,13:29:00,13:29:00,1,3.065027675895739,13:29:00,2,1.0,0.6764282535800177,,mixed
2019-12-16,13:22:00,13:24:00,3,3.0649066458580805,13:23:00,1,0.0,0.40082217380492074,,compressed
2016-10-20,10:37:00,10:37:00,1,3.063867348435845,10:37:00,2,1.0,1.8577173790534465,,dispersed
2011-11-07,14:24:00,14:26:00,3,3.063516045830341,14:24:00,2,1.0,1.1142849711070297,,mixed
2014-12-17,14:40:00,14:41:00,2,3.0632642125202643,14:40:00,2,1.0,2.1453253107295125,,dispersed
2008-03-18,13:50:00,13:51:00,2,3.063200816459142,13:50:00,1,0.0,0.43102867512989895,,compressed
2013-11-25,13:26:00,13:27:00,2,3.063156464325175,13:27:00,2,1.0,0.5509075917008458,,compressed
2018-04-30,15:43:00,15:43:00,1,3.062384843090039,15:43:00,1,0.0,0.9361468737202727,,mixed
2016-01-22,12:47:00,12:47:00,1,3.0621779489132246,12:47:00,1,0.0,0.7506322163326625,,mixed
2010-11-24,14:21:00,14:22:00,2,3.0614691719926976,14:21:00,1,0.0,0.6148160919860349,,compressed
2008-04-15,13:32:00,13:32:00,1,3.0610153852123476,13:32:00,1,0.0,0.6627101447967838,,compressed
2011-08-08,15:35:00,15:35:00,1,3.0592848150868335,15:35:00,1,0.0,1.7927487586207227,S&P downgrade aftermath (-6.7%),dispersed
2018-05-07,12:00:00,12:00:00,1,3.059063538016406,12:00:00,2,1.0,0.8148099605953542,,mixed
2019-07-10,14:11:00,14:12:00,2,3.0586805319956802,14:11:00,2,1.0,1.1401688576221376,,mixed
2009-10-12,13:58:00,14:00:00,2,3.0579018138271943,14:00:00,1,0.5,0.39700468513591763,,compressed
2015-06-15,11:48:00,11:48:00,1,3.0574613120855942,11:48:00,2,1.0,2.081377720166589,,dispersed
2018-12-18,15:55:00,15:55:00,1,3.05698957978473,15:55:00,1,0.0,1.4710925465011697,,mixed
2016-10-13,13:32:00,13:32:00,1,3.0562678412121835,13:32:00,2,1.0,1.0466859795083991,,mixed
2017-09-01,15:59:00,15:59:00,1,3.0553433417143054,15:59:00,2,1.0,0.7491255986553754,,mixed
2014-09-17,13:42:00,13:43:00,2,3.0548752971539295,13:43:00,2,1.0,0.682455952327345,,mixed
2014-10-21,14:43:00,14:44:00,2,3.0544506612810216,14:44:00,1,0.0,0.3688760365442884,,compressed
2021-01-05,14:47:00,14:48:00,2,3.054412635690091,14:47:00,2,1.0,1.386503989040918,,mixed
2013-03-14,15:31:00,15:31:00,1,3.0538390774199846,15:31:00,3,1.0,0.6431603671767353,,compressed
2009-02-20,13:10:00,13:10:00,1,3.053605986439322,13:10:00,1,0.0,0.9167648512185558,,mixed
2020-11-17,13:12:00,13:12:00,1,3.053411985973407,13:12:00,2,1.0,0.9663932025645446,,mixed
2014-05-23,12:58:00,12:58:00,1,3.0528727220450915,12:58:00,3,1.0,0.5055096861604053,,compressed
2012-06-07,15:02:00,15:02:00,1,3.0526933872694126,15:02:00,1,0.0,0.561772219140869,,compressed
2011-03-23,14:44:00,14:47:00,4,3.052281329323038,14:44:00,1,0.0,0.6703696542056073,,mixed
2009-11-13,13:12:00,13:15:00,2,3.0518206436966087,13:12:00,2,0.5,0.775977249275574,,mixed
2020-05-11,15:53:00,15:53:00,1,3.0515557560567683,15:53:00,2,1.0,1.0257516081825513,,mixed
2015-04-13,14:08:00,14:08:00,1,3.051197497139539,14:08:00,2,1.0,1.0583033693275599,,mixed
2012-02-17,14:08:00,14:09:00,2,3.05088488130931,14:08:00,1,0.0,0.45511675177879696,,compressed
2008-09-10,10:47:00,10:48:00,2,3.05058697194533,10:47:00,3,1.0,1.2649438852753025,,mixed
2017-09-01,12:53:00,12:53:00,1,3.0501710071030628,12:53:00,1,0.0,0.5422630466464488,,compressed
2009-01-28,14:00:00,14:00:00,1,3.048471324688665,14:00:00,2,1.0,0.5168562417086903,,compressed
2021-03-31,11:27:00,11:27:00,1,3.0480261877208066,11:27:00,2,1.0,0.6360297187757477,,compressed
2020-08-11,15:19:00,15:19:00,1,3.0477106994266996,15:19:00,2,1.0,2.4306091302290054,,dispersed
2008-09-03,14:06:00,14:06:00,1,3.0472315519470237,14:06:00,2,1.0,1.3496941285678115,,mixed
2020-02-10,14:58:00,14:58:00,1,3.047200915432283,14:58:00,1,0.0,0.5851690898602815,,compressed
2011-04-21,12:42:00,12:42:00,1,3.047174360281887,12:42:00,1,0.0,0.6107165067901892,,compressed
2018-06-01,12:40:00,12:40:00,1,3.046986889995338,12:40:00,1,0.0,0.6127373737216163,,compressed
2010-02-18,13:11:00,13:11:00,1,3.046982657776333,13:11:00,1,0.0,0.5236618060779569,,compressed
2017-08-30,15:43:00,15:43:00,1,3.0453340389520887,15:43:00,2,1.0,1.1943718736801665,,mixed
2009-06-02,13:12:00,13:12:00,1,3.0449380233846073,13:12:00,2,1.0,0.6574749423522147,,compressed
2010-07-01,14:40:00,14:40:00,1,3.0439546225953764,14:40:00,2,1.0,1.3972484167551598,,mixed
2012-11-05,11:28:00,11:28:00,1,3.0437727907432013,11:28:00,1,0.0,0.8624235192275519,,mixed
2011-01-13,12:31:00,12:31:00,1,3.04370895245052,12:31:00,3,1.0,0.5764439847712034,,compressed
2013-07-08,14:24:00,14:24:00,1,3.043275220007864,14:24:00,1,0.0,0.6711225871174644,,mixed
2013-10-01,12:53:00,12:56:00,2,3.0421429976758882,12:56:00,2,1.0,0.8707898853828706,,mixed
2008-05-13,13:44:00,13:44:00,1,3.0412064178355465,13:44:00,1,0.0,0.9400040382957388,,mixed
2011-07-13,15:04:00,15:04:00,1,3.0408433265263737,15:04:00,1,0.0,1.182529072897247,,mixed
2012-10-11,12:57:00,12:58:00,2,3.040835615014571,12:57:00,1,0.0,0.8907267269121385,,mixed
2014-04-23,11:54:00,11:54:00,1,3.040279403917561,11:54:00,1,0.0,0.9534514995059369,,mixed
2019-02-28,13:04:00,13:08:00,5,3.040219999748551,13:04:00,1,0.0,0.7177772325962494,,mixed
2021-04-13,14:01:00,14:04:00,2,3.0401006661016696,14:01:00,1,0.0,0.8135500642373921,,mixed
2011-10-14,15:07:00,15:07:00,1,3.038965139312184,15:07:00,1,0.0,0.6458998750808015,,compressed
2019-03-05,14:41:00,14:41:00,1,3.0387138524646846,14:41:00,1,0.0,0.7487164291230624,,mixed
2012-12-10,10:46:00,10:46:00,1,3.0384869414588564,10:46:00,2,1.0,1.2085374581420427,,mixed
2017-11-02,13:00:00,13:00:00,1,3.038293101104683,13:00:00,1,0.0,1.0546873317477579,,mixed
2010-10-29,12:46:00,12:46:00,1,3.0376546054179396,12:46:00,1,0.0,0.9455051723808645,,mixed
2019-05-07,11:35:00,11:35:00,1,3.0367815452196143,11:35:00,3,1.0,2.6316312477706716,,dispersed
2012-04-24,13:59:00,13:59:00,1,3.0362261462968414,13:59:00,2,1.0,0.8711184546864924,,mixed
2010-04-28,14:18:00,14:18:00,1,3.0360455472153047,14:18:00,2,1.0,1.19863434037581,,mixed
2017-06-07,12:55:00,12:55:00,1,3.03512772802689,12:55:00,2,1.0,1.4976592224113794,,mixed
2018-05-14,13:33:00,13:33:00,1,3.033806578563753,13:33:00,1,0.0,1.0239908423510329,,mixed
2013-09-13,14:39:00,14:39:00,1,3.0337651385206788,14:39:00,2,1.0,0.701775497987261,,mixed
2008-11-26,12:50:00,12:52:00,2,3.0335528764046535,12:52:00,1,0.0,0.5404209406750992,,compressed
2014-10-16,11:19:00,11:19:00,1,3.033325433356882,11:19:00,2,1.0,2.1637954554933527,,dispersed
2014-02-07,12:48:00,12:48:00,1,3.033278959031775,12:48:00,1,0.0,0.5994550086975349,,compressed
2016-08-15,15:02:00,15:04:00,3,3.0332541185978004,15:03:00,1,0.0,0.5184356387959846,,compressed
2019-05-29,13:09:00,13:09:00,1,3.033223038928288,13:09:00,2,1.0,1.4798347422971971,,mixed
2019-01-09,14:07:00,14:07:00,1,3.0329001051733617,14:07:00,2,1.0,0.7303266852848947,,mixed
2013-07-09,14:08:00,14:09:00,2,3.031925003000267,14:08:00,1,0.0,0.6909642875020912,,mixed
2011-07-01,15:21:00,15:21:00,1,3.0314280942588123,15:21:00,1,0.0,0.8513087415601286,,mixed
2014-04-17,14:35:00,14:37:00,2,3.031031213570053,14:35:00,1,0.0,0.5154092789331343,,compressed
2019-10-29,12:19:00,12:19:00,1,3.030581418010503,12:19:00,2,1.0,2.104512283488901,,dispersed
2011-08-15,12:54:00,12:54:00,1,3.0298468291584326,12:54:00,1,0.0,0.36657036792667097,,compressed
2016-02-12,12:42:00,12:42:00,1,3.029584595391418,12:42:00,1,0.0,0.5812154844111981,,compressed
2015-10-09,12:02:00,12:02:00,1,3.029408884453234,12:02:00,1,0.0,0.7869301272101965,,mixed
2010-07-28,13:03:00,13:03:00,1,3.0291084298896376,13:03:00,1,0.0,0.6429443428229997,,compressed
2019-09-12,11:18:00,11:18:00,1,3.0284445968250266,11:18:00,2,1.0,2.881689354104624,,dispersed
2020-09-09,11:50:00,11:50:00,1,3.0275881227915202,11:50:00,2,1.0,0.7322810459471819,,mixed
2016-02-08,13:08:00,13:08:00,1,3.0271489926004347,13:08:00,1,0.0,0.8631538273637803,,mixed
2013-12-16,14:48:00,14:48:00,1,3.027036044272682,14:48:00,1,0.0,0.7366921144240464,,mixed
2010-08-19,10:53:00,10:54:00,2,3.0265408948413066,10:54:00,2,1.0,2.6226384056800978,,dispersed
2013-06-19,14:39:00,14:39:00,1,3.025622155712031,14:39:00,2,1.0,3.200417522198615,,dispersed
2010-05-13,15:21:00,15:22:00,2,3.0247499090560788,15:22:00,1,0.0,0.6700225206854377,,mixed
2016-06-20,13:14:00,13:14:00,1,3.024556152432515,13:14:00,2,1.0,0.9054204143739157,,mixed
2020-09-29,13:50:00,13:53:00,2,3.0244925496996,13:53:00,2,1.0,0.7109759148052363,,mixed
2011-02-17,14:58:00,14:58:00,1,3.0242562723820323,14:58:00,1,0.0,0.6178758600045039,,compressed
2015-07-14,15:00:00,15:00:00,1,3.0228528986281122,15:00:00,1,0.0,0.40338051631325245,,compressed
2017-08-22,12:30:00,12:30:00,1,3.0224271737105033,12:30:00,2,1.0,0.730593074977504,,mixed
2018-01-05,14:24:00,14:24:00,1,3.022262826806086,14:24:00,3,1.0,0.5906427090231757,,compressed
2018-09-28,13:19:00,13:19:00,1,3.0221956965779686,13:19:00,2,1.0,1.2989588642045546,,mixed
2011-11-15,13:57:00,13:58:00,2,3.021851951210981,13:57:00,1,0.0,0.8340676724135178,,mixed
2020-02-27,14:06:00,14:06:00,1,3.0198857067014413,14:06:00,2,1.0,1.9613482774174433,COVID -4.4% day,dispersed
2018-08-01,15:06:00,15:07:00,2,3.0198786612579367,15:06:00,2,1.0,1.1463830063352949,,mixed
2011-06-09,15:07:00,15:07:00,1,3.018433247600877,15:07:00,1,0.0,0.5094346009503828,,compressed
2011-06-16,14:12:00,14:13:00,2,3.0183544292218913,14:12:00,1,0.0,1.2666746447744361,,mixed
2009-04-08,13:29:00,13:29:00,1,3.0174456689276528,13:29:00,3,1.0,0.8295215544707645,,mixed
2020-04-02,12:20:00,12:20:00,1,3.0168630365338314,12:20:00,1,0.0,1.120667190767976,,mixed
2010-03-01,12:49:00,12:49:00,1,3.0153447226565704,12:49:00,1,0.0,0.5636205470701965,,compressed
2011-09-15,12:33:00,12:33:00,1,3.0149624784769196,12:33:00,2,1.0,0.6684026402106773,,compressed
2020-04-22,13:44:00,13:44:00,1,3.014550671129271,13:44:00,1,0.0,0.47566074830980165,,compressed
2014-03-06,12:25:00,12:25:00,1,3.0141096929052904,12:25:00,1,0.0,0.6429141945788741,,compressed
2010-07-13,12:58:00,12:58:00,1,3.013861952366278,12:58:00,1,0.0,0.5262299902987926,,compressed
2017-07-19,15:26:00,15:26:00,1,3.0137868773133514,15:26:00,2,1.0,0.5970340363812116,,compressed
2015-08-10,13:41:00,13:41:00,1,3.013537149745991,13:41:00,1,0.0,0.4178367841793137,,compressed
2010-12-17,12:56:00,12:57:00,2,3.0121133583335085,12:56:00,1,0.0,0.6029370573359563,,compressed
2018-04-17,14:13:00,14:14:00,2,3.011969407591389,14:13:00,2,1.0,0.7516097113118746,,mixed
2009-01-23,14:39:00,14:39:00,1,3.0113401236122916,14:39:00,1,0.0,1.1235494946340991,,mixed
2019-09-27,11:36:00,11:36:00,1,3.0112515948911986,11:36:00,2,1.0,1.982048097781583,,dispersed
2019-08-20,14:51:00,14:51:00,1,3.011062852841347,14:51:00,3,1.0,1.0182690606637,,mixed
2020-01-13,12:43:00,12:43:00,1,3.0106243536276587,12:43:00,2,1.0,0.6533394288156485,,compressed
2016-10-26,11:16:00,11:18:00,2,3.0102797963454537,11:16:00,2,1.0,2.474924760463593,,dispersed
2010-12-17,12:49:00,12:49:00,1,3.0097901183639295,12:49:00,1,0.0,0.6220265911187718,,compressed
2017-04-20,10:31:00,10:31:00,1,3.009496495460845,10:31:00,2,1.0,1.3727516661801824,,mixed
2017-05-26,12:58:00,12:58:00,1,3.0093073268049535,12:58:00,1,0.0,0.5807668475963381,,compressed
2010-11-30,13:01:00,13:01:00,1,3.009243521298389,13:01:00,1,0.0,0.9451364631230046,,mixed
2012-02-17,15:18:00,15:18:00,1,3.008901717905146,15:18:00,1,0.0,0.4728318861285438,,compressed
2016-07-14,10:31:00,10:31:00,1,3.00844417909273,10:31:00,1,0.0,1.615480364171741,,dispersed
2013-12-27,15:58:00,15:58:00,1,3.008324123558653,15:58:00,1,0.0,0.7702254387532051,,mixed
2011-07-20,14:04:00,14:04:00,1,3.0082270731835057,14:04:00,1,0.0,0.4952350297069269,,compressed
2010-11-19,13:16:00,13:16:00,1,3.00819056750463,13:16:00,1,0.0,0.48096358629754754,,compressed
2008-02-20,14:10:00,14:11:00,2,3.007868576944284,14:10:00,2,1.0,2.2100472489539817,,dispersed
2012-12-11,11:41:00,11:41:00,1,3.0076470950536582,11:41:00,2,1.0,1.1456195509737668,,mixed
2011-02-01,14:46:00,14:46:00,1,3.0063313822977547,14:46:00,1,0.0,0.5128401236986384,,compressed
2013-10-18,15:44:00,15:44:00,1,3.006276154360048,15:44:00,1,0.0,0.7198483442518604,,mixed
2014-06-03,14:17:00,14:17:00,1,3.006196885426335,14:17:00,1,0.0,0.5947458556418657,,compressed
2012-01-20,13:22:00,13:22:00,1,3.006018737831167,13:22:00,1,0.0,0.5994445602665243,,compressed
2011-06-09,15:13:00,15:13:00,1,3.0060017270613133,15:13:00,1,0.0,0.5134583283355753,,compressed
2014-04-01,12:17:00,12:17:00,1,3.005960213038018,12:17:00,1,0.0,0.7563924473074523,,mixed
2015-02-11,12:39:00,12:39:00,1,3.0052336613796036,12:39:00,1,0.0,0.6849041101337306,,mixed
2010-06-08,13:59:00,13:59:00,1,3.004734188131346,13:59:00,2,1.0,1.5456721483702696,,dispersed
2008-11-14,13:33:00,13:33:00,1,3.0039193463523177,13:33:00,1,0.0,1.1090518394618538,,mixed
2016-05-24,11:07:00,11:07:00,1,3.003547594738572,11:07:00,1,0.0,0.707995227788333,,mixed
2014-07-28,14:09:00,14:09:00,1,3.003443524186304,14:09:00,2,1.0,1.1124439494153473,,mixed
2017-11-03,14:08:00,14:08:00,1,3.0028784412307292,14:08:00,1,0.0,0.5236590742840552,,compressed
2009-09-22,14:11:00,14:11:00,1,3.002873201592555,14:11:00,1,0.0,1.0368867866671934,,mixed
2016-01-20,12:32:00,12:32:00,1,3.0028588643536787,12:32:00,1,0.0,1.1910188492828397,,mixed
2015-02-17,15:17:00,15:17:00,1,3.0024237478817803,15:17:00,1,0.0,0.7150576500997338,,mixed
2021-04-20,11:02:00,11:02:00,1,3.0022837179704527,11:02:00,1,0.0,2.1008549892418427,,dispersed
2014-07-23,14:38:00,14:38:00,1,3.002106929230197,14:38:00,2,1.0,0.8398113283577185,,mixed
2018-04-17,14:00:00,14:00:00,1,3.0020921576558153,14:00:00,2,1.0,0.7180895965982539,,mixed
2011-08-31,15:56:00,15:56:00,1,3.0019701562639085,15:56:00,1,0.0,1.3037960712785663,,mixed
2011-02-17,15:34:00,15:34:00,1,3.001266429464449,15:34:00,1,0.0,0.6891610568471831,,mixed
2015-01-21,11:46:00,11:48:00,2,3.000950757809465,11:46:00,2,1.0,0.9075796529586393,,mixed
2021-01-26,11:19:00,11:19:00,1,3.0006044410567587,11:19:00,1,0.0,1.8921800456826485,,dispersed
