Price,Close,High,Low,Open,Volume
Ticker,BMNR,BMNR,BMNR,BMNR,BMNR
Datetime,,,,,
2025-07-15 13:30:00+00:00,41.20000076293945,43.97999954223633,41.08000183105469,42.970001220703125,0
2025-07-15 14:30:00+00:00,41.13999938964844,42.0,40.599998474121094,41.10200119018555,1183688
2025-07-15 15:30:00+00:00,42.36050033569336,43.11000061035156,40.72999954223633,41.06999969482422,1622844
2025-07-15 16:30:00+00:00,41.66999816894531,42.79990005493164,41.0,42.40999984741211,1086716
2025-07-15 17:30:00+00:00,41.33000183105469,41.97100067138672,41.02000045776367,41.66999816894531,716638
2025-07-15 18:30:00+00:00,40.5099983215332,41.57749938964844,39.099998474121094,41.380001068115234,1338312
2025-07-15 19:30:00+00:00,39.900001525878906,40.75,39.79999923706055,40.459999084472656,850676
2025-07-16 13:30:00+00:00,47.63560104370117,50.0,44.119998931884766,47.880001068115234,13572262
2025-07-16 14:30:00+00:00,45.90010070800781,51.679901123046875,44.560001373291016,47.7400016784668,8947488
2025-07-16 15:30:00+00:00,48.41999816894531,48.84000015258789,45.0,45.900001525878906,5037845
2025-07-16 16:30:00+00:00,48.599998474121094,49.380001068115234,47.11199951171875,48.420799255371094,3568584
2025-07-16 17:30:00+00:00,50.720001220703125,50.790000915527344,47.04999923706055,48.492401123046875,3694129
2025-07-16 18:30:00+00:00,48.110599517822266,51.5,47.220001220703125,50.775001525878906,5320169
2025-07-16 19:30:00+00:00,44.787498474121094,49.5,44.55009841918945,48.21500015258789,3254932
2025-07-17 13:30:00+00:00,44.029998779296875,48.589900970458984,42.349998474121094,48.20000076293945,11821660
2025-07-17 14:30:00+00:00,43.79999923706055,44.79999923706055,43.15999984741211,43.970001220703125,3283474
2025-07-17 15:30:00+00:00,41.74039840698242,44.36000061035156,41.52000045776367,43.88740158081055,3000200
2025-07-17 16:30:00+00:00,42.0,42.5,40.099998474121094,41.7400016784668,2981763
2025-07-17 17:30:00+00:00,41.93009948730469,42.49810028076172,41.209999084472656,41.93000030517578,1478734
2025-07-17 18:30:00+00:00,41.900001525878906,42.34550094604492,41.5,42.0099983215332,1475331
2025-07-17 19:30:00+00:00,41.880001068115234,43.75,41.29999923706055,41.900001525878906,2053630
2025-07-18 13:30:00+00:00,45.74700164794922,47.5,45.0,47.029998779296875,10745392
2025-07-18 14:30:00+00:00,46.5,47.040000915527344,45.18000030517578,45.779998779296875,4140714
2025-07-18 15:30:00+00:00,42.760101318359375,48.0,42.599998474121094,46.59450149536133,6520419
2025-07-18 16:30:00+00:00,41.9900016784668,43.380001068115234,41.150001525878906,42.763301849365234,3912008
2025-07-18 17:30:00+00:00,42.63999938964844,43.5,41.599998474121094,41.984500885009766,2823421
2025-07-18 18:30:00+00:00,42.23149871826172,42.79999923706055,41.75,42.59000015258789,2349452
2025-07-18 19:30:00+00:00,41.994998931884766,42.849998474121094,41.70000076293945,42.170101165771484,1511549
2025-07-21 13:30:00+00:00,45.130001068115234,46.829898834228516,42.099998474121094,45.0,11031632
2025-07-21 14:30:00+00:00,42.86000061035156,45.61989974975586,42.529998779296875,45.16999816894531,4794391
2025-07-21 15:30:00+00:00,40.7400016784668,42.989898681640625,39.79999923706055,42.75,4988729
2025-07-21 16:30:00+00:00,39.999900817871094,41.20000076293945,39.25,40.744998931884766,2863746
2025-07-21 17:30:00+00:00,40.349998474121094,40.52000045776367,39.15999984741211,39.93709945678711,2201114
2025-07-21 18:30:00+00:00,40.173099517822266,40.91999816894531,39.5,40.38999938964844,1541360
2025-07-21 19:30:00+00:00,39.599998474121094,40.18000030517578,39.310001373291016,40.150001525878906,1337841
2025-07-22 13:30:00+00:00,39.95000076293945,41.36000061035156,37.099998474121094,40.625,8579315
2025-07-22 14:30:00+00:00,40.98139953613281,41.939998626708984,39.09000015258789,39.90999984741211,4472107
2025-07-22 15:30:00+00:00,41.388999938964844,42.65999984741211,40.560001373291016,40.86000061035156,3443688
2025-07-22 16:30:00+00:00,40.6349983215332,41.79999923706055,39.25,41.393001556396484,3124173
2025-07-22 17:30:00+00:00,41.491798400878906,41.599998474121094,40.400001525878906,40.63520050048828,2197158
2025-07-22 18:30:00+00:00,40.49589920043945,42.03969955444336,40.2599983215332,41.4900016784668,2390582
2025-07-22 19:30:00+00:00,40.0,41.25,39.97999954223633,40.4900016784668,2248374
2025-07-23 13:30:00+00:00,39.89459991455078,40.919898986816406,38.54999923706055,40.70000076293945,6309386
2025-07-23 14:30:00+00:00,40.904998779296875,41.45000076293945,39.650001525878906,39.86790084838867,6228788
2025-07-23 15:30:00+00:00,40.734500885009766,42.189998626708984,40.0099983215332,40.893699645996094,2461820
2025-07-23 16:30:00+00:00,39.41999816894531,40.79999923706055,39.099998474121094,40.71500015258789,2051699
2025-07-23 17:30:00+00:00,39.749900817871094,39.869998931884766,38.61000061035156,39.36429977416992,1757948
2025-07-23 18:30:00+00:00,39.5,40.119998931884766,39.290000915527344,39.685001373291016,1332995
2025-07-23 19:30:00+00:00,39.650001525878906,39.93000030517578,39.29999923706055,39.52579879760742,1367474
2025-07-24 13:30:00+00:00,39.11000061035156,40.54999923706055,38.29999923706055,40.45000076293945,9045950
2025-07-24 14:30:00+00:00,43.630001068115234,45.70000076293945,39.119998931884766,39.119998931884766,14653036
2025-07-24 15:30:00+00:00,42.220001220703125,44.56999969482422,41.84000015258789,43.649898529052734,7808041
2025-07-24 16:30:00+00:00,44.90999984741211,45.5,41.220001220703125,42.25,7368285
2025-07-24 17:30:00+00:00,43.399898529052734,45.61000061035156,43.11000061035156,44.88710021972656,4431685
2025-07-24 18:30:00+00:00,43.42499923706055,44.119998931884766,42.720001220703125,43.306400299072266,3766331
2025-07-24 19:30:00+00:00,41.540000915527344,43.54999923706055,41.439998626708984,43.400001525878906,2936125
2025-07-25 13:30:00+00:00,40.48500061035156,42.189998626708984,39.81999969482422,41.22999954223633,10009600
2025-07-25 14:30:00+00:00,40.380001068115234,41.0,40.0,40.459999084472656,4589119
2025-07-25 15:30:00+00:00,40.54499816894531,40.97999954223633,39.83000183105469,40.44919967651367,3135783
2025-07-25 16:30:00+00:00,40.04999923706055,40.70000076293945,39.900001525878906,40.560001373291016,2876736
2025-07-25 17:30:00+00:00,39.439998626708984,40.0099983215332,38.77000045776367,40.0099983215332,3919636
2025-07-25 18:30:00+00:00,39.81999969482422,40.11000061035156,39.15999984741211,39.4369010925293,2091427
2025-07-25 19:30:00+00:00,39.7599983215332,40.29999923706055,39.66999816894531,39.83000183105469,1990320
2025-07-28 13:30:00+00:00,39.70000076293945,41.4900016784668,39.31999969482422,41.4900016784668,9901882
2025-07-28 14:30:00+00:00,39.779998779296875,40.849998474121094,39.54999923706055,39.7400016784668,3144222
2025-07-28 15:30:00+00:00,38.59000015258789,39.84000015258789,37.66999816894531,39.74789810180664,5882338
2025-07-28 16:30:00+00:00,38.07640075683594,39.2599983215332,38.02000045776367,38.599998474121094,2724896
2025-07-28 17:30:00+00:00,36.31159973144531,38.45880126953125,36.20000076293945,38.071998596191406,4007984
2025-07-28 18:30:00+00:00,35.560001373291016,36.72999954223633,35.11000061035156,36.32500076293945,6146624
2025-07-28 19:30:00+00:00,35.119998931884766,35.869998931884766,34.38999938964844,35.560001373291016,4964753
2025-07-29 13:30:00+00:00,31.56999969482422,34.52000045776367,31.270000457763672,32.29999923706055,24114859
2025-07-29 14:30:00+00:00,31.69610023498535,31.899200439453125,30.600000381469727,31.530000686645508,6763682
2025-07-29 15:30:00+00:00,32.18009948730469,33.0,31.059999465942383,31.695199966430664,3836676
2025-07-29 16:30:00+00:00,32.95000076293945,33.18000030517578,31.540000915527344,32.18000030517578,3134546
2025-07-29 17:30:00+00:00,32.974998474121094,33.400001525878906,32.20000076293945,32.95000076293945,4767676
2025-07-29 18:30:00+00:00,32.064998626708984,33.5,32.060001373291016,32.974998474121094,2879675
2025-07-29 19:30:00+00:00,31.980499267578125,32.53990173339844,31.799999237060547,32.060001373291016,2779503
2025-07-30 13:30:00+00:00,34.310001373291016,34.709999084472656,32.7400016784668,33.040000915527344,9825825
2025-07-30 14:30:00+00:00,35.810001373291016,36.5,33.79999923706055,34.310001373291016,9013526
2025-07-30 15:30:00+00:00,35.755001068115234,36.459999084472656,35.05500030517578,35.83000183105469,3945215
2025-07-30 16:30:00+00:00,35.540000915527344,35.77000045776367,34.709999084472656,35.75,2482899
2025-07-30 17:30:00+00:00,36.43920135498047,36.720001220703125,35.099998474121094,35.53099822998047,4431772
2025-07-30 18:30:00+00:00,34.244998931884766,36.68000030517578,34.029998779296875,36.4452018737793,4926744
2025-07-30 19:30:00+00:00,34.380001068115234,34.79999923706055,33.18000030517578,34.20000076293945,3604893
2025-07-31 13:30:00+00:00,36.060001373291016,36.68000030517578,34.61009979248047,35.900001525878906,8384157
2025-07-31 14:30:00+00:00,34.939998626708984,36.129398345947266,34.060001373291016,36.05500030517578,4301115
2025-07-31 15:30:00+00:00,35.76499938964844,36.47999954223633,34.93000030517578,34.95000076293945,2956652
2025-07-31 16:30:00+00:00,34.685001373291016,36.29999923706055,34.56999969482422,35.754600524902344,2694222
2025-07-31 17:30:00+00:00,34.279998779296875,35.38930130004883,33.90999984741211,34.685001373291016,2576804
2025-07-31 18:30:00+00:00,34.02000045776367,34.880001068115234,33.709999084472656,34.3203010559082,2743194
2025-07-31 19:30:00+00:00,34.279998779296875,34.470001220703125,33.88999938964844,34.040000915527344,1350849
2025-08-01 13:30:00+00:00,31.420000076293945,33.540000915527344,30.5,32.93000030517578,9925618
2025-08-01 14:30:00+00:00,30.424999237060547,31.459999084472656,30.299999237060547,31.433500289916992,5174686
2025-08-01 15:30:00+00:00,31.84600067138672,31.8700008392334,30.31999969482422,30.450000762939453,4283697
2025-08-01 16:30:00+00:00,31.28499984741211,31.950000762939453,31.200000762939453,31.860000610351562,2835418
2025-08-01 17:30:00+00:00,31.25,31.649999618530273,30.75,31.290000915527344,2700810
2025-08-01 18:30:00+00:00,32.05009841918945,32.150001525878906,31.100000381469727,31.280899047851562,3247285
2025-08-01 19:30:00+00:00,31.707700729370117,32.150001525878906,31.149999618530273,32.05120086669922,2594538
2025-08-04 13:30:00+00:00,32.314998626708984,33.929901123046875,31.88010025024414,33.0,14889521
2025-08-04 14:30:00+00:00,32.224998474121094,32.869998931884766,31.920000076293945,32.314998626708984,3383058
2025-08-04 15:30:00+00:00,33.02000045776367,33.16999816894531,32.209999084472656,32.22999954223633,2368202
2025-08-04 16:30:00+00:00,33.02000045776367,33.599998474121094,32.81999969482422,33.0099983215332,2959434
2025-08-04 17:30:00+00:00,32.01900100708008,33.09000015258789,31.920000076293945,33.05500030517578,6522213
2025-08-04 18:30:00+00:00,31.985000610351562,32.25,31.6200008392334,32.01499938964844,2309615
2025-08-04 19:30:00+00:00,30.989999771118164,32.02000045776367,30.940000534057617,31.985000610351562,2791067
2025-08-05 13:30:00+00:00,31.15999984741211,31.959999084472656,30.670000076293945,31.135000228881836,6658947
2025-08-05 14:30:00+00:00,31.475000381469727,32.0,31.010000228881836,31.1560001373291,2868059
2025-08-05 15:30:00+00:00,32.38600158691406,32.650001525878906,31.229999542236328,31.450000762939453,2539311
2025-08-05 16:30:00+00:00,33.630001068115234,33.869998931884766,32.0,32.38560104370117,4043973
2025-08-05 17:30:00+00:00,32.650001525878906,33.75,32.630001068115234,33.630001068115234,2874501
2025-08-05 18:30:00+00:00,32.849998474121094,33.06999969482422,32.36000061035156,32.66999816894531,1650962
2025-08-05 19:30:00+00:00,33.20000076293945,33.65999984741211,32.66999816894531,32.924198150634766,4138403
2025-08-06 13:30:00+00:00,32.38629913330078,33.54990005493164,31.850000381469727,33.0,4715027
2025-08-06 14:30:00+00:00,33.970001220703125,34.06999969482422,32.279998779296875,32.388999938964844,3293630
2025-08-06 15:30:00+00:00,34.39830017089844,35.18000030517578,33.81999969482422,33.94350051879883,5656110
2025-08-06 16:30:00+00:00,35.310001373291016,35.5,34.12009811401367,34.400001525878906,2606998
2025-08-06 17:30:00+00:00,38.11320114135742,39.20000076293945,35.22999954223633,35.30500030517578,15642934
2025-08-06 18:30:00+00:00,38.78879928588867,38.84000015258789,37.29999923706055,38.11000061035156,8415301
2025-08-06 19:30:00+00:00,38.470001220703125,39.279998779296875,37.86000061035156,38.83000183105469,5051994
2025-08-07 13:30:00+00:00,41.45000076293945,43.45000076293945,40.25,41.709999084472656,32190843
2025-08-07 14:30:00+00:00,40.880001068115234,41.96839904785156,40.5,41.44110107421875,6181884
2025-08-07 15:30:00+00:00,41.72999954223633,42.099998474121094,40.55009841918945,40.880001068115234,5172583
2025-08-07 16:30:00+00:00,40.099998474121094,42.08000183105469,39.689998626708984,41.7599983215332,6654681
2025-08-07 17:30:00+00:00,40.54779815673828,41.75,39.970001220703125,40.1150016784668,6493987
2025-08-07 18:30:00+00:00,40.84299850463867,41.08000183105469,40.310001373291016,40.54999923706055,3372327
2025-08-07 19:30:00+00:00,41.149600982666016,41.73149871826172,40.31999969482422,40.845001220703125,4515278
2025-08-08 13:30:00+00:00,46.209999084472656,48.0,42.630001068115234,43.13999938964844,24964510
2025-08-08 14:30:00+00:00,46.506500244140625,47.75,45.869998931884766,46.224998474121094,11710709
2025-08-08 15:30:00+00:00,49.89139938354492,51.46989822387695,45.88999938964844,46.5099983215332,10976892
2025-08-08 16:30:00+00:00,51.2599983215332,52.93989944458008,49.310001373291016,49.89500045776367,13928185
2025-08-08 17:30:00+00:00,53.15999984741211,53.77000045776367,50.900001525878906,51.289100646972656,9696206
2025-08-08 18:30:00+00:00,53.0,54.43000030517578,52.060001373291016,53.119998931884766,11479363
2025-08-08 19:30:00+00:00,51.29999923706055,53.529998779296875,51.15999984741211,53.029998779296875,6656598
2025-08-11 13:30:00+00:00,67.06500244140625,67.13999938964844,56.5,57.959999084472656,55463866
2025-08-11 14:30:00+00:00,65.05999755859375,69.80000305175781,62.5,67.06220245361328,24420455
2025-08-11 15:30:00+00:00,65.95999908447266,70.0,64.58000183105469,65.04170227050781,17676812
2025-08-11 16:30:00+00:00,61.560001373291016,66.33000183105469,60.47999954223633,65.93000030517578,18174938
2025-08-11 17:30:00+00:00,62.939998626708984,63.619998931884766,60.5,61.55939865112305,9766383
2025-08-11 18:30:00+00:00,61.310001373291016,64.69999694824219,60.5099983215332,62.81999969482422,10295805
2025-08-11 19:30:00+00:00,59.02000045776367,61.52000045776367,58.5,61.29999923706055,8054956
2025-08-12 13:30:00+00:00,60.7495002746582,62.43000030517578,55.619998931884766,62.43000030517578,53430800
2025-08-12 14:30:00+00:00,62.380001068115234,64.5,60.45000076293945,60.7599983215332,19374858
2025-08-12 15:30:00+00:00,61.130001068115234,66.0,60.77000045776367,62.400001525878906,15692170
2025-08-12 16:30:00+00:00,63.959999084472656,65.3499984741211,60.9900016784668,61.08000183105469,10123718
2025-08-12 17:30:00+00:00,65.14009857177734,66.87999725341797,63.599998474121094,63.92639923095703,10746509
2025-08-12 18:30:00+00:00,62.79999923706055,67.58679962158203,62.5,65.19000244140625,11198698
2025-08-12 19:30:00+00:00,62.2400016784668,63.75,62.0099983215332,62.81999969482422,5682008
2025-08-13 13:30:00+00:00,68.0199966430664,70.73989868164062,65.22000122070312,67.23999786376953,38078942
2025-08-13 14:30:00+00:00,68.17659759521484,71.73999786376953,67.41000366210938,68.0199966430664,18850677
2025-08-13 15:30:00+00:00,68.89839935302734,69.48999786376953,67.6500015258789,68.13999938964844,8365781
2025-08-13 16:30:00+00:00,64.5250015258789,69.3499984741211,63.130001068115234,68.89939880371094,12554107
2025-08-13 17:30:00+00:00,62.09749984741211,64.87999725341797,60.5,64.5,13380741
2025-08-13 18:30:00+00:00,62.20500183105469,62.79999923706055,60.29999923706055,62.01530075073242,8543722
2025-08-13 19:30:00+00:00,61.459999084472656,63.0,61.310001373291016,62.2599983215332,4849726
2025-08-14 13:30:00+00:00,62.279998779296875,63.75,57.18000030517578,58.20000076293945,31412954
2025-08-14 14:30:00+00:00,60.480499267578125,63.04999923706055,59.400001525878906,62.29999923706055,9791250
2025-08-14 15:30:00+00:00,59.33000183105469,60.65999984741211,58.29999923706055,60.529998779296875,7689756
2025-08-14 16:30:00+00:00,60.75,60.77000045776367,58.72999954223633,59.310001373291016,5338330
2025-08-14 17:30:00+00:00,59.91999816894531,61.439998626708984,59.81999969482422,60.7400016784668,5161864
2025-08-14 18:30:00+00:00,61.0099983215332,61.290000915527344,59.900001525878906,59.91999816894531,4836062
2025-08-14 19:30:00+00:00,60.310001373291016,61.04999923706055,60.20000076293945,61.02000045776367,4098236
2025-08-15 13:30:00+00:00,56.48350143432617,61.0,54.38999938964844,61.0,21729432
2025-08-15 14:30:00+00:00,56.41999816894531,57.0099983215332,54.099998474121094,56.47999954223633,11065847
2025-08-15 15:30:00+00:00,54.90299987792969,57.33000183105469,54.779998779296875,56.40010070800781,7866300
2025-08-15 16:30:00+00:00,57.79010009765625,57.97999954223633,54.8400993347168,54.90999984741211,6096359
2025-08-15 17:30:00+00:00,57.70000076293945,58.58000183105469,56.5,57.82310104370117,5786147
2025-08-15 18:30:00+00:00,58.10599899291992,58.75,57.09000015258789,57.71500015258789,3714022
2025-08-15 19:30:00+00:00,57.630001068115234,58.290000915527344,57.599998474121094,58.12419891357422,2732012
2025-08-18 13:30:00+00:00,54.37799835205078,56.20000076293945,52.66999816894531,55.66999816894531,18848648
2025-08-18 14:30:00+00:00,55.834999084472656,56.870601654052734,54.099998474121094,54.375,8394361
2025-08-18 15:30:00+00:00,56.29499816894531,57.18000030517578,55.529998779296875,55.81010055541992,5152003
2025-08-18 16:30:00+00:00,56.664398193359375,56.7599983215332,55.350101470947266,56.31999969482422,3511989
2025-08-18 17:30:00+00:00,56.22999954223633,57.29999923706055,56.13909912109375,56.66600036621094,3935126
2025-08-18 18:30:00+00:00,54.95000076293945,56.269901275634766,54.84000015258789,56.0,3400821
2025-08-18 19:30:00+00:00,54.75,55.19499969482422,54.34000015258789,54.959999084472656,3700654
2025-08-19 13:30:00+00:00,50.75410079956055,55.29990005493164,50.630001068115234,54.62519836425781,13924211
2025-08-19 14:30:00+00:00,50.11989974975586,51.25,49.5,50.75,9542778
2025-08-19 15:30:00+00:00,48.959999084472656,50.19919967651367,48.70000076293945,50.11429977416992,6230195
2025-08-19 16:30:00+00:00,48.70000076293945,49.04999923706055,47.77000045776367,48.970001220703125,7051465
2025-08-19 17:30:00+00:00,48.70000076293945,49.07929992675781,48.060001373291016,48.70000076293945,4082501
2025-08-19 18:30:00+00:00,50.08000183105469,50.25,48.5,48.70000076293945,4779858
2025-08-19 19:30:00+00:00,49.56999969482422,50.369998931884766,49.459999084472656,50.07500076293945,3893694
2025-08-20 13:30:00+00:00,48.1890983581543,50.649898529052734,47.33000183105469,50.279998779296875,12241706
2025-08-20 14:30:00+00:00,49.91999816894531,50.099998474121094,47.25,48.14500045776367,10569397
2025-08-20 15:30:00+00:00,50.46500015258789,50.52000045776367,48.869998931884766,49.94990158081055,7815592
2025-08-20 16:30:00+00:00,51.439998626708984,51.77000045776367,50.13999938964844,50.459999084472656,8276590
2025-08-20 17:30:00+00:00,49.91999816894531,52.41999816894531,49.900001525878906,51.43000030517578,6537803
2025-08-20 18:30:00+00:00,51.11989974975586,51.22999954223633,49.900001525878906,49.90010070800781,3976897
2025-08-20 19:30:00+00:00,51.72999954223633,52.099998474121094,51.04999923706055,51.1150016784668,2993705
2025-08-21 13:30:00+00:00,50.970001220703125,51.310001373291016,49.630001068115234,50.0,8724179
2025-08-21 14:30:00+00:00,49.86819839477539,51.150001525878906,49.150001525878906,51.0099983215332,6129808
2025-08-21 15:30:00+00:00,48.7400016784668,50.31999969482422,48.65999984741211,49.880001068115234,5143828
2025-08-21 16:30:00+00:00,48.29999923706055,49.029998779296875,47.849998474121094,48.73500061035156,4343492
2025-08-21 17:30:00+00:00,49.199501037597656,49.470001220703125,48.29999923706055,48.310001373291016,4250883
2025-08-21 18:30:00+00:00,48.93000030517578,50.04999923706055,48.790000915527344,49.20000076293945,3606673
2025-08-21 19:30:00+00:00,47.97999954223633,49.20000076293945,47.83000183105469,48.93000030517578,3537680
2025-08-22 13:30:00+00:00,51.40999984741211,53.27000045776367,47.02000045776367,47.75,23965034
2025-08-22 14:30:00+00:00,53.95000076293945,54.47999954223633,51.119998931884766,51.435001373291016,18472620
2025-08-22 15:30:00+00:00,54.510101318359375,55.0,53.47999954223633,53.939998626708984,11836523
2025-08-22 16:30:00+00:00,54.970001220703125,55.7400016784668,54.000099182128906,54.54999923706055,10045329
2025-08-22 17:30:00+00:00,52.915000915527344,55.20000076293945,52.810001373291016,54.970001220703125,6970056
2025-08-22 18:30:00+00:00,53.40549850463867,54.0,52.72999954223633,52.915000915527344,5733734
2025-08-22 19:30:00+00:00,53.386600494384766,54.06999969482422,53.04999923706055,53.400001525878906,4195790
2025-08-25 13:30:00+00:00,52.41999816894531,52.9900016784668,50.68000030517578,52.59000015258789,16712686
2025-08-25 14:30:00+00:00,54.880001068115234,55.0099983215332,52.33000183105469,52.400001525878906,9341347
2025-08-25 15:30:00+00:00,53.013999938964844,54.879600524902344,52.810001373291016,54.862701416015625,6857411
2025-08-25 16:30:00+00:00,51.880001068115234,53.04999923706055,51.79999923706055,53.0,4928506
2025-08-25 17:30:00+00:00,50.91999816894531,52.149898529052734,50.91999816894531,51.88999938964844,4183205
2025-08-25 18:30:00+00:00,49.810001373291016,51.280601501464844,49.54999923706055,50.959999084472656,5293481
2025-08-25 19:30:00+00:00,49.54499816894531,50.150001525878906,49.279998779296875,49.83000183105469,4663665
2025-08-26 13:30:00+00:00,49.669498443603516,50.929901123046875,49.04999923706055,50.25,13507565
2025-08-26 14:30:00+00:00,49.5,51.0,49.40999984741211,49.65999984741211,7573907
2025-08-26 15:30:00+00:00,49.26300048828125,49.56999969482422,48.54690170288086,49.52000045776367,5410102
2025-08-26 16:30:00+00:00,49.76620101928711,50.099998474121094,49.06999969482422,49.26499938964844,3657904
2025-08-26 17:30:00+00:00,50.349998474121094,50.54999923706055,49.0099983215332,49.76499938964844,3470512
2025-08-26 18:30:00+00:00,50.31999969482422,51.25,50.0,50.349998474121094,6645024
2025-08-26 19:30:00+00:00,49.93000030517578,50.599998474121094,49.75,50.31999969482422,4232356
2025-08-27 13:30:00+00:00,48.0,49.099998474121094,47.380001068115234,48.650001525878906,20397588
2025-08-27 14:30:00+00:00,48.0099983215332,48.459999084472656,47.869998931884766,47.9900016784668,5583430
2025-08-27 15:30:00+00:00,47.044498443603516,48.06999969482422,46.48500061035156,48.01499938964844,6412240
2025-08-27 16:30:00+00:00,47.1150016784668,47.18000030517578,46.209999084472656,47.05670166015625,7647010
2025-08-27 17:30:00+00:00,46.880001068115234,47.540000915527344,46.779998779296875,47.11000061035156,4805088
2025-08-27 18:30:00+00:00,44.87200164794922,47.0,44.52000045776367,46.849998474121094,11644765
2025-08-27 19:30:00+00:00,46.0443000793457,46.29999923706055,44.850101470947266,44.880001068115234,7101759
2025-08-28 13:30:00+00:00,46.5,48.0,46.260101318359375,47.02000045776367,12984892
2025-08-28 14:30:00+00:00,45.84000015258789,47.36000061035156,45.70000076293945,46.48500061035156,5944858
2025-08-28 15:30:00+00:00,46.33980178833008,46.4900016784668,45.2599983215332,45.849998474121094,4171752
2025-08-28 16:30:00+00:00,45.800899505615234,46.404998779296875,45.45000076293945,46.33000183105469,2643348
2025-08-28 17:30:00+00:00,46.529998779296875,46.869998931884766,45.7400016784668,45.80500030517578,3486335
2025-08-28 18:30:00+00:00,45.44369888305664,46.70000076293945,45.40999984741211,46.529998779296875,4034051
2025-08-28 19:30:00+00:00,45.349998474121094,45.75,45.150001525878906,45.439998626708984,3663862
2025-08-29 13:30:00+00:00,44.66749954223633,46.22999954223633,44.33000183105469,45.0,12330208
2025-08-29 14:30:00+00:00,44.939998626708984,45.2400016784668,44.47840118408203,44.660099029541016,3380085
2025-08-29 15:30:00+00:00,44.70000076293945,45.119998931884766,44.5,44.91999816894531,3095019
2025-08-29 16:30:00+00:00,43.95000076293945,45.06370162963867,43.69139862060547,44.720001220703125,4875800
2025-08-29 17:30:00+00:00,43.68000030517578,44.040000915527344,43.56999969482422,43.95500183105469,2831725
2025-08-29 18:30:00+00:00,43.81129837036133,44.040000915527344,43.45009994506836,43.65999984741211,4215931
2025-08-29 19:30:00+00:00,43.599998474121094,43.90999984741211,43.5,43.81999969482422,2862208
2025-09-02 13:30:00+00:00,44.15999984741211,45.04999923706055,42.040000915527344,43.189998626708984,12891852
2025-09-02 14:30:00+00:00,44.02000045776367,44.459999084472656,43.512001037597656,44.26499938964844,3969903
2025-09-02 15:30:00+00:00,42.380001068115234,44.09000015258789,42.380001068115234,44.02000045776367,4074149
2025-09-02 16:30:00+00:00,42.099998474121094,42.540000915527344,41.79999923706055,42.418701171875,4380459
2025-09-02 17:30:00+00:00,42.03499984741211,42.739200592041016,41.810001373291016,42.1349983215332,3248345
2025-09-02 18:30:00+00:00,42.44499969482422,42.810001373291016,41.77000045776367,42.03499984741211,3122399
2025-09-02 19:30:00+00:00,42.470001220703125,42.70989990234375,42.1349983215332,42.44499969482422,3351707
2025-09-03 13:30:00+00:00,45.3650016784668,45.58000183105469,43.029998779296875,43.5099983215332,14067750
2025-09-03 14:30:00+00:00,44.97050094604492,46.11000061035156,44.54999923706055,45.3650016784668,8039655
2025-09-03 15:30:00+00:00,45.21160125732422,45.67399978637695,44.91999816894531,44.97999954223633,4322781
2025-09-03 16:30:00+00:00,45.209999084472656,45.679901123046875,44.69499969482422,45.22999954223633,3515415
2025-09-03 17:30:00+00:00,44.86000061035156,45.46500015258789,44.5,45.20399856567383,3124982
2025-09-03 18:30:00+00:00,44.970001220703125,45.005001068115234,44.220001220703125,44.81999969482422,3214774
2025-09-03 19:30:00+00:00,44.849998474121094,45.439998626708984,44.77000045776367,44.959999084472656,3449417
2025-09-04 13:30:00+00:00,41.54990005493164,43.86000061035156,41.310001373291016,43.459999084472656,13091350
2025-09-04 14:30:00+00:00,40.8650016784668,42.150001525878906,40.56999969482422,41.531898498535156,8198365
2025-09-04 15:30:00+00:00,40.90999984741211,41.52299880981445,40.40999984741211,40.86000061035156,6014723
2025-09-04 16:30:00+00:00,41.58060073852539,41.650001525878906,40.75,40.88999938964844,3490343
2025-09-04 17:30:00+00:00,41.100799560546875,41.650001525878906,41.040000915527344,41.59000015258789,2865325
2025-09-04 18:30:00+00:00,41.720001220703125,42.08000183105469,41.06999969482422,41.11000061035156,4310241
2025-09-04 19:30:00+00:00,42.185001373291016,42.349998474121094,41.540000915527344,41.70050048828125,3180869
2025-09-05 13:30:00+00:00,40.3650016784668,44.27000045776367,40.30500030517578,43.849998474121094,15263172
2025-09-05 14:30:00+00:00,40.599998474121094,40.79999923706055,39.70000076293945,40.36000061035156,8592632
2025-09-05 15:30:00+00:00,40.8400993347168,40.91999816894531,40.40060043334961,40.599998474121094,3507411
2025-09-05 16:30:00+00:00,40.81999969482422,41.18000030517578,40.630001068115234,40.84000015258789,2820617
2025-09-05 17:30:00+00:00,41.79499816894531,42.040000915527344,40.709999084472656,40.790000915527344,3510427
2025-09-05 18:30:00+00:00,42.279998779296875,42.36000061035156,41.5,41.785099029541016,4655516
2025-09-05 19:30:00+00:00,41.79999923706055,42.400001525878906,41.70000076293945,42.290000915527344,3674922
2025-09-08 13:30:00+00:00,43.154998779296875,44.09000015258789,41.91999816894531,42.04999923706055,13482448
2025-09-08 14:30:00+00:00,43.790000915527344,44.31999969482422,43.0,43.189998626708984,7559408
2025-09-08 15:30:00+00:00,44.06999969482422,44.29999923706055,43.25,43.779998779296875,4395823
2025-09-08 16:30:00+00:00,43.790000915527344,44.5,43.40999984741211,44.062198638916016,3417828
2025-09-08 17:30:00+00:00,43.87620162963867,43.95000076293945,43.310001373291016,43.78150177001953,2629392
2025-09-08 18:30:00+00:00,43.77000045776367,44.16999816894531,43.600101470947266,43.86159896850586,2984209
2025-09-08 19:30:00+00:00,43.810001373291016,44.14799880981445,43.68840026855469,43.77000045776367,2603312
2025-09-09 13:30:00+00:00,44.5,45.52000045776367,43.709999084472656,45.29499816894531,10309701
2025-09-09 14:30:00+00:00,44.07500076293945,44.5713996887207,43.45000076293945,44.47999954223633,4123923
2025-09-09 15:30:00+00:00,44.224998474121094,44.5,43.58000183105469,44.0797004699707,2499675
2025-09-09 16:30:00+00:00,43.9989013671875,44.75,43.95000076293945,44.224998474121094,2512051
2025-09-09 17:30:00+00:00,44.17499923706055,44.29999923706055,43.70000076293945,43.98870086669922,1629329
2025-09-09 18:30:00+00:00,44.544498443603516,44.650001525878906,44.06999969482422,44.1890983581543,2053906
2025-09-09 19:30:00+00:00,44.599998474121094,44.915000915527344,44.25,44.540000915527344,3473528
2025-09-10 13:30:00+00:00,48.70000076293945,49.119998931884766,45.290000915527344,46.09000015258789,18063038
2025-09-10 14:30:00+00:00,47.76499938964844,48.939998626708984,47.52000045776367,48.70500183105469,7137040
2025-09-10 15:30:00+00:00,46.90999984741211,47.935001373291016,46.58000183105469,47.76499938964844,3565981
2025-09-10 16:30:00+00:00,46.540000915527344,47.790000915527344,46.4900016784668,46.935001373291016,2880522
2025-09-10 17:30:00+00:00,46.33000183105469,46.75,45.869998931884766,46.52000045776367,3395747
2025-09-10 18:30:00+00:00,45.33000183105469,46.77000045776367,45.22999954223633,46.33000183105469,2903002
2025-09-10 19:30:00+00:00,45.529998779296875,45.779998779296875,45.150001525878906,45.459999084472656,2678370
2025-09-11 13:30:00+00:00,48.47999954223633,50.099998474121094,46.099998474121094,46.720001220703125,21036539
2025-09-11 14:30:00+00:00,48.25,48.90999984741211,48.029998779296875,48.470001220703125,3828158
2025-09-11 15:30:00+00:00,48.709999084472656,48.849998474121094,47.869998931884766,48.26940155029297,2848995
2025-09-11 16:30:00+00:00,47.70000076293945,48.7400016784668,47.61280059814453,48.670101165771484,2579381
2025-09-11 17:30:00+00:00,47.775001525878906,48.09000015258789,47.5,47.70000076293945,2142860
2025-09-11 18:30:00+00:00,47.900001525878906,48.0099983215332,47.279998779296875,47.79999923706055,2676112
2025-09-11 19:30:00+00:00,47.619998931884766,48.29999923706055,47.540000915527344,47.904998779296875,2837054
2025-09-12 13:30:00+00:00,50.970001220703125,51.63999938964844,48.310001373291016,50.0,18076671
2025-09-12 14:30:00+00:00,50.63999938964844,51.95000076293945,50.220001220703125,50.970001220703125,8853787
2025-09-12 15:30:00+00:00,49.75,50.900001525878906,48.599998474121094,50.61750030517578,7161752
2025-09-12 16:30:00+00:00,50.95000076293945,51.06999969482422,49.290000915527344,49.75899887084961,5233292
2025-09-12 17:30:00+00:00,53.5099983215332,53.87990188598633,50.900001525878906,50.970001220703125,12427203
2025-09-12 18:30:00+00:00,54.32500076293945,54.45000076293945,53.459999084472656,53.507999420166016,7193343
2025-09-12 19:30:00+00:00,55.08000183105469,55.290000915527344,54.11009979248047,54.32500076293945,6608369
2025-09-15 13:30:00+00:00,52.29999923706055,54.5,52.140098571777344,53.1349983215332,19235421
2025-09-15 14:30:00+00:00,51.150001525878906,52.59000015258789,50.709999084472656,52.31999969482422,9019833
2025-09-15 15:30:00+00:00,52.308998107910156,52.70000076293945,51.130001068115234,51.161399841308594,6439864
2025-09-15 16:30:00+00:00,52.65010070800781,52.970001220703125,52.21009826660156,52.310001373291016,3549984
2025-09-15 17:30:00+00:00,52.869998931884766,53.0,52.279998779296875,52.665000915527344,2800724
2025-09-15 18:30:00+00:00,52.94900131225586,53.7400016784668,52.02000045776367,52.86899948120117,4831414
2025-09-15 19:30:00+00:00,53.029998779296875,53.709999084472656,52.65999984741211,52.97999954223633,4043792
2025-09-16 13:30:00+00:00,51.13999938964844,53.959999084472656,50.90999984741211,53.70000076293945,12573757
2025-09-16 14:30:00+00:00,51.900001525878906,51.994998931884766,50.900001525878906,51.11000061035156,4274023
2025-09-16 15:30:00+00:00,52.130001068115234,52.29990005493164,51.400001525878906,51.904998779296875,3109261
2025-09-16 16:30:00+00:00,54.96849822998047,55.040000915527344,51.459999084472656,52.130001068115234,9078815
2025-09-16 17:30:00+00:00,55.402198791503906,55.63999938964844,53.900001525878906,54.98630142211914,7898454
2025-09-16 18:30:00+00:00,55.849998474121094,57.0099983215332,55.39400100708008,55.429500579833984,9262053
2025-09-16 19:30:00+00:00,55.95500183105469,56.29999923706055,55.38999938964844,55.834999084472656,5064300
2025-09-17 13:30:00+00:00,54.660499572753906,57.220001220703125,54.582000732421875,56.0,16472856
2025-09-17 14:30:00+00:00,55.45500183105469,55.939998626708984,54.29999923706055,54.665000915527344,5078274
2025-09-17 15:30:00+00:00,55.834999084472656,56.40999984741211,55.45000076293945,55.46500015258789,4370815
2025-09-17 16:30:00+00:00,55.974998474121094,56.150001525878906,55.209999084472656,55.834999084472656,2369034
2025-09-17 17:30:00+00:00,55.28879928588867,57.5,52.599998474121094,55.974998474121094,13374293
2025-09-17 18:30:00+00:00,57.217201232910156,57.38999938964844,53.400001525878906,55.34000015258789,10244402
2025-09-17 19:30:00+00:00,57.040000915527344,58.470001220703125,56.900001525878906,57.209999084472656,8948746
2025-09-18 13:30:00+00:00,62.060001373291016,63.529998779296875,59.0099983215332,59.5,28685178
2025-09-18 14:30:00+00:00,60.84000015258789,62.869998931884766,60.52000045776367,62.060001373291016,8402615
2025-09-18 15:30:00+00:00,60.119998931884766,61.709999084472656,59.810001373291016,60.84000015258789,7406165
2025-09-18 16:30:00+00:00,59.83000183105469,61.369998931884766,59.51860046386719,60.15999984741211,6627985
2025-09-18 17:30:00+00:00,60.209999084472656,60.619998931884766,59.36000061035156,59.83000183105469,4775578
2025-09-18 18:30:00+00:00,59.5,60.349998474121094,59.400001525878906,60.189998626708984,3714574
2025-09-18 19:30:00+00:00,59.79999923706055,60.189998626708984,58.900001525878906,59.5,4111931
2025-09-19 13:30:00+00:00,62.560001373291016,64.25,59.16299819946289,60.0,19681530
2025-09-19 14:30:00+00:00,60.52750015258789,62.7599983215332,59.119998931884766,62.560001373291016,13743832
2025-09-19 15:30:00+00:00,60.95000076293945,61.5,60.099998474121094,60.52000045776367,5939038
2025-09-19 16:30:00+00:00,61.20000076293945,61.20000076293945,60.27000045776367,60.95000076293945,3500113
2025-09-19 17:30:00+00:00,60.279998779296875,61.2318000793457,60.08000183105469,61.18000030517578,3021353
2025-09-19 18:30:00+00:00,61.88999938964844,62.0,60.220001220703125,60.27000045776367,5199165
2025-09-19 19:30:00+00:00,60.220001220703125,61.970001220703125,60.06999969482422,61.90019989013672,5013075
2025-09-22 13:30:00+00:00,57.029998779296875,59.279998779296875,56.099998474121094,58.30500030517578,24492271
2025-09-22 14:30:00+00:00,55.760101318359375,57.33000183105469,55.40999984741211,57.025001525878906,10695818
2025-09-22 15:30:00+00:00,55.48630142211914,56.35499954223633,55.02000045776367,55.76499938964844,7184181
2025-09-22 16:30:00+00:00,55.154998779296875,55.869998931884766,54.4900016784668,55.4818000793457,6733202
2025-09-22 17:30:00+00:00,55.60499954223633,55.959999084472656,55.13999938964844,55.150001525878906,4370135
2025-09-22 18:30:00+00:00,55.709999084472656,56.0,55.5,55.605499267578125,5111719
2025-09-22 19:30:00+00:00,54.900001525878906,55.70000076293945,54.5,55.70000076293945,5325467
2025-09-23 13:30:00+00:00,56.005001068115234,57.54999923706055,55.32040023803711,56.605499267578125,14802163
2025-09-23 14:30:00+00:00,55.64500045776367,56.369998931884766,54.90999984741211,56.005001068115234,5781990
2025-09-23 15:30:00+00:00,55.630001068115234,55.79999923706055,55.13999938964844,55.63999938964844,2607721
2025-09-23 16:30:00+00:00,55.125,56.16999816894531,55.099998474121094,55.63999938964844,3136138
2025-09-23 17:30:00+00:00,53.8849983215332,55.220001220703125,52.7599983215332,55.119998931884766,8197216
2025-09-23 18:30:00+00:00,54.70000076293945,54.70500183105469,53.83000183105469,53.8849983215332,2878923
2025-09-23 19:30:00+00:00,54.207000732421875,54.880001068115234,54.0,54.70500183105469,3853447
2025-09-24 13:30:00+00:00,53.349998474121094,55.5,52.290000915527344,55.29999923706055,12155715
2025-09-24 14:30:00+00:00,54.72999954223633,54.97999954223633,53.13999938964844,53.31999969482422,7056293
2025-09-24 15:30:00+00:00,53.67620086669922,55.150001525878906,53.0,54.75400161743164,5436373
2025-09-24 16:30:00+00:00,53.8400993347168,54.0,53.40999984741211,53.63600158691406,1950674
2025-09-24 17:30:00+00:00,52.839500427246094,54.349998474121094,52.810001373291016,53.869998931884766,3806220
2025-09-24 18:30:00+00:00,52.02000045776367,53.06990051269531,51.869998931884766,52.81999969482422,5793861
2025-09-24 19:30:00+00:00,51.91999816894531,52.22999954223633,51.529998779296875,52.025001525878906,4666981
2025-09-25 13:30:00+00:00,50.029998779296875,50.45000076293945,47.209999084472656,48.959999084472656,22256461
2025-09-25 14:30:00+00:00,49.30009841918945,50.95500183105469,49.25,50.029998779296875,5571434
2025-09-25 15:30:00+00:00,49.720001220703125,50.150001525878906,49.2599983215332,49.310001373291016,3338819
2025-09-25 16:30:00+00:00,48.540000915527344,50.0,48.400001525878906,49.72999954223633,4902613
2025-09-25 17:30:00+00:00,48.60499954223633,48.724998474121094,47.4900016784668,48.53900146484375,6498789
2025-09-25 18:30:00+00:00,49.6593017578125,49.70000076293945,48.5640983581543,48.604400634765625,4460666
2025-09-25 19:30:00+00:00,49.45000076293945,49.720001220703125,49.255001068115234,49.65999984741211,2475085
2025-09-26 13:30:00+00:00,47.68000030517578,50.20000076293945,47.310001373291016,49.58000183105469,12846450
2025-09-26 14:30:00+00:00,48.755001068115234,48.79999923706055,47.3650016784668,47.68000030517578,4668781
2025-09-26 15:30:00+00:00,49.060001373291016,49.189998626708984,48.38999938964844,48.76499938964844,2944608
2025-09-26 16:30:00+00:00,50.70000076293945,50.72999954223633,48.54999923706055,49.04999923706055,4115230
2025-09-26 17:30:00+00:00,51.099998474121094,51.369998931884766,50.0,50.70000076293945,7505278
2025-09-26 18:30:00+00:00,50.810001373291016,51.25,50.25,51.11000061035156,4645483
2025-09-26 19:30:00+00:00,50.415000915527344,50.92539978027344,50.400001525878906,50.813899993896484,2882512
2025-09-29 13:30:00+00:00,53.8650016784668,53.95000076293945,51.70000076293945,52.119998931884766,20362505
2025-09-29 14:30:00+00:00,53.869998931884766,54.599998474121094,53.369998931884766,53.880001068115234,10098539
2025-09-29 15:30:00+00:00,52.793701171875,53.900001525878906,52.54999923706055,53.86000061035156,5037860
2025-09-29 16:30:00+00:00,52.279998779296875,53.099998474121094,51.900001525878906,52.810001373291016,4250834
2025-09-29 17:30:00+00:00,52.84000015258789,52.880001068115234,51.920101165771484,52.29999923706055,3477021
2025-09-29 18:30:00+00:00,52.849998474121094,53.0,52.29999923706055,52.83000183105469,3899066
2025-09-29 19:30:00+00:00,52.560001373291016,54.150001525878906,52.08000183105469,52.86000061035156,9337667
2025-09-30 13:30:00+00:00,50.9370002746582,52.279998779296875,50.650001525878906,51.7599983215332,10754967
2025-09-30 14:30:00+00:00,51.0614013671875,51.65999984741211,50.830101013183594,50.935001373291016,3908629
2025-09-30 15:30:00+00:00,51.136199951171875,51.36000061035156,50.849998474121094,51.040000915527344,2533473
2025-09-30 16:30:00+00:00,50.98500061035156,51.220001220703125,50.744998931884766,51.13999938964844,2054278
2025-09-30 17:30:00+00:00,51.34000015258789,51.439998626708984,50.880001068115234,50.970001220703125,1927741
2025-09-30 18:30:00+00:00,51.569400787353516,51.61000061035156,51.119998931884766,51.34299850463867,2128644
2025-09-30 19:30:00+00:00,51.959999084472656,52.5,51.56999969482422,51.56999969482422,4029758
2025-10-01 13:30:00+00:00,53.4989013671875,54.463600158691406,52.959999084472656,54.16999816894531,14145600
2025-10-01 14:30:00+00:00,53.75,54.29999923706055,53.18000030517578,53.5,6186753
2025-10-01 15:30:00+00:00,53.5099983215332,54.099998474121094,53.20000076293945,53.77000045776367,3196634
2025-10-01 16:30:00+00:00,52.79499816894531,53.61000061035156,52.619998931884766,53.51020050048828,3484801
2025-10-01 17:30:00+00:00,52.2599983215332,52.86949920654297,51.70000076293945,52.809600830078125,4638065
2025-10-01 18:30:00+00:00,52.91999816894531,53.082000732421875,52.2156982421875,52.279998779296875,2602406
2025-10-01 19:30:00+00:00,52.36000061035156,52.959999084472656,52.31999969482422,52.91999816894531,3219341
2025-10-02 13:30:00+00:00,54.43550109863281,56.5,53.7599983215332,54.0099983215332,19136598
2025-10-02 14:30:00+00:00,54.053001403808594,54.81999969482422,52.755001068115234,54.44499969482422,6715739
2025-10-02 15:30:00+00:00,54.90999984741211,55.310001373291016,53.640098571777344,54.04999923706055,5677653
2025-10-02 16:30:00+00:00,55.0099983215332,55.15999984741211,54.47999954223633,54.900001525878906,4143783
2025-10-02 17:30:00+00:00,55.29869842529297,55.38999938964844,54.630001068115234,55.02000045776367,3707503
2025-10-02 18:30:00+00:00,55.93000030517578,56.099998474121094,55.06999969482422,55.29999923706055,6340838
2025-10-02 19:30:00+00:00,56.28499984741211,56.310001373291016,55.83000183105469,55.92499923706055,5104997
2025-10-03 13:30:00+00:00,56.05509948730469,57.5,55.54999923706055,57.5,14419291
2025-10-03 14:30:00+00:00,56.1349983215332,56.899898529052734,55.709999084472656,56.050899505615234,5275525
2025-10-03 15:30:00+00:00,57.310001373291016,57.81999969482422,56.11000061035156,56.1349983215332,8132872
2025-10-03 16:30:00+00:00,55.94300079345703,57.75,55.7599983215332,57.290000915527344,6540591
2025-10-03 17:30:00+00:00,56.279998779296875,56.30500030517578,54.900001525878906,55.91999816894531,6631535
2025-10-03 18:30:00+00:00,56.595001220703125,56.7400016784668,55.900001525878906,56.27000045776367,3732605
2025-10-03 19:30:00+00:00,56.63999938964844,56.79999923706055,56.39099884033203,56.59049987792969,2745053
2025-10-06 13:30:00+00:00,61.94499969482422,62.06999969482422,58.93000030517578,59.58000183105469,24498664
2025-10-06 14:30:00+00:00,61.349998474121094,62.148101806640625,60.13999938964844,61.959999084472656,8982673
2025-10-06 15:30:00+00:00,60.63399887084961,62.06999969482422,60.5,61.41999816894531,5688242
2025-10-06 16:30:00+00:00,62.095001220703125,62.5192985534668,60.33000183105469,60.618499755859375,5774182
2025-10-06 17:30:00+00:00,61.54499816894531,62.310001373291016,61.380001068115234,62.09000015258789,4520571
2025-10-06 18:30:00+00:00,62.95000076293945,63.060001373291016,61.25239944458008,61.560001373291016,6064654
2025-10-06 19:30:00+00:00,63.095001220703125,63.20000076293945,62.52000045776367,62.95000076293945,5077638
2025-10-07 13:30:00+00:00,61.88240051269531,65.5999984741211,61.764400482177734,65.0,22159884
2025-10-07 14:30:00+00:00,60.505001068115234,62.084999084472656,59.400001525878906,61.860801696777344,12459072
2025-10-07 15:30:00+00:00,59.319801330566406,60.70000076293945,58.58000183105469,60.5,9460021
2025-10-07 16:30:00+00:00,59.769901275634766,60.369998931884766,59.29999923706055,59.29999923706055,6006757
2025-10-07 17:30:00+00:00,59.20000076293945,60.0880012512207,58.959999084472656,59.755001068115234,4127602
2025-10-07 18:30:00+00:00,60.119998931884766,60.54999923706055,59.18000030517578,59.209999084472656,4695800
2025-10-07 19:30:00+00:00,59.32400131225586,60.29010009765625,59.16999816894531,60.125,4323482
2025-10-08 13:30:00+00:00,59.599998474121094,60.7599983215332,57.119998931884766,60.529998779296875,16880621
2025-10-08 14:30:00+00:00,57.900001525878906,59.63999938964844,57.71009826660156,59.56999969482422,7583039
2025-10-08 15:30:00+00:00,58.88639831542969,59.40850067138672,57.650001525878906,57.90999984741211,4735237
2025-10-08 16:30:00+00:00,60.7400016784668,61.0099983215332,58.650001525878906,58.88999938964844,5846160
2025-10-08 17:30:00+00:00,59.54999923706055,60.970001220703125,59.5,60.73149871826172,5127690
2025-10-08 18:30:00+00:00,59.369998931884766,59.6349983215332,58.560001373291016,59.53499984741211,3903961
2025-10-08 19:30:00+00:00,60.06999969482422,60.130001068115234,59.209999084472656,59.38999938964844,3174279
2025-10-09 13:30:00+00:00,57.540000915527344,59.130001068115234,57.380001068115234,59.06999969482422,12090015
2025-10-09 14:30:00+00:00,57.08679962158203,57.77009963989258,56.81999969482422,57.540000915527344,6245512
2025-10-09 15:30:00+00:00,57.31999969482422,57.5099983215332,56.61000061035156,57.07720184326172,4453756
2025-10-09 16:30:00+00:00,56.7400016784668,57.34000015258789,56.5099983215332,57.314998626708984,3451947
2025-10-09 17:30:00+00:00,57.76499938964844,57.93000030517578,56.68040084838867,56.75,3510478
2025-10-09 18:30:00+00:00,58.375,58.540000915527344,57.23500061035156,57.75,4499516
2025-10-09 19:30:00+00:00,59.17940139770508,59.310001373291016,58.36000061035156,58.36000061035156,4742203
2025-10-10 13:30:00+00:00,57.95989990234375,60.939998626708984,57.709999084472656,59.2400016784668,11990079
2025-10-10 14:30:00+00:00,54.65999984741211,58.54999923706055,54.560001373291016,57.970001220703125,12195619
2025-10-10 15:30:00+00:00,55.22999954223633,56.33810043334961,53.459800720214844,54.599998474121094,10830217
2025-10-10 16:30:00+00:00,54.65999984741211,55.560001373291016,53.68009948730469,55.20000076293945,6857108
2025-10-10 17:30:00+00:00,54.06999969482422,54.84000015258789,53.630001068115234,54.650001525878906,4158627
2025-10-10 18:30:00+00:00,53.025001525878906,54.209999084472656,53.0099983215332,54.08000183105469,5691134
2025-10-10 19:30:00+00:00,52.596500396728516,53.63999938964844,52.3650016784668,53.025001525878906,7901453
2025-10-13 13:30:00+00:00,53.5099983215332,55.400001525878906,53.20000076293945,54.209999084472656,15193004
2025-10-13 14:30:00+00:00,53.630001068115234,54.0,52.70000076293945,53.540000915527344,5178099
2025-10-13 15:30:00+00:00,54.29999923706055,54.400001525878906,53.58000183105469,53.63311767578125,3215951
2025-10-13 16:30:00+00:00,54.45000076293945,54.84000015258789,54.06999969482422,54.28499984741211,2332042
2025-10-13 17:30:00+00:00,55.904998779296875,55.935001373291016,54.17499923706055,54.459999084472656,4145979
2025-10-13 18:30:00+00:00,56.08110046386719,56.45000076293945,55.720001220703125,55.904998779296875,3718646
2025-10-13 19:30:00+00:00,56.5,56.56999969482422,56.0099983215332,56.08100128173828,3626199
2025-10-14 13:30:00+00:00,53.224998474121094,53.55580139160156,52.02000045776367,52.689998626708984,14853348
2025-10-14 14:30:00+00:00,52.90999984741211,53.56909942626953,52.52009963989258,53.220001220703125,4263265
2025-10-14 15:30:00+00:00,54.310001373291016,54.720001220703125,52.89250183105469,52.935001373291016,4820297
2025-10-14 16:30:00+00:00,54.529998779296875,54.78710174560547,53.22999954223633,54.33000183105469,4240836
2025-10-14 17:30:00+00:00,54.42499923706055,54.68000030517578,54.04999923706055,54.5099983215332,2225448
2025-10-14 18:30:00+00:00,54.36000061035156,54.619998931884766,53.7400016784668,54.409000396728516,3303506
2025-10-14 19:30:00+00:00,52.96500015258789,54.400001525878906,52.5,54.31999969482422,4761045
2025-10-15 13:30:00+00:00,53.84469985961914,54.27000045776367,52.709999084472656,54.27000045776367,12291945
2025-10-15 14:30:00+00:00,52.96500015258789,53.92940139770508,52.619998931884766,53.849998474121094,3963802
2025-10-15 15:30:00+00:00,52.45500183105469,53.150001525878906,51.54999923706055,52.939998626708984,4883470
2025-10-15 16:30:00+00:00,51.595001220703125,52.66999816894531,51.060001373291016,52.519901275634766,13195770
2025-10-15 17:30:00+00:00,52.56999969482422,52.790000915527344,51.45000076293945,51.595001220703125,0
2025-10-15 18:30:00+00:00,53.619998931884766,53.79999923706055,52.52000045776367,52.54999923706055,4193250
2025-10-15 19:30:00+00:00,53.630001068115234,53.90999984741211,53.310001373291016,53.632598876953125,3059735
2025-10-16 13:30:00+00:00,53.71849822998047,56.099998474121094,53.150001525878906,54.470001220703125,9662954
2025-10-16 14:30:00+00:00,53.88999938964844,54.7599983215332,53.5,53.70500183105469,3934331
2025-10-16 15:30:00+00:00,52.029998779296875,53.970001220703125,51.900001525878906,53.880001068115234,4370134
2025-10-16 16:30:00+00:00,53.7599983215332,53.82500076293945,51.439998626708984,52.029998779296875,4232975
2025-10-16 17:30:00+00:00,51.505001068115234,53.900001525878906,51.36000061035156,53.7599983215332,3233109
2025-10-16 18:30:00+00:00,51.55630111694336,52.310001373291016,51.45000076293945,51.51599884033203,2920694
2025-10-16 19:30:00+00:00,51.20000076293945,51.720001220703125,51.0,51.53499984741211,3853766
2025-10-17 13:30:00+00:00,49.01499938964844,50.400001525878906,48.91999816894531,50.0,12274585
2025-10-17 14:30:00+00:00,48.88970184326172,49.459999084472656,48.5099983215332,49.02000045776367,5266067
2025-10-17 15:30:00+00:00,50.099998474121094,50.6599006652832,48.529998779296875,48.900001525878906,4960836
2025-10-17 16:30:00+00:00,49.7400016784668,50.380001068115234,49.6150016784668,50.09590148925781,2972012
2025-10-17 17:30:00+00:00,50.63999938964844,50.740501403808594,49.66999816894531,49.73500061035156,2747330
2025-10-17 18:30:00+00:00,50.97829818725586,51.04999923706055,50.36600112915039,50.650001525878906,2196416
2025-10-17 19:30:00+00:00,49.95000076293945,51.02000045776367,49.79999923706055,50.959999084472656,3639332
2025-10-20 13:30:00+00:00,53.68000030517578,54.25,51.79999923706055,52.75,13908395
2025-10-20 14:30:00+00:00,53.640098571777344,54.36000061035156,53.27000045776367,53.68000030517578,3812479
2025-10-20 15:30:00+00:00,52.845001220703125,53.939998626708984,52.65999984741211,53.650001525878906,2664331
2025-10-20 16:30:00+00:00,52.656700134277344,53.29999923706055,52.38999938964844,52.849998474121094,2157428
2025-10-20 17:30:00+00:00,52.310001373291016,53.04999923706055,52.11000061035156,52.67679977416992,1777537
2025-10-20 18:30:00+00:00,52.93000030517578,53.130001068115234,52.060001373291016,52.28499984741211,1807510
2025-10-20 19:30:00+00:00,53.66999816894531,53.880001068115234,52.790000915527344,52.93000030517578,2841321
2025-10-21 13:30:00+00:00,52.35499954223633,53.529998779296875,51.62009811401367,52.65999984741211,6753664
2025-10-21 14:30:00+00:00,54.40999984741211,55.189998626708984,52.29999923706055,52.3650016784668,8228827
2025-10-21 15:30:00+00:00,54.91999816894531,54.970001220703125,54.040000915527344,54.40999984741211,3853331
2025-10-21 16:30:00+00:00,53.060001373291016,55.09000015258789,52.47999954223633,54.90999984741211,4945622
2025-10-21 17:30:00+00:00,52.20500183105469,53.19499969482422,52.029998779296875,53.060001373291016,2813782
2025-10-21 18:30:00+00:00,52.15999984741211,52.56990051269531,51.900001525878906,52.2052001953125,2519281
2025-10-21 19:30:00+00:00,51.900001525878906,52.40999984741211,51.72999954223633,52.16999816894531,3204137
2025-10-22 13:30:00+00:00,49.005001068115234,51.040000915527344,48.91999816894531,51.0,8401647
2025-10-22 14:30:00+00:00,48.130001068115234,49.33000183105469,48.060001373291016,49.029998779296875,7295026
2025-10-22 15:30:00+00:00,47.805999755859375,48.86000061035156,47.5099983215332,48.13999938964844,4225966
2025-10-22 16:30:00+00:00,47.279998779296875,48.08000183105469,47.08000183105469,47.80830001831055,4034883
2025-10-22 17:30:00+00:00,47.5099983215332,47.81999969482422,46.560001373291016,47.2599983215332,4706351
2025-10-22 18:30:00+00:00,48.459999084472656,48.59000015258789,47.380001068115234,47.5,2455888
2025-10-22 19:30:00+00:00,48.04499816894531,48.880001068115234,47.69499969482422,48.470001220703125,3374302
2025-10-23 13:30:00+00:00,48.1150016784668,48.95970153808594,47.939998626708984,48.650001525878906,5425746
2025-10-23 14:30:00+00:00,48.369998931884766,48.7599983215332,48.025001525878906,48.119998931884766,3081431
2025-10-23 15:30:00+00:00,48.04499816894531,48.869998931884766,47.95640182495117,48.380001068115234,2533524
2025-10-23 16:30:00+00:00,48.570098876953125,48.97999954223633,47.82500076293945,48.04990005493164,2494167
2025-10-23 17:30:00+00:00,49.400001525878906,49.560001373291016,48.582000732421875,48.59000015258789,2938293
2025-10-23 18:30:00+00:00,49.4296989440918,49.459999084472656,48.91999816894531,49.400001525878906,1603026
2025-10-23 19:30:00+00:00,49.119998931884766,49.599998474121094,49.0,49.4099006652832,2205649
2025-10-24 13:30:00+00:00,50.592498779296875,51.619998931884766,50.36000061035156,51.0,8780700
2025-10-24 14:30:00+00:00,50.779998779296875,51.16999816894531,50.11000061035156,50.560001373291016,3406800
2025-10-24 15:30:00+00:00,50.314998626708984,50.97999954223633,50.13999938964844,50.79999923706055,2699886
2025-10-24 16:30:00+00:00,50.4724006652832,50.64400100708008,49.939998626708984,50.33000183105469,2043102
2025-10-24 17:30:00+00:00,50.242801666259766,50.630001068115234,50.16999816894531,50.45000076293945,1341709
2025-10-24 18:30:00+00:00,50.36000061035156,50.599998474121094,50.029998779296875,50.250099182128906,1663792
2025-10-24 19:30:00+00:00,50.310001373291016,50.505001068115234,50.150001525878906,50.369998931884766,1862453
2025-10-27 13:30:00+00:00,52.13999938964844,53.939998626708984,51.77000045776367,53.939998626708984,11936101
2025-10-27 14:30:00+00:00,53.130001068115234,53.189998626708984,51.900001525878906,52.08060073852539,3067525
2025-10-27 15:30:00+00:00,53.630001068115234,53.70000076293945,52.75,53.119998931884766,3353528
2025-10-27 16:30:00+00:00,53.75,54.174598693847656,53.0,53.630001068115234,3755665
2025-10-27 17:30:00+00:00,53.470001220703125,54.13999938964844,53.29999923706055,53.72930145263672,2821732
2025-10-27 18:30:00+00:00,54.380001068115234,54.540000915527344,53.46500015258789,53.46500015258789,3193190
2025-10-27 19:30:00+00:00,53.66999816894531,54.479000091552734,53.5,54.38999938964844,3610260
2025-10-28 13:30:00+00:00,53.23680114746094,54.02989959716797,52.900001525878906,53.150001525878906,5767602
2025-10-28 14:30:00+00:00,52.810001373291016,53.38999938964844,52.400001525878906,53.2400016784668,3800818
2025-10-28 15:30:00+00:00,53.190101623535156,53.22990036010742,52.63999938964844,52.80759811401367,1709143
2025-10-28 16:30:00+00:00,53.08000183105469,53.529998779296875,52.95000076293945,53.189998626708984,2717759
2025-10-28 17:30:00+00:00,53.387901306152344,53.654998779296875,52.88999938964844,53.08000183105469,1806123
2025-10-28 18:30:00+00:00,52.90999984741211,53.58000183105469,52.8203010559082,53.38999938964844,2255153
2025-10-28 19:30:00+00:00,52.630001068115234,53.279998779296875,52.529998779296875,52.90999984741211,2799547
2025-10-29 13:30:00+00:00,50.959999084472656,52.22999954223633,50.77000045776367,52.0,6949051
2025-10-29 14:30:00+00:00,51.169898986816406,51.43000030517578,50.540000915527344,50.959999084472656,3106528
2025-10-29 15:30:00+00:00,50.88029861450195,51.22999954223633,50.56999969482422,51.13999938964844,2662841
2025-10-29 16:30:00+00:00,50.58000183105469,51.30500030517578,50.45000076293945,50.891998291015625,1786244
2025-10-29 17:30:00+00:00,50.810001373291016,51.36989974975586,50.5,50.570701599121094,2335933
2025-10-29 18:30:00+00:00,50.09000015258789,51.09000015258789,48.880001068115234,50.814998626708984,7921169
2025-10-29 19:30:00+00:00,49.72999954223633,50.29499816894531,49.61000061035156,50.08000183105469,2732464
2025-10-30 13:30:00+00:00,47.279998779296875,48.439998626708984,47.13999938964844,48.040000915527344,9466737
2025-10-30 14:30:00+00:00,46.94499969482422,47.579898834228516,46.77000045776367,47.279998779296875,4194759
2025-10-30 15:30:00+00:00,47.04499816894531,47.099998474121094,45.86199951171875,46.94499969482422,5853704
2025-10-30 16:30:00+00:00,45.849998474121094,47.21879959106445,45.5,47.05500030517578,3925604
2025-10-30 17:30:00+00:00,45.27000045776367,45.849998474121094,45.19499969482422,45.849998474121094,4950831
2025-10-30 18:30:00+00:00,45.164100646972656,45.81999969482422,45.0099983215332,45.27000045776367,3904802
2025-10-30 19:30:00+00:00,44.560001373291016,45.412200927734375,44.470001220703125,45.16999816894531,5327800
2025-10-31 13:30:00+00:00,46.46329879760742,47.00899887084961,45.900001525878906,46.779998779296875,6966217
2025-10-31 14:30:00+00:00,47.016998291015625,47.375701904296875,46.330101013183594,46.459999084472656,2657924
2025-10-31 15:30:00+00:00,46.685001373291016,47.150001525878906,46.099998474121094,47.02000045776367,2131505
2025-10-31 16:30:00+00:00,45.52130126953125,46.739498138427734,45.400001525878906,46.689998626708984,2417027
2025-10-31 17:30:00+00:00,45.95500183105469,46.040000915527344,45.16999816894531,45.5099983215332,1878963
2025-10-31 18:30:00+00:00,46.36000061035156,46.41999816894531,45.51499938964844,45.95500183105469,1936803
2025-10-31 19:30:00+00:00,46.6349983215332,46.84000015258789,46.31999969482422,46.36000061035156,2908347
2025-11-03 14:30:00+00:00,42.68989944458008,44.880001068115234,42.63999938964844,44.779998779296875,12174855
2025-11-03 15:30:00+00:00,43.279701232910156,43.64500045776367,42.4900016784668,42.68000030517578,5321725
2025-11-03 16:30:00+00:00,43.61000061035156,43.81999969482422,43.084999084472656,43.27000045776367,2601362
2025-11-03 17:30:00+00:00,43.7400016784668,44.33000183105469,43.54999923706055,43.59000015258789,2670553
2025-11-03 18:30:00+00:00,43.28860092163086,44.1837272644043,43.27000045776367,43.72999954223633,2580338
2025-11-03 19:30:00+00:00,43.32500076293945,43.665000915527344,43.18000030517578,43.279998779296875,2274569
2025-11-03 20:30:00+00:00,42.81999969482422,43.540000915527344,42.70000076293945,43.33000183105469,3904877
2025-11-04 14:30:00+00:00,42.88999938964844,43.02000045776367,40.34000015258789,40.529998779296875,12716526
2025-11-04 15:30:00+00:00,41.410499572753906,42.929901123046875,41.20000076293945,42.880001068115234,3902973
2025-11-04 16:30:00+00:00,41.13999938964844,41.5,40.400001525878906,41.400001525878906,4899903
2025-11-04 17:30:00+00:00,40.38999938964844,41.40999984741211,40.099998474121094,41.119998931884766,4755437
2025-11-04 18:30:00+00:00,40.25,40.63999938964844,39.849998474121094,40.38130187988281,4921503
2025-11-04 19:30:00+00:00,40.029701232910156,40.384700775146484,39.685001373291016,40.25299835205078,5304130
2025-11-04 20:30:00+00:00,39.459999084472656,40.290000915527344,39.320499420166016,40.029998779296875,5164440
2025-11-05 14:30:00+00:00,41.20000076293945,41.54999923706055,40.279998779296875,41.25,10343205
2025-11-05 15:30:00+00:00,41.4900016784668,42.268001556396484,41.099998474121094,41.20000076293945,5403557
2025-11-05 16:30:00+00:00,41.72990036010742,42.39500045776367,41.36000061035156,41.48500061035156,3721344
2025-11-05 17:30:00+00:00,42.22999954223633,42.255001068115234,41.41999816894531,41.72999954223633,2581824
2025-11-05 18:30:00+00:00,41.869998931884766,42.58000183105469,41.5443000793457,42.2400016784668,3792490
2025-11-05 19:30:00+00:00,41.83000183105469,42.23500061035156,41.599998474121094,41.869998931884766,2816397
2025-11-05 20:30:00+00:00,41.3849983215332,41.900001525878906,41.369998931884766,41.84000015258789,2997799
2025-11-06 14:30:00+00:00,39.6349983215332,40.6349983215332,39.060001373291016,40.5,9334523
2025-11-06 15:30:00+00:00,38.56999969482422,39.689998626708984,38.279998779296875,39.65999984741211,5338782
2025-11-06 16:30:00+00:00,38.27000045776367,38.59000015258789,37.849998474121094,38.560001373291016,4181177
2025-11-06 17:30:00+00:00,37.84000015258789,38.83000183105469,37.65999984741211,38.27000045776367,3595327
2025-11-06 18:30:00+00:00,38.31999969482422,38.54990005493164,37.790000915527344,37.869998931884766,4907281
2025-11-06 19:30:00+00:00,37.649898529052734,38.59000015258789,37.61000061035156,38.32500076293945,3308574
2025-11-06 20:30:00+00:00,37.34000015258789,37.82500076293945,37.12009811401367,37.650001525878906,4877910
2025-11-07 14:30:00+00:00,37.18000030517578,37.44990158081055,35.790000915527344,37.38999938964844,11929994
2025-11-07 15:30:00+00:00,37.189998626708984,37.400001525878906,36.470001220703125,37.17499923706055,4138481
2025-11-07 16:30:00+00:00,38.094398498535156,38.400001525878906,36.61000061035156,37.19499969482422,4488170
2025-11-07 17:30:00+00:00,38.90999984741211,38.93989944458008,37.849998474121094,38.09000015258789,5239986
2025-11-07 18:30:00+00:00,39.33000183105469,39.349998474121094,38.560001373291016,38.91999816894531,4088677
2025-11-07 19:30:00+00:00,40.11000061035156,40.31999969482422,39.34000015258789,39.34000015258789,5810019
2025-11-07 20:30:00+00:00,40.15999984741211,40.4900016784668,40.099998474121094,40.1150016784668,5225910
2025-11-10 14:30:00+00:00,42.16859817504883,43.77000045776367,41.77009963989258,43.40999984741211,14953328
2025-11-10 15:30:00+00:00,42.209999084472656,42.59000015258789,41.470001220703125,42.150001525878906,4256146
2025-11-10 16:30:00+00:00,41.94649887084961,42.4900016784668,41.56869888305664,42.19200134277344,4051231
2025-11-10 17:30:00+00:00,42.18000030517578,42.88999938964844,41.94499969482422,41.95800018310547,3324381
2025-11-10 18:30:00+00:00,41.40999984741211,42.290000915527344,41.209999084472656,42.20000076293945,3801119
2025-11-10 19:30:00+00:00,41.11000061035156,42.0,41.11000061035156,41.38999938964844,3629516
2025-11-10 20:30:00+00:00,41.150001525878906,41.83000183105469,40.959999084472656,41.11000061035156,3673715
2025-11-11 14:30:00+00:00,40.380001068115234,41.43000030517578,39.95000076293945,40.720001220703125,7133779
2025-11-11 15:30:00+00:00,40.42499923706055,40.96160125732422,40.15999984741211,40.380001068115234,2457879
2025-11-11 16:30:00+00:00,40.35499954223633,40.81999969482422,40.290000915527344,40.43000030517578,1915156
2025-11-11 17:30:00+00:00,40.275001525878906,40.41640090942383,39.75,40.36000061035156,2663351
2025-11-11 18:30:00+00:00,39.91999816894531,40.36000061035156,39.83000183105469,40.275001525878906,1752990
2025-11-11 19:30:00+00:00,39.900001525878906,40.040000915527344,38.43000030517578,39.93000030517578,2279320
2025-11-11 20:30:00+00:00,39.579498291015625,39.880001068115234,39.369998931884766,39.880001068115234,2447296
2025-11-12 14:30:00+00:00,40.290000915527344,41.2505989074707,39.95500183105469,41.060001373291016,7281306
2025-11-12 15:30:00+00:00,39.88999938964844,40.599998474121094,39.29999923706055,40.29999923706055,4513526
2025-11-12 16:30:00+00:00,39.6349983215332,40.47999954223633,39.560001373291016,39.869998931884766,3077215
2025-11-12 17:30:00+00:00,39.97999954223633,40.61000061035156,39.61000061035156,39.650001525878906,2708598
2025-11-12 18:30:00+00:00,39.68000030517578,40.34000015258789,39.41999816894531,39.959999084472656,2022189
2025-11-12 19:30:00+00:00,40.56650161743164,40.61000061035156,39.5,39.68000030517578,2415686
2025-11-12 20:30:00+00:00,40.55500030517578,40.83000183105469,40.25,40.564998626708984,3990009
2025-11-13 14:30:00+00:00,38.959999084472656,40.130001068115234,38.459999084472656,39.900001525878906,8106524
2025-11-13 15:30:00+00:00,37.880001068115234,38.963199615478516,37.650001525878906,38.959999084472656,5539403
2025-11-13 16:30:00+00:00,37.69150161743164,37.970001220703125,37.230098724365234,37.869998931884766,4477483
2025-11-13 17:30:00+00:00,36.829898834228516,37.959999084472656,36.70000076293945,37.70000076293945,5266141
2025-11-13 18:30:00+00:00,37.060001373291016,37.119998931884766,36.04999923706055,36.83000183105469,5848025
2025-11-13 19:30:00+00:00,36.6150016784668,37.06999969482422,36.22999954223633,37.04999923706055,3690391
2025-11-13 20:30:00+00:00,36.54460144042969,37.18989944458008,36.5,36.630001068115234,4723650
2025-11-14 14:30:00+00:00,35.16999816894531,36.040000915527344,34.31999969482422,35.0,14987518
2025-11-14 15:30:00+00:00,35.5,35.959999084472656,34.619998931884766,35.15999984741211,6255319
2025-11-14 16:30:00+00:00,35.199798583984375,35.619998931884766,35.03499984741211,35.5,4358866
2025-11-14 17:30:00+00:00,34.189300537109375,35.19499969482422,34.08000183105469,35.19499969482422,4848772
2025-11-14 18:30:00+00:00,34.290000915527344,34.429901123046875,33.54499816894531,34.16999816894531,5523840
2025-11-14 19:30:00+00:00,34.400001525878906,34.70000076293945,34.0099983215332,34.29999923706055,4101767
2025-11-14 20:30:00+00:00,34.40999984741211,34.54999923706055,33.959999084472656,34.400001525878906,5202923
2025-11-17 14:30:00+00:00,33.109901428222656,34.369998931884766,32.790000915527344,33.75,12907545
2025-11-17 15:30:00+00:00,32.45000076293945,33.16999816894531,31.65999984741211,33.11000061035156,7806018
2025-11-17 16:30:00+00:00,32.22999954223633,32.72999954223633,31.975000381469727,32.439998626708984,4139549
2025-11-17 17:30:00+00:00,31.28499984741211,32.37139892578125,31.260000228881836,32.2400016784668,5722757
2025-11-17 18:30:00+00:00,30.670000076293945,31.56999969482422,30.5,31.28499984741211,7712268
2025-11-17 19:30:00+00:00,31.05500030517578,31.079999923706055,30.1200008392334,30.65999984741211,9327013
2025-11-17 20:30:00+00:00,30.950000762939453,31.1200008392334,30.450000762939453,31.049999237060547,6641200
2025-11-18 14:30:00+00:00,32.359901428222656,32.52000045776367,30.469999313354492,30.844999313354492,15842811
2025-11-18 15:30:00+00:00,33.04999923706055,33.23500061035156,31.59000015258789,32.349998474121094,9026997
2025-11-18 16:30:00+00:00,32.12379837036133,33.38999938964844,32.12009811401367,33.05459976196289,6169350
2025-11-18 17:30:00+00:00,32.61000061035156,33.189998626708984,32.06999969482422,32.130001068115234,5292495
2025-11-18 18:30:00+00:00,32.75830078125,33.08000183105469,32.52000045776367,32.61000061035156,3435990
2025-11-18 19:30:00+00:00,32.52000045776367,33.1879997253418,32.369998931884766,32.7599983215332,3643917
2025-11-18 20:30:00+00:00,32.25,32.619998931884766,32.25,32.52000045776367,4324718
2025-11-19 14:30:00+00:00,31.565000534057617,32.380001068115234,31.290000915527344,31.75,9173080
2025-11-19 15:30:00+00:00,30.264999389648438,31.57990074157715,30.25,31.56999969482422,7408525
2025-11-19 16:30:00+00:00,29.530000686645508,30.309999465942383,29.459999084472656,30.264999389648438,7857741
2025-11-19 17:30:00+00:00,28.920000076293945,29.59000015258789,28.809999465942383,29.520000457763672,5502065
2025-11-19 18:30:00+00:00,28.950000762939453,29.309999465942383,28.84000015258789,28.915000915527344,4708507
2025-11-19 19:30:00+00:00,29.559999465942383,29.65999984741211,28.75,28.941999435424805,4641890
2025-11-19 20:30:00+00:00,29.084999084472656,29.85650062561035,28.950000762939453,29.549999237060547,5566432
2025-11-20 14:30:00+00:00,29.639999389648438,30.3799991607666,29.219999313354492,30.239999771118164,11950894
2025-11-20 15:30:00+00:00,27.90999984741211,29.635000228881836,27.739999771118164,29.635000228881836,9374255
2025-11-20 16:30:00+00:00,26.560100555419922,27.979900360107422,26.489999771118164,27.889999389648438,10755734
2025-11-20 17:30:00+00:00,26.895000457763672,27.389999389648438,26.23859977722168,26.559999465942383,7308136
2025-11-20 18:30:00+00:00,26.545000076293945,26.950000762939453,25.96030044555664,26.8799991607666,7272549
2025-11-20 19:30:00+00:00,26.749900817871094,26.770000457763672,26.07270050048828,26.540000915527344,5826668
2025-11-20 20:30:00+00:00,26.020000457763672,26.739999771118164,25.950000762939453,26.739999771118164,5320851
2025-11-21 14:30:00+00:00,24.8700008392334,26.770000457763672,24.760000228881836,26.020000457763672,18915519
2025-11-21 15:30:00+00:00,25.18000030517578,25.209999084472656,24.329999923706055,24.860000610351562,7579225
2025-11-21 16:30:00+00:00,26.485000610351562,26.690000534057617,25.110000610351562,25.190000534057617,7692154
2025-11-21 17:30:00+00:00,25.68000030517578,26.75,25.301000595092773,26.5,4822621
2025-11-21 18:30:00+00:00,26.340099334716797,26.522899627685547,25.635000228881836,25.65999984741211,4291170
2025-11-21 19:30:00+00:00,25.900100708007812,26.388200759887695,25.75,26.354999542236328,4569873
2025-11-21 20:30:00+00:00,25.920000076293945,26.184999465942383,25.81999969482422,25.899999618530273,4877651
2025-11-24 14:30:00+00:00,28.179899215698242,28.3799991607666,26.459999084472656,26.940000534057617,16917305
2025-11-24 15:30:00+00:00,28.829999923706055,29.100000381469727,27.93000030517578,28.139999389648438,8333143
2025-11-24 16:30:00+00:00,29.219999313354492,29.229999542236328,28.485000610351562,28.83989906311035,5610529
2025-11-24 17:30:00+00:00,29.450000762939453,29.485000610351562,29.0,29.21500015258789,5820277
2025-11-24 18:30:00+00:00,30.125,30.219999313354492,29.41659927368164,29.450000762939453,5953417
2025-11-24 19:30:00+00:00,30.739999771118164,31.18000030517578,29.799999237060547,30.1200008392334,10809154
2025-11-24 20:30:00+00:00,31.065000534057617,31.52989959716797,30.530000686645508,30.739999771118164,9939638
2025-11-25 14:30:00+00:00,30.684999465942383,30.690000534057617,28.670000076293945,29.889999389648438,16475765
2025-11-25 15:30:00+00:00,30.559999465942383,31.0,30.030000686645508,30.684999465942383,4933377
2025-11-25 16:30:00+00:00,30.5049991607666,30.63719940185547,30.0,30.579999923706055,3239120
2025-11-25 17:30:00+00:00,30.243999481201172,31.0,30.170000076293945,30.50349998474121,3308127
2025-11-25 18:30:00+00:00,28.7893009185791,30.288999557495117,28.709999084472656,30.25,5618216
2025-11-25 19:30:00+00:00,29.823400497436523,30.020000457763672,28.690000534057617,28.787166595458984,6554435
2025-11-25 20:30:00+00:00,28.950000762939453,30.100000381469727,28.850000381469727,29.829999923706055,5340665
2025-11-26 14:30:00+00:00,29.639999389648438,30.90999984741211,29.360000610351562,30.31999969482422,12529103
2025-11-26 15:30:00+00:00,30.239999771118164,30.678499221801758,29.459999084472656,29.63719940185547,4745731
2025-11-26 16:30:00+00:00,30.399999618530273,30.520000457763672,29.829999923706055,30.239999771118164,4285101
2025-11-26 17:30:00+00:00,32.059898376464844,32.150001525878906,30.309999465942383,30.405000686645508,11424110
2025-11-26 18:30:00+00:00,32.02989959716797,32.34000015258789,31.469999313354492,32.04499816894531,5775381
2025-11-26 19:30:00+00:00,31.924100875854492,32.45000076293945,31.799999237060547,32.029998779296875,5361401
2025-11-26 20:30:00+00:00,31.715499877929688,31.989999771118164,31.549999237060547,31.920000076293945,4608500
2025-11-28 14:30:00+00:00,34.94499969482422,35.20000076293945,33.02000045776367,33.79999923706055,20829812
2025-11-28 15:30:00+00:00,33.4900016784668,35.130001068115234,33.369998931884766,34.95000076293945,8833450
2025-11-28 16:30:00+00:00,32.1974983215332,34.0,32.18000030517578,33.4900016784668,8879306
2025-12-01 14:30:00+00:00,29.22170066833496,30.899999618530273,29.079999923706055,30.510000228881836,20358645
2025-12-01 15:30:00+00:00,29.31999969482422,29.989999771118164,28.809999465942383,29.219999313354492,11966317
2025-12-01 16:30:00+00:00,29.15999984741211,29.510000228881836,28.825000762939453,29.31999969482422,5109647
2025-12-01 17:30:00+00:00,29.264999389648438,29.34000015258789,28.950000762939453,29.155000686645508,4313069
2025-12-01 18:30:00+00:00,29.249900817871094,29.659900665283203,29.020000457763672,29.264999389648438,4240405
2025-12-01 19:30:00+00:00,29.81999969482422,30.110000610351562,29.1200008392334,29.25,5139119
2025-12-01 20:30:00+00:00,28.982799530029297,30.110000610351562,28.899999618530273,29.809999465942383,7431334
2025-12-02 14:30:00+00:00,31.44700050354004,32.025001525878906,30.5,30.670000076293945,18866801
2025-12-02 15:30:00+00:00,31.001800537109375,32.02000045776367,30.954999923706055,31.440000534057617,8000056
2025-12-02 16:30:00+00:00,32.54560089111328,32.56990051269531,30.559999465942383,31.0,8523653
2025-12-02 17:30:00+00:00,32.290000915527344,32.59000015258789,32.01499938964844,32.54499816894531,4705982
2025-12-02 18:30:00+00:00,32.4228630065918,32.4900016784668,31.75,32.279998779296875,4488707
2025-12-02 19:30:00+00:00,32.051998138427734,32.810001373291016,32.0,32.43000030517578,4452554
2025-12-02 20:30:00+00:00,31.885000228881836,32.2400016784668,31.780000686645508,32.06999969482422,5288605
2025-12-03 14:30:00+00:00,32.66999816894531,34.369998931884766,32.099998474121094,33.189998626708984,19668660
2025-12-03 15:30:00+00:00,33.04499816894531,33.709999084472656,32.560001373291016,32.66999816894531,6815496
2025-12-03 16:30:00+00:00,32.970001220703125,33.40999984741211,32.72999954223633,33.04999923706055,3591575
2025-12-03 17:30:00+00:00,33.25,33.52000045776367,32.84000015258789,32.97999954223633,5381172
2025-12-03 18:30:00+00:00,33.064998626708984,33.31999969482422,32.72999954223633,33.25,3028590
2025-12-03 19:30:00+00:00,33.595001220703125,33.90999984741211,33.0,33.06999969482422,5807559
2025-12-03 20:30:00+00:00,33.56999969482422,34.0099983215332,33.349998474121094,33.59000015258789,5579024
2025-12-04 14:30:00+00:00,33.6150016784668,33.72999954223633,32.5099983215332,33.38999938964844,11027251
2025-12-04 15:30:00+00:00,35.09000015258789,35.29999923706055,33.459999084472656,33.61000061035156,8916208
2025-12-04 16:30:00+00:00,34.709999084472656,35.08000183105469,34.5,35.08000183105469,3862879
2025-12-04 17:30:00+00:00,35.01129913330078,35.08940124511719,34.330101013183594,34.709999084472656,2953626
2025-12-04 18:30:00+00:00,34.279998779296875,35.2400016784668,33.83000183105469,35.0099983215332,5113724
2025-12-04 19:30:00+00:00,35.420101165771484,35.54999923706055,34.18000030517578,34.28499984741211,4839737
2025-12-04 20:30:00+00:00,36.20209884643555,36.27000045776367,35.36000061035156,35.42449951171875,7320926
2025-12-05 14:30:00+00:00,36.345001220703125,36.439998626708984,34.5,35.150001525878906,13876393
2025-12-05 15:30:00+00:00,34.970001220703125,36.630001068115234,34.72999954223633,36.36000061035156,7488561
2025-12-05 16:30:00+00:00,34.400001525878906,34.970001220703125,34.209999084472656,34.95000076293945,5539893
2025-12-05 17:30:00+00:00,34.71379852294922,35.09000015258789,34.279998779296875,34.400001525878906,4124359
2025-12-05 18:30:00+00:00,34.66080093383789,34.75,34.15019989013672,34.70500183105469,3623246
2025-12-05 19:30:00+00:00,34.64500045776367,34.88990020751953,34.529998779296875,34.66999816894531,3155620
2025-12-05 20:30:00+00:00,34.080101013183594,34.650001525878906,34.0099983215332,34.63999938964844,5238743
2025-12-08 14:30:00+00:00,34.119998931884766,35.83000183105469,33.79999923706055,35.349998474121094,13666754
2025-12-08 15:30:00+00:00,35.0619010925293,35.06990051269531,34.0,34.119998931884766,4761893
2025-12-08 16:30:00+00:00,34.7599983215332,35.341400146484375,34.650001525878906,35.060001373291016,4119804
2025-12-08 17:30:00+00:00,34.89500045776367,35.290000915527344,34.52000045776367,34.75,3473873
2025-12-08 18:30:00+00:00,35.06999969482422,35.13130187988281,34.57500076293945,34.88999938964844,2948630
2025-12-08 19:30:00+00:00,35.77000045776367,35.92499923706055,35.02000045776367,35.060001373291016,4462628
2025-12-08 20:30:00+00:00,35.84000015258789,35.939998626708984,35.61000061035156,35.77000045776367,4270692
2025-12-09 14:30:00+00:00,36.25899887084961,36.40999984741211,34.65999984741211,35.0,8867318
2025-12-09 15:30:00+00:00,38.380001068115234,38.579898834228516,35.92900085449219,36.25,11521283
2025-12-09 16:30:00+00:00,38.63999938964844,39.25,35.970001220703125,38.380001068115234,8945838
2025-12-09 17:30:00+00:00,39.51060104370117,39.72999954223633,38.349998474121094,38.65169906616211,6453080
2025-12-09 18:30:00+00:00,39.54999923706055,39.63999938964844,39.130001068115234,39.5099983215332,4221065
2025-12-09 19:30:00+00:00,39.2400016784668,39.790000915527344,38.970001220703125,39.54999923706055,4859807
2025-12-09 20:30:00+00:00,39.189998626708984,39.400001525878906,38.66310119628906,39.2400016784668,5903994
2025-12-10 14:30:00+00:00,39.45000076293945,39.95000076293945,38.43600082397461,38.93000030517578,10538758
2025-12-10 15:30:00+00:00,39.54499816894531,39.63999938964844,39.0,39.470001220703125,4017042
2025-12-10 16:30:00+00:00,39.1349983215332,39.63999938964844,39.040000915527344,39.56999969482422,3044179
2025-12-10 17:30:00+00:00,39.541500091552734,39.58000183105469,39.005001068115234,39.130001068115234,2599806
2025-12-10 18:30:00+00:00,40.619998931884766,40.88990020751953,39.5,39.540000915527344,9350338
2025-12-10 19:30:00+00:00,41.51319885253906,42.084999084472656,40.16999816894531,40.599998474121094,12657321
2025-12-10 20:30:00+00:00,40.369998931884766,41.68000030517578,40.31999969482422,41.4900016784668,6403901
2025-12-11 14:30:00+00:00,39.16999816894531,39.46760177612305,37.6609001159668,38.79999923706055,13752178
2025-12-11 15:30:00+00:00,38.34000015258789,39.269901275634766,38.02000045776367,39.15999984741211,4760679
2025-12-11 16:30:00+00:00,39.02000045776367,39.119998931884766,38.29999923706055,38.33000183105469,2911157
2025-12-11 17:30:00+00:00,38.880001068115234,39.349998474121094,38.79999923706055,39.040000915527344,2695906
2025-12-11 18:30:00+00:00,38.209999084472656,39.23500061035156,38.09000015258789,38.880001068115234,5083717
2025-12-11 19:30:00+00:00,38.570098876953125,38.869998931884766,38.15010070800781,38.220001220703125,3813920
2025-12-11 20:30:00+00:00,38.34000015258789,38.810001373291016,38.22999954223633,38.58000183105469,4562457
2025-12-12 14:30:00+00:00,36.70000076293945,38.79999923706055,36.689998626708984,38.5,11738607
2025-12-12 15:30:00+00:00,36.44499969482422,37.13999938964844,35.75,36.70000076293945,10156299
2025-12-12 16:30:00+00:00,35.83000183105469,36.56999969482422,35.459999084472656,36.44499969482422,6385173
2025-12-12 17:30:00+00:00,35.959999084472656,36.16999816894531,35.625,35.81999969482422,3522802
2025-12-12 18:30:00+00:00,35.619998931884766,36.29999923706055,35.52000045776367,35.959999084472656,3486815
2025-12-12 19:30:00+00:00,35.31999969482422,35.75,35.290000915527344,35.619998931884766,3661545
2025-12-12 20:30:00+00:00,34.81999969482422,35.34000015258789,34.7400016784668,35.310001373291016,7831494
2025-12-15 14:30:00+00:00,32.36000061035156,34.84000015258789,32.06999969482422,34.52000045776367,17638883
2025-12-15 15:30:00+00:00,32.7599983215332,32.95000076293945,32.160301208496094,32.349998474121094,6462658
2025-12-15 16:30:00+00:00,32.20000076293945,32.78499984741211,31.875,32.7599983215332,5793322
2025-12-15 17:30:00+00:00,31.07029914855957,32.28689956665039,31.06999969482422,32.20000076293945,6883555
2025-12-15 18:30:00+00:00,31.735000610351562,32.130001068115234,30.760099411010742,31.06999969482422,7138971
2025-12-15 19:30:00+00:00,31.44499969482422,31.8700008392334,31.110000610351562,31.735000610351562,4666262
2025-12-15 20:30:00+00:00,30.950000762939453,31.614999771118164,30.899999618530273,31.450000762939453,7460415
2025-12-16 14:30:00+00:00,30.975000381469727,31.610000610351562,30.3700008392334,30.84000015258789,14564833
2025-12-16 15:30:00+00:00,31.008100509643555,31.75749969482422,30.65999984741211,30.959999084472656,7800685
2025-12-16 16:30:00+00:00,30.864999771118164,31.209999084472656,30.75,31.0,2854905
2025-12-16 17:30:00+00:00,30.898500442504883,30.989999771118164,30.6200008392334,30.860000610351562,2467692
2025-12-16 18:30:00+00:00,31.15999984741211,31.678600311279297,30.895000457763672,30.895000457763672,3832653
2025-12-16 19:30:00+00:00,31.364999771118164,31.540000915527344,31.079999923706055,31.165000915527344,2858726
2025-12-16 20:30:00+00:00,31.389999389648438,31.510000228881836,31.270000457763672,31.360000610351562,3383832
2025-12-17 14:30:00+00:00,31.764999389648438,32.224998474121094,30.219999313354492,31.280000686645508,14215755
2025-12-17 15:30:00+00:00,29.8700008392334,31.81999969482422,29.600000381469727,31.760000228881836,10144087
2025-12-17 16:30:00+00:00,30.11009979248047,30.319799423217773,29.459999084472656,29.860000610351562,6021336
2025-12-17 17:30:00+00:00,29.95330047607422,30.239999771118164,29.780000686645508,30.110000610351562,2696253
2025-12-17 18:30:00+00:00,29.3799991607666,30.0226993560791,29.260000228881836,29.940000534057617,6937119
2025-12-17 19:30:00+00:00,29.570100784301758,29.72130012512207,29.139999389648438,29.3700008392334,4264013
2025-12-17 20:30:00+00:00,29.299999237060547,29.625,29.190000534057617,29.575000762939453,6290789
2025-12-18 14:30:00+00:00,30.71980094909668,31.719999313354492,30.149999618530273,31.190000534057617,14735224
2025-12-18 15:30:00+00:00,30.25,31.190000534057617,30.19499969482422,30.709999084472656,6397426
2025-12-18 16:30:00+00:00,29.420000076293945,30.489999771118164,29.040000915527344,30.25,6988588
2025-12-18 17:30:00+00:00,29.86989974975586,30.350000381469727,29.329999923706055,29.420000076293945,6089141
2025-12-18 18:30:00+00:00,29.510000228881836,30.030000686645508,29.389999389648438,29.8700008392334,3761018
2025-12-18 19:30:00+00:00,28.6200008392334,29.55500030517578,28.575000762939453,29.489999771118164,6662874
2025-12-18 20:30:00+00:00,28.43000030517578,28.780000686645508,28.399999618530273,28.6200008392334,5289896
2025-12-19 14:30:00+00:00,30.738100051879883,31.290000915527344,29.59000015258789,29.8799991607666,14944480
2025-12-19 15:30:00+00:00,31.030000686645508,31.087799072265625,30.399999618530273,30.729999542236328,5079149
2025-12-19 16:30:00+00:00,31.045000076293945,31.479999542236328,30.809999465942383,31.030000686645508,5872080
2025-12-19 17:30:00+00:00,31.014999389648438,31.170000076293945,30.729999542236328,31.049999237060547,3515671
2025-12-19 18:30:00+00:00,31.190000534057617,31.295000076293945,30.575000762939453,31.010099411010742,3186582
2025-12-19 19:30:00+00:00,31.229999542236328,31.5,31.075000762939453,31.192800521850586,5363800
2025-12-19 20:30:00+00:00,31.56999969482422,31.610000610351562,30.94300079345703,31.219999313354492,8351807
2025-12-22 14:30:00+00:00,31.718599319458008,32.779998779296875,31.59000015258789,32.68000030517578,14426144
2025-12-22 15:30:00+00:00,31.892499923706055,32.040000915527344,31.34000015258789,31.71500015258789,5624820
2025-12-22 16:30:00+00:00,31.348400115966797,31.90999984741211,31.260000228881836,31.889999389648438,3719783
2025-12-22 17:30:00+00:00,31.22279930114746,31.469900131225586,31.081199645996094,31.34000015258789,2622610
2025-12-22 18:30:00+00:00,30.969600677490234,31.4950008392334,30.890100479125977,31.239999771118164,3043077
2025-12-22 19:30:00+00:00,30.56999969482422,31.049999237060547,30.5,30.969999313354492,3708812
2025-12-22 20:30:00+00:00,31.110000610351562,31.110000610351562,30.540000915527344,30.56999969482422,3122989
2025-12-23 14:30:00+00:00,29.610000610351562,30.31999969482422,28.940000534057617,30.0,13081819
2025-12-23 15:30:00+00:00,29.9950008392334,30.22960090637207,29.594999313354492,29.600000381469727,4289115
2025-12-23 16:30:00+00:00,29.614999771118164,30.1200008392334,29.614999771118164,30.0,2770258
2025-12-23 17:30:00+00:00,29.489999771118164,29.790000915527344,29.219999313354492,29.614999771118164,2967164
2025-12-23 18:30:00+00:00,29.360000610351562,29.799999237060547,29.309999465942383,29.489999771118164,2775195
2025-12-23 19:30:00+00:00,29.485000610351562,29.6299991607666,29.280000686645508,29.360000610351562,2618595
2025-12-23 20:30:00+00:00,29.809799194335938,29.940000534057617,29.469999313354492,29.485000610351562,4174304
2025-12-24 14:30:00+00:00,29.186500549316406,29.530000686645508,28.739999771118164,29.170000076293945,8350792
2025-12-24 15:30:00+00:00,29.06999969482422,29.350000381469727,29.030000686645508,29.170000076293945,2930900
2025-12-24 16:30:00+00:00,29.320199966430664,29.3799991607666,28.989999771118164,29.075599670410156,3800505
2025-12-26 14:30:00+00:00,28.174999237060547,29.5,27.899999618530273,29.469999313354492,12425611
2025-12-26 15:30:00+00:00,28.30500030517578,28.420000076293945,27.96500015258789,28.179800033569336,5172623
2025-12-26 16:30:00+00:00,28.540000915527344,28.559999465942383,28.15999984741211,28.300100326538086,2589151
2025-12-26 17:30:00+00:00,28.422000885009766,28.600000381469727,28.385000228881836,28.540000915527344,2010342
2025-12-26 18:30:00+00:00,28.469999313354492,28.65999984741211,28.40999984741211,28.40999984741211,1867805
2025-12-26 19:30:00+00:00,28.514999389648438,28.649999618530273,28.334999084472656,28.469999313354492,2115318
2025-12-26 20:30:00+00:00,28.299999237060547,28.530000686645508,28.209999084472656,28.5049991607666,3129557
2025-12-29 14:30:00+00:00,28.520000457763672,29.6200008392334,27.959999084472656,28.0,12837240
2025-12-29 15:30:00+00:00,28.3799991607666,28.6200008392334,28.219999313354492,28.510000228881836,3492666
2025-12-29 16:30:00+00:00,28.184999465942383,28.520000457763672,28.09000015258789,28.375,2576443
2025-12-29 17:30:00+00:00,28.366899490356445,28.479999542236328,28.184999465942383,28.184999465942383,1889038
2025-12-29 18:30:00+00:00,28.40559959411621,28.51759910583496,28.17919921875,28.36989974975586,1789777
2025-12-29 19:30:00+00:00,28.593900680541992,28.687999725341797,28.399999618530273,28.40999984741211,2029343
2025-12-29 20:30:00+00:00,28.545000076293945,28.655000686645508,28.420000076293945,28.594999313354492,2301123
2025-12-30 14:30:00+00:00,28.46500015258789,29.190000534057617,28.200000762939453,28.600000381469727,8770644
2025-12-30 15:30:00+00:00,28.809999465942383,28.940000534057617,28.309999465942383,28.468000411987305,3760522
2025-12-30 16:30:00+00:00,28.43000030517578,28.854999542236328,28.360000610351562,28.809999465942383,2842687
2025-12-30 17:30:00+00:00,28.334999084472656,28.520000457763672,28.25,28.41010093688965,2041115
2025-12-30 18:30:00+00:00,28.304500579833984,28.399999618530273,28.079999923706055,28.34000015258789,2960592
2025-12-30 19:30:00+00:00,28.114999771118164,28.420000076293945,28.100000381469727,28.315000534057617,2343048
2025-12-30 20:30:00+00:00,27.670000076293945,28.18000030517578,27.56999969482422,28.114999771118164,5139651
2025-12-31 14:30:00+00:00,27.440000534057617,28.079999923706055,27.329999923706055,28.049999237060547,7895677
2025-12-31 15:30:00+00:00,27.510000228881836,27.75,27.334999084472656,27.450000762939453,3749606
2025-12-31 16:30:00+00:00,27.295000076293945,27.59000015258789,27.239999771118164,27.510000228881836,3902660
2025-12-31 17:30:00+00:00,27.340700149536133,27.450000762939453,27.210100173950195,27.295499801635742,2823143
2025-12-31 18:30:00+00:00,27.19499969482422,27.399999618530273,27.1299991607666,27.350000381469727,2513298
2025-12-31 19:30:00+00:00,26.954999923706055,27.25,26.940000534057617,27.200000762939453,3903672
2025-12-31 20:30:00+00:00,27.169700622558594,27.200000762939453,26.84000015258789,26.954999923706055,4812654
2026-01-02 14:30:00+00:00,28.75,29.225000381469727,27.459999084472656,28.0,11716009
2026-01-02 15:30:00+00:00,30.219900131225586,30.37820053100586,28.655000686645508,28.75,11277402
2026-01-02 16:30:00+00:00,30.844999313354492,30.905000686645508,30.100000381469727,30.209999084472656,7676590
2026-01-02 17:30:00+00:00,30.739999771118164,30.93000030517578,30.556100845336914,30.844999313354492,4658249
2026-01-02 18:30:00+00:00,30.94499969482422,31.110000610351562,30.43000030517578,30.75,4530571
2026-01-02 19:30:00+00:00,30.975000381469727,31.079999923706055,30.770000457763672,30.950000762939453,3659597
2026-01-02 20:30:00+00:00,31.15999984741211,31.260000228881836,30.799999237060547,30.975000381469727,6376391
2026-01-05 14:30:00+00:00,32.2400016784668,32.849998474121094,31.920000076293945,32.47999954223633,15636369
2026-01-05 15:30:00+00:00,32.54999923706055,32.7400016784668,32.070499420166016,32.244998931884766,7423030
2026-01-05 16:30:00+00:00,32.2400016784668,32.56679916381836,32.09000015258789,32.560001373291016,4119289
2026-01-05 17:30:00+00:00,32.415000915527344,32.689998626708984,32.20000076293945,32.244998931884766,3343812
2026-01-05 18:30:00+00:00,33.224998474121094,33.279998779296875,32.314998626708984,32.415000915527344,5547366
2026-01-05 19:30:00+00:00,33.76499938964844,33.779998779296875,32.970001220703125,33.224998474121094,5972695
2026-01-05 20:30:00+00:00,33.349998474121094,33.7599983215332,33.1150016784668,33.7599983215332,5222086
2026-01-06 14:30:00+00:00,33.369998931884766,34.040000915527344,32.90999984741211,33.52000045776367,10777179
2026-01-06 15:30:00+00:00,32.82160186767578,33.349998474121094,32.755001068115234,33.334999084472656,5005406
2026-01-06 16:30:00+00:00,32.16999816894531,32.65999984741211,32.0099983215332,32.599998474121094,5211810
2026-01-06 17:30:00+00:00,31.899999618530273,32.220001220703125,31.3799991607666,32.08000183105469,5223713
2026-01-06 18:30:00+00:00,31.99049949645996,32.06999969482422,31.540000915527344,31.834999084472656,3050837
2026-01-06 19:30:00+00:00,32.5,32.59000015258789,31.770000457763672,32.0,3745611
2026-01-06 20:30:00+00:00,32.650001525878906,32.7400016784668,32.349998474121094,32.584999084472656,3088186
2026-01-07 14:30:00+00:00,30.290000915527344,31.889999389648438,30.229999542236328,31.639999389648438,12382028
2026-01-07 15:30:00+00:00,31.239999771118164,31.389999389648438,30.229999542236328,30.290000915527344,5115266
2026-01-07 16:30:00+00:00,31.350000381469727,31.53499984741211,31.040000915527344,31.239999771118164,2969229
2026-01-07 17:30:00+00:00,30.635000228881836,31.6200008392334,30.59000015258789,31.350000381469727,3570072
2026-01-07 18:30:00+00:00,30.729999542236328,30.830799102783203,30.3700008392334,30.639999389648438,3547790
2026-01-07 19:30:00+00:00,30.520000457763672,31.070999145507812,30.469999313354492,30.729999542236328,2949083
2026-01-07 20:30:00+00:00,30.350000381469727,30.649999618530273,30.280000686645508,30.530000686645508,5208201
2026-01-08 14:30:00+00:00,30.136699676513672,30.13990020751953,29.15999984741211,29.600000381469727,10431883
2026-01-08 15:30:00+00:00,30.429399490356445,30.459699630737305,29.6299991607666,30.135000228881836,4163790
2026-01-08 16:30:00+00:00,31.05500030517578,31.360000610351562,30.260000228881836,30.420000076293945,5061500
2026-01-08 17:30:00+00:00,30.934999465942383,31.665000915527344,30.81999969482422,31.059999465942383,5190506
2026-01-08 18:30:00+00:00,31.28499984741211,31.309999465942383,30.67060089111328,30.934600830078125,3484066
2026-01-08 19:30:00+00:00,30.770000457763672,31.378700256347656,30.65999984741211,31.28499984741211,3338541
2026-01-08 20:30:00+00:00,31.280000686645508,31.34000015258789,30.7450008392334,30.770000457763672,3736714
2026-01-09 14:30:00+00:00,31.1299991607666,31.139799118041992,29.610000610351562,30.600000381469727,11031113
2026-01-09 15:30:00+00:00,31.325000762939453,31.68000030517578,30.760000228881836,31.1200008392334,6679100
2026-01-09 16:30:00+00:00,31.1299991607666,31.559999465942383,31.125,31.325000762939453,2833379
2026-01-09 17:30:00+00:00,30.600000381469727,31.1200008392334,30.440000534057617,31.1200008392334,3557924
2026-01-09 18:30:00+00:00,30.415000915527344,30.979999542236328,30.334999084472656,30.604999542236328,2728105
2026-01-09 19:30:00+00:00,30.094999313354492,30.645000457763672,30.040000915527344,30.40999984741211,3106002
2026-01-09 20:30:00+00:00,30.06999969482422,30.209999084472656,29.829999923706055,30.09000015258789,4387676
2026-01-12 14:30:00+00:00,30.530000686645508,30.540000915527344,29.709999084472656,29.940000534057617,8149449
2026-01-12 15:30:00+00:00,31.489999771118164,31.520000457763672,30.459999084472656,30.530000686645508,6131190
2026-01-12 16:30:00+00:00,30.799999237060547,31.540000915527344,30.75,31.485000610351562,4778408
2026-01-12 17:30:00+00:00,31.059999465942383,31.114999771118164,30.5,30.80500030517578,3347226
2026-01-12 18:30:00+00:00,30.889999389648438,31.149999618530273,30.704999923706055,31.06999969482422,2415922
2026-01-12 19:30:00+00:00,31.25,31.400999069213867,30.84000015258789,30.899999618530273,3127102
2026-01-12 20:30:00+00:00,31.139999389648438,31.260000228881836,30.809999465942383,31.25,3090419
2026-01-13 14:30:00+00:00,31.219999313354492,31.969999313354492,30.954999923706055,31.489999771118164,9730466
2026-01-13 15:30:00+00:00,31.5,32.130001068115234,31.17970085144043,31.219999313354492,7869954
2026-01-13 16:30:00+00:00,31.540000915527344,31.8700008392334,31.389999389648438,31.4950008392334,3357340
2026-01-13 17:30:00+00:00,31.614999771118164,31.719999313354492,31.139999389648438,31.549999237060547,3736868
2026-01-13 18:30:00+00:00,31.690000534057617,31.90999984741211,31.450000762939453,31.6200008392334,3034279
2026-01-13 19:30:00+00:00,31.834999084472656,32.2400016784668,31.600299835205078,31.684999465942383,4603597
2026-01-13 20:30:00+00:00,31.149999618530273,31.829999923706055,31.079999923706055,31.829999923706055,4772821
2026-01-14 14:30:00+00:00,33.91999816894531,34.189998626708984,32.11000061035156,32.220001220703125,21506146
2026-01-14 15:30:00+00:00,34.03499984741211,34.150001525878906,33.20000076293945,33.91999816894531,10648282
2026-01-14 16:30:00+00:00,33.33000183105469,34.38999938964844,33.150001525878906,34.02000045776367,7961650
2026-01-14 17:30:00+00:00,32.400001525878906,33.33000183105469,31.829999923706055,33.33000183105469,8408292
2026-01-14 18:30:00+00:00,33.04719924926758,33.09334945678711,31.739999771118164,32.39500045776367,5618617
2026-01-14 19:30:00+00:00,32.2400016784668,33.130699157714844,32.060001373291016,33.040000915527344,5124625
2026-01-14 20:30:00+00:00,32.63999938964844,32.75,32.130001068115234,32.22999954223633,4590791
2026-01-15 14:30:00+00:00,31.549999237060547,33.150001525878906,31.290000915527344,33.06999969482422,14959897
2026-01-15 15:30:00+00:00,31.785499572753906,31.899999618530273,31.059999465942383,31.549999237060547,5530184
2026-01-15 16:30:00+00:00,32.28499984741211,32.310001373291016,31.65999984741211,31.78019905090332,3767262
2026-01-15 17:30:00+00:00,31.940000534057617,32.48500061035156,31.885000228881836,32.28499984741211,3801725
2026-01-15 18:30:00+00:00,31.8700008392334,32.09000015258789,31.670000076293945,31.94339942932129,3447217
2026-01-15 19:30:00+00:00,31.174999237060547,31.88010025024414,31.145000457763672,31.86009979248047,4118079
2026-01-15 20:30:00+00:00,30.86989974975586,31.46980094909668,30.78499984741211,31.170000076293945,6331577
2026-01-16 14:30:00+00:00,30.420000076293945,30.889999389648438,29.780000686645508,30.864999771118164,13512400
2026-01-16 15:30:00+00:00,30.985000610351562,31.101999282836914,29.809999465942383,30.415000915527344,6320186
2026-01-16 16:30:00+00:00,30.628299713134766,31.385000228881836,30.399999618530273,30.989999771118164,5208480
2026-01-16 17:30:00+00:00,31.149999618530273,31.25,30.559999465942383,30.6200008392334,3221909
2026-01-16 18:30:00+00:00,30.735000610351562,31.489999771118164,30.719999313354492,31.153799057006836,3614288
2026-01-16 19:30:00+00:00,30.53499984741211,30.799999237060547,30.260000228881836,30.739999771118164,3821844
2026-01-16 20:30:00+00:00,31.209999084472656,31.209999084472656,30.400999069213867,30.530000686645508,4492936
2026-01-20 14:30:00+00:00,29.0,29.200000762939453,28.350000381469727,28.770000457763672,16941437
2026-01-20 15:30:00+00:00,28.860000610351562,29.274999618530273,28.78499984741211,28.989999771118164,4757721
2026-01-20 16:30:00+00:00,28.899999618530273,29.149999618530273,28.479000091552734,28.860000610351562,4525102
2026-01-20 17:30:00+00:00,28.594999313354492,28.899999618530273,28.360000610351562,28.899999618530273,4518934
2026-01-20 18:30:00+00:00,28.639999389648438,28.81999969482422,28.291000366210938,28.59000015258789,3408417
2026-01-20 19:30:00+00:00,28.690000534057617,28.81999969482422,28.31999969482422,28.6299991607666,3236593
2026-01-20 20:30:00+00:00,28.235000610351562,28.704999923706055,28.040000915527344,28.690000534057617,5549322
2026-01-21 14:30:00+00:00,28.325000762939453,28.729999542236328,27.920000076293945,28.360000610351562,10341974
2026-01-21 15:30:00+00:00,27.80500030517578,28.6299991607666,27.670000076293945,28.324199676513672,6294906
2026-01-21 16:30:00+00:00,27.079999923706055,27.850000381469727,26.760000228881836,27.799999237060547,8265877
2026-01-21 17:30:00+00:00,27.309999465942383,27.56999969482422,26.860000610351562,27.075000762939453,3806434
2026-01-21 18:30:00+00:00,28.353700637817383,28.434999465942383,27.329999923706055,27.385000228881836,3313112
2026-01-21 19:30:00+00:00,28.80500030517578,29.409700393676758,28.260000228881836,28.360000610351562,9350492
2026-01-21 20:30:00+00:00,29.350000381469727,29.450000762939453,28.729999542236328,28.799999237060547,5128603
2026-01-22 14:30:00+00:00,28.36750030517578,29.6299991607666,28.31999969482422,29.479999542236328,9848968
2026-01-22 15:30:00+00:00,28.93000030517578,29.100000381469727,28.325000762939453,28.364999771118164,4579813
2026-01-22 16:30:00+00:00,28.90999984741211,29.229999542236328,28.734699249267578,28.93000030517578,3417302
2026-01-22 17:30:00+00:00,29.31999969482422,29.3700008392334,28.719999313354492,28.920000076293945,2740781
2026-01-22 18:30:00+00:00,29.280000686645508,29.45549964904785,29.040000915527344,29.32990074157715,1937907
2026-01-22 19:30:00+00:00,29.1299991607666,29.579999923706055,29.1299991607666,29.280000686645508,2338291
2026-01-22 20:30:00+00:00,28.829999923706055,29.329999923706055,28.739999771118164,29.1299991607666,3728839
2026-01-23 14:30:00+00:00,28.549999237060547,28.747499465942383,27.940000534057617,28.6299991607666,7753397
2026-01-23 15:30:00+00:00,28.719999313354492,29.05500030517578,28.53499984741211,28.545000076293945,3652574
2026-01-23 16:30:00+00:00,29.490100860595703,29.510000228881836,28.719999313354492,28.719999313354492,3576250
2026-01-23 17:30:00+00:00,29.389999389648438,29.760000228881836,29.049999237060547,29.4950008392334,4330781
2026-01-23 18:30:00+00:00,29.059999465942383,29.510000228881836,28.940000534057617,29.385000228881836,2396651
2026-01-23 19:30:00+00:00,28.924999237060547,29.209999084472656,28.81999969482422,29.049999237060547,2575813
2026-01-23 20:30:00+00:00,28.729999542236328,28.999900817871094,28.649999618530273,28.920000076293945,2931114
2026-01-26 14:30:00+00:00,28.31999969482422,28.739999771118164,27.600000381469727,27.75,9492725
2026-01-26 15:30:00+00:00,27.829999923706055,28.334999084472656,27.540000915527344,28.329999923706055,4934845
2026-01-26 16:30:00+00:00,27.754600524902344,27.969999313354492,27.66360092163086,27.84000015258789,2438540
2026-01-26 17:30:00+00:00,28.020000457763672,28.030000686645508,27.709999084472656,27.7549991607666,2262605
2026-01-26 18:30:00+00:00,28.184999465942383,28.274999618530273,27.84000015258789,28.010000228881836,2929581
2026-01-26 19:30:00+00:00,27.829999923706055,28.260000228881836,27.790000915527344,28.18000030517578,3518580
2026-01-26 20:30:00+00:00,27.71500015258789,27.989999771118164,27.65999984741211,27.834999084472656,3640723
2026-01-27 14:30:00+00:00,27.940000534057617,28.399999618530273,27.719999313354492,27.860000610351562,6383005
2026-01-27 15:30:00+00:00,28.440000534057617,28.739999771118164,27.799999237060547,27.940000534057617,4468253
2026-01-27 16:30:00+00:00,28.28499984741211,28.8799991607666,28.049999237060547,28.420000076293945,3459278
2026-01-27 17:30:00+00:00,28.280000686645508,28.38129997253418,27.97010040283203,28.28499984741211,2089310
2026-01-27 18:30:00+00:00,28.91950035095215,28.989999771118164,28.27630043029785,28.278400421142578,2846526
2026-01-27 19:30:00+00:00,29.36199951171875,29.475000381469727,28.829999923706055,28.920000076293945,4057478
2026-01-27 20:30:00+00:00,29.31999969482422,29.420000076293945,28.915000915527344,29.360000610351562,4725718
2026-01-28 14:30:00+00:00,29.640600204467773,30.459999084472656,29.459999084472656,29.959999084472656,10727078
2026-01-28 15:30:00+00:00,30.045000076293945,30.100000381469727,29.62019920349121,29.649999618530273,2981052
2026-01-28 16:30:00+00:00,29.71500015258789,30.110000610351562,29.579999923706055,30.040599822998047,2658359
2026-01-28 17:30:00+00:00,30.04990005493164,30.395000457763672,29.489999771118164,29.709999084472656,3673224
2026-01-28 18:30:00+00:00,29.770000457763672,30.41010093688965,29.770000457763672,30.040000915527344,2881474
2026-01-28 19:30:00+00:00,30.200000762939453,30.54990005493164,29.559999465942383,29.799999237060547,4748429
2026-01-28 20:30:00+00:00,29.610000610351562,30.200000762939453,29.59000015258789,30.200000762939453,3758951
2026-01-29 14:30:00+00:00,27.06999969482422,28.729999542236328,27.030000686645508,28.68000030517578,13693580
2026-01-29 15:30:00+00:00,26.8799991607666,27.219999313354492,26.739999771118164,27.065000534057617,8907058
2026-01-29 16:30:00+00:00,27.140600204467773,27.299999237060547,26.665000915527344,26.8799991607666,5706414
2026-01-29 17:30:00+00:00,26.395000457763672,27.229999542236328,26.290000915527344,27.139999389648438,4857651
2026-01-29 18:30:00+00:00,26.375,26.389999389648438,26.020000457763672,26.389999389648438,6251505
2026-01-29 19:30:00+00:00,26.165000915527344,26.529399871826172,26.09000015258789,26.3700008392334,4614476
2026-01-29 20:30:00+00:00,26.690000534057617,26.690000534057617,26.15999984741211,26.16010093688965,5132968
2026-01-30 14:30:00+00:00,25.610000610351562,26.514999389648438,25.600000381469727,26.0,8932027
2026-02-02 18:30:00+00:00,23.145000457763672,23.3700008392334,23.059999465942383,23.31999969482422,30197866
2026-02-02 19:30:00+00:00,22.65999984741211,23.219999313354492,22.6299991607666,23.139999389648438,6157827
2026-02-02 20:30:00+00:00,22.850000381469727,22.860000610351562,22.579999923706055,22.655000686645508,5253860
2026-02-03 14:30:00+00:00,22.610000610351562,23.090700149536133,22.0,23.09000015258789,10120221
2026-02-03 15:30:00+00:00,22.090099334716797,22.729999542236328,22.0,22.604999542236328,4166850
2026-02-03 16:30:00+00:00,22.06999969482422,22.34000015258789,21.895000457763672,22.094999313354492,4101042
2026-02-03 17:30:00+00:00,21.415000915527344,22.110000610351562,21.360000610351562,22.070199966430664,5999007
2026-02-03 18:30:00+00:00,21.480100631713867,21.659900665283203,21.04010009765625,21.415000915527344,7946176
2026-02-03 19:30:00+00:00,21.93000030517578,21.989999771118164,21.334999084472656,21.489999771118164,5562673
2026-02-03 20:30:00+00:00,22.350000381469727,22.424999237060547,21.93000030517578,21.93000030517578,5961927
2026-02-04 14:30:00+00:00,21.579999923706055,21.979999542236328,20.989999771118164,21.8700008392334,11811635
2026-02-04 15:30:00+00:00,21.09000015258789,21.610000610351562,20.799999237060547,21.56999969482422,7567927
2026-02-04 16:30:00+00:00,20.29509925842285,21.1200008392334,20.260000228881836,21.084999084472656,8069324
2026-02-04 17:30:00+00:00,20.229999542236328,20.434999465942383,19.899999618530273,20.295000076293945,7748931
2026-02-04 18:30:00+00:00,20.190000534057617,20.520000457763672,20.049999237060547,20.229999542236328,5817733
2026-02-04 19:30:00+00:00,20.389999389648438,20.78499984741211,20.140100479125977,20.182199478149414,4780371
2026-02-04 20:30:00+00:00,20.299999237060547,20.729999542236328,20.270000457763672,20.389999389648438,4848322
2026-02-05 14:30:00+00:00,18.475000381469727,20.06999969482422,18.450000762939453,19.25,18674532
2026-02-05 15:30:00+00:00,18.93939971923828,18.940000534057617,18.360000610351562,18.469999313354492,9542495
2026-02-05 16:30:00+00:00,18.59000015258789,19.020000457763672,18.33009910583496,18.940000534057617,6578987
2026-02-05 17:30:00+00:00,18.309999465942383,18.790000915527344,18.149999618530273,18.59000015258789,5298738
2026-02-05 18:30:00+00:00,18.15999984741211,18.375,18.049999237060547,18.315000534057617,5004860
2026-02-05 19:30:00+00:00,17.56999969482422,18.15999984741211,17.540000915527344,18.15999984741211,8812860
2026-02-05 20:30:00+00:00,17.415000915527344,17.6299991607666,17.190000534057617,17.575000762939453,11473927
2026-02-06 14:30:00+00:00,19.145000457763672,19.454999923706055,18.700000762939453,18.770000457763672,20398582
2026-02-06 15:30:00+00:00,19.950000762939453,20.014999389648438,19.31999969482422,19.325000762939453,10311366
2026-02-06 16:30:00+00:00,20.309999465942383,20.329999923706055,19.815000534057617,19.959999084472656,7791088
2026-02-06 17:30:00+00:00,20.075000762939453,20.479999542236328,19.934999465942383,20.315000534057617,7002523
2026-02-06 18:30:00+00:00,20.266599655151367,20.309999465942383,19.989999771118164,20.079999923706055,4448215
2026-02-06 19:30:00+00:00,20.4950008392334,20.55500030517578,20.1299991607666,20.25,6654371
2026-02-06 20:30:00+00:00,20.450000762939453,20.700000762939453,20.389999389648438,20.4950008392334,9022876
2026-02-09 14:30:00+00:00,20.434999465942383,20.940000534057617,19.329999923706055,19.399999618530273,16391012
2026-02-09 15:30:00+00:00,20.679800033569336,20.81999969482422,20.3700008392334,20.440000534057617,5000171
2026-02-09 16:30:00+00:00,20.825000762939453,21.05500030517578,20.540000915527344,20.674999237060547,4639037
2026-02-09 17:30:00+00:00,21.184999465942383,21.3700008392334,20.799999237060547,20.81999969482422,5636256
2026-02-09 18:30:00+00:00,21.485000610351562,21.4950008392334,21.110000610351562,21.190000534057617,3555183
2026-02-09 19:30:00+00:00,21.56999969482422,21.739999771118164,21.450000762939453,21.479999542236328,4810180
2026-02-09 20:30:00+00:00,21.420000076293945,21.749900817871094,21.399999618530273,21.559999465942383,4892819
2026-02-10 14:30:00+00:00,20.896699905395508,21.1299991607666,20.520000457763672,20.704999923706055,10378170
2026-02-10 15:30:00+00:00,21.154499053955078,21.270000457763672,20.850000381469727,20.889999389648438,5025872
2026-02-10 16:30:00+00:00,21.040000915527344,21.2450008392334,20.979999542236328,21.149999618530273,2471793
2026-02-10 17:30:00+00:00,20.469999313354492,21.190000534057617,20.469999313354492,21.040000915527344,2874561
2026-02-10 18:30:00+00:00,20.415000915527344,20.565000534057617,20.299999237060547,20.469999313354492,4265155
2026-02-10 19:30:00+00:00,20.114999771118164,20.579999923706055,20.100000381469727,20.420000076293945,4243781
2026-02-10 20:30:00+00:00,20.010000228881836,20.31999969482422,19.950000762939453,20.114999771118164,5093099
2026-02-11 14:30:00+00:00,19.179899215698242,20.559999465942383,19.020000457763672,20.559999465942383,11483080
2026-02-11 15:30:00+00:00,19.38010025024414,19.68000030517578,19.06999969482422,19.17009925842285,4885600
2026-02-11 16:30:00+00:00,19.459999084472656,19.524999618530273,19.110000610351562,19.3799991607666,2541860
2026-02-11 17:30:00+00:00,19.395000457763672,19.489999771118164,19.079999923706055,19.459999084472656,2894317
2026-02-11 18:30:00+00:00,19.55500030517578,19.700000762939453,19.270000457763672,19.395000457763672,2999093
2026-02-11 19:30:00+00:00,19.329999923706055,19.690000534057617,19.309999465942383,19.55500030517578,2881372
2026-02-11 20:30:00+00:00,19.5,19.55500030517578,19.309999465942383,19.325000762939453,3150414
2026-02-12 14:30:00+00:00,19.684999465942383,20.059999465942383,19.329999923706055,19.979999542236328,8938674
2026-02-12 15:30:00+00:00,18.75,19.75,18.729999542236328,19.690000534057617,5917293
2026-02-12 16:30:00+00:00,19.287399291992188,19.399999618530273,18.68000030517578,18.75,5658803
2026-02-12 17:30:00+00:00,19.337499618530273,19.56999969482422,19.200000762939453,19.290000915527344,4307743
2026-02-12 18:30:00+00:00,19.490100860595703,19.635000228881836,19.270000457763672,19.329999923706055,3778878
2026-02-12 19:30:00+00:00,19.600000381469727,19.790000915527344,19.469999313354492,19.489999771118164,4427312
2026-02-12 20:30:00+00:00,19.739999771118164,19.864999771118164,19.584999084472656,19.604999542236328,4142144
2026-02-13 14:30:00+00:00,21.239999771118164,21.25,20.043500900268555,20.239999771118164,14585192
2026-02-13 15:30:00+00:00,21.209999084472656,21.40999984741211,20.75,21.235000610351562,8666782
2026-02-13 16:30:00+00:00,21.270000457763672,21.594999313354492,21.125,21.209999084472656,6980585
2026-02-13 17:30:00+00:00,20.969900131225586,21.520000457763672,20.94499969482422,21.270000457763672,4945418
2026-02-13 18:30:00+00:00,20.915000915527344,21.274999618530273,20.8799991607666,20.96500015258789,3392610
2026-02-13 19:30:00+00:00,20.825000762939453,21.200000762939453,20.75,20.915000915527344,4031808
2026-02-13 20:30:00+00:00,20.985000610351562,21.010000228881836,20.732999801635742,20.81999969482422,3601603
2026-02-17 14:30:00+00:00,20.014999389648438,20.68000030517578,19.770000457763672,20.610000610351562,8245607
2026-02-17 15:30:00+00:00,20.344999313354492,20.520000457763672,19.8700008392334,20.010000228881836,4730579
2026-02-17 16:30:00+00:00,20.190000534057617,20.6299991607666,20.09000015258789,20.350000381469727,3515098
2026-02-17 17:30:00+00:00,20.209999084472656,20.229999542236328,19.889999389648438,20.18000030517578,3148020
2026-02-17 18:30:00+00:00,20.264999389648438,20.549999237060547,20.170000076293945,20.209999084472656,2891391
2026-02-17 19:30:00+00:00,20.059999465942383,20.395000457763672,19.979999542236328,20.270000457763672,2539083
2026-02-17 20:30:00+00:00,20.190000534057617,20.229999542236328,20.0,20.065000534057617,3071009
2026-02-18 14:30:00+00:00,20.350000381469727,20.520000457763672,19.809999465942383,20.079999923706055,7030123
2026-02-18 15:30:00+00:00,20.30500030517578,20.670000076293945,20.229999542236328,20.350000381469727,4819672
2026-02-18 16:30:00+00:00,20.204999923706055,20.450000762939453,20.18000030517578,20.299999237060547,2937496
2026-02-18 17:30:00+00:00,20.0,20.274999618530273,19.905000686645508,20.204999923706055,3083901
2026-02-18 18:30:00+00:00,19.8700008392334,20.049999237060547,19.829999923706055,19.989999771118164,3009947
2026-02-18 19:30:00+00:00,19.6200008392334,19.889999389648438,19.59000015258789,19.8799991607666,4286592
2026-02-18 20:30:00+00:00,19.860000610351562,19.950000762939453,19.584999084472656,19.614999771118164,3002503
2026-02-19 14:30:00+00:00,19.650100708007812,19.950000762939453,19.25,19.5,7709087
2026-02-19 15:30:00+00:00,19.43000030517578,19.875,19.399999618530273,19.649999618530273,3858013
2026-02-19 16:30:00+00:00,19.7549991607666,19.91659927368164,19.440000534057617,19.440000534057617,3169315
2026-02-19 17:30:00+00:00,19.790000915527344,19.829999923706055,19.540000915527344,19.7549991607666,2944340
2026-02-19 18:30:00+00:00,19.56999969482422,19.84510040283203,19.514999389648438,19.780000686645508,3133196
2026-02-19 19:30:00+00:00,19.584999084472656,19.69499969482422,19.5,19.56999969482422,3822126
2026-02-19 20:30:00+00:00,19.950000762939453,19.959999084472656,19.524999618530273,19.584999084472656,4687738
2026-02-20 14:30:00+00:00,20.100000381469727,20.399999618530273,19.700000762939453,19.780000686645508,9380286
2026-02-20 15:30:00+00:00,20.125,20.405000686645508,19.81999969482422,20.09000015258789,6455789
2026-02-20 16:30:00+00:00,19.78499984741211,20.25,19.670000076293945,20.1200008392334,4526205
2026-02-20 17:30:00+00:00,19.989999771118164,20.135000228881836,19.739999771118164,19.78499984741211,4379791
2026-02-20 18:30:00+00:00,19.9950008392334,20.399999618530273,19.899999618530273,19.989999771118164,5283890
2026-02-20 19:30:00+00:00,19.915000915527344,20.065000534057617,19.860000610351562,20.0,2718386
2026-02-20 20:30:00+00:00,20.1200008392334,20.190000534057617,19.8700008392334,19.90999984741211,2448506
2026-02-23 14:30:00+00:00,19.52519989013672,19.68000030517578,19.149999618530273,19.5,7700670
2026-02-23 15:30:00+00:00,19.225000381469727,19.6200008392334,18.979999542236328,19.530000686645508,4679454
2026-02-23 16:30:00+00:00,19.0,19.299999237060547,18.9950008392334,19.219999313354492,2823112
2026-02-23 17:30:00+00:00,18.959999084472656,19.065000534057617,18.809999465942383,18.989999771118164,2998534
2026-02-23 18:30:00+00:00,18.885000228881836,19.170000076293945,18.864999771118164,18.969999313354492,2430598
2026-02-23 19:30:00+00:00,18.940000534057617,19.19499969482422,18.860000610351562,18.888999938964844,3132197
2026-02-23 20:30:00+00:00,19.239999771118164,19.239999771118164,18.905000686645508,18.93000030517578,3939088
2026-02-24 14:30:00+00:00,19.450000762939453,19.450000762939453,18.649999618530273,18.75,8883933
2026-02-24 15:30:00+00:00,19.364999771118164,19.540000915527344,19.200000762939453,19.440000534057617,4399332
2026-02-24 16:30:00+00:00,19.21500015258789,19.360000610351562,19.100000381469727,19.360000610351562,3463163
2026-02-24 17:30:00+00:00,19.299999237060547,19.434999465942383,19.1299991607666,19.21500015258789,2320588
2026-02-24 18:30:00+00:00,19.334999084472656,19.600000381469727,19.239999771118164,19.299999237060547,3416802
2026-02-24 19:30:00+00:00,19.299999237060547,19.5,19.225000381469727,19.334999084472656,3329291
2026-02-24 20:30:00+00:00,19.440000534057617,19.469999313354492,19.28499984741211,19.309999465942383,3266337
2026-02-25 14:30:00+00:00,21.299999237060547,21.309999465942383,20.485000610351562,20.709999084472656,14137276
2026-02-25 15:30:00+00:00,21.779199600219727,21.84000015258789,21.100000381469727,21.30500030517578,10408544
2026-02-25 16:30:00+00:00,21.896299362182617,22.09000015258789,21.68000030517578,21.780000686645508,5688649
2026-02-25 17:30:00+00:00,22.133699417114258,22.170000076293945,21.825000762939453,21.895000457763672,4455325
2026-02-25 18:30:00+00:00,21.815000534057617,22.165000915527344,21.760000228881836,22.135000228881836,5366121
2026-02-25 19:30:00+00:00,21.53499984741211,21.979999542236328,21.524999618530273,21.815000534057617,5890882
2026-02-25 20:30:00+00:00,21.475000381469727,21.844999313354492,21.450000762939453,21.53499984741211,8231350
2026-02-26 14:30:00+00:00,20.861400604248047,21.600000381469727,20.760000228881836,21.450000762939453,9678835
2026-02-26 15:30:00+00:00,21.024999618530273,21.1299991607666,20.639999389648438,20.850000381469727,4738294
2026-02-26 16:30:00+00:00,20.389999389648438,21.030000686645508,20.104999542236328,21.020000457763672,5793294
2026-02-26 17:30:00+00:00,19.9950008392334,20.469999313354492,19.915000915527344,20.3799991607666,4350838
2026-02-26 18:30:00+00:00,20.540000915527344,20.639999389648438,19.959999084472656,19.9950008392334,4363368
2026-02-26 19:30:00+00:00,20.674999237060547,20.844999313354492,20.440000534057617,20.540000915527344,5598125
2026-02-26 20:30:00+00:00,20.415000915527344,20.78499984741211,20.385000228881836,20.674999237060547,4696142
2026-02-27 14:30:00+00:00,19.704999923706055,19.850000381469727,19.415000915527344,19.739999771118164,7381848
2026-02-27 15:30:00+00:00,19.274999618530273,19.719999313354492,19.219999313354492,19.700000762939453,4011569
2026-02-27 16:30:00+00:00,19.045000076293945,19.360000610351562,19.030000686645508,19.280000686645508,3062290
2026-02-27 17:30:00+00:00,19.024999618530273,19.235000610351562,18.93000030517578,19.049999237060547,3083583
2026-02-27 18:30:00+00:00,18.934999465942383,19.100000381469727,18.90999984741211,19.02899932861328,2322627
2026-02-27 19:30:00+00:00,19.024999618530273,19.100000381469727,18.8799991607666,18.93000030517578,3251754
2026-02-27 20:30:00+00:00,19.0049991607666,19.125,18.8799991607666,19.024999618530273,5536122
2026-03-02 14:30:00+00:00,20.489999771118164,20.809999465942383,18.844999313354492,18.899999618530273,14387557
2026-03-02 15:30:00+00:00,20.719999313354492,21.15999984741211,20.430099487304688,20.485000610351562,9347639
2026-03-02 16:30:00+00:00,20.719999313354492,20.9950008392334,20.559999465942383,20.712717056274414,6742222
2026-03-02 17:30:00+00:00,20.530000686645508,20.764999389648438,20.459999084472656,20.71500015258789,4226173
2026-03-02 18:30:00+00:00,20.395000457763672,20.735000610351562,20.315000534057617,20.540000915527344,4154126
2026-03-02 19:30:00+00:00,20.420000076293945,20.670000076293945,20.309999465942383,20.395000457763672,4503638
2026-03-02 20:30:00+00:00,20.424999237060547,20.520000457763672,20.31999969482422,20.40999984741211,5285898
2026-03-03 14:30:00+00:00,18.985000610351562,20.010000228881836,18.979999542236328,19.549999237060547,10893300
2026-03-03 15:30:00+00:00,20.108999252319336,20.15999984741211,18.970800399780273,18.985000610351562,6475924
2026-03-03 16:30:00+00:00,19.815000534057617,20.100000381469727,19.530000686645508,20.100000381469727,3771431
2026-03-03 17:30:00+00:00,20.049999237060547,20.110000610351562,19.674999237060547,19.81999969482422,2719675
2026-03-03 18:30:00+00:00,19.810100555419922,20.179800033569336,19.735000610351562,20.045000076293945,3379999
2026-03-03 19:30:00+00:00,19.635000228881836,20.030000686645508,19.600000381469727,19.815000534057617,3386612
2026-03-03 20:30:00+00:00,19.579999923706055,19.739999771118164,19.4950008392334,19.6299991607666,3989661
2026-03-04 14:30:00+00:00,21.480100631713867,21.5,20.65999984741211,21.0,18570374
2026-03-04 15:30:00+00:00,21.594999313354492,21.867000579833984,21.270000457763672,21.485000610351562,9936197
2026-03-04 16:30:00+00:00,21.420000076293945,21.75,21.361900329589844,21.594999313354492,5803176
2026-03-04 17:30:00+00:00,21.25,21.5,21.110000610351562,21.420000076293945,6576511
2026-03-04 18:30:00+00:00,21.454999923706055,21.56999969482422,21.135000228881836,21.2549991607666,5941318
2026-03-04 19:30:00+00:00,21.385000228881836,21.709999084472656,21.329999923706055,21.454999923706055,5408821
2026-03-04 20:30:00+00:00,21.09000015258789,21.424999237060547,21.06999969482422,21.395000457763672,5100173
2026-03-05 14:30:00+00:00,20.519699096679688,21.34000015258789,20.510000228881836,21.030000686645508,11926639
2026-03-05 15:30:00+00:00,20.18000030517578,20.549999237060547,20.049999237060547,20.520000457763672,5739285
2026-03-05 16:30:00+00:00,20.209999084472656,20.579999923706055,20.125,20.190000534057617,4373121
2026-03-05 17:30:00+00:00,20.114999771118164,20.2549991607666,19.92729949951172,20.204999923706055,3695982
2026-03-05 18:30:00+00:00,20.204999923706055,20.3799991607666,20.05500030517578,20.114999771118164,2940513
2026-03-05 19:30:00+00:00,20.315000534057617,20.420000076293945,20.0,20.204999923706055,3799083
2026-03-05 20:30:00+00:00,20.360000610351562,20.476200103759766,20.235000610351562,20.309999465942383,4082213
2026-03-06 14:30:00+00:00,19.479999542236328,19.56999969482422,19.030000686645508,19.530000686645508,11058429
2026-03-06 15:30:00+00:00,19.235000610351562,19.55500030517578,19.059999465942383,19.47599983215332,4964429
2026-03-06 16:30:00+00:00,19.18000030517578,19.3799991607666,19.104999542236328,19.239999771118164,2928712
2026-03-06 17:30:00+00:00,19.30500030517578,19.389999389648438,19.024999618530273,19.174999237060547,3030925
2026-03-06 18:30:00+00:00,19.094999313354492,19.434999465942383,19.075000762939453,19.299999237060547,3421296
2026-03-06 19:30:00+00:00,18.875,19.229999542236328,18.850000381469727,19.100000381469727,6389548
2026-03-06 20:30:00+00:00,18.889999389648438,19.059999465942383,18.84000015258789,18.875,6820210
2026-03-09 13:30:00+00:00,19.739999771118164,19.899999618530273,19.270000457763672,19.760000228881836,12681061
2026-03-09 14:30:00+00:00,19.834999084472656,19.860000610351562,19.56999969482422,19.739999771118164,5525764
2026-03-09 15:30:00+00:00,19.844999313354492,19.909299850463867,19.594999313354492,19.84000015258789,4217906
2026-03-09 16:30:00+00:00,19.875,20.100000381469727,19.780000686645508,19.850000381469727,5414783
2026-03-09 17:30:00+00:00,19.943899154663086,20.139999389648438,19.780000686645508,19.8700008392334,5465028
2026-03-09 18:30:00+00:00,20.5049991607666,20.545000076293945,19.899999618530273,19.940000534057617,4929406
2026-03-09 19:30:00+00:00,20.69700050354004,20.739999771118164,20.3799991607666,20.5049991607666,7997935
2026-03-10 13:30:00+00:00,20.43000030517578,21.09000015258789,20.344999313354492,20.6200008392334,8513172
2026-03-10 14:30:00+00:00,21.149999618530273,21.309999465942383,20.399999618530273,20.43000030517578,6253923
2026-03-10 15:30:00+00:00,21.290000915527344,21.364999771118164,21.020000457763672,21.149999618530273,3847283
2026-03-10 16:30:00+00:00,21.225000381469727,21.479999542236328,21.170000076293945,21.290000915527344,3299899
2026-03-10 17:30:00+00:00,20.809999465942383,21.34000015258789,20.770000457763672,21.225000381469727,4003206
2026-03-10 18:30:00+00:00,20.78499984741211,21.040000915527344,20.65999984741211,20.809999465942383,3442673
2026-03-10 19:30:00+00:00,20.770000457763672,20.90999984741211,20.65999984741211,20.78499984741211,3055786
2026-03-11 13:30:00+00:00,21.144800186157227,21.489999771118164,20.790000915527344,20.8700008392334,9136421
2026-03-11 14:30:00+00:00,20.600000381469727,21.290000915527344,20.59000015258789,21.139999389648438,5144321
2026-03-11 15:30:00+00:00,20.75589942932129,20.79829978942871,20.389999389648438,20.604999542236328,3333185
2026-03-11 16:30:00+00:00,21.125,21.18000030517578,20.739999771118164,20.7549991607666,2854459
2026-03-11 17:30:00+00:00,20.954999923706055,21.145000457763672,20.684999465942383,21.1299991607666,2644826
2026-03-11 18:30:00+00:00,20.934999465942383,21.1200008392334,20.8700008392334,20.950000762939453,2492225
2026-03-11 19:30:00+00:00,21.040000915527344,21.149999618530273,20.920000076293945,20.934999465942383,3083227
2026-03-12 13:30:00+00:00,20.510000228881836,21.299999237060547,20.4906005859375,21.09000015258789,8684959
2026-03-12 14:30:00+00:00,20.549999237060547,20.65999984741211,20.155000686645508,20.5,5568834
2026-03-12 15:30:00+00:00,20.5049991607666,20.80500030517578,20.440000534057617,20.549999237060547,3928638
2026-03-12 16:30:00+00:00,20.725000381469727,20.94499969482422,20.4950008392334,20.5049991607666,2642049
2026-03-12 17:30:00+00:00,20.53499984741211,20.854999542236328,20.5,20.725000381469727,2527523
2026-03-12 18:30:00+00:00,20.4950008392334,20.6200008392334,20.31999969482422,20.530000686645508,2410791
2026-03-12 19:30:00+00:00,20.610000610351562,20.75,20.475000381469727,20.489999771118164,3491700
2026-03-13 13:30:00+00:00,22.635000228881836,22.75,21.670000076293945,21.760000228881836,23107708
2026-03-13 14:30:00+00:00,22.014999389648438,22.760000228881836,21.6299991607666,22.635000228881836,15130589
2026-03-13 15:30:00+00:00,21.125,22.239999771118164,21.079999923706055,22.010000228881836,11492430
2026-03-13 16:30:00+00:00,21.274999618530273,21.655000686645508,21.125,21.135000228881836,9851419
2026-03-13 17:30:00+00:00,20.80500030517578,21.290000915527344,20.709999084472656,21.280000686645508,6458171
2026-03-13 18:30:00+00:00,20.69499969482422,21.03499984741211,20.670000076293945,20.80500030517578,5216403
2026-03-13 19:30:00+00:00,20.530000686645508,20.8799991607666,20.489999771118164,20.700000762939453,6386577
2026-03-16 13:30:00+00:00,22.80500030517578,23.239999771118164,22.170000076293945,22.270000457763672,23570707
2026-03-16 14:30:00+00:00,22.860000610351562,23.040000915527344,22.40999984741211,22.80500030517578,9070814
2026-03-16 15:30:00+00:00,22.6299991607666,22.959999084472656,22.459999084472656,22.864999771118164,5805892
2026-03-16 16:30:00+00:00,23.014999389648438,23.119800567626953,22.56999969482422,22.6299991607666,6795045
2026-03-16 17:30:00+00:00,23.3799991607666,23.485000610351562,22.90999984741211,23.020000457763672,6639380
2026-03-16 18:30:00+00:00,23.364999771118164,23.530000686645508,23.1200008392334,23.385000228881836,6218288
2026-03-16 19:30:00+00:00,23.385000228881836,23.469999313354492,23.219999313354492,23.364999771118164,8286471
2026-03-17 13:30:00+00:00,23.43000030517578,23.670000076293945,23.25,23.299999237060547,9533385
2026-03-17 14:30:00+00:00,23.344999313354492,23.850000381469727,23.309999465942383,23.434999465942383,6118781
2026-03-17 15:30:00+00:00,23.3700008392334,23.429899215698242,22.969999313354492,23.344999313354492,5400133
2026-03-17 16:30:00+00:00,23.375,23.43000030517578,23.15999984741211,23.3700008392334,2453287
2026-03-17 17:30:00+00:00,23.344999313354492,23.759899139404297,23.299999237060547,23.370100021362305,3660051
2026-03-17 18:30:00+00:00,23.3700008392334,23.590099334716797,23.299999237060547,23.34000015258789,3856825
2026-03-17 19:30:00+00:00,23.25,23.375,23.06999969482422,23.364999771118164,4312974
2026-03-18 13:30:00+00:00,22.110000610351562,22.540000915527344,22.020000457763672,22.43000030517578,12437279
2026-03-18 14:30:00+00:00,21.954999923706055,22.174999237060547,21.729999542236328,22.100099563598633,6848210
2026-03-18 15:30:00+00:00,21.875,22.079999923706055,21.815000534057617,21.954999923706055,3660887
2026-03-18 16:30:00+00:00,21.979999542236328,22.010000228881836,21.65999984741211,21.875,3665860
2026-03-18 17:30:00+00:00,21.860000610351562,22.1200008392334,21.764999389648438,21.975000381469727,3882532
2026-03-18 18:30:00+00:00,21.636699676513672,21.989999771118164,21.530099868774414,21.854999542236328,5567378
2026-03-18 19:30:00+00:00,21.43000030517578,21.799999237060547,21.40999984741211,21.635000228881836,6456714
2026-03-19 13:30:00+00:00,20.53499984741211,21.1299991607666,20.450000762939453,20.700000762939453,11138421
2026-03-19 14:30:00+00:00,20.678600311279297,20.959999084472656,20.450000762939453,20.53499984741211,5786558
2026-03-19 15:30:00+00:00,20.700000762939453,20.81999969482422,20.459999084472656,20.670000076293945,3595618
2026-03-19 16:30:00+00:00,20.7450008392334,20.770000457763672,20.530000686645508,20.709999084472656,3232032
2026-03-19 17:30:00+00:00,20.875,20.939300537109375,20.600000381469727,20.75,2313095
2026-03-19 18:30:00+00:00,21.06999969482422,21.3799991607666,20.639999389648438,20.8700008392334,4921517
2026-03-19 19:30:00+00:00,21.1200008392334,21.2450008392334,21.010000228881836,21.065000534057617,3694105
2026-03-20 13:30:00+00:00,20.700000762939453,21.229999542236328,20.53499984741211,21.149999618530273,8881457
2026-03-20 14:30:00+00:00,20.625,20.920000076293945,20.549999237060547,20.700000762939453,4254944
2026-03-20 15:30:00+00:00,20.780000686645508,20.850000381469727,20.58009910583496,20.625,2914140
2026-03-20 16:30:00+00:00,20.500999450683594,20.78499984741211,20.485000610351562,20.78499984741211,2560199
2026-03-20 17:30:00+00:00,20.424999237060547,20.6299991607666,20.3700008392334,20.5,3155684
2026-03-20 18:30:00+00:00,20.46500015258789,20.489999771118164,20.22369956970215,20.420000076293945,4967929
2026-03-20 19:30:00+00:00,20.915000915527344,21.1299991607666,20.469999313354492,20.469999313354492,11125767
2026-03-23 13:30:00+00:00,21.469999313354492,21.790000915527344,20.959999084472656,21.200000762939453,14079508
2026-03-23 14:30:00+00:00,21.110000610351562,21.489999771118164,21.06999969482422,21.459999084472656,6199509
2026-03-23 15:30:00+00:00,20.68000030517578,21.174999237060547,20.530000686645508,21.114999771118164,5092942
2026-03-23 16:30:00+00:00,20.825000762939453,20.905000686645508,20.639999389648438,20.684999465942383,2344026
2026-03-23 17:30:00+00:00,21.05500030517578,21.25,20.799999237060547,20.81999969482422,3281695
2026-03-23 18:30:00+00:00,21.520000457763672,21.559999465942383,21.065000534057617,21.065000534057617,4309292
2026-03-23 19:30:00+00:00,21.25,21.579999923706055,21.239999771118164,21.514999389648438,4821657
2026-03-24 13:30:00+00:00,20.850000381469727,21.499900817871094,20.704999923706055,21.1299991607666,7555468
2026-03-24 14:30:00+00:00,20.985000610351562,21.110000610351562,20.53499984741211,20.844999313354492,6288779
2026-03-24 15:30:00+00:00,20.850000381469727,21.049999237060547,20.709999084472656,20.989999771118164,2526235
2026-03-24 16:30:00+00:00,20.450000762939453,20.875,20.389999389648438,20.850000381469727,5450499
2026-03-24 17:30:00+00:00,20.850000381469727,20.8799991607666,20.3700008392334,20.450000762939453,3580656
2026-03-24 18:30:00+00:00,20.864999771118164,21.09000015258789,20.799999237060547,20.844999313354492,3461664
2026-03-24 19:30:00+00:00,20.7549991607666,20.915000915527344,20.709999084472656,20.86199951171875,4105163
2026-03-25 13:30:00+00:00,21.415000915527344,21.8799991607666,21.309999465942383,21.399999618530273,10890151
2026-03-25 14:30:00+00:00,21.19499969482422,21.569900512695312,20.90999984741211,21.420000076293945,6767450
2026-03-25 15:30:00+00:00,21.104999542236328,21.229999542236328,20.790000915527344,21.19499969482422,3590559
2026-03-25 16:30:00+00:00,21.064199447631836,21.299999237060547,20.989999771118164,21.104999542236328,3431031
2026-03-25 17:30:00+00:00,20.905000686645508,21.1299991607666,20.8799991607666,21.045000076293945,3138248
2026-03-25 18:30:00+00:00,21.219999313354492,21.229999542236328,20.75,20.90999984741211,3572750
2026-03-25 19:30:00+00:00,21.229999542236328,21.334999084472656,21.09000015258789,21.21500015258789,5061057
2026-03-26 13:30:00+00:00,20.389999389648438,20.719999313354492,20.18000030517578,20.280000686645508,11154193
2026-03-26 14:30:00+00:00,20.165000915527344,20.645000457763672,19.979999542236328,20.399999618530273,6979442
2026-03-26 15:30:00+00:00,19.905000686645508,20.209999084472656,19.891199111938477,20.15999984741211,4152241
2026-03-26 16:30:00+00:00,19.940000534057617,20.020000457763672,19.81999969482422,19.899999618530273,3419250
2026-03-26 17:30:00+00:00,19.655000686645508,20.094999313354492,19.59000015258789,19.940000534057617,4036689
2026-03-26 18:30:00+00:00,19.53499984741211,19.739999771118164,19.489999771118164,19.65999984741211,4060881
2026-03-26 19:30:00+00:00,19.475000381469727,19.770000457763672,19.450000762939453,19.540000915527344,6521618
2026-03-27 13:30:00+00:00,18.46500015258789,19.13990020751953,18.42009925842285,19.09000015258789,10788851
2026-03-27 14:30:00+00:00,18.614999771118164,18.690000534057617,18.415000915527344,18.46500015258789,6789380
2026-03-27 15:30:00+00:00,18.584999084472656,18.950000762939453,18.55500030517578,18.6200008392334,6281382
2026-03-27 16:30:00+00:00,18.385000228881836,18.649999618530273,18.344999313354492,18.584999084472656,5835196
2026-03-27 17:30:00+00:00,18.454999923706055,18.5,18.280000686645508,18.385000228881836,6683059
2026-03-27 18:30:00+00:00,18.43000030517578,18.594999313354492,18.309999465942383,18.459999084472656,4851793
2026-03-27 19:30:00+00:00,18.40999984741211,18.540000915527344,18.309999465942383,18.43000030517578,7323434
2026-03-30 13:30:00+00:00,18.559999465942383,19.190000534057617,18.489999771118164,19.18000030517578,10931665
2026-03-30 14:30:00+00:00,18.6299991607666,18.81999969482422,18.350000381469727,18.559999465942383,6451453
2026-03-30 15:30:00+00:00,18.625,18.915000915527344,18.579999923706055,18.625,5813311
2026-03-30 16:30:00+00:00,18.30500030517578,18.69499969482422,18.229999542236328,18.6200008392334,7777675
2026-03-30 17:30:00+00:00,18.1200008392334,18.43000030517578,18.079999923706055,18.30500030517578,6059034
2026-03-30 18:30:00+00:00,17.895000457763672,18.290000915527344,17.84000015258789,18.11989974975586,6134594
2026-03-30 19:30:00+00:00,18.31999969482422,18.34000015258789,17.889999389648438,17.895000457763672,7236424
2026-03-31 13:30:00+00:00,19.075000762939453,19.084999084472656,18.479999542236328,18.510000228881836,8324255
2026-03-31 14:30:00+00:00,18.80500030517578,19.100000381469727,18.360000610351562,19.075000762939453,8432950
2026-03-31 15:30:00+00:00,18.690000534057617,18.93000030517578,18.610000610351562,18.80500030517578,7195071
2026-03-31 16:30:00+00:00,19.414600372314453,19.6200008392334,18.625,18.684999465942383,12982010
2026-03-31 17:30:00+00:00,19.6200008392334,19.780000686645508,19.299999237060547,19.415000915527344,10571749
2026-03-31 18:30:00+00:00,19.758499145507812,19.93000030517578,19.590299606323242,19.6200008392334,10039527
2026-03-31 19:30:00+00:00,19.764999389648438,19.985000610351562,19.700000762939453,19.7549991607666,8291034
2026-04-01 13:30:00+00:00,19.684999465942383,20.100000381469727,19.549999237060547,19.979999542236328,9113605
2026-04-01 14:30:00+00:00,19.665000915527344,19.809999465942383,19.5,19.690000534057617,4303507
2026-04-01 15:30:00+00:00,19.875,19.969999313354492,19.6299991607666,19.670000076293945,5364246
2026-04-01 16:30:00+00:00,20.184999465942383,20.3799991607666,19.81999969482422,19.8799991607666,5835237
2026-04-01 17:30:00+00:00,19.764999389648438,20.235000610351562,19.65999984741211,20.18000030517578,4930660
2026-04-01 18:30:00+00:00,19.864999771118164,19.889999389648438,19.65999984741211,19.767000198364258,4731666
2026-04-01 19:30:00+00:00,19.674999237060547,19.899999618530273,19.6299991607666,19.8700008392334,4489946
2026-04-02 13:30:00+00:00,18.43000030517578,18.90999984741211,18.299999237060547,18.854999542236328,12383389
2026-04-02 14:30:00+00:00,18.88010025024414,19.170000076293945,18.42140007019043,18.424999237060547,7725387
2026-04-02 15:30:00+00:00,19.084999084472656,19.155000686645508,18.844999313354492,18.889999389648438,4725090
2026-04-02 16:30:00+00:00,19.420000076293945,19.540000915527344,19.06999969482422,19.079999923706055,4628880
2026-04-02 17:30:00+00:00,19.1200008392334,19.454999923706055,19.09079933166504,19.419200897216797,2206766
2026-04-02 18:30:00+00:00,19.315000534057617,19.360000610351562,19.06999969482422,19.125,2590245
2026-04-02 19:30:00+00:00,19.469999313354492,19.510000228881836,19.309999465942383,19.315000534057617,3819950
2026-04-06 13:30:00+00:00,20.74880027770996,20.795000076293945,19.969999313354492,20.0,10507470
2026-04-06 14:30:00+00:00,20.7450008392334,20.969999313354492,20.514999389648438,20.75,7026616
2026-04-06 15:30:00+00:00,20.549999237060547,20.760000228881836,20.520000457763672,20.7450008392334,2970729
2026-04-06 16:30:00+00:00,20.1697998046875,20.639999389648438,20.059999465942383,20.55500030517578,5217886
2026-04-06 17:30:00+00:00,20.520000457763672,20.559999465942383,20.110000610351562,20.165000915527344,4095828
2026-04-06 18:30:00+00:00,20.55500030517578,20.68000030517578,20.5,20.520000457763672,3457112
2026-04-06 19:30:00+00:00,20.579999923706055,20.690000534057617,20.459999084472656,20.549999237060547,4399541
2026-04-07 13:30:00+00:00,19.485000610351562,20.219999313354492,19.299999237060547,20.059999465942383,8352668
2026-04-07 14:30:00+00:00,19.625,19.809999465942383,19.3700008392334,19.485000610351562,4768974
2026-04-07 15:30:00+00:00,19.815000534057617,19.976200103759766,19.6200008392334,19.6299991607666,3196818
2026-04-07 16:30:00+00:00,19.70009994506836,19.985000610351562,19.674999237060547,19.81999969482422,2367634
2026-04-07 17:30:00+00:00,20.014999389648438,20.079999923706055,19.704999923706055,19.709999084472656,2879993
2026-04-07 18:30:00+00:00,20.045000076293945,20.104999542236328,19.684999465942383,20.010000228881836,3547407
2026-04-07 19:30:00+00:00,20.15999984741211,20.200000762939453,19.96500015258789,20.040000915527344,4402388
2026-04-08 13:30:00+00:00,21.145000457763672,21.959999084472656,21.09000015258789,21.729999542236328,10961431
2026-04-08 14:30:00+00:00,21.28499984741211,21.295000076293945,20.639999389648438,21.149999618530273,5646966
2026-04-08 15:30:00+00:00,21.545000076293945,21.610000610351562,21.225000381469727,21.290000915527344,3973270
2026-04-08 16:30:00+00:00,21.55500030517578,21.69499969482422,21.44499969482422,21.545000076293945,3913766
2026-04-08 17:30:00+00:00,21.149999618530273,21.68000030517578,21.140100479125977,21.55500030517578,2804227
2026-04-08 18:30:00+00:00,21.204999923706055,21.229999542236328,20.924999237060547,21.149999618530273,3296540
2026-04-08 19:30:00+00:00,21.5049991607666,21.530000686645508,21.200000762939453,21.204999923706055,4766715
2026-04-09 13:30:00+00:00,20.53499984741211,21.40999984741211,20.475000381469727,21.190000534057617,7660110
2026-04-09 14:30:00+00:00,21.189899444580078,21.309999465942383,20.510000228881836,20.530000686645508,4315966
2026-04-09 15:30:00+00:00,21.645000457763672,21.850000381469727,21.149999618530273,21.18000030517578,6059990
2026-04-09 16:30:00+00:00,21.600000381469727,21.825000762939453,21.440000534057617,21.645000457763672,3392420
2026-04-09 17:30:00+00:00,21.204999923706055,21.670000076293945,21.1200008392334,21.600099563598633,4064835
2026-04-09 18:30:00+00:00,21.100000381469727,21.309999465942383,21.059999465942383,21.205400466918945,2363341
2026-04-09 19:30:00+00:00,21.110000610351562,21.309999465942383,21.109899520874023,21.109899520874023,4075706
2026-04-10 13:30:00+00:00,21.655000686645508,21.770000457763672,21.18000030517578,21.579999923706055,9262938
2026-04-10 14:30:00+00:00,21.43000030517578,21.690000534057617,21.349899291992188,21.659700393676758,4502959
2026-04-10 15:30:00+00:00,21.2450008392334,21.450000762939453,20.989999771118164,21.424999237060547,3842653
2026-04-10 16:30:00+00:00,21.239999771118164,21.329999923706055,21.030000686645508,21.2450008392334,2403791
2026-04-10 17:30:00+00:00,21.420000076293945,21.520000457763672,21.18000030517578,21.235000610351562,1874584
2026-04-10 18:30:00+00:00,21.2450008392334,21.429899215698242,21.18000030517578,21.424999237060547,2393125
2026-04-10 19:30:00+00:00,21.28499984741211,21.290000915527344,21.110000610351562,21.239999771118164,2922673
2026-04-13 13:30:00+00:00,21.68000030517578,21.68000030517578,20.68000030517578,20.979999542236328,10380694
2026-04-13 14:30:00+00:00,21.44499969482422,22.030000686645508,21.440000534057617,21.68000030517578,6400360
2026-04-13 15:30:00+00:00,21.45989990234375,21.540000915527344,21.209999084472656,21.440000534057617,6973007
2026-04-13 16:30:00+00:00,21.375,21.559999465942383,21.350000381469727,21.45989990234375,4450588
2026-04-13 17:30:00+00:00,21.18000030517578,21.4950008392334,21.040000915527344,21.375,6844732
2026-04-13 18:30:00+00:00,21.80500030517578,21.81999969482422,21.170000076293945,21.184999465942383,4677075
2026-04-13 19:30:00+00:00,21.469999313354492,21.934999465942383,21.389999389648438,21.799999237060547,9835623
2026-04-14 13:30:00+00:00,23.014999389648438,23.049999237060547,22.299999237060547,22.360000610351562,17087868
2026-04-14 14:30:00+00:00,22.19499969482422,23.15999984741211,21.960100173950195,23.020000457763672,11078171
2026-04-14 15:30:00+00:00,22.169300079345703,22.399999618530273,22.030099868774414,22.200000762939453,4193666
2026-04-14 16:30:00+00:00,21.764999389648438,22.200000762939453,21.649999618530273,22.16990089416504,6546069
2026-04-14 17:30:00+00:00,21.3799991607666,21.809999465942383,21.360000610351562,21.760000228881836,5979836
2026-04-14 18:30:00+00:00,21.280099868774414,21.475000381469727,21.209999084472656,21.3700008392334,5746636
2026-04-14 19:30:00+00:00,21.469999313354492,21.514999389648438,21.094999313354492,21.28499984741211,6739343
2026-04-15 13:30:00+00:00,21.905000686645508,21.989999771118164,21.149999618530273,21.68000030517578,9611988
2026-04-15 14:30:00+00:00,21.735000610351562,21.940000534057617,21.6299991607666,21.905000686645508,4342927
2026-04-15 15:30:00+00:00,21.78350067138672,21.920000076293945,21.510000228881836,21.729999542236328,4666254
2026-04-15 16:30:00+00:00,21.795000076293945,21.834999084472656,21.34000015258789,21.78499984741211,3700157
2026-04-15 17:30:00+00:00,21.795000076293945,21.850000381469727,21.600000381469727,21.799999237060547,2504623
2026-04-15 18:30:00+00:00,22.104999542236328,22.209999084472656,21.780000686645508,21.799999237060547,4257088
2026-04-15 19:30:00+00:00,22.329999923706055,22.440000534057617,22.084999084472656,22.10580062866211,6507541
2026-04-16 13:30:00+00:00,21.725000381469727,22.5,21.559999465942383,22.385000228881836,9913478
2026-04-16 14:30:00+00:00,21.950000762939453,22.18000030517578,21.719999313354492,21.725000381469727,5067946
2026-04-16 15:30:00+00:00,22.135000228881836,22.350000381469727,21.920000076293945,21.940000534057617,3517821
2026-04-16 16:30:00+00:00,21.96500015258789,22.18000030517578,21.81999969482422,22.139999389648438,3135465
2026-04-16 17:30:00+00:00,21.760000228881836,22.059999465942383,21.719999313354492,21.960100173950195,2683724
2026-04-16 18:30:00+00:00,22.125,22.200000762939453,21.770000457763672,21.770000457763672,3519093
2026-04-16 19:30:00+00:00,22.43000030517578,22.43000030517578,22.110000610351562,22.125,3753674
2026-04-17 13:30:00+00:00,23.670000076293945,23.959999084472656,22.951400756835938,23.020000457763672,18862690
2026-04-17 14:30:00+00:00,23.53499984741211,24.110000610351562,23.46500015258789,23.68000030517578,12359352
2026-04-17 15:30:00+00:00,23.84000015258789,23.8700008392334,23.3700008392334,23.53499984741211,6779307
2026-04-17 16:30:00+00:00,22.989999771118164,23.939899444580078,22.90999984741211,23.84320068359375,8324441
2026-04-17 17:30:00+00:00,22.950000762939453,23.28499984741211,22.915000915527344,22.985000610351562,5748305
2026-04-17 18:30:00+00:00,22.844999313354492,23.040000915527344,22.670000076293945,22.959999084472656,4432408
2026-04-17 19:30:00+00:00,22.959999084472656,23.075000762939453,22.735000610351562,22.850000381469727,4079402
2026-04-20 13:30:00+00:00,22.190000534057617,22.390100479125977,21.84000015258789,22.18000030517578,11093399
2026-04-20 14:30:00+00:00,22.30500030517578,22.309999465942383,21.579999923706055,22.184999465942383,7139575
2026-04-20 15:30:00+00:00,22.184999465942383,22.364999771118164,22.145000457763672,22.299999237060547,3159610
2026-04-20 16:30:00+00:00,22.385000228881836,22.459999084472656,22.06999969482422,22.190000534057617,2153988
2026-04-20 17:30:00+00:00,22.690000534057617,22.719999313354492,22.299999237060547,22.385000228881836,3714703
2026-04-20 18:30:00+00:00,22.524999618530273,22.7549991607666,22.459999084472656,22.69499969482422,3414697
2026-04-20 19:30:00+00:00,22.540000915527344,22.700000762939453,22.440099716186523,22.520000457763672,4013942
2026-04-21 13:30:00+00:00,22.524999618530273,22.81999969482422,22.364999771118164,22.649999618530273,7433761
2026-04-21 14:30:00+00:00,22.375,22.809999465942383,22.030000686645508,22.520000457763672,7003146
2026-04-21 15:30:00+00:00,22.2549991607666,22.510000228881836,22.239999771118164,22.375,2750748
2026-04-21 16:30:00+00:00,21.90999984741211,22.469999313354492,21.834999084472656,22.2549991607666,3705254
2026-04-21 17:30:00+00:00,22.06999969482422,22.270000457763672,21.8799991607666,21.899999618530273,2883049
2026-04-21 18:30:00+00:00,22.375,22.399999618530273,21.975000381469727,22.079999923706055,3632080
2026-04-21 19:30:00+00:00,21.709999084472656,22.375,21.690000534057617,22.375,4954347
2026-04-22 13:30:00+00:00,23.19499969482422,23.440000534057617,22.790000915527344,22.850000381469727,15652147
2026-04-22 14:30:00+00:00,23.079999923706055,23.219999313354492,22.81999969482422,23.19499969482422,6499348
2026-04-22 15:30:00+00:00,23.020000457763672,23.360000610351562,22.979999542236328,23.06999969482422,4021843
2026-04-22 16:30:00+00:00,22.795000076293945,23.06999969482422,22.690000534057617,23.020000457763672,2999782
2026-04-22 17:30:00+00:00,22.735000610351562,22.959999084472656,22.709999084472656,22.799999237060547,2627388
2026-04-22 18:30:00+00:00,23.280000686645508,23.31999969482422,22.704999923706055,22.735000610351562,4451989
2026-04-22 19:30:00+00:00,23.299999237060547,23.3799991607666,23.190000534057617,23.27989959716797,5412837
2026-04-23 13:30:00+00:00,22.450000762939453,22.760000228881836,22.209999084472656,22.614999771118164,8397484
2026-04-23 14:30:00+00:00,22.889999389648438,23.049999237060547,22.370100021362305,22.454999923706055,4559759
2026-04-23 15:30:00+00:00,22.649999618530273,23.020000457763672,22.625,22.889999389648438,2535239
2026-04-23 16:30:00+00:00,22.05500030517578,22.700000762939453,22.030000686645508,22.655000686645508,4555316
2026-04-23 17:30:00+00:00,22.139999389648438,22.299999237060547,21.649999618530273,22.059999465942383,6936123
2026-04-23 18:30:00+00:00,21.989999771118164,22.229999542236328,21.8799991607666,22.149999618530273,3223409
2026-04-23 19:30:00+00:00,22.020000457763672,22.139999389648438,21.829999923706055,21.985000610351562,4273976
2026-04-24 13:30:00+00:00,21.760000228881836,22.510000228881836,21.719999313354492,22.40999984741211,8882454
2026-04-24 14:30:00+00:00,21.969999313354492,21.989999771118164,21.670000076293945,21.770000457763672,3552772
2026-04-24 15:30:00+00:00,21.94499969482422,22.299999237060547,21.864999771118164,21.969999313354492,3152518
2026-04-24 16:30:00+00:00,21.895000457763672,22.049999237060547,21.84000015258789,21.94499969482422,2178616
2026-04-24 17:30:00+00:00,21.885000228881836,22.040000915527344,21.764999389648438,21.895000457763672,2330542
2026-04-24 18:30:00+00:00,22.155000686645508,22.270000457763672,21.885000228881836,21.889999389648438,2460218
2026-04-24 19:30:00+00:00,22.155000686645508,22.21500015258789,22.0049991607666,22.155000686645508,2230190
2026-04-27 13:30:00+00:00,22.247499465942383,22.40999984741211,21.860000610351562,22.030000686645508,8352557
2026-04-27 14:30:00+00:00,21.65999984741211,22.375,21.43000030517578,22.249900817871094,7001136
2026-04-27 15:30:00+00:00,21.530000686645508,21.770099639892578,21.46500015258789,21.665000915527344,3426349
2026-04-27 16:30:00+00:00,21.770000457763672,21.799999237060547,21.450000762939453,21.53499984741211,2464296
2026-04-27 17:30:00+00:00,21.700000762939453,21.889999389648438,21.639999389648438,21.775699615478516,1507685
2026-04-27 18:30:00+00:00,21.649999618530273,21.84000015258789,21.59000015258789,21.700000762939453,2076391
2026-04-27 19:30:00+00:00,21.549999237060547,21.65999984741211,21.510000228881836,21.652000427246094,3022353
2026-04-28 13:30:00+00:00,20.940000534057617,21.329999923706055,20.799999237060547,21.010000228881836,6828826
2026-04-28 14:30:00+00:00,20.93000030517578,21.040000915527344,20.579999923706055,20.93000030517578,4775174
2026-04-28 15:30:00+00:00,20.895000457763672,21.09000015258789,20.809799194335938,20.920000076293945,2040557
2026-04-28 16:30:00+00:00,21.389999389648438,21.399999618530273,20.895000457763672,20.895000457763672,2284047
2026-04-28 17:30:00+00:00,21.624399185180664,21.6299991607666,21.389999389648438,21.389999389648438,2348779
2026-04-28 18:30:00+00:00,21.360000610351562,21.674999237060547,21.28499984741211,21.625,2030217
2026-04-28 19:30:00+00:00,21.479999542236328,21.529300689697266,21.280000686645508,21.360000610351562,2655595
2026-04-29 13:30:00+00:00,20.850000381469727,21.200000762939453,20.545000076293945,21.100000381469727,7427154
2026-04-29 14:30:00+00:00,20.6299991607666,20.934999465942383,20.364999771118164,20.84000015258789,4155176
2026-04-29 15:30:00+00:00,20.500930786132812,20.65850067138672,20.309999465942383,20.6299991607666,3160774
2026-04-29 16:30:00+00:00,20.59000015258789,20.6200008392334,20.434999465942383,20.5,2488910
2026-04-29 17:30:00+00:00,20.309999465942383,20.6299991607666,20.219999313354492,20.59000015258789,3316182
2026-04-29 18:30:00+00:00,20.405000686645508,20.475000381469727,20.190000534057617,20.315000534057617,3639153
2026-04-29 19:30:00+00:00,20.579999923706055,20.75,20.34000015258789,20.405000686645508,4386071
2026-04-30 13:30:00+00:00,20.815000534057617,21.155000686645508,20.520000457763672,20.729999542236328,7157227
2026-04-30 14:30:00+00:00,21.139999389648438,21.155000686645508,20.68000030517578,20.809999465942383,3206657
2026-04-30 15:30:00+00:00,20.96500015258789,21.225000381469727,20.950000762939453,21.1299991607666,1909274
2026-04-30 16:30:00+00:00,20.950000762939453,21.059999465942383,20.8799991607666,20.96500015258789,1161534
2026-04-30 17:30:00+00:00,21.059999465942383,21.094999313354492,20.94266128540039,20.950000762939453,1097516
2026-04-30 18:30:00+00:00,21.21500015258789,21.290000915527344,21.027799606323242,21.05500030517578,2492196
2026-04-30 19:30:00+00:00,21.389999389648438,21.420000076293945,21.149999618530273,21.209999084472656,3751847
2026-05-01 13:30:00+00:00,21.760000228881836,22.09000015258789,21.53499984741211,21.65999984741211,9721079
2026-05-01 14:30:00+00:00,21.809999465942383,21.954999923706055,21.440000534057617,21.760000228881836,4131259
2026-05-01 15:30:00+00:00,21.709999084472656,22.024999618530273,21.614999771118164,21.809799194335938,2364139
2026-05-01 16:30:00+00:00,21.864999771118164,21.875,21.549999237060547,21.71500015258789,1994362
2026-05-01 17:30:00+00:00,22.0049991607666,22.05500030517578,21.860000610351562,21.8700008392334,3063235
2026-05-01 18:30:00+00:00,21.850000381469727,22.010000228881836,21.719999313354492,22.0049991607666,2915672
2026-05-01 19:30:00+00:00,21.8700008392334,21.889999389648438,21.735000610351562,21.854999542236328,2871848
2026-05-04 13:30:00+00:00,22.670000076293945,22.81999969482422,22.15999984741211,22.15999984741211,12147062
2026-05-04 14:30:00+00:00,22.579599380493164,23.139999389648438,22.434999465942383,22.670000076293945,8862531
2026-05-04 15:30:00+00:00,22.600000381469727,22.670000076293945,22.18000030517578,22.579999923706055,4730842
2026-05-04 16:30:00+00:00,22.885000228881836,22.940000534057617,22.454999923706055,22.600000381469727,3288506
2026-05-04 17:30:00+00:00,22.885000228881836,23.170000076293945,22.69499969482422,22.885000228881836,3663364
2026-05-04 18:30:00+00:00,22.735000610351562,22.969999313354492,22.649999618530273,22.889999389648438,3462139
2026-05-04 19:30:00+00:00,22.790000915527344,22.844999313354492,22.59000015258789,22.739999771118164,4419024
2026-05-05 13:30:00+00:00,22.989999771118164,23.344999313354492,22.729999542236328,23.200000762939453,11717256
2026-05-05 14:30:00+00:00,22.979999542236328,23.09510040283203,22.690000534057617,22.989999771118164,5001285
2026-05-05 15:30:00+00:00,22.844999313354492,23.149999618530273,22.739999771118164,22.979999542236328,4176056
2026-05-05 16:30:00+00:00,22.790000915527344,22.885000228881836,22.559999465942383,22.84000015258789,2704985
2026-05-05 17:30:00+00:00,22.8700008392334,22.915000915527344,22.684999465942383,22.780000686645508,2404766
2026-05-05 18:30:00+00:00,22.885000228881836,23.05500030517578,22.834999084472656,22.8700008392334,2622379
2026-05-05 19:30:00+00:00,23.100000381469727,23.100000381469727,22.790000915527344,22.8700008392334,3294021
2026-05-06 13:30:00+00:00,23.1299991607666,23.360000610351562,22.71500015258789,22.9950008392334,10635360
2026-05-06 14:30:00+00:00,23.05500030517578,23.469999313354492,23.045000076293945,23.1299991607666,4924046
2026-05-06 15:30:00+00:00,23.065000534057617,23.2549991607666,23.0,23.05139923095703,2912703
2026-05-06 16:30:00+00:00,22.877300262451172,23.090099334716797,22.799999237060547,23.059999465942383,2498856
2026-05-06 17:30:00+00:00,22.844999313354492,22.920000076293945,22.6299991607666,22.875,3584936
2026-05-06 18:30:00+00:00,22.78499984741211,22.8799991607666,22.655000686645508,22.844999313354492,3066242
2026-05-06 19:30:00+00:00,22.899999618530273,22.91510009765625,22.739999771118164,22.780000686645508,4048001
2026-05-07 13:30:00+00:00,22.424999237060547,22.729999542236328,22.28019905090332,22.600000381469727,8255760
2026-05-07 14:30:00+00:00,22.014999389648438,22.459999084472656,21.93000030517578,22.43000030517578,6082032
2026-05-07 15:30:00+00:00,21.854999542236328,22.155000686645508,21.635000228881836,22.014999389648438,4773013
2026-05-07 16:30:00+00:00,21.424999237060547,21.90920066833496,21.3799991607666,21.860000610351562,3207369
2026-05-07 17:30:00+00:00,21.790000915527344,22.0,21.395000457763672,21.424999237060547,3066241
2026-05-07 18:30:00+00:00,21.924999237060547,21.999900817871094,21.75,21.795000076293945,2807699
2026-05-07 19:30:00+00:00,22.0,22.204999923706055,21.850000381469727,21.924999237060547,3872965
2026-05-08 13:30:00+00:00,21.674999237060547,22.010000228881836,21.479999542236328,22.0,8187510
2026-05-08 14:30:00+00:00,21.645000457763672,21.875,21.58180046081543,21.66010093688965,3747179
2026-05-08 15:30:00+00:00,21.614999771118164,21.769899368286133,21.530000686645508,21.649999618530273,2085066
2026-05-08 16:30:00+00:00,21.920000076293945,21.93000030517578,21.514999389648438,21.625,2418404
2026-05-08 17:30:00+00:00,22.375,22.395000457763672,21.920000076293945,21.924999237060547,4047965
2026-05-08 18:30:00+00:00,21.985000610351562,22.3799991607666,21.975000381469727,22.372699737548828,3438019
2026-05-08 19:30:00+00:00,22.190000534057617,22.190000534057617,21.969999313354492,21.979999542236328,2699302
2026-05-11 13:30:00+00:00,22.329999923706055,22.790000915527344,21.954999923706055,22.020000457763672,10509539
2026-05-11 14:30:00+00:00,22.685100555419922,22.70989990234375,22.190000534057617,22.33989906311035,5166356
2026-05-11 15:30:00+00:00,22.920000076293945,22.985000610351562,22.3799991607666,22.690000534057617,4430386
2026-05-11 16:30:00+00:00,22.815000534057617,22.959999084472656,22.43000030517578,22.924999237060547,3523041
2026-05-11 17:30:00+00:00,23.295000076293945,23.31999969482422,22.780000686645508,22.815000534057617,5272462
2026-05-11 18:30:00+00:00,22.79010009765625,23.364999771118164,22.780000686645508,23.290000915527344,4842913
2026-05-11 19:30:00+00:00,23.020000457763672,23.075000762939453,22.770099639892578,22.790000915527344,3654727
2026-05-12 13:30:00+00:00,21.8700008392334,22.239999771118164,21.600000381469727,22.030000686645508,13149561
2026-05-12 14:30:00+00:00,21.399999618530273,21.950000762939453,21.3799991607666,21.8700008392334,7544319
2026-05-12 15:30:00+00:00,21.524999618530273,21.645000457763672,21.290000915527344,21.405000686645508,3350013
2026-05-12 16:30:00+00:00,21.59000015258789,21.600000381469727,21.229999542236328,21.530000686645508,3835792
2026-05-12 17:30:00+00:00,21.4950008392334,21.690000534057617,21.434999465942383,21.637699127197266,2635644
2026-05-12 18:30:00+00:00,21.450000762939453,21.700000762939453,21.434999465942383,21.489999771118164,3066405
2026-05-12 19:30:00+00:00,21.684999465942383,21.77050018310547,21.454999923706055,21.454999923706055,4189746
2026-05-13 13:30:00+00:00,21.41010093688965,21.510000228881836,21.030000686645508,21.43000030517578,8030505
2026-05-13 14:30:00+00:00,21.429899215698242,21.520000457763672,21.28499984741211,21.415000915527344,2400409
2026-05-13 15:30:00+00:00,21.46500015258789,21.489999771118164,21.149999618530273,21.420000076293945,2472615
2026-05-13 16:30:00+00:00,21.5,21.559999465942383,21.351999282836914,21.465499877929688,1606229
2026-05-13 17:30:00+00:00,21.560100555419922,21.684999465942383,21.440000534057617,21.4950008392334,1870047
2026-05-13 18:30:00+00:00,21.385000228881836,21.645000457763672,21.34000015258789,21.559999465942383,2084204
2026-05-13 19:30:00+00:00,21.165000915527344,21.4950008392334,21.1299991607666,21.389999389648438,3643106
2026-05-14 13:30:00+00:00,21.075000762939453,21.260000228881836,20.690000534057617,21.200000762939453,7555578
2026-05-14 14:30:00+00:00,21.969999313354492,22.077299118041992,21.020000457763672,21.079999923706055,6325302
2026-05-14 15:30:00+00:00,22.315000534057617,22.40999984741211,21.850000381469727,21.975000381469727,6121861
2026-05-14 16:30:00+00:00,22.09000015258789,22.649999618530273,21.979999542236328,22.315000534057617,6579936
2026-05-14 17:30:00+00:00,22.235000610351562,22.375,22.0,22.06999969482422,2902456
2026-05-14 18:30:00+00:00,21.889999389648438,22.31999969482422,21.882200241088867,22.239999771118164,2511370
2026-05-14 19:30:00+00:00,21.9950008392334,22.020000457763672,21.864999771118164,21.899999618530273,2585570
2026-05-15 13:30:00+00:00,20.550100326538086,21.329999923706055,20.364999771118164,21.280000686645508,13519807
2026-05-15 14:30:00+00:00,20.260000228881836,20.700000762939453,20.190000534057617,20.549999237060547,6419025
2026-05-15 15:30:00+00:00,20.2450008392334,20.434999465942383,20.190000534057617,20.270000457763672,4014589
2026-05-15 16:30:00+00:00,20.184999465942383,20.30500030517578,20.059999465942383,20.274999618530273,4918290
2026-05-15 17:30:00+00:00,20.225000381469727,20.43000030517578,20.145000457763672,20.180400848388672,3234280
2026-05-15 18:30:00+00:00,20.06999969482422,20.30500030517578,20.020000457763672,20.229999542236328,3818541
2026-05-15 19:30:00+00:00,19.864999771118164,20.18000030517578,19.850000381469727,20.06999969482422,6742572
2026-05-18 13:30:00+00:00,18.999300003051758,19.389999389648438,18.780000686645508,19.34000015258789,14595951
2026-05-18 14:30:00+00:00,18.59000015258789,19.030000686645508,18.565000534057617,19.0,7365612
2026-05-18 15:30:00+00:00,18.545000076293945,18.844999313354492,18.514999389648438,18.590099334716797,3461766
2026-05-18 16:30:00+00:00,18.65999984741211,18.725000381469727,18.510000228881836,18.549999237060547,2648609
2026-05-18 17:30:00+00:00,18.399999618530273,18.687999725341797,18.315000534057617,18.655000686645508,3965687
2026-05-18 18:30:00+00:00,18.485000610351562,18.760000228881836,18.290000915527344,18.40999984741211,5262272
2026-05-18 19:30:00+00:00,18.729999542236328,18.889999389648438,18.469999313354492,18.481000900268555,5352355
2026-05-19 13:30:00+00:00,18.40999984741211,18.875,18.350000381469727,18.489999771118164,8302766
2026-05-19 14:30:00+00:00,18.530000686645508,18.645000457763672,18.290000915527344,18.420000076293945,3458107
2026-05-19 15:30:00+00:00,18.639999389648438,18.670000076293945,18.479999542236328,18.520000457763672,2098065
2026-05-19 16:30:00+00:00,18.790000915527344,18.954999923706055,18.625,18.639999389648438,2454645
2026-05-19 17:30:00+00:00,18.825000762939453,18.920000076293945,18.69499969482422,18.789899826049805,1791484
2026-05-19 18:30:00+00:00,18.709999084472656,18.940000534057617,18.65999984741211,18.81999969482422,2235800
2026-05-19 19:30:00+00:00,18.6200008392334,18.78499984741211,18.610000610351562,18.706499099731445,2769892
2026-05-20 13:30:00+00:00,19.139999389648438,19.25,18.646699905395508,18.780000686645508,7028395
2026-05-20 14:30:00+00:00,19.3799991607666,19.489999771118164,19.110000610351562,19.149999618530273,4195905
2026-05-20 15:30:00+00:00,19.312000274658203,19.489999771118164,19.274999618530273,19.385000228881836,1915551
2026-05-20 16:30:00+00:00,19.520000457763672,19.559999465942383,19.2810001373291,19.309999465942383,2382826
2026-05-20 17:30:00+00:00,19.53499984741211,19.645000457763672,19.469999313354492,19.520000457763672,2134746
2026-05-20 18:30:00+00:00,19.34000015258789,19.549999237060547,19.25,19.53499984741211,2361128
2026-05-20 19:30:00+00:00,19.3799991607666,19.415000915527344,19.240400314331055,19.350000381469727,3076085
2026-05-21 13:30:00+00:00,19.155000686645508,19.350000381469727,18.959999084472656,19.0,6484002
2026-05-21 14:30:00+00:00,19.25,19.290000915527344,19.024999618530273,19.15999984741211,2479763
2026-05-21 15:30:00+00:00,19.219999313354492,19.34000015258789,19.18000030517578,19.25,1258321
2026-05-21 16:30:00+00:00,19.424999237060547,19.53499984741211,19.1200008392334,19.219999313354492,2181845
2026-05-21 17:30:00+00:00,19.450000762939453,19.579999923706055,19.364999771118164,19.422000885009766,2104165
2026-05-21 18:30:00+00:00,19.354999542236328,19.520000457763672,19.260000228881836,19.44499969482422,2138921
2026-05-21 19:30:00+00:00,19.6299991607666,19.639999389648438,19.350000381469727,19.354999542236328,2373643
2026-05-22 13:30:00+00:00,19.360000610351562,19.8700008392334,19.229999542236328,19.434999465942383,6565346
2026-05-22 14:30:00+00:00,19.375,19.5,19.299999237060547,19.36989974975586,2223580
2026-05-22 15:30:00+00:00,19.420000076293945,19.520000457763672,19.315000534057617,19.385000228881836,1641316
2026-05-22 16:30:00+00:00,19.540000915527344,19.540000915527344,19.334999084472656,19.41069984436035,1514911
2026-05-22 17:30:00+00:00,19.360000610351562,19.559999465942383,19.270000457763672,19.540000915527344,1885355
2026-05-22 18:30:00+00:00,18.950000762939453,19.385000228881836,18.93000030517578,19.360000610351562,3000637
2026-05-22 19:30:00+00:00,18.8700008392334,18.959999084472656,18.815000534057617,18.959999084472656,3711044
2026-05-26 13:30:00+00:00,19.915000915527344,20.049999237060547,19.059999465942383,19.290000915527344,12113891
2026-05-26 14:30:00+00:00,19.68000030517578,19.934999465942383,19.649999618530273,19.91010093688965,4107420
2026-05-26 15:30:00+00:00,19.514999389648438,19.725000381469727,19.440000534057617,19.674999237060547,2435900
2026-05-26 16:30:00+00:00,19.264999389648438,19.579999923706055,19.25,19.520000457763672,2108181
2026-05-26 17:30:00+00:00,19.19499969482422,19.31999969482422,19.165000915527344,19.268999099731445,2043364
2026-05-26 18:30:00+00:00,19.094999313354492,19.235000610351562,19.024999618530273,19.19499969482422,3369116
2026-05-26 19:30:00+00:00,19.219999313354492,19.25,19.079999923706055,19.094999313354492,2751299
2026-05-27 13:30:00+00:00,18.850000381469727,19.149999618530273,18.725000381469727,18.985000610351562,7459134
2026-05-27 14:30:00+00:00,18.96500015258789,19.079999923706055,18.84000015258789,18.850000381469727,3145681
2026-05-27 15:30:00+00:00,18.985000610351562,19.06999969482422,18.860000610351562,18.959999084472656,2047597
2026-05-27 16:30:00+00:00,18.83009910583496,19.05500030517578,18.815000534057617,18.98040008544922,2130922
2026-05-27 17:30:00+00:00,18.895000457763672,18.950000762939453,18.764999389648438,18.829999923706055,2251139
2026-05-27 18:30:00+00:00,18.790000915527344,18.969900131225586,18.78499984741211,18.899999618530273,1793526
2026-05-27 19:30:00+00:00,18.84000015258789,18.895000457763672,18.780000686645508,18.795000076293945,2623642
2026-05-28 13:30:00+00:00,18.405000686645508,18.59000015258789,17.8700008392334,18.329999923706055,13043269
2026-05-28 14:30:00+00:00,18.790000915527344,18.88990020751953,18.309999465942383,18.399999618530273,6707680
2026-05-28 15:30:00+00:00,19.0049991607666,19.114999771118164,18.709999084472656,18.790000915527344,5243159
2026-05-28 16:30:00+00:00,19.155000686645508,19.270000457763672,18.989999771118164,19.000099182128906,3200978
2026-05-28 17:30:00+00:00,19.184999465942383,19.334999084472656,19.110000610351562,19.15999984741211,2504713
2026-05-28 18:30:00+00:00,19.15250015258789,19.260000228881836,19.0,19.184999465942383,3396439
2026-05-28 19:30:00+00:00,19.239999771118164,19.329999923706055,19.110000610351562,19.149999618530273,3262867
2026-05-29 13:30:00+00:00,18.551000595092773,19.079999923706055,18.434999465942383,18.899999618530273,7960943
2026-05-29 14:30:00+00:00,19.514999389648438,19.559999465942383,18.545000076293945,18.559999465942383,7529375
2026-05-29 15:30:00+00:00,19.424999237060547,19.854999542236328,19.399999618530273,19.514999389648438,4895032
2026-05-29 16:30:00+00:00,19.635000228881836,19.700000762939453,19.399999618530273,19.424999237060547,3123383
2026-05-29 17:30:00+00:00,19.540000915527344,19.729999542236328,19.450000762939453,19.635000228881836,2456697
2026-05-29 18:30:00+00:00,19.204999923706055,19.59000015258789,19.191999435424805,19.53499984741211,3128560
2026-05-29 19:30:00+00:00,19.25,19.334999084472656,19.184999465942383,19.204999923706055,3421129
2026-06-01 13:30:00+00:00,18.924999237060547,19.040000915527344,18.200000762939453,18.459999084472656,11880954
2026-06-01 14:30:00+00:00,18.954999923706055,19.190000534057617,18.78499984741211,18.93000030517578,3595334
2026-06-01 15:30:00+00:00,18.990100860595703,19.309999465942383,18.90999984741211,18.950000762939453,4169904
2026-06-01 16:30:00+00:00,19.309999465942383,19.309999465942383,18.94499969482422,18.9950008392334,2810074
2026-06-01 17:30:00+00:00,19.274999618530273,19.440000534057617,19.170299530029297,19.309999465942383,3170640
2026-06-01 18:30:00+00:00,18.922800064086914,19.299999237060547,18.864999771118164,19.280000686645508,3368866
2026-06-01 19:30:00+00:00,18.834999084472656,19.0049991607666,18.764999389648438,18.924999237060547,4360078
2026-06-02 13:30:00+00:00,17.940000534057617,18.700000762939453,17.834999084472656,18.489999771118164,15939228
2026-06-02 14:30:00+00:00,17.6200008392334,18.155000686645508,17.610000610351562,17.940000534057617,6263405
2026-06-02 15:30:00+00:00,17.899999618530273,17.979999542236328,17.520000457763672,17.614999771118164,5074084
2026-06-02 16:30:00+00:00,17.88520050048828,17.93000030517578,17.770000457763672,17.895000457763672,2421833
2026-06-02 17:30:00+00:00,17.635099411010742,17.895000457763672,17.6200008392334,17.885000228881836,2679620
2026-06-02 18:30:00+00:00,17.590499877929688,17.70800018310547,17.575000762939453,17.635000228881836,3697571
2026-06-02 19:30:00+00:00,17.975000381469727,17.985000610351562,17.545000076293945,17.594999313354492,5114058
2026-06-03 13:30:00+00:00,17.385000228881836,17.815000534057617,17.270000457763672,17.68000030517578,11461966
2026-06-03 14:30:00+00:00,17.16990089416504,17.399999618530273,17.059999465942383,17.389999389648438,5392711
2026-06-03 15:30:00+00:00,16.895000457763672,17.19499969482422,16.86009979248047,17.165000915527344,4888029
2026-06-03 16:30:00+00:00,17.03499984741211,17.1200008392334,16.895000457763672,16.895000457763672,2996901
2026-06-03 17:30:00+00:00,17.097841262817383,17.110000610351562,16.959999084472656,17.030000686645508,1990387
2026-06-03 18:30:00+00:00,16.829999923706055,17.209999084472656,16.81999969482422,17.09510040283203,3627320
2026-06-03 19:30:00+00:00,16.885000228881836,17.075000762939453,16.81999969482422,16.829999923706055,5219476
2026-06-04 13:30:00+00:00,17.270000457763672,17.440000534057617,16.670000076293945,16.850000381469727,16940601
2026-06-04 14:30:00+00:00,17.165000915527344,17.280000686645508,16.920000076293945,17.280000686645508,5382379
2026-06-04 15:30:00+00:00,16.934999465942383,17.18000030517578,16.920000076293945,17.170000076293945,3086527
2026-06-04 16:30:00+00:00,16.915000915527344,17.030000686645508,16.829999923706055,16.934999465942383,2886290
2026-06-04 17:30:00+00:00,17.400100708007812,17.406700134277344,16.809999465942383,16.915000915527344,3887932
2026-06-04 18:30:00+00:00,17.875,17.90999984741211,17.354999542236328,17.40999984741211,7205187
2026-06-04 19:30:00+00:00,17.885000228881836,17.950000762939453,17.729999542236328,17.8799991607666,6442035
2026-06-05 13:30:00+00:00,16.065000534057617,17.069700241088867,15.989999771118164,17.010000228881836,18173370
2026-06-05 14:30:00+00:00,16.11199951171875,16.489999771118164,16.0,16.065000534057617,7591228
2026-06-05 15:30:00+00:00,16.05500030517578,16.1200008392334,15.770000457763672,16.100099563598633,7691699
2026-06-05 16:30:00+00:00,16.0049991607666,16.28499984741211,15.979999542236328,16.065000534057617,4798296
2026-06-05 17:30:00+00:00,15.8100004196167,16.104999542236328,15.779999732971191,16.010000228881836,3975882
2026-06-05 18:30:00+00:00,15.944999694824219,15.949999809265137,15.600000381469727,15.800100326538086,5573906
2026-06-05 19:30:00+00:00,15.904999732971191,16.030000686645508,15.8100004196167,15.944999694824219,6918675
2026-06-08 13:30:00+00:00,16.979900360107422,17.040000915527344,16.40999984741211,16.6299991607666,12450264
2026-06-08 14:30:00+00:00,17.1299991607666,17.280000686645508,16.92009925842285,16.975000381469727,5676590
2026-06-08 15:30:00+00:00,17.020000457763672,17.184999465942383,17.010000228881836,17.1299991607666,3148583
2026-06-08 16:30:00+00:00,16.96500015258789,17.03499984741211,16.84000015258789,17.024999618530273,3004828
2026-06-08 17:30:00+00:00,16.975000381469727,17.06999969482422,16.854999542236328,16.96500015258789,1966837
2026-06-08 18:30:00+00:00,16.864999771118164,17.0,16.760000228881836,16.97010040283203,3383017
2026-06-08 19:30:00+00:00,16.850000381469727,16.920000076293945,16.81999969482422,16.8700008392334,4511252
2026-06-09 13:30:00+00:00,16.450000762939453,16.909900665283203,16.3700008392334,16.5,8929656
2026-06-09 14:30:00+00:00,16.024999618530273,16.510000228881836,16.010000228881836,16.454999923706055,6023821
2026-06-09 15:30:00+00:00,15.71500015258789,16.149999618530273,15.529999732971191,16.020000457763672,6203334
2026-06-09 16:30:00+00:00,16.020000457763672,16.079999923706055,15.470000267028809,15.710000038146973,4998492
2026-06-09 17:30:00+00:00,16.225000381469727,16.270000457763672,16.010000228881836,16.021400451660156,2085003
2026-06-09 18:30:00+00:00,16.1299991607666,16.31999969482422,16.05500030517578,16.225000381469727,2140010
2026-06-09 19:30:00+00:00,16.19499969482422,16.2450008392334,16.049999237060547,16.139999389648438,3533207
2026-06-10 13:30:00+00:00,16.188600540161133,16.420000076293945,15.880000114440918,16.020000457763672,7453276
2026-06-10 14:30:00+00:00,15.9399995803833,16.209999084472656,15.789999961853027,16.18000030517578,4346893
2026-06-10 15:30:00+00:00,15.949999809265137,16.100000381469727,15.859999656677246,15.9399995803833,2710016
2026-06-10 16:30:00+00:00,15.760000228881836,15.984999656677246,15.760000228881836,15.944999694824219,2218398
2026-06-10 17:30:00+00:00,15.78499984741211,15.850000381469727,15.6850004196167,15.765000343322754,2364394
2026-06-10 18:30:00+00:00,15.5600004196167,15.78499984741211,15.529999732971191,15.78499984741211,3433496
2026-06-10 19:30:00+00:00,15.609999656677246,15.6899995803833,15.529999732971191,15.5600004196167,4015510
2026-06-11 13:30:00+00:00,15.739999771118164,16.0,15.5600004196167,15.649999618530273,7225751
2026-06-11 14:30:00+00:00,15.670000076293945,15.779999732971191,15.539999961853027,15.739999771118164,3027477
2026-06-11 15:30:00+00:00,15.585000038146973,15.75,15.574999809265137,15.670000076293945,2195761
2026-06-11 16:30:00+00:00,15.65999984741211,15.6899995803833,15.35200023651123,15.579999923706055,3970657
2026-06-11 17:30:00+00:00,16.114999771118164,16.200000762939453,15.670000076293945,15.670000076293945,6320605
2026-06-11 18:30:00+00:00,16.19070053100586,16.309999465942383,16.049999237060547,16.110000610351562,3115376
2026-06-11 19:30:00+00:00,16.520000457763672,16.530000686645508,16.19499969482422,16.19499969482422,5725473
2026-06-12 13:30:00+00:00,16.31999969482422,16.399999618530273,15.949999809265137,16.309999465942383,5744242
2026-06-12 14:30:00+00:00,16.614999771118164,16.809900283813477,16.270000457763672,16.31999969482422,4971341
2026-06-12 15:30:00+00:00,16.225000381469727,16.625,16.06999969482422,16.625,3792753
2026-06-12 16:30:00+00:00,16.204999923706055,16.33930015563965,16.174999237060547,16.229999542236328,1621047
2026-06-12 17:30:00+00:00,16.139999389648438,16.229999542236328,16.075000762939453,16.204999923706055,1829370
2026-06-12 18:30:00+00:00,16.130699157714844,16.259899139404297,16.094999313354492,16.145000457763672,1793207
2026-06-12 19:30:00+00:00,16.103500366210938,16.229999542236328,16.049999237060547,16.139999389648438,3309459
2026-06-15 13:30:00+00:00,17.219999313354492,17.559999465942383,17.084999084472656,17.190000534057617,15979965
2026-06-15 14:30:00+00:00,17.350000381469727,17.520000457763672,17.15999984741211,17.225000381469727,6136806
2026-06-15 15:30:00+00:00,17.760000228881836,17.760000228881836,17.329999923706055,17.350000381469727,7156982
2026-06-15 16:30:00+00:00,17.524999618530273,17.81999969482422,17.485000610351562,17.770000457763672,4395648
2026-06-15 17:30:00+00:00,17.334999084472656,17.549999237060547,17.31999969482422,17.524999618530273,3327186
2026-06-15 18:30:00+00:00,17.114999771118164,17.34000015258789,17.104999542236328,17.334999084472656,3920044
2026-06-15 19:30:00+00:00,17.094999313354492,17.239999771118164,17.049999237060547,17.1200008392334,4748168
2026-06-16 13:30:00+00:00,16.489999771118164,17.260000228881836,16.485000610351562,16.979999542236328,9779837
2026-06-16 14:30:00+00:00,16.385000228881836,16.69499969482422,16.350000381469727,16.488000869750977,4551060
2026-06-16 15:30:00+00:00,16.3799991607666,16.549999237060547,16.325000762939453,16.389699935913086,3020154
2026-06-16 16:30:00+00:00,16.350000381469727,16.416574478149414,16.260000228881836,16.375,2596975
2026-06-16 17:30:00+00:00,16.485000610351562,16.579999923706055,16.329999923706055,16.344999313354492,2776464
2026-06-16 18:30:00+00:00,16.274999618530273,16.520000457763672,16.238800048828125,16.485000610351562,3128177
2026-06-16 19:30:00+00:00,16.209999084472656,16.389999389648438,16.170000076293945,16.280000686645508,4419137
2026-06-17 13:30:00+00:00,16.325000762939453,16.5049991607666,16.030000686645508,16.125,5703809
2026-06-17 14:30:00+00:00,16.350000381469727,16.389999389648438,16.1200008392334,16.31999969482422,2030164
2026-06-17 15:30:00+00:00,16.610000610351562,16.700000762939453,16.320100784301758,16.350000381469727,1754809
2026-06-17 16:30:00+00:00,16.674999237060547,16.684999465942383,16.5049991607666,16.604999542236328,2455189
2026-06-17 17:30:00+00:00,16.415000915527344,16.764999389648438,16.190000534057617,16.674999237060547,3436948
2026-06-17 18:30:00+00:00,16.084999084472656,16.829999923706055,16.048999786376953,16.420000076293945,5433735
2026-06-17 19:30:00+00:00,15.694999694824219,16.1200008392334,15.680000305175781,16.079999923706055,5465336
2026-06-18 13:30:00+00:00,15.739999771118164,16.0,15.520000457763672,15.960000038146973,7395142
2026-06-18 14:30:00+00:00,15.664999961853027,15.96500015258789,15.649999618530273,15.729999542236328,3758411
2026-06-18 15:30:00+00:00,15.725000381469727,15.765000343322754,15.479999542236328,15.664999961853027,5323692
2026-06-18 16:30:00+00:00,15.541000366210938,15.729999542236328,15.460000038146973,15.720000267028809,2166669
2026-06-18 17:30:00+00:00,15.53499984741211,15.625,15.440699577331543,15.545000076293945,2416415
2026-06-18 18:30:00+00:00,15.688199996948242,15.71500015258789,15.510000228881836,15.53499984741211,2626626
2026-06-18 19:30:00+00:00,16.18000030517578,16.219999313354492,15.670100212097168,15.6899995803833,8043421
2026-06-22 13:30:00+00:00,16.375,17.1299991607666,16.270000457763672,16.280000686645508,13076693
2026-06-22 14:30:00+00:00,16.239999771118164,16.43000030517578,16.06999969482422,16.375,4791888
2026-06-22 15:30:00+00:00,15.904999732971191,16.299999237060547,15.819999694824219,16.238000869750977,3243509
2026-06-22 16:30:00+00:00,15.818499565124512,16.0,15.8100004196167,15.899999618530273,1991197
2026-06-22 17:30:00+00:00,15.919899940490723,16.0,15.789999961853027,15.8149995803833,1598354
2026-06-22 18:30:00+00:00,15.734999656677246,16.0,15.720000267028809,15.920000076293945,2360098
2026-06-22 19:30:00+00:00,15.850000381469727,15.890000343322754,15.734999656677246,15.734999656677246,2626071
2026-06-23 13:30:00+00:00,15.369999885559082,15.494999885559082,15.010000228881836,15.109999656677246,7567171
2026-06-23 14:30:00+00:00,15.099900245666504,15.454999923706055,15.029999732971191,15.380000114440918,3552037
2026-06-23 15:30:00+00:00,15.239999771118164,15.34000015258789,15.074999809265137,15.095000267028809,2115914
2026-06-23 16:30:00+00:00,15.194999694824219,15.244999885559082,15.100000381469727,15.234999656677246,1825587
2026-06-23 17:30:00+00:00,15.1899995803833,15.289999961853027,15.130000114440918,15.194999694824219,2115375
2026-06-23 18:30:00+00:00,15.207799911499023,15.225000381469727,14.975000381469727,15.199999809265137,4813962
2026-06-23 19:30:00+00:00,15.104999542236328,15.21500015258789,15.0600004196167,15.204999923706055,3692059
2026-06-24 13:30:00+00:00,14.694999694824219,15.079999923706055,14.510000228881836,15.0,10310808
2026-06-24 14:30:00+00:00,14.729999542236328,14.779999732971191,14.574999809265137,14.694999694824219,5647919
2026-06-24 15:30:00+00:00,14.54990005493164,14.729999542236328,14.4399995803833,14.729999542236328,3496272
2026-06-24 16:30:00+00:00,14.0649995803833,14.550000190734863,14.020000457763672,14.545000076293945,6103316
2026-06-24 17:30:00+00:00,14.229999542236328,14.300000190734863,13.850000381469727,14.0649995803833,5743568
2026-06-24 18:30:00+00:00,14.008600234985352,14.25,13.979999542236328,14.225000381469727,4012253
2026-06-24 19:30:00+00:00,14.01990032196045,14.107999801635742,13.949999809265137,14.005000114440918,5175805
2026-06-25 13:30:00+00:00,13.604999542236328,14.272500038146973,13.0649995803833,14.25,16010284
2026-06-25 14:30:00+00:00,13.4350004196167,13.8100004196167,13.329999923706055,13.604399681091309,4658725
2026-06-25 15:30:00+00:00,13.46500015258789,13.609700202941895,13.399999618530273,13.4399995803833,3182687
2026-06-25 16:30:00+00:00,13.385000228881836,13.46500015258789,13.210000038146973,13.46500015258789,4292928
2026-06-25 17:30:00+00:00,13.470000267028809,13.510000228881836,13.34000015258789,13.385000228881836,2772316
2026-06-25 18:30:00+00:00,13.359999656677246,13.475000381469727,13.28499984741211,13.475000381469727,3209694
2026-06-25 19:30:00+00:00,13.34000015258789,13.399999618530273,13.239999771118164,13.354999542236328,4635126
2026-06-26 13:30:00+00:00,13.600099563598633,13.680100440979004,12.944600105285645,13.0,9291932
2026-06-26 14:30:00+00:00,13.664999961853027,13.670000076293945,13.399999618530273,13.600000381469727,3479031
2026-06-26 15:30:00+00:00,13.595000267028809,13.805000305175781,13.585000038146973,13.664999961853027,4660926
2026-06-26 16:30:00+00:00,13.654999732971191,13.729999542236328,13.569999694824219,13.600000381469727,2063302
2026-06-26 17:30:00+00:00,13.5600004196167,13.770000457763672,13.545000076293945,13.654999732971191,2099757
2026-06-26 18:30:00+00:00,13.555000305175781,13.635000228881836,13.461299896240234,13.5600004196167,3271454
2026-06-26 19:30:00+00:00,13.545000076293945,13.720000267028809,13.4399995803833,13.555000305175781,8784363
2026-06-29 13:30:00+00:00,13.335000038146973,13.859999656677246,13.020700454711914,13.720000267028809,9395735
2026-06-29 14:30:00+00:00,13.274999618530273,13.4350004196167,13.109999656677246,13.329999923706055,3613870
2026-06-29 15:30:00+00:00,13.295000076293945,13.46500015258789,13.270000457763672,13.279999732971191,2935303
2026-06-29 16:30:00+00:00,13.765000343322754,13.779999732971191,13.270000457763672,13.295000076293945,4703531
2026-06-29 17:30:00+00:00,13.744999885559082,13.859999656677246,13.694999694824219,13.760000228881836,3372320
2026-06-29 18:30:00+00:00,13.850000381469727,13.864999771118164,13.699999809265137,13.744999885559082,3404160
2026-06-29 19:30:00+00:00,13.795000076293945,13.90999984741211,13.760000228881836,13.859800338745117,4666764
2026-06-30 13:30:00+00:00,13.301400184631348,13.339900016784668,12.989999771118164,13.199999809265137,8934824
2026-06-30 14:30:00+00:00,13.050100326538086,13.34000015258789,12.800000190734863,13.305000305175781,6686974
2026-06-30 15:30:00+00:00,13.204999923706055,13.260000228881836,12.960100173950195,13.0600004196167,4802661
2026-06-30 16:30:00+00:00,13.3149995803833,13.420000076293945,13.170000076293945,13.210000038146973,4112884
2026-06-30 17:30:00+00:00,13.28499984741211,13.375,13.239999771118164,13.319899559020996,2580970
2026-06-30 18:30:00+00:00,13.455499649047852,13.460000038146973,13.239999771118164,13.28499984741211,2481610
2026-06-30 19:30:00+00:00,13.319999694824219,13.510000228881836,13.289999961853027,13.449999809265137,4286901
2026-07-01 13:30:00+00:00,14.15999984741211,14.335000038146973,13.279999732971191,13.369999885559082,10824717
2026-07-01 14:30:00+00:00,14.46500015258789,14.569999694824219,13.920000076293945,14.164999961853027,5772475
2026-07-01 15:30:00+00:00,14.5649995803833,14.630000114440918,14.420000076293945,14.46500015258789,3826677
2026-07-01 16:30:00+00:00,14.53499984741211,14.595000267028809,14.3100004196167,14.5649995803833,4077541
2026-07-01 17:30:00+00:00,14.364999771118164,14.579999923706055,14.319999694824219,14.53499984741211,2929119
2026-07-01 18:30:00+00:00,14.274999618530273,14.364999771118164,14.220000267028809,14.364999771118164,3295228
2026-07-01 19:30:00+00:00,14.140000343322754,14.319999694824219,14.140000343322754,14.279999732971191,4424669
2026-07-02 13:30:00+00:00,14.774999618530273,15.25,14.489999771118164,14.5649995803833,12281846
2026-07-02 14:30:00+00:00,14.60990047454834,14.970000267028809,14.4399995803833,14.774999618530273,6494021
2026-07-02 15:30:00+00:00,14.350000381469727,14.718000411987305,14.329999923706055,14.609999656677246,3958989
2026-07-02 16:30:00+00:00,14.420000076293945,14.484999656677246,14.279999732971191,14.350000381469727,3202225
2026-07-02 17:30:00+00:00,14.414999961853027,14.467700004577637,14.240099906921387,14.414999961853027,2752544
2026-07-02 18:30:00+00:00,14.36139965057373,14.569999694824219,14.270000457763672,14.420000076293945,3393768
2026-07-02 19:30:00+00:00,14.354999542236328,14.520000457763672,14.289999961853027,14.364999771118164,5379361
2026-07-06 13:30:00+00:00,15.154999732971191,15.234999656677246,14.279999732971191,14.324999809265137,10222208
2026-07-06 14:30:00+00:00,15.350000381469727,15.375,14.9399995803833,15.154999732971191,5008925
2026-07-06 15:30:00+00:00,15.824999809265137,16.15999984741211,15.28499984741211,15.345000267028809,7640696
2026-07-06 16:30:00+00:00,15.875,15.979999542236328,15.789999961853027,15.824999809265137,4325208
2026-07-06 17:30:00+00:00,15.579999923706055,15.880000114440918,15.505000114440918,15.875,3174336
2026-07-06 18:30:00+00:00,15.854999542236328,15.880000114440918,15.420000076293945,15.574999809265137,3463993
2026-07-06 19:30:00+00:00,15.545000076293945,15.854999542236328,15.53499984741211,15.854999542236328,4567696
2026-07-07 13:30:00+00:00,15.140000343322754,15.65999984741211,14.989999771118164,15.350000381469727,7943760
2026-07-07 14:30:00+00:00,15.194999694824219,15.380000114440918,14.90999984741211,15.130000114440918,4039342
2026-07-07 15:30:00+00:00,15.529999732971191,15.574999809265137,15.149999618530273,15.199999809265137,2504329
2026-07-07 16:30:00+00:00,15.569999694824219,15.760000228881836,15.4350004196167,15.520000457763672,3200217
2026-07-07 17:30:00+00:00,15.345000267028809,15.609999656677246,15.324999809265137,15.569999694824219,1704776
2026-07-07 18:30:00+00:00,15.0649995803833,15.354999542236328,14.984999656677246,15.345000267028809,3073814
2026-07-07 19:30:00+00:00,14.800000190734863,15.140000343322754,14.760000228881836,15.0649995803833,5487480
2026-07-08 13:30:00+00:00,14.515000343322754,14.770000457763672,14.210000038146973,14.345000267028809,6355107
2026-07-08 14:30:00+00:00,14.164999961853027,14.585000038146973,14.104999542236328,14.520000457763672,5214460
2026-07-08 15:30:00+00:00,14.40999984741211,14.4399995803833,14.100000381469727,14.170000076293945,2972823
2026-07-08 16:30:00+00:00,14.645000457763672,14.649999618530273,14.305000305175781,14.414999961853027,1467095
2026-07-08 17:30:00+00:00,14.595000267028809,14.680000305175781,14.474100112915039,14.649999618530273,1183343
2026-07-08 18:30:00+00:00,14.694999694824219,14.725000381469727,14.532999992370605,14.595000267028809,1604835
2026-07-08 19:30:00+00:00,14.850000381469727,14.920000076293945,14.680000305175781,14.694999694824219,4057073
2026-07-09 13:30:00+00:00,14.704999923706055,14.895000457763672,14.520000457763672,14.65999984741211,5242522
2026-07-09 14:30:00+00:00,14.812299728393555,14.865400314331055,14.579999923706055,14.70989990234375,2021530
2026-07-09 15:30:00+00:00,14.604999542236328,14.824999809265137,14.569999694824219,14.8149995803833,1545421
2026-07-09 16:30:00+00:00,14.704999923706055,14.739999771118164,14.550000190734863,14.604999542236328,1591715
2026-07-09 17:30:00+00:00,14.829500198364258,14.880000114440918,14.649999618530273,14.704999923706055,2105757
2026-07-09 18:30:00+00:00,14.755000114440918,14.890000343322754,14.710000038146973,14.829999923706055,1302718
2026-07-09 19:30:00+00:00,14.694999694824219,14.795000076293945,14.609999656677246,14.755000114440918,2866389
2026-07-10 13:30:00+00:00,15.274999618530273,15.539999961853027,15.149999618530273,15.3100004196167,10257917
2026-07-10 14:30:00+00:00,15.187899589538574,15.329999923706055,14.949999809265137,15.279999732971191,4716261
2026-07-10 15:30:00+00:00,15.15999984741211,15.229999542236328,15.029999732971191,15.1899995803833,2345238
2026-07-10 16:30:00+00:00,15.104999542236328,15.3100004196167,15.010100364685059,15.164999961853027,1579042
2026-07-10 17:30:00+00:00,15.11929988861084,15.170000076293945,14.989999771118164,15.104999542236328,1696445
2026-07-10 18:30:00+00:00,14.96500015258789,15.199999809265137,14.954999923706055,15.119999885559082,2130196
2026-07-10 19:30:00+00:00,14.960000038146973,15.100000381469727,14.949999809265137,14.96500015258789,3586954
2026-07-13 13:30:00+00:00,14.484999656677246,14.880000114440918,14.34000015258789,14.760000228881836,6031054
2026-07-13 14:30:00+00:00,14.75,14.800000190734863,14.4350004196167,14.484999656677246,3324942
2026-07-13 15:30:00+00:00,14.46500015258789,14.755000114440918,14.430000305175781,14.755000114440918,2804093
2026-07-13 16:30:00+00:00,14.510000228881836,14.619999885559082,14.375,14.46500015258789,2062464
2026-07-13 17:30:00+00:00,14.350000381469727,14.53499984741211,14.319999694824219,14.510000228881836,2005444
2026-07-13 18:30:00+00:00,14.380000114440918,14.520000457763672,14.335000038146973,14.350099563598633,2675589
2026-07-13 19:30:00+00:00,14.614999771118164,14.630000114440918,14.350000381469727,14.390000343322754,3641869
2026-07-14 13:30:00+00:00,16.065000534057617,16.219999313354492,15.380000114440918,15.420000076293945,16759277
2026-07-14 14:30:00+00:00,16.174999237060547,16.309999465942383,16.014999389648438,16.06999969482422,6286797
2026-07-14 15:30:00+00:00,16.165000915527344,16.260000228881836,15.975000381469727,16.170000076293945,4147135
2026-07-14 16:30:00+00:00,15.966400146484375,16.208799362182617,15.845000267028809,16.161399841308594,2973018
2026-07-14 17:30:00+00:00,16.190000534057617,16.239999771118164,15.960000038146973,15.970000267028809,3235789
2026-07-14 18:30:00+00:00,16.21500015258789,16.299999237060547,16.110000610351562,16.190000534057617,4561062
2026-07-14 19:30:00+00:00,16.290000915527344,16.350000381469727,16.1200008392334,16.21500015258789,5489171
2026-07-15 13:30:00+00:00,16.559999465942383,16.940000534057617,16.469999313354492,16.799999237060547,4563023
