Date,Close
1998-01-02,97.36
1998-01-05,97.75
1998-01-06,96.63
1998-01-07,96.47
1998-01-08,95.78
1998-01-09,92.47
1998-01-12,94.06
1998-01-13,95.22
1998-01-14,95.81
1998-01-15,94.94
1998-01-16,96.23
1998-01-20,98.0
1998-01-21,97.16
1998-01-22,96.3
1998-01-23,95.66
1998-01-26,95.75
1998-01-27,97.0
1998-01-28,97.88
1998-01-29,98.75
1998-01-30,98.31
1998-02-02,100.25
1998-02-03,100.69
1998-02-04,100.59
1998-02-05,100.38
1998-02-06,101.28
1998-02-09,101.14
1998-02-10,102.05
1998-02-11,102.13
1998-02-12,102.66
1998-02-13,102.16
1998-02-17,102.34
1998-02-18,103.41
1998-02-19,103.0
1998-02-20,103.56
1998-02-23,104.0
1998-02-24,103.19
1998-02-25,104.48
1998-02-26,105.06
1998-02-27,105.2
1998-03-02,104.81
1998-03-03,105.41
1998-03-04,104.97
1998-03-05,103.75
1998-03-06,105.75
1998-03-09,105.44
1998-03-10,106.66
1998-03-11,107.25
1998-03-12,107.25
1998-03-13,107.22
1998-03-16,108.25
1998-03-17,108.47
1998-03-18,108.78
1998-03-19,109.34
1998-03-20,110.0
1998-03-23,109.5
1998-03-24,110.59
1998-03-25,110.19
1998-03-26,110.13
1998-03-27,109.53
1998-03-30,109.34
1998-03-31,110.09
1998-04-01,110.98
1998-04-02,112.03
1998-04-03,112.19
1998-04-06,112.25
1998-04-07,111.0
1998-04-08,110.13
1998-04-09,111.0
1998-04-13,111.0
1998-04-14,111.69
1998-04-15,112.02
1998-04-16,110.91
1998-04-17,112.22
1998-04-20,112.41
1998-04-21,112.63
1998-04-22,113.0
1998-04-23,112.09
1998-04-24,110.88
1998-04-27,108.59
1998-04-28,108.63
1998-04-29,109.53
1998-04-30,111.44
1998-05-01,112.19
1998-05-04,112.25
1998-05-05,111.66
1998-05-06,110.5
1998-05-07,109.59
1998-05-08,111.0
1998-05-11,110.86
1998-05-12,111.64
1998-05-13,112.06
1998-05-14,111.97
1998-05-15,111.0
1998-05-18,110.84
1998-05-19,111.06
1998-05-20,112.28
1998-05-21,111.69
1998-05-22,111.16
1998-05-26,109.53
1998-05-27,109.63
1998-05-28,110.0
1998-05-29,109.38
1998-06-01,109.5
1998-06-02,109.59
1998-06-03,108.5
1998-06-04,109.91
1998-06-05,111.81
1998-06-08,111.88
1998-06-09,112.28
1998-06-10,111.38
1998-06-11,109.66
1998-06-12,110.25
1998-06-15,108.0
1998-06-16,109.06
1998-06-17,111.25
1998-06-18,111.16
1998-06-19,110.03
1998-06-22,110.38
1998-06-23,111.97
1998-06-24,113.47
1998-06-25,113.0
1998-06-26,113.41
1998-06-29,113.89
1998-06-30,113.36
1998-07-01,114.94
1998-07-02,114.63
1998-07-06,115.78
1998-07-07,115.56
1998-07-08,116.81
1998-07-09,116.0
1998-07-10,116.53
1998-07-13,116.75
1998-07-14,117.81
1998-07-15,117.56
1998-07-16,118.44
1998-07-17,118.75
1998-07-20,118.5
1998-07-21,116.53
1998-07-22,116.63
1998-07-23,114.19
1998-07-24,114.16
1998-07-27,114.98
1998-07-28,113.31
1998-07-29,112.66
1998-07-30,114.34
1998-07-31,112.06
1998-08-03,111.38
1998-08-04,107.61
1998-08-05,108.16
1998-08-06,109.09
1998-08-07,109.03
1998-08-10,108.59
1998-08-11,107.06
1998-08-12,108.5
1998-08-13,107.64
1998-08-14,106.48
1998-08-17,108.5
1998-08-18,110.25
1998-08-19,110.0
1998-08-20,109.25
1998-08-21,108.38
1998-08-24,109.06
1998-08-25,109.5
1998-08-26,108.5
1998-08-27,104.25
1998-08-28,103.0
1998-08-31,96.25
1998-09-01,99.69
1998-09-02,99.0
1998-09-03,98.52
1998-09-04,97.63
1998-09-08,102.59
1998-09-09,100.75
1998-09-10,98.25
1998-09-11,101.25
1998-09-14,103.16
1998-09-15,104.2
1998-09-16,105.0
1998-09-17,102.23
1998-09-18,101.97
1998-09-21,102.19
1998-09-22,103.0
1998-09-23,106.63
1998-09-24,104.38
1998-09-25,104.3
1998-09-28,104.91
1998-09-29,104.94
1998-09-30,101.84
1998-10-01,98.63
1998-10-02,100.31
1998-10-05,99.0
1998-10-06,98.53
1998-10-07,97.22
1998-10-08,96.22
1998-10-09,98.63
1998-10-12,99.78
1998-10-13,99.53
1998-10-14,100.5
1998-10-15,105.03
1998-10-16,105.66
1998-10-19,106.34
1998-10-20,106.5
1998-10-21,107.13
1998-10-22,108.0
1998-10-23,107.13
1998-10-26,107.55
1998-10-27,106.63
1998-10-28,106.78
1998-10-29,108.97
1998-10-30,110.0
1998-11-02,111.48
1998-11-03,111.13
1998-11-04,111.84
1998-11-05,113.73
1998-11-06,114.28
1998-11-09,113.14
1998-11-10,112.69
1998-11-11,112.38
1998-11-12,112.03
1998-11-13,112.77
1998-11-16,113.84
1998-11-17,114.34
1998-11-18,114.75
1998-11-19,115.5
1998-11-20,116.63
1998-11-23,119.16
1998-11-24,118.69
1998-11-25,118.88
1998-11-27,119.5
1998-11-30,116.69
1998-12-01,117.81
1998-12-02,117.5
1998-12-03,115.28
1998-12-04,117.97
1998-12-07,119.25
1998-12-08,118.47
1998-12-09,118.81
1998-12-10,116.81
1998-12-11,117.06
1998-12-14,114.47
1998-12-15,116.63
1998-12-16,116.41
1998-12-17,118.5
1998-12-18,119.02
1998-12-21,120.31
1998-12-22,120.53
1998-12-23,122.81
1998-12-24,122.69
1998-12-28,122.63
1998-12-29,124.31
1998-12-30,123.38
1998-12-31,122.88
1999-01-04,122.88
1999-01-05,124.44
1999-01-06,127.5
1999-01-07,126.94
1999-01-08,127.5
1999-01-11,126.28
1999-01-12,124.0
1999-01-13,123.31
1999-01-14,121.16
1999-01-15,124.31
1999-01-19,125.28
1999-01-20,125.63
1999-01-21,123.59
1999-01-22,122.56
1999-01-25,123.63
1999-01-26,125.5
1999-01-27,124.47
1999-01-28,126.66
1999-01-29,127.88
1999-02-01,127.09
1999-02-02,126.28
1999-02-03,127.19
1999-02-04,124.84
1999-02-05,124.0
1999-02-08,124.38
1999-02-09,121.86
1999-02-10,122.69
1999-02-11,125.69
1999-02-12,123.5
1999-02-16,124.38
1999-02-17,122.75
1999-02-18,123.94
1999-02-19,123.94
1999-02-22,127.69
1999-02-23,127.5
1999-02-24,125.41
1999-02-25,124.75
1999-02-26,123.91
1999-03-01,123.78
1999-03-02,122.81
1999-03-03,123.13
1999-03-04,125.0
1999-03-05,127.81
1999-03-08,128.52
1999-03-09,128.25
1999-03-10,129.03
1999-03-11,130.22
1999-03-12,129.53
1999-03-15,131.16
1999-03-16,130.98
1999-03-17,130.25
1999-03-18,132.16
1999-03-19,130.06
1999-03-22,129.91
1999-03-23,126.41
1999-03-24,126.94
1999-03-25,129.13
1999-03-26,128.47
1999-03-29,131.22
1999-03-30,130.34
1999-03-31,128.63
1999-04-01,129.38
1999-04-05,132.38
1999-04-06,131.94
1999-04-07,132.88
1999-04-08,134.53
1999-04-09,134.88
1999-04-12,136.06
1999-04-13,135.19
1999-04-14,133.03
1999-04-15,132.63
1999-04-16,132.13
1999-04-19,128.91
1999-04-20,130.63
1999-04-21,133.69
1999-04-22,135.97
1999-04-23,135.75
1999-04-26,136.13
1999-04-27,136.56
1999-04-28,135.34
1999-04-29,134.56
1999-04-30,133.47
1999-05-03,135.63
1999-05-04,133.31
1999-05-05,134.97
1999-05-06,133.5
1999-05-07,134.63
1999-05-10,134.22
1999-05-11,135.72
1999-05-12,136.63
1999-05-13,137.02
1999-05-14,134.3
1999-05-17,134.31
1999-05-18,133.63
1999-05-19,134.81
1999-05-20,134.31
1999-05-21,133.42
1999-05-24,131.09
1999-05-25,128.84
1999-05-26,130.66
1999-05-27,128.44
1999-05-28,130.59
1999-06-01,129.88
1999-06-02,129.78
1999-06-03,130.28
1999-06-04,131.94
1999-06-07,133.75
1999-06-08,132.16
1999-06-09,132.16
1999-06-10,130.91
1999-06-11,129.81
1999-06-14,129.78
1999-06-15,130.59
1999-06-16,133.48
1999-06-17,134.66
1999-06-18,134.31
1999-06-21,134.94
1999-06-22,133.7
1999-06-23,133.28
1999-06-24,131.69
1999-06-25,131.66
1999-06-28,133.38
1999-06-29,135.13
1999-06-30,136.75
1999-07-01,138.06
1999-07-02,139.19
1999-07-06,138.72
1999-07-07,139.56
1999-07-08,139.56
1999-07-09,140.22
1999-07-12,140.06
1999-07-13,139.5
1999-07-14,139.84
1999-07-15,141.13
1999-07-16,142.0
1999-07-19,141.0
1999-07-20,137.8
1999-07-21,137.88
1999-07-22,136.14
1999-07-23,135.75
1999-07-26,135.0
1999-07-27,136.5
1999-07-28,136.73
1999-07-29,134.38
1999-07-30,133.09
1999-08-02,132.94
1999-08-03,132.36
1999-08-04,130.69
1999-08-05,131.56
1999-08-06,130.06
1999-08-09,130.05
1999-08-10,128.22
1999-08-11,130.53
1999-08-12,130.02
1999-08-13,133.19
1999-08-16,133.38
1999-08-17,134.7
1999-08-18,133.56
1999-08-19,132.88
1999-08-20,133.88
1999-08-23,136.39
1999-08-24,136.5
1999-08-25,138.44
1999-08-26,136.5
1999-08-27,135.16
1999-08-30,132.66
1999-08-31,132.5
1999-09-01,133.56
1999-09-02,132.25
1999-09-03,136.19
1999-09-07,135.52
1999-09-08,134.91
1999-09-09,135.13
1999-09-10,135.45
1999-09-13,134.81
1999-09-14,134.06
1999-09-15,132.08
1999-09-16,132.38
1999-09-17,133.72
1999-09-20,133.63
1999-09-21,130.91
1999-09-22,131.16
1999-09-23,128.0
1999-09-24,128.06
1999-09-27,128.28
1999-09-28,128.19
1999-09-29,126.78
1999-09-30,128.38
1999-10-01,128.34
1999-10-04,130.63
1999-10-05,130.19
1999-10-06,132.63
1999-10-07,132.0
1999-10-08,133.72
1999-10-11,133.81
1999-10-12,131.41
1999-10-13,128.66
1999-10-14,128.41
1999-10-15,124.81
1999-10-18,125.56
1999-10-19,126.08
1999-10-20,129.22
1999-10-21,128.63
1999-10-22,130.34
1999-10-25,129.5
1999-10-26,128.25
1999-10-27,130.13
1999-10-28,134.5
1999-10-29,136.56
1999-11-01,135.94
1999-11-02,134.81
1999-11-03,135.69
1999-11-04,136.47
1999-11-05,137.22
1999-11-08,137.94
1999-11-09,136.72
1999-11-10,137.75
1999-11-11,138.38
1999-11-12,139.75
1999-11-15,139.81
1999-11-16,142.44
1999-11-17,141.56
1999-11-18,142.81
1999-11-19,142.5
1999-11-22,142.47
1999-11-23,140.88
1999-11-24,142.06
1999-11-26,141.44
1999-11-29,141.0
1999-11-30,139.25
1999-12-01,140.13
1999-12-02,141.13
1999-12-03,143.69
1999-12-06,142.75
1999-12-07,141.94
1999-12-08,140.63
1999-12-09,141.0
1999-12-10,142.0
1999-12-13,142.13
1999-12-14,140.81
1999-12-15,141.8
1999-12-16,142.38
1999-12-17,142.38
1999-12-20,141.69
1999-12-21,143.34
1999-12-22,143.75
1999-12-23,146.09
1999-12-27,145.81
1999-12-28,146.14
1999-12-29,146.34
1999-12-30,146.63
1999-12-31,146.88
2000-01-03,145.56
2000-01-04,140.06
2000-01-05,140.28
2000-01-06,140.34
2000-01-07,144.44
2000-01-10,145.81
2000-01-11,144.09
2000-01-12,143.34
2000-01-13,145.13
2000-01-14,146.5
2000-01-18,145.63
2000-01-19,145.69
2000-01-20,144.5
2000-01-21,144.13
2000-01-24,140.06
2000-01-25,141.0
2000-01-26,140.67
2000-01-27,140.0
2000-01-28,136.47
2000-01-31,139.44
2000-02-01,140.19
2000-02-02,141.3
2000-02-03,142.84
2000-02-04,142.78
2000-02-07,142.72
2000-02-08,144.28
2000-02-09,141.41
2000-02-10,141.88
2000-02-11,139.13
2000-02-14,139.25
2000-02-15,140.75
2000-02-16,139.09
2000-02-17,139.06
2000-02-18,135.19
2000-02-22,135.42
2000-02-23,136.52
2000-02-24,135.69
2000-02-25,133.75
2000-02-28,135.06
2000-02-29,136.91
2000-03-01,138.31
2000-03-02,138.72
2000-03-03,141.31
2000-03-06,139.39
2000-03-07,135.94
2000-03-08,137.05
2000-03-09,140.59
2000-03-10,140.0
2000-03-13,138.88
2000-03-14,136.5
2000-03-15,139.5
2000-03-16,146.31
2000-03-17,146.69
2000-03-20,145.98
2000-03-21,149.72
2000-03-22,150.0
2000-03-23,152.63
2000-03-24,153.28
2000-03-27,152.5
2000-03-28,151.0
2000-03-29,151.03
2000-03-30,148.88
2000-03-31,150.56
2000-04-03,150.77
2000-04-04,150.0
2000-04-05,148.88
2000-04-06,150.31
2000-04-07,151.78
2000-04-10,150.78
2000-04-11,150.06
2000-04-12,146.63
2000-04-13,144.0
2000-04-14,135.81
2000-04-17,140.06
2000-04-18,144.22
2000-04-19,143.0
2000-04-20,143.38
2000-04-24,143.0
2000-04-25,147.88
2000-04-26,146.38
2000-04-27,146.5
2000-04-28,145.22
2000-05-01,147.19
2000-05-02,144.63
2000-05-03,141.63
2000-05-04,141.31
2000-05-05,143.34
2000-05-08,142.53
2000-05-09,141.63
2000-05-10,138.59
2000-05-11,141.11
2000-05-12,142.41
2000-05-15,145.38
2000-05-16,147.0
2000-05-17,145.25
2000-05-18,144.06
2000-05-19,140.88
2000-05-22,140.41
2000-05-23,137.56
2000-05-24,140.41
2000-05-25,138.88
2000-05-26,138.31
2000-05-30,142.63
2000-05-31,142.41
2000-06-01,145.17
2000-06-02,148.09
2000-06-05,147.25
2000-06-06,146.34
2000-06-07,147.56
2000-06-08,146.56
2000-06-09,146.34
2000-06-12,145.28
2000-06-13,147.47
2000-06-14,147.5
2000-06-15,148.25
2000-06-16,146.88
2000-06-19,148.66
2000-06-20,147.81
2000-06-21,147.95
2000-06-22,145.53
2000-06-23,144.38
2000-06-26,145.75
2000-06-27,145.56
2000-06-28,145.63
2000-06-29,144.44
2000-06-30,145.38
2000-07-03,147.28
2000-07-05,145.09
2000-07-06,145.88
2000-07-07,148.09
2000-07-10,147.97
2000-07-11,148.38
2000-07-12,149.59
2000-07-13,149.88
2000-07-14,150.88
2000-07-17,151.06
2000-07-18,149.69
2000-07-19,148.44
2000-07-20,149.81
2000-07-21,148.25
2000-07-24,146.66
2000-07-25,147.44
2000-07-26,146.16
2000-07-27,145.5
2000-07-28,142.25
2000-07-31,143.44
2000-08-01,144.0
2000-08-02,144.27
2000-08-03,145.5
2000-08-04,146.53
2000-08-07,148.13
2000-08-08,148.56
2000-08-09,147.69
2000-08-10,146.56
2000-08-11,147.44
2000-08-14,149.38
2000-08-15,149.02
2000-08-16,148.38
2000-08-17,149.94
2000-08-18,149.67
2000-08-21,150.36
2000-08-22,150.23
2000-08-23,150.91
2000-08-24,151.44
2000-08-25,151.09
2000-08-28,151.78
2000-08-29,151.5
2000-08-30,150.63
2000-08-31,152.25
2000-09-01,152.56
2000-09-05,151.25
2000-09-06,149.69
2000-09-07,150.75
2000-09-08,149.75
2000-09-11,149.47
2000-09-12,148.75
2000-09-13,148.88
2000-09-14,148.53
2000-09-15,146.75
2000-09-18,144.69
2000-09-19,146.08
2000-09-20,145.22
2000-09-21,145.03
2000-09-22,145.16
2000-09-25,144.13
2000-09-26,142.89
2000-09-27,142.81
2000-09-28,146.19
2000-09-29,143.78
2000-10-02,143.81
2000-10-03,142.63
2000-10-04,143.58
2000-10-05,143.88
2000-10-06,141.0
2000-10-09,140.44
2000-10-10,138.88
2000-10-11,136.56
2000-10-12,133.16
2000-10-13,137.56
2000-10-16,137.47
2000-10-17,135.48
2000-10-18,134.41
2000-10-19,139.05
2000-10-20,139.88
2000-10-23,140.0
2000-10-24,140.13
2000-10-25,136.92
2000-10-26,136.75
2000-10-27,138.38
2000-10-30,140.25
2000-10-31,142.97
2000-11-01,142.41
2000-11-02,143.03
2000-11-03,143.11
2000-11-06,143.7
2000-11-07,143.66
2000-11-08,141.25
2000-11-09,140.41
2000-11-10,136.97
2000-11-13,135.38
2000-11-14,138.75
2000-11-15,139.13
2000-11-16,137.77
2000-11-17,137.47
2000-11-20,134.69
2000-11-21,135.16
2000-11-22,132.5
2000-11-24,134.84
2000-11-27,135.5
2000-11-28,133.81
2000-11-29,134.64
2000-11-30,131.63
2000-12-01,131.88
2000-12-04,133.0
2000-12-05,138.13
2000-12-06,135.53
2000-12-07,134.98
2000-12-08,137.66
2000-12-11,138.63
2000-12-12,137.75
2000-12-13,136.53
2000-12-14,134.19
2000-12-15,131.45
2000-12-18,132.38
2000-12-19,130.56
2000-12-20,126.69
2000-12-21,127.69
2000-12-22,130.86
2000-12-26,131.89
2000-12-27,133.13
2000-12-28,133.61
2000-12-29,132.25
2001-01-02,128.25
2001-01-03,135.0
2001-01-04,133.41
2001-01-05,130.25
2001-01-08,129.75
2001-01-09,130.13
2001-01-10,131.66
2001-01-11,132.77
2001-01-12,131.91
2001-01-16,132.58
2001-01-17,132.94
2001-01-18,135.05
2001-01-19,134.48
2001-01-22,134.63
2001-01-23,136.13
2001-01-24,136.69
2001-01-25,136.06
2001-01-26,135.78
2001-01-29,136.65
2001-01-30,137.75
2001-01-31,137.06
2001-02-01,137.48
2001-02-02,135.08
2001-02-05,135.89
2001-02-06,135.42
2001-02-07,134.22
2001-02-08,133.48
2001-02-09,131.83
2001-02-12,133.14
2001-02-13,132.12
2001-02-14,132.15
2001-02-15,132.96
2001-02-16,130.46
2001-02-20,128.32
2001-02-21,125.6
2001-02-22,125.52
2001-02-23,124.89
2001-02-26,127.21
2001-02-27,126.35
2001-02-28,124.15
2001-03-01,124.49
2001-03-02,123.77
2001-03-05,124.4
2001-03-06,125.87
2001-03-07,126.64
2001-03-08,126.9
2001-03-09,123.67
2001-03-12,118.44
2001-03-13,120.2
2001-03-14,117.2
2001-03-15,117.71
2001-03-16,115.31
2001-03-19,117.3
2001-03-20,114.25
2001-03-21,112.34
2001-03-22,111.9
2001-03-23,114.25
2001-03-26,115.5
2001-03-27,118.51
2001-03-28,115.45
2001-03-29,114.98
2001-03-30,116.12
2001-04-02,114.54
2001-04-03,110.67
2001-04-04,110.31
2001-04-05,115.22
2001-04-06,113.05
2001-04-09,114.0
2001-04-10,117.09
2001-04-11,116.96
2001-04-12,118.55
2001-04-16,118.23
2001-04-17,119.42
2001-04-18,124.14
2001-04-19,125.72
2001-04-20,124.36
2001-04-23,122.7
2001-04-24,121.13
2001-04-25,123.1
2001-04-26,123.74
2001-04-27,125.55
2001-04-30,125.21
2001-05-01,126.95
2001-05-02,126.89
2001-05-03,125.16
2001-05-04,126.95
2001-05-07,126.57
2001-05-08,126.52
2001-05-09,125.87
2001-05-10,125.99
2001-05-11,124.82
2001-05-14,125.23
2001-05-15,125.3
2001-05-16,128.96
2001-05-17,129.31
2001-05-18,129.62
2001-05-21,131.77
2001-05-22,131.37
2001-05-23,129.29
2001-05-24,129.7
2001-05-25,128.23
2001-05-29,127.3
2001-05-30,125.29
2001-05-31,126.1
2001-06-01,126.64
2001-06-04,127.17
2001-06-05,128.87
2001-06-06,127.53
2001-06-07,128.24
2001-06-08,127.0
2001-06-11,125.94
2001-06-12,126.13
2001-06-13,124.74
2001-06-14,122.48
2001-06-15,121.62
2001-06-18,121.08
2001-06-19,121.46
2001-06-20,122.6
2001-06-21,123.86
2001-06-22,122.75
2001-06-25,122.13
2001-06-26,121.84
2001-06-27,121.31
2001-06-28,122.89
2001-06-29,123.2
2001-07-02,123.9
2001-07-03,124.08
2001-07-05,122.13
2001-07-06,119.19
2001-07-09,120.1
2001-07-10,118.35
2001-07-11,118.27
2001-07-12,121.16
2001-07-13,121.9
2001-07-16,120.6
2001-07-17,121.67
2001-07-18,121.1
2001-07-19,121.83
2001-07-20,121.45
2001-07-23,119.36
2001-07-24,117.39
2001-07-25,119.3
2001-07-26,120.75
2001-07-27,121.0
2001-07-30,120.82
2001-07-31,121.46
2001-08-01,121.96
2001-08-02,122.38
2001-08-03,121.87
2001-08-06,120.45
2001-08-07,120.83
2001-08-08,118.65
2001-08-09,118.74
2001-08-10,119.44
2001-08-13,119.49
2001-08-14,119.11
2001-08-15,118.28
2001-08-16,118.62
2001-08-17,116.64
2001-08-20,117.56
2001-08-21,116.13
2001-08-22,117.05
2001-08-23,116.7
2001-08-24,119.0
2001-08-27,118.49
2001-08-28,116.64
2001-08-29,115.4
2001-08-30,113.28
2001-08-31,113.92
2001-09-04,113.65
2001-09-05,113.65
2001-09-06,111.1
2001-09-07,109.13
2001-09-10,109.83
2001-09-17,104.3
2001-09-18,103.9
2001-09-19,102.02
2001-09-20,98.96
2001-09-21,96.85
2001-09-24,100.48
2001-09-25,101.4
2001-09-26,101.0
2001-09-27,102.05
2001-09-28,104.25
2001-10-01,104.0
2001-10-02,105.38
2001-10-03,107.34
2001-10-04,107.1
2001-10-05,107.26
2001-10-08,106.53
2001-10-09,105.87
2001-10-10,108.4
2001-10-11,110.01
2001-10-12,109.45
2001-10-15,109.3
2001-10-16,110.06
2001-10-17,107.9
2001-10-18,107.21
2001-10-19,107.55
2001-10-22,109.26
2001-10-23,108.8
2001-10-24,108.77
2001-10-25,110.31
2001-10-26,110.77
2001-10-29,108.23
2001-10-30,106.2
2001-10-31,106.27
2001-11-01,108.67
2001-11-02,109.06
2001-11-05,110.58
2001-11-06,112.29
2001-11-07,111.96
2001-11-08,112.35
2001-11-09,112.44
2001-11-12,112.16
2001-11-13,114.39
2001-11-14,114.62
2001-11-15,114.6
2001-11-16,114.31
2001-11-19,115.53
2001-11-20,114.81
2001-11-21,114.15
2001-11-23,115.52
2001-11-26,116.22
2001-11-27,115.4
2001-11-28,113.34
2001-11-29,114.48
2001-11-30,114.3
2001-12-03,113.36
2001-12-04,115.0
2001-12-05,117.64
2001-12-06,117.3
2001-12-07,116.45
2001-12-10,114.46
2001-12-11,114.19
2001-12-12,114.29
2001-12-13,112.36
2001-12-14,112.9
2001-12-17,113.99
2001-12-18,114.93
2001-12-19,115.5
2001-12-20,114.69
2001-12-21,114.66
2001-12-24,114.73
2001-12-26,115.25
2001-12-27,115.93
2001-12-28,116.21
2001-12-31,114.89
2002-01-02,115.59
2002-01-03,116.76
2002-01-04,117.41
2002-01-07,116.7
2002-01-08,116.36
2002-01-09,115.7
2002-01-10,115.96
2002-01-11,114.77
2002-01-14,114.12
2002-01-15,114.88
2002-01-16,113.05
2002-01-17,114.13
2002-01-18,113.08
2002-01-22,112.25
2002-01-23,113.14
2002-01-24,113.54
2002-01-25,113.59
2002-01-28,113.63
2002-01-29,110.28
2002-01-30,111.61
2002-01-31,113.24
2002-02-01,112.6
2002-02-04,109.7
2002-02-05,109.27
2002-02-06,108.7
2002-02-07,108.38
2002-02-08,109.97
2002-02-11,111.59
2002-02-12,111.11
2002-02-13,112.26
2002-02-14,111.98
2002-02-15,110.83
2002-02-19,108.74
2002-02-20,110.32
2002-02-21,108.6
2002-02-22,109.37
2002-02-25,111.5
2002-02-26,111.36
2002-02-27,111.55
2002-02-28,111.19
2002-03-01,113.66
2002-03-04,115.93
2002-03-05,115.21
2002-03-06,116.81
2002-03-07,116.33
2002-03-08,116.89
2002-03-11,117.34
2002-03-12,117.1
2002-03-13,115.9
2002-03-14,115.86
2002-03-15,116.79
2002-03-18,116.76
2002-03-19,117.35
2002-03-20,115.43
2002-03-21,115.6
2002-03-22,115.09
2002-03-25,113.43
2002-03-26,114.08
2002-03-27,114.67
2002-03-28,114.91
2002-04-01,114.83
2002-04-02,113.93
2002-04-03,112.74
2002-04-04,112.89
2002-04-05,112.53
2002-04-08,112.81
2002-04-09,112.05
2002-04-10,113.35
2002-04-11,110.72
2002-04-12,111.33
2002-04-15,110.63
2002-04-16,113.12
2002-04-17,113.05
2002-04-18,112.76
2002-04-19,112.85
2002-04-22,111.14
2002-04-23,110.38
2002-04-24,109.59
2002-04-25,109.43
2002-04-26,107.95
2002-04-29,106.92
2002-04-30,107.98
2002-05-01,108.96
2002-05-02,108.77
2002-05-03,107.67
2002-05-06,105.62
2002-05-07,105.23
2002-05-08,109.16
2002-05-09,107.65
2002-05-10,105.98
2002-05-13,107.82
2002-05-14,110.09
2002-05-15,109.55
2002-05-16,110.35
2002-05-17,111.11
2002-05-20,109.64
2002-05-21,108.48
2002-05-22,109.05
2002-05-23,110.16
2002-05-24,108.85
2002-05-28,107.9
2002-05-29,107.25
2002-05-30,107.01
2002-05-31,107.23
2002-06-03,104.3
2002-06-04,104.41
2002-06-05,105.5
2002-06-06,103.42
2002-06-07,103.26
2002-06-10,103.56
2002-06-11,101.89
2002-06-12,102.64
2002-06-13,101.5
2002-06-14,101.29
2002-06-17,104.19
2002-06-18,104.24
2002-06-19,102.54
2002-06-20,101.2
2002-06-21,99.19
2002-06-24,99.69
2002-06-25,97.9
2002-06-26,97.62
2002-06-27,99.45
2002-06-28,99.25
2002-07-01,97.08
2002-07-02,95.02
2002-07-03,95.69
2002-07-05,99.3
2002-07-08,98.03
2002-07-09,95.61
2002-07-10,92.29
2002-07-11,93.15
2002-07-12,92.46
2002-07-15,92.1
2002-07-16,90.58
2002-07-17,91.0
2002-07-18,88.33
2002-07-19,84.8
2002-07-22,82.21
2002-07-23,80.0
2002-07-24,84.75
2002-07-25,84.2
2002-07-26,85.6
2002-07-29,90.23
2002-07-30,90.7
2002-07-31,91.38
2002-08-01,88.64
2002-08-02,86.66
2002-08-05,83.73
2002-08-06,86.4
2002-08-07,88.15
2002-08-08,90.98
2002-08-09,91.26
2002-08-12,90.7
2002-08-13,88.75
2002-08-14,92.41
2002-08-15,93.4
2002-08-16,93.22
2002-08-19,95.52
2002-08-20,94.27
2002-08-21,95.5
2002-08-22,96.76
2002-08-23,94.52
2002-08-26,95.28
2002-08-27,93.9
2002-08-28,92.3
2002-08-29,92.3
2002-08-30,92.1
2002-09-03,88.21
2002-09-04,89.75
2002-09-05,88.47
2002-09-06,89.86
2002-09-09,90.8
2002-09-10,91.55
2002-09-11,91.5
2002-09-12,89.26
2002-09-13,89.54
2002-09-16,89.73
2002-09-17,87.97
2002-09-18,87.49
2002-09-19,84.85
2002-09-20,84.66
2002-09-23,83.59
2002-09-24,82.15
2002-09-25,84.11
2002-09-26,85.87
2002-09-27,82.85
2002-09-30,81.6
2002-10-01,85.0
2002-10-02,83.05
2002-10-03,82.05
2002-10-04,80.39
2002-10-07,78.82
2002-10-08,80.11
2002-10-09,78.0
2002-10-10,80.66
2002-10-11,83.9
2002-10-14,84.47
2002-10-15,88.42
2002-10-16,86.37
2002-10-17,88.18
2002-10-18,88.65
2002-10-21,90.29
2002-10-22,89.32
2002-10-23,89.97
2002-10-24,88.58
2002-10-25,90.04
2002-10-28,89.42
2002-10-29,88.6
2002-10-30,89.45
2002-10-31,88.86
2002-11-01,90.53
2002-11-04,91.15
2002-11-05,91.97
2002-11-06,92.77
2002-11-07,90.57
2002-11-08,89.87
2002-11-11,88.05
2002-11-12,88.75
2002-11-13,88.68
2002-11-14,90.87
2002-11-15,91.38
2002-11-18,90.5
2002-11-19,90.23
2002-11-20,91.94
2002-11-21,93.9
2002-11-22,93.62
2002-11-25,93.8
2002-11-26,91.85
2002-11-27,94.35
2002-11-29,93.98
2002-12-02,93.89
2002-12-03,92.55
2002-12-04,92.37
2002-12-05,91.16
2002-12-06,91.81
2002-12-09,89.69
2002-12-10,90.92
2002-12-11,91.04
2002-12-12,90.75
2002-12-13,89.5
2002-12-16,91.68
2002-12-17,90.93
2002-12-18,89.64
2002-12-19,89.08
2002-12-20,89.69
2002-12-23,89.93
2002-12-24,89.33
2002-12-26,89.03
2002-12-27,87.68
2002-12-30,88.09
2002-12-31,88.18
2003-01-02,91.13
2003-01-03,91.13
2003-01-06,93.13
2003-01-07,92.56
2003-01-08,91.2
2003-01-09,93.0
2003-01-10,92.97
2003-01-13,92.88
2003-01-14,93.44
2003-01-15,92.12
2003-01-16,91.83
2003-01-17,90.48
2003-01-21,89.03
2003-01-22,88.04
2003-01-23,89.06
2003-01-24,86.33
2003-01-27,85.03
2003-01-28,86.12
2003-01-29,86.78
2003-01-30,84.8
2003-01-31,85.84
2003-02-03,86.27
2003-02-04,85.14
2003-02-05,84.64
2003-02-06,84.17
2003-02-07,83.29
2003-02-10,83.94
2003-02-11,83.21
2003-02-12,82.22
2003-02-13,82.1
2003-02-14,83.88
2003-02-18,85.55
2003-02-19,84.93
2003-02-20,84.09
2003-02-21,85.34
2003-02-24,83.63
2003-02-25,84.32
2003-02-26,83.19
2003-02-27,84.17
2003-02-28,84.62
2003-03-03,83.93
2003-03-04,82.73
2003-03-05,83.5
2003-03-06,82.7
2003-03-07,83.37
2003-03-10,81.23
2003-03-11,80.55
2003-03-12,80.97
2003-03-13,83.78
2003-03-14,83.9
2003-03-17,86.83
2003-03-18,87.19
2003-03-19,87.99
2003-03-20,88.13
2003-03-21,89.74
2003-03-24,86.58
2003-03-25,87.67
2003-03-26,87.2
2003-03-27,87.1
2003-03-28,86.59
2003-03-31,84.98
2003-04-01,86.07
2003-04-02,88.39
2003-04-03,87.88
2003-04-04,88.12
2003-04-07,88.2
2003-04-08,88.11
2003-04-09,86.86
2003-04-10,87.45
2003-04-11,87.17
2003-04-14,88.85
2003-04-15,89.42
2003-04-16,88.23
2003-04-17,89.66
2003-04-21,89.5
2003-04-22,91.51
2003-04-23,92.2
2003-04-24,91.42
2003-04-25,90.15
2003-04-28,91.87
2003-04-29,92.15
2003-04-30,91.85
2003-05-01,91.92
2003-05-02,93.3
2003-05-05,92.95
2003-05-06,93.79
2003-05-07,93.33
2003-05-08,92.34
2003-05-09,93.72
2003-05-12,94.9
2003-05-13,94.64
2003-05-14,94.36
2003-05-15,95.13
2003-05-16,94.86
2003-05-19,92.51
2003-05-20,92.45
2003-05-21,92.78
2003-05-22,93.68
2003-05-23,93.72
2003-05-27,95.62
2003-05-28,95.83
2003-05-29,95.37
2003-05-30,96.93
2003-06-02,97.17
2003-06-03,97.71
2003-06-04,99.14
2003-06-05,99.56
2003-06-06,99.22
2003-06-09,98.11
2003-06-10,99.04
2003-06-11,100.33
2003-06-12,100.52
2003-06-13,99.44
2003-06-16,101.66
2003-06-17,101.68
2003-06-18,101.54
2003-06-19,100.02
2003-06-20,99.75
2003-06-23,98.36
2003-06-24,98.65
2003-06-25,97.8
2003-06-26,98.89
2003-06-27,97.86
2003-06-30,97.69
2003-07-01,98.56
2003-07-02,99.63
2003-07-03,98.8
2003-07-07,100.75
2003-07-08,101.02
2003-07-09,100.55
2003-07-10,99.21
2003-07-11,100.14
2003-07-14,100.72
2003-07-15,100.38
2003-07-16,99.76
2003-07-17,98.51
2003-07-18,99.58
2003-07-21,98.24
2003-07-22,99.12
2003-07-23,99.23
2003-07-24,98.5
2003-07-25,100.23
2003-07-28,100.04
2003-07-29,99.32
2003-07-30,99.11
2003-07-31,99.41
2003-08-01,98.38
2003-08-04,98.72
2003-08-05,96.85
2003-08-06,97.1
2003-08-07,97.88
2003-08-08,98.22
2003-08-11,98.51
2003-08-12,99.54
2003-08-13,98.89
2003-08-14,99.54
2003-08-15,99.54
2003-08-18,100.5
2003-08-19,100.82
2003-08-20,100.5
2003-08-21,100.91
2003-08-22,99.77
2003-08-25,99.82
2003-08-26,100.18
2003-08-27,100.24
2003-08-28,100.85
2003-08-29,101.4
2003-09-02,102.77
2003-09-03,103.19
2003-09-04,103.43
2003-09-05,102.67
2003-09-08,103.8
2003-09-09,102.93
2003-09-10,101.69
2003-09-11,102.25
2003-09-12,102.52
2003-09-15,102.12
2003-09-16,103.55
2003-09-17,103.22
2003-09-18,104.59
2003-09-19,103.86
2003-09-22,102.49
2003-09-23,103.09
2003-09-24,101.2
2003-09-25,100.59
2003-09-26,100.02
2003-09-29,100.87
2003-09-30,99.86
2003-10-01,102.0
2003-10-02,102.32
2003-10-03,103.26
2003-10-06,103.72
2003-10-07,104.19
2003-10-08,103.71
2003-10-09,104.17
2003-10-10,104.2
2003-10-13,104.86
2003-10-14,105.29
2003-10-15,105.02
2003-10-16,105.33
2003-10-17,104.23
2003-10-20,104.78
2003-10-21,104.96
2003-10-22,103.4
2003-10-23,103.74
2003-10-24,103.28
2003-10-27,103.44
2003-10-28,105.02
2003-10-29,105.25
2003-10-30,105.09
2003-10-31,105.42
2003-11-03,106.32
2003-11-04,105.78
2003-11-05,105.63
2003-11-06,106.26
2003-11-07,105.81
2003-11-10,105.18
2003-11-11,105.08
2003-11-12,106.38
2003-11-13,106.35
2003-11-14,105.54
2003-11-17,104.86
2003-11-18,103.91
2003-11-19,104.78
2003-11-20,103.9
2003-11-21,104.04
2003-11-24,105.72
2003-11-25,106.01
2003-11-26,106.4
2003-11-28,106.54
2003-12-01,107.57
2003-12-02,107.27
2003-12-03,107.11
2003-12-04,107.68
2003-12-05,106.81
2003-12-08,107.52
2003-12-09,106.62
2003-12-10,106.54
2003-12-11,107.84
2003-12-12,108.13
2003-12-15,107.52
2003-12-16,108.17
2003-12-17,108.34
2003-12-18,109.6
2003-12-19,109.04
2003-12-22,109.46
2003-12-23,109.79
2003-12-24,109.58
2003-12-26,109.67
2003-12-29,111.15
2003-12-30,111.17
2003-12-31,111.15
2004-01-02,111.0
2004-01-05,112.37
2004-01-06,112.63
2004-01-07,112.9
2004-01-08,113.32
2004-01-09,112.51
2004-01-12,113.11
2004-01-13,112.47
2004-01-14,113.31
2004-01-15,113.53
2004-01-16,114.25
2004-01-20,114.21
2004-01-21,115.06
2004-01-22,114.73
2004-01-23,114.36
2004-01-26,115.8
2004-01-27,114.7
2004-01-28,113.23
2004-01-29,113.75
2004-01-30,113.44
2004-02-02,113.83
2004-02-03,113.95
2004-02-04,113.03
2004-02-05,113.26
2004-02-06,114.66
2004-02-09,114.34
2004-02-10,114.9
2004-02-11,116.19
2004-02-12,115.67
2004-02-13,115.12
2004-02-17,116.14
2004-02-18,115.66
2004-02-19,115.22
2004-02-20,115.0
2004-02-23,114.55
2004-02-24,114.45
2004-02-25,114.91
2004-02-26,115.04
2004-02-27,115.08
2004-03-01,116.07
2004-03-02,115.49
2004-03-03,115.7
2004-03-04,116.05
2004-03-05,116.29
2004-03-08,115.27
2004-03-09,114.66
2004-03-10,112.98
2004-03-11,111.35
2004-03-12,112.69
2004-03-15,111.03
2004-03-16,111.73
2004-03-17,113.0
2004-03-18,112.91
2004-03-19,111.29
2004-03-22,109.74
2004-03-23,109.65
2004-03-24,109.41
2004-03-25,111.11
2004-03-26,111.17
2004-03-29,112.49
2004-03-30,112.97
2004-03-31,112.88
2004-04-01,113.49
2004-04-02,114.44
2004-04-05,115.33
2004-04-06,115.08
2004-04-07,114.49
2004-04-08,114.23
2004-04-12,114.88
2004-04-13,113.31
2004-04-14,113.19
2004-04-15,113.17
2004-04-16,113.72
2004-04-19,113.89
2004-04-20,112.14
2004-04-21,112.81
2004-04-22,114.44
2004-04-23,114.44
2004-04-26,113.91
2004-04-27,114.22
2004-04-28,112.58
2004-04-29,111.84
2004-04-30,111.13
2004-05-03,112.14
2004-05-04,112.36
2004-05-05,112.58
2004-05-06,111.85
2004-05-07,110.3
2004-05-10,109.13
2004-05-11,110.01
2004-05-12,110.3
2004-05-13,110.15
2004-05-14,110.02
2004-05-17,108.85
2004-05-18,109.7
2004-05-19,109.41
2004-05-20,109.52
2004-05-21,109.93
2004-05-24,110.09
2004-05-25,111.92
2004-05-26,112.09
2004-05-27,112.72
2004-05-28,112.71
2004-06-01,112.68
2004-06-02,113.12
2004-06-03,112.25
2004-06-04,112.9
2004-06-07,114.65
2004-06-08,114.85
2004-06-09,113.77
2004-06-10,114.3
2004-06-14,113.19
2004-06-15,113.95
2004-06-16,113.99
2004-06-17,113.86
2004-06-18,113.71
2004-06-21,113.31
2004-06-22,113.79
2004-06-23,114.7
2004-06-24,114.44
2004-06-25,114.13
2004-06-28,113.68
2004-06-29,113.99
2004-06-30,114.45
2004-07-01,113.2
2004-07-02,112.8
2004-07-06,111.96
2004-07-07,112.14
2004-07-08,111.22
2004-07-09,111.64
2004-07-12,111.78
2004-07-13,111.89
2004-07-14,111.49
2004-07-15,111.04
2004-07-16,110.53
2004-07-19,110.45
2004-07-20,111.25
2004-07-21,109.79
2004-07-22,110.01
2004-07-23,108.92
2004-07-26,108.85
2004-07-27,109.88
2004-07-28,110.03
2004-07-29,110.55
2004-07-30,110.67
2004-08-02,111.1
2004-08-03,110.38
2004-08-04,110.28
2004-08-05,108.52
2004-08-06,106.83
2004-08-09,107.01
2004-08-10,108.36
2004-08-11,108.09
2004-08-12,106.85
2004-08-13,107.07
2004-08-16,108.53
2004-08-17,108.71
2004-08-18,110.08
2004-08-19,109.61
2004-08-20,110.44
2004-08-23,110.22
2004-08-24,110.19
2004-08-25,111.12
2004-08-26,111.16
2004-08-27,111.46
2004-08-30,110.58
2004-08-31,111.07
2004-09-01,111.31
2004-09-02,112.55
2004-09-03,112.09
2004-09-07,112.81
2004-09-08,112.35
2004-09-09,112.5
2004-09-10,113.09
2004-09-13,113.29
2004-09-14,113.61
2004-09-15,112.74
2004-09-16,113.1
2004-09-17,113.11
2004-09-20,112.52
2004-09-21,113.24
2004-09-22,111.63
2004-09-23,111.14
2004-09-24,111.35
2004-09-27,110.67
2004-09-28,111.35
2004-09-29,111.74
2004-09-30,111.74
2004-10-01,113.49
2004-10-04,113.85
2004-10-05,113.83
2004-10-06,114.56
2004-10-07,113.38
2004-10-08,112.58
2004-10-11,112.87
2004-10-12,112.53
2004-10-13,111.67
2004-10-14,110.7
2004-10-15,111.17
2004-10-18,111.8
2004-10-19,110.72
2004-10-20,110.71
2004-10-21,111.04
2004-10-22,109.95
2004-10-25,109.87
2004-10-26,111.4
2004-10-27,112.97
2004-10-28,113.17
2004-10-29,113.38
2004-11-01,113.49
2004-11-02,113.5
2004-11-03,114.77
2004-11-04,116.55
2004-11-05,117.1
2004-11-08,117.0
2004-11-09,117.0
2004-11-10,116.94
2004-11-11,117.99
2004-11-12,118.91
2004-11-15,118.67
2004-11-16,117.76
2004-11-17,118.4
2004-11-18,118.66
2004-11-19,117.32
2004-11-22,117.95
2004-11-23,117.97
2004-11-24,118.54
2004-11-26,118.4
2004-11-29,118.13
2004-11-30,117.77
2004-12-01,119.47
2004-12-02,119.38
2004-12-03,119.43
2004-12-06,119.34
2004-12-07,118.07
2004-12-08,118.62
2004-12-09,119.3
2004-12-10,119.17
2004-12-13,120.29
2004-12-14,120.8
2004-12-15,120.97
2004-12-16,120.7
2004-12-17,119.42
2004-12-20,119.27
2004-12-21,120.4
2004-12-22,120.91
2004-12-23,120.99
2004-12-27,120.42
2004-12-28,121.25
2004-12-29,121.27
2004-12-30,121.23
2004-12-31,121.04
2005-01-03,120.06
2005-01-04,118.74
2005-01-05,118.32
2005-01-06,118.71
2005-01-07,118.56
2005-01-10,118.94
2005-01-11,118.29
2005-01-12,118.8
2005-01-13,117.68
2005-01-14,118.42
2005-01-18,119.57
2005-01-19,118.4
2005-01-20,117.57
2005-01-21,116.8
2005-01-24,116.42
2005-01-25,116.87
2005-01-26,117.41
2005-01-27,117.46
2005-01-28,117.13
2005-01-31,118.07
2005-02-01,118.91
2005-02-02,119.34
2005-02-03,119.05
2005-02-04,120.33
2005-02-07,120.23
2005-02-08,120.34
2005-02-09,119.3
2005-02-10,119.83
2005-02-11,120.72
2005-02-14,120.78
2005-02-15,121.2
2005-02-16,121.19
2005-02-17,120.29
2005-02-18,120.35
2005-02-22,118.67
2005-02-23,119.33
2005-02-24,120.26
2005-02-25,121.38
2005-02-28,120.54
2005-03-01,121.3
2005-03-02,121.29
2005-03-03,121.36
2005-03-04,122.56
2005-03-07,122.78
2005-03-08,122.2
2005-03-09,121.01
2005-03-10,121.2
2005-03-11,120.41
2005-03-14,121.04
2005-03-15,120.17
2005-03-16,119.18
2005-03-17,119.41
2005-03-18,118.81
2005-03-21,118.26
2005-03-22,117.13
2005-03-23,117.06
2005-03-24,117.14
2005-03-28,117.36
2005-03-29,116.42
2005-03-30,118.12
2005-03-31,117.95
2005-04-01,117.22
2005-04-04,117.59
2005-04-05,118.09
2005-04-06,118.4
2005-04-07,119.15
2005-04-08,118.1
2005-04-11,118.18
2005-04-12,118.76
2005-04-13,117.42
2005-04-14,116.27
2005-04-15,114.28
2005-04-18,114.61
2005-04-19,115.29
2005-04-20,113.82
2005-04-21,115.99
2005-04-22,115.28
2005-04-25,116.27
2005-04-26,115.22
2005-04-27,115.68
2005-04-28,114.4
2005-04-29,115.7
2005-05-02,116.33
2005-05-03,116.25
2005-05-04,117.62
2005-05-05,117.36
2005-05-06,117.2
2005-05-09,118.01
2005-05-10,116.69
2005-05-11,117.2
2005-05-12,116.09
2005-05-13,115.6
2005-05-16,116.79
2005-05-17,117.59
2005-05-18,118.79
2005-05-19,119.38
2005-05-20,119.15
2005-05-23,119.65
2005-05-24,119.65
2005-05-25,119.32
2005-05-26,120.05
2005-05-27,120.18
2005-05-31,119.45
2005-06-01,120.54
2005-06-02,120.71
2005-06-03,119.94
2005-06-06,120.14
2005-06-07,120.07
2005-06-08,119.85
2005-06-09,120.49
2005-06-10,120.21
2005-06-13,120.49
2005-06-14,120.82
2005-06-15,121.06
2005-06-16,121.48
2005-06-17,121.6
2005-06-20,121.5
2005-06-21,121.3
2005-06-22,121.37
2005-06-23,120.0
2005-06-24,119.09
2005-06-27,119.04
2005-06-28,120.18
2005-06-29,119.94
2005-06-30,119.06
2005-07-01,119.5
2005-07-05,120.48
2005-07-06,119.49
2005-07-07,119.77
2005-07-08,121.22
2005-07-11,122.02
2005-07-12,122.22
2005-07-13,122.34
2005-07-14,122.74
2005-07-15,122.77
2005-07-18,122.2
2005-07-19,123.0
2005-07-20,123.54
2005-07-21,122.7
2005-07-22,123.43
2005-07-25,122.93
2005-07-26,123.23
2005-07-27,123.79
2005-07-28,124.5
2005-07-29,123.56
2005-08-01,123.55
2005-08-02,124.46
2005-08-03,124.64
2005-08-04,123.66
2005-08-05,122.77
2005-08-08,122.42
2005-08-09,123.34
2005-08-10,123.12
2005-08-11,123.97
2005-08-12,123.24
2005-08-15,123.65
2005-08-16,122.13
2005-08-17,122.29
2005-08-18,122.11
2005-08-19,122.27
2005-08-22,122.47
2005-08-23,122.05
2005-08-24,121.24
2005-08-25,121.53
2005-08-26,120.82
2005-08-29,121.6
2005-08-30,121.18
2005-08-31,122.39
2005-09-01,122.54
2005-09-02,122.13
2005-09-06,123.75
2005-09-07,124.02
2005-09-08,123.58
2005-09-09,124.48
2005-09-12,124.43
2005-09-13,123.55
2005-09-14,123.18
2005-09-15,123.22
2005-09-16,123.7
2005-09-19,122.96
2005-09-20,122.1
2005-09-21,120.89
2005-09-22,121.44
2005-09-23,121.56
2005-09-26,121.47
2005-09-27,121.5
2005-09-28,121.68
2005-09-29,122.81
2005-09-30,122.82
2005-10-03,122.68
2005-10-04,121.38
2005-10-05,119.63
2005-10-06,119.15
2005-10-07,119.67
2005-10-10,118.77
2005-10-11,118.54
2005-10-12,117.85
2005-10-13,117.77
2005-10-14,118.75
2005-10-17,119.07
2005-10-18,117.9
2005-10-19,119.64
2005-10-20,117.72
2005-10-21,118.02
2005-10-24,120.04
2005-10-25,119.74
2005-10-26,119.24
2005-10-27,117.97
2005-10-28,119.9
2005-10-31,120.71
2005-11-01,120.3
2005-11-02,121.63
2005-11-03,122.15
2005-11-04,122.11
2005-11-07,122.44
2005-11-08,122.07
2005-11-09,122.25
2005-11-10,123.35
2005-11-11,123.65
2005-11-14,123.67
2005-11-15,123.16
2005-11-16,123.47
2005-11-17,124.53
2005-11-18,125.09
2005-11-21,125.78
2005-11-22,126.37
2005-11-23,126.88
2005-11-25,127.05
2005-11-28,126.15
2005-11-29,126.12
2005-11-30,125.33
2005-12-01,126.91
2005-12-02,126.87
2005-12-05,126.64
2005-12-06,126.73
2005-12-07,126.15
2005-12-08,126.03
2005-12-09,126.41
2005-12-12,126.5
2005-12-13,127.17
2005-12-14,127.76
2005-12-15,127.53
2005-12-16,126.6
2005-12-19,125.78
2005-12-20,125.77
2005-12-21,126.12
2005-12-22,126.66
2005-12-23,126.75
2005-12-27,125.51
2005-12-28,125.61
2005-12-29,125.31
2005-12-30,124.55
2006-01-03,126.75
2006-01-04,127.27
2006-01-05,127.23
2006-01-06,128.41
2006-01-09,128.92
2006-01-10,128.88
2006-01-11,129.35
2006-01-12,128.59
2006-01-13,128.72
2006-01-17,128.25
2006-01-18,127.79
2006-01-19,128.37
2006-01-20,126.12
2006-01-23,126.33
2006-01-24,126.62
2006-01-25,126.47
2006-01-26,127.41
2006-01-27,128.31
2006-01-30,128.53
2006-01-31,127.95
2006-02-01,128.23
2006-02-02,127.11
2006-02-03,126.41
2006-02-06,126.56
2006-02-07,125.57
2006-02-08,126.63
2006-02-09,126.5
2006-02-10,126.82
2006-02-13,126.46
2006-02-14,127.71
2006-02-15,128.14
2006-02-16,129.08
2006-02-17,128.88
2006-02-21,128.52
2006-02-22,129.43
2006-02-23,129.01
2006-02-24,129.23
2006-02-27,129.69
2006-02-28,128.26
2006-03-01,129.39
2006-03-02,129.22
2006-03-03,128.99
2006-03-06,128.15
2006-03-07,127.86
2006-03-08,128.17
2006-03-09,127.57
2006-03-10,128.52
2006-03-13,128.82
2006-03-14,130.12
2006-03-15,130.77
2006-03-16,131.01
2006-03-17,130.58
2006-03-20,130.39
2006-03-21,129.59
2006-03-22,130.42
2006-03-23,130.08
2006-03-24,130.15
2006-03-27,130.08
2006-03-28,129.22
2006-03-29,130.21
2006-03-30,129.95
2006-03-31,129.49
2006-04-03,129.69
2006-04-04,130.53
2006-04-05,131.05
2006-04-06,130.82
2006-04-07,129.47
2006-04-10,129.6
2006-04-11,128.65
2006-04-12,128.84
2006-04-13,128.86
2006-04-17,128.52
2006-04-18,130.73
2006-04-19,130.99
2006-04-20,131.15
2006-04-21,131.1
2006-04-24,130.83
2006-04-25,130.23
2006-04-26,130.58
2006-04-27,131.16
2006-04-28,131.14
2006-05-01,130.56
2006-05-02,131.38
2006-05-03,130.82
2006-05-04,131.29
2006-05-05,132.71
2006-05-08,132.56
2006-05-09,132.53
2006-05-10,132.43
2006-05-11,130.78
2006-05-12,129.25
2006-05-15,129.62
2006-05-16,129.36
2006-05-17,127.2
2006-05-18,126.36
2006-05-19,126.96
2006-05-22,126.98
2006-05-23,125.9
2006-05-24,126.08
2006-05-25,127.63
2006-05-26,128.3
2006-05-30,126.28
2006-05-31,127.3
2006-06-01,128.82
2006-06-02,129.13
2006-06-05,126.9
2006-06-06,126.75
2006-06-07,125.91
2006-06-08,126.14
2006-06-09,125.53
2006-06-12,124.0
2006-06-13,122.73
2006-06-14,123.49
2006-06-15,125.97
2006-06-16,125.0
2006-06-19,123.82
2006-06-20,123.88
2006-06-21,125.13
2006-06-22,124.45
2006-06-23,124.39
2006-06-26,125.04
2006-06-27,123.87
2006-06-28,124.58
2006-06-29,127.23
2006-06-30,127.01
2006-07-03,127.9
2006-07-05,127.03
2006-07-06,127.37
2006-07-07,126.53
2006-07-10,126.74
2006-07-11,127.27
2006-07-12,125.96
2006-07-13,124.21
2006-07-14,123.63
2006-07-17,123.43
2006-07-18,123.68
2006-07-19,125.97
2006-07-20,124.96
2006-07-21,124.11
2006-07-24,126.13
2006-07-25,126.97
2006-07-26,126.9
2006-07-27,126.37
2006-07-28,127.85
2006-07-31,127.67
2006-08-01,127.16
2006-08-02,127.91
2006-08-03,128.12
2006-08-04,128.0
2006-08-07,127.76
2006-08-08,127.33
2006-08-09,126.78
2006-08-10,127.28
2006-08-11,126.84
2006-08-14,127.05
2006-08-15,128.71
2006-08-16,129.75
2006-08-17,130.03
2006-08-18,130.46
2006-08-21,130.11
2006-08-22,130.13
2006-08-23,129.57
2006-08-24,129.87
2006-08-25,129.84
2006-08-28,130.48
2006-08-29,130.75
2006-08-30,130.74
2006-08-31,130.71
2006-09-01,131.48
2006-09-05,131.72
2006-09-06,130.43
2006-09-07,129.82
2006-09-08,130.3
2006-09-11,130.38
2006-09-12,131.64
2006-09-13,132.25
2006-09-14,132.05
2006-09-15,131.82
2006-09-18,132.02
2006-09-19,131.75
2006-09-20,132.41
2006-09-21,131.7
2006-09-22,131.39
2006-09-25,132.54
2006-09-26,133.54
2006-09-27,133.64
2006-09-28,133.78
2006-09-29,133.48
2006-10-02,133.07
2006-10-03,133.44
2006-10-04,134.95
2006-10-05,135.3
2006-10-06,135.03
2006-10-09,135.09
2006-10-10,135.33
2006-10-11,134.99
2006-10-12,136.27
2006-10-13,136.55
2006-10-16,136.89
2006-10-17,136.45
2006-10-18,136.58
2006-10-19,136.75
2006-10-20,136.86
2006-10-23,137.68
2006-10-24,137.76
2006-10-25,138.2
2006-10-26,138.86
2006-10-27,137.91
2006-10-30,137.87
2006-10-31,137.79
2006-11-01,136.89
2006-11-02,136.81
2006-11-03,136.6
2006-11-06,138.08
2006-11-07,138.43
2006-11-08,138.74
2006-11-09,138.09
2006-11-10,138.27
2006-11-13,138.68
2006-11-14,139.55
2006-11-15,139.97
2006-11-16,140.23
2006-11-17,140.39
2006-11-20,140.37
2006-11-21,140.58
2006-11-22,140.92
2006-11-24,140.46
2006-11-27,138.49
2006-11-28,139.03
2006-11-29,140.36
2006-11-30,140.46
2006-12-01,140.06
2006-12-04,141.33
2006-12-05,141.88
2006-12-06,141.75
2006-12-07,141.22
2006-12-08,141.41
2006-12-11,141.74
2006-12-12,141.62
2006-12-13,141.84
2006-12-14,142.98
2006-12-15,142.38
2006-12-18,141.94
2006-12-19,142.28
2006-12-20,142.13
2006-12-21,141.62
2006-12-22,140.85
2006-12-26,141.54
2006-12-27,142.59
2006-12-28,142.19
2006-12-29,141.52
2007-01-03,141.45
2007-01-04,141.67
2007-01-05,140.76
2007-01-08,141.17
2007-01-09,141.13
2007-01-10,141.4
2007-01-11,142.27
2007-01-12,142.97
2007-01-16,143.03
2007-01-17,142.94
2007-01-18,142.45
2007-01-19,142.93
2007-01-22,142.21
2007-01-23,142.75
2007-01-24,143.91
2007-01-25,142.35
2007-01-26,142.19
2007-01-29,141.96
2007-01-30,142.76
2007-01-31,143.81
2007-02-01,144.57
2007-02-02,144.79
2007-02-05,144.7
2007-02-06,144.79
2007-02-07,145.03
2007-02-08,144.88
2007-02-09,143.92
2007-02-12,143.42
2007-02-13,144.51
2007-02-14,145.64
2007-02-15,145.83
2007-02-16,145.68
2007-02-20,146.1
2007-02-21,145.89
2007-02-22,145.83
2007-02-23,145.36
2007-02-26,145.21
2007-02-27,140.0
2007-02-28,140.93
2007-03-01,140.59
2007-03-02,138.98
2007-03-05,137.69
2007-03-06,139.8
2007-03-07,139.46
2007-03-08,140.54
2007-03-09,140.62
2007-03-12,141.01
2007-03-13,138.15
2007-03-14,139.14
2007-03-15,139.57
2007-03-16,138.48
2007-03-19,140.07
2007-03-20,140.93
2007-03-21,143.33
2007-03-22,143.31
2007-03-23,143.5
2007-03-26,143.59
2007-03-27,142.71
2007-03-28,141.54
2007-03-29,142.12
2007-03-30,141.94
2007-04-02,142.3
2007-04-03,143.66
2007-04-04,143.79
2007-04-05,144.28
2007-04-09,144.42
2007-04-10,144.8
2007-04-11,143.83
2007-04-12,144.74
2007-04-13,145.26
2007-04-16,146.78
2007-04-17,147.07
2007-04-18,147.15
2007-04-19,147.03
2007-04-20,148.47
2007-04-23,148.12
2007-04-24,148.04
2007-04-25,149.46
2007-04-26,149.39
2007-04-27,149.4
2007-04-30,148.23
2007-05-01,148.61
2007-05-02,149.62
2007-05-03,150.26
2007-05-04,150.64
2007-05-07,150.95
2007-05-08,150.86
2007-05-09,151.38
2007-05-10,149.33
2007-05-11,150.81
2007-05-14,150.55
2007-05-15,150.38
2007-05-16,151.61
2007-05-17,151.44
2007-05-18,152.49
2007-05-21,152.71
2007-05-22,152.6
2007-05-23,152.38
2007-05-24,151.01
2007-05-25,151.86
2007-05-29,152.08
2007-05-30,153.37
2007-05-31,153.35
2007-06-01,153.96
2007-06-04,154.24
2007-06-05,153.44
2007-06-06,152.1
2007-06-07,149.36
2007-06-08,151.05
2007-06-11,151.3
2007-06-12,149.67
2007-06-13,151.95
2007-06-14,152.71
2007-06-15,153.04
2007-06-18,152.9
2007-06-19,153.2
2007-06-20,151.02
2007-06-21,151.98
2007-06-22,150.24
2007-06-25,149.61
2007-06-26,149.07
2007-06-27,150.55
2007-06-28,150.4
2007-06-29,149.98
2007-07-02,151.8
2007-07-03,152.24
2007-07-05,152.43
2007-07-06,152.96
2007-07-09,153.08
2007-07-10,150.89
2007-07-11,151.84
2007-07-12,154.75
2007-07-13,155.11
2007-07-16,154.9
2007-07-17,154.86
2007-07-18,154.59
2007-07-19,155.22
2007-07-20,153.33
2007-07-23,154.06
2007-07-24,151.12
2007-07-25,151.75
2007-07-26,148.55
2007-07-27,146.04
2007-07-30,147.27
2007-07-31,145.39
2007-08-01,146.62
2007-08-02,147.29
2007-08-03,143.35
2007-08-06,146.76
2007-08-07,147.68
2007-08-08,149.86
2007-08-09,145.72
2007-08-10,145.54
2007-08-13,145.51
2007-08-14,142.77
2007-08-15,140.9
2007-08-16,141.73
2007-08-17,144.74
2007-08-20,144.75
2007-08-21,144.95
2007-08-22,146.66
2007-08-23,146.57
2007-08-24,148.16
2007-08-27,146.92
2007-08-28,143.65
2007-08-29,146.71
2007-08-30,146.15
2007-08-31,147.47
2007-09-04,149.2
2007-09-05,147.55
2007-09-06,148.26
2007-09-07,145.84
2007-09-10,145.51
2007-09-11,147.64
2007-09-12,147.64
2007-09-13,148.81
2007-09-14,148.93
2007-09-17,148.13
2007-09-18,152.39
2007-09-19,153.36
2007-09-20,152.34
2007-09-21,152.27
2007-09-24,151.55
2007-09-25,151.64
2007-09-26,152.37
2007-09-27,152.94
2007-09-28,152.47
2007-10-01,154.52
2007-10-02,154.43
2007-10-03,153.8
2007-10-04,154.16
2007-10-05,155.6
2007-10-08,155.19
2007-10-09,156.4
2007-10-10,156.03
2007-10-11,155.35
2007-10-12,156.06
2007-10-15,154.83
2007-10-16,153.77
2007-10-17,154.03
2007-10-18,153.82
2007-10-19,149.97
2007-10-22,150.6
2007-10-23,151.94
2007-10-24,151.56
2007-10-25,151.32
2007-10-26,153.45
2007-10-29,154.0
2007-10-30,153.06
2007-10-31,154.79
2007-11-01,150.78
2007-11-02,151.11
2007-11-05,150.19
2007-11-06,152.09
2007-11-07,147.59
2007-11-08,147.53
2007-11-09,145.26
2007-11-12,143.99
2007-11-13,148.19
2007-11-14,147.1
2007-11-15,145.36
2007-11-16,146.04
2007-11-19,143.56
2007-11-20,144.2
2007-11-21,141.81
2007-11-23,144.18
2007-11-26,140.82
2007-11-27,143.09
2007-11-28,147.26
2007-11-29,147.27
2007-11-30,148.46
2007-12-03,147.56
2007-12-04,146.55
2007-12-05,148.86
2007-12-06,151.11
2007-12-07,150.75
2007-12-10,152.03
2007-12-11,148.24
2007-12-12,149.13
2007-12-13,149.3
2007-12-14,147.18
2007-12-17,145.07
2007-12-18,145.82
2007-12-19,145.63
2007-12-20,146.54
2007-12-21,148.2
2007-12-24,149.2
2007-12-26,149.48
2007-12-27,147.52
2007-12-28,147.54
2007-12-31,146.42
2008-01-02,144.56
2008-01-03,144.46
2008-01-04,140.93
2008-01-07,141.46
2008-01-08,138.81
2008-01-09,140.78
2008-01-10,141.8
2008-01-11,140.03
2008-01-14,141.46
2008-01-15,137.95
2008-01-16,137.14
2008-01-17,133.23
2008-01-18,132.49
2008-01-22,131.02
2008-01-23,133.62
2008-01-24,134.99
2008-01-25,132.98
2008-01-28,135.32
2008-01-29,136.07
2008-01-30,135.37
2008-01-31,137.44
2008-02-01,139.45
2008-02-04,138.02
2008-02-05,133.72
2008-02-06,132.72
2008-02-07,133.78
2008-02-08,133.12
2008-02-11,133.91
2008-02-12,134.92
2008-02-13,136.71
2008-02-14,135.01
2008-02-15,135.07
2008-02-19,135.03
2008-02-20,136.11
2008-02-21,134.48
2008-02-22,135.64
2008-02-25,137.31
2008-02-26,138.35
2008-02-27,138.12
2008-02-28,137.0
2008-02-29,133.25
2008-03-03,133.39
2008-03-04,132.92
2008-03-05,133.7
2008-03-06,130.82
2008-03-07,129.71
2008-03-10,127.86
2008-03-11,132.39
2008-03-12,131.31
2008-03-13,131.92
2008-03-14,129.26
2008-03-17,127.9
2008-03-18,133.32
2008-03-19,130.36
2008-03-20,132.73
2008-03-24,134.77
2008-03-25,135.05
2008-03-26,133.83
2008-03-27,132.45
2008-03-28,131.4
2008-03-31,131.94
2008-04-01,136.8
2008-04-02,136.66
2008-04-03,136.8
2008-04-04,136.97
2008-04-07,137.05
2008-04-08,136.47
2008-04-09,135.39
2008-04-10,135.94
2008-04-11,133.29
2008-04-14,132.81
2008-04-15,133.52
2008-04-16,136.23
2008-04-17,136.48
2008-04-18,138.96
2008-04-21,138.78
2008-04-22,137.69
2008-04-23,137.98
2008-04-24,138.79
2008-04-25,139.76
2008-04-28,139.62
2008-04-29,139.07
2008-04-30,138.43
2008-05-01,140.93
2008-05-02,141.34
2008-05-05,140.71
2008-05-06,141.84
2008-05-07,139.28
2008-05-08,139.84
2008-05-09,138.93
2008-05-12,140.47
2008-05-13,140.4
2008-05-14,140.96
2008-05-15,142.55
2008-05-16,142.65
2008-05-19,142.83
2008-05-20,141.63
2008-05-21,139.31
2008-05-22,139.57
2008-05-23,137.86
2008-05-27,138.74
2008-05-28,139.37
2008-05-29,140.03
2008-05-30,140.1
2008-06-02,138.83
2008-06-03,138.01
2008-06-04,138.04
2008-06-05,140.64
2008-06-06,136.38
2008-06-09,136.62
2008-06-10,136.14
2008-06-11,133.95
2008-06-12,134.45
2008-06-13,136.4
2008-06-16,136.39
2008-06-17,135.5
2008-06-18,134.32
2008-06-19,134.71
2008-06-20,131.59
2008-06-23,131.63
2008-06-24,131.24
2008-06-25,132.0
2008-06-26,128.21
2008-06-27,127.8
2008-06-30,127.84
2008-07-01,128.37
2008-07-02,126.07
2008-07-03,126.38
2008-07-07,125.09
2008-07-08,127.28
2008-07-09,124.43
2008-07-10,125.38
2008-07-11,124.02
2008-07-14,122.82
2008-07-15,121.43
2008-07-16,124.47
2008-07-17,125.9
2008-07-18,125.92
2008-07-21,125.99
2008-07-22,127.69
2008-07-23,128.22
2008-07-24,125.43
2008-07-25,125.72
2008-07-28,123.56
2008-07-29,126.27
2008-07-30,128.45
2008-07-31,126.85
2008-08-01,126.11
2008-08-04,124.92
2008-08-05,128.42
2008-08-06,129.09
2008-08-07,126.86
2008-08-08,129.62
2008-08-11,130.65
2008-08-12,129.24
2008-08-13,128.82
2008-08-14,129.52
2008-08-15,130.05
2008-08-18,128.24
2008-08-19,127.0
2008-08-20,127.71
2008-08-21,127.98
2008-08-22,129.51
2008-08-25,127.08
2008-08-26,127.44
2008-08-27,128.46
2008-08-28,130.31
2008-08-29,128.69
2008-09-02,128.1
2008-09-03,127.96
2008-09-04,124.07
2008-09-05,124.64
2008-09-08,127.25
2008-09-09,122.94
2008-09-10,123.6
2008-09-11,125.51
2008-09-12,125.74
2008-09-15,120.36
2008-09-16,121.85
2008-09-17,116.35
2008-09-18,120.55
2008-09-19,125.05
2008-09-22,120.7
2008-09-23,118.7
2008-09-24,118.81
2008-09-25,121.0
2008-09-26,121.33
2008-09-29,113.02
2008-09-30,116.54
2008-10-01,116.0
2008-10-02,111.36
2008-10-03,109.97
2008-10-06,106.28
2008-10-07,99.74
2008-10-08,98.39
2008-10-09,91.72
2008-10-10,90.45
2008-10-13,100.68
2008-10-14,99.91
2008-10-15,90.75
2008-10-16,94.41
2008-10-17,94.09
2008-10-20,98.49
2008-10-21,95.5
2008-10-22,90.39
2008-10-23,91.04
2008-10-24,87.54
2008-10-27,84.82
2008-10-28,93.77
2008-10-29,92.36
2008-10-30,95.44
2008-10-31,97.13
2008-11-03,96.74
2008-11-04,100.28
2008-11-05,95.7
2008-11-06,90.81
2008-11-07,93.13
2008-11-10,92.17
2008-11-11,90.16
2008-11-12,85.73
2008-11-13,91.05
2008-11-14,87.68
2008-11-17,85.3
2008-11-18,86.17
2008-11-19,81.34
2008-11-20,75.95
2008-11-21,80.27
2008-11-24,84.89
2008-11-25,86.06
2008-11-26,89.02
2008-11-28,89.82
2008-12-01,82.13
2008-12-02,85.27
2008-12-03,87.41
2008-12-04,85.0
2008-12-05,87.97
2008-12-08,91.06
2008-12-09,89.55
2008-12-10,90.25
2008-12-11,88.03
2008-12-12,88.47
2008-12-15,87.48
2008-12-16,91.87
2008-12-17,91.02
2008-12-18,89.2
2008-12-19,88.28
2008-12-22,86.57
2008-12-23,86.19
2008-12-24,86.56
2008-12-26,87.1
2008-12-29,86.89
2008-12-30,88.87
2008-12-31,90.33
2009-01-02,93.03
2009-01-05,92.84
2009-01-06,93.44
2009-01-07,90.62
2009-01-08,91.01
2009-01-09,89.01
2009-01-12,86.94
2009-01-13,87.05
2009-01-14,84.21
2009-01-15,84.44
2009-01-16,85.02
2009-01-20,80.54
2009-01-21,84.02
2009-01-22,82.84
2009-01-23,83.11
2009-01-26,83.73
2009-01-27,84.59
2009-01-28,87.38
2009-01-29,84.57
2009-01-30,82.69
2009-02-02,82.52
2009-02-03,83.72
2009-02-04,83.33
2009-02-05,84.57
2009-02-06,87.0
2009-02-09,87.13
2009-02-10,82.92
2009-02-11,83.63
2009-02-12,83.61
2009-02-13,82.74
2009-02-17,79.19
2009-02-18,78.97
2009-02-19,78.28
2009-02-20,77.38
2009-02-23,74.65
2009-02-24,77.47
2009-02-25,76.83
2009-02-26,75.54
2009-02-27,73.93
2009-03-02,70.58
2009-03-03,70.07
2009-03-04,71.67
2009-03-05,68.79
2009-03-06,68.84
2009-03-09,68.11
2009-03-10,72.16
2009-03-11,72.61
2009-03-12,75.53
2009-03-13,76.15
2009-03-16,75.96
2009-03-17,78.24
2009-03-18,79.89
2009-03-19,78.84
2009-03-20,76.65
2009-03-23,82.22
2009-03-24,80.6
2009-03-25,81.32
2009-03-26,83.11
2009-03-27,81.61
2009-03-30,78.76
2009-03-31,79.44
2009-04-01,81.0
2009-04-02,83.39
2009-04-03,84.27
2009-04-06,83.48
2009-04-07,81.61
2009-04-08,82.49
2009-04-09,85.82
2009-04-13,85.83
2009-04-14,84.38
2009-04-15,85.31
2009-04-16,86.62
2009-04-17,87.14
2009-04-20,83.41
2009-04-21,85.08
2009-04-22,84.57
2009-04-23,85.37
2009-04-24,86.68
2009-04-27,85.84
2009-04-28,85.56
2009-04-29,87.36
2009-04-30,87.55
2009-05-01,87.84
2009-05-04,90.92
2009-05-05,90.56
2009-05-06,92.11
2009-05-07,90.9
2009-05-08,92.99
2009-05-11,91.14
2009-05-12,91.01
2009-05-13,88.8
2009-05-14,89.45
2009-05-15,88.73
2009-05-18,91.24
2009-05-19,91.12
2009-05-20,90.51
2009-05-21,89.24
2009-05-22,89.04
2009-05-26,91.3
2009-05-27,89.71
2009-05-28,90.93
2009-05-29,92.41
2009-06-01,94.78
2009-06-02,94.88
2009-06-03,93.64
2009-06-04,94.6
2009-06-05,94.53
2009-06-08,94.3
2009-06-09,94.62
2009-06-10,94.34
2009-06-11,94.85
2009-06-12,95.09
2009-06-15,92.88
2009-06-16,91.64
2009-06-17,91.52
2009-06-18,92.08
2009-06-19,92.04
2009-06-22,89.27
2009-06-23,89.36
2009-06-24,90.15
2009-06-25,92.0
2009-06-26,91.89
2009-06-29,92.68
2009-06-30,91.92
2009-07-01,92.34
2009-07-02,89.85
2009-07-06,89.8
2009-07-07,88.11
2009-07-08,88.0
2009-07-09,88.2
2009-07-10,87.95
2009-07-13,90.13
2009-07-14,90.63
2009-07-15,93.25
2009-07-16,94.12
2009-07-17,94.17
2009-07-20,95.07
2009-07-21,95.57
2009-07-22,95.55
2009-07-23,97.7
2009-07-24,98.1
2009-07-27,98.35
2009-07-28,98.11
2009-07-29,97.68
2009-07-30,98.7
2009-07-31,98.81
2009-08-03,100.45
2009-08-04,100.68
2009-08-05,100.37
2009-08-06,99.89
2009-08-07,101.2
2009-08-10,100.98
2009-08-11,99.66
2009-08-12,100.77
2009-08-13,101.57
2009-08-14,100.73
2009-08-17,98.27
2009-08-18,99.16
2009-08-19,100.01
2009-08-20,101.01
2009-08-21,102.97
2009-08-24,102.96
2009-08-25,103.14
2009-08-26,103.17
2009-08-27,103.43
2009-08-28,103.33
2009-08-31,102.55
2009-09-01,100.2
2009-09-02,99.8
2009-09-03,100.65
2009-09-04,102.08
2009-09-08,102.89
2009-09-09,103.76
2009-09-10,104.82
2009-09-11,104.79
2009-09-14,105.34
2009-09-15,105.74
2009-09-16,107.33
2009-09-17,107.16
2009-09-18,106.72
2009-09-21,106.44
2009-09-22,107.08
2009-09-23,106.14
2009-09-24,104.95
2009-09-25,104.45
2009-09-28,106.32
2009-09-29,106.03
2009-09-30,105.56
2009-10-01,103.05
2009-10-02,102.54
2009-10-05,104.01
2009-10-06,105.55
2009-10-07,105.77
2009-10-08,106.64
2009-10-09,107.25
2009-10-12,107.76
2009-10-13,107.5
2009-10-14,109.31
2009-10-15,109.65
2009-10-16,108.86
2009-10-19,109.86
2009-10-20,109.2
2009-10-21,108.15
2009-10-22,109.34
2009-10-23,108.08
2009-10-26,106.83
2009-10-27,106.4
2009-10-28,104.38
2009-10-29,106.65
2009-10-30,103.56
2009-11-02,104.36
2009-11-03,104.65
2009-11-04,104.91
2009-11-05,106.86
2009-11-06,107.16
2009-11-09,109.63
2009-11-10,109.57
2009-11-11,110.15
2009-11-12,108.99
2009-11-13,109.61
2009-11-16,111.22
2009-11-17,111.32
2009-11-18,111.27
2009-11-19,109.77
2009-11-20,109.43
2009-11-23,110.92
2009-11-24,110.99
2009-11-25,111.37
2009-11-27,109.5
2009-11-30,109.88
2009-12-01,111.25
2009-12-02,111.32
2009-12-03,110.38
2009-12-04,111.01
2009-12-07,110.8
2009-12-08,109.61
2009-12-09,109.97
2009-12-10,110.65
2009-12-11,111.18
2009-12-14,111.9
2009-12-15,111.3
2009-12-16,111.49
2009-12-17,110.13
2009-12-18,110.19
2009-12-21,111.33
2009-12-22,111.74
2009-12-23,111.97
2009-12-24,112.6
2009-12-28,112.67
2009-12-29,112.62
2009-12-30,112.45
2009-12-31,111.44
2010-01-04,113.33
2010-01-05,113.65
2010-01-06,113.73
2010-01-07,114.21
2010-01-08,114.62
2010-01-11,114.74
2010-01-12,113.67
2010-01-13,114.64
2010-01-14,114.94
2010-01-15,113.67
2010-01-19,115.12
2010-01-20,113.86
2010-01-21,111.65
2010-01-22,109.21
2010-01-25,109.78
2010-01-26,109.29
2010-01-27,109.81
2010-01-28,108.54
2010-01-29,107.37
2010-02-01,109.06
2010-02-02,110.41
2010-02-03,109.82
2010-02-04,106.49
2010-02-05,106.66
2010-02-08,105.87
2010-02-09,107.2
2010-02-10,107.01
2010-02-11,108.13
2010-02-12,108.04
2010-02-16,109.75
2010-02-17,110.26
2010-02-18,110.91
2010-02-19,111.18
2010-02-22,111.15
2010-02-23,109.81
2010-02-24,110.84
2010-02-25,110.67
2010-02-26,110.76
2010-03-01,111.86
2010-03-02,112.19
2010-03-03,112.3
2010-03-04,112.66
2010-03-05,114.23
2010-03-08,114.29
2010-03-09,114.46
2010-03-10,114.99
2010-03-11,115.45
2010-03-12,115.46
2010-03-15,115.5
2010-03-16,116.41
2010-03-17,117.13
2010-03-18,117.03
2010-03-19,115.93
2010-03-22,116.59
2010-03-23,117.4
2010-03-24,116.85
2010-03-25,116.62
2010-03-26,116.66
2010-03-29,117.32
2010-03-30,117.4
2010-03-31,116.99
2010-04-01,117.82
2010-04-05,118.76
2010-04-06,119.04
2010-04-07,118.36
2010-04-08,118.78
2010-04-09,119.55
2010-04-12,119.74
2010-04-13,119.87
2010-04-14,121.19
2010-04-15,121.32
2010-04-16,119.4
2010-04-19,119.81
2010-04-20,120.88
2010-04-21,120.66
2010-04-22,121.02
2010-04-23,121.79
2010-04-26,121.35
2010-04-27,118.43
2010-04-28,119.35
2010-04-29,120.85
2010-04-30,118.86
2010-05-03,120.36
2010-05-04,117.58
2010-05-05,116.82
2010-05-06,112.74
2010-05-07,111.0
2010-05-10,116.17
2010-05-11,115.83
2010-05-12,117.47
2010-05-13,116.02
2010-05-14,113.92
2010-05-17,113.91
2010-05-18,112.43
2010-05-19,111.74
2010-05-20,107.55
2010-05-21,109.03
2010-05-24,107.7
2010-05-25,107.8
2010-05-26,107.17
2010-05-27,110.79
2010-05-28,109.44
2010-06-01,107.52
2010-06-02,110.28
2010-06-03,110.7
2010-06-04,106.94
2010-06-07,105.49
2010-06-08,106.57
2010-06-09,105.99
2010-06-10,109.19
2010-06-11,109.68
2010-06-14,109.57
2010-06-15,111.95
2010-06-16,111.96
2010-06-17,112.14
2010-06-18,111.66
2010-06-21,111.41
2010-06-22,109.57
2010-06-23,109.26
2010-06-24,107.47
2010-06-25,107.95
2010-06-28,107.49
2010-06-29,104.2
2010-06-30,103.22
2010-07-01,102.81
2010-07-02,102.2
2010-07-06,102.86
2010-07-07,106.15
2010-07-08,107.17
2010-07-09,107.93
2010-07-12,108.03
2010-07-13,109.66
2010-07-14,109.67
2010-07-15,109.68
2010-07-16,106.63
2010-07-19,107.29
2010-07-20,108.48
2010-07-21,107.07
2010-07-22,109.48
2010-07-23,110.41
2010-07-26,111.57
2010-07-27,111.55
2010-07-28,110.8
2010-07-29,110.29
2010-07-30,110.27
2010-08-02,112.76
2010-08-03,112.22
2010-08-04,112.97
2010-08-05,112.85
2010-08-06,112.41
2010-08-09,113.01
2010-08-10,112.39
2010-08-11,109.3
2010-08-12,108.6
2010-08-13,108.28
2010-08-16,108.26
2010-08-17,109.59
2010-08-18,109.78
2010-08-19,107.88
2010-08-20,107.53
2010-08-23,107.13
2010-08-24,105.56
2010-08-25,105.88
2010-08-26,105.23
2010-08-27,106.82
2010-08-30,105.34
2010-08-31,105.47
2010-09-01,108.44
2010-09-02,109.47
2010-09-03,110.92
2010-09-07,109.68
2010-09-08,110.41
2010-09-09,110.94
2010-09-10,111.54
2010-09-13,112.72
2010-09-14,112.65
2010-09-15,113.14
2010-09-16,113.1
2010-09-17,112.51
2010-09-20,114.23
2010-09-21,114.0
2010-09-22,113.43
2010-09-23,112.5
2010-09-24,114.79
2010-09-27,114.32
2010-09-28,114.67
2010-09-29,114.41
2010-09-30,114.12
2010-10-01,114.61
2010-10-04,113.75
2010-10-05,116.05
2010-10-06,116.06
2010-10-07,115.89
2010-10-08,116.56
2010-10-11,116.66
2010-10-12,116.99
2010-10-13,117.88
2010-10-14,117.55
2010-10-15,117.72
2010-10-18,118.55
2010-10-19,116.71
2010-10-20,117.87
2010-10-21,118.12
2010-10-22,118.38
2010-10-25,118.69
2010-10-26,118.73
2010-10-27,118.38
2010-10-28,118.4
2010-10-29,118.53
2010-11-01,118.53
2010-11-02,119.49
2010-11-03,120.01
2010-11-04,122.26
2010-11-05,122.74
2010-11-08,122.54
2010-11-09,121.6
2010-11-10,122.09
2010-11-11,121.66
2010-11-12,120.18
2010-11-15,120.04
2010-11-16,118.12
2010-11-17,118.21
2010-11-18,120.02
2010-11-19,120.26
2010-11-22,120.19
2010-11-23,118.42
2010-11-24,120.19
2010-11-26,119.27
2010-11-29,119.16
2010-11-30,118.48
2010-12-01,121.0
2010-12-02,122.57
2010-12-03,122.86
2010-12-06,122.74
2010-12-07,122.83
2010-12-08,123.29
2010-12-09,123.82
2010-12-10,124.5
2010-12-13,124.56
2010-12-14,124.65
2010-12-15,124.12
2010-12-16,124.82
2010-12-17,124.38
2010-12-20,124.57
2010-12-21,125.39
2010-12-22,125.79
2010-12-23,125.61
2010-12-27,125.65
2010-12-28,125.8
2010-12-29,125.92
2010-12-30,125.72
2010-12-31,125.78
2011-01-03,127.01
2011-01-04,126.93
2011-01-05,127.64
2011-01-06,127.39
2011-01-07,127.13
2011-01-10,127.01
2011-01-11,127.43
2011-01-12,128.64
2011-01-13,128.45
2011-01-14,129.28
2011-01-18,129.53
2011-01-19,128.27
2011-01-20,128.14
2011-01-21,128.36
2011-01-24,129.16
2011-01-25,129.16
2011-01-26,129.69
2011-01-27,130.03
2011-01-28,127.72
2011-01-31,128.67
2011-02-01,130.71
2011-02-02,130.48
2011-02-03,130.76
2011-02-04,131.17
2011-02-07,132.0
2011-02-08,132.59
2011-02-09,132.32
2011-02-10,132.33
2011-02-11,133.15
2011-02-14,133.43
2011-02-15,133.04
2011-02-16,133.82
2011-02-17,134.22
2011-02-18,134.57
2011-02-22,131.8
2011-02-23,131.01
2011-02-24,130.92
2011-02-25,132.32
2011-02-28,133.15
2011-03-01,130.89
2011-03-02,131.16
2011-03-03,133.47
2011-03-04,132.47
2011-03-07,131.37
2011-03-08,132.56
2011-03-09,132.39
2011-03-10,129.93
2011-03-11,130.84
2011-03-14,130.05
2011-03-15,128.56
2011-03-16,126.21
2011-03-17,127.85
2011-03-18,127.76
2011-03-21,129.74
2011-03-22,129.3
2011-03-23,129.64
2011-03-24,130.9
2011-03-25,131.29
2011-03-28,130.94
2011-03-29,131.86
2011-03-30,132.7
2011-03-31,132.51
2011-04-01,133.15
2011-04-04,133.24
2011-04-05,133.24
2011-04-06,133.66
2011-04-07,133.32
2011-04-08,132.86
2011-04-11,132.47
2011-04-12,131.45
2011-04-13,131.45
2011-04-14,131.56
2011-04-15,132.12
2011-04-18,130.53
2011-04-19,131.28
2011-04-20,133.16
2011-04-21,133.74
2011-04-25,133.62
2011-04-26,134.79
2011-04-27,135.63
2011-04-28,136.04
2011-04-29,136.54
2011-05-02,136.25
2011-05-03,135.71
2011-05-04,134.86
2011-05-05,133.63
2011-05-06,134.2
2011-05-09,134.72
2011-05-10,135.87
2011-05-11,134.45
2011-05-12,135.1
2011-05-13,134.04
2011-05-16,133.19
2011-05-17,133.17
2011-05-18,134.38
2011-05-19,134.66
2011-05-20,133.67
2011-05-23,132.04
2011-05-24,131.95
2011-05-25,132.37
2011-05-26,133.01
2011-05-27,133.54
2011-05-31,134.89
2011-06-01,131.85
2011-06-02,131.69
2011-06-03,130.4
2011-06-06,129.05
2011-06-07,128.85
2011-06-08,128.4
2011-06-09,129.4
2011-06-10,127.56
2011-06-13,127.67
2011-06-14,129.32
2011-06-15,127.02
2011-06-16,127.28
2011-06-17,127.02
2011-06-20,127.7
2011-06-21,129.42
2011-06-22,128.7
2011-06-23,128.29
2011-06-24,126.81
2011-06-27,127.94
2011-06-28,129.61
2011-06-29,130.75
2011-06-30,131.97
2011-07-01,133.96
2011-07-05,133.71
2011-07-06,133.94
2011-07-07,135.46
2011-07-08,134.4
2011-07-11,131.96
2011-07-12,131.43
2011-07-13,131.85
2011-07-14,130.94
2011-07-15,131.74
2011-07-18,130.58
2011-07-19,132.78
2011-07-20,132.65
2011-07-21,134.52
2011-07-22,134.61
2011-07-25,133.83
2011-07-26,133.36
2011-07-27,130.6
2011-07-28,130.16
2011-07-29,129.05
2011-08-01,128.71
2011-08-02,125.49
2011-08-03,126.21
2011-08-04,120.18
2011-08-05,119.98
2011-08-08,112.26
2011-08-09,117.37
2011-08-10,112.35
2011-08-11,117.28
2011-08-12,118.15
2011-08-15,120.55
2011-08-16,119.56
2011-08-17,119.67
2011-08-18,114.61
2011-08-19,112.68
2011-08-22,112.73
2011-08-23,116.46
2011-08-24,118.13
2011-08-25,116.31
2011-08-26,118.04
2011-08-29,121.38
2011-08-30,121.62
2011-08-31,122.06
2011-09-01,120.96
2011-09-02,117.84
2011-09-06,116.99
2011-09-07,120.27
2011-09-08,119.02
2011-09-09,115.86
2011-09-12,116.66
2011-09-13,117.58
2011-09-14,119.36
2011-09-15,121.47
2011-09-16,121.58
2011-09-19,120.31
2011-09-20,120.17
2011-09-21,116.51
2011-09-22,112.8
2011-09-23,113.54
2011-09-26,116.25
2011-09-27,117.6
2011-09-28,115.16
2011-09-29,116.02
2011-09-30,113.17
2011-10-03,109.93
2011-10-04,112.13
2011-10-05,114.5
2011-10-06,116.51
2011-10-07,115.75
2011-10-10,119.59
2011-10-11,119.68
2011-10-12,120.67
2011-10-13,120.47
2011-10-14,122.56
2011-10-17,120.24
2011-10-18,122.61
2011-10-19,121.14
2011-10-20,121.69
2011-10-21,123.91
2011-10-24,125.49
2011-10-25,123.08
2011-10-26,124.33
2011-10-27,128.53
2011-10-28,128.68
2011-10-31,125.45
2011-11-01,122.08
2011-11-02,123.99
2011-11-03,126.24
2011-11-04,125.45
2011-11-07,126.28
2011-11-08,127.86
2011-11-09,123.19
2011-11-10,124.32
2011-11-11,126.62
2011-11-14,125.46
2011-11-15,126.12
2011-11-16,124.05
2011-11-17,122.18
2011-11-18,121.99
2011-11-21,119.62
2011-11-22,119.19
2011-11-23,116.56
2011-11-25,116.2
2011-11-28,119.7
2011-11-29,120.08
2011-11-30,125.11
2011-12-01,124.98
2011-12-02,124.86
2011-12-05,126.21
2011-12-06,126.26
2011-12-07,126.75
2011-12-08,123.98
2011-12-09,126.03
2011-12-12,124.24
2011-12-13,123.11
2011-12-14,121.71
2011-12-15,122.15
2011-12-16,121.57
2011-12-19,120.32
2011-12-20,123.88
2011-12-21,124.17
2011-12-22,125.33
2011-12-23,126.39
2011-12-27,126.49
2011-12-28,124.92
2011-12-29,126.1
2011-12-30,125.5
2012-01-03,127.49
2012-01-04,127.63
2012-01-05,128.1
2012-01-06,127.82
2012-01-09,127.99
2012-01-10,129.13
2012-01-11,129.25
2012-01-12,129.51
2012-01-13,129.01
2012-01-17,129.31
2012-01-18,130.8
2012-01-19,131.48
2012-01-20,131.95
2012-01-23,131.58
2012-01-24,131.46
2012-01-25,132.57
2012-01-26,131.9
2012-01-27,131.73
2012-01-30,131.38
2012-01-31,131.21
2012-02-01,132.47
2012-02-02,132.68
2012-02-03,134.57
2012-02-06,134.46
2012-02-07,134.79
2012-02-08,135.19
2012-02-09,135.34
2012-02-10,134.43
2012-02-13,135.36
2012-02-14,135.19
2012-02-15,134.54
2012-02-16,136.04
2012-02-17,136.41
2012-02-21,136.46
2012-02-22,136.02
2012-02-23,136.61
2012-02-24,136.93
2012-02-27,137.16
2012-02-28,137.56
2012-02-29,136.87
2012-03-01,137.77
2012-03-02,137.32
2012-03-05,136.75
2012-03-06,134.67
2012-03-07,135.69
2012-03-08,137.02
2012-03-09,137.57
2012-03-12,137.58
2012-03-13,140.06
2012-03-14,139.91
2012-03-15,140.72
2012-03-16,140.27
2012-03-19,140.88
2012-03-20,140.41
2012-03-21,140.16
2012-03-22,139.16
2012-03-23,139.69
2012-03-26,141.61
2012-03-27,141.13
2012-03-28,140.43
2012-03-29,140.22
2012-03-30,140.72
2012-04-02,141.79
2012-04-03,141.26
2012-04-04,139.84
2012-04-05,139.78
2012-04-09,138.23
2012-04-10,135.84
2012-04-11,136.9
2012-04-12,138.85
2012-04-13,137.13
2012-04-16,136.93
2012-04-17,139.09
2012-04-18,138.59
2012-04-19,137.75
2012-04-20,137.95
2012-04-23,136.79
2012-04-24,137.31
2012-04-25,139.24
2012-04-26,140.17
2012-04-27,140.42
2012-04-30,139.77
2012-05-01,140.74
2012-05-02,140.28
2012-05-03,139.25
2012-05-04,136.96
2012-05-07,137.1
2012-05-08,136.5
2012-05-09,135.74
2012-05-10,135.95
2012-05-11,135.56
2012-05-14,134.13
2012-05-15,133.35
2012-05-16,132.88
2012-05-17,130.87
2012-05-18,129.74
2012-05-21,132.02
2012-05-22,132.2
2012-05-23,132.27
2012-05-24,132.53
2012-05-25,132.1
2012-05-29,133.7
2012-05-30,131.73
2012-05-31,131.49
2012-06-01,128.16
2012-06-04,128.1
2012-06-05,129.03
2012-06-06,132.02
2012-06-07,132.05
2012-06-08,133.12
2012-06-11,131.45
2012-06-12,133.01
2012-06-13,132.1
2012-06-14,133.57
2012-06-15,134.1
2012-06-18,134.43
2012-06-19,135.69
2012-06-20,135.44
2012-06-21,132.44
2012-06-22,133.42
2012-06-25,131.26
2012-06-26,132.0
2012-06-27,133.17
2012-06-28,132.79
2012-06-29,136.27
2012-07-02,136.46
2012-07-03,137.47
2012-07-05,136.84
2012-07-06,135.59
2012-07-09,135.32
2012-07-10,134.14
2012-07-11,134.16
2012-07-12,133.51
2012-07-13,135.75
2012-07-16,135.39
2012-07-17,136.36
2012-07-18,137.41
2012-07-19,137.74
2012-07-20,136.47
2012-07-23,135.09
2012-07-24,134.03
2012-07-25,133.95
2012-07-26,136.17
2012-07-27,138.8
2012-07-30,138.68
2012-07-31,137.71
2012-08-01,137.59
2012-08-02,136.64
2012-08-03,139.39
2012-08-06,139.62
2012-08-07,140.32
2012-08-08,140.49
2012-08-09,140.63
2012-08-10,140.84
2012-08-13,140.77
2012-08-14,140.79
2012-08-15,140.95
2012-08-16,142.01
2012-08-17,142.22
2012-08-20,142.22
2012-08-21,141.76
2012-08-22,141.82
2012-08-23,140.68
2012-08-24,141.52
2012-08-27,141.54
2012-08-28,141.4
2012-08-29,141.51
2012-08-30,140.49
2012-08-31,141.24
2012-09-04,140.87
2012-09-05,140.94
2012-09-06,143.78
2012-09-07,144.39
2012-09-10,143.51
2012-09-11,143.89
2012-09-12,144.39
2012-09-13,146.7
2012-09-14,147.24
2012-09-17,146.74
2012-09-18,146.62
2012-09-19,146.74
2012-09-20,146.75
2012-09-21,145.89
2012-09-24,145.59
2012-09-25,144.19
2012-09-26,143.29
2012-09-27,144.72
2012-09-28,143.93
2012-10-01,144.24
2012-10-02,144.5
2012-10-03,145.07
2012-10-04,146.27
2012-10-05,146.13
2012-10-08,145.66
2012-10-09,144.25
2012-10-10,143.28
2012-10-11,143.36
2012-10-12,142.84
2012-10-15,144.01
2012-10-16,145.58
2012-10-17,146.16
2012-10-18,145.86
2012-10-19,143.3
2012-10-22,143.41
2012-10-23,141.35
2012-10-24,141.05
2012-10-25,141.43
2012-10-26,141.35
2012-10-31,141.18
2012-11-01,142.91
2012-11-02,141.56
2012-11-05,141.9
2012-11-06,142.93
2012-11-07,139.78
2012-11-08,137.95
2012-11-09,138.16
2012-11-12,138.24
2012-11-13,137.8
2012-11-14,135.98
2012-11-15,135.7
2012-11-16,136.35
2012-11-19,139.15
2012-11-20,139.28
2012-11-21,139.45
2012-11-23,141.33
2012-11-26,141.17
2012-11-27,140.38
2012-11-28,141.48
2012-11-29,142.16
2012-11-30,142.06
2012-12-03,141.47
2012-12-04,141.22
2012-12-05,141.5
2012-12-06,141.91
2012-12-07,142.4
2012-12-10,142.52
2012-12-11,143.42
2012-12-12,143.54
2012-12-13,142.66
2012-12-14,142.12
2012-12-17,143.79
2012-12-18,145.41
2012-12-19,144.27
2012-12-20,145.14
2012-12-21,142.77
2012-12-24,142.33
2012-12-26,141.65
2012-12-27,141.59
2012-12-28,139.87
2012-12-31,142.52
2013-01-02,146.15
2013-01-03,145.73
2013-01-04,146.45
2013-01-07,145.92
2013-01-08,145.53
2013-01-09,145.99
2013-01-10,147.07
2013-01-11,147.07
2013-01-14,146.96
2013-01-15,147.07
2013-01-16,147.05
2013-01-17,147.97
2013-01-18,148.33
2013-01-22,149.1
2013-01-23,149.37
2013-01-24,149.42
2013-01-25,150.25
2013-01-28,150.07
2013-01-29,150.66
2013-01-30,150.08
2013-01-31,149.7
2013-02-01,151.28
2013-02-04,149.53
2013-02-05,151.08
2013-02-06,151.18
2013-02-07,150.96
2013-02-08,151.8
2013-02-11,151.77
2013-02-12,152.0
2013-02-13,152.15
2013-02-14,152.31
2013-02-15,152.17
2013-02-19,153.2
2013-02-20,151.26
2013-02-21,150.4
2013-02-22,151.89
2013-02-25,149.01
2013-02-26,150.02
2013-02-27,151.91
2013-02-28,151.53
2013-03-01,152.11
2013-03-04,152.92
2013-03-05,154.29
2013-03-06,154.5
2013-03-07,154.82
2013-03-08,155.44
2013-03-11,156.03
2013-03-12,155.64
2013-03-13,155.84
2013-03-14,156.73
2013-03-15,155.88
2013-03-18,154.97
2013-03-19,154.61
2013-03-20,155.63
2013-03-21,154.34
2013-03-22,155.6
2013-03-25,155.07
2013-03-26,156.15
2013-03-27,156.16
2013-03-28,156.55
2013-04-01,156.05
2013-04-02,156.82
2013-04-03,155.15
2013-04-04,155.85
2013-04-05,155.18
2013-04-08,156.21
2013-04-09,156.75
2013-04-10,158.73
2013-04-11,159.22
2013-04-12,158.78
2013-04-15,155.17
2013-04-16,157.42
2013-04-17,155.04
2013-04-18,154.14
2013-04-19,155.48
2013-04-22,156.2
2013-04-23,157.79
2013-04-24,157.9
2013-04-25,158.61
2013-04-26,158.26
2013-04-29,159.3
2013-04-30,159.68
2013-05-01,158.32
2013-05-02,159.72
2013-05-03,161.32
2013-05-06,161.78
2013-05-07,162.63
2013-05-08,163.34
2013-05-09,162.93
2013-05-10,163.41
2013-05-13,163.54
2013-05-14,165.28
2013-05-15,166.15
2013-05-16,165.34
2013-05-17,166.97
2013-05-20,166.97
2013-05-21,167.11
2013-05-22,165.92
2013-05-23,165.45
2013-05-24,165.33
2013-05-28,166.3
2013-05-29,165.22
2013-05-30,165.89
2013-05-31,163.24
2013-06-03,164.38
2013-06-04,163.56
2013-06-05,161.18
2013-06-06,162.64
2013-06-07,164.81
2013-06-10,164.8
2013-06-11,163.12
2013-06-12,161.75
2013-06-13,164.22
2013-06-14,163.17
2013-06-17,164.5
2013-06-18,165.69
2013-06-19,163.54
2013-06-20,159.27
2013-06-21,159.05
2013-06-24,156.99
2013-06-25,158.65
2013-06-26,160.17
2013-06-27,161.13
2013-06-28,160.01
2013-07-01,161.4
2013-07-02,161.16
2013-07-03,161.34
2013-07-05,163.05
2013-07-08,163.94
2013-07-09,165.08
2013-07-10,165.21
2013-07-11,167.51
2013-07-12,167.51
2013-07-15,168.22
2013-07-16,167.5
2013-07-17,167.97
2013-07-18,168.88
2013-07-19,169.23
2013-07-22,169.5
2013-07-23,169.14
2013-07-24,168.55
2013-07-25,168.93
2013-07-26,169.11
2013-07-29,168.53
2013-07-30,168.6
2013-07-31,168.66
2013-08-01,170.65
2013-08-02,170.95
2013-08-05,170.8
2013-08-06,169.73
2013-08-07,169.18
2013-08-08,169.81
2013-08-09,169.3
2013-08-12,169.1
2013-08-13,169.69
2013-08-14,168.74
2013-08-15,166.27
2013-08-16,165.87
2013-08-19,164.76
2013-08-20,165.59
2013-08-21,164.56
2013-08-22,166.06
2013-08-23,166.67
2013-08-26,165.97
2013-08-27,163.29
2013-08-28,163.91
2013-08-29,164.22
2013-08-30,163.65
2013-09-03,164.38
2013-09-04,165.76
2013-09-05,165.86
2013-09-06,166.04
2013-09-09,167.67
2013-09-10,168.84
2013-09-11,169.37
2013-09-12,169.04
2013-09-13,169.33
2013-09-16,170.38
2013-09-17,171.07
2013-09-18,173.14
2013-09-19,172.81
2013-09-20,170.62
2013-09-23,169.94
2013-09-24,169.57
2013-09-25,169.11
2013-09-26,169.69
2013-09-27,168.95
2013-09-30,168.1
2013-10-01,169.4
2013-10-02,169.11
2013-10-03,167.62
2013-10-04,168.89
2013-10-07,167.42
2013-10-08,165.48
2013-10-09,165.57
2013-10-10,169.24
2013-10-11,170.3
2013-10-14,171.04
2013-10-15,169.72
2013-10-16,172.05
2013-10-17,173.27
2013-10-18,174.36
2013-10-21,174.45
2013-10-22,175.35
2013-10-23,174.62
2013-10-24,175.24
2013-10-25,175.93
2013-10-28,176.24
2013-10-29,177.22
2013-10-30,176.33
2013-10-31,175.73
2013-11-01,176.14
2013-11-04,176.86
2013-11-05,176.28
2013-11-06,177.18
2013-11-07,174.97
2013-11-08,177.31
2013-11-11,177.29
2013-11-12,176.98
2013-11-13,178.32
2013-11-14,179.32
2013-11-15,180.12
2013-11-18,179.5
2013-11-19,179.03
2013-11-20,178.51
2013-11-21,179.97
2013-11-22,180.81
2013-11-25,180.71
2013-11-26,180.64
2013-11-27,181.12
2013-11-29,180.93
2013-12-02,180.54
2013-12-03,179.85
2013-12-04,179.67
2013-12-05,179.01
2013-12-06,180.95
2013-12-09,181.4
2013-12-10,180.75
2013-12-11,178.72
2013-12-12,178.13
2013-12-13,178.11
2013-12-16,179.22
2013-12-17,178.54
2013-12-18,181.7
2013-12-19,181.5
2013-12-20,181.58
2013-12-23,182.54
2013-12-24,182.93
2013-12-26,183.84
2013-12-27,183.84
2013-12-30,183.82
2013-12-31,184.67
2014-01-02,182.92
2014-01-03,182.88
2014-01-06,182.36
2014-01-07,183.43
2014-01-08,183.52
2014-01-09,183.64
2014-01-10,184.14
2014-01-13,181.66
2014-01-14,183.72
2014-01-15,184.69
2014-01-16,184.39
2014-01-17,183.65
2014-01-21,184.18
2014-01-22,184.3
2014-01-23,182.79
2014-01-24,178.83
2014-01-27,178.01
2014-01-28,179.1
2014-01-29,177.28
2014-01-30,179.23
2014-01-31,178.18
2014-02-03,174.15
2014-02-04,175.36
2014-02-05,175.17
2014-02-06,177.48
2014-02-07,179.74
2014-02-10,180.01
2014-02-11,181.98
2014-02-12,182.16
2014-02-13,183.0
2014-02-14,184.01
2014-02-18,184.26
2014-02-19,183.05
2014-02-20,184.1
2014-02-21,183.96
2014-02-24,184.91
2014-02-25,184.84
2014-02-26,184.85
2014-02-27,185.87
2014-02-28,186.3
2014-03-03,184.98
2014-03-04,187.58
2014-03-05,187.61
2014-03-06,188.21
2014-03-07,188.26
2014-03-10,188.21
2014-03-11,187.23
2014-03-12,187.28
2014-03-13,185.18
2014-03-14,184.66
2014-03-17,186.33
2014-03-18,187.66
2014-03-19,186.66
2014-03-20,187.75
2014-03-21,186.19
2014-03-24,185.4
2014-03-25,186.31
2014-03-26,184.97
2014-03-27,184.58
2014-03-28,185.5
2014-03-31,187.04
2014-04-01,188.27
2014-04-02,188.86
2014-04-03,188.6
2014-04-04,186.38
2014-04-07,184.34
2014-04-08,185.13
2014-04-09,187.15
2014-04-10,183.17
2014-04-11,181.48
2014-04-14,182.94
2014-04-15,184.24
2014-04-16,186.14
2014-04-17,186.39
2014-04-21,187.04
2014-04-22,187.89
2014-04-23,187.44
2014-04-24,187.81
2014-04-25,186.29
2014-04-28,186.88
2014-04-29,187.7
2014-04-30,188.43
2014-05-01,188.29
2014-05-02,188.06
2014-05-05,188.44
2014-05-06,186.81
2014-05-07,187.89
2014-05-08,187.7
2014-05-09,188.0
2014-05-12,189.81
2014-05-13,189.96
2014-05-14,189.04
2014-05-15,187.4
2014-05-16,188.11
2014-05-19,188.7
2014-05-20,187.55
2014-05-21,189.13
2014-05-22,189.6
2014-05-23,190.38
2014-05-27,191.57
2014-05-28,191.38
2014-05-29,192.4
2014-05-30,192.63
2014-06-02,192.91
2014-06-03,192.81
2014-06-04,193.19
2014-06-05,194.46
2014-06-06,195.41
2014-06-09,195.57
2014-06-10,195.59
2014-06-11,194.92
2014-06-12,193.54
2014-06-13,194.16
2014-06-16,194.29
2014-06-17,194.83
2014-06-18,196.26
2014-06-19,196.48
2014-06-20,195.94
2014-06-23,195.88
2014-06-24,194.71
2014-06-25,195.58
2014-06-26,195.45
2014-06-27,195.79
2014-06-30,195.72
2014-07-01,197.06
2014-07-02,197.22
2014-07-03,198.25
2014-07-07,197.51
2014-07-08,196.28
2014-07-09,197.12
2014-07-10,196.35
2014-07-11,196.6
2014-07-14,197.6
2014-07-15,197.23
2014-07-16,197.96
2014-07-17,195.71
2014-07-18,197.74
2014-07-21,197.34
2014-07-22,198.2
2014-07-23,198.64
2014-07-24,198.65
2014-07-25,197.74
2014-07-28,197.8
2014-07-29,196.93
2014-07-30,196.98
2014-07-31,193.09
2014-08-01,192.48
2014-08-04,193.88
2014-08-05,192.01
2014-08-06,192.07
2014-08-07,190.99
2014-08-08,193.24
2014-08-11,193.8
2014-08-12,193.54
2014-08-13,194.89
2014-08-14,195.76
2014-08-15,195.71
2014-08-18,197.32
2014-08-19,198.39
2014-08-20,198.92
2014-08-21,199.5
2014-08-22,199.19
2014-08-25,200.2
2014-08-26,200.33
2014-08-27,200.25
2014-08-28,200.14
2014-08-29,200.71
2014-09-02,200.61
2014-09-03,200.5
2014-09-04,200.22
2014-09-05,201.11
2014-09-08,200.59
2014-09-09,199.32
2014-09-10,200.07
2014-09-11,200.3
2014-09-12,199.12
2014-09-15,199.02
2014-09-16,200.52
2014-09-17,200.75
2014-09-18,201.82
2014-09-19,200.7
2014-09-22,199.15
2014-09-23,198.01
2014-09-24,199.57
2014-09-25,196.33
2014-09-26,197.9
2014-09-29,197.49
2014-09-30,197.02
2014-10-01,194.37
2014-10-02,194.42
2014-10-03,196.52
2014-10-06,196.3
2014-10-07,193.3
2014-10-08,196.61
2014-10-09,192.7
2014-10-10,190.54
2014-10-13,187.45
2014-10-14,187.83
2014-10-15,186.43
2014-10-16,186.27
2014-10-17,188.47
2014-10-20,190.3
2014-10-21,194.07
2014-10-22,192.69
2014-10-23,194.93
2014-10-24,196.43
2014-10-27,196.16
2014-10-28,198.41
2014-10-29,198.11
2014-10-30,199.38
2014-10-31,201.66
2014-11-03,201.77
2014-11-04,201.07
2014-11-05,202.34
2014-11-06,203.15
2014-11-07,203.34
2014-11-10,203.98
2014-11-11,204.16
2014-11-12,203.96
2014-11-13,204.19
2014-11-14,204.24
2014-11-17,204.37
2014-11-18,205.55
2014-11-19,205.22
2014-11-20,205.58
2014-11-21,206.72
2014-11-24,207.26
2014-11-25,207.25
2014-11-26,207.64
2014-11-28,207.2
2014-12-01,205.8
2014-12-02,207.09
2014-12-03,207.91
2014-12-04,207.64
2014-12-05,208.0
2014-12-08,206.61
2014-12-09,206.47
2014-12-10,203.16
2014-12-11,204.23
2014-12-12,200.94
2014-12-15,199.51
2014-12-16,197.9
2014-12-17,201.79
2014-12-18,206.84
2014-12-19,206.33
2014-12-22,207.47
2014-12-23,207.75
2014-12-24,207.81
2014-12-26,208.44
2014-12-29,208.72
2014-12-30,207.6
2014-12-31,205.5
2015-01-02,205.43
2015-01-05,201.76
2015-01-06,199.82
2015-01-07,202.31
2015-01-08,205.9
2015-01-09,204.19
2015-01-12,202.65
2015-01-13,202.08
2015-01-14,200.94
2015-01-15,198.97
2015-01-16,201.63
2015-01-20,202.08
2015-01-21,203.06
2015-01-22,206.05
2015-01-23,204.97
2015-01-26,205.44
2015-01-27,202.79
2015-01-28,200.14
2015-01-29,202.01
2015-01-30,199.47
2015-02-02,201.9
2015-02-03,204.84
2015-02-04,204.06
2015-02-05,206.18
2015-02-06,205.53
2015-02-09,204.63
2015-02-10,206.77
2015-02-11,206.93
2015-02-12,208.92
2015-02-13,209.78
2015-02-17,210.16
2015-02-18,210.15
2015-02-19,209.98
2015-02-20,211.28
2015-02-23,211.19
2015-02-24,211.81
2015-02-25,211.61
2015-02-26,211.37
2015-02-27,210.66
2015-03-02,211.99
2015-03-03,211.12
2015-03-04,210.21
2015-03-05,210.51
2015-03-06,207.5
2015-03-09,208.36
2015-03-10,205.0
2015-03-11,204.5
2015-03-12,207.13
2015-03-13,205.84
2015-03-16,208.64
2015-03-17,207.99
2015-03-18,210.42
2015-03-19,209.5
2015-03-20,210.45
2015-03-23,210.0
2015-03-24,208.82
2015-03-25,205.76
2015-03-26,205.27
2015-03-27,205.75
2015-03-30,208.24
2015-03-31,206.43
2015-04-01,205.7
2015-04-02,206.4
2015-04-06,207.84
2015-04-07,207.28
2015-04-08,208.02
2015-04-09,208.92
2015-04-10,210.06
2015-04-13,209.06
2015-04-14,209.49
2015-04-15,210.47
2015-04-16,210.4
2015-04-17,207.98
2015-04-20,209.85
2015-04-21,209.6
2015-04-22,210.66
2015-04-23,211.21
2015-04-24,211.67
2015-04-27,210.74
2015-04-28,211.44
2015-04-29,210.53
2015-04-30,208.52
2015-05-01,210.72
2015-05-04,211.39
2015-05-05,208.92
2015-05-06,208.04
2015-05-07,208.87
2015-05-08,211.65
2015-05-11,210.6
2015-05-12,209.98
2015-05-13,210.06
2015-05-14,212.25
2015-05-15,212.44
2015-05-18,213.1
2015-05-19,213.03
2015-05-20,212.88
2015-05-21,213.5
2015-05-22,213.0
2015-05-26,210.71
2015-05-27,212.67
2015-05-28,212.5
2015-05-29,211.13
2015-06-01,211.54
2015-06-02,211.39
2015-06-03,211.92
2015-06-04,210.27
2015-06-05,209.76
2015-06-08,208.48
2015-06-09,208.47
2015-06-10,210.95
2015-06-11,211.63
2015-06-12,210.01
2015-06-15,209.11
2015-06-16,210.25
2015-06-17,210.59
2015-06-18,212.78
2015-06-19,210.81
2015-06-22,211.89
2015-06-23,212.04
2015-06-24,210.5
2015-06-25,209.86
2015-06-26,209.82
2015-06-29,205.42
2015-06-30,205.85
2015-07-01,207.5
2015-07-02,207.31
2015-07-06,206.72
2015-07-07,208.02
2015-07-08,204.53
2015-07-09,204.9
2015-07-10,207.48
2015-07-13,209.77
2015-07-14,210.68
2015-07-15,210.61
2015-07-16,212.3
2015-07-17,212.48
2015-07-20,212.59
2015-07-21,211.75
2015-07-22,211.37
2015-07-23,210.18
2015-07-24,208.0
2015-07-27,206.79
2015-07-28,209.33
2015-07-29,210.77
2015-07-30,210.82
2015-07-31,210.5
2015-08-03,209.79
2015-08-04,209.38
2015-08-05,210.07
2015-08-06,208.35
2015-08-07,207.95
2015-08-10,210.57
2015-08-11,208.67
2015-08-12,208.92
2015-08-13,208.66
2015-08-14,209.42
2015-08-17,210.59
2015-08-18,209.98
2015-08-19,208.32
2015-08-20,203.97
2015-08-21,197.83
2015-08-24,189.5
2015-08-25,187.27
2015-08-26,194.46
2015-08-27,199.27
2015-08-28,199.28
2015-08-31,197.67
2015-09-01,191.77
2015-09-02,195.41
2015-09-03,195.55
2015-09-04,192.59
2015-09-08,197.43
2015-09-09,194.79
2015-09-10,195.85
2015-09-11,196.74
2015-09-14,196.01
2015-09-15,198.46
2015-09-16,200.18
2015-09-17,199.73
2015-09-18,195.45
2015-09-21,196.46
2015-09-22,193.91
2015-09-23,193.6
2015-09-24,192.9
2015-09-25,192.85
2015-09-28,188.01
2015-09-29,188.12
2015-09-30,191.63
2015-10-01,192.13
2015-10-02,195.0
2015-10-05,198.47
2015-10-06,197.79
2015-10-07,199.41
2015-10-08,201.21
2015-10-09,201.33
2015-10-12,201.52
2015-10-13,200.25
2015-10-14,199.29
2015-10-15,202.35
2015-10-16,203.27
2015-10-19,203.37
2015-10-20,203.11
2015-10-21,201.85
2015-10-22,205.26
2015-10-23,207.51
2015-10-26,207.0
2015-10-27,206.6
2015-10-28,208.95
2015-10-29,208.83
2015-10-30,207.93
2015-11-02,210.39
2015-11-03,211.0
2015-11-04,210.36
2015-11-05,210.15
2015-11-06,210.04
2015-11-09,208.08
2015-11-10,208.56
2015-11-11,207.74
2015-11-12,204.9
2015-11-13,202.53
2015-11-16,205.65
2015-11-17,205.4
2015-11-18,208.68
2015-11-19,208.54
2015-11-20,209.38
2015-11-23,209.09
2015-11-24,209.37
2015-11-25,209.3
2015-11-27,209.53
2015-11-30,208.69
2015-12-01,210.68
2015-12-02,208.54
2015-12-03,205.58
2015-12-04,209.66
2015-12-07,208.27
2015-12-08,206.99
2015-12-09,205.33
2015-12-10,205.86
2015-12-11,201.88
2015-12-14,203.0
2015-12-15,205.06
2015-12-16,208.02
2015-12-17,204.86
2015-12-18,200.02
2015-12-21,201.7
2015-12-22,203.56
2015-12-23,206.05
2015-12-24,205.65
2015-12-28,205.22
2015-12-29,207.4
2015-12-30,205.93
2015-12-31,203.89
2016-01-04,201.01
2016-01-05,201.35
2016-01-06,198.85
2016-01-07,193.99
2016-01-08,191.95
2016-01-11,192.11
2016-01-12,193.66
2016-01-13,188.87
2016-01-14,191.89
2016-01-15,187.83
2016-01-19,188.06
2016-01-20,185.81
2016-01-21,186.7
2016-01-22,190.55
2016-01-25,187.63
2016-01-26,190.24
2016-01-27,188.14
2016-01-28,189.17
2016-01-29,193.87
2016-02-01,193.65
2016-02-02,190.11
2016-02-03,191.23
2016-02-04,191.53
2016-02-05,187.98
2016-02-08,185.35
2016-02-09,185.35
2016-02-10,185.31
2016-02-11,183.03
2016-02-12,186.65
2016-02-16,189.81
2016-02-17,192.87
2016-02-18,192.05
2016-02-19,192.0
2016-02-22,194.83
2016-02-23,192.33
2016-02-24,193.23
2016-02-25,195.55
2016-02-26,195.1
2016-02-29,193.56
2016-03-01,198.21
2016-03-02,199.03
2016-03-03,199.77
2016-03-04,200.36
2016-03-07,200.63
2016-03-08,198.36
2016-03-09,199.41
2016-03-10,199.54
2016-03-11,202.76
2016-03-14,202.53
2016-03-15,202.2
2016-03-16,203.39
2016-03-17,204.79
2016-03-18,204.52
2016-03-21,204.69
2016-03-22,204.62
2016-03-23,203.22
2016-03-24,203.11
2016-03-28,203.27
2016-03-29,205.23
2016-03-30,206.1
2016-03-31,205.56
2016-04-01,206.91
2016-04-04,206.29
2016-04-05,204.14
2016-04-06,206.46
2016-04-07,203.89
2016-04-08,204.48
2016-04-11,203.99
2016-04-12,205.99
2016-04-13,208.04
2016-04-14,208.02
2016-04-15,207.8
2016-04-18,209.25
2016-04-19,209.91
2016-04-20,210.07
2016-04-21,208.9
2016-04-22,208.96
2016-04-25,208.59
2016-04-26,209.0
2016-04-27,209.38
2016-04-28,207.42
2016-04-29,206.3
2016-05-02,208.03
2016-05-03,206.13
2016-05-04,204.96
2016-05-05,204.95
2016-05-06,205.7
2016-05-09,205.89
2016-05-10,208.46
2016-05-11,206.5
2016-05-12,206.55
2016-05-13,204.72
2016-05-16,206.81
2016-05-17,204.82
2016-05-18,204.91
2016-05-19,204.24
2016-05-20,205.49
2016-05-23,205.16
2016-05-24,207.87
2016-05-25,209.26
2016-05-26,209.34
2016-05-27,210.21
2016-05-31,210.08
2016-06-01,210.3
2016-06-02,210.92
2016-06-03,210.28
2016-06-06,211.39
2016-06-07,211.7
2016-06-08,212.39
2016-06-09,212.04
2016-06-10,210.03
2016-06-13,208.42
2016-06-14,208.09
2016-06-15,207.78
2016-06-16,208.35
2016-06-17,206.53
2016-06-20,207.91
2016-06-21,208.41
2016-06-22,208.03
2016-06-23,210.87
2016-06-24,203.13
2016-06-27,199.53
2016-06-28,203.22
2016-06-29,206.71
2016-06-30,209.53
2016-07-01,209.79
2016-07-05,208.39
2016-07-06,209.77
2016-07-07,209.54
2016-07-08,212.7
2016-07-11,213.45
2016-07-12,215.0
2016-07-13,214.93
2016-07-14,216.11
2016-07-15,215.84
2016-07-18,216.41
2016-07-19,216.18
2016-07-20,217.13
2016-07-21,216.22
2016-07-22,217.25
2016-07-25,216.64
2016-07-26,216.75
2016-07-27,216.51
2016-07-28,216.8
2016-07-29,217.15
2016-08-01,216.93
2016-08-02,215.52
2016-08-03,216.23
2016-08-04,216.43
2016-08-05,218.14
2016-08-08,218.05
2016-08-09,218.22
2016-08-10,217.63
2016-08-11,218.68
2016-08-12,218.41
2016-08-15,219.09
2016-08-16,217.96
2016-08-17,218.38
2016-08-18,218.9
2016-08-19,218.56
2016-08-22,218.51
2016-08-23,218.93
2016-08-24,217.88
2016-08-25,217.66
2016-08-26,217.28
2016-08-29,218.34
2016-08-30,217.98
2016-08-31,217.44
2016-09-01,217.37
2016-09-02,218.36
2016-09-06,219.09
2016-09-07,219.01
2016-09-08,218.51
2016-09-09,213.32
2016-09-12,216.4
2016-09-13,213.24
2016-09-14,213.15
2016-09-15,215.28
2016-09-16,213.37
2016-09-19,213.41
2016-09-20,213.42
2016-09-21,215.82
2016-09-22,217.18
2016-09-23,215.99
2016-09-26,214.24
2016-09-27,215.57
2016-09-28,216.64
2016-09-29,214.68
2016-09-30,216.3
2016-10-03,215.78
2016-10-04,214.68
2016-10-05,215.63
2016-10-06,215.78
2016-10-07,215.04
2016-10-10,216.16
2016-10-11,213.43
2016-10-12,213.71
2016-10-13,213.01
2016-10-14,213.12
2016-10-17,212.38
2016-10-18,213.71
2016-10-19,214.28
2016-10-20,213.88
2016-10-21,213.98
2016-10-24,214.89
2016-10-25,214.17
2016-10-26,213.74
2016-10-27,213.17
2016-10-28,212.54
2016-10-31,212.55
2016-11-01,211.01
2016-11-02,209.74
2016-11-03,208.78
2016-11-04,208.55
2016-11-07,213.15
2016-11-08,214.11
2016-11-09,216.44
2016-11-10,216.92
2016-11-11,216.42
2016-11-14,216.59
2016-11-15,218.28
2016-11-16,217.87
2016-11-17,218.99
2016-11-18,218.5
2016-11-21,220.15
2016-11-22,220.58
2016-11-23,220.7
2016-11-25,221.52
2016-11-28,220.48
2016-11-29,220.91
2016-11-30,220.38
2016-12-01,219.57
2016-12-02,219.68
2016-12-05,221.0
2016-12-06,221.7
2016-12-07,224.6
2016-12-08,225.15
2016-12-09,226.51
2016-12-12,226.25
2016-12-13,227.76
2016-12-14,225.88
2016-12-15,226.81
2016-12-16,225.04
2016-12-19,225.53
2016-12-20,226.4
2016-12-21,225.77
2016-12-22,225.38
2016-12-23,225.71
2016-12-27,226.27
2016-12-28,224.4
2016-12-29,224.35
2016-12-30,223.53
2017-01-03,225.24
2017-01-04,226.58
2017-01-05,226.4
2017-01-06,227.21
2017-01-09,226.46
2017-01-10,226.46
2017-01-11,227.1
2017-01-12,226.53
2017-01-13,227.05
2017-01-17,226.25
2017-01-18,226.75
2017-01-19,225.91
2017-01-20,226.74
2017-01-23,226.15
2017-01-24,227.6
2017-01-25,229.57
2017-01-26,229.33
2017-01-27,228.97
2017-01-30,227.55
2017-01-31,227.53
2017-02-01,227.62
2017-02-02,227.77
2017-02-03,229.34
2017-02-06,228.93
2017-02-07,228.94
2017-02-08,229.24
2017-02-09,230.6
2017-02-10,231.51
2017-02-13,232.77
2017-02-14,233.7
2017-02-15,234.92
2017-02-16,234.72
2017-02-17,235.09
2017-02-21,236.49
2017-02-22,236.28
2017-02-23,236.44
2017-02-24,236.74
2017-02-27,237.11
2017-02-28,236.47
2017-03-01,239.78
2017-03-02,238.27
2017-03-03,238.42
2017-03-06,237.71
2017-03-07,237.0
2017-03-08,236.56
2017-03-09,236.86
2017-03-10,237.69
2017-03-13,237.81
2017-03-14,236.9
2017-03-15,238.95
2017-03-16,238.48
2017-03-17,237.03
2017-03-20,236.77
2017-03-21,233.73
2017-03-22,234.28
2017-03-23,234.03
2017-03-24,233.86
2017-03-27,233.62
2017-03-28,235.32
2017-03-29,235.54
2017-03-30,236.29
2017-03-31,235.74
2017-04-03,235.33
2017-04-04,235.48
2017-04-05,234.78
2017-04-06,235.44
2017-04-07,235.2
2017-04-10,235.34
2017-04-11,235.06
2017-04-12,234.03
2017-04-13,232.51
2017-04-17,234.57
2017-04-18,233.87
2017-04-19,233.44
2017-04-20,235.34
2017-04-21,234.59
2017-04-24,237.17
2017-04-25,238.55
2017-04-26,238.4
2017-04-27,238.6
2017-04-28,238.08
2017-05-01,238.68
2017-05-02,238.77
2017-05-03,238.48
2017-05-04,238.76
2017-05-05,239.7
2017-05-08,239.66
2017-05-09,239.44
2017-05-10,239.87
2017-05-11,239.38
2017-05-12,238.98
2017-05-15,240.3
2017-05-16,240.08
2017-05-17,235.82
2017-05-18,236.77
2017-05-19,238.31
2017-05-22,239.52
2017-05-23,240.05
2017-05-24,240.61
2017-05-25,241.76
2017-05-26,241.71
2017-05-30,241.5
2017-05-31,241.44
2017-06-01,243.36
2017-06-02,244.17
2017-06-05,243.99
2017-06-06,243.21
2017-06-07,243.66
2017-06-08,243.78
2017-06-09,243.41
2017-06-12,243.36
2017-06-13,244.55
2017-06-14,244.24
2017-06-15,243.77
2017-06-16,242.64
2017-06-19,244.66
2017-06-20,243.01
2017-06-21,242.95
2017-06-22,242.84
2017-06-23,243.13
2017-06-26,243.29
2017-06-27,241.33
2017-06-28,243.49
2017-06-29,241.35
2017-06-30,241.8
2017-07-03,242.21
2017-07-05,242.77
2017-07-06,240.55
2017-07-07,242.11
2017-07-10,242.37
2017-07-11,242.19
2017-07-12,244.01
2017-07-13,244.42
2017-07-14,245.56
2017-07-17,245.53
2017-07-18,245.66
2017-07-19,246.99
2017-07-20,247.1
2017-07-21,246.88
2017-07-24,246.82
2017-07-25,247.42
2017-07-26,247.43
2017-07-27,247.2
2017-07-28,246.91
2017-07-31,246.77
2017-08-01,247.32
2017-08-02,247.44
2017-08-03,246.96
2017-08-04,247.41
2017-08-07,247.87
2017-08-08,247.26
2017-08-09,247.25
2017-08-10,243.76
2017-08-11,244.12
2017-08-14,246.54
2017-08-15,246.51
2017-08-16,246.94
2017-08-17,243.09
2017-08-18,242.71
2017-08-21,242.9
2017-08-22,245.44
2017-08-23,244.56
2017-08-24,243.99
2017-08-25,244.56
2017-08-28,244.57
2017-08-29,244.85
2017-08-30,246.01
2017-08-31,247.49
2017-09-01,247.84
2017-09-05,246.06
2017-09-06,246.9
2017-09-07,246.87
2017-09-08,246.58
2017-09-11,249.21
2017-09-12,250.05
2017-09-13,250.17
2017-09-14,250.09
2017-09-15,249.19
2017-09-18,249.72
2017-09-19,249.97
2017-09-20,250.06
2017-09-21,249.39
2017-09-22,249.44
2017-09-25,248.93
2017-09-26,249.08
2017-09-27,250.05
2017-09-28,250.35
2017-09-29,251.23
2017-10-02,252.32
2017-10-03,252.86
2017-10-04,253.16
2017-10-05,254.66
2017-10-06,254.37
2017-10-09,253.95
2017-10-10,254.62
2017-10-11,255.02
2017-10-12,254.64
2017-10-13,254.95
2017-10-16,255.29
2017-10-17,255.47
2017-10-18,255.72
2017-10-19,255.79
2017-10-20,257.11
2017-10-23,256.11
2017-10-24,256.56
2017-10-25,255.29
2017-10-26,255.62
2017-10-27,257.71
2017-10-30,256.75
2017-10-31,257.15
2017-11-01,257.49
2017-11-02,257.59
2017-11-03,258.45
2017-11-06,258.85
2017-11-07,258.67
2017-11-08,259.11
2017-11-09,258.17
2017-11-10,258.09
2017-11-13,258.33
2017-11-14,257.73
2017-11-15,256.44
2017-11-16,258.62
2017-11-17,257.86
2017-11-20,258.3
2017-11-21,259.99
2017-11-22,259.76
2017-11-24,260.36
2017-11-27,260.23
2017-11-28,262.87
2017-11-29,262.71
2017-11-30,265.01
2017-12-01,264.46
2017-12-04,264.14
2017-12-05,263.19
2017-12-06,263.24
2017-12-07,264.07
2017-12-08,265.51
2017-12-11,266.31
2017-12-12,266.78
2017-12-13,266.75
2017-12-14,265.66
2017-12-15,266.51
2017-12-18,268.2
2017-12-19,267.17
2017-12-20,267.03
2017-12-21,267.58
2017-12-22,267.51
2017-12-26,267.19
2017-12-27,267.32
2017-12-28,267.87
2017-12-29,266.86
2018-01-02,268.77
2018-01-03,270.47
2018-01-04,271.61
2018-01-05,273.42
2018-01-08,273.92
2018-01-09,274.54
2018-01-10,274.12
2018-01-11,276.12
2018-01-12,277.92
2018-01-16,276.97
2018-01-17,279.61
2018-01-18,279.14
2018-01-19,280.41
2018-01-22,282.69
2018-01-23,283.29
2018-01-24,283.18
2018-01-25,283.3
2018-01-26,286.58
2018-01-29,284.68
2018-01-30,281.76
2018-01-31,281.9
2018-02-01,281.58
2018-02-02,275.45
2018-02-05,263.93
2018-02-06,269.13
2018-02-07,267.67
2018-02-08,257.63
2018-02-09,261.5
2018-02-12,265.34
2018-02-13,266.0
2018-02-14,269.59
2018-02-15,273.03
2018-02-16,273.11
2018-02-20,271.4
2018-02-21,270.05
2018-02-22,270.4
2018-02-23,274.71
2018-02-26,277.9
2018-02-27,274.43
2018-02-28,271.65
2018-03-01,267.7
2018-03-02,269.08
2018-03-05,272.19
2018-03-06,272.88
2018-03-07,272.78
2018-03-08,274.1
2018-03-09,278.87
2018-03-12,278.52
2018-03-13,276.72
2018-03-14,275.3
2018-03-15,275.0
2018-03-16,274.2
2018-03-19,270.49
2018-03-20,270.95
2018-03-21,270.43
2018-03-22,263.67
2018-03-23,258.05
2018-03-26,265.11
2018-03-27,260.6
2018-03-28,259.83
2018-03-29,263.15
2018-04-02,257.47
2018-04-03,260.77
2018-04-04,263.56
2018-04-05,265.64
2018-04-06,259.72
2018-04-09,261.0
2018-04-10,265.15
2018-04-11,263.76
2018-04-12,265.93
2018-04-13,265.15
2018-04-16,267.33
2018-04-17,270.19
2018-04-18,270.39
2018-04-19,268.89
2018-04-20,266.61
2018-04-23,266.57
2018-04-24,262.98
2018-04-25,263.63
2018-04-26,266.31
2018-04-27,266.56
2018-04-30,264.51
2018-05-01,264.98
2018-05-02,263.2
2018-05-03,262.62
2018-05-04,266.02
2018-05-07,266.92
2018-05-08,266.92
2018-05-09,269.5
2018-05-10,272.02
2018-05-11,272.85
2018-05-14,272.98
2018-05-15,271.1
2018-05-16,272.24
2018-05-17,272.01
2018-05-18,271.33
2018-05-21,273.37
2018-05-22,272.61
2018-05-23,273.36
2018-05-24,272.8
2018-05-25,272.15
2018-05-29,269.02
2018-05-30,272.61
2018-05-31,270.94
2018-06-01,273.6
2018-06-04,274.9
2018-06-05,275.1
2018-06-06,277.4
2018-06-07,277.37
2018-06-08,278.19
2018-06-11,278.56
2018-06-12,278.92
2018-06-13,278.03
2018-06-14,278.73
2018-06-15,277.13
2018-06-18,276.56
2018-06-19,275.5
2018-06-20,275.97
2018-06-21,274.24
2018-06-22,274.74
2018-06-25,271.0
2018-06-26,271.6
2018-06-27,269.35
2018-06-28,270.89
2018-06-29,271.28
2018-07-02,271.86
2018-07-03,270.9
2018-07-05,273.11
2018-07-06,275.42
2018-07-09,277.9
2018-07-10,278.9
2018-07-11,276.86
2018-07-12,279.37
2018-07-13,279.59
2018-07-16,279.34
2018-07-17,280.47
2018-07-18,281.06
2018-07-19,280.0
2018-07-20,279.68
2018-07-23,280.2
2018-07-24,281.61
2018-07-25,284.01
2018-07-26,283.34
2018-07-27,281.42
2018-07-30,279.95
2018-07-31,281.33
2018-08-01,280.86
2018-08-02,282.39
2018-08-03,283.6
2018-08-06,284.64
2018-08-07,285.58
2018-08-08,285.46
2018-08-09,285.07
2018-08-10,283.16
2018-08-13,282.1
2018-08-14,283.9
2018-08-15,281.78
2018-08-16,284.06
2018-08-17,285.06
2018-08-20,285.67
2018-08-21,286.34
2018-08-22,286.17
2018-08-23,285.79
2018-08-24,287.51
2018-08-27,289.78
2018-08-28,289.92
2018-08-29,291.48
2018-08-30,290.3
2018-08-31,290.31
2018-09-04,289.81
2018-09-05,289.03
2018-09-06,288.16
2018-09-07,287.6
2018-09-10,288.1
2018-09-11,289.05
2018-09-12,289.12
2018-09-13,290.83
2018-09-14,290.88
2018-09-17,289.34
2018-09-18,290.91
2018-09-19,291.22
2018-09-20,293.58
2018-09-21,291.99
2018-09-24,291.02
2018-09-25,290.75
2018-09-26,289.88
2018-09-27,290.69
2018-09-28,290.72
2018-10-01,291.73
2018-10-02,291.56
2018-10-03,291.72
2018-10-04,289.44
2018-10-05,287.82
2018-10-08,287.82
2018-10-09,287.4
2018-10-10,278.3
2018-10-11,272.17
2018-10-12,275.95
2018-10-15,274.4
2018-10-16,280.4
2018-10-17,280.45
2018-10-18,276.4
2018-10-19,276.25
2018-10-22,275.01
2018-10-23,273.61
2018-10-24,265.32
2018-10-25,270.08
2018-10-26,265.33
2018-10-29,263.86
2018-10-30,267.77
2018-10-31,270.63
2018-11-01,273.51
2018-11-02,271.89
2018-11-05,273.39
2018-11-06,275.12
2018-11-07,281.01
2018-11-08,280.5
2018-11-09,277.76
2018-11-12,272.57
2018-11-13,272.06
2018-11-14,270.2
2018-11-15,273.02
2018-11-16,273.73
2018-11-19,269.1
2018-11-20,264.12
2018-11-21,265.02
2018-11-23,263.25
2018-11-26,267.5
2018-11-27,268.4
2018-11-28,274.58
2018-11-29,273.98
2018-11-30,275.65
2018-12-03,279.3
2018-12-04,270.25
2018-12-06,269.84
2018-12-07,263.57
2018-12-10,264.07
2018-12-11,264.13
2018-12-12,265.46
2018-12-13,265.37
2018-12-14,260.47
2018-12-17,255.36
2018-12-18,255.08
2018-12-19,251.26
2018-12-20,247.17
2018-12-21,240.7
2018-12-24,234.34
2018-12-26,246.18
2018-12-27,248.07
2018-12-28,247.75
2018-12-31,249.92
2019-01-02,250.18
2019-01-03,244.21
2019-01-04,252.39
2019-01-07,254.38
2019-01-08,256.77
2019-01-09,257.97
2019-01-10,258.88
2019-01-11,258.98
2019-01-14,257.4
2019-01-15,260.35
2019-01-16,260.98
2019-01-17,262.96
2019-01-18,266.46
2019-01-22,262.86
2019-01-23,263.41
2019-01-24,263.55
2019-01-25,265.78
2019-01-28,263.76
2019-01-29,263.41
2019-01-30,267.58
2019-01-31,269.93
2019-02-01,270.06
2019-02-04,271.96
2019-02-05,273.1
2019-02-06,272.74
2019-02-07,270.14
2019-02-08,270.47
2019-02-11,270.62
2019-02-12,274.1
2019-02-13,274.99
2019-02-14,274.38
2019-02-15,277.37
2019-02-19,277.85
2019-02-20,278.41
2019-02-21,277.42
2019-02-22,279.14
2019-02-25,279.52
2019-02-26,279.32
2019-02-27,279.2
2019-02-28,278.68
2019-03-01,280.42
2019-03-04,279.4
2019-03-05,279.02
2019-03-06,277.33
2019-03-07,275.01
2019-03-08,274.46
2019-03-11,278.44
2019-03-12,279.49
2019-03-13,281.34
2019-03-14,281.16
2019-03-15,281.31
2019-03-18,282.33
2019-03-19,282.4
2019-03-20,281.55
2019-03-21,284.73
2019-03-22,279.25
2019-03-25,279.04
2019-03-26,281.12
2019-03-27,279.65
2019-03-28,280.71
2019-03-29,282.48
2019-04-01,285.83
2019-04-02,285.97
2019-04-03,286.42
2019-04-04,287.18
2019-04-05,288.57
2019-04-08,288.79
2019-04-09,287.31
2019-04-10,288.29
2019-04-11,288.21
2019-04-12,290.16
2019-04-15,289.97
2019-04-16,290.16
2019-04-17,289.45
2019-04-18,290.02
2019-04-22,290.27
2019-04-23,292.88
2019-04-24,292.23
2019-04-25,292.05
2019-04-26,293.41
2019-04-29,293.87
2019-04-30,294.02
2019-05-01,291.81
2019-05-02,291.18
2019-05-03,294.03
2019-05-06,292.82
2019-05-07,287.93
2019-05-08,287.53
2019-05-09,286.66
2019-05-10,288.1
2019-05-13,280.86
2019-05-14,283.4
2019-05-15,285.06
2019-05-16,287.7
2019-05-17,285.84
2019-05-20,283.95
2019-05-21,286.51
2019-05-22,285.63
2019-05-23,282.14
2019-05-24,282.78
2019-05-28,280.15
2019-05-29,278.27
2019-05-30,279.03
2019-05-31,275.27
2019-06-03,274.57
2019-06-04,280.53
2019-06-05,282.96
2019-06-06,284.8
2019-06-07,287.65
2019-06-10,288.97
2019-06-11,288.9
2019-06-12,288.39
2019-06-13,289.58
2019-06-14,289.26
2019-06-17,289.37
2019-06-18,292.4
2019-06-19,293.06
2019-06-20,295.86
2019-06-21,294.0
2019-06-24,293.64
2019-06-25,290.76
2019-06-26,290.47
2019-06-27,291.5
2019-06-28,293.0
2019-07-01,295.66
2019-07-02,296.43
2019-07-03,298.8
2019-07-05,298.46
2019-07-08,296.82
2019-07-09,297.19
2019-07-10,298.61
2019-07-11,299.31
2019-07-12,300.65
2019-07-15,300.75
2019-07-16,299.71
2019-07-17,297.74
2019-07-18,298.83
2019-07-19,297.17
2019-07-22,297.9
2019-07-23,300.03
2019-07-24,301.44
2019-07-25,300.0
2019-07-26,302.01
2019-07-29,301.46
2019-07-30,300.72
2019-07-31,297.43
2019-08-01,294.84
2019-08-02,292.62
2019-08-05,283.82
2019-08-06,287.8
2019-08-07,287.97
2019-08-08,293.62
2019-08-09,291.62
2019-08-12,288.1
2019-08-13,292.55
2019-08-14,283.9
2019-08-15,284.65
2019-08-16,288.85
2019-08-19,292.33
2019-08-20,290.09
2019-08-21,292.45
2019-08-22,292.36
2019-08-23,284.85
2019-08-26,288.0
2019-08-27,286.87
2019-08-28,288.89
2019-08-29,292.58
2019-08-30,292.45
2019-09-03,290.74
2019-09-04,294.04
2019-09-05,297.82
2019-09-06,298.05
2019-09-09,298.2
2019-09-10,298.13
2019-09-11,300.25
2019-09-12,301.29
2019-09-13,301.09
2019-09-16,300.16
2019-09-17,300.92
2019-09-18,301.1
2019-09-19,301.08
2019-09-20,298.28
2019-09-23,298.21
2019-09-24,295.87
2019-09-25,297.62
2019-09-26,297.0
2019-09-27,295.4
2019-09-30,296.77
2019-10-01,293.24
2019-10-02,288.06
2019-10-03,290.42
2019-10-04,294.35
2019-10-07,293.08
2019-10-08,288.53
2019-10-09,291.27
2019-10-10,293.24
2019-10-11,296.28
2019-10-14,295.95
2019-10-15,298.88
2019-10-16,298.4
2019-10-17,299.28
2019-10-18,297.97
2019-10-21,299.99
2019-10-22,299.01
2019-10-23,299.88
2019-10-24,300.37
2019-10-25,301.6
2019-10-28,303.3
2019-10-29,303.21
2019-10-30,304.14
2019-10-31,303.33
2019-11-01,306.14
2019-11-04,307.37
2019-11-05,307.03
2019-11-06,307.1
2019-11-07,308.18
2019-11-08,308.94
2019-11-11,308.35
2019-11-12,309.0
2019-11-13,309.1
2019-11-14,309.55
2019-11-15,311.79
2019-11-18,312.02
2019-11-19,311.93
2019-11-20,310.77
2019-11-21,310.27
2019-11-22,310.96
2019-11-25,313.37
2019-11-26,314.08
2019-11-27,315.48
2019-11-29,314.31
2019-12-02,311.64
2019-12-03,309.55
2019-12-04,311.46
2019-12-05,312.02
2019-12-06,314.87
2019-12-09,313.88
2019-12-10,313.53
2019-12-11,314.42
2019-12-12,317.13
2019-12-13,317.32
2019-12-16,319.5
2019-12-17,319.57
2019-12-18,319.59
2019-12-19,320.9
2019-12-20,320.73
2019-12-23,321.22
2019-12-24,321.23
2019-12-26,322.94
2019-12-27,322.86
2019-12-30,321.08
2019-12-31,321.86
2020-01-02,324.87
2020-01-03,322.41
2020-01-06,323.64
2020-01-07,322.73
2020-01-08,324.45
2020-01-09,326.65
2020-01-10,325.71
2020-01-13,327.95
2020-01-14,327.45
2020-01-15,328.19
2020-01-16,330.92
2020-01-17,331.95
2020-01-21,331.3
2020-01-22,331.34
2020-01-23,331.72
2020-01-24,328.77
2020-01-27,323.5
2020-01-28,326.89
2020-01-29,326.62
2020-01-30,327.68
2020-01-31,321.73
2020-02-03,324.12
2020-02-04,329.06
2020-02-05,332.86
2020-02-06,333.98
2020-02-07,332.2
2020-02-10,334.68
2020-02-11,335.26
2020-02-12,337.42
2020-02-13,337.06
2020-02-14,337.6
2020-02-18,336.73
2020-02-19,338.34
2020-02-20,336.95
2020-02-21,333.48
2020-02-24,322.42
2020-02-25,312.65
2020-02-26,311.5
2020-02-27,297.51
2020-02-28,296.26
2020-03-02,309.09
2020-03-03,300.24
2020-03-04,312.86
2020-03-05,302.46
2020-03-06,297.46
2020-03-09,274.23
2020-03-10,288.42
2020-03-11,274.36
2020-03-12,248.11
2020-03-13,269.32
2020-03-16,239.85
2020-03-17,252.8
2020-03-18,240.0
2020-03-19,240.51
2020-03-20,228.8
2020-03-23,222.95
2020-03-24,243.15
2020-03-25,246.79
2020-03-26,261.2
2020-03-27,253.42
2020-03-30,261.65
2020-03-31,257.75
2020-04-01,246.15
2020-04-02,251.83
2020-04-03,248.19
2020-04-06,264.86
2020-04-07,265.13
2020-04-08,274.03
2020-04-09,278.2
2020-04-13,275.66
2020-04-14,283.79
2020-04-15,277.76
2020-04-16,279.1
2020-04-17,286.64
2020-04-20,281.59
2020-04-21,273.04
2020-04-22,279.1
2020-04-23,279.08
2020-04-24,282.97
2020-04-27,287.05
2020-04-28,285.73
2020-04-29,293.21
2020-04-30,290.48
2020-05-01,282.79
2020-05-04,283.57
2020-05-05,286.19
2020-05-06,284.25
2020-05-07,287.68
2020-05-08,292.44
2020-05-11,292.5
2020-05-12,286.67
2020-05-13,281.6
2020-05-14,284.97
2020-05-15,286.28
2020-05-18,295.0
2020-05-19,291.97
2020-05-20,296.93
2020-05-21,294.88
2020-05-22,295.44
2020-05-26,299.08
2020-05-27,303.53
2020-05-28,302.97
2020-05-29,304.32
2020-06-01,305.55
2020-06-02,308.08
2020-06-03,312.18
2020-06-04,311.36
2020-06-05,319.34
2020-06-08,323.2
2020-06-09,320.79
2020-06-10,319.0
2020-06-11,300.61
2020-06-12,304.21
2020-06-15,307.05
2020-06-16,312.96
2020-06-17,311.66
2020-06-18,311.78
2020-06-19,308.64
2020-06-22,310.62
2020-06-23,312.05
2020-06-24,304.09
2020-06-25,307.35
2020-06-26,300.05
2020-06-29,304.46
2020-06-30,308.36
2020-07-01,310.52
2020-07-02,312.23
2020-07-06,317.05
2020-07-07,313.78
2020-07-08,316.18
2020-07-09,314.38
2020-07-10,317.59
2020-07-13,314.84
2020-07-14,318.92
2020-07-15,321.85
2020-07-16,320.79
2020-07-17,321.72
2020-07-20,324.32
2020-07-21,325.01
2020-07-22,326.86
2020-07-23,322.96
2020-07-24,320.88
2020-07-27,323.22
2020-07-28,321.17
2020-07-29,325.12
2020-07-30,323.96
2020-07-31,326.52
2020-08-03,328.79
2020-08-04,330.06
2020-08-05,332.11
2020-08-06,334.33
2020-08-07,334.57
2020-08-10,335.57
2020-08-11,332.8
2020-08-12,337.44
2020-08-13,336.83
2020-08-14,336.84
2020-08-17,337.91
2020-08-18,338.64
2020-08-19,337.23
2020-08-20,338.28
2020-08-21,339.48
2020-08-24,342.92
2020-08-25,344.12
2020-08-26,347.57
2020-08-27,348.33
2020-08-28,350.58
2020-08-31,349.31
2020-09-01,352.6
2020-09-02,357.7
2020-09-03,345.39
2020-09-04,342.57
2020-09-08,333.21
2020-09-09,339.79
2020-09-10,333.89
2020-09-11,334.06
2020-09-14,338.46
2020-09-15,340.17
2020-09-16,338.82
2020-09-17,335.84
2020-09-18,330.65
2020-09-21,326.97
2020-09-22,330.3
2020-09-23,322.64
2020-09-24,323.5
2020-09-25,328.73
2020-09-28,334.19
2020-09-29,332.37
2020-09-30,334.89
2020-10-01,337.04
2020-10-02,333.84
2020-10-05,339.76
2020-10-06,334.93
2020-10-07,340.76
2020-10-08,343.78
2020-10-09,346.85
2020-10-12,352.43
2020-10-13,350.13
2020-10-14,347.93
2020-10-15,347.5
2020-10-16,347.29
2020-10-19,342.01
2020-10-20,343.38
2020-10-21,342.73
2020-10-22,344.61
2020-10-23,345.78
2020-10-26,339.39
2020-10-27,338.22
2020-10-28,326.66
2020-10-29,329.98
2020-10-30,326.54
2020-11-02,330.2
2020-11-03,336.03
2020-11-04,343.54
2020-11-05,350.24
2020-11-06,350.16
2020-11-09,354.56
2020-11-10,354.04
2020-11-11,356.67
2020-11-12,353.21
2020-11-13,358.1
2020-11-16,362.57
2020-11-17,360.62
2020-11-18,356.28
2020-11-19,357.78
2020-11-20,355.33
2020-11-23,357.46
2020-11-24,363.22
2020-11-25,362.66
2020-11-27,363.67
2020-11-30,362.06
2020-12-01,366.02
2020-12-02,366.79
2020-12-03,366.69
2020-12-04,369.85
2020-12-07,369.09
2020-12-08,370.17
2020-12-09,366.85
2020-12-10,366.73
2020-12-11,366.3
2020-12-14,364.66
2020-12-15,369.59
2020-12-16,370.17
2020-12-17,372.24
2020-12-18,369.18
2020-12-21,367.86
2020-12-22,367.24
2020-12-23,367.57
2020-12-24,369.0
2020-12-28,372.17
2020-12-29,371.46
2020-12-30,371.99
2020-12-31,373.88
2021-01-04,368.79
2021-01-05,371.33
2021-01-06,373.55
2021-01-07,379.1
2021-01-08,381.26
2021-01-11,378.69
2021-01-12,378.77
2021-01-13,379.79
2021-01-14,378.46
2021-01-15,375.7
2021-01-19,378.65
2021-01-20,383.89
2021-01-21,384.24
2021-01-22,382.88
2021-01-25,384.39
2021-01-26,383.79
2021-01-27,374.41
2021-01-28,377.63
2021-01-29,370.07
2021-02-01,376.23
2021-02-02,381.55
2021-02-03,381.85
2021-02-04,386.19
2021-02-05,387.71
2021-02-08,390.51
2021-02-09,390.25
2021-02-10,390.08
2021-02-11,390.71
2021-02-12,392.64
2021-02-16,392.3
2021-02-17,392.39
2021-02-18,390.72
2021-02-19,390.03
2021-02-22,387.03
2021-02-23,387.5
2021-02-24,391.77
2021-02-25,382.33
2021-02-26,380.36
2021-03-01,389.58
2021-03-02,386.54
2021-03-03,381.42
2021-03-04,376.7
2021-03-05,383.63
2021-03-08,381.72
2021-03-09,387.17
2021-03-10,389.58
2021-03-11,393.53
2021-03-12,394.06
2021-03-15,396.41
2021-03-16,395.91
2021-03-17,397.26
2021-03-18,391.48
2021-03-19,389.48
2021-03-22,392.59
2021-03-23,389.5
2021-03-24,387.52
2021-03-25,389.7
2021-03-26,395.98
2021-03-29,395.78
2021-03-30,394.73
2021-03-31,396.33
