datetime,rtadf,bsadf,bsadf_gap,bubble_flag,bubble_age,cusum,cusum_sq,chow_f,qlr_f,qlr_loc,bp_nbreaks,bp_since,bp_dmean,rup_ncp,rup_since,rup_lvr,hmm_p_bull,hmm_p_bear,hmm_mu,hmm_sig,hmm_entropy,mom_7,mom_35,vol_35,fwd_ret,dir_up,bubble_ends_h,fold,proba_up,tau,tau_lb,tau_ub
1871-01-01 00:00:00+00:00,,,,,0.0,,,,,,,,,,,,,,,,,,,,0.07522740823201168,1.0,,,,,,
1871-02-01 00:00:00+00:00,,,,,0.0,,,,,,,,,,,,,,,,,,,,0.09594570572339567,1.0,,,,,,
1871-03-01 00:00:00+00:00,,,,,0.0,,,,,,,,,,,,,,,,,,,,0.10386313579232276,1.0,,,,,,
1871-04-01 00:00:00+00:00,,,,,0.0,,,,,,,,,,,,,,,,,,,,0.044271119934164105,1.0,,,,,,
1871-05-01 00:00:00+00:00,,,,,0.0,,,,,,,,,,,,,,,,,,,,-0.0037191662358555533,0.0,,,,,,
1871-06-01 00:00:00+00:00,,,,,0.0,,,,,,,,,,,,,,,,,,,,-0.013438513793347262,0.0,,,,,,
1871-07-01 00:00:00+00:00,,,,,0.0,,,,,,,,,,,,,,,,,,,,0.01425162906770705,1.0,,,,,,
1871-08-01 00:00:00+00:00,,,,,0.0,,,,,,,,,,,,,,,,,0.1227328112328232,,,-0.033401035070590446,0.0,,,,,,
1871-09-01 00:00:00+00:00,,,,,0.0,,,,,,,,,,,,,,,,,0.12606771108443304,,,-0.04548722442509323,0.0,,,,,,
1871-10-01 00:00:00+00:00,,,,,0.0,,,,,,,,,,,,,,,,,0.04805539896424449,,,0.04920925809451315,1.0,,,,,,
1871-11-01 00:00:00+00:00,,,,,0.0,,,,,,,,,,,,,,,,,-0.006076935100256087,,,0.004951150179450359,1.0,,,,,,
1871-12-01 00:00:00+00:00,,,,,0.0,,,,,,,,,,,,,,,,,-0.055548638472926015,,,0.04501655123549053,1.0,,,,,,
1872-01-01 00:00:00+00:00,,,,,0.0,,,,,,,,,,,,,,,,,-0.03788837696528091,,,0.027847140334251286,1.0,,,,,,
1872-02-01 00:00:00+00:00,,,,,0.0,,,,,,,,,,,,,,,,,-0.014965808162903826,,,0.00977838019838817,1.0,,,,,,
1872-03-01 00:00:00+00:00,,,,,0.0,,,,,,,,,,,,,,,,,-0.026048060765331726,,,-0.015436548130852934,0.0,,,,,,
1872-04-01 00:00:00+00:00,,,,,0.0,,,,,,,,,,,,,,,,,-0.007342358605275656,,,-0.03462418896179198,0.0,,,,,,
1872-05-01 00:00:00+00:00,,,,,0.0,,,,,,,,,,,,,,,,,0.061204404000232415,,,-0.010822616458151302,0.0,,,,,,
1872-06-01 00:00:00+00:00,,,,,0.0,,,,,,,,,,,,,,,,,0.0479439087987199,,,0.007524738858129432,1.0,,,,,,
1872-07-01 00:00:00+00:00,,,,,0.0,,,,,,,,,,,,,,,,,0.05826726271191962,,,-0.0033787992093312624,0.0,,,,,,
1872-08-01 00:00:00+00:00,,,,,0.0,,,,,,,,,,,,,,,,,0.014104367930221073,,,0.01580863274293076,1.0,,,,,,
1872-09-01 00:00:00+00:00,,,,,0.0,,,,,,,,,,,,,,,,,-0.015365219064055857,,,-0.03831617613370675,0.0,,,,,,
1872-10-01 00:00:00+00:00,,,,,0.0,,,,,,,,,,,,,,,,,-0.006598478733565116,,,-0.13270569297669876,0.0,,,,,,
1872-11-01 00:00:00+00:00,,,,,0.0,,,,,,,,,,,,,,,,,-0.04539690485496983,,,-0.10419626476017196,0.0,,,,,,
1872-12-01 00:00:00+00:00,,,,,0.0,,,,,,,,,,,,,,,,,-0.00681292100157993,,,-0.07664429264011918,0.0,,,,,,
1873-01-01 00:00:00+00:00,,,,,0.0,,,,,,,,,,,,,,,,,0.0033972771623176357,,,-0.047083456976053206,0.0,,,,,,
1873-02-01 00:00:00+00:00,,,,,0.0,,,,,,,,,,,,,,,,,-0.019439057032222706,,,-0.0034452368013653256,0.0,,,,,,
1873-03-01 00:00:00+00:00,,,,,0.0,,,,,,,,,,,,,,,,,-0.008083573825594215,,,-0.010282648492695223,0.0,,,,,,
1873-04-01 00:00:00+00:00,,,,,0.0,,,,,,,,,,,,,,,,,0.0035206768580255954,,,-0.008868283184621184,0.0,,,,,,
1873-05-01 00:00:00+00:00,,,,,0.0,,,,,,,,,,,,,,,,,0.0011725294475679604,,,-0.051262456907674725,0.0,,,,,,
1873-06-01 00:00:00+00:00,,,,,0.0,,,,,,,,,,,,,,,,,0.050517497477398976,,,-0.047835022801778315,0.0,,,,,,
1873-07-01 00:00:00+00:00,,,,,0.0,,,,,,,,,,,,,,,,,0.009871912267097827,,,-0.05375541766733516,0.0,,,,,,
1873-08-01 00:00:00+00:00,,,,,0.0,,,,,,,,,,,,,,,,,0.002065860338900549,,,-0.04352913910450695,0.0,,,,,,
1873-09-01 00:00:00+00:00,,,,,0.0,,,,,,,,,,,,,,,,,-0.06345977539615077,,,0.05156140288372679,1.0,,,,,,
1873-10-01 00:00:00+00:00,,,,,0.0,,,,,,,,,,,,,,,,,-0.12386762357941095,,,0.13387822242426672,1.0,,,,,,
1873-11-01 00:00:00+00:00,,,,,0.0,,,,,,,,,,,,,,,,,-0.11496898065334982,,,0.1557841176153758,1.0,,,,,,
1873-12-01 00:00:00+00:00,,,,,0.0,,,,,,,,,,,,,,,,,-0.07263459718354781,0.01862420399794651,0.03216060706866421,0.08304311781400919,1.0,,,,,,
1874-01-01 00:00:00+00:00,,,,,0.0,,,,,,,,,,,,,,,,,-0.051210918671865,0.07263502642972153,0.03260494077781526,0.04567623022174594,1.0,,,,,,
1874-02-01 00:00:00+00:00,,,,,0.0,,,,,,,,,,,,,,,,,-0.01950549462425677,0.09281329960573803,0.032916368415010236,0.013876340687030364,1.0,,,,,,
1874-03-01 00:00:00+00:00,,,,,0.0,,,,,,,,,,,,,,,,,-0.0341748550612202,0.013155256138461802,0.03118795405198596,0.04165875034738775,1.0,,,,,,
1874-04-01 00:00:00+00:00,,-4.251684712698326,-4.405281376764862,0.0,0.0,,,,,,,,,,,,,,,,,0.03296856980711116,-0.04721163838226872,0.03012853920895394,0.058776253633063824,1.0,,,,,,
1874-05-01 00:00:00+00:00,,-4.259952209816041,-4.383376785620138,0.0,0.0,,,,,,,,,,,,,,,,,0.082615765516592,-0.073119440923473,0.030227511120855182,0.0628300140119551,1.0,,,,,,
1874-06-01 00:00:00+00:00,,-3.809320941177815,-3.982230184334616,0.0,0.0,,,,,,,,,,,,,,,,,0.10687873943579262,-0.03490059158649128,0.03029453641174149,0.04006124895294594,1.0,,,,,,
1874-07-01 00:00:00+00:00,,-3.509532266072067,-3.4636896967854915,0.0,0.0,,,,,,,,,,,,,,,,,0.03276078723988185,-0.07134781999499484,0.029875528516178633,0.05028233057412734,1.0,,,,,,
1874-08-01 00:00:00+00:00,,-3.5417986791196174,-3.575296112204133,0.0,0.0,,,,,,,,,,,,,,,,,0.005620178210446802,-0.04781250644426471,0.029879256613634716,0.03615514653757579,1.0,,,,,,
1874-09-01 00:00:00+00:00,,-3.491257586853377,-3.7257988872268917,0.0,0.0,,,,,,,,,,,,,,,,,-0.008453135711058657,0.036304764930434885,0.0276137318748286,0.019919135705722013,1.0,,,,,,
1874-10-01 00:00:00+00:00,,-3.5372059478298064,-4.024846396704778,0.0,0.0,,,,,,,,,,,,,,,,,0.020293247337551,0.03952543857626889,0.027652753723305327,-0.010264266457089555,0.0,,,,,,
1874-11-01 00:00:00+00:00,,-3.5191037080603818,-3.879136138808551,0.0,0.0,,,,,,,,,,,,,,,,,0.04968342014664717,0.05802042023730447,0.027777828452012737,-0.0025542798050972593,0.0,,,,,,
1874-12-01 00:00:00+00:00,,-3.450381127583933,-3.877022784212267,0.0,0.0,,,,,,,,,,,,,,,,,0.06167097753813611,0.02643991357994402,0.02750974429233801,0.012676110140986019,1.0,,,,,,
1875-01-01 00:00:00+00:00,,-3.4374776748337417,-3.8381195240659434,0.0,0.0,,,,,,,,,,,,,,,,,0.04230033435165925,0.022365550928071798,0.027503906720233676,0.04185525773661247,1.0,,,,,,
1875-02-01 00:00:00+00:00,,-3.4665629845434798,-3.885994810487302,0.0,0.0,,,,,,,,,,,,,,,,,0.048126263730108754,0.002826504500445637,0.027351927778654053,0.057347485934623244,1.0,,,,,,
1875-03-01 00:00:00+00:00,,-3.3042161827586614,-3.642029215999705,0.0,0.0,,,,,,,,,,,,,,,,,0.051013034390674505,0.010542886551685449,0.02742703203302204,0.04203715104337391,1.0,,,,,,
1875-04-01 00:00:00+00:00,,-3.268989103708363,-3.687147243001811,0.0,0.0,,,,,,,,,,,,,,,,,0.04018342055644819,0.01528378148665066,0.02743720567813442,0.007636105342164967,1.0,,,,,,
1875-05-01 00:00:00+00:00,,-3.373733229544939,-3.7526062893575314,0.0,0.0,,,,,,,,,,,,,,,,,0.011567557104280368,0.003149086881829355,0.02755059379964356,0.020636172848079504,1.0,,,,,,
1875-06-01 00:00:00+00:00,,-3.321895695956276,-3.694627368756783,0.0,0.0,,,,,,,,,,,,,,,,,-0.008844129226637243,-0.009090971701252393,0.027513893202695233,0.044809054303331486,1.0,,,,,,
1875-07-01 00:00:00+00:00,,-3.288109177285426,-3.780207933146247,0.0,0.0,,,,,,,,,,,,,,,,,0.0,0.012335545649722945,0.027318037849844483,0.03043021435400739,1.0,,,,,,
1875-08-01 00:00:00+00:00,,-3.302656705994018,-3.779648310147888,0.0,0.0,,,,,,,,,,,,,,,,,-0.0039009054737233484,0.03382986451840431,0.026961467555001988,-0.017448643334946112,0.0,,,,,,
1875-09-01 00:00:00+00:00,,-3.3225392664554168,-3.707343382290487,0.0,0.0,,,,,,,,,,,,,,,,,-0.002410340692367008,0.007014642541643745,0.026603423563547446,-0.08906360733243535,0.0,,,,,,
1875-10-01 00:00:00+00:00,,-3.3377951264205943,-3.757485218017893,0.0,0.0,,,,,,,,,,,,,,,,,-0.031629769466926305,0.024310021939728976,0.02611709587879299,-0.09670650304725292,0.0,,,,,,
1875-11-01 00:00:00+00:00,,-3.101650272097693,-3.538395929503964,0.0,0.0,,,,,,,,,,,,,,,,,-0.01164711329151391,0.01044958919671668,0.025626151112234073,-0.14977394495921104,0.0,,,,,,
1875-12-01 00:00:00+00:00,,-3.1261852218125403,-3.4688255326897037,0.0,0.0,,,,,,,,,,,,,,,,,0.011517073667167033,0.011268883386678752,0.02563358370567611,-0.18186362142025825,0.0,,,,,,
1876-01-01 00:00:00+00:00,,-2.8644076769901945,-3.186960974544951,0.0,0.0,,,,,,,,,,,,,,,,,0.044094343135325786,0.0544424284662961,0.02596109277273567,-0.23698211155624005,0.0,,,,,,
1876-02-01 00:00:00+00:00,,-2.7660856520558252,-2.9993822491109703,0.0,0.0,,,,,,,,,,,,,,,,,0.055191419090604654,0.07561053856592181,0.02598252853326879,-0.28483801109648965,0.0,,,,,,
1876-03-01 00:00:00+00:00,,-2.760863479158553,-3.024506252975187,0.0,0.0,,,,,,,,,,,,,,,,,0.05689503889647263,0.08720422655685134,0.025846734822086714,-0.2892282956518013,0.0,,,,,,
1876-04-01 00:00:00+00:00,,-3.064334039209262,-3.279626115832534,0.0,0.0,,,,,,,,,,,,,,,,,0.027900390192891145,0.03374250328696693,0.026128516632628822,-0.3625767866932943,0.0,,,,,,
1876-05-01 00:00:00+00:00,,-2.9319978065311454,-3.183267808075649,0.0,0.0,,,,,,,,,,,,,,,,,0.04246799640944943,0.016260520871779427,0.02600052977233856,-0.3789909742756947,0.0,,,,,,
1876-06-01 00:00:00+00:00,,-2.7231035801624537,-3.068609056503588,0.0,0.0,,,,,,,,,,,,,,,,,0.0385192048817915,0.039096881811410356,0.026220870772846478,-0.41877066850326106,0.0,,,,,,
1876-07-01 00:00:00+00:00,,-2.856772386214173,-3.1660638539656194,0.0,0.0,,,,,,,,,,,,,,,,,0.01775410421302137,0.026957127260799574,0.026316200926603594,-0.37305120320986696,0.0,,,,,,
1876-08-01 00:00:00+00:00,,-3.1694978091646253,-3.555712875846561,0.0,0.0,,,,,,,,,,,,,,,,,-0.06320480654528193,0.05469739731716494,0.024156008373214837,-0.21540929993223656,0.0,,,,,,
1876-09-01 00:00:00+00:00,,-3.1536410506455623,-3.270211598944279,0.0,0.0,,,,,,,,,,,,,,,,,-0.1488214339594256,0.05065672818590716,0.024506536917400467,-0.0729121218211688,0.0,,,,,,
1876-10-01 00:00:00+00:00,,-3.2320281687533146,-3.5378833029280345,0.0,0.0,,,,,,,,,,,,,,,,,-0.17037342355755314,0.03179978365264802,0.02485481975683296,-0.027769068022770682,0.0,,,,,,
1876-11-01 00:00:00+00:00,,-2.7967752872787743,-3.328228031813336,0.0,0.0,,,,,,,,,,,,,,,,,-0.16905716359288991,-0.06268006312237517,0.02258966624409343,0.005161548450303144,1.0,,,,,,
1876-12-01 00:00:00+00:00,,-2.4127403472514666,-2.8951946268177498,0.0,0.0,,,,,,,,,,,,,,,,,-0.19098272060117072,-0.12351128105752629,0.021815163499591575,0.02557040043017622,1.0,,,,,,
1877-01-01 00:00:00+00:00,,-1.7886924382084286,-2.136942999239298,0.0,0.0,,,,,,,,,,,,,,,,,-0.23769682272424575,-0.17909444628857862,0.021347388734066955,0.08193069783493101,1.0,,,,,,
1877-02-01 00:00:00+00:00,,-0.0737012501091813,-0.5507176308254083,0.0,0.0,,,,,,,,,,,,,,,,,-0.2600768063598924,-0.19894482403787261,0.0218660292750646,0.10506865441492774,1.0,,,,,,
1877-03-01 00:00:00+00:00,,-0.3207427638471911,-0.9030341081263193,0.0,0.0,,,,,,,,,,,,,,,,,-0.21488461342038256,-0.19315578591032878,0.02183579060650143,0.15138924212577987,1.0,,,,,,
1877-04-01 00:00:00+00:00,,2.006635455126811,1.572345687609758,1.0,1.0,,,,,,,,,,,,,,,,,-0.2456127891679678,-0.27757182649865264,0.027300621230470865,0.29252553962715755,1.0,1.0,,,,,
1877-05-01 00:00:00+00:00,,1.540377453824906,1.2696538069019236,1.0,2.0,,,,,,,,,,,,,,,,,-0.23981647481899238,-0.314895430602137,0.02692926457145331,0.34620115145270436,1.0,1.0,,,,,
1877-06-01 00:00:00+00:00,,1.4242376619343227,1.0622814823009556,1.0,3.0,,,,,,,,,,,,,,,,,-0.23047751866225852,-0.32591836902451554,0.026981451443455286,0.4084773400381856,1.0,1.0,,,,,
1877-07-01 00:00:00+00:00,,0.23411841005413292,-0.11725874489507487,0.0,0.0,,,,,,,,,,,,,,,,,-0.17343347757658734,-0.30256493684456043,0.0277564653448872,0.3839200067593058,1.0,,,,,,
1877-08-01 00:00:00+00:00,,-1.6083632815171127,-2.0700594743356584,0.0,0.0,,,,,,,,,,,,,,,,,-0.04163199492127845,-0.21227330549879841,0.03364469980921099,0.2582298038446593,1.0,,,,,,
1877-09-01 00:00:00+00:00,,-1.688690127183346,-1.917769791159099,0.0,0.0,,,,,,,,,,,,,,,,,0.06310445531589526,-0.15613361605952836,0.035896085145156256,0.20807958098041812,1.0,,,,,,
1877-10-01 00:00:00+00:00,,-1.5547269085794395,-1.9012510318793017,0.0,0.0,,,,,,,,,,,,,,,,,0.09108580407147748,-0.15175340198549847,0.03598069241479406,0.1864473760610208,1.0,,,,,,
1877-11-01 00:00:00+00:00,,-1.5390801191259296,-1.9165787242255512,0.0,0.0,,,,,,,,,,,,,,,,,0.19868117155070752,-0.14056163248608122,0.03600965198449336,0.19025075817899495,1.0,,,,,,
1877-12-01 00:00:00+00:00,,-1.53557211005391,-1.903548472127639,0.0,0.0,,,,,,,,,,,,,,,,,0.21357865410470023,-0.143617110849096,0.03600333258468622,0.21049818923659824,1.0,,,,,,
1878-01-01 00:00:00+00:00,,-1.627477714724963,-2.01372155792154,0.0,0.0,,,,,,,,,,,,,,,,,0.2630045436139463,-0.11104008914067798,0.03647318604904685,0.2055499850280107,1.0,,,,,,
1878-02-01 00:00:00+00:00,,-1.544296835158703,-1.9385327152130656,0.0,0.0,,,,,,,,,,,,,,,,,0.2180430512649023,-0.13553491997033262,0.036386406245752276,0.24110844038880153,1.0,,,,,,
1878-03-01 00:00:00+00:00,,-1.5847276860885562,-1.8856148410609885,0.0,0.0,,,,,,,,,,,,,,,,,0.15191392863763387,-0.10054279741761274,0.037103694203121686,0.19657180726441403,1.0,,,,,,
1878-04-01 00:00:00+00:00,,-1.5959841433801067,-1.8855311227890614,0.0,0.0,,,,,,,,,,,,,,,,,0.11982487228035854,-0.047876300883450185,0.03768013016672001,0.20228698803965273,1.0,,,,,,
1878-05-01 00:00:00+00:00,,-1.592355315820813,-1.8736987314076754,0.0,0.0,,,,,,,,,,,,,,,,,0.13415374465648267,-0.008755528102378562,0.03819485456927307,0.21067077879673413,1.0,,,,,,
1878-06-01 00:00:00+00:00,,-1.5306234729512032,-1.823235582063556,0.0,0.0,,,,,,,,,,,,,,,,,0.17283827292562393,0.0322766404395427,0.03889677444746444,0.18421795020941545,1.0,,,,,,
1878-07-01 00:00:00+00:00,,-1.545971706363817,-1.8961772524814424,0.0,0.0,,,,,,,,,,,,,,,,,0.18491612875254226,0.045199923377169604,0.038910979535672977,0.18349988886242752,1.0,,,,,,
1878-08-01 00:00:00+00:00,,-1.6764624064565035,-1.8778101074342546,0.0,0.0,,,,,,,,,,,,,,,,,0.13466711108844986,0.026037362640138895,0.03907379853468001,0.2107104912892943,1.0,,,,,,
1878-09-01 00:00:00+00:00,,-1.4934674237770438,-1.7274594592159518,0.0,0.0,,,,,,,,,,,,,,,,,0.16611538188138564,0.06221023137797932,0.03909338088755908,0.1925467025421419,1.0,,,,,,
1878-10-01 00:00:00+00:00,,-1.530693348683247,-1.9026993565415489,0.0,0.0,,,,,,,,,,,,,,,,,0.12614393800671841,0.037248253880619586,0.03888961724012935,0.24158777835035217,1.0,,,,,,
1878-11-01 00:00:00+00:00,,-1.4745771501472553,-1.8501475860255798,0.0,0.0,,,,,,,,,,,,,,,,,0.09640639010254493,0.03701301555192771,0.038888292363006734,0.23338493063446375,1.0,,,,,,
1878-12-01 00:00:00+00:00,,-1.336986202985458,-1.7804253579710076,0.0,0.0,,,,,,,,,,,,,,,,,0.07787569188859411,0.025025820650889763,0.038685596940786215,0.18435971490202263,1.0,,,,,,
1879-01-01 00:00:00+00:00,,-1.2419614052537538,-1.777881894290624,0.0,0.0,,,,,,,,,,,,,,,,,0.060077188603771425,0.037162409952709474,0.03885607205825972,0.16773941797686032,1.0,,,,,,
1879-02-01 00:00:00+00:00,,-1.1774510051425557,-1.609776247203987,0.0,0.0,,,,,,,,,,,,,,,,,0.07523148489439802,0.06353636937509499,0.03904628105266063,0.16103596669478204,1.0,,,,,,
1879-03-01 00:00:00+00:00,,-1.2980783084974028,-1.7454136010666705,0.0,0.0,,,,,,,,,,,,,,,,,0.09025593205738858,0.08839290450463633,0.038681300469652555,0.17539588378148085,1.0,,,,,,
1879-04-01 00:00:00+00:00,,-0.9264518790309157,-1.3736152985687657,0.0,0.0,,,,,,,,,,,,,,,,,0.11403227933959315,0.13377451430812304,0.039296767770471364,0.14715764433628742,1.0,,,,,,
1879-05-01 00:00:00+00:00,,-0.785699955700771,-1.2093661648976048,0.0,0.0,,,,,,,,,,,,,,,,,0.158377147392196,0.15710619639102408,0.039787636032270896,0.05040416109812984,1.0,,,,,,
1879-06-01 00:00:00+00:00,,-0.7455176260837779,-1.0206503987988496,0.0,0.0,,,,,,,,,,,,,,,,,0.16680546495604442,0.18606437629495076,0.03973273130450864,0.058180795188310874,1.0,,,,,,
1879-07-01 00:00:00+00:00,,-0.7561204921334944,-1.3377345275651304,0.0,0.0,,,,,,,,,,,,,,,,,0.15791782837837154,0.24614845557454323,0.03847126547067694,0.09479881701136783,1.0,,,,,,
1879-08-01 00:00:00+00:00,,-0.7321135446561383,-1.1463537249272946,0.0,0.0,,,,,,,,,,,,,,,,,0.13982761734973348,0.32581146126186855,0.035912273546632824,0.12271092893189195,1.0,,,,,,
1879-09-01 00:00:00+00:00,,-0.7558274922744465,-1.2840267187240784,0.0,0.0,,,,,,,,,,,,,,,,,0.11755364403472601,0.35146343696737414,0.035476883740952994,0.10865215571215803,1.0,,,,,,
1879-10-01 00:00:00+00:00,,-0.20215027288695417,-0.6370440688776925,0.0,0.0,,,,,,,,,,,,,,,,,0.17115990909265655,0.4286099771901828,0.035418344528876246,0.08836821872026412,1.0,,,,,,
1879-11-01 00:00:00+00:00,,-0.278783062290454,-0.6979635837606858,0.0,0.0,,,,,,,,,,,,,,,,,0.12750433269735595,0.4522615676066497,0.03493936476476875,0.12921551415045762,1.0,,,,,,
1879-12-01 00:00:00+00:00,,-0.6273323891874745,-1.0921220989405218,0.0,0.0,,,,,,,,,,,,,,,,,0.05156462799388262,0.44636764710915244,0.03514576679737346,0.19119529867030138,1.0,,,,,,
1880-01-01 00:00:00+00:00,,-0.4350864959712202,-0.9112326922684584,0.0,0.0,,,,,,,,,,,,,,,,,0.04359865637121629,0.48973983902605944,0.03418133799878024,0.2505832602607123,1.0,,,,,,
1880-02-01 00:00:00+00:00,,-0.3692379153524916,-0.8811908619238745,0.0,0.0,,,,,,,,,,,,,,,,,0.05276756272675254,0.5138006317216783,0.033996714284346446,0.21984956676701994,1.0,,,,,,
1880-03-01 00:00:00+00:00,,-0.39530276299803485,-0.8717354597087925,0.0,0.0,,,,,,,,,,,,,,,,,0.05494132454957512,0.6263655749794115,0.027175903496863177,0.2215633888632711,1.0,,,,,,
1880-04-01 00:00:00+00:00,,-0.34706273176432306,-0.7828149551897188,0.0,0.0,,,,,,,,,,,,,,,,,0.06864322113373866,0.6599231329201052,0.026456361475203936,0.19282313721054134,1.0,,,,,,
1880-05-01 00:00:00+00:00,,-0.7945997824940689,-1.1896738368113442,0.0,0.0,,,,,,,,,,,,,,,,,-0.03280646986002633,0.626281025992415,0.02841124204674201,0.2994019273130517,1.0,,,,,,
1880-06-01 00:00:00+00:00,,-0.4518933285869803,-1.0338070623207742,0.0,0.0,,,,,,,,,,,,,,,,,-0.00839867049010845,0.6172963746931286,0.028305739704638424,0.2870682133839857,1.0,,,,,,
1880-07-01 00:00:00+00:00,,-0.27955348380107325,-0.8177165227060795,0.0,0.0,,,,,,,,,,,,,,,,,0.06835693048771674,0.5563565725181476,0.024311714167630456,0.19663077317776523,1.0,,,,,,
1880-08-01 00:00:00+00:00,,-0.2145593816105697,-0.8340531347462874,0.0,0.0,,,,,,,,,,,,,,,,,0.09479912830476511,0.5214345120149293,0.022678532182257467,0.11778948995510685,1.0,,,,,,
1880-09-01 00:00:00+00:00,,-0.42648564734474015,-1.0943679125305654,0.0,0.0,,,,,,,,,,,,,,,,,0.065169833052102,0.48788466070230285,0.023101002349679645,0.09991264595059679,1.0,,,,,,
1880-10-01 00:00:00+00:00,,-0.2156045974867836,-0.9267286774256189,0.0,0.0,,,,,,,,,,,,,,,,,0.08413224403143982,0.5118166474601438,0.023170104101092468,0.04595878715340618,1.0,,,,,,
1880-11-01 00:00:00+00:00,,-0.05890694906727467,-0.7806347364891206,0.0,0.0,,,,,,,,,,,,,,,,,0.10956220251152615,0.5559066813269311,0.023378281809025007,0.02068196937281286,1.0,,,,,,
1880-12-01 00:00:00+00:00,,0.017941714518659113,-0.6057245541728635,0.0,0.0,,,,,,,,,,,,,,,,,0.19235576556605416,0.5556322479445228,0.023373307953612196,-0.03896103425967201,0.0,,,,,,
1881-01-01 00:00:00+00:00,,0.4572425529807837,0.0041320596613024785,1.0,1.0,,,,,,,,,,,,,,,,,0.23600112144361773,0.635254444871844,0.024490471928531616,-0.12231059325113858,0.0,1.0,,,,,
1881-02-01 00:00:00+00:00,,0.07139000963784624,-0.43098147423629574,0.0,0.0,,,,,,,,,,,,,,,,,0.17781831248240465,0.5822609563629184,0.02475360722489123,-0.14055058694270262,0.0,,,,,,
1881-03-01 00:00:00+00:00,,0.20598504751909485,-0.3150340455113475,0.0,0.0,,,,,,,,,,,,,,,,,0.15379378448095427,0.555403424215525,0.02448258077725846,-0.15356145596739257,0.0,,,,,,
1881-04-01 00:00:00+00:00,,0.003205695562758276,-0.5308588115036316,0.0,0.0,,,,,,,,,,,,,,,,,0.15281420263212198,0.5065451186779422,0.024709105418406267,-0.14964406964962595,0.0,,,,,,
1881-05-01 00:00:00+00:00,,0.5181750135602732,-0.09328758755785316,0.0,0.0,,,,,,,,,,,,,,,,,0.17822723873276125,0.5172056132672811,0.02513654983103546,-0.22484250244133364,0.0,,,,,,
1881-06-01 00:00:00+00:00,,0.4104608072268945,-0.1555908663248029,0.0,0.0,,,,,,,,,,,,,,,,,0.14945402874341962,0.5204445813178085,0.025120696765866243,-0.2514561415951091,0.0,,,,,,
1881-07-01 00:00:00+00:00,,-0.0859262181239442,-0.792584388905167,0.0,0.0,,,,,,,,,,,,,,,,,0.07379240499518058,0.49475754185125354,0.026501512026700636,-0.14206326850867956,0.0,,,,,,
1881-08-01 00:00:00+00:00,,-0.3575446596614389,-0.899913465488048,0.0,0.0,,,,,,,,,,,,,,,,,-0.03799464200084035,0.431144420989618,0.02820915221412615,-0.07804388051262912,0.0,,,,,,
1881-09-01 00:00:00+00:00,,-0.4736124489757652,-1.272053568667742,0.0,0.0,,,,,,,,,,,,,,,,,-0.054767087764321154,0.40134993059187885,0.029036645611628536,-0.010913868227520496,0.0,,,,,,
1881-10-01 00:00:00+00:00,,-0.5751866364889666,-1.322416469732039,0.0,0.0,,,,,,,,,,,,,,,,,-0.0914723576784251,0.367524676434555,0.029697460546098696,-0.0038278605278607714,0.0,,,,,,
1881-11-01 00:00:00+00:00,,-0.42254889748793184,-1.0390457973848664,0.0,0.0,,,,,,,,,,,,,,,,,-0.06257896532620233,0.3660904614631457,0.029688944449058494,-0.0539746976281803,0.0,,,,,,
1881-12-01 00:00:00+00:00,,-0.624305665155422,-1.191399421595218,0.0,0.0,,,,,,,,,,,,,,,,,-0.14600719600666956,0.3111212286568401,0.030318656790388965,-0.009842434947713308,0.0,,,,,,
1882-01-01 00:00:00+00:00,,-0.6465172435590666,-1.2828963474705823,0.0,0.0,,,,,,,,,,,,,,,,,-0.17337768519150654,0.2718354112319039,0.030462912725042993,0.00011234692742956298,1.0,,,,,,
1882-02-01 00:00:00+00:00,,-0.7539172727110348,-1.4339463963643824,0.0,0.0,,,,,,,,,,,,,,,,,-0.1593630476380632,0.24513856215580176,0.031114193403202966,-0.0004639025887778203,0.0,,,,,,
1882-03-01 00:00:00+00:00,,-0.7186209587191221,-1.3312840536132562,0.0,0.0,,,,,,,,,,,,,,,,,-0.11755716144154515,0.19955498020847973,0.030474271936322406,0.022964439904442635,1.0,,,,,,
1882-04-01 00:00:00+00:00,,-0.755028057834003,-1.2691429139839356,0.0,0.0,,,,,,,,,,,,,,,,,-0.09674251296810077,0.14623027023158208,0.02982378957585473,0.06242621618037525,1.0,,,,,,
1882-05-01 00:00:00+00:00,,-0.8163817948623591,-1.2317625148452314,0.0,0.0,,,,,,,,,,,,,,,,,-0.09257405086197856,0.10814516061653201,0.0300430066598194,0.07617573039890502,1.0,,,,,,
1882-06-01 00:00:00+00:00,,-0.8392145730122936,-1.168653842767467,0.0,0.0,,,,,,,,,,,,,,,,,-0.12268408222450233,0.08548855086027185,0.03017116288732164,0.12873675342500412,1.0,,,,,,
1882-07-01 00:00:00+00:00,,-0.6364601497523146,-0.9056343901728492,0.0,0.0,,,,,,,,,,,,,,,,,-0.02930982925382697,0.14198378205327966,0.03190466577936389,0.06944101417092607,1.0,,,,,,
1882-08-01 00:00:00+00:00,,-0.6615711081917725,-1.017894185517314,0.0,0.0,,,,,,,,,,,,,,,,,0.006272070737669111,0.160553837934847,0.03202198552231643,0.0025646758036339534,1.0,,,,,,
1882-09-01 00:00:00+00:00,,-0.5464717520990622,-0.9186312999302915,0.0,0.0,,,,,,,,,,,,,,,,,0.07486963095086097,0.14884828401400618,0.0316050213067838,-0.013375771401138437,0.0,,,,,,
1882-10-01 00:00:00+00:00,,-0.6973872013192909,-1.2534457589637276,0.0,0.0,,,,,,,,,,,,,,,,,0.0582612377611067,0.13031188527223048,0.03182966285365357,-0.02255130612303269,0.0,,,,,,
1882-11-01 00:00:00+00:00,,-0.8181480303455496,-1.1924847885225989,0.0,0.0,,,,,,,,,,,,,,,,,0.033090406695243324,0.1277560489329428,0.031916449528415304,0.03696084985753423,1.0,,,,,,
1882-12-01 00:00:00+00:00,,-0.7140232414634542,-1.1282902379220257,0.0,0.0,,,,,,,,,,,,,,,,,0.06899287148695077,0.13353937573226649,0.031959117148125306,-0.01022251094752935,0.0,,,,,,
1883-01-01 00:00:00+00:00,,-0.7632393834533812,-1.1816143471812421,0.0,0.0,,,,,,,,,,,,,,,,,0.07819080333103212,0.11091179146455143,0.03190352550694982,-0.035504658206860995,0.0,,,,,,
1883-02-01 00:00:00+00:00,,-0.8656266912639253,-1.497230769661611,0.0,0.0,,,,,,,,,,,,,,,,,-0.01776368171816145,0.06927877578554309,0.0324301602475635,0.0232188606061996,1.0,,,,,,
1883-03-01 00:00:00+00:00,,-0.7623068771053245,-1.2595958082029262,0.0,0.0,,,,,,,,,,,,,,,,,-0.016548841024473404,0.07536177577663494,0.032521499618754064,-0.0022159729514612536,0.0,,,,,,
1883-04-01 00:00:00+00:00,,-0.6908317032506847,-1.3135031469450773,0.0,0.0,,,,,,,,,,,,,,,,,-0.023402428560205024,0.1582523253138275,0.031412680118066506,-0.0579815044944354,0.0,,,,,,
1883-05-01 00:00:00+00:00,,-0.7686426106937319,-1.3714688487681403,0.0,0.0,,,,,,,,,,,,,,,,,-0.012570459935212774,0.12614009582712615,0.031277805887942677,-0.11369271072177245,0.0,,,,,,
1883-06-01 00:00:00+00:00,,-0.6062658982605333,-1.0879962506739251,0.0,0.0,,,,,,,,,,,,,,,,,0.06002736882868209,0.11942648727390814,0.03103661656025863,-0.1935992661416286,0.0,,,,,,
1883-07-01 00:00:00+00:00,,-0.6523351245975536,-1.077029725187678,0.0,0.0,,,,,,,,,,,,,,,,,0.04997361986481241,0.08871386729231379,0.030538866150287284,-0.18735226317449527,0.0,,,,,,
1883-08-01 00:00:00+00:00,,-0.8567754654547756,-1.3740073525354606,0.0,0.0,,,,,,,,,,,,,,,,,0.008724399613873501,0.054466358026322936,0.03155517295384319,-0.08007518959387028,0.0,,,,,,
1883-09-01 00:00:00+00:00,,-0.7058226521076941,-1.2591460165019948,0.0,0.0,,,,,,,,,,,,,,,,,0.06195776213850035,0.04710429389260362,0.03139428367821383,-0.12244826499846884,0.0,,,,,,
1883-10-01 00:00:00+00:00,,-0.8350435997518474,-1.2482246972425428,0.0,0.0,,,,,,,,,,,,,,,,,0.012745491733631376,-0.021454935001259834,0.030981233117017812,-0.11710380435201895,0.0,,,,,,
1883-11-01 00:00:00+00:00,,-0.7124679584483427,-1.0964071448306068,0.0,0.0,,,,,,,,,,,,,,,,,0.007625040372402303,-0.026478399879824366,0.030845882004681625,-0.14027576363133143,0.0,,,,,,
1883-12-01 00:00:00+00:00,,-0.850654377589184,-1.187245266331867,0.0,0.0,,,,,,,,,,,,,,,,,-0.0174053698594836,-0.12726639547597518,0.0288555149514139,-0.09858998369443484,0.0,,,,,,
1884-01-01 00:00:00+00:00,,-0.9117383372287524,-1.3015767049836036,0.0,0.0,,,,,,,,,,,,,,,,,-0.086050608300833,-0.1444424335093295,0.029168368642601736,-0.09147630929360329,0.0,,,,,,
1884-02-01 00:00:00+00:00,,-0.8215411592397545,-1.2250169939162796,0.0,0.0,,,,,,,,,,,,,,,,,-0.06398583528288793,-0.1290657524715284,0.02952077268653452,-0.09929635274006277,0.0,,,,,,
1884-03-01 00:00:00+00:00,,-0.8600270476598446,-1.2350389995652387,0.0,0.0,,,,,,,,,,,,,,,,,-0.02132948977956861,-0.11967733438536765,0.02947501634668613,-0.07027355469294339,0.0,,,,,,
1884-04-01 00:00:00+00:00,,-0.923643399884898,-1.2798121013530928,0.0,0.0,,,,,,,,,,,,,,,,,-0.06800816165350199,-0.19913110649365962,0.027948174033526205,-0.058638936312205736,0.0,,,,,,
1884-05-01 00:00:00+00:00,,-1.035815622459708,-1.3160508447771566,0.0,0.0,,,,,,,,,,,,,,,,,-0.10371186453395254,-0.274620828278632,0.02939742394419687,0.01633872161312322,1.0,,,,,,
1884-06-01 00:00:00+00:00,,-0.9765856030676793,-1.3266089481624923,0.0,0.0,,,,,,,,,,,,,,,,,-0.17053274717048073,-0.2708035520454857,0.02926032299774539,0.07723704058588154,1.0,,,,,,
1884-07-01 00:00:00+00:00,,-1.0511284766735358,-1.3832220216753564,0.0,0.0,,,,,,,,,,,,,,,,,-0.1271561323621535,-0.21642788583728834,0.028742046490444418,0.09094111605661492,1.0,,,,,,
1884-08-01 00:00:00+00:00,,-1.0008252586755588,-1.2793709307501773,0.0,0.0,,,,,,,,,,,,,,,,,-0.03584613177313578,-0.12552147751814413,0.030572641497365872,0.08463075302793666,1.0,,,,,,
1884-09-01 00:00:00+00:00,,-1.0480266467160324,-1.2987922488459644,0.0,0.0,,,,,,,,,,,,,,,,,-0.08370936346616809,-0.12130275825927139,0.030492177831848464,0.10501539480047306,1.0,,,,,,
1884-10-01 00:00:00+00:00,,-1.0736271613397599,-1.21893454050214,0.0,0.0,,,,,,,,,,,,,,,,,-0.10214233966692632,-0.15924070872609164,0.030463016030371482,0.18360173829283521,1.0,,,,,,
1884-11-01 00:00:00+00:00,,-1.0693284274434969,-1.2035354906053826,0.0,0.0,,,,,,,,,,,,,,,,,-0.07466921876449373,-0.12779312925148378,0.030167915674736305,0.23270533726313758,1.0,,,,,,
1884-12-01 00:00:00+00:00,-1.3873425397155277,-1.0669447074103264,-1.4502431424234024,0.0,0.0,,,,,,,,,,,,,,,,,-0.0023026428321459846,-0.10354578591927144,0.030175464497639505,0.19234385487122374,1.0,,,,,,
1885-01-01 00:00:00+00:00,-1.4040554590521048,-1.0963026028716516,-1.414108158246386,0.0,0.0,,,,,,,,,,,,,,,,,0.016072348547192306,-0.09536815586023017,0.029978985414319852,0.23923783058718673,1.0,,,,,,
1885-02-01 00:00:00+00:00,-1.2011696142321746,-1.0751215378741978,-1.3740206373696995,0.0,0.0,,,,,,,,,,,,,,,,,0.02407007515154458,-0.0748006492441986,0.030199610688547488,0.2394573698583473,1.0,,,,,,
1885-03-01 00:00:00+00:00,-1.1043223472052626,-1.062043379090787,-1.5250514311281502,0.0,0.0,,,,,,,,,,,,,,,,,-0.011527854878641719,-0.04030681942868508,0.03052283659901426,0.20517630464301195,1.0,,,,,,
1885-04-01 00:00:00+00:00,-1.162231258823335,-1.091781287170481,-1.4341392770892079,0.0,0.0,,,,,,,,,,,,,,,,,-0.004198832967238886,-0.032927540364531716,0.030405064148973763,0.21762124646033687,1.0,,,,,,
1885-05-01 00:00:00+00:00,-1.1654196240246513,-1.0767793519010005,-1.397148501551352,0.0,0.0,,,,,,,,,,,,,,,,,0.02973066143118963,-0.0068259650703996755,0.030386535966538245,0.21083721830345237,1.0,,,,,,
1885-06-01 00:00:00+00:00,-1.0869433563527509,-1.062887596792647,-1.5900010579891255,0.0,0.0,,,,,,,,,,,,,,,,,0.04698005704673225,-0.051503242950924566,0.02849532767369294,0.24899873963035724,1.0,,,,,,
1885-07-01 00:00:00+00:00,-1.0849427935614553,-1.0414330701942254,-1.7718849976049473,0.0,0.0,,,,,,,,,,,,,,,,,0.06237496738889625,-0.0474428892680443,0.02859538437670593,0.22698793466768308,1.0,,,,,,
1885-08-01 00:00:00+00:00,-1.0794975822585737,-0.9292440879703734,-1.6246361353636578,0.0,0.0,,,,,,,,,,,,,,,,,0.14026093054840416,-0.02997685626268698,0.02942649841051763,0.16751446823901528,1.0,,,,,,
1885-09-01 00:00:00+00:00,-1.0778015608392537,-0.9810207049716011,-1.4147848602259974,0.0,0.0,,,,,,,,,,,,,,,,,0.12060238407436774,-0.01245950293093756,0.02926877461455037,0.1940776931277295,1.0,,,,,,
1885-10-01 00:00:00+00:00,-0.9058266121243308,-0.792812870765093,-1.417530540846967,0.0,0.0,,,,,,,,,,,,,,,,,0.15173295331885228,0.07833572719492388,0.03017333666801802,0.16275747067543822,1.0,,,,,,
1885-11-01 00:00:00+00:00,-0.742875442923626,-0.6785756957018452,-1.1682077979348708,0.0,0.0,,,,,,,,,,,,,,,,,0.2166750548108496,0.1147546429593671,0.03122314655848801,0.1361747495457175,1.0,,,,,,
1885-12-01 00:00:00+00:00,-0.938965772830198,-0.8594199717836493,-1.5940546775592992,0.0,0.0,,,,,,,,,,,,,,,,,0.17370249042595454,0.08868572202452274,0.031736942488772804,0.1288814496157098,1.0,,,,,,
1886-01-01 00:00:00+00:00,-0.7718212995586454,-0.7208361597929531,-1.5631066092840376,0.0,0.0,,,,,,,,,,,,,,,,,0.1780731385484975,0.14433357731573437,0.03134351247177452,0.07050459768422535,1.0,,,,,,
1886-02-01 00:00:00+00:00,-0.7334351363186742,-0.5437975056445087,-1.257254409829982,0.0,0.0,,,,,,,,,,,,,,,,,0.17258632895327697,0.14169228070970608,0.03130313418401845,0.03242269899563066,1.0,,,,,,
1886-03-01 00:00:00+00:00,-0.8048802099944161,-0.6623454346646609,-1.3306060116037703,0.0,0.0,,,,,,,,,,,,,,,,,0.10901769673643358,0.10244326903395162,0.03103903336751847,0.06461928729783661,1.0,,,,,,
1886-04-01 00:00:00+00:00,-0.8119765239407197,-0.6307968674440184,-1.3797782565610095,0.0,0.0,,,,,,,,,,,,,,,,,0.10840701869262492,0.10851797569690014,0.030995868756914628,0.08872717643828132,1.0,,,,,,
1886-05-01 00:00:00+00:00,-0.7805067483523122,-0.5983018940435876,-1.2978584088047764,0.0,0.0,,,,,,,,,,,,,,,,,0.056966141441806784,0.07527449980804857,0.030391856132966917,0.10087797291359113,1.0,,,,,,
1886-06-01 00:00:00+00:00,-0.603067322664424,-0.07523349848941015,-1.0658624198725652,0.0,0.0,,,,,,,,,,,,,,,,,0.0632734594139519,0.1280544825085066,0.03179317024125836,0.026126572605421394,1.0,,,,,,
1886-07-01 00:00:00+00:00,-0.7104300023465822,-0.11242261601658121,-1.009197359212454,0.0,0.0,,,,,,,,,,,,,,,,,0.09701904718535559,0.17698036959600483,0.0305797220554437,0.010810916104215806,1.0,,,,,,
1886-08-01 00:00:00+00:00,-0.6798362026816692,-0.20998059096987476,-1.053006675926404,0.0,0.0,,,,,,,,,,,,,,,,,0.06853756820023271,0.15091338337746674,0.030493380696724675,-0.021609142972761397,0.0,,,,,,
1886-09-01 00:00:00+00:00,-0.6699074535637475,0.03316830015150452,-0.8685925290779032,0.0,0.0,,,,,,,,,,,,,,,,,0.07522270734374992,0.20416949631982462,0.030185201445970908,-0.04829912561303917,0.0,,,,,,
1886-10-01 00:00:00+00:00,-0.5052211066939502,0.31620252114474673,-0.4452728052967438,0.0,0.0,,,,,,,,,,,,,,,,,0.10931411935127855,0.20413234801282787,0.030184503874359583,-0.11935491604892956,0.0,,,,,,
1886-11-01 00:00:00+00:00,-0.4543137898392716,0.47729395404649794,-0.30763845150574104,0.0,0.0,,,,,,,,,,,,,,,,,0.13522855789623023,0.26115190345261396,0.02958490737173179,-0.13662325826178012,0.0,,,,,,
1886-12-01 00:00:00+00:00,-0.7224115722478069,-0.04167035503487409,-0.7738564972913021,0.0,0.0,,,,,,,,,,,,,,,,,0.09174672173821197,0.25307182984709353,0.02991897325535421,-0.12703264054348917,0.0,,,,,,
1887-01-01 00:00:00+00:00,-0.8515673579220728,-0.44105015969750794,-1.4057984986547796,0.0,0.0,,,,,,,,,,,,,,,,,-0.00042100339763440076,0.19161931439376012,0.030542687837488626,-0.09613398790363892,0.0,,,,,,
1887-02-01 00:00:00+00:00,-0.9227527524713449,-0.5888817762028041,-1.6293538851042912,0.0,0.0,,,,,,,,,,,,,,,,,-0.02197890671877545,0.176330952656798,0.030786806394567663,-0.07129472165546868,0.0,,,,,,
1887-03-01 00:00:00+00:00,-0.7489276421207941,-0.43285168084394804,-1.2700252418112739,0.0,0.0,,,,,,,,,,,,,,,,,0.0061225157952549125,0.22504406082622364,0.030464034225501806,-0.13311878821977352,0.0,,,,,,
1887-04-01 00:00:00+00:00,-0.6816696862285907,-0.332434275040706,-0.9942355294478534,0.0,0.0,,,,,,,,,,,,,,,,,0.003056502003176753,0.3109378628569539,0.028051678705606806,-0.14030868924498385,0.0,,,,,,
1887-05-01 00:00:00+00:00,-0.6705227618677192,-0.26120630136354,-0.9433979966833836,0.0,0.0,,,,,,,,,,,,,,,,,-0.004913356320040307,0.3697517388632683,0.026659569043789376,-0.13206762383035286,0.0,,,,,,
1887-06-01 00:00:00+00:00,-0.7753169668111772,-0.4307425947463163,-1.1358810313740286,0.0,0.0,,,,,,,,,,,,,,,,,-0.04677471752634421,0.34153331828842326,0.02707478682497706,-0.13428670917712093,0.0,,,,,,
1887-07-01 00:00:00+00:00,-1.0161565650994717,-0.5340333763608038,-1.182670689024518,0.0,0.0,,,,,,,,,,,,,,,,,-0.021051486326138402,0.2678664752940909,0.025818501793580133,-0.10772716195306309,0.0,,,,,,
1887-08-01 00:00:00+00:00,-1.2821373147963002,-0.7752387520418393,-1.2794614531120636,0.0,0.0,,,,,,,,,,,,,,,,,-0.02357617245675403,0.2517525054031742,0.026483560426855384,-0.04919024419077189,0.0,,,,,,
1887-09-01 00:00:00+00:00,-1.208925900702221,-0.754277952760141,-1.2606423250579075,0.0,0.0,,,,,,,,,,,,,,,,,-0.005499117264919917,0.2729741750588044,0.026030345822346552,-0.023775986548532302,0.0,,,,,,
1887-10-01 00:00:00+00:00,-1.1265072473132203,-0.9330606770295032,-1.4661826321030762,0.0,0.0,,,,,,,,,,,,,,,,,-0.07466008399548762,0.22505319559522974,0.027562224020721136,0.004908108215107454,1.0,,,,,,
1887-11-01 00:00:00+00:00,-1.011326965955088,-0.8664587569890658,-1.2893605873640657,0.0,0.0,,,,,,,,,,,,,,,,,-0.09012187680383121,0.22311862888526868,0.027558572994501748,-0.034637472917181,0.0,,,,,,
1887-12-01 00:00:00+00:00,-1.055169072501031,-0.964676727471158,-1.5124981880226662,0.0,0.0,,,,,,,,,,,,,,,,,-0.13616389171886834,0.21751549859720765,0.027751759799846464,-0.024988962295452666,0.0,,,,,,
1888-01-01 00:00:00+00:00,-1.1245600317895839,-0.9556894773569937,-1.567528117704975,0.0,0.0,,,,,,,,,,,,,,,,,-0.12268156390669471,0.19478167923018397,0.02771390953363922,0.033281531887321414,1.0,,,,,,
1888-02-01 00:00:00+00:00,-1.1424435014584537,-0.9399781963817493,-1.5977224154669492,0.0,0.0,,,,,,,,,,,,,,,,,-0.10408454447845994,0.1753097856942727,0.027501225505043015,0.05081947907701334,1.0,,,,,,
1888-03-01 00:00:00+00:00,-1.3005347576727468,-1.0268755397231883,-1.6182721390731505,0.0,0.0,,,,,,,,,,,,,,,,,-0.10538712945175721,0.15056420891865585,0.028307573972390965,0.08060349475492767,1.0,,,,,,
1888-04-01 00:00:00+00:00,-1.1714583404332728,-0.983106490197729,-1.5974655442987924,0.0,0.0,,,,,,,,,,,,,,,,,-0.08895306162876793,0.15429045199884683,0.028343391944804633,0.06321098941373382,1.0,,,,,,
1888-05-01 00:00:00+00:00,-1.1827516899548849,-0.933837273016723,-1.5119491051459393,0.0,0.0,,,,,,,,,,,,,,,,,-0.017626064101463612,0.16044707444703388,0.02845677238503275,0.08920620726101891,1.0,,,,,,
1888-06-01 00:00:00+00:00,-1.21995712667674,-1.0057558297273252,-1.7792175443028984,0.0,0.0,,,,,,,,,,,,,,,,,-0.04443816844168502,0.1163054930546874,0.028524728233656642,0.12559219597928273,1.0,,,,,,
1888-07-01 00:00:00+00:00,-1.1459860047697412,-0.9570750122060105,-1.7503912696477464,0.0,0.0,,,,,,,,,,,,,,,,,-0.0017460077357123183,0.07550856031309117,0.027170702665371742,0.09130245865077935,1.0,,,,,,
1888-08-01 00:00:00+00:00,-1.0878056792290742,-0.914646582700993,-1.6737088198313252,0.0,0.0,,,,,,,,,,,,,,,,,0.023367571256112996,0.09754686641192922,0.027354136363298687,0.08319238960912756,1.0,,,,,,
1888-09-01 00:00:00+00:00,-1.014762133562037,-0.8663714810085411,-1.652410624085325,0.0,0.0,,,,,,,,,,,,,,,,,0.042019617842016466,0.06559645021743687,0.02601233715237376,0.0702458712435794,1.0,,,,,,
1888-10-01 00:00:00+00:00,-1.1250325530277723,-0.9396557944485558,-1.7012899370077943,0.0,0.0,,,,,,,,,,,,,,,,,0.06336681243939335,-0.0027440334528003874,0.024746216819370004,0.06919269164947028,1.0,,,,,,
1888-11-01 00:00:00+00:00,-1.20303346040693,-1.024178683800817,-1.6932777597000723,0.0,0.0,,,,,,,,,,,,,,,,,0.01554933952397164,-0.0038626989031360637,0.024788312863931225,0.0922139475426107,1.0,,,,,,
1888-12-01 00:00:00+00:00,-1.244703915712254,-1.0557579128968186,-1.7676783558730103,0.0,0.0,,,,,,,,,,,,,,,,,-0.029085230183968136,-0.04671129428543175,0.024642002654548884,0.09359181417384388,1.0,,,,,,
1889-01-01 00:00:00+00:00,-1.0786200323836936,-0.9027212065614777,-1.4873362957325351,0.0,0.0,,,,,,,,,,,,,,,,,0.044886677157747634,-0.011394158740841931,0.02617644629463658,0.07512882502793694,1.0,,,,,,
1889-02-01 00:00:00+00:00,-1.0701683410413836,-0.8847661637999458,-1.4139350897253484,0.0,0.0,,,,,,,,,,,,,,,,,0.05446209655161649,0.02095296012827408,0.026430771508031234,0.04058638633363021,1.0,,,,,,
1889-03-01 00:00:00+00:00,-1.1696684717811217,-0.9325295045040588,-1.6018176051959214,0.0,0.0,,,,,,,,,,,,,,,,,0.024406609493942355,0.013546457213246654,0.026477202892108007,0.041882127725144436,1.0,,,,,,
1889-04-01 00:00:00+00:00,-1.179642288059307,-0.9349069516974985,-1.4853462114400044,0.0,0.0,,,,,,,,,,,,,,,,,-0.0019660856665018045,0.006664223109128287,0.026467756458613108,0.06444626595968383,1.0,,,,,,
1889-05-01 00:00:00+00:00,-1.040731355165817,-0.7804789401770482,-1.482185885449272,0.0,0.0,,,,,,,,,,,,,,,,,0.06667203494444784,0.0006545420776955524,0.02610293571735902,0.04245834425718353,1.0,,,,,,
1889-06-01 00:00:00+00:00,-1.0641132137006923,-0.7751870328586546,-1.435223690387696,0.0,0.0,,,,,,,,,,,,,,,,,0.1157915004547787,0.014909754366287054,0.02625392657424057,0.018532962198126057,1.0,,,,,,
1889-07-01 00:00:00+00:00,-1.1551194409328007,-0.8632850287091037,-1.572697052759385,0.0,0.0,,,,,,,,,,,,,,,,,0.1145454132105197,-0.000703449275144763,0.026478946193415124,0.03185717901318519,1.0,,,,,,
1889-08-01 00:00:00+00:00,-1.1651330309246912,-0.8035870458053367,-1.4360460420328118,0.0,0.0,,,,,,,,,,,,,,,,,0.07327842897791914,-0.013338437106672707,0.026202220977713773,-0.04135847832571482,0.0,,,,,,
1889-09-01 00:00:00+00:00,-1.0639099500031657,-0.7812006888641321,-1.4174901772161914,0.0,0.0,,,,,,,,,,,,,,,,,0.06144601000858252,-0.026915149214421952,0.025913011297632123,-0.08145503485053229,0.0,,,,,,
1889-10-01 00:00:00+00:00,-1.1394725413083249,-0.8572108637695091,-1.5102701561983451,0.0,0.0,,,,,,,,,,,,,,,,,0.05195600933393596,-0.06972609134904761,0.025696012937431224,-0.10930508920557624,0.0,,,,,,
1889-11-01 00:00:00+00:00,-1.0839320354078295,-0.8767447071862444,-1.6307694480908204,0.0,0.0,,,,,,,,,,,,,,,,,0.044552297652848516,-0.040530200976235164,0.02493816660225094,-0.15180061294383407,0.0,,,,,,
1889-12-01 00:00:00+00:00,-1.1237590989896564,-0.9299683503526569,-1.700464184510782,0.0,0.0,,,,,,,,,,,,,,,,,-0.024699623271143167,-0.023624077795813214,0.024425733491366973,-0.1575097693142924,0.0,,,,,,
1890-01-01 00:00:00+00:00,-1.0389991650015538,-0.8055735627682944,-1.532022994875938,0.0,0.0,,,,,,,,,,,,,,,,,-0.005576693793598153,0.03131196729146435,0.02497020617712085,-0.13043962947318466,0.0,,,,,,
1890-02-01 00:00:00+00:00,-1.1924262414148306,-0.8715656388957422,-1.4961936334025587,0.0,0.0,,,,,,,,,,,,,,,,,0.003746024234467349,-0.0030799408359323266,0.024742648490508917,-0.11902820202941466,0.0,,,,,,
1890-03-01 00:00:00+00:00,-1.2005619260920375,-0.890466794053752,-1.541163975510371,0.0,0.0,,,,,,,,,,,,,,,,,-0.01690365239004077,-0.03329859149989023,0.024450836065868262,-0.14199660124685032,0.0,,,,,,
1890-04-01 00:00:00+00:00,-1.0870055911530916,-0.8236118822824466,-1.4869737746691616,0.0,0.0,,,,,,,,,,,,,,,,,-0.007765690950397364,-0.029767483844779008,0.02453471950376284,-0.14174980116456481,0.0,,,,,,
1890-05-01 00:00:00+00:00,-1.0928856394380433,-0.7521699727392253,-1.4177376743638936,0.0,0.0,,,,,,,,,,,,,,,,,0.039937687552161094,0.01698631372945769,0.024878135317874212,-0.16333083609931087,0.0,,,,,,
1890-06-01 00:00:00+00:00,-1.3180216352613876,-0.8045330156806141,-1.3952064179935513,0.0,0.0,,,,,,,,,,,,,,,,,0.04211051511029407,0.022631800460197304,0.024807711512292663,-0.15249778688895876,0.0,,,,,,
1890-07-01 00:00:00+00:00,-1.5934240015446908,-0.8274084057675019,-1.4054234783139585,0.0,0.0,,,,,,,,,,,,,,,,,0.05281077804986101,0.05276287271080182,0.023959360261145844,-0.14966953579749642,0.0,,,,,,
1890-08-01 00:00:00+00:00,-1.806890238884312,-1.0157624235339735,-1.6232774018778344,0.0,0.0,,,,,,,,,,,,,,,,,-0.04320887437573262,-0.006397789819348354,0.02612723578635661,-0.05653409489486094,0.0,,,,,,
1890-09-01 00:00:00+00:00,-1.9962551242938296,-1.0570569311165385,-1.6255348799453275,0.0,0.0,,,,,,,,,,,,,,,,,-0.06059541117557998,0.010984731983975315,0.025385980572061186,0.062463174139180566,1.0,,,,,,
1890-10-01 00:00:00+00:00,-2.1993624954826845,-1.1541497542711927,-1.7485702987057765,0.0,0.0,,,,,,,,,,,,,,,,,-0.09923120759678472,-0.042407922292843736,0.02653789159723238,0.10865219546415439,1.0,,,,,,
1890-11-01 00:00:00+00:00,-2.414154792322705,-1.2376545823752956,-2.047621652403747,0.0,0.0,,,,,,,,,,,,,,,,,-0.1716945812506694,-0.06529817337658006,0.027505399315225044,0.1579461064484189,1.0,,,,,,
1890-12-01 00:00:00+00:00,-2.6771483541183847,-1.1900914981570518,-1.963352881219525,0.0,0.0,,,,,,,,,,,,,,,,,-0.2246677368426191,-0.08499985920646669,0.02774892782357575,0.2115921188343055,1.0,,,,,,
1891-01-01 00:00:00+00:00,-2.6850929892028086,-1.1486250396866793,-1.9355199316078218,0.0,0.0,,,,,,,,,,,,,,,,,-0.15454928546490887,-0.027832940526251626,0.029850612590267445,0.1925719674129036,1.0,,,,,,
1891-02-01 00:00:00+00:00,-3.7297546553238043,-1.1781963258858914,-1.9223997328565416,0.0,0.0,,,,,,,,,,,,,,,,,-0.1471393568081325,0.01101064535442653,0.029115497778940177,0.19414053037019485,1.0,,,,,,
1891-03-01 00:00:00+00:00,-3.89577551732964,-1.2341301812701315,-1.86484156890696,0.0,0.0,,,,,,,,,,,,,,,,,-0.11754177531117627,-0.034986503501756694,0.029447252777861782,0.2618129919327945,1.0,,,,,,
1891-04-01 00:00:00+00:00,-4.276081229972515,-1.1865419023744368,-1.9573696719594533,0.0,0.0,,,,,,,,,,,,,,,,,-0.06806045726442989,-0.03944966117899096,0.029339225814729707,0.25254803810318105,1.0,,,,,,
1891-05-01 00:00:00+00:00,-4.09426357129233,-1.186249826007304,-1.800920879305902,0.0,0.0,,,,,,,,,,,,,,,,,-0.014088059341573533,-0.012057813192732247,0.029196729080655785,0.24476466150529852,1.0,,,,,,
1891-06-01 00:00:00+00:00,-3.340627712386686,-1.1867404245204511,-1.802470945303496,0.0,0.0,,,,,,,,,,,,,,,,,0.04141334116516937,-0.02213882447569837,0.029103005931992148,0.23569710987137427,1.0,,,,,,
1891-07-01 00:00:00+00:00,-3.0664919531053085,-1.1995307481766064,-1.8722268299079228,0.0,0.0,,,,,,,,,,,,,,,,,0.060651011566656976,-0.04771641889592271,0.02885859480759283,0.2133954483886482,1.0,,,,,,
1891-08-01 00:00:00+00:00,-3.051714284537158,-1.1386616043503521,-2.06653256705774,0.0,0.0,,,,,,,,,,,,,,,,,0.030696660202591097,-0.039155898165676994,0.029118958046523112,0.181614912176979,1.0,,,,,,
1891-09-01 00:00:00+00:00,-2.9273956726267687,-0.9705651624230314,-1.8356177067637836,0.0,0.0,,,,,,,,,,,,,,,,,0.12089596499301525,0.06853979790804843,0.03281579816095947,0.06597781886901632,1.0,,,,,,
1891-10-01 00:00:00+00:00,-3.148396062611256,-1.0309085540375602,-1.8493494890300126,0.0,0.0,,,,,,,,,,,,,,,,,0.15141758911421999,0.10088174608849165,0.032272392205593615,0.08586778622377,1.0,,,,,,
1891-11-01 00:00:00+00:00,-3.005447995692478,-1.0412149086624667,-1.728797800849486,0.0,0.0,,,,,,,,,,,,,,,,,0.12800132636231432,0.1176368953672915,0.03205756816449804,0.05915446652461931,1.0,,,,,,
1891-12-01 00:00:00+00:00,-3.1943307417057185,-0.9583826500236193,-1.7101473806777512,0.0,0.0,,,,,,,,,,,,,,,,,0.1502552180909973,0.09331072774051741,0.031170711630344947,0.005702146961209742,1.0,,,,,,
1892-01-01 00:00:00+00:00,-2.7777026302246886,-0.8575080230599575,-1.5026641361770103,0.0,0.0,,,,,,,,,,,,,,,,,0.1905204688369535,0.11391954780963864,0.03176181516017009,-0.05706133315816153,0.0,,,,,,
1892-02-01 00:00:00+00:00,-2.6473364208977874,-0.8917940540561428,-1.5705454053735308,0.0,0.0,,,,,,,,,,,,,,,,,0.19667070935955877,0.12454768096969371,0.03169342422182493,-0.08880633777532143,0.0,,,,,,
1892-03-01 00:00:00+00:00,-2.3272050654444523,-0.7720770139976638,-1.36150786542309,0.0,0.0,,,,,,,,,,,,,,,,,0.20080531151647918,0.163615499017304,0.03217915938379844,-0.13883288957676143,0.0,,,,,,
1892-04-01 00:00:00+00:00,-2.085878368075191,-0.7703238418609841,-1.421937511871226,0.0,0.0,,,,,,,,,,,,,,,,,0.1220244066995706,0.12389216966317118,0.031169093495388427,-0.13820233666395154,0.0,,,,,,
1892-05-01 00:00:00+00:00,-2.1534716492515042,-0.7858113729945613,-1.3391635051656459,0.0,0.0,,,,,,,,,,,,,,,,,0.1220244066995706,0.10711465233328354,0.03108842750163196,-0.21842680432787276,0.0,,,,,,
1892-06-01 00:00:00+00:00,-2.4219255405356166,-0.8097258983207836,-1.4126822657208773,0.0,0.0,,,,,,,,,,,,,,,,,0.11916434458812475,0.12225582674489655,0.030855068388783463,-0.23643306112153972,0.0,,,,,,
1892-07-01 00:00:00+00:00,-2.4401938672050707,-0.9033791123662159,-1.59044022981605,0.0,0.0,,,,,,,,,,,,,,,,,0.06245434112099968,0.08248663988359795,0.031221107714294236,-0.2817024306989486,0.0,,,,,,
1892-08-01 00:00:00+00:00,-2.5238300203027393,-0.8783407218767475,-1.5231637989470488,0.0,0.0,,,,,,,,,,,,,,,,,0.01973960496666649,0.07221314276772262,0.03118079698619209,-0.2668498879286183,0.0,,,,,,
1892-09-01 00:00:00+00:00,-2.6525157111496935,-0.9649134089886003,-1.6663894012421134,0.0,0.0,,,,,,,,,,,,,,,,,-0.00726674650816328,0.06532492512759447,0.03133471712317494,-0.21327883841734163,0.0,,,,,,
1892-10-01 00:00:00+00:00,-2.5014870759899495,-0.882299605116732,-1.7425221128020054,0.0,0.0,,,,,,,,,,,,,,,,,-0.024527616594804513,0.09453558476965096,0.03141688866447437,-0.21692310628303613,0.0,,,,,,
1892-11-01 00:00:00+00:00,-2.539016187755876,-0.9903309508963254,-1.9461847414932605,0.0,0.0,,,,,,,,,,,,,,,,,-0.06539224521624742,0.08319954771806692,0.03169273573620572,-0.14591927737163246,0.0,,,,,,
1892-12-01 00:00:00+00:00,-2.5314215470684602,-1.0418438019225267,-1.9676770328749158,0.0,0.0,,,,,,,,,,,,,,,,,-0.08880729645309149,0.02388404967379021,0.031432234820056325,-0.14473366722427805,0.0,,,,,,
1893-01-01 00:00:00+00:00,-2.7240634368869583,-1.0803317927343141,-1.925475000530818,0.0,0.0,,,,,,,,,,,,,,,,,-0.10223797419258229,0.016271828317846904,0.03154301866947899,-0.11911168727065036,0.0,,,,,,
1893-02-01 00:00:00+00:00,-2.541812428131065,-1.1475435856715996,-1.8009329148994673,0.0,0.0,,,,,,,,,,,,,,,,,-0.10553107680441087,-0.006140784530772159,0.031935641464421925,-0.06135635120402139,0.0,,,,,,
1893-03-01 00:00:00+00:00,-2.3701388917000865,-1.1621478554520466,-1.772592359944026,0.0,0.0,,,,,,,,,,,,,,,,,-0.11964249023726126,-0.03966365651914128,0.03179516437121291,0.009315724840191386,1.0,,,,,,
1893-04-01 00:00:00+00:00,-2.3274611355377215,-1.1295567629986596,-1.8235073339359968,0.0,0.0,,,,,,,,,,,,,,,,,-0.08215574883339727,-0.056768511257963894,0.03144210595855004,0.010282624442302435,1.0,,,,,,
1893-05-01 00:00:00+00:00,-2.451838255555268,-1.2645870300541373,-1.9502014426521903,0.0,0.0,,,,,,,,,,,,,,,,,-0.18227018385207217,-0.12984511419271527,0.034131168705994766,0.05258445677976642,1.0,,,,,,
1893-06-01 00:00:00+00:00,-2.4647595909010054,-1.2823418129040602,-2.0485924626473313,0.0,0.0,,,,,,,,,,,,,,,,,-0.17642318305803428,-0.14603441338982837,0.03428918368989272,0.06223188203162966,1.0,,,,,,
1893-07-01 00:00:00+00:00,-2.4498590711466037,-0.8922532264164749,-1.519996907623556,0.0,0.0,,,,,,,,,,,,,,,,,-0.2249502365391587,-0.15785731248963586,0.0349091804098702,0.11325199029678323,1.0,,,,,,
1893-08-01 00:00:00+00:00,-2.265867209648728,-1.1268453502966749,-1.6418654458867938,0.0,0.0,,,,,,,,,,,,,,,,,-0.19004894980379028,-0.11318171031036339,0.03481957308957555,0.1055551249802269,1.0,,,,,,
1893-09-01 00:00:00+00:00,-2.368854813933302,-1.3104046251509238,-2.030413277918586,0.0,0.0,,,,,,,,,,,,,,,,,-0.13173924715018348,-0.03864882408417092,0.03439175883234661,0.0789610418027955,1.0,,,,,,
1893-10-01 00:00:00+00:00,-2.5572371284981004,-1.2375279216702504,-1.9215819325281718,0.0,0.0,,,,,,,,,,,,,,,,,-0.10261783330107921,0.0294130914304489,0.03334839581898154,0.0591124561105385,1.0,,,,,,
1893-11-01 00:00:00+00:00,-2.533267848839271,-1.2797376346210894,-1.9340471701660125,0.0,0.0,,,,,,,,,,,,,,,,,-0.07310918592392834,0.09479003966072685,0.0337669942356732,0.017344251939581667,1.0,,,,,,
1893-12-01 00:00:00+00:00,-2.4772973630562207,-1.2518169129402044,-1.9788120784659409,0.0,0.0,,,,,,,,,,,,,,,,,-0.01511415934949678,0.009590011922696817,0.03233559357810542,0.04472383316576156,1.0,,,,,,
1894-01-01 00:00:00+00:00,-2.474488038454525,-1.3006474130469245,-1.9337036833480368,0.0,0.0,,,,,,,,,,,,,,,,,0.015083399658307073,0.01618834307661121,0.03235444247168792,0.02622648592050769,1.0,,,,,,
1894-02-01 00:00:00+00:00,-2.4351677816829755,-1.2758983319548276,-1.8716423794093857,0.0,0.0,,,,,,,,,,,,,,,,,0.11481500269051637,0.07449946551205677,0.03221304818765216,-0.015792340799690052,0.0,,,,,,
1894-03-01 00:00:00+00:00,-2.7019983990663525,-1.19236373602205,-1.9753045065509105,0.0,0.0,,,,,,,,,,,,,,,,,0.15652312253154843,0.11140186948561492,0.033426386268535786,-0.07358870248385774,0.0,,,,,,
1894-04-01 00:00:00+00:00,-2.5630588402661094,-1.1995525944074883,-1.8544924407559495,0.0,0.0,,,,,,,,,,,,,,,,,0.1414057140262468,0.11684494928364941,0.03346106350110326,-0.08732711301986651,0.0,,,,,,
1894-05-01 00:00:00+00:00,-2.46669064401387,-1.2873582222630586,-1.949748188627438,0.0,0.0,,,,,,,,,,,,,,,,,0.08723737921073038,0.07523712947600991,0.034179778194738455,-0.009746618114714778,0.0,,,,,,
1894-06-01 00:00:00+00:00,-2.38289338389971,-1.297732074658807,-2.001321578257042,0.0,0.0,,,,,,,,,,,,,,,,,0.03172797634522784,0.06586700443929772,0.03426893483736023,0.009736504926718403,1.0,,,,,,
1894-07-01 00:00:00+00:00,-2.4894757765108113,-1.331436669205952,-2.084639283787423,0.0,0.0,,,,,,,,,,,,,,,,,0.0330354209819026,0.011928772702008317,0.03403967626394978,0.04850659143953795,1.0,,,,,,
1894-08-01 00:00:00+00:00,-2.394470722227729,-1.310376871016337,-1.8649256263036058,0.0,0.0,,,,,,,,,,,,,,,,,0.03461786244708698,-0.07008975946931706,0.030271300218640815,0.06864254743362252,1.0,,,,,,
1894-09-01 00:00:00+00:00,-2.2998376842306874,-1.3141186895183998,-1.9404282357401583,0.0,0.0,,,,,,,,,,,,,,,,,0.008578145856633412,-0.0683399777455298,0.030276149288503005,0.07313347150814398,1.0,,,,,,
1894-10-01 00:00:00+00:00,-2.2579422873745694,-1.3238363609890216,-1.9736653421247603,0.0,0.0,,,,,,,,,,,,,,,,,-0.05282110203073209,-0.06942055890743148,0.030277298289118428,0.06209795765575432,1.0,,,,,,
1894-11-01 00:00:00+00:00,-2.1981193242430845,-1.1836262328559832,-1.8131236924508336,0.0,0.0,,,,,,,,,,,,,,,,,-0.06604755842664911,-0.09945782723399699,0.029764335499736793,0.02783243991589046,1.0,,,,,,
1894-12-01 00:00:00+00:00,-2.2044580704611043,-1.2194349659452945,-1.8020739027902724,0.0,0.0,,,,,,,,,,,,,,,,,-0.02297478296350164,-0.13825812232444523,0.028672844693576505,-0.023923620026160997,0.0,,,,,,
1895-01-01 00:00:00+00:00,-2.219821067010698,-1.190345716140186,-1.8396885764165734,0.0,0.0,,,,,,,,,,,,,,,,,-0.020921996452814895,-0.15172570137307595,0.028684059947747507,-0.00968444633276544,0.0,,,,,,
1895-02-01 00:00:00+00:00,-2.2184064035981437,-1.161774009249258,-1.8253864938368767,0.0,0.0,,,,,,,,,,,,,,,,,-0.01422932840595692,-0.20310586722042778,0.027799573988032702,0.06018495944595692,1.0,,,,,,
1895-03-01 00:00:00+00:00,-2.2748411800371384,-1.1901066494212278,-1.7594959127261371,0.0,0.0,,,,,,,,,,,,,,,,,-0.022620704932536206,-0.21473487110142386,0.027654214829094775,0.04434939270843241,1.0,,,,,,
1895-04-01 00:00:00+00:00,-2.278911668285827,-1.203126788113565,-1.799503887169353,0.0,0.0,,,,,,,,,,,,,,,,,-0.024882440796415217,-0.21524682524151562,0.027651009431711338,0.06856945808573833,1.0,,,,,,
1895-05-01 00:00:00+00:00,-2.193378941998343,-1.3058237420370966,-2.012281564745253,0.0,0.0,,,,,,,,,,,,,,,,,0.0183783049854771,-0.17020659851007913,0.02871537040092617,0.039186638958612185,1.0,,,,,,
1895-06-01 00:00:00+00:00,-2.1514479214101883,-1.316420192176149,-1.9234819654241713,0.0,0.0,,,,,,,,,,,,,,,,,0.024120229332364573,-0.1377919390226321,0.028513282483420943,0.03012638968958825,1.0,,,,,,
1895-07-01 00:00:00+00:00,-2.12596956818787,-1.2895180869863638,-1.8506433709663948,0.0,0.0,,,,,,,,,,,,,,,,,0.036818179255678984,-0.12117954803543274,0.028739291088835356,-0.05473241065337664,0.0,,,,,,
1895-08-01 00:00:00+00:00,-2.1014673463127864,-1.246345940513063,-1.7647456471868153,0.0,0.0,,,,,,,,,,,,,,,,,0.07703392396020181,-0.06742503090471086,0.028977302437534765,-0.14186178624309242,0.0,,,,,,
1895-09-01 00:00:00+00:00,-2.0731787255308016,-1.2519176186716146,-1.8356300595875132,0.0,0.0,,,,,,,,,,,,,,,,,0.09750395816446744,-0.08107429246115583,0.02876613712202535,-0.09694111116723558,0.0,,,,,,
1895-10-01 00:00:00+00:00,-2.1731655703882162,-1.2892846527370885,-1.950488507476569,0.0,0.0,,,,,,,,,,,,,,,,,0.08286555810887997,-0.06647706777629647,0.02846865212286501,-0.09000532699066177,0.0,,,,,,
1895-11-01 00:00:00+00:00,-2.2610165712367265,-1.3537171205883751,-1.896194264783092,0.0,0.0,,,,,,,,,,,,,,,,,0.04911199450910786,-0.07732753427931627,0.028767353312059547,-0.018650738685653145,0.0,,,,,,
1895-12-01 00:00:00+00:00,-2.400066757251504,-1.4233159226605734,-2.042817868686958,0.0,0.0,,,,,,,,,,,,,,,,,-0.03715178487494786,-0.1051204091924447,0.02961039335271081,-0.009236992858251192,0.0,,,,,,
1896-01-01 00:00:00+00:00,-2.3922442020357924,-1.4018627248919764,-1.9676661986341228,0.0,0.0,,,,,,,,,,,,0.04212018855003438,0.46867974483096203,-0.008245836952461406,0.02283638495333346,0.8383565293772834,-0.04034294771229874,-0.07260380993051996,0.02924743944825924,0.01717474150081788,1.0,,,,,,
1896-02-01 00:00:00+00:00,-2.4181879717295485,-1.3185579811362929,-1.9307751014359167,0.0,0.0,,,,,,,,,,,,0.9099768836545382,0.01711241029077989,0.012614229047615205,0.029393286974824732,0.3463742332674258,-0.0025509603995379493,-0.004088018197709431,0.030757207640056985,-0.04797603782890825,0.0,,,,,,
1896-03-01 00:00:00+00:00,-2.5310646316618994,-1.3700481301989913,-2.004984805787867,0.0,0.0,,,,,,,,,,,,0.05078153395754353,0.03442712423613684,0.006772788284232555,0.0201088712973677,0.34879283078422313,-0.04691385965772632,-0.03218314172903991,0.030791304576860308,-0.02976691241827112,0.0,,,,,,
1896-04-01 00:00:00+00:00,-2.5658109050787306,-1.3215265988491796,-1.8873348382603685,0.0,0.0,,,,,,,,,,,,0.8826235408674493,0.035893578184701125,0.011799998168137291,0.029216186117986088,0.43393340286360244,-0.02944645421882086,0.07174943717209548,0.027782859717867887,-0.0701581835960754,0.0,,,,,,
1896-05-01 00:00:00+00:00,-2.294408829987361,-1.3168966560370858,-2.0066565004597,0.0,0.0,,,,,,,,,,,,0.04630810368524977,0.011052402836811219,0.0075510502212901886,0.019908031618051405,0.24775405717501037,-0.004533013711665035,0.10541310157007278,0.02745708867694567,-0.060476738762084814,0.0,,,,,,
1896-06-01 00:00:00+00:00,-2.2814027636798517,-1.3311467904003051,-1.948855962818337,0.0,0.0,,,,,,,,,,,,0.7813171700881709,0.14240748734936962,0.007510786598250338,0.028800449385475428,0.6666573569855998,0.026414179106062363,0.17403688136590478,0.02420485576629022,-0.011653584935679362,0.0,,,,,,
1896-07-01 00:00:00+00:00,-2.278458699596446,-1.449463542587915,-2.191375806600532,0.0,0.0,,,,,,,,,,,,0.042991906463363795,0.9395226054433983,-0.024467288656629015,0.025905963756674845,0.2646481110063879,0.006009388628463341,0.09093792923980892,0.026996989588175053,0.09888107735893925,1.0,,,,,,
1896-08-01 00:00:00+00:00,-2.363517331365834,-1.5121673844630534,-2.1587943184133978,0.0,0.0,,,,,,,,,,,,0.0022631907083098253,0.9940582018366834,-0.026595379417322526,0.02581494845209377,0.04032856693234878,-0.055143415950125174,0.003992021269538348,0.02851579541004981,0.1760295953913209,1.0,,,,,,
1896-09-01 00:00:00+00:00,-2.467085105778316,-1.4292323254114905,-1.9950549146186456,0.0,0.0,,,,,,,,,,,,0.03147589918787035,0.19111795348965024,0.0012548679566159906,0.020916073298396162,0.6208796767731136,-0.05962211244872506,0.038907702654644716,0.02968357029942459,0.143608839471713,1.0,,,,,,
1896-10-01 00:00:00+00:00,-2.4012733642387816,-1.4553151009234528,-2.0090855918453627,0.0,0.0,,,,,,,,,,,,0.6054664962083073,0.2773650928470582,0.0017862779449798376,0.0277542858716249,0.910721015278025,-0.051489161590214216,-0.010563117395325783,0.028856999801754334,0.13284168630248416,1.0,,,,,,
1896-11-01 00:00:00+00:00,-2.4416529225223313,-1.4042639380919757,-1.9335937356102377,0.0,0.0,,,,,,,,,,,,0.1736581949835507,0.028301959371784934,0.007733947813312088,0.021412954801947773,0.5849442582268619,-0.03810820226228362,0.04875539425930864,0.02927025249196339,0.05981785427955977,1.0,,,,,,
1896-12-01 00:00:00+00:00,-2.5358024088201003,-1.4669062023394934,-2.024195579494645,0.0,0.0,,,,,,,,,,,,0.47547210149788127,0.4680836852506623,-0.0055800183334096245,0.0275720435778444,0.8710635298626257,-0.08557541669181123,0.004754285219954468,0.029967427595497094,0.11830417174482477,1.0,,,,,,
1897-01-01 00:00:00+00:00,-2.4571012634789837,-1.4147017251784015,-2.003333372359662,0.0,0.0,,,,,,,,,,,,0.06966145810995786,0.06516067697931513,0.005828857582853658,0.020515099182110703,0.48882809270627287,-0.05329459590106911,0.005927282774319309,0.029999902124111324,0.11631843772735717,1.0,,,,,,
1897-02-01 00:00:00+00:00,-2.37417701759876,-1.4392868084749812,-1.8996308098313466,0.0,0.0,,,,,,,,,,,,0.6698813695632311,0.2146951355133203,0.0043392907544775525,0.02805148878362673,0.8479236586407657,0.004205412424930444,-0.061379780866809064,0.028306721264788975,0.10960370001822373,1.0,,,,,,
1897-03-01 00:00:00+00:00,-2.420561929520841,-1.435499304466985,-2.0023720411616646,0.0,0.0,,,,,,,,,,,,0.06953006240339302,0.08190082566073859,0.005251135668802369,0.020622457665658928,0.5296411299660759,0.06518101416709499,-0.07223267858961346,0.028197027192815177,0.06100137748001355,1.0,,,,,,
1897-04-01 00:00:00+00:00,-2.3305411269902274,-1.461239358001114,-2.0210068491296065,0.0,0.0,,,,,,,,,,,,0.6082703499221901,0.29852291100365036,0.001074226220835088,0.027922457707164065,0.8844534620939051,-0.0026635266476606745,-0.05099320320374634,0.027625350602215687,0.06035606782717107,1.0,,,,,,
1897-05-01 00:00:00+00:00,-2.3412231169482074,-1.4312834145685875,-1.9864064373170398,0.0,0.0,,,,,,,,,,,,0.07554801253322252,0.051155321255400905,0.006347460426159686,0.020488458007833308,0.4655328008555456,0.024995574516911923,-0.017295519223641698,0.027771456140303866,0.03589888532254992,1.0,,,,,,
1897-06-01 00:00:00+00:00,-2.440451573667815,-1.3749123225137168,-1.9263872928498478,0.0,0.0,,,,,,,,,,,,0.9445368540668952,0.009159176726369244,0.013099285031466724,0.029719577695399894,0.23915004437454937,0.03341133285603615,0.04913130613344219,0.02859204253310813,0.09672417509966369,1.0,,,,,,
1897-07-01 00:00:00+00:00,-2.352414919706604,-1.3229980675748811,-1.9821036124105758,0.0,0.0,,,,,,,,,,,,0.082979090639007,0.0014035492601330748,0.008107428887604648,0.020246390376064998,0.2964861815818683,0.11412745884565378,0.08426388161852127,0.029448452070823996,0.07135111033309816,1.0,,,,,,
1897-08-01 00:00:00+00:00,-2.431598875709235,-1.310526011260982,-1.9839926021720855,0.0,0.0,,,,,,,,,,,,0.8365668528600331,0.04077175531889539,0.011350740085907873,0.02874417175517298,0.5371282385403032,0.10371143794037785,0.10106057485806375,0.02957401331759714,0.08951024628395654,1.0,,,,,,
1897-09-01 00:00:00+00:00,-2.3148833607801937,-1.2824750916978973,-2.036251495855622,0.0,0.0,,,,,,,,,,,,0.0819941432276763,0.009760304433731137,0.007813415648517744,0.02028992930245914,0.337670836271191,0.13196276485189617,0.1234040860158192,0.02967078782058036,0.06886879431078796,1.0,,,,,,
1897-10-01 00:00:00+00:00,-2.509557868780862,-1.3358411941812294,-2.076755744035712,0.0,0.0,,,,,,,,,,,,0.6601492525692441,0.25860108576807067,0.00276674222671444,0.028230397694995808,0.8278580185975815,0.11111943713054107,0.10493431696757671,0.02989871155772082,0.06618746555280097,1.0,,,,,,
1897-11-01 00:00:00+00:00,-2.693084331608055,-1.4059479506448087,-2.1180058096617103,0.0,0.0,,,,,,,,,,,,0.05441654265645695,0.6682136380833306,-0.015047362721776774,0.024267655631823246,0.7834998923093055,0.09186783561335155,0.06384941537310684,0.030609798050939847,0.13462446458675625,1.0,,,,,,
1897-12-01 00:00:00+00:00,-2.5124316584091897,-1.3453489882366072,-2.0963365397830023,0.0,0.0,,,,,,,,,,,,0.35676882224351797,0.1704807224899492,0.0039517542654751835,0.02433965092439519,1.023491809853243,0.09320549381509835,0.09683197104427155,0.03068915937559362,0.15932600259877816,1.0,,,,,,
1898-01-01 00:00:00+00:00,-2.5126681034184446,-1.3038267078356371,-1.9583072813529758,0.0,0.0,,,,,,,,,,,,0.4672663458858621,0.03427173270523609,0.009320459515780486,0.024662919830503675,0.8181789602398044,0.07467742676196742,0.13803806130136653,0.03080812944241718,0.20567577971320272,1.0,,,,,,
1898-02-01 00:00:00+00:00,-2.688792630541678,-1.3540680225700226,-1.9447102489859085,0.0,0.0,,,,,,,,,,,,0.3574769897542087,0.1568391812823308,0.004426208854371772,0.024258738638725606,1.009040537673223,0.014928035084214919,0.1218126216352724,0.030990755765921765,0.23125771702175246,1.0,,,,,,
1898-03-01 00:00:00+00:00,-3.1244670675297512,-1.4430442939394719,-2.0002285648620255,0.0,0.0,,,,,,,,,,,,0.2405739142649376,0.7050234153631404,-0.015179601089498401,0.02654287238181296,0.7475599390951547,-0.049847203744212365,0.0760958119102666,0.03210729232336754,0.2916604806545884,1.0,,,,,,
1898-04-01 00:00:00+00:00,-3.400943499601573,-1.45655631662228,-2.083650328258179,0.0,0.0,,,,,,,,,,,,0.030358702007175123,0.6317952656097509,-0.013939121839294686,0.023767851229388383,0.7628263971737305,-0.0859162982922026,0.019109482738139505,0.03159132464663002,0.3078183845183471,1.0,,,,,,
1898-05-01 00:00:00+00:00,-3.3529344276479778,-1.459478404123864,-2.2345707280098663,0.0,0.0,,,,,,,,,,,,0.2584604885501597,0.4456395858046342,-0.006131208992909833,0.025052740327491604,1.0702135079917008,-0.07194722646302232,0.008866861172189822,0.03158921759184868,0.2697579241670809,1.0,,,,,,
1898-06-01 00:00:00+00:00,-2.789402560356455,-1.26462178437835,-2.096785591414051,0.0,0.0,,,,,,,,,,,,0.9991134850477259,0.00031459569789758573,0.013737245889985086,0.030258995967177037,0.007693333905212063,0.07031765367614007,0.09734888979356793,0.0362373283976016,0.1271877204705545,1.0,,,,,,
1898-07-01 00:00:00+00:00,-3.0942431172831615,-1.282594443000551,-2.071976108404267,0.0,0.0,,,,,,,,,,,,0.0003942893692390162,9.463639752959169e-05,0.0076484222751145815,0.01933466080575614,0.004456264612022625,0.06717439743392717,0.0869724445179969,0.036062521969651255,0.12978777733050073,1.0,,,,,,
1898-08-01 00:00:00+00:00,-3.1289185859080164,-1.2060603844939664,-1.8525958828245612,0.0,0.0,,,,,,,,,,,,0.9853928523821669,0.014273119520162355,0.013172436069771542,0.030199652139772493,0.07782546578068006,0.07690324649697722,0.11743734963387631,0.036520589913876626,0.10519536970971988,1.0,,,,,,
1898-09-01 00:00:00+00:00,-3.196652934345132,-1.2358912825954849,-1.8135243376558048,0.0,0.0,,,,,,,,,,,,0.00021407410327537927,0.00556570945844402,0.00745877126970453,0.0193682467424301,0.03646412663974401,0.09122785914446041,0.13017492267085284,0.036399270867893595,0.057932495690090846,1.0,,,,,,
1898-10-01 00:00:00+00:00,-3.3133222122640045,-1.2924331496256007,-1.9453679540694828,0.0,0.0,,,,,,,,,,,,0.6959464139885273,0.3025450446454945,0.0014708046414709638,0.028907503415087608,0.6237690788834511,0.11630552520332849,0.14328934260448722,0.03606269543451767,0.06195820203073854,1.0,,,,,,
1898-11-01 00:00:00+00:00,-3.407052569147561,-1.149501130998972,-1.8144176553694868,0.0,0.0,,,,,,,,,,,,0.001943746685606612,0.03271625419499509,0.006533633700617235,0.01956361755452081,0.15807312907021626,0.16613623237293673,0.2223974999860241,0.03526177661454453,0.035907472058387846,1.0,,,,,,
1898-12-01 00:00:00+00:00,-3.051108683837876,-0.6972481582071343,-1.3664685909445264,0.0,0.0,0.5443750049926842,1.2871308418035985,3.556913668844507,10.555057906757408,0.2298507462686567,0.0,335.0,0.0,0.0,336.0,0.0,0.9862834208838078,0.008417549729283267,0.01337967423435203,0.03017133640053166,0.0816045243578245,0.2166326110913266,0.26584241997581515,0.035883147966335335,-0.09275135671433699,0.0,,,,,,
1899-01-01 00:00:00+00:00,-2.4534657372858644,0.007600428054906386,-0.6435528508283658,0.0,0.0,0.5352061160374317,1.4472127937014576,2.322714568784152,10.63993486477871,0.22388059701492538,0.0,335.0,0.0,0.0,336.0,0.0,0.11873044378354679,0.0008207793773229678,0.00834574724100469,0.020633612371718825,0.3709363393775485,0.18362903137550646,0.28352888156861233,0.03669499130975929,-0.15288116080439806,0.0,,,,,,
1899-02-01 00:00:00+00:00,-2.694731550470303,-0.07465390907614386,-0.8605533624119502,0.0,0.0,0.5595334049972073,1.2949780699884017,1.8181520509202398,9.294862581199931,0.22388059701492538,0.0,335.0,0.0,0.0,336.0,0.0,0.7470531201284998,0.06354681013067466,0.010019426055840872,0.0279131846657052,0.7081301022265962,0.17483464177286923,0.30872094594859245,0.03645797518094234,-0.1563344535827218,0.0,,,,,,
1899-03-01 00:00:00+00:00,-2.468507783246592,-0.0037991287022719534,-0.7625570536693697,0.0,0.0,0.6517773083566927,1.3520650711321676,1.9234427890058765,11.47582950035837,0.21791044776119403,0.0,335.0,0.0,0.0,336.0,0.0,0.12090643841204478,0.019180623832024263,0.00772629017854765,0.02077673311479748,0.4610626707990557,0.15230303062641948,0.29918683447911665,0.03637900096955645,-0.1624688823700522,0.0,,,,,,
1899-04-01 00:00:00+00:00,-2.3859517459863673,0.07123553535841518,-0.682502289169192,0.0,0.0,0.7737497936818353,1.3225847819978531,1.8359615957206903,10.4172477400602,0.21194029850746268,0.0,335.0,0.0,0.0,336.0,0.0,0.6904799097408539,0.11703330825502456,0.007830772306127743,0.02764206131868372,0.8239689308853146,0.15303329191535653,0.2877412282978744,0.03641444752151966,-0.14861736265765213,0.0,,,,,,
1899-05-01 00:00:00+00:00,-2.631970642623549,-0.48989890402387265,-1.1249304989687074,0.0,0.0,0.8138754594879121,1.2583118137901743,2.1596836052014394,12.553445713773007,0.21194029850746268,0.0,335.0,0.0,0.0,336.0,0.0,0.1600462063229939,0.6229797736726995,-0.012843670006715545,0.025128939691174766,0.9196026649003838,0.1316232321512576,0.24849839564968246,0.03737177807440031,-0.13044104919744903,0.0,,,,,,
1899-06-01 00:00:00+00:00,-2.5477132289191853,-0.8130620619402916,-1.403562699523039,0.0,0.0,0.7696828182068077,1.237993417878333,2.2558331205089,11.09841951190005,0.21194029850746268,0.0,335.0,0.0,0.0,336.0,0.0,0.07600124058062784,0.8584377930346466,-0.021471346582320645,0.025740007401090143,0.5055273476411386,0.0628809095599383,0.27926902091749906,0.035910431535954995,-0.11216806876044583,0.0,,,,,,
1899-07-01 00:00:00+00:00,-2.3924374800327004,-0.6194187922190231,-1.2771822113722227,0.0,0.0,0.8543725174426475,1.168728036904547,1.396043544492305,12.760387622949219,0.20597014925373133,0.0,335.0,0.0,0.0,336.0,0.0,0.09128693391447557,0.2283794134563876,0.0003358169929067665,0.02181238659019178,0.8178219097040951,0.03763617216564974,0.35862200809159006,0.034039409194285164,-0.14519493966554275,0.0,,,,,,
1899-08-01 00:00:00+00:00,-2.0916486045582388,-0.5836748675296985,-1.0749011183462294,0.0,0.0,0.8525619776212906,1.1155105323578636,1.2846142595525112,10.82396774755669,0.2,1.0,265.0,0.009323241979545956,0.0,336.0,0.0,0.6259234485611481,0.11236678499330703,0.0075975288415989495,0.026905684772747848,0.8897214350537198,-0.023577163506505627,0.31957383051083177,0.033290630697345246,-0.13146313956046374,0.0,,,,,,
1899-09-01 00:00:00+00:00,-2.2799971035197975,-0.9374513364947923,-1.5064076860125382,0.0,0.0,0.6470971284849926,1.1206246984437336,1.2303209369427426,12.571915628770691,0.2,1.0,265.0,0.009323241979545956,0.0,336.0,0.0,0.18411931950629787,0.7162550717920142,-0.01591129182102177,0.02599842877367655,0.7803594273153187,-0.0820973621872012,0.27811274535160546,0.034618427308268224,-0.11841753176575764,0.0,,,,,,
1899-10-01 00:00:00+00:00,-2.4150283090828335,-1.0078589094943644,-1.572522209891467,0.0,0.0,0.6545733333574336,1.0677617160252146,1.1174591182712243,11.113986628659205,0.19402985074626866,1.0,265.0,0.009323241979545956,0.0,336.0,0.0,0.05564189481123588,0.6449289112514816,-0.014237415653971722,0.024129727925758154,0.8046898366862458,-0.11339675342052136,0.2238982833208789,0.03448874264793974,-0.05346075901057823,0.0,,,,,,
1899-11-01 00:00:00+00:00,-2.2906166952738864,-0.9793684972165343,-1.6248194519014847,0.0,0.0,0.6447764720081753,1.011870938375909,1.1216133921361189,12.736282664291451,0.19402985074626866,1.0,265.0,0.009323241979545956,0.0,336.0,0.0,0.27786333595486157,0.2958927667692143,-0.0008520083832094949,0.02429173120293785,1.0796415543867797,-0.10577468008702251,0.26754196490266313,0.033645055238713285,0.01538582232916319,1.0,,,,,,
1899-12-01 00:00:00+00:00,-2.62751921569828,-1.2759875998676915,-1.905388442349277,0.0,0.0,0.7282225893050502,1.1626865930879575,1.620534011583972,11.729374663801014,0.1880597014925373,1.0,265.0,0.009323241979545956,0.0,336.0,0.0,0.06609204129752673,0.933603575152855,-0.024122291304097213,0.026120139692374915,0.24615907920070423,-0.14587666979009128,0.15591632176066028,0.0367153430919609,0.16890490636990485,1.0,,,,,,
1900-01-01 00:00:00+00:00,-2.5023822294796276,-1.221576565854378,-1.8383599748717891,0.0,0.0,0.7210911714936596,1.115906097017204,1.521048324306058,13.44596565338436,0.1880597014925373,1.0,265.0,0.009323241979545956,0.0,336.0,0.0,0.00035292475570516073,0.32014483801708066,-0.00338179873605253,0.02141423991625905,0.6300007214236154,-0.0964398498994461,0.17862375859312252,0.03666189493301385,0.1719704436167957,1.0,,,,,,
1900-02-01 00:00:00+00:00,-2.487306671627598,-1.2302538410236001,-1.8729195132919803,0.0,0.0,0.8167263169667307,1.076217299287548,1.5123880066974393,11.849486736684614,0.18208955223880596,1.0,265.0,0.009323241979545956,0.0,336.0,0.0,0.6326397546965881,0.20330553210108382,0.004504482346191469,0.02757015852552208,0.9100696190558165,-0.1112875891403533,0.18215340478414177,0.03665901907432512,0.20363214537757646,1.0,,,,,,
1900-03-01 00:00:00+00:00,-2.451888031899688,-1.2316507408526314,-1.8274713200101669,0.0,0.0,0.82887729039209,1.0249435370162048,1.4713819731092177,13.573957643491777,0.18208955223880596,1.0,265.0,0.009323241979545956,0.0,336.0,0.0,0.6221835957852564,0.14390277350625424,0.005474573683169736,0.023947521857190516,0.914041518354278,-0.11536122145335259,0.20687613570513985,0.036462533396399543,0.2308376226557174,1.0,,,,,,
1900-04-01 00:00:00+00:00,-2.349465773823722,-1.2214107822494538,-1.6953285654450372,0.0,0.0,0.8336703907698056,0.9780408976453503,1.3872330082885076,11.740526056280906,0.1761194029850746,1.0,275.0,0.009800617949108779,0.0,336.0,0.0,0.6839434554797434,0.12154909888126636,0.0069090511693280345,0.02447539208390824,0.8344376203796011,-0.05351656643238645,0.1996006044023071,0.03640079029943075,0.3112853493688297,1.0,,,,,,
1900-05-01 00:00:00+00:00,-2.4366648391371295,-1.2912489359480708,-1.7548471891480135,0.0,0.0,0.8479319602587072,0.9484569131002824,1.446926669299521,13.552068365349879,0.1761194029850746,1.0,275.0,0.009800617949108779,0.0,336.0,0.0,0.4406320288681256,0.4459177889500393,-0.004538816546156492,0.025529100316133067,0.9681622767001401,-0.06077601907692998,0.1297109313879128,0.03606860797186204,0.28398310077456745,1.0,,,,,,
1900-06-01 00:00:00+00:00,-2.469322411321849,-1.33310225208399,-1.9284332328290639,0.0,0.0,0.8991124960552982,0.9015800154615068,1.5249039208190764,11.967001095132177,0.1701492537313433,1.0,275.0,0.009800617949108779,0.0,336.0,0.0,0.37802841303829027,0.5087868201571707,-0.006979246617847871,0.025527192830124,0.9581407519803207,-0.08519463125889537,0.06821987479811398,0.035566150848055714,0.39690802942428505,1.0,,,,,,
1900-07-01 00:00:00+00:00,-2.4970434839276945,-1.3587749352019005,-1.957284345082042,0.0,0.0,0.8987623906868988,0.8599503115745344,1.519926148065406,13.592210571880736,0.1701492537313433,1.0,275.0,0.009800617949108779,0.0,336.0,0.0,0.4000930313643536,0.46265701712193613,-0.0055310910519439415,0.02521000695178216,0.9956820659848795,-0.01480741078555603,0.0373974730347264,0.035524670152352854,0.32719672819471324,1.0,,,,,,
1900-08-01 00:00:00+00:00,-2.4294819911158974,-1.3453206548532097,-1.9032997316857119,0.0,0.0,0.8286134406602642,0.9015080166319579,1.4582227255904585,11.460979103993479,0.16417910447761194,1.0,275.0,0.009800617949108779,0.0,336.0,0.0,0.8275522282069977,0.12121070179631947,0.008977871379278022,0.02638757162128377,0.5646637542683941,-0.002159142262571301,0.04450185147865504,0.03564869583839736,0.30269907495070303,1.0,,,,,,
1900-09-01 00:00:00+00:00,-2.5405193279952702,-1.3823365898527897,-2.0470684990607673,0.0,0.0,0.8828982080719782,0.8726629418779176,1.756501550836904,13.691356976703576,0.16417910447761194,1.0,275.0,0.009800617949108779,0.0,336.0,0.0,0.5184096501102964,0.4373875038762371,-0.0032136032169708586,0.026454045539372813,0.8401482442810062,-0.04418044037023705,0.026853527283363654,0.03605859931774721,0.3215726389190454,1.0,,,,,,
1900-10-01 00:00:00+00:00,-2.3195672036907,-1.322293458438849,-1.990564672166931,0.0,0.0,0.7767771972516129,0.9134912775569948,1.7001405527143447,11.366266906627361,0.1582089552238806,1.0,275.0,0.009800617949108779,0.0,336.0,0.0,0.9679809058581076,0.030171571251886405,0.01322596231601993,0.027054638279222304,0.14875536493663388,-0.004388630061047394,0.11061967003074091,0.036329814651609935,0.2624319279352054,1.0,,,,,,
1900-11-01 00:00:00+00:00,-2.0788146026506977,-1.1877375171515012,-1.8528116474003804,0.0,0.0,0.9065359369484404,1.1246561355856206,1.1036643604432235,12.967466180599544,0.1582089552238806,1.0,275.0,0.009800617949108779,0.0,336.0,0.0,0.9996461493838924,0.0003518803476373525,0.014411780146795844,0.02708185478285524,0.003177901805307648,0.05822850489979281,0.16462361548700155,0.03822024188993838,0.19627452387626132,1.0,,,,,,
1900-12-01 00:00:00+00:00,-1.8224307864286133,-0.9868651056893701,-1.7038324470562762,0.0,0.0,1.025871049884345,1.3418008881458745,0.5663047882508423,10.730606126511725,0.15223880597014924,0.0,335.0,0.0,0.0,336.0,0.0,0.9999873930399258,4.791923430958921e-06,0.014425190477833203,0.027081806863535392,0.00016320174963880944,0.1534692857772626,0.20850279040320796,0.03966469286778062,0.09721669540383182,1.0,,,,,,
1901-01-01 00:00:00+00:00,-1.7973183862422721,-0.9809720530894316,-1.6810006299327045,0.0,0.0,1.0931484159701264,1.3570550389651475,0.4269202127034964,11.856624582150484,0.15223880597014924,0.0,335.0,0.0,0.0,336.0,0.0,0.7933935438534425,2.933913952638662e-06,0.011460997842734676,0.02432448876022917,0.5094613144818146,0.18769866247779543,0.2409905021916945,0.039510145769535876,0.11409270934799753,1.0,,,,,,
1901-02-01 00:00:00+00:00,-1.5301971026521988,-0.7315302812861313,-1.2882172139085388,0.0,0.0,1.0515618498014196,1.3760477205878752,0.22208207948107514,9.483627339830694,0.15223880597014924,0.0,335.0,0.0,0.0,336.0,0.0,0.9600165376187113,0.023782522905266647,0.013268412491087737,0.026863625031027263,0.19488283808560963,0.2375394959027659,0.3247841726817047,0.03872803162210679,0.08510041354599895,1.0,,,,,,
1901-03-01 00:00:00+00:00,-1.3149571007064829,-0.5338929759024553,-1.2495067010878944,0.0,0.0,0.9498051348042609,1.4368391571845525,0.09063032743665601,5.331116447010816,0.15223880597014924,0.0,335.0,0.0,0.0,336.0,0.0,0.9707731162716173,0.004025364301450887,0.013907394747585353,0.026745211945372036,0.1437590403736456,0.24693954076282854,0.3773576905336862,0.038685194253406,0.05108303522994806,1.0,,,,,,
1901-04-01 00:00:00+00:00,-0.62494192931933,0.13065122003443094,-0.6758350103446396,0.0,0.0,0.9772543389701018,1.7398412756991932,0.0364721311040954,3.6109350980098545,0.15223880597014924,0.0,335.0,0.0,0.0,336.0,0.0,0.999851287668111,0.00014870852708767516,0.014419707327949892,0.027081898640219607,0.0014594209662450641,0.3761863147022009,0.47498706844858685,0.04100131270105921,-0.020447743640146676,0.0,,,,,,
1901-05-01 00:00:00+00:00,-1.155165220620335,-0.46916581040199934,-1.1388073996103172,0.0,0.0,1.0119091510262972,1.8004537295107128,0.02567426494965842,4.268524344435799,0.16417910447761194,0.0,335.0,0.0,0.0,336.0,0.0,0.9902786093242434,0.0013681314612026567,0.014252444582910744,0.026970306669100157,0.05866707602829627,0.2766678407082157,0.31696985706281655,0.03914476546992036,0.017038440690017254,1.0,,,,,,
1901-06-01 00:00:00+00:00,-0.15111065568812954,0.5106092330263836,-0.10818003436055401,0.0,0.0,1.0349487015041066,2.075843528023547,0.11382654247087431,3.2553304846931344,0.15223880597014924,0.0,335.0,0.0,0.0,336.0,0.0,0.9999558285152635,4.416960733799327e-05,0.014423771646488356,0.027081907727959372,0.0004871178049262044,0.2963275758362265,0.39377679388930087,0.041736724596371254,-0.09552974287469862,0.0,,,,,,
1901-07-01 00:00:00+00:00,-0.8600246816257663,-0.19540366657365657,-0.9594716767851442,0.0,0.0,1.0713500806291472,2.2586507423078004,0.0489745342932701,4.053740458372666,0.1582089552238806,0.0,335.0,0.0,0.0,336.0,0.0,0.9979767587350297,0.002018041450855964,0.014346956370905904,0.027081667247777563,0.014607672847577143,0.14348441103925236,0.2750839549454831,0.04434798967937118,0.008803203507612878,1.0,,,,,,
1901-08-01 00:00:00+00:00,-0.7861293731392358,-0.18090042079122035,-0.7668171502530529,0.0,0.0,0.7937750505809413,2.293005090590538,0.04256231832428718,2.949639512356358,0.15223880597014924,1.0,290.0,0.01132196574934185,0.0,336.0,0.0,0.6318588808873019,0.0007155242715401659,0.00912579538267422,0.022178024025692404,0.6631409299163749,0.12856948907133603,0.2783321321185701,0.044330359006261935,0.04554030468515613,1.0,,,,,,
1901-09-01 00:00:00+00:00,-0.895497383771725,-0.3248383998090873,-0.9025947958818765,0.0,0.0,0.6302881019625155,2.255490730357283,0.1551088276913875,3.176888325562618,0.8388059701492537,1.0,290.0,0.01132196574934185,0.0,336.0,0.0,0.42523982033621766,0.40413332801449336,-0.0037346886404887613,0.024769617145769668,1.0314878387392246,0.07376005317123191,0.2822387006496081,0.044259788165685675,0.05334598070529317,1.0,,,,,,
1901-10-01 00:00:00+00:00,-1.0041686902452223,-0.41389500280396374,-0.9567695900178943,0.0,0.0,0.7325231158694157,2.1579341796558142,0.15639523746727632,3.0322429457614866,0.8388059701492537,1.0,290.0,0.01132196574934185,0.0,336.0,0.0,0.4155959329469229,0.4251100249106281,-0.004387621254368971,0.024919051488786686,1.0211765127032097,0.02720567521844064,0.23842713337919008,0.04416773992946551,-0.03494979368767037,0.0,,,,,,
1901-11-01 00:00:00+00:00,-0.9374149932925906,-0.3709921872285973,-0.840798562149043,0.0,0.0,0.8284249825122812,2.1536933139456913,0.21371985309006664,3.1300774662183692,0.8328358208955224,1.0,290.0,0.01132196574934185,0.0,336.0,0.0,0.6145283424879846,0.21492653142461865,0.003622514244044412,0.024787109390402216,0.9313073291969794,-0.05678232059277555,0.2015721367644847,0.04364229704577968,-0.050181528193993685,0.0,,,,,,
1901-12-01 00:00:00+00:00,-1.1009892373212502,-0.55053431570412,-1.0960737111136818,0.0,0.0,0.8363463073673473,2.144529850408199,0.2868328280003223,2.98711122531799,0.8328358208955224,1.0,290.0,0.01132196574934185,0.0,336.0,0.0,0.3719748693012788,0.5626689341404351,-0.008387838045572778,0.026160863415481475,0.8697126658313343,-0.033297119593473035,0.10004370609383706,0.04237493690298145,-0.05650762799793174,0.0,,,,,,
1902-01-01 00:00:00+00:00,-0.9688505974506869,-0.36796734039332535,-1.0543137392054507,0.0,0.0,0.8525059814937898,2.135573278962201,0.22019141990071242,3.0863500272424234,0.826865671641791,1.0,290.0,0.01132196574934185,0.0,336.0,0.0,0.8909343726180102,0.0897279614917013,0.010659562646820761,0.02681604436624284,0.3955214350227898,-0.09511665759849208,0.12382549451793956,0.042671828019192,-0.05099738273090271,0.0,,,,,,
1902-02-01 00:00:00+00:00,-0.9074148342582443,-0.3460556281852214,-0.9975266222754752,0.0,0.0,0.7755274509970363,2.0952516766339335,0.3454150738147066,2.8913059425573566,0.826865671641791,1.0,290.0,0.01132196574934185,0.0,336.0,0.0,0.6825785796480762,0.031557624547407084,0.009096968716400766,0.023263910533917447,0.727692772759587,-0.004556818745948377,0.11822410557311525,0.04264125720660427,-0.06550492807007213,0.0,,,,,,
1902-03-01 00:00:00+00:00,-0.8547674684763751,-0.3583504059884056,-0.9764799051095023,0.0,0.0,0.761619567624922,2.0437573038880235,0.2959283025039482,3.1019013494299372,0.8208955223880597,1.0,290.0,0.01132196574934185,0.0,336.0,0.0,0.5560058904788883,0.158001835371187,0.004179194892745122,0.02325123491631401,0.9759016073713671,-0.004676498957926434,0.12062234124528715,0.04263565985279268,-0.07324442155271882,0.0,,,,,,
1902-04-01 00:00:00+00:00,-0.7893123734664835,-0.2558255484880966,-0.9140496065474419,0.0,0.0,0.7413108520058116,2.0053861447322094,0.2104591524390375,2.9055790990535897,0.8208955223880597,1.0,300.0,0.012360654899474258,0.0,336.0,0.0,0.7912840721231766,0.10982543080742357,0.008736772645351129,0.025752554711641812,0.6566346711282581,0.03416593214300878,0.18478140064135928,0.041973506856366416,-0.13652222195639308,0.0,,,,,,
1902-05-01 00:00:00+00:00,-0.8603133260192065,-0.3562951675181998,-1.0405882870164573,0.0,0.0,0.7893844077341622,1.9586885725787937,0.287241716755795,3.1082268721404547,0.8149253731343283,1.0,300.0,0.012360654899474258,0.0,336.0,0.0,0.5470022438332993,0.18829417620298017,0.0033069347520587843,0.023532737395745105,0.9962412562426534,0.03127435346302754,0.20682057728227932,0.04149489456020396,-0.11890395219126759,0.0,,,,,,
1902-06-01 00:00:00+00:00,-0.9160771199977756,-0.46878325137292304,-1.0600401750639752,0.0,0.0,0.7792569519219441,1.9144340557520207,0.26829342138552376,3.148655433828891,0.844776119402985,1.0,300.0,0.012360654899474258,0.0,336.0,0.0,0.4025058404452216,0.45385865252632696,-0.005280646848236675,0.025125545176905104,1.0035544860970789,0.004523309085266547,0.16845927368410152,0.0415978425308601,-0.1581313866426255,0.0,,,,,,
1902-07-01 00:00:00+00:00,-0.7438711704980688,-0.3628223133056408,-0.925705415087257,0.0,0.0,0.8136967744847542,1.8757755647212273,0.1928398937902116,3.782124105553363,0.844776119402985,1.0,300.0,0.012360654899474258,0.0,336.0,0.0,0.7879282214735926,0.13897045479569217,0.007973691703707724,0.026094222044827434,0.6532850829979183,0.055070919143033414,0.1786917887433761,0.04168652141530946,-0.22754327028877785,0.0,,,,,,
1902-08-01 00:00:00+00:00,-0.5994746778710262,-0.1945462794093328,-0.6403827745823085,0.0,0.0,0.8633718496815973,1.8725262500486983,0.13145044731071154,4.114146528942715,0.844776119402985,1.0,300.0,0.012360654899474258,0.0,336.0,0.0,0.9654174161383798,0.02007425690210826,0.013436869253491987,0.026886536844207744,0.17384837146478674,0.060017084408494625,0.2659399411136354,0.04094796638049175,-0.2982692743265787,0.0,,,,,,
1902-09-01 00:00:00+00:00,-0.7288152112882021,-0.2700655563837258,-0.7889594311091124,0.0,0.0,0.8950927911848879,1.8203784035468142,0.1753556223504922,3.66853718087143,0.8388059701492537,1.0,300.0,0.012360654899474258,0.0,336.0,0.0,0.611884085221219,0.023792389030838967,0.00827311605969009,0.022217425189384236,0.757372478882682,0.04200562033052613,0.27362647932416273,0.040831914478235073,-0.3247860302315084,0.0,,,,,,
1902-10-01 00:00:00+00:00,-1.2982824551030554,-0.809171605613191,-1.4383435191662426,0.0,0.0,0.9322781001004738,2.1087150036693436,0.4132536513077357,4.667155964980986,0.8388059701492537,1.0,300.0,0.012360654899474258,0.0,336.0,0.0,0.0128124808869728,0.9871875189668289,-0.023954640172074097,0.02699633666769082,0.06855832968610016,-0.05882715369917779,0.16756986763313186,0.04468938591054935,-0.24663988930237846,0.0,,,,,,
1902-11-01 00:00:00+00:00,-1.1569570323435485,-0.8225207744422336,-1.3661226492835359,0.0,0.0,0.927226275178526,2.0579543597854286,0.5086334772594545,4.109136869064123,0.8328358208955224,1.0,300.0,0.012360654899474258,0.0,336.0,0.0,0.3612495448057573,0.6174322272963187,-0.009885076278585895,0.026743866559351494,0.7475731457652,-0.08651610514662256,0.244141965284828,0.04208044595453285,-0.2256728475271288,0.0,,,,,,
1902-12-01 00:00:00+00:00,-1.25361467811919,-0.9443568134748368,-1.491970859769435,0.0,0.0,0.9357393622666401,2.042395125255676,0.3524899176437132,4.685962445381001,0.8328358208955224,1.0,305.0,0.01539231757518943,0.0,336.0,0.0,0.21129774140496904,0.7750598658018083,-0.01590322997657637,0.026832647629581395,0.5845447407126338,-0.10684318828142203,0.19641723890030338,0.04264240245566305,-0.1459891584215729,0.0,,,,,,
1903-01-01 00:00:00+00:00,-1.1157145215549331,-0.8079385203345069,-1.3364220450620579,0.0,0.0,0.9565954256020406,2.0447889395573204,0.23883560182404345,4.180168907180329,0.826865671641791,1.0,305.0,0.01539231757518943,0.0,336.0,0.0,0.9008859896816601,0.09359390363662541,0.010707517881979746,0.027000124540265322,0.34443670390715725,-0.05058429745469617,0.22916256536975865,0.04300664430059485,-0.19129456383244658,0.0,,,,,,
1903-02-01 00:00:00+00:00,-1.1548258461794536,-0.839151873823082,-1.2592318077966613,0.0,0.0,0.9745960837753667,1.991858025589863,0.27838471416454136,4.758252008856146,0.826865671641791,1.0,305.0,0.01539231757518943,0.0,336.0,0.0,0.5930527981700451,0.05185589354654116,0.007314521128725345,0.022338209772073032,0.8309643979343518,-0.07886495032363339,0.2151880598730953,0.04305722415330928,-0.23540949201317662,0.0,,,,,,
1903-03-01 00:00:00+00:00,-1.1057202565917361,-0.8629771540966451,-1.3517209119526252,0.0,0.0,0.9772764544707571,1.9369128080877045,0.29775002521810146,4.178965054085173,0.8208955223880597,1.0,305.0,0.01539231757518943,0.0,336.0,0.0,0.4731904346937826,0.28066999992870434,-1.8117023971712913e-05,0.02377249334640624,1.0557330668662264,-0.12346122519580138,0.19599528235022046,0.043093779609743234,-0.22067554120368982,0.0,,,,,,
1903-04-01 00:00:00+00:00,-1.232726407936807,-0.9970002276156076,-1.628363711779432,0.0,0.0,0.8838559287534917,1.9636044366571175,0.22265320891628734,4.750902241693525,0.8208955223880597,1.0,305.0,0.01539231757518943,0.0,336.0,0.0,0.17130745194105995,0.8233188974308036,-0.017660815862610754,0.026938822581310917,0.49038377754589557,-0.15570227051867747,0.17870022788241524,0.04354452002129624,-0.14317685747522813,0.0,,,,,,
1903-05-01 00:00:00+00:00,-1.2262751336092164,-0.9797455625673135,-1.3908374048289005,0.0,0.0,0.8768279306626007,1.909231487353938,0.19015861106308724,4.181154379997183,0.8149253731343283,1.0,305.0,0.01539231757518943,0.0,336.0,0.0,0.5173805444439785,0.3824763934290609,-0.0018813932609292063,0.025712202516907,0.9389800397848371,-0.05267980504056968,0.20008469385145755,0.043360895678146605,-0.1446414110852583,0.0,,,,,,
1903-06-01 00:00:00+00:00,-1.367812534114707,-1.0158726137490044,-1.4215514428207898,0.0,0.0,0.8998073020957666,1.9628644534434956,0.2840831956873305,4.563523699091466,0.8149253731343283,1.0,305.0,0.01539231757518943,0.0,336.0,0.0,0.10472718225032872,0.8950357165239952,-0.020375340766331237,0.02700116044262113,0.33753713644580874,-0.10342654936336526,0.15552282670701878,0.04454286828220141,-0.08626034428440654,0.0,,,,,,
1903-07-01 00:00:00+00:00,-1.4553547603931565,-0.9735286394011798,-1.3874599195328683,0.0,0.0,0.9312339249299185,1.9960169864791455,0.3004670726454954,3.6723223657470334,0.808955223880597,1.0,305.0,0.01539231757518943,0.0,336.0,0.0,0.07489834567729928,0.9247412055383897,-0.02153200818126946,0.026996939153970185,0.26931901493395616,-0.1159647231478127,0.08261165801506198,0.04521244548879836,0.0014427484906915922,1.0,,,,,,
1903-08-01 00:00:00+00:00,-1.51730576008357,-0.9033176935450823,-1.4024083939758916,0.0,0.0,0.9407385418650208,1.976310470208475,0.3021971799426126,3.8035955591136013,0.808955223880597,0.0,335.0,0.0,0.0,336.0,0.0,0.13962329824671377,0.8564184858076168,-0.01892736127290054,0.026954844345928517,0.4295296128996986,-0.18725480718718135,0.08608819855281435,0.04512916596803263,0.05574635462160149,1.0,,,,,,
1903-09-01 00:00:00+00:00,-1.5588409936948715,-0.7900341345050561,-1.3121523441386782,0.0,0.0,0.8790204637457478,1.9608894639299936,0.30264531562564756,2.9033383127403125,0.8029850746268656,0.0,335.0,0.0,0.0,336.0,0.0,0.13481409539343406,0.8612892017050249,-0.019115843614465267,0.0269552431056138,0.4203777770020859,-0.21727548183091017,0.0023012081032325327,0.044873146871835086,0.12341372287964258,1.0,,,,,,
1903-10-01 00:00:00+00:00,-1.5898950817185293,-0.7099037982007127,-1.3606652608603578,0.0,0.0,1.010040454544236,1.9256904932196297,0.33232746586221595,2.936581348228439,0.8029850746268656,0.0,335.0,0.0,0.0,336.0,0.0,0.2436338285517682,0.7295862760635088,-0.014323794887124775,0.026661250576490193,0.671000870246556,-0.23222262144883743,-0.09445584399840978,0.04304522284617367,0.20194695545705965,1.0,,,,,,
1903-11-01 00:00:00+00:00,-1.5436584706521554,-0.7823673913497151,-1.4723448620647601,0.0,0.0,1.134245712007082,1.9204797867906576,0.3694347231461113,2.681087353335663,0.7970149253731343,0.0,335.0,0.0,0.0,336.0,0.0,0.6762047686534871,0.23537640786120317,0.004005818694798335,0.025881430870314703,0.8195346398906694,-0.17566673071735828,-0.15043578861220563,0.04123367634827815,0.21714350799732252,1.0,,,,,,
1903-12-01 00:00:00+00:00,-1.5440143787784735,-0.9870821804257586,-1.5420311545115597,0.0,0.0,1.3134061936576276,1.96246594512231,0.34567006002440204,3.540252377122552,0.7970149253731343,0.0,335.0,0.0,0.0,336.0,0.0,0.9738866670894261,0.022389169496009723,0.013501602216059208,0.02703026642141332,0.1316587336610081,-0.13392839451172733,-0.12154236313806521,0.041940590651753325,0.18172492006432694,1.0,,,,,,
1904-01-01 00:00:00+00:00,-1.5598285812111596,-0.9660853133392234,-1.8550054658377817,0.0,0.0,1.2956159598099342,1.9176040427802878,0.3700520402909111,3.032912047057027,0.7910447761194029,0.0,335.0,0.0,0.0,336.0,0.0,0.6093293166253916,0.014326113212420525,0.008468668682989884,0.022057807569552546,0.7304663081929033,-0.08374747464451726,-0.1657641438402644,0.041329605113015935,0.209974314768397,1.0,,,,,,
1904-02-01 00:00:00+00:00,-1.5761664839431053,-0.18556377076758232,-0.9622815139996246,0.0,0.0,1.2773557011142376,1.9457058395340496,0.3804619286974105,2.8418201465349697,0.7910447761194029,0.0,335.0,0.0,0.0,336.0,0.0,0.14704055473485012,0.8515447957672714,-0.018701385247240198,0.026989214394483367,0.4280109182662234,-0.08673117204803216,-0.2510590547957987,0.041417391577814724,0.3029597001341866,1.0,,,,,,
1904-03-01 00:00:00+00:00,-1.544526425090403,-0.11513868808944347,-0.8083585323641141,0.0,0.0,1.2123817213256158,1.913494047113326,0.32141333016757095,2.55025308762647,0.7850746268656716,0.0,335.0,0.0,0.0,336.0,0.0,0.5735025737182599,0.34477755863335646,-0.00015138967119839768,0.025961354615578133,0.8906657124262999,-0.04586749207291252,-0.33596560822229904,0.037688428258526384,0.33406346245169427,1.0,,,,,,
1904-04-01 00:00:00+00:00,-1.539534233082101,-0.3464799579229318,-1.0292226224659955,0.0,0.0,1.209217922574848,1.8968156217278578,0.29608321267770993,3.2208172112214526,0.7850746268656716,0.0,335.0,0.0,0.0,336.0,0.0,0.9337981123478343,0.048885312120524424,0.012276452519389329,0.026846559206079236,0.2817476029931801,0.025906902237602836,-0.24845973036738034,0.03771674247827904,0.2859906281056164,1.0,,,,,,
1904-05-01 00:00:00+00:00,-1.5451458197757846,-0.3750551275381676,-1.0647942368005952,0.0,0.0,1.278020158995267,1.7998497010064642,0.3146129901004742,2.8535015699655437,0.7791044776119403,0.0,335.0,0.0,0.0,336.0,0.0,0.08285337096065543,0.2527200990036124,0.0032512444390037252,0.02540242918276994,0.8256092182541156,0.049318673176550476,-0.3414647466580858,0.03333696830397565,0.24501289048890307,1.0,,,,,,
1904-06-01 00:00:00+00:00,-1.5967152294670508,-0.41486924996937624,-1.1046083592318037,0.0,0.0,1.2396784346515104,1.729136631435432,0.2989051664806606,3.163479597427206,0.7791044776119403,0.0,335.0,0.0,0.0,336.0,0.0,0.6828825102625697,0.1750150450732704,0.004416981893456984,0.029784779823985853,0.842775648127122,0.03598595387935699,-0.257934245772101,0.03091592522832754,0.2551712059282911,1.0,,,,,,
1904-07-01 00:00:00+00:00,-1.585328889516164,-0.654031395967566,-1.3437705052299935,0.0,0.0,1.2267036431952765,1.8874006840870048,0.33670776257646545,3.183237765430807,0.7731343283582089,0.0,335.0,0.0,0.0,336.0,0.0,0.22450165804906785,0.2815743763980762,0.0030380158370573785,0.027405800862589737,1.040633474703748,0.03146718376445179,-0.21864466844494945,0.03193814948805525,0.24543074293810463,1.0,,,,,,
1904-08-01 00:00:00+00:00,-1.653621681515941,-0.7952569446435873,-1.4849960539060147,0.0,0.0,1.0265505694443495,1.9568697542357592,0.3938262913258116,3.8045347614937586,0.7731343283582089,0.0,335.0,0.0,0.0,336.0,0.0,0.5268729446179508,0.19850504183089973,0.0040798771204421085,0.02871281460789265,1.0134992960537612,0.059786111266866726,-0.17973808574462957,0.032219953181795435,0.24887536647062536,1.0,,,,,,
1904-09-01 00:00:00+00:00,-1.732524587099577,-0.9196426384982632,-1.6093817477606907,0.0,0.0,0.9596404777998963,1.9664014533973955,0.6067444258362886,3.6582827498264994,0.7671641791044777,0.0,335.0,0.0,0.0,336.0,0.0,0.32828512084647676,0.20496688896810286,0.0038933256811983924,0.02686715397899587,1.046167288512652,0.14154773306190904,-0.1367169969523303,0.03279301221257565,0.23186020666295448,1.0,,,,,,
1904-10-01 00:00:00+00:00,-1.693347433984126,-1.0524029203475183,-1.7421420296099457,0.0,0.0,0.8226998049063412,2.102704135569458,0.952172618105475,4.395134284627624,0.7671641791044777,0.0,335.0,0.0,0.0,336.0,0.0,0.6239200098715468,0.2981227591072517,0.003107482115137434,0.03172443722985853,0.8540420498947562,0.19039987521191204,-0.08878341241761145,0.03431931629257754,0.18874980050335832,1.0,,,,,,
1904-11-01 00:00:00+00:00,-1.4383530958545512,-1.0878421257762916,-1.777581235038719,0.0,0.0,0.6257612214383521,2.3354677277876714,1.1947256269837219,4.146159468256424,0.7611940298507462,0.0,335.0,0.0,0.0,336.0,0.0,0.11339376449674661,0.2872886858037124,0.0029119212360731086,0.02641625786596001,0.912000344649516,0.18465363475519236,-0.03050897601871494,0.03445088454480807,0.14189706774992228,1.0,,,,,,
1904-12-01 00:00:00+00:00,-1.4636196273553486,-1.0936336565140206,-1.783372765776448,0.0,0.0,0.42418818556983656,2.5231556170097553,0.9612108413582263,4.733251321761429,0.7611940298507462,0.0,335.0,0.0,0.0,336.0,0.0,0.623782533427803,0.19095728145921576,0.004216388153323338,0.02952328089078384,0.9229129293153125,0.1924379366378579,-0.0539101524217358,0.033995492524609004,0.14526446946085425,1.0,,,,,,
1905-01-01 00:00:00+00:00,-1.503265348690773,-1.0587683238375063,-1.7485074330999337,0.0,0.0,0.40092016138970954,2.6078775666660223,1.1892620391100084,4.5997294547266305,0.755223880597015,0.0,335.0,0.0,0.0,336.0,0.0,0.19200897605987172,0.1711542154689121,0.004161103239831027,0.02481551775392133,0.9063429126191457,0.2124871844082863,-0.040890242617866335,0.034180142240192696,0.1576788456141287,1.0,,,,,,
1905-02-01 00:00:00+00:00,-1.3027171802644197,-0.9279984728535395,-1.617737582115967,0.0,0.0,0.42582936429827034,2.64510132071477,1.5754800684693357,5.136058588849892,0.755223880597015,0.0,335.0,0.0,0.0,336.0,0.0,0.7330124471051176,0.16081603947506123,0.004594130098843781,0.029992703838491813,0.759669408894623,0.21478577959546286,0.0008176101084398368,0.03498373437358534,0.1076274566677693,1.0,,,,,,
1905-03-01 00:00:00+00:00,-1.1775525302826282,-0.810089894017336,-1.4998290032797634,0.0,0.0,0.6355510682874729,2.768274496609741,2.589309210374481,5.974374241497302,0.7492537313432835,0.0,335.0,0.0,0.0,336.0,0.0,0.1717792294975576,0.26942278231187006,0.003131991200098756,0.02663115180245755,0.981139828878856,0.23244961575718026,0.018545597869541908,0.03543077147902769,0.043524977836012724,1.0,,,,,,
1905-04-01 00:00:00+00:00,-1.2580906713037678,-0.882611444254793,-1.5723505535172204,0.0,0.0,0.7957158124900773,2.7446386641954303,3.104966093233625,7.002928524157727,0.7492537313432835,0.0,335.0,0.0,0.0,336.0,0.0,0.5676959155424002,0.23103137087611947,0.003767884915893896,0.029787155386987656,0.9825787908978064,0.18848380746357662,0.020492457048218782,0.03540848591678207,0.04208656816428569,1.0,,,,,,
1905-05-01 00:00:00+00:00,-1.4427594179159793,-1.0397684729602614,-1.7295075822226889,0.0,0.0,1.0486189947928424,2.7029188770113937,3.6990223113807663,7.388563065158493,0.7432835820895523,0.0,335.0,0.0,0.0,336.0,0.0,0.24872593253131806,0.5564678403785672,0.0002079134196900517,0.03328986041488607,0.9909037864569175,0.09238460820839389,-0.000922113294484106,0.0359135662343834,0.04305522351793378,1.0,,,,,,
1905-06-01 00:00:00+00:00,-1.2863878242439017,-0.9713974222476532,-1.6611365315100808,0.0,0.0,1.1165113542474459,2.578728419573418,3.839866138872925,7.8481809092106785,0.7432835820895523,0.0,335.0,0.0,0.0,336.0,0.0,0.23122920890275248,0.3783573104513656,0.002040523889338092,0.029459483989872196,1.073534115514641,0.0740136518103256,-0.011566243351422756,0.03576329956431183,0.044341027336614935,1.0,,,,,,
1905-07-01 00:00:00+00:00,-0.9576685175285391,-0.8662914256728831,-1.5560305349353105,0.0,0.0,0.7414251710423325,2.6593534619746375,2.6517965830396757,6.333738928119967,0.7373134328358208,0.0,335.0,0.0,0.0,336.0,0.0,0.465940407022072,0.2944729443803877,0.003050043103858444,0.03007574761099467,1.058181803102331,0.09517300663822947,-0.018754230192000954,0.035556252611366065,0.02120455264913179,1.0,,,,,,
1905-08-01 00:00:00+00:00,-0.912146730467042,-0.7899795201060481,-1.4797186293684756,0.0,0.0,0.5318987863060504,2.60851327689449,1.7509284028267569,6.09326144654077,0.7373134328358208,0.0,335.0,0.0,0.0,336.0,0.0,0.270735821282407,0.23742832103837933,0.0035227195948318033,0.02696019236038193,1.0441540616092657,0.09868716296909508,0.015791300020702614,0.03578061384654158,0.04470895142059472,1.0,,,,,,
1905-09-01 00:00:00+00:00,-0.8745127622205784,-0.747325514462732,-1.4370646237251594,0.0,0.0,0.5448753977137551,2.558534561974682,1.8041828203765842,5.669221220974518,0.7313432835820896,0.0,335.0,0.0,0.0,336.0,0.0,0.4910697932875616,0.16610681106489786,0.00439356898185587,0.02769111001643617,1.0144220927400762,0.07044823959067692,0.13009300339829455,0.03131761806492422,0.049215555134544786,1.0,,,,,,
1905-10-01 00:00:00+00:00,-0.7828217140172591,-0.6992744992354293,-1.3890136084978568,0.0,0.0,0.616823309098899,2.5552941977675294,2.052037652016477,6.1689264486077455,0.7313432835820896,0.0,335.0,0.0,0.0,336.0,0.0,0.3185061046878155,0.13577320150268912,0.004603474662229291,0.02534939733533531,0.9660295928761562,0.04508621326357609,0.15014791627974056,0.03131635547360447,-0.017103399016351162,0.0,,,,,,
1905-11-01 00:00:00+00:00,-0.8149034993965667,-0.7842206230529507,-1.4739597323153781,0.0,0.0,0.7333485799485245,2.55943300176775,2.066395411287047,6.181474256308366,0.7253731343283583,0.0,335.0,0.0,0.0,336.0,0.0,0.5490007122110815,0.16010647076883014,0.004490575671920328,0.028145040363974836,0.9817075315879301,0.04056007439949827,0.16789571972913908,0.030808898161010994,0.009211534144469624,1.0,,,,,,
1905-12-01 00:00:00+00:00,-0.7517780468138496,-0.3713039540146214,-1.061043063277049,0.0,0.0,0.706127115515068,2.5078676608212733,1.7021221636949508,6.364576872023968,0.7253731343283583,0.0,335.0,0.0,0.0,336.0,0.0,0.26614577118219346,0.13515883091859346,0.004578276695120466,0.02481518011425028,0.9299262456535442,0.09268951560980909,0.14235169977002116,0.03028144736441636,-0.02367755730008181,0.0,,,,,,
1906-01-01 00:00:00+00:00,-0.5917368889102725,-0.13829798667301277,-0.8280370959354402,0.0,0.0,0.871861658817514,2.4953525457744745,2.2158313687186695,6.47400108424926,0.7194029850746269,0.0,335.0,0.0,0.0,336.0,0.0,0.6629369382008871,0.1254766027415532,0.0049176039438764245,0.028569208839572452,0.8615803175372863,0.11499482409412387,0.1822935310663345,0.03064387850814401,-0.07587085899688706,0.0,,,,,,
1906-02-01 00:00:00+00:00,-0.6432307781284161,-0.3328024801140325,-1.02254158937646,0.0,0.0,0.8214472759920679,2.4217511656170387,1.6295759827566056,6.490745266608313,0.7194029850746269,0.0,335.0,0.0,0.0,336.0,0.0,0.1941404842831957,0.14989950071632493,0.00438233965017189,0.02440045578918204,0.8792968018320471,0.07698249332512752,0.18168948832892795,0.030650842671084658,-0.12190549898849667,0.0,,,,,,
1906-03-01 00:00:00+00:00,-0.7546879645835867,-0.5644499089832511,-1.2541890182456785,0.0,0.0,0.7540762454214638,2.368528289062044,1.2136308323019502,5.941707623445341,0.7134328358208956,0.0,335.0,0.0,0.0,336.0,0.0,0.6742391938723873,0.1869673360128775,0.004288086048082339,0.029944021156939987,0.8533608578368801,0.027099227122567626,0.1985927976619477,0.03001721504779892,-0.18998371730967367,0.0,,,,,,
1906-04-01 00:00:00+00:00,-0.8003776125037506,-0.6259487585423443,-1.3156878678047716,0.0,0.0,0.672446816920609,2.326353412298807,0.9892897879304264,6.049472350570363,0.7134328358208956,0.0,335.0,0.0,0.0,336.0,0.0,0.14571193892381817,0.2282311698704441,0.0035425477567294374,0.025525932607870686,0.9110383119569836,-0.0012898310350921705,0.18148297740377206,0.030193851463223727,-0.17150931596296637,0.0,,,,,,
1906-05-01 00:00:00+00:00,-0.9510407203437081,-0.8674890804628252,-1.5572281897252527,0.0,0.0,0.5860242466899863,2.2851709560635705,0.7163963763720986,5.460423588210924,0.7074626865671642,0.0,335.0,0.0,0.0,336.0,0.0,0.6045237695384621,0.34502635574333645,0.0026104165367002888,0.032494005295228376,0.8221023151070911,-0.05330996877703065,0.20026449686607517,0.02921000457977245,-0.18971060231585213,0.0,,,,,,
1906-06-01 00:00:00+00:00,-0.8784887605734797,-0.71784282079384,-1.4075819300562675,0.0,0.0,0.5751619187822746,2.2550476073979664,0.9450991824813313,5.845847709114504,0.7074626865671642,0.0,335.0,0.0,0.0,336.0,0.0,0.0654919717342627,0.24301103555290388,0.0033412544030011265,0.02503017940634328,0.7773858140482077,-0.023542388602981745,0.26031805427397003,0.027745058944716287,-0.24567571024234702,0.0,,,,,,
1906-07-01 00:00:00+00:00,-0.8754666334179779,-0.7130564903561877,-1.402795599618615,0.0,0.0,0.6484768533424271,2.2598339685992617,1.2048560522987861,5.918049140432652,0.7014925373134329,0.0,335.0,0.0,0.0,336.0,0.0,0.7180048552465687,0.1606364487005857,0.004586944031532492,0.02983951392865664,0.7875476173349862,-0.028886910173492986,0.3007195967837095,0.026854688530174108,-0.2158876612670113,0.0,,,,,,
1906-08-01 00:00:00+00:00,-0.6911138373833313,-0.4619445720377633,-1.1516836813001907,0.0,0.0,0.6301178890374586,2.274071821191052,1.4660803554020294,6.089525335477336,0.7014925373134329,0.0,335.0,0.0,0.0,336.0,0.0,0.23673198130561868,0.3702694933653001,0.0021275360039223986,0.029348283107282692,1.076002188170936,-0.014282731224438905,0.38528628167280576,0.026531133593642803,-0.3423802015919941,0.0,,,,,,
1906-09-01 00:00:00+00:00,-0.6800045134424157,-0.46246747391113924,-1.1522065831735666,0.0,0.0,0.7049202134338561,2.2601575239848084,1.5182995062982163,5.952789885409014,0.6955223880597015,0.0,335.0,0.0,0.0,336.0,0.0,0.4290254465172584,0.2557339789480194,0.0034286812377754402,0.028912811015023805,1.0757011913650123,0.012036338057452411,0.4259484478352178,0.02595156031568321,-0.3722498503885081,0.0,,,,,,
1906-10-01 00:00:00+00:00,-0.9179857430694053,-0.8622041404585572,-1.5519432497209846,0.0,0.0,0.7507856154206614,2.28210244329523,1.6390020974593913,6.483349433138898,0.6955223880597015,0.0,335.0,0.0,0.0,336.0,0.0,0.2869506898031569,0.6718593834552535,-0.0009631652082009052,0.03603929323463991,0.7568225788895777,-0.015542163588787794,0.3587173647905182,0.028141164127453273,-0.44527374531859465,0.0,,,,,,
1906-11-01 00:00:00+00:00,-0.8713213336447274,-0.699459689981092,-1.3891987992435193,0.0,0.0,0.7713387364176201,2.229883985772345,1.8248842142551298,6.133489416355107,0.6895522388059702,0.0,335.0,0.0,0.0,336.0,0.0,0.07722486892097793,0.4611250772789048,0.001091198812102825,0.02962428991233399,0.9115574884737001,0.0076850403796822064,0.3230964122951816,0.027477926190092178,-0.4736546945005582,0.0,,,,,,
1906-12-01 00:00:00+00:00,-0.9917485331256151,-0.8253514469537159,-1.5150905562161432,0.0,0.0,0.7632541535745417,2.1772928593014984,1.8048191134921172,6.351713382388239,0.6895522388059702,0.0,335.0,0.0,0.0,336.0,0.0,0.4790897489833644,0.4222313249903456,0.001735875705486639,0.03282923698524535,0.9451241008649832,0.0259567347917935,0.30996870630238593,0.02778901737275268,-0.3824401645491857,0.0,,,,,,
1907-01-01 00:00:00+00:00,-1.0684060249942415,-0.8971467751923221,-1.5868858844547495,0.0,0.0,0.7298934366670012,2.156837143648494,1.889599786318455,5.926701016206955,0.6835820895522388,0.0,335.0,0.0,0.0,336.0,0.0,0.12338868732765869,0.44001888924017957,0.001337434915347785,0.029650920229375852,0.9812367418271012,-0.005217062239378123,0.34183216408262407,0.02628361695920105,-0.31161002614701605,0.0,,,,,,
1907-02-01 00:00:00+00:00,-1.205314825825747,-1.0791811085692702,-1.7689202178316976,0.0,0.0,0.8072771973524697,2.155037460583236,2.037497777675723,6.508118591803722,0.6835820895522388,0.0,335.0,0.0,0.0,336.0,0.0,0.2876182502994747,0.701970994038959,-0.001274369227161107,0.03666404470327716,0.6543331203472493,-0.06612755831250094,0.2804595305441211,0.02835527417286217,-0.28456214378048905,0.0,,,,,,
1907-03-01 00:00:00+00:00,-1.6186550898806986,-1.2164538861048046,-1.906192995367232,0.0,0.0,0.7521575530318899,2.3360807417632845,1.5200595456881358,5.607111886126675,0.6776119402985075,0.0,335.0,0.0,0.0,336.0,0.0,0.0034555130631307813,0.9965190132828112,-0.004493718272672585,0.03987944692946165,0.023329480740401046,-0.20759344160770077,0.15178593782750216,0.032659052264948626,-0.1516230581138105,0.0,,,,,,
1907-04-01 00:00:00+00:00,-1.6192336326343901,-1.2128847240275946,-1.902623833290022,0.0,0.0,0.675078375560489,2.2834879616388286,1.915735431824999,5.708472704626105,0.6776119402985075,0.0,335.0,0.0,0.0,336.0,0.0,0.05373278218618199,0.7847626768434373,-0.0022720833039751235,0.036033577364217154,0.6417649033824784,-0.22201470213260333,0.154615072526064,0.03265647940627368,-0.11500988043858573,0.0,,,,,,
1907-05-01 00:00:00+00:00,-1.9417711132130335,-1.1104987908138186,-1.800237900076246,0.0,0.0,0.6551750342439768,2.314310348556026,1.953986205211827,5.038646576649224,0.6716417910447762,0.0,335.0,0.0,0.0,336.0,0.0,0.0825501139937442,0.9133403132711607,-0.0035852861324881993,0.038959965847710464,0.31127994876856246,-0.2259171720765316,0.09681423883462958,0.03422972005981172,-0.006281891916598781,0.0,,,,,,
1907-06-01 00:00:00+00:00,-1.8922429264734353,-1.06037663614638,-1.7501157454088074,0.0,0.0,0.6514728700110689,2.307740879706468,2.4018641360307416,5.056523180727128,0.6716417910447762,0.0,335.0,0.0,0.0,336.0,0.0,0.02721977949049159,0.9495460903635586,-0.003993302826041274,0.03915196944370265,0.2346639861813566,-0.2784296329897984,0.01319959554093142,0.03442615845078288,0.03802940438575941,1.0,,,,,,
1907-07-01 00:00:00+00:00,-1.7911898295361435,-1.2261501945969244,-1.9158893038593519,0.0,0.0,0.6446201880492246,2.2981127059100275,2.4370821087473504,5.022433698018405,0.6656716417910448,0.0,335.0,0.0,0.0,336.0,0.0,0.08529049264862913,0.8212651900902768,-0.0026308064085030485,0.037097238138010066,0.593173064156459,-0.2210970141404225,0.02908558089509672,0.034817537480425396,0.02552334241619647,1.0,,,,,,
1907-08-01 00:00:00+00:00,-1.7840110531127737,-0.8532986795515339,-1.5430377888139613,0.0,0.0,0.6687432334134543,2.4033971219430277,2.1404772452588583,4.783504061213557,0.6656716417910448,0.0,335.0,0.0,0.0,336.0,0.0,0.020586733922936355,0.9792268028622958,-0.004304447563655681,0.0396951482868737,0.1020976550536714,-0.28079207381954596,-0.08050764279883094,0.03682859481086056,0.1454362655177981,1.0,,,,,,
1907-09-01 00:00:00+00:00,-1.6671329638783448,-0.8946220284800994,-1.5843611377425268,0.0,0.0,0.6180536025253951,2.3679027556658476,1.9048145636674625,4.155261627486248,0.6597014925373135,0.0,335.0,0.0,0.0,336.0,0.0,0.04691539986665696,0.8180261096157394,-0.0026204144790751252,0.03664846240592586,0.5782364633411023,-0.23830801334255902,-0.14824835801034997,0.03536752361940004,0.14513826167644517,1.0,,,,,,
1907-10-01 00:00:00+00:00,-1.6679072210202615,0.36370115133298164,-0.3260379579294458,0.0,0.0,0.5779007247380099,2.7636483987457057,1.3667514832335945,3.1756072017664674,0.6597014925373135,0.0,335.0,0.0,0.0,336.0,0.0,0.001306967367220825,0.9986930292233662,-0.004517510663681665,0.03990266947629912,0.00998450598397784,-0.27083219159770877,-0.303699888525399,0.04034320237220678,0.27188128946984236,1.0,,,,,,
1907-11-01 00:00:00+00:00,-1.6457069138060196,0.4247585830324145,-0.26498052623001295,0.0,0.0,0.6427803875365978,2.81077141953394,1.5697094850998112,3.0613893889823043,0.6179104477611941,0.0,335.0,0.0,0.0,336.0,0.0,0.042972924592053485,0.8753761650946019,-0.003216270530995657,0.03778641319598113,0.4563179113692598,-0.2944603381579096,-0.33228320226970354,0.04024867462513284,0.34557254504487833,1.0,,,,,,
1907-12-01 00:00:00+00:00,-1.6932409242605972,-0.2302517530987263,-0.9199908623611537,0.0,0.0,0.6429467763894045,2.870103747308293,1.7389569505724862,3.790950352429371,0.6537313432835821,0.0,335.0,0.0,0.0,336.0,0.0,0.09900525617382808,0.8958368462841676,-0.003394236709145509,0.03876459574197826,0.3546649621097673,-0.1667728274415401,-0.2824457730151968,0.042214378373885274,0.2859505834290461,1.0,,,,,,
1908-01-01 00:00:00+00:00,-1.6096912330515876,-0.6006050181403313,-1.2903441274027587,0.0,0.0,0.6840754287284938,2.8999912997003667,1.698761168029099,3.988307813094252,0.6477611940298508,0.0,335.0,0.0,0.0,336.0,0.0,0.054905402806741166,0.8909508931594695,-0.0033702524278281997,0.0382249854060683,0.42010705655828207,-0.07115137814404715,-0.2727375621985786,0.04258960316310377,0.24720453117346874,1.0,,,,,,
1908-02-01 00:00:00+00:00,-1.5703008073109164,-0.2748961260137557,-0.9646352352761831,0.0,0.0,0.7387578630375169,2.8877719202514966,1.3229128573273143,3.9343169727347385,0.6477611940298508,0.0,335.0,0.0,0.0,336.0,0.0,0.08404748407445044,0.8379328489288957,-0.002804038762460365,0.03742699266500364,0.5553061110676139,-0.1348020408259787,-0.33816607568806223,0.04189080087559833,0.23360778751313038,1.0,,,,,,
1908-03-01 00:00:00+00:00,-1.6963894064286034,-0.5478837638260097,-1.237622873088437,0.0,0.0,0.7516580142314677,2.8717929266293756,1.300708245638609,3.9989803958761456,0.6417910447761194,0.0,335.0,0.0,0.0,336.0,0.0,0.14943423941726972,0.7391777990513989,-0.0017426778930539977,0.03605122013077949,0.751918489747627,-0.016836298129517147,-0.2858277483919247,0.04272147439500513,0.20705389211963965,1.0,,,,,,
1908-04-01 00:00:00+00:00,-1.7449191841961609,-0.7605699964746515,-1.450309105737079,0.0,0.0,0.951432563857706,2.861521076076565,1.8545263582667728,4.834109375522039,0.6417910447761194,0.0,335.0,0.0,0.0,336.0,0.0,0.18821457769444813,0.673324831082667,-0.0010378349490800826,0.03508577969838334,0.8544293152643851,0.03522526781731905,-0.2054076984014248,0.04317323481923413,0.188694932296527,1.0,,,,,,
1908-05-01 00:00:00+00:00,-1.8113447290625135,-0.9911381405983682,-1.6808772498607958,0.0,0.0,0.891367150013535,2.9121180706963923,2.000482756787495,4.819464638625863,0.6358208955223881,0.0,335.0,0.0,0.0,336.0,0.0,0.2135922071578568,0.7093233517028658,-0.0013950670617945888,0.03607752994212037,0.7708882940486079,0.21307468132546425,-0.16463885901026032,0.04419902071030075,0.1587102994994023,1.0,,,,,,
1908-06-01 00:00:00+00:00,-1.7955542076682816,-0.9545810532421329,-1.6443201625045605,0.0,0.0,0.8104737852785561,2.873287158529742,2.05741725634522,4.918377061336332,0.6358208955223881,0.0,335.0,0.0,0.0,336.0,0.0,0.11612410915676903,0.5099386840655274,0.0006095003340937744,0.03101379587714255,0.9612819108982356,0.23325446589651921,-0.1942017430114138,0.04377916087323064,0.16471915040737706,1.0,,,,,,
1908-07-01 00:00:00+00:00,-1.7944647486079615,-0.9540385591190528,-1.6437776683814802,0.0,0.0,0.7081624182119317,2.8590606815147663,2.013042031964089,4.681024285530718,0.6298507462686567,0.0,335.0,0.0,0.0,336.0,0.0,0.21333654031867466,0.01722187222265558,0.009598271489426356,0.028322906826606844,0.6011913400436643,0.1868664928249597,-0.19426644315933217,0.043777829727411115,0.1538618085896033,1.0,,,,,,
1908-08-01 00:00:00+00:00,-1.7902403175587651,-1.0401454963735441,-1.7298846056359716,0.0,0.0,0.849776894768555,2.8441915816702372,2.1138728109239695,5.159862989011769,0.6298507462686567,0.0,335.0,0.0,0.0,336.0,0.0,0.23401233331447496,0.014175586701830912,0.01001800118088442,0.028643286703468166,0.6146783785897826,0.17625421784526818,-0.16693158394398733,0.04438921850137301,0.12563342510141862,1.0,,,,,,
1908-09-01 00:00:00+00:00,-1.82318675276322,-1.0266459847809788,-1.7163850940434062,0.0,0.0,0.8091982081799005,2.7854158404183775,2.1318507451551314,4.798901669767776,0.6238805970149254,0.0,335.0,0.0,0.0,336.0,0.0,0.10890384044104069,0.05063789234053761,0.0069123659706492365,0.026852198871365005,0.5386053721983524,0.1913923921143752,-0.19185989683726312,0.044279651872679855,0.12761215146644744,1.0,,,,,,
1908-10-01 00:00:00+00:00,-1.8215908006187729,-1.044455634116044,-1.7341947433784715,0.0,0.0,0.6435293303688454,2.777050836226624,2.155568498577318,5.041906873004403,0.6238805970149254,0.0,335.0,0.0,0.0,336.0,0.0,0.05262792118577184,0.05346041437143812,0.005941581750156647,0.025935432571219306,0.411789650095557,0.15267215598594408,-0.1737156668054789,0.044249685958639054,0.1105686973549096,1.0,,,,,,
1908-11-01 00:00:00+00:00,-1.8067304072147452,-1.0914616129124846,-1.781200722174912,0.0,0.0,0.5915498999179263,2.822326892202364,2.2183096011600787,4.880462231111827,0.6179104477611941,0.0,335.0,0.0,0.0,336.0,0.0,0.13890583062627324,0.024248153245908722,0.008210949259712275,0.02713733442822236,0.5134383550750852,0.16612208732555445,-0.13197512668567946,0.045300952571356176,0.041160740739063506,1.0,,,,,,
1908-12-01 00:00:00+00:00,-1.8615652372969542,-1.1056683251029842,-1.7954074343654116,0.0,0.0,0.8370432220562447,2.9324727819268004,2.486822641092131,5.279121810668752,0.6179104477611941,0.0,335.0,0.0,0.0,336.0,0.0,0.06984847905519467,0.029307406467800445,0.006969598082136373,0.026025407562408558,0.3834181701788596,0.1254596479041048,-0.1541740352002794,0.04491019224290921,0.03150956630132917,1.0,,,,,,
1909-01-01 00:00:00+00:00,-1.8545581699853204,-1.1114716599825394,-1.8012107692449668,0.0,0.0,0.8400183996727716,2.9032328927061193,2.6256425981998124,4.949804053596926,0.6119402985074627,0.0,335.0,0.0,0.0,336.0,0.0,0.037567505606575166,0.03057747897615391,0.006423690246760814,0.02549667695877853,0.29568931907829044,0.13802374864366218,-0.13316048769287914,0.04501322825553923,0.005595229723629025,1.0,,,,,,
1909-02-01 00:00:00+00:00,-1.9523136526411897,-1.1467474050094106,-1.836486514271838,0.0,0.0,0.8563761500421759,2.8790348574674387,2.6955755957744403,5.266038532203187,0.6119402985074627,0.0,335.0,0.0,0.0,336.0,0.0,0.031147459326975716,0.24553533411201184,-0.0004235815844952371,0.027148282175687606,0.6871478570478105,0.07328240427095523,-0.14808326601094457,0.04528755584889747,0.008918639492611291,1.0,,,,,,
1909-03-01 00:00:00+00:00,-1.8081428499173597,-1.1464863134777468,-1.8362254227401742,0.0,0.0,0.8588735110438374,2.848610653492124,2.7193845339096625,4.951625370063143,0.6059701492537314,0.0,335.0,0.0,0.0,336.0,0.0,0.04507586116503709,0.11801922943262173,0.0037969619443531,0.026337538568430595,0.5409112909627867,0.04478132847232441,-0.12086042443657075,0.0453540008331575,0.000727970648606302,1.0,,,,,,
1909-04-01 00:00:00+00:00,-1.792950634481804,-1.1523924153059435,-1.842131524568371,0.0,0.0,0.9731672447068154,2.7563474987292795,2.565658201006203,5.4191827659039555,0.6059701492537314,0.0,335.0,0.0,0.0,336.0,0.0,0.04384708146944407,0.052765235319166943,0.0058257496195862095,0.025783096212961817,0.3841294206293112,0.07878193843740089,-0.059767989622831585,0.04515827542205468,-0.056082001801155634,0.0,,,,,,
1909-05-01 00:00:00+00:00,-1.7239301869183303,-1.1501545814221286,-1.839893690684556,0.0,0.0,0.9978177630919466,2.6720541707033525,2.603905442781051,5.16564703052015,0.6,0.0,335.0,0.0,0.0,336.0,0.0,0.03285708599068141,0.0328074675796837,0.006279858362510291,0.025436254717204534,0.2877924667634175,0.0999036913550242,-0.05026958684747296,0.04527756731530063,-0.0763122337237947,0.0,,,,,,
1909-06-01 00:00:00+00:00,-1.656252046810588,-1.1578949175417885,-1.847634026804216,0.0,0.0,0.903593410694702,2.6565138266877875,2.2703487240365567,5.260213364990238,0.6,0.0,335.0,0.0,0.0,336.0,0.0,0.017905792630216022,0.03823789835210735,0.0058750391644394875,0.025230986890819505,0.25137143132844136,0.05240107125901794,-0.05068714525316853,0.04527512785792008,-0.12338346117480103,0.0,,,,,,
1909-07-01 00:00:00+00:00,-1.6345712017726803,-1.1468194575873842,-1.8365585668498117,0.0,0.0,0.8366261465706054,2.648746121323509,1.9023332733751035,4.827377039338904,0.5940298507462687,0.0,335.0,0.0,0.0,336.0,0.0,0.012938821961640784,0.03416627776913518,0.00592496671050407,0.025114719041798336,0.21759262729898765,0.054777717985516894,-0.08511358599032359,0.04452331073643515,-0.18943548685930178,0.0,,,,,,
1909-08-01 00:00:00+00:00,-1.6606893475831315,-1.134839311753455,-1.8245784210158824,0.0,0.0,0.8061622488687553,2.625965756702721,1.807076562728871,5.029664764832707,0.5940298507462687,0.0,335.0,0.0,0.0,336.0,0.0,0.010005358533575419,0.03310912787381847,0.005912160438286005,0.025057077645796087,0.20107655165622013,0.05468311177321805,-0.0905137139771135,0.04445543744033436,-0.1695802122377792,0.0,,,,,,
1909-09-01 00:00:00+00:00,-1.7902389867795172,-1.169496792650437,-1.8592359019128644,0.0,0.0,0.7730736207057662,2.5900189716875737,1.9420997976967174,4.74823274173138,0.5880597014925373,0.0,335.0,0.0,0.0,336.0,0.0,0.007386445624958276,0.06617240010722063,0.00483338758698132,0.02528386931684593,0.28672859282809016,0.08539675606769226,-0.04714434635446452,0.043624057181054283,-0.1440562920806201,0.0,,,,,,
1909-10-01 00:00:00+00:00,-1.9778981140334475,-1.2083908710124263,-1.8981299802748537,0.0,0.0,0.7854323429886085,2.5984314271783924,2.3220843924808032,5.062951457098944,0.5880597014925373,0.0,335.0,0.0,0.0,336.0,0.0,0.009595743361477376,0.11497164974883037,0.0033364164992581292,0.0257200513983633,0.4097427181489651,0.05618696122121403,-0.07235850359503893,0.043647258056435136,-0.05354233158064936,0.0,,,,,,
1909-11-01 00:00:00+00:00,-1.9988979858620326,-1.2387562515219968,-1.9284953607844242,0.0,0.0,0.7164679449168252,2.599339966910223,2.8402671867821394,4.789091710715409,0.582089552238806,0.0,335.0,0.0,0.0,336.0,0.0,0.01485634903616105,0.15065475663233135,0.0022989395147996064,0.026099874415986827,0.49867816395790915,0.018587895768090945,-0.06713682864653414,0.043593809134073624,-0.01965594344628485,0.0,,,,,,
1909-12-01 00:00:00+00:00,-1.8140581462901628,-1.2417687587840072,-1.9315078680464346,0.0,0.0,0.658905800060492,2.625393818024381,2.878554443486268,5.087741406451318,0.582089552238806,0.0,335.0,0.0,0.0,336.0,0.0,0.020693288203067362,0.10383867947423255,0.003859802159013997,0.0258142987427536,0.43186772337526325,-0.0017410852939683252,-0.04679360990206316,0.04350605552306754,-0.050123350801369426,0.0,,,,,,
1910-01-01 00:00:00+00:00,-1.9460531248049782,-1.2670943786977276,-1.956833487960155,0.0,0.0,0.6052948985786658,2.587755238765738,2.394560697406542,4.861795990971393,0.5761194029850746,0.0,335.0,0.0,0.0,336.0,0.0,0.01850523598229919,0.12836371336613916,0.0030557632454503605,0.025978424703328847,0.4728597705884177,-0.02110017204008585,-0.005659758980753438,0.04261161231750154,-0.014112258491200791,0.0,,,,,,
1910-02-01 00:00:00+00:00,-1.9393801839447817,-1.3057922675521672,-1.9955313768145946,0.0,0.0,0.6166152038810555,2.578478063123941,2.6050126650559933,5.17286844832176,0.5761194029850746,0.0,335.0,0.0,0.0,336.0,0.0,0.025486562773210496,0.37314499946074675,-0.004517457868189138,0.02809786641807249,0.7671919367934148,-0.07166076482603678,0.05081909079134039,0.03998669094344338,0.07079365009578975,1.0,,,,,,
1910-03-01 00:00:00+00:00,-1.920880597235729,-1.311110938203205,-2.000850047465632,0.0,0.0,0.5934568603792101,2.5290737052992043,2.440626228020792,4.924350645760826,0.5701492537313433,0.0,335.0,0.0,0.0,336.0,0.0,0.05339177747339839,0.21820326860172823,0.0007829659601447435,0.027296147028874118,0.7194503309910119,-0.0801241259804879,0.051376862175001925,0.03998816822472294,0.04314794577240111,1.0,,,,,,
1910-04-01 00:00:00+00:00,-1.9967839694814093,-1.3123222275786426,-2.00206133684107,0.0,0.0,0.565597067278965,2.4808483846130254,2.4085635967911005,5.265979800820536,0.5701492537313433,0.0,335.0,0.0,0.0,336.0,0.0,0.04874495116723288,0.44838888909075075,-0.006514444341186592,0.029101963154854985,0.8526020913436798,-0.10491221483020219,0.07386061089186491,0.039206515031556144,0.10469654818837348,1.0,,,,,,
1910-05-01 00:00:00+00:00,-2.2526892015343996,-1.1155795885432291,-1.8053186978056566,0.0,0.0,0.5551040297180344,2.3973821401183706,2.5563485115289377,5.069739112208389,0.564179104477612,0.0,335.0,0.0,0.0,336.0,0.0,0.07436901193902931,0.2892483202495012,-0.0011179965299115138,0.028227790662059448,0.8396841860426579,-0.0869772397236801,0.11909388967107937,0.03841406030834807,0.1237806561065593,1.0,,,,,,
1910-06-01 00:00:00+00:00,-2.5298304518968333,-1.1678354444531618,-1.8575745537155892,0.0,0.0,0.591246017818623,2.442676350028762,3.1850959303410815,5.078210237952409,0.564179104477612,0.0,335.0,0.0,0.0,336.0,0.0,0.062205981221752894,0.6035307733121728,-0.011172681331849342,0.030596175379798377,0.8438172713036938,-0.1121431306548466,0.041817054839041745,0.038614063207777556,0.18333928427286672,1.0,,,,,,
1910-07-01 00:00:00+00:00,-2.3103524149222676,-1.1842766574201764,-1.8740157666826038,0.0,0.0,0.6004830347028659,2.4540836457935313,3.9165787613100447,4.5479269747182185,0.5582089552238806,0.0,335.0,0.0,0.0,336.0,0.0,0.052214375213114284,0.886503429450614,-0.02021064249989055,0.03274464222142085,0.4320710943133445,-0.16616733517511406,0.06783112874236874,0.03727432742698793,0.22025123192226648,1.0,,,,,,
1910-08-01 00:00:00+00:00,-2.4250573347176503,-1.2324489517197044,-1.9221880609821318,0.0,0.0,0.6610956095056736,2.4063394782060064,3.47636327250493,4.986444099847637,0.5582089552238806,0.0,335.0,0.0,0.0,336.0,0.0,0.3931053588845128,0.4547715038457941,-0.0013164779537615915,0.0349053291898102,1.011833258932023,-0.12049233018819017,0.11215592417361542,0.03758517316976707,0.10589211605873938,1.0,,,,,,
1910-09-01 00:00:00+00:00,-2.292341789286813,-1.1957263784141405,-1.885465487676568,0.0,0.0,0.6050428487186083,2.4260423559021773,3.716596540688981,4.755431144558394,0.5522388059701493,0.0,335.0,0.0,0.0,336.0,0.0,0.376819035481606,0.2344040106858857,0.005344628425736969,0.03283024358467989,1.0751205530706112,-0.06757817550553913,0.25407310688351004,0.03024341599828935,0.022932912726996157,1.0,,,,,,
1910-10-01 00:00:00+00:00,-2.4924760013469855,-1.1874079361184091,-1.8771470453808365,0.0,0.0,0.5345172220208976,2.515458423684528,3.4516969735690735,5.276606684027589,0.5522388059701493,0.0,335.0,0.0,0.0,336.0,0.0,0.8788724471751754,0.01709176749450989,0.020035481846311876,0.03943691707028077,0.4184602661162263,0.0019166589919583643,0.3477538593248699,0.03196172692891092,-0.04614592472644041,0.0,,,,,,
1910-11-01 00:00:00+00:00,-2.3695610414065866,-1.1961403277893483,-1.8858794370517757,0.0,0.0,0.5749492906423652,2.5015100846821277,4.081642580754165,4.96660871630906,0.5462686567164179,0.0,335.0,0.0,0.0,336.0,0.0,0.5824164366923082,0.00902754711616383,0.015641256758618664,0.03441984024917638,0.7230427593147793,0.05501395412296173,0.29564739245636673,0.030176829082155257,-0.01576429127766321,0.0,,,,,,
1910-12-01 00:00:00+00:00,-2.5269962424603993,-1.294065964859672,-1.9838050741220994,0.0,0.0,0.5547552429912987,2.4685232277009717,3.799202010406882,5.2806453030900125,0.5462686567164179,0.0,335.0,0.0,0.0,336.0,0.0,0.3658082778638532,0.06487577884622533,0.01049280394521774,0.031259241380865575,0.8660339889176025,0.024447797628456946,0.21469306544358346,0.029789619764471593,0.027435887065175635,1.0,,,,,,
1911-01-01 00:00:00+00:00,-2.51622981931512,-1.2241743633291666,-1.913913472591594,0.0,0.0,0.5201645188735275,2.426147011770041,4.119011189283584,5.056793242139633,0.5402985074626866,0.0,335.0,0.0,0.0,336.0,0.0,0.2487293160274253,0.03116247072982847,0.00971556136469724,0.02902806405171362,0.6906180530037099,0.08817103064351439,0.2647901263085348,0.0293960829269729,-0.005936671381240544,0.0,,,,,,
1911-02-01 00:00:00+00:00,-2.584022734179531,-1.1068161280747795,-1.796555237337207,0.0,0.0,0.5297523871605454,2.4057768782242848,4.16885998078609,5.285723506390904,0.5402985074626866,0.0,335.0,0.0,0.0,336.0,0.0,0.34247959321361543,0.01471098744757054,0.011701560273329891,0.030459172578200498,0.7131116765187796,0.18856837212905475,0.27323579900094064,0.02970392525654252,-0.07362429620717048,0.0,,,,,,
1911-03-01 00:00:00+00:00,-2.578576595126725,-1.2234865308871432,-1.9132256401495706,0.0,0.0,0.6013114831128351,2.3957917411877516,4.597427370444628,4.988636024444626,0.5343283582089552,0.0,335.0,0.0,0.0,336.0,0.0,0.1853640461602272,0.0748565868201663,0.00735085384791302,0.0283273180869029,0.7294325561169446,0.1326040320296924,0.20953468838598877,0.029536441507765798,-0.04337951531873241,0.0,,,,,,
1911-04-01 00:00:00+00:00,-2.3544600093289443,-1.0980429029463672,-1.7877820122087946,0.0,0.0,0.6303621790663299,2.4365374293064224,4.402277738826869,5.249864563602079,0.5343283582089552,0.0,335.0,0.0,0.0,336.0,0.0,0.14223853169348855,0.03418522779604353,0.007951310341134998,0.02727430069882289,0.5526641411396586,0.1438406254387914,0.18483905099683717,0.028675776842202166,-0.07029446033565279,0.0,,,,,,
1911-05-01 00:00:00+00:00,-2.1912963263302188,-1.0373601655272677,-1.7270992747896952,0.0,0.0,0.6979735157718548,2.372893407740622,3.770905385836294,4.875874648229549,0.5283582089552239,0.0,335.0,0.0,0.0,336.0,0.0,0.08713872797815501,0.026500504847722837,0.0073287417773914175,0.02629120435776427,0.415775909448082,0.09034574796352857,0.20484514139187926,0.028793925350408128,-0.09269250737402057,0.0,,,,,,
1911-06-01 00:00:00+00:00,-2.130758031622047,-0.9668971212372263,-1.6566362304996538,0.0,0.0,0.6990841529176276,2.2886811223782497,3.1762999504988,5.0856279910488436,0.5283582089552239,0.0,335.0,0.0,0.0,336.0,0.0,0.05155208118338559,0.02571477862961985,0.006795536219448786,0.025690444968367355,0.32119590372183077,0.09085209706430497,0.199632996695712,0.02870510333045075,-0.10267653164669355,0.0,,,,,,
1911-07-01 00:00:00+00:00,-2.1406247625331334,-1.0707558775762265,-1.760494986838654,0.0,0.0,0.6546814694502332,2.3357039396575536,3.0007515890984795,4.842953307944891,0.5223880597014925,0.0,335.0,0.0,0.0,336.0,0.0,0.025671968764195523,0.0761499536652896,0.004806882819944412,0.025670892968235555,0.38656246055920535,0.10420724754852184,0.14264609514683713,0.028195608842641173,-0.08667307645548927,0.0,,,,,,
1911-08-01 00:00:00+00:00,-2.4160982300848004,-1.4391453241251435,-2.128884433387571,0.0,0.0,0.7315581931922971,2.4815843841583938,2.89019035117732,5.3014345937139336,0.5223880597014925,0.0,335.0,0.0,0.0,336.0,0.0,0.03814651270562179,0.8910206976609628,-0.02057295242958296,0.03254665685047553,0.41493659542230177,-0.0004879556382499928,0.07290977855590963,0.031553699548052865,0.006842123422248214,1.0,,,,,,
1911-09-01 00:00:00+00:00,-2.649942771154896,-1.5993974951873646,-2.289136604449792,0.0,0.0,0.6917212780652153,2.5336655484828285,3.1799719407613045,4.9564135146277115,0.5164179104477612,0.0,335.0,0.0,0.0,336.0,0.0,0.037180785616493114,0.9593270174066895,-0.022731941561439036,0.033089423589700455,0.18198830702996913,-0.11543891287433272,0.005124730140663836,0.03361225381327187,0.06859870057397899,1.0,,,,,,
1911-10-01 00:00:00+00:00,-2.5630660291635343,-1.5962932185003749,-2.2860323277628023,0.0,0.0,0.7126603280316381,2.4627071894153376,3.805054497211469,5.265053080733134,0.5164179104477612,0.0,335.0,0.0,0.0,336.0,0.0,0.19056876031709127,0.7847930612078841,-0.014849496776521044,0.03422307684808154,0.5973433304771396,-0.08737721150688316,-0.04396461044644884,0.03225966165254851,0.060827973872414454,1.0,,,,,,
1911-11-01 00:00:00+00:00,-2.4779320146799204,-1.5640546387315413,-2.253793747993969,0.0,0.0,0.6007432681895529,2.5943299570009737,3.6649128149933548,5.071859017227558,0.5104477611940299,0.0,335.0,0.0,0.0,336.0,0.0,0.7020346621373051,0.21267705796524786,0.01112471780892561,0.03808387597025335,0.7875361933725801,-0.06544688534307497,-0.006067482250342593,0.03332931040795506,-0.00013159626285652593,0.0,,,,,,
1911-12-01 00:00:00+00:00,-2.591690569928898,-1.5537713503808632,-2.2435104596432907,0.0,0.0,0.5681175174901826,2.597468580943474,3.4037021450416094,5.462139911036184,0.5104477611940299,0.0,335.0,0.0,0.0,336.0,0.0,0.5167683925541784,0.1053847479213029,0.011587889530398672,0.03411186917676706,0.946025847389392,-0.07189697141292672,-0.005075578664709646,0.03334204627135179,-0.04189752786412626,0.0,,,,,,
1912-01-01 00:00:00+00:00,-2.831008608170117,-1.5776640385473177,-2.267403147809745,0.0,0.0,0.621060224130982,2.4877570682238463,3.6917486898768104,5.105305493982576,0.5044776119402985,0.0,335.0,0.0,0.0,336.0,0.0,0.2788236468573473,0.11427960994622127,0.00757862861098795,0.030210747872512014,0.9070737033110685,-0.10110492501059287,0.025245667414163897,0.03267125255746427,-0.05083537399227911,0.0,,,,,,
1912-02-01 00:00:00+00:00,-2.9482816906417733,-1.612748506762996,-2.3024876160254237,0.0,0.0,0.629680625727464,2.385887869466581,4.606579348310374,6.57653696870389,0.844776119402985,0.0,335.0,0.0,0.0,336.0,0.0,0.14972458372275566,0.17471795173191604,0.0036579284570846826,0.028549190252719046,0.8540956706546365,-0.10530715600038221,-0.007442389325869492,0.03276140922789585,-0.0678120651638503,0.0,,,,,,
1912-03-01 00:00:00+00:00,-3.0136064897191073,-1.591561852014601,-2.2813009612770285,0.0,0.0,0.6033972007788597,2.3139855572696715,5.203309009720268,5.203309009720268,0.49850746268656715,0.0,335.0,0.0,0.0,336.0,0.0,0.0935982937186313,0.10057150396865067,0.005105224399704103,0.027005148163990092,0.6266760443129258,-0.016667599347779394,-0.02253975922927065,0.03254497547940356,-0.09488347184966983,0.0,,,,,,
1912-04-01 00:00:00+00:00,-2.539272978745518,-1.5931536245856768,-2.2828927338481044,0.0,0.0,0.534818211216178,2.4449165572517475,5.853698005126883,6.647678995903551,0.8388059701492537,0.0,335.0,0.0,0.0,336.0,0.0,0.051117102290314624,0.08078255996839867,0.0050603696800521755,0.026133755463974277,0.47804314859075286,0.05061325237614245,-0.04416570883821791,0.03229727573960655,-0.09687167730627877,0.0,,,,,,
1912-05-01 00:00:00+00:00,-2.5798522183499375,-1.596017448885667,-2.2857565581480945,0.0,0.0,0.5546946376721448,2.477711804827548,4.4832840436419295,5.9945805735969575,0.4925373134328358,0.0,335.0,0.0,0.0,336.0,0.0,0.029458866045930343,0.07499957662308927,0.004902352811568707,0.025724725106318912,0.39690690890312996,0.04379916531594841,-0.05256651638951837,0.03226264803603574,-0.11326382755393105,0.0,,,,,,
1912-06-01 00:00:00+00:00,-2.474817044541368,-1.5776636941751803,-2.2674028034376077,0.0,0.0,0.5507838465921517,2.419609198744093,4.271084166088851,6.704272449769543,0.8328358208955224,0.0,335.0,0.0,0.0,336.0,0.0,0.021289866375935686,0.052424243948682184,0.005482838705485229,0.02540357947661622,0.3074506593609736,0.003939856695274635,-0.05690534354058485,0.03220889208700264,-0.18494640245089133,0.0,,,,,,
1912-07-01 00:00:00+00:00,-2.5254881222215833,-1.5794721832063152,-2.269211292468743,0.0,0.0,0.4345240390595148,2.369503062681176,3.270630562049013,5.637658147445286,0.48656716417910445,0.0,335.0,0.0,0.0,336.0,0.0,0.013929403453699116,0.05604342526687953,0.005253863043667844,0.025310265661415175,0.2884927066955425,-0.009901715972143066,-0.06966040641007076,0.03210116446888417,-0.18268823612389706,0.0,,,,,,
1912-08-01 00:00:00+00:00,-2.6022328223774656,-1.5553079424748861,-2.2450470517373136,0.0,0.0,0.4462786900725536,2.3779227148174154,3.528115031108824,6.810683290662957,0.826865671641791,0.0,335.0,0.0,0.0,336.0,0.0,0.012587790033129055,0.041803616602819844,0.005679759664029267,0.025171346636562356,0.2406735239165961,0.012290839165238765,-0.0478602494882896,0.03217285458034877,-0.1691333106582089,0.0,,,,,,
1912-09-01 00:00:00+00:00,-2.5137965425477677,-1.569185166622136,-2.2589242758845636,0.0,0.0,0.498447821612293,2.3977376422083445,4.229714364325639,6.231820592899495,0.48059701492537316,0.0,335.0,0.0,0.0,336.0,0.0,0.8381871172362401,0.11463819930288219,0.006303923062393696,0.02642034114960153,0.5403217370406281,0.026784083906816747,-0.03684526664026677,0.0320824848554072,-0.16508141536249887,0.0,,,,,,
1912-10-01 00:00:00+00:00,-2.4073440141928795,-1.5720040510526514,-2.2617431603150786,0.0,0.0,0.5157829586933677,2.3740299771540423,3.7881851304142873,6.809070105975507,0.8208955223880597,0.0,335.0,0.0,0.0,336.0,0.0,0.820327849542338,0.10520881365557386,0.00588470079001617,0.02701676590680142,0.5927916611625943,0.016830277684263706,-0.02429737731309789,0.03199706823608999,-0.1952487912954135,0.0,,,,,,
1912-11-01 00:00:00+00:00,-2.2754583205320067,-1.593672963427638,-2.2834120726900657,0.0,0.0,0.5512567812680086,2.356514895688741,3.0218862730828646,6.475703672556876,0.4746268656716418,0.0,335.0,0.0,0.0,336.0,0.0,0.752737088504881,0.15684331580223743,0.00417659088674994,0.027226934863465738,0.7216652759219067,0.004715978729721293,-0.03770864481452829,0.032042192884856456,-0.21970307265866484,0.0,,,,,,
1912-12-01 00:00:00+00:00,-2.3024657220990945,-1.6407305488016841,-2.3304696580641115,0.0,0.0,0.47925706213242897,2.3913271297407266,2.1032731159961284,7.32468171312455,0.4746268656716418,0.0,335.0,0.0,0.0,336.0,0.0,0.5583321733225749,0.24293245250110185,-0.0006494233328003772,0.029294795043443015,0.9902521072382802,-0.021101991903032413,-0.05256833625246493,0.032288899032776874,-0.18409411508607132,0.0,,,,,,
1913-01-01 00:00:00+00:00,-2.300041419653538,-1.665393804949658,-2.3551329142120854,0.0,0.0,0.517676814534898,2.3739394041886506,1.8443629588686459,6.9588705538827895,0.46865671641791046,0.0,335.0,0.0,0.0,336.0,0.0,0.4881731807972413,0.26902788976897407,-0.0023841681913392447,0.030157658169462833,1.0469663677086434,-0.049263767356178434,-0.0345083460707265,0.03185660792716594,-0.12556252048124605,0.0,,,,,,
1913-02-01 00:00:00+00:00,-2.302371064330667,-1.7169694309649497,-2.406708540227377,0.0,0.0,0.5299469455382331,2.328386120541645,1.493714120519844,7.053724980604454,0.46865671641791046,0.0,335.0,0.0,0.0,336.0,0.0,0.26460894591415657,0.3303349086333467,-0.007881596857236972,0.03341936599998208,1.0837542934845434,-0.08644614470874323,-0.07598242513832609,0.0323814258130101,-0.06631978783165149,0.0,,,,,,
1913-03-01 00:00:00+00:00,-2.331207578353464,-1.7359351257584263,-2.4256742350208538,0.0,0.0,0.4907943197570382,2.4245336882566813,1.5103820687104663,7.10857149012153,0.4626865671641791,0.0,335.0,0.0,0.0,336.0,0.0,0.2781370027652962,0.3773489181568976,-0.007619525125898986,0.03203287638474665,1.0907954450830566,-0.11839319461969744,-0.06134122927778485,0.03205407238327647,-0.06624490056922117,0.0,,,,,,
1913-04-01 00:00:00+00:00,-2.367249900197848,-1.7349185461984467,-2.424657655460874,0.0,0.0,0.49577474179160785,2.3655244608090755,1.9739342789308298,7.538058176886653,0.4626865671641791,0.0,335.0,0.0,0.0,336.0,0.0,0.4269370743072141,0.2600545840904574,-0.0038541065133830613,0.03165509708527532,1.0771993421922066,-0.11485712550411531,-0.06472515242070198,0.032046729670278086,-0.07928729345676011,0.0,,,,,,
1913-05-01 00:00:00+00:00,-2.308037638709503,-1.755302742524229,-2.445041851786656,0.0,0.0,0.49503284748523857,2.299375959527992,2.327291408316294,7.116862419848547,0.45671641791044776,0.0,335.0,0.0,0.0,336.0,0.0,0.40476560597169364,0.3232392672346816,-0.00447876268441377,0.030639859278569225,1.0852731884985831,-0.1302926361103971,-0.042446882768648386,0.03148861558984641,-0.06586616335875828,0.0,,,,,,
1913-06-01 00:00:00+00:00,-2.2030702659129404,-1.371550871373264,-2.0612899806356912,0.0,0.0,0.5037548644280191,2.2755134480727586,1.7187661354999424,6.889092266202546,0.45671641791044776,0.0,335.0,0.0,0.0,336.0,0.0,0.05555496697153516,0.17448975944337772,-0.012725588460331609,0.04146680941353199,0.6664987904622157,-0.18087494949276017,-0.0524162591321744,0.03200122138727556,-0.008910067856551684,0.0,,,,,,
1913-07-01 00:00:00+00:00,-2.3202482254093515,-1.5870941202936948,-2.2768332295561224,0.0,0.0,0.4836326883594356,2.238706824015409,1.4069577861244156,6.116182792892445,0.4507462686567164,0.0,335.0,0.0,0.0,336.0,0.0,0.34478568709201013,0.3809781025932519,-0.006011120901888569,0.03054695712212544,1.0895852231728316,-0.15069242423191387,-0.08276843029618863,0.03142660510259717,-0.0792080527548702,0.0,,,,,,
1913-08-01 00:00:00+00:00,-2.395440569490445,-1.7887993664777444,-2.478538475740172,0.0,0.0,0.4918316004454963,2.118994904767364,2.0580046935586624,6.653137612613841,0.4507462686567164,0.0,335.0,0.0,0.0,336.0,0.0,0.6163669949568426,0.07938567632160891,0.0009830793254212297,0.0319090439947297,0.8614147211152492,-0.10600709750069104,-0.07293726806587841,0.031643714482907113,-0.12538003917001728,0.0,,,,,,
1913-09-01 00:00:00+00:00,-2.363639786614706,-1.657851746343813,-2.3475908556062404,0.0,0.0,0.4705294765566064,2.2074596512840516,2.1429807462617134,6.018303189520223,0.44477611940298506,0.0,335.0,0.0,0.0,336.0,0.0,0.7014249066658165,0.19488747454753466,0.0028814694182458704,0.027413555791663716,0.8024550147479316,-0.07048526629183183,-0.14838435042211628,0.028680858803427117,-0.12476750517437196,0.0,,,,,,
1913-10-01 00:00:00+00:00,-2.56196059181484,-1.1762986214236495,-1.866037730686077,0.0,0.0,0.4893103823666006,2.2241472830852715,1.8842595992059998,5.966460643132842,0.44477611940298506,0.0,335.0,0.0,0.0,336.0,0.0,0.4546107506281159,0.2665663529393589,-0.0031932337944715282,0.030920788374071757,1.0669184229037494,-0.08353504176147997,-0.19989022516222654,0.028757559732647854,-0.0827421743699217,0.0,,,,,,
1913-11-01 00:00:00+00:00,-2.4027163401654885,-0.841177022474775,-1.5309161317372024,0.0,0.0,0.42809693525686315,2.1637710080431196,2.685388815802144,5.360361682355735,0.4388059701492537,0.0,335.0,0.0,0.0,336.0,0.0,0.2515248807267459,0.34624264326572113,-0.008220476055413069,0.03332144408041408,1.0807115007826131,-0.11811541662266478,-0.2072883666718237,0.028955067983486755,-0.056876378410090744,0.0,,,,,,
1913-12-01 00:00:00+00:00,-2.4437240524813877,-0.7826050899144281,-1.4723441991768556,0.0,0.0,0.4374055464765432,2.135503182531761,2.5725621329918034,5.626409086120358,0.4388059701492537,0.0,335.0,0.0,0.0,336.0,0.0,0.4875586235570615,0.21237032376525333,-0.0023202064546452555,0.031498803056332014,1.040493116145246,-0.09193227943517268,-0.22255019284733546,0.028604070130059,-0.09967511421655217,0.0,,,,,,
1914-01-01 00:00:00+00:00,-2.542074154411958,-1.2869891208667723,-1.9767282301291997,0.0,0.0,0.4523127204952059,2.120087948044237,2.775732121821483,5.646119800021723,0.43283582089552236,0.0,335.0,0.0,0.0,336.0,0.0,0.7478863405108926,0.033474098297664054,0.004230830897977146,0.03022104385489971,0.6633795712396755,0.010120114613466846,-0.2308645166477623,0.028165992773050846,-0.12235970268379504,0.0,,,,,,
1914-02-01 00:00:00+00:00,-2.553745778375715,-1.3119309830297212,-2.001670092292149,0.0,0.0,0.47301772747927073,2.06014904323956,2.8086883153337454,6.02228341508378,0.43283582089552236,0.0,335.0,0.0,0.0,336.0,0.0,0.8884777201942083,0.05745818717709551,0.007600941387852612,0.026703795418511905,0.4269359396810495,0.02992230358350234,-0.1854501587423787,0.028465467669787588,-0.14900289176637838,0.0,,,,,,
1914-03-01 00:00:00+00:00,-2.6131669496427814,-1.0593456701508597,-1.749084779413287,0.0,0.0,0.4588708682699292,2.041351575989971,2.548919305384181,5.604061843304411,0.42686567164179107,0.0,335.0,0.0,0.0,336.0,0.0,0.7523388832694251,0.17994668089632754,0.004134802605416943,0.02669369036940234,0.7050356110294803,-0.015504784530709692,-0.2322826780353795,0.027961327465157244,-0.0944631798041966,0.0,,,,,,
1914-04-01 00:00:00+00:00,-2.6568941343383763,-1.0103522965803682,-1.7000914058427956,0.0,0.0,0.45741633751634153,1.9803078843520445,2.8050059063532244,5.749126518425525,0.42686567164179107,0.0,335.0,0.0,0.0,336.0,0.0,0.6754426211971083,0.17433572762256647,0.0022810791358279163,0.028441454749688885,0.8543264634850587,-0.029063003598376547,-0.2677931019840214,0.027557681952321056,-0.017739706315481385,0.0,,,,,,
1914-05-01 00:00:00+00:00,-2.711451735180856,-1.0260172258581937,-1.715756335120621,0.0,0.0,0.6101933323117802,2.0551926183904246,3.125197186853826,5.576809506833154,0.4208955223880597,0.0,335.0,0.0,0.0,336.0,0.0,0.7022212672707399,0.1628328475099012,0.0029453520856451178,0.02814827691536549,0.8140672300273626,-0.0009100081737418719,-0.2916523304002734,0.027149977011468977,-0.04729502309848144,0.0,,,,,,
1914-06-01 00:00:00+00:00,-2.5967367848490848,-1.002184554332701,-1.6919236635951285,0.0,0.0,0.6123747679811969,2.004064604972321,3.314227927706042,5.785308991301098,0.4208955223880597,0.0,335.0,0.0,0.0,336.0,0.0,0.7143160089800779,0.1593353083087725,0.003243012582236055,0.027976059474926582,0.7943542185913758,0.029918055309352987,-0.28157755891099256,0.027131099375169828,-0.03114837042517493,0.0,,,,,,
1914-07-01 00:00:00+00:00,-2.585509488962921,-0.41815254849566064,-1.107891657758088,0.0,0.0,0.5898336798643405,2.0125626401893615,2.4596937159791685,4.955118675198465,0.41492537313432837,0.0,335.0,0.0,0.0,336.0,0.0,0.10444831832079973,0.16242958560413154,-0.011525179653298048,0.0407218834309619,0.7587654662554009,-0.045806361900712744,-0.2678685991097982,0.02613189444677175,0.032102193736774254,1.0,,,,,,
1914-08-01 00:00:00+00:00,-2.3356063514089547,-0.4660980355472674,-1.155837144809695,0.0,0.0,0.6529835357590915,2.0022221353960643,2.825778721618641,5.094492336768869,0.41492537313432837,0.0,335.0,0.0,0.0,336.0,0.0,0.2096233400096491,0.507615489615199,-0.009459393678550336,0.03041906510126493,1.0288740920269928,-0.10582461618946226,-0.22125021996289185,0.024162232572156585,0.09349429425876288,1.0,,,,,,
1914-09-01 00:00:00+00:00,-2.079519547893081,-0.56406789215626,-1.2538070014186875,0.0,0.0,0.7323719908040051,1.9696170374698276,2.2709583237572857,5.056789308504486,0.408955223880597,0.0,335.0,0.0,0.0,336.0,0.0,0.3540530599193035,0.2470340468728236,-0.005600389657650082,0.033492234446161326,1.0796323087675255,-0.1289329836345523,-0.22700593087004783,0.024097116611888722,0.12992402621614296,1.0,,,,,,
1914-10-01 00:00:00+00:00,-1.9368925888134114,-0.6729497282272691,-1.3626888374896966,0.0,0.0,0.7888909226146306,1.9035320670809432,1.5486391925583414,5.592445750780717,0.408955223880597,0.0,335.0,0.0,0.0,336.0,0.0,0.5897441026224624,0.18654811033112245,0.0001894663992549018,0.02995639340318685,0.9596340562611787,-0.10003231556218051,-0.26686810825448504,0.022233134475066006,0.16416505219976862,1.0,,,,,,
1914-11-01 00:00:00+00:00,-1.8581719264535863,-0.1159900907956169,-0.8057292000580443,0.0,0.0,0.7814288402824312,1.9017162786847757,0.7411713771458948,4.866925734326659,0.40298507462686567,0.0,335.0,0.0,0.0,336.0,0.0,0.5961986446870379,0.2304233565536723,0.00028466765217969545,0.028792159111519805,0.9503737476597645,-0.09570450157599542,-0.2916006321470901,0.021886849743796965,0.19867303987100193,1.0,,,,,,
1914-12-01 00:00:00+00:00,-1.6675927742853838,0.2164907325533982,-0.4732483767090292,0.0,0.0,0.745460238103842,1.8734092491518377,0.41767627015244263,4.428295307288696,0.40298507462686567,0.0,335.0,0.0,0.0,336.0,0.0,0.35401490634920757,0.3036233382900971,-0.00568005743757732,0.03216640897758772,1.0964971749930377,-0.12574123029296658,-0.3162886356826471,0.022315206136223002,0.23487090733085214,1.0,,,,,,
1915-01-01 00:00:00+00:00,-1.7472023881366823,-0.14612781807571865,-0.835866927338146,0.0,0.0,0.7517345310314225,1.8933991143964617,0.2984022725039641,4.246487730922685,0.3970149253731343,0.0,335.0,0.0,0.0,336.0,0.0,0.6190602328895632,0.1295196768151583,0.000978516563204302,0.03067714131751743,0.9087183233244662,-0.1033295202137765,-0.27959992312438686,0.022684463994501223,0.19170896124209058,1.0,,,,,,
1915-02-01 00:00:00+00:00,-1.7640314659674945,-0.10359658166005431,-0.7933356909224818,0.0,0.0,0.818819319477314,1.8377816195480956,0.2333087431006968,4.443754362522781,0.3970149253731343,0.0,335.0,0.0,0.0,336.0,0.0,0.6748069315630816,0.1978831714759588,0.00223292381385934,0.027902791191963594,0.8484095476815452,-0.03987253542800584,-0.29107353519002466,0.022529902130028232,0.18123651367329607,1.0,,,,,,
1915-03-01 00:00:00+00:00,-1.8441936206078202,-0.5432980349336293,-1.2330371441960568,0.0,0.0,0.9074416215945056,1.7984666892347718,0.6628915954063422,4.669840508959839,0.39104477611940297,0.0,335.0,0.0,0.0,336.0,0.0,0.8338853632200367,0.02676350638107221,0.006322062585759072,0.028570810192717903,0.5230135338853066,0.015412074835110978,-0.2564513975039233,0.02367558077944453,0.1328957241229265,1.0,,,,,,
1915-04-01 00:00:00+00:00,-2.372685325276069,-1.0366714002247979,-1.7264105094872253,0.0,0.0,0.9636813265595224,1.7775791049614773,0.5584742951951848,5.440865185501392,0.39104477611940297,0.0,335.0,0.0,0.0,336.0,0.0,0.9059747439111864,0.004511626916134583,0.008098190623478564,0.02757726880822665,0.3298561752271185,0.07796479526051403,-0.1928403009254822,0.026449963069661034,0.04989981220403994,1.0,,,,,,
1915-05-01 00:00:00+00:00,-1.990450257933568,-0.732328908587033,-1.4220680178494605,0.0,0.0,0.9377146890637776,1.7354547530617241,1.079219922436133,4.862332772311762,0.3850746268656716,0.0,335.0,0.0,0.0,336.0,0.0,0.6598098038243229,0.2806248077708131,0.0017547329934984042,0.026278285909169474,0.7989665118463496,0.0345371430976984,-0.23627082185206127,0.026725697927189863,0.09592872563792465,1.0,,,,,,
1915-06-01 00:00:00+00:00,-2.1175329987125564,-0.8359131246881693,-1.5256522339505967,0.0,0.0,0.9668837020321088,1.7008698575091594,0.3749956604867463,5.005035220926275,0.3850746268656716,0.0,335.0,0.0,0.0,336.0,0.0,0.7667898111203824,0.0764293746623499,0.004628680229669255,0.02881672155941483,0.6906451114100979,0.0556460632942688,-0.22605285288067822,0.026868818192134013,0.08500202787988709,1.0,,,,,,
1915-07-01 00:00:00+00:00,-2.0590910615201157,-0.822121268487385,-1.5118603777498123,0.0,0.0,0.870074483794961,1.6787780981439064,0.36366499526209634,4.512484222958115,0.37910447761194027,0.0,335.0,0.0,0.0,336.0,0.0,0.7702422337258156,0.15335973241136946,0.004605208870438615,0.026940672937864542,0.6850969755318917,0.08597094605261368,-0.24260852879527217,0.026664493131691603,0.07477560843734654,1.0,,,,,,
1915-08-01 00:00:00+00:00,-2.1718768333096468,-1.02123183909803,-1.7109709483604574,0.0,0.0,0.8894313370666077,1.617809608993376,0.41841862728158735,4.916404181286053,0.37910447761194027,0.0,335.0,0.0,0.0,336.0,0.0,0.8747129872942635,0.015096615163683082,0.007326666242614396,0.027986192081318244,0.423422952626472,0.11002938075309565,-0.19635462627810796,0.027897855376719766,0.03150295513472301,1.0,,,,,,
1915-09-01 00:00:00+00:00,-2.262511319185736,-1.1149412121392355,-1.804680321401663,0.0,0.0,0.7659882764017188,1.6485272065814485,0.4474505286636661,4.68538133626977,0.373134328358209,0.0,335.0,0.0,0.0,336.0,0.0,0.9499026327944635,0.02009260852481258,0.009139931070322075,0.026288714383281626,0.23253958623509766,0.14999393434796904,-0.15790987852631932,0.028786265188776316,0.016961403884034887,1.0,,,,,,
1915-10-01 00:00:00+00:00,-2.283232363399367,-1.145432289889949,-1.8351713991523764,0.0,0.0,0.7886965760886093,1.5891219123791742,0.5575031875754833,5.054522187128421,0.373134328358209,0.0,335.0,0.0,0.0,336.0,0.0,0.969812685277076,0.009484361654292735,0.009636681862707358,0.026118929538357517,0.15418149586569396,0.15859591644178472,-0.10257145979185989,0.029903102262250774,-0.014467462445397317,0.0,,,,,,
1915-11-01 00:00:00+00:00,-2.3731037528487615,-1.13982958577959,-1.8295686950420174,0.0,0.0,0.687118815541214,1.5995023763669294,0.5160384555857751,4.851958029223404,0.36716417910447763,0.0,335.0,0.0,0.0,336.0,0.0,0.9646978149565777,0.025884187394195353,0.009490038925183738,0.025841972802961338,0.17319181273894343,0.1207082446104879,-0.051030064411961895,0.029958240441604465,-0.03389419302614094,0.0,,,,,,
1915-12-01 00:00:00+00:00,-2.3739028264985538,-1.161280453910398,-1.8510195631728255,0.0,0.0,0.6448134654910227,1.5966316924781003,0.5467006378117399,5.067316252413899,0.36716417910447763,0.0,335.0,0.0,0.0,336.0,0.0,0.9127139263169848,0.07044472579232018,0.008169588988605004,0.025889947824001672,0.3390240976218406,0.156424700136367,-0.03058235435951584,0.0298188743421553,-0.08569584188018986,0.0,,,,,,
1916-01-01 00:00:00+00:00,-2.3652366621056706,-1.2358582449069755,-1.925597354169403,0.0,0.0,0.6527054711940967,1.549488530608011,0.5595208173277073,4.79283099053572,0.3611940298507463,0.0,335.0,0.0,0.0,336.0,0.0,0.7241834688847268,0.18903453943894727,0.0034405608841688944,0.027072421039172505,0.760726272758341,0.11952781145348901,-0.020078896718445982,0.029504772063205748,-0.09236509795851777,0.0,,,,,,
1916-02-01 00:00:00+00:00,-2.4167486580763677,-1.2592244396384722,-1.9489635489008996,0.0,0.0,0.6040108087293586,1.5246002433956907,0.504829695231168,4.974131106471381,0.3611940298507463,0.0,335.0,0.0,0.0,336.0,0.0,0.6551044601643543,0.18451035083780087,0.0017745679330451029,0.028630403170247468,0.8824482970638956,0.10926178450851598,-0.014953549667058752,0.02942255548207854,-0.16177416533970135,0.0,,,,,,
1916-03-01 00:00:00+00:00,-2.3713065798161312,-1.2785287767466134,-1.9682678860090408,0.0,0.0,0.6428787213643921,1.5069744221414703,0.6018335515501534,4.700888749702444,0.35522388059701493,0.0,335.0,0.0,0.0,336.0,0.0,0.6152170994949917,0.21616091945699925,0.0007649191569391293,0.02872677958718842,0.930124125167977,0.054813504699274596,-0.026683996074718053,0.02949749284970072,-0.1183910379200448,0.0,,,,,,
1916-04-01 00:00:00+00:00,-2.325081801021472,-1.2901850292525798,-1.9799241385150073,0.0,0.0,0.6329992869588073,1.5319379215215867,0.5513653647363113,4.788969731073774,0.35522388059701493,0.0,335.0,0.0,0.0,336.0,0.0,0.5108108367248154,0.26140828359784535,-0.0018255453390998884,0.02986048087228438,1.0308367988085996,-0.002059418751588993,-0.02967666116751122,0.029551577530774656,-0.16188584615882462,0.0,,,,,,
1916-05-01 00:00:00+00:00,-2.41975891146976,-1.309544509897899,-1.9992836191603265,0.0,0.0,0.5721895655700969,1.572824949386369,0.48308834503673126,4.6338957408009644,0.3492537313432836,0.0,335.0,0.0,0.0,336.0,0.0,0.6964997919647515,0.11753541913111586,0.0028698761347597966,0.029330443745190577,0.8163902098024385,-0.03369918346414558,0.04460430623675471,0.027648766697752913,-0.2244452049751997,0.0,,,,,,
1916-06-01 00:00:00+00:00,-2.5037059368878327,-1.320392888029291,-2.0101319972917184,0.0,0.0,0.5831289891586247,1.6277281182320602,0.5864730488079336,4.818865210865234,0.3492537313432836,0.0,335.0,0.0,0.0,336.0,0.0,0.7512487430078052,0.1480780987072877,0.0041527573299518766,0.02746370101171443,0.7288355643157058,-0.058024948696846046,0.04163741112310593,0.027646902320395437,-0.22017032694142546,0.0,,,,,,
1916-07-01 00:00:00+00:00,-2.440455612555168,-1.3245962185533493,-2.0143353278157767,0.0,0.0,0.6022209853278323,1.6721073177633043,0.8264986845402441,4.557042531764294,0.34328358208955223,0.0,335.0,0.0,0.0,336.0,0.0,0.6785794503444528,0.18779429900530578,0.0023382889364580496,0.028060013639438715,0.8461410973436477,-0.07412435284089192,0.0013003903002832828,0.02740608496756291,-0.21877669051179538,0.0,,,,,,
1916-08-01 00:00:00+00:00,-2.2050166791662695,-1.3388102735708158,-2.0285493828332433,0.0,0.0,0.59573789852316,1.6952345597566176,0.8070977133922381,4.768137495386469,0.34328358208955223,0.0,335.0,0.0,0.0,336.0,0.0,0.7194473694960063,0.1455220317389249,0.003386455530222829,0.028192032931049417,0.7877425509936559,-0.05017662535427192,0.0002297442191139254,0.027407428938366236,-0.2625901791837322,0.0,,,,,,
1916-09-01 00:00:00+00:00,-2.2905770510572125,-1.36652342834703,-2.0562625376094577,0.0,0.0,0.5268867292799294,1.7282680589491946,0.3652500591657362,4.588927298711185,0.3373134328358209,0.0,335.0,0.0,0.0,336.0,0.0,0.85160163469712,0.05298409100920378,0.006714458159842366,0.02758375351642665,0.5166313980553942,-0.014281175441292149,0.054300316653129066,0.02706138313595921,-0.35656257807536385,0.0,,,,,,
1916-10-01 00:00:00+00:00,-2.2704460800168826,-1.3792034233132684,-2.068942532575696,0.0,0.0,0.47197620853635763,1.782373971345793,0.3464944883905342,4.772371321612177,0.3373134328358209,0.0,335.0,0.0,0.0,336.0,0.0,0.8935728736559185,0.06503442815493976,0.007713744254109859,0.026419093673626874,0.41010129836130105,0.011232729873460912,0.10266415042140764,0.026327668331342768,-0.4398743944561909,0.0,,,,,,
1916-11-01 00:00:00+00:00,-2.3242528451375937,-1.3894486207148284,-2.0791877299772556,0.0,0.0,0.43609895025909373,1.8566081784578767,0.3357380283854663,4.607237941914953,0.33134328358208953,0.0,335.0,0.0,0.0,336.0,0.0,0.7914425632506507,0.06830144642710248,0.007017906397708014,0.026449068425976167,0.6439287739046136,0.03691423938030702,0.09916985764796848,0.026311650319099603,-0.5321084291010312,0.0,,,,,,
1916-12-01 00:00:00+00:00,-2.2494455725617137,-1.4006102203723148,-2.0903493296347424,0.0,0.0,0.5143400786756693,1.7919710536070943,0.3083228163546741,4.560781233837049,0.33134328358208953,0.0,335.0,0.0,0.0,336.0,0.0,0.3630851836441276,0.5525282617487233,-0.008869370894393398,0.031856474459515505,0.904268701448464,-0.02519986738174751,0.009284324241540354,0.02693490545286365,-0.5318082835049038,0.0,,,,,,
1917-01-01 00:00:00+00:00,-2.2191583070119743,-1.388649911005939,-2.078389020268366,0.0,0.0,0.5818188483455327,1.8004090731818891,0.2695609213136985,4.250304892554485,0.3253731343283582,0.0,335.0,0.0,0.0,336.0,0.0,0.26312560319326644,0.4438019385438145,-0.00977899476588622,0.028573667406443647,1.0715378973376128,-0.05783931438491585,-0.046124206845312266,0.02718001707250482,-0.46261882359418127,0.0,,,,,,
1917-02-01 00:00:00+00:00,-1.995316396181825,-1.1037589675478685,-1.793498076810296,0.0,0.0,0.5588613224144426,1.5968094210029156,0.1271426643144161,3.8736348961399965,0.3253731343283582,0.0,335.0,0.0,0.0,336.0,0.0,0.009059199063093111,0.9906721014803652,-0.022478560611773696,0.037103273221211826,0.054107724402620495,-0.1272879892685319,-0.11048281443753893,0.030401591299255223,-0.3563153231487757,0.0,,,,,,
1917-03-01 00:00:00+00:00,-2.152792659166533,-1.3802044118176982,-2.0699435210801256,0.0,0.0,0.5692074518617646,1.6320688464368576,0.16561896542106855,3.8571388586118314,0.3194029850746269,0.0,335.0,0.0,0.0,336.0,0.0,0.6507623274264179,0.28748443685113867,0.0010411988088010874,0.029457936503444037,0.8099073620274628,-0.09508048835549321,-0.06578774053800274,0.030860574225020417,-0.4000691661076514,0.0,,,,,,
1917-04-01 00:00:00+00:00,-1.847512801073447,-0.8864741823306388,-1.5762132915930662,0.0,0.0,0.7031773736221107,1.5057858359262912,0.07840520681168803,3.715822973756349,0.3194029850746269,0.0,335.0,0.0,0.0,336.0,0.0,0.1555942528539124,0.8268966816794151,-0.01706736444491885,0.03529184133285436,0.5174812965033437,-0.1809066687944485,-0.12569634396757756,0.03259593297609731,-0.35996981867324784,0.0,,,,,,
1917-05-01 00:00:00+00:00,-1.718008686895192,-0.6444872990248411,-1.3342264082872686,0.0,0.0,0.7510841503575156,1.4636229734647355,0.04217091579219289,3.2763817258550443,0.31343283582089554,0.0,335.0,0.0,0.0,336.0,0.0,0.1081465023915854,0.7987630167899608,-0.017795353381645805,0.03421476760540197,0.6410355670492982,-0.24367692599394797,-0.17093083088189331,0.03353188467268009,-0.2993592355644443,0.0,,,,,,
1917-06-01 00:00:00+00:00,-1.8125099145669616,-0.7926768069007221,-1.4824159161631494,0.0,0.0,0.7175629345444124,1.5113472060511264,0.09745643239090393,3.2462228643203135,0.31343283582089554,0.0,335.0,0.0,0.0,336.0,0.0,0.3901648015699388,0.27538405894008905,-0.004754208353761704,0.026461461496732126,1.0886622631058396,-0.24430108261213057,-0.09932486306344934,0.031769143474885964,-0.31633623577504455,0.0,,,,,,
1917-07-01 00:00:00+00:00,-1.7741417449786043,-0.6696562408551324,-1.35939535011756,0.0,0.0,0.7452731989159165,1.5561719083158556,0.13834285889906942,3.069058733709655,0.3074626865671642,0.0,335.0,0.0,0.0,336.0,0.0,0.338937493954864,0.3224755425425799,-0.006517674797545672,0.02688641289254,1.0983454660290501,-0.20720520147249744,-0.09209626104149482,0.03167898021577615,-0.322630694805202,0.0,,,,,,
1917-08-01 00:00:00+00:00,-1.5555616726686767,-0.28574224090485656,-0.975481350167284,0.0,0.0,0.7466344963003304,1.5142052267488573,0.15141194351429257,2.8906055194298492,0.3074626865671642,0.0,335.0,0.0,0.0,336.0,0.0,0.12955860357895158,0.7700083604541109,-0.01694379247126555,0.03385121229880273,0.6968351400153587,-0.22040170657948632,-0.1375929297902463,0.03249087544130517,-0.2874995498226163,0.0,,,,,,
1917-09-01 00:00:00+00:00,-1.1315931760832358,0.2889460118069287,-0.40079309745549874,0.0,0.0,0.6949087698548289,1.3664986011922593,0.16996496536746172,2.2355944584553993,0.2656716417910448,0.0,335.0,0.0,0.0,336.0,0.0,0.0220181571105334,0.9746492597322751,-0.02198059443678517,0.036911528362231105,0.1280545575217617,-0.20906958817695465,-0.21952008705231307,0.034366393924418676,-0.24000508251557573,0.0,,,,,,
1917-10-01 00:00:00+00:00,-0.6741759845728187,0.7464281579170411,0.05668904865461366,1.0,1.0,0.6729013459866644,1.2356210965215133,0.3977315279633708,2.913376482882803,0.8149253731343283,0.0,335.0,0.0,0.0,336.0,0.0,0.021611832734532068,0.9736319970553128,-0.02197703264387881,0.036886392169238794,0.13432563710495563,-0.3102506266626852,-0.28033386562469254,0.036048431826497696,-0.14668507686848908,0.0,1.0,,,,,
1917-11-01 00:00:00+00:00,-0.25662412072123963,1.3615662164199402,0.6718271071575128,1.0,2.0,0.6717522668572931,1.2675183285613025,1.2334890346224197,5.584532983645495,0.844776119402985,0.0,335.0,0.0,0.0,336.0,0.0,0.0056917917575389125,0.9941396853563959,-0.02259917593466463,0.03713883299660832,0.03672664603349578,-0.33330834356189953,-0.3332634572365105,0.038218592409272514,-0.05319410940605884,0.0,1.0,,,,,
1917-12-01 00:00:00+00:00,-0.1872939295629217,1.3878438381626974,0.69810472890027,1.0,3.0,0.8413798288866672,1.3338053637880982,1.7392263954042004,6.652696345948889,0.844776119402985,0.0,335.0,0.0,0.0,336.0,0.0,0.07903269115814898,0.819897923486703,-0.018726556560497352,0.03434091325844521,0.5950339287866897,-0.33256294591145164,-0.40016425657956844,0.03849774322233234,-0.036048389323593,0.0,1.0,,,,,
1918-01-01 00:00:00+00:00,-0.6051822190010132,0.44240899916127535,-0.24733011010115208,0.0,0.0,0.8505485423121785,1.3192321686150548,1.0777401162707725,4.201096439357129,0.8029850746268656,0.0,335.0,0.0,0.0,336.0,0.0,0.6959527661846618,0.27848215871491633,0.0021862556394732393,0.029750028884594385,0.702011440751096,-0.30028781103767166,-0.35974013867311516,0.039338870004306574,-0.07930299232452942,0.0,,,,,,
1918-02-01 00:00:00+00:00,-0.609074433422513,0.17554824704100025,-0.5141908622214272,0.0,0.0,0.8493507912461213,1.2680695357430007,0.8899658590025721,3.5537134587808064,0.8029850746268656,0.0,335.0,0.0,0.0,336.0,0.0,0.8874435387118949,0.06498910070099534,0.009250907812431906,0.027393672596247046,0.4284915511811174,-0.2648266219055122,-0.372334957782118,0.03896378411028392,-0.07998588288758235,0.0,,,,,,
1918-03-01 00:00:00+00:00,-0.4485671439328642,0.3700945641885425,-0.31964454507388496,0.0,0.0,0.8901303590367688,1.2050063732362413,1.0839388530086775,3.622157651612817,0.8029850746268656,0.0,335.0,0.0,0.0,336.0,0.0,0.6867717427792062,0.06467999418523034,0.004674509693851947,0.025270903862073087,0.7811787575954507,-0.23255947527941245,-0.44811720033017277,0.03682379696493359,-0.04905089292347853,0.0,,,,,,
1918-04-01 00:00:00+00:00,-0.29382238850053966,0.5073140929323837,-0.1824250163300437,0.0,0.0,0.9219040956483813,1.3361032820359346,1.2537972028060091,3.8211918971185654,0.7970149253731343,0.0,335.0,0.0,0.0,336.0,0.0,0.44700148241270443,0.287926300266623,-0.0036151822394058885,0.027317980979177654,1.0703559047807965,-0.1843139093923325,-0.43837113954234397,0.03669866471339655,-0.01060674799764083,0.0,,,,,,
1918-05-01 00:00:00+00:00,-0.3694505489223648,0.24571584186974277,-0.44402326739268466,0.0,0.0,0.9224223720991238,1.237723532733857,1.1442025677632706,3.5731474855693794,0.7970149253731343,0.0,335.0,0.0,0.0,336.0,0.0,0.623362532453975,0.20919245840737083,0.0014037111080545356,0.027564210199905927,0.9211407229094041,-0.10316176710220137,-0.4391416960211627,0.036684200835875175,0.0337996875623201,1.0,,,,,,
1918-06-01 00:00:00+00:00,-0.2357292063124157,0.3532901540222948,-0.33644895524013263,0.0,0.0,0.9602845311872376,1.161249233491682,1.3630481278434579,3.68055399993348,0.7910447761194029,0.0,335.0,0.0,0.0,336.0,0.0,0.5032814708920619,0.1943423428130308,-0.001149735553855994,0.025993364347279863,1.0255818536689252,-0.028528889286143944,-0.44776329257526815,0.036652265196534674,0.07258293897319312,1.0,,,,,,
1918-07-01 00:00:00+00:00,-0.11130471350098764,0.4354450208505421,-0.25429408841188533,0.0,0.0,0.7479932045385161,1.1479735153198278,1.7029962387105304,4.111712758208031,0.7910447761194029,0.0,335.0,0.0,0.0,336.0,0.0,0.3617672402438475,0.3259069705224649,-0.00603988846597862,0.02719752611458782,1.0966729563254152,0.0019723872272043863,-0.5082212501054597,0.0354177616993131,0.09432447247956599,1.0,,,,,,
1918-08-01 00:00:00+00:00,-0.06037933212980993,0.41296842023393715,-0.2767706890284903,0.0,0.0,0.6694587708243368,1.1805565726427651,1.9486232975303024,4.2962809773309685,0.7850746268656716,0.0,335.0,0.0,0.0,336.0,0.0,0.3445948129702457,0.3097992734697924,-0.006228595144050706,0.0266862541329202,1.097349912076572,-0.045282432807921325,-0.5550165058290055,0.0343035621341826,0.017955693032841502,1.0,,,,,,
1918-09-01 00:00:00+00:00,0.08071232711465436,0.5506382941819834,-0.13910081508044403,0.0,0.0,0.5150198659258888,1.1624296059991692,2.51289314663576,4.83742568025091,0.7850746268656716,0.0,335.0,0.0,0.0,336.0,0.0,0.24093959268543222,0.4487758383204351,-0.010348148473713506,0.028441627193891948,1.0655961668402503,-0.0927593475437547,-0.6236902217676574,0.032700728937499784,0.0525983871527993,1.0,,,,,,
1918-10-01 00:00:00+00:00,-0.15277894944422224,0.2149559373114651,-0.4747831719509623,0.0,0.0,0.4297759746131162,1.1646475854150984,2.4845135632147684,4.709383269779295,0.7791044776119403,0.0,335.0,0.0,0.0,336.0,0.0,0.62414633303183,0.2848257568509255,0.00046724130143287196,0.029122729699258026,0.8700669304388373,-0.05686653742352288,-0.6256919823641836,0.03262590308329726,0.06300383123668318,1.0,,,,,,
1918-11-01 00:00:00+00:00,-0.1904904848454557,0.18809591288019248,-0.501643196382235,0.0,0.0,0.4847101432991029,1.196080858046386,2.5405493231583787,4.76277403385404,0.7791044776119403,0.0,335.0,0.0,0.0,336.0,0.0,0.7053040208650964,0.11728973033177752,0.004433662849426084,0.026544698798786025,0.8043957052916018,-0.026532634294710533,-0.6213284739734215,0.03271283110657797,0.0046137703778939,1.0,,,,,,
1918-12-01 00:00:00+00:00,-0.022059249965137067,0.43296845179309457,-0.25677065746933286,0.0,0.0,0.6754218691753889,1.3129809412340059,2.5905687238036803,4.791599241717204,0.7731343283582089,0.0,335.0,0.0,0.0,336.0,0.0,0.4277458908282756,0.3415286101500689,-0.004731055117306817,0.028213581877441322,1.0685303227616987,-0.06925209967060031,-0.627921607145252,0.03277845169571854,-0.01436204037053379,0.0,,,,,,
1919-01-01 00:00:00+00:00,-0.09936587355149856,0.3686589607981436,-0.32108014846428384,0.0,0.0,0.6078606507838212,1.3515218993794276,2.7000662439797476,4.853130797312797,0.7731343283582089,0.0,335.0,0.0,0.0,336.0,0.0,0.4313110374178243,0.2462086319996694,-0.0034469098963237597,0.02629741243144851,1.072735909281976,-0.06325456758715653,-0.6202796446709407,0.03283083310379838,-0.03906692107986043,0.0,,,,,,
1919-02-01 00:00:00+00:00,-0.24357513137071424,0.14358394587772738,-0.5461551633847,0.0,0.0,0.6382515851148592,1.2818741980404185,2.6659319868793068,4.722156874525141,0.7671641791044777,0.0,335.0,0.0,0.0,336.0,0.0,0.719841002496933,0.21044154705123022,0.003590053930553975,0.028607345934648254,0.7502916008587823,-0.022181809987892542,-0.5852165647926268,0.03351150468715918,-0.15789596055951183,0.0,,,,,,
1919-03-01 00:00:00+00:00,-0.258894582455271,0.032234922562109254,-0.6575041867003182,0.0,0.0,0.6376334336686763,1.2396947436327719,2.3893042808915985,4.423959544120985,0.7671641791044777,0.0,335.0,0.0,0.0,336.0,0.0,0.8549877748860197,0.07306599009384866,0.008408194487858962,0.027216921844276203,0.5144693133155918,0.005889181619725292,-0.5470679054576912,0.03400364097775492,-0.11777478867580982,0.0,,,,,,
1919-04-01 00:00:00+00:00,-0.393095205872811,-0.05514816263849692,-0.7448872719009243,0.0,0.0,0.6679961806109236,1.2767793016585833,2.1934325385434374,4.214759910719676,0.7611940298507462,0.0,335.0,0.0,0.0,336.0,0.0,0.8813809757204653,0.04545786046476897,0.00935898096158827,0.02692940121000983,0.4431197723420581,0.0450844251256024,-0.5449066131779094,0.03405804363380855,-0.17050606972389382,0.0,,,,,,
1919-05-01 00:00:00+00:00,-0.7507750013285189,-0.4127701963626146,-1.1025093056250421,0.0,0.0,0.6559710927796792,1.2592906866501654,1.786569543703727,3.7606965376636343,0.7611940298507462,0.0,335.0,0.0,0.0,336.0,0.0,0.9725406618813214,0.02707676173528404,0.01167162210057615,0.027514081886545284,0.12781134878443748,0.07732299732860781,-0.4903440363387297,0.03600093734838647,-0.30489819043581345,0.0,,,,,,
1919-06-01 00:00:00+00:00,-0.8531513900261202,-0.47319835970537705,-1.1629374689678045,0.0,0.0,0.7213912557223973,1.318918626515452,1.7333041745944393,3.5780491623504727,0.7611940298507462,0.0,335.0,0.0,0.0,336.0,0.0,0.9741540485602855,0.00598530608881053,0.011974584642094126,0.027098787057134206,0.13397867580471987,0.09724815909310802,-0.44995596203942156,0.03664387106676742,-0.36329893558026694,0.0,,,,,,
1919-07-01 00:00:00+00:00,-0.8621486451225915,-0.44629184778041486,-1.1360309570428422,0.0,0.0,0.6829037848741254,1.3839792395750898,1.7049947752719874,3.466741909486602,0.755223880597015,0.0,335.0,0.0,0.0,336.0,0.0,0.8555749203747384,0.013478263716296998,0.009173488847562935,0.026001746860191063,0.45771065134490296,0.13234524903036338,-0.44539973276061673,0.03669279006815041,-0.3626440372259827,0.0,,,,,,
1919-08-01 00:00:00+00:00,-0.5047777142175917,-0.007010034326005762,-0.6967491435884332,0.0,0.0,0.513343907045839,1.1689012578716926,1.9239961426549392,3.5738815777215125,0.7492537313432835,0.0,335.0,0.0,0.0,336.0,0.0,0.04969256479183551,0.9500530849031789,-0.021038570242379335,0.03669925620942966,0.19995558050282697,0.0519762525494496,-0.5540222166801989,0.03824007368307735,-0.2915790153480744,0.0,,,,,,
1919-09-01 00:00:00+00:00,-0.6172362071627937,-0.1968923669285166,-0.8866314761909441,0.0,0.0,0.5075971044411592,1.2057075094234444,1.938873224989782,3.54219605011674,0.7492537313432835,0.0,335.0,0.0,0.0,336.0,0.0,0.44425471106820885,0.26734179563120003,-0.0034181363740076734,0.0268670916589364,1.0717332511630644,0.03982492249662695,-0.5566243721694608,0.03818555569572257,-0.2518492714831657,0.0,,,,,,
1919-10-01 00:00:00+00:00,-0.8398379775924449,-0.381807225219854,-1.0715463344822815,0.0,0.0,0.5060784805286992,1.2383525607138408,1.7220595598699229,3.315943275268899,0.7432835820895523,0.0,335.0,0.0,0.0,336.0,0.0,0.799271703361201,0.17927006165671058,0.005796375344717527,0.02880615997950461,0.5696557272065725,0.05518818673663883,-0.5287939581013594,0.03892142276741388,-0.27862867465706564,0.0,,,,,,
1919-11-01 00:00:00+00:00,-0.6487244397773289,-0.043995971378164966,-0.7337350806405925,0.0,0.0,0.613224654834433,1.210045951817494,1.9319137114004112,3.5157401151212513,0.7432835820895523,0.0,335.0,0.0,0.0,336.0,0.0,0.43162654199043565,0.4777096891147995,-0.006360846924035185,0.031045808699468797,0.9332065066324399,-0.011312115919175803,-0.5310188617153377,0.03898130167010157,-0.27377255247492016,0.0,,,,,,
1919-12-01 00:00:00+00:00,-0.4572875435660087,0.11063260939461034,-0.579106499867817,0.0,0.0,0.8356360130884687,1.154487050245472,2.206392030015379,4.138621013288156,0.844776119402985,0.0,335.0,0.0,0.0,336.0,0.0,0.17077434816811451,0.7514852071770547,-0.015769320548079932,0.03390623558878725,0.7151094191919469,-0.1174138276034542,-0.549918549557268,0.039354666206515586,-0.2960224043680002,0.0,,,,,,
1920-01-01 00:00:00+00:00,-0.32965663656633376,0.1702717636838707,-0.5194673455785568,0.0,0.0,0.8495566489797085,1.1841040225757975,2.317530893200859,5.067701590323385,0.844776119402985,0.0,335.0,0.0,0.0,336.0,0.0,0.1887625037432067,0.4856690505397881,-0.012004609164999602,0.02864752789769243,1.030828185886946,-0.17490442764021008,-0.49757240041109974,0.03766436716818778,-0.2009721990150366,0.0,,,,,,
1920-02-01 00:00:00+00:00,0.11384469549993564,0.6302016134821802,-0.05953749578024725,0.0,0.0,1.0126018587531656,1.2512404914484077,2.5866927300855256,6.097742470686037,0.844776119402985,0.0,335.0,0.0,0.0,336.0,0.0,0.002170673300641914,0.9978181658979753,-0.022725960834578576,0.03717709436192302,0.015618846902966204,-0.27440224302697036,-0.6247214874320939,0.039317733623645955,-0.07934828594822818,0.0,,,,,,
1920-03-01 00:00:00+00:00,-0.23926733067727224,0.14332610671211693,-0.5464130025503104,0.0,0.0,1.0625955039353103,1.3181318453386932,2.105459038073726,5.84600039648246,0.844776119402985,0.0,335.0,0.0,0.0,336.0,0.0,0.7221418517177917,0.27677036022008433,0.0028056168201547062,0.02999115165428388,0.5980342515936882,-0.12984130008892603,-0.5029568479746764,0.04048932168331928,-0.15755834478735675,0.0,,,,,,
1920-04-01 00:00:00+00:00,-0.020409112155117932,0.48802826866122206,-0.20171084060120537,0.0,0.0,1.0877109056055685,1.3094101183070401,2.1877822106374523,5.789536632435662,0.8388059701492537,1.0,40.0,-0.01747795954576914,0.0,336.0,0.0,0.4759758991243708,0.2982495091759376,-0.0030841071036954277,0.027835161016692325,1.0501903425207468,-0.1780200317510907,-0.49096747792660356,0.040227885636293356,-0.1040847814025847,0.0,,,,,,
1920-05-01 00:00:00+00:00,0.2955481548661559,0.8407402133378563,0.15100110407542888,1.0,1.0,1.1094897738696725,1.45987740078042,2.667192197402578,6.418293883779305,0.8388059701492537,1.0,40.0,-0.01747795954576914,0.0,336.0,0.0,0.02363818346259166,0.9756529922579668,-0.021956282968386885,0.03694918782576534,0.11771095160767903,-0.2905790243438888,-0.5750718998331177,0.041571112222387845,0.02766519264674816,1.0,1.0,,,,,
1920-06-01 00:00:00+00:00,0.20730221336811894,0.8666281799451923,0.17688907068276483,1.0,2.0,1.0895997174176864,1.443762323315336,2.9453708984054403,6.478406972305549,0.8328358208955224,1.0,40.0,-0.01747795954576914,0.0,336.0,0.0,0.1452811712453267,0.5140703447952321,-0.013355437593151429,0.028771081939442732,0.9891653225404169,-0.2706645468650528,-0.5944782071078931,0.041647509108353915,-0.018092169577291095,0.0,1.0,,,,,
1920-07-01 00:00:00+00:00,0.07807664476145591,0.7489675695041238,0.05922846024169637,1.0,3.0,1.1023858452829869,1.3925827042539476,3.010379023653704,6.586854494220366,0.8328358208955224,1.0,40.0,-0.01747795954576914,0.0,336.0,0.0,0.33958785089397464,0.3442482825655488,-0.006777564405544252,0.027339547095311455,1.0979272090673093,-0.21593674782508554,-0.5454535908028673,0.04148448197171351,-0.030347637598898913,0.0,1.0,,,,,
1920-08-01 00:00:00+00:00,0.29692461340666787,0.8205427354586904,0.13080362619626296,1.0,4.0,1.156662103663987,1.3937850946958286,3.238384431596195,6.627719091641034,0.844776119402985,1.0,40.0,-0.01747795954576914,0.0,336.0,0.0,0.2945055090720108,0.3509489920322716,-0.007891112172271265,0.027001419615228988,1.0951390482466055,-0.20053584171876437,-0.48903865395290946,0.04030383138455154,-0.02706213963006654,0.0,1.0,,,,,
1920-09-01 00:00:00+00:00,-0.138442421647221,0.43230981241550737,-0.25742929684692006,0.0,0.0,1.2478342820388704,1.4171722756937994,2.6528895911313244,6.6029710099687255,0.844776119402985,1.0,40.0,-0.01747795954576914,0.0,336.0,0.0,0.7566800953042839,0.2407875511049639,0.004047986269203269,0.029617879157379876,0.5689564967901577,-0.05412838842702694,-0.3685992491964356,0.04046303475379141,-0.040922309474704655,0.0,,,,,,
1920-10-01 00:00:00+00:00,-0.08224466564020144,0.44690500523009524,-0.2428341040323322,0.0,0.0,1.2641376359319787,1.3952322242094513,2.753181557681642,6.697086440733303,0.844776119402985,1.0,40.0,-0.01747795954576914,0.0,336.0,0.0,0.7824676009977459,0.061328234970706316,0.00690104419036872,0.026211482183688413,0.6531474527475327,-0.105665699244617,-0.2753142036573939,0.03829231964205581,-0.033725199380226556,0.0,,,,,,
1920-11-01 00:00:00+00:00,0.17663082146768186,0.7017833375072112,0.012044228244783795,1.0,1.0,1.20361656445722,1.4434963812770716,2.994997460114544,7.182948394377806,0.844776119402985,1.0,40.0,-0.01747795954576914,0.0,336.0,0.0,0.3751802703468049,0.5227854828955212,-0.008218000825864024,0.03137440152480896,0.9397655414684465,-0.11457859867020215,-0.27298313068535407,0.038219967794036316,0.07140529287865416,1.0,1.0,,,,,
1920-12-01 00:00:00+00:00,0.5776428517378143,0.9880056198188933,0.2982665105564659,1.0,2.0,1.1680969078769543,1.5662433768941797,3.390846673672024,8.260341024779759,0.844776119402985,1.0,50.0,-0.01921742072035862,0.0,336.0,0.0,0.03684260624345332,0.9603729515945472,-0.021462086954232906,0.03677525698591857,0.17683529865078115,-0.10853804153564095,-0.383322130331087,0.03896870923795637,0.18540322333136317,1.0,1.0,,,,,
1921-01-01 00:00:00+00:00,0.34221790320635853,0.5059921717132747,-0.18374693754915272,0.0,0.0,1.0982597457691676,1.6945733188245033,2.9628473073671633,9.509788197939756,0.844776119402985,1.0,50.0,-0.01921742072035862,0.0,336.0,0.0,0.11981103626076073,0.7017654524561235,-0.015719438838201715,0.0335344375984554,0.8102841843220672,-0.012577691074979747,-0.34222927627736066,0.040603001601368295,0.14344412735639622,1.0,,,,,,
1921-02-01 00:00:00+00:00,0.16969255375735165,0.4084141293261912,-0.28132497993623623,0.0,0.0,1.0689162675422774,1.6883179092906735,2.6757066375692173,10.762643531213104,0.844776119402985,1.0,50.0,-0.01921742072035862,0.0,336.0,0.0,0.3000792310768931,0.33097502147980756,-0.003145587241640523,0.029714500289655152,1.0950490646251019,0.008893508250784166,-0.30400060727267064,0.04101947432459722,0.14013942795562073,1.0,,,,,,
1921-03-01 00:00:00+00:00,0.3601295324901726,0.5319986009835862,-0.15774050827884123,0.0,0.0,1.1877255992611693,1.5920375722579774,2.7128167532373575,9.56951944538334,0.844776119402985,1.0,50.0,-0.01921742072035862,0.0,336.0,0.0,0.350042071770253,0.36885375819734273,-0.004190191487861095,0.030749223438624594,1.092047604711394,0.004179370471791621,-0.30054537408878534,0.04098607765603723,0.20926719892502188,1.0,,,,,,
1921-04-01 00:00:00+00:00,0.28706772923502294,0.40282468762323903,-0.2869144216391884,0.0,0.0,0.8494175815545032,1.6713128900106418,2.9384677230322667,11.403725554081433,0.8388059701492537,1.0,50.0,-0.01921742072035862,0.0,336.0,0.0,0.34458241357104563,0.16866111300825803,0.0022379076210764046,0.02771799785947528,1.0177799381993293,-0.0302555416705097,-0.29569302376474393,0.041060662797477325,0.25290087824386465,1.0,,,,,,
1921-05-01 00:00:00+00:00,-0.04503208348080955,0.11842234491812371,-0.5713167643443037,0.0,0.0,0.76172682103762,1.7510396246262179,2.6429313923240145,10.658446741483377,0.8388059701492537,1.0,50.0,-0.01921742072035862,0.0,336.0,0.0,0.7570884193868777,0.06278789338819102,0.007094818941499465,0.030030142191151483,0.6932274897114072,0.01571484295992498,-0.23107047141132497,0.04231328716493209,0.23883912144169006,1.0,,,,,,
1921-06-01 00:00:00+00:00,0.434815128159419,0.5599613341700176,-0.12977777509240984,0.0,0.0,0.6483366424149483,1.958799433771283,3.828183142378238,12.457116944494425,0.8328358208955224,1.0,50.0,-0.01921742072035862,0.0,336.0,0.0,0.13615034922205496,0.8504555452346002,-0.020450715238513672,0.03590161826424472,0.46701062146605155,-0.014984163967423747,-0.2899396818799822,0.04395348054466919,0.3071955227127985,1.0,,,,,,
1921-07-01 00:00:00+00:00,0.36700136649327053,0.5057554247562369,-0.18398368450619051,0.0,0.0,0.6644519175587535,1.895512949007179,3.4628207386281042,11.2004141779185,0.8328358208955224,1.0,50.0,-0.01921742072035862,0.0,336.0,0.0,0.04583115166139843,0.6221815369483649,-0.013415970473615767,0.031652584874022,0.8025961928971292,0.04973801894401575,-0.2883016785791499,0.0439520710374681,0.3170199236313671,1.0,,,,,,
1921-08-01 00:00:00+00:00,0.49124490299334467,0.53316573894093,-0.15657337032149743,0.0,0.0,0.6817692086358129,1.8442517886351126,3.2223461722900897,12.003752020274566,0.826865671641791,1.0,55.0,-0.015782661747752703,0.0,336.0,0.0,0.31197203539261953,0.513536040224698,-0.00898328536689818,0.03254392267409703,1.0102778746880348,-0.026625782333794312,-0.2760957110674003,0.043866845957553885,0.3782952027562372,1.0,,,,,,
1921-09-01 00:00:00+00:00,0.2702816275285347,0.31966568721809807,-0.37007342204432936,0.0,0.0,0.6777207455214347,1.823478331073973,2.3247207238969767,10.908189654939505,0.826865671641791,1.0,55.0,-0.015782661747752703,0.0,336.0,0.0,0.3497461414902252,0.2118481333918086,0.000865175363757747,0.02840948478577212,1.0577030313731135,-0.015702411953503415,-0.2628364818026512,0.04419448161968926,0.36807730148810425,1.0,,,,,,
1921-10-01 00:00:00+00:00,0.24194913845974186,0.26880481227766895,-0.4209342969847585,0.0,0.0,0.6832110700844831,1.7645028674180572,1.8526250329533014,11.714314960948016,0.8208955223880597,1.0,55.0,-0.015782661747752703,0.0,336.0,0.0,0.46570470853076396,0.10729952016906993,0.0046390189719046435,0.027946281642182772,0.9587651335600561,0.0181674461625132,-0.2558452936315616,0.044275367110277054,0.37038597739861867,1.0,,,,,,
1921-11-01 00:00:00+00:00,-0.004601556429163078,-0.004601556429163078,-0.6943406656915905,0.0,0.0,0.642186372332643,1.8289365894837053,2.2141673205138344,10.941588943735313,0.8208955223880597,1.0,55.0,-0.015782661747752703,0.0,336.0,0.0,0.7677898448879684,0.048455231372696625,0.007593950808938083,0.0299176724448809,0.6608685832282083,0.060911475611036714,-0.1655294484831069,0.04539826475401574,0.2553852445830618,1.0,,,,,,
1921-12-01 00:00:00+00:00,-0.14034818741087232,-0.14034818741087232,-0.8300872966732997,0.0,0.0,0.6262964410265142,1.816158193003019,2.313512143876724,11.975207363167852,0.8149253731343283,1.0,55.0,-0.015782661747752703,0.0,336.0,0.0,0.3885948582767242,0.0375202649592279,0.006615744633097096,0.02618086530940364,0.809174610714342,0.049199989148974055,-0.11861591467519439,0.04603661883257239,0.20663383427622595,1.0,,,,,,
1922-01-01 00:00:00+00:00,-0.22866230883166225,-0.19831862355287164,-0.8880577328152991,0.0,0.0,0.6405352089629335,1.7672908961120923,1.9418836024860329,10.654904025935146,0.8149253731343283,1.0,55.0,-0.015782661747752703,0.0,336.0,0.0,0.5917674638202743,0.03544151109458357,0.007395503145760046,0.028064897142607615,0.7966826730958242,0.14895860585870757,-0.11879926603338209,0.04603363119215502,0.204102337162551,1.0,,,,,,
1922-02-01 00:00:00+00:00,-0.3091811655821048,-0.265325279649368,-0.9550643889117953,0.0,0.0,0.7384897154145567,1.69658898658977,1.7482428145617899,11.337163245211183,0.808955223880597,1.0,55.0,-0.015782661747752703,0.0,336.0,0.0,0.41929810442866905,0.034570121270018773,0.006818474156239054,0.02642634276974219,0.8111153771276607,0.1793805738053038,-0.11481028639357138,0.04609230730876681,0.22425297785454035,1.0,,,,,,
1922-03-01 00:00:00+00:00,-0.4966624129613674,-0.4188753054116147,-1.1086144146740422,0.0,0.0,0.7818567222436276,1.691450755613547,1.7162651398060316,9.970831820431158,0.808955223880597,1.0,55.0,-0.015782661747752703,0.0,336.0,0.0,0.7585511285537134,0.027585625982326646,0.008233648471582521,0.029519960771634678,0.638533595323646,0.24050870902688004,-0.08067142716612263,0.04683713661804163,0.19152398605323295,1.0,,,,,,
1922-04-01 00:00:00+00:00,-0.6406600763816831,-0.5705922159294389,-1.2603313251918662,0.0,0.0,0.6803783736647613,1.7762857743571168,1.948154567784913,10.862520364999142,0.8029850746268656,1.0,65.0,-0.01013478012152339,0.0,336.0,0.0,0.628763774112433,0.03545047944868364,0.007525012347437362,0.028413733826478375,0.7765741834350343,0.2635676460480596,-0.07659183308319939,0.04698852135755576,0.09101222228168648,1.0,,,,,,
1922-05-01 00:00:00+00:00,-0.7462376651556447,-0.6367668863350954,-1.3265059955975227,0.0,0.0,0.6645291691035905,1.7767078914874022,1.9418015601408645,9.494143305374083,0.8029850746268656,1.0,65.0,-0.01013478012152339,0.0,336.0,0.0,0.5025229990166468,0.031647925668536706,0.0072045708036917455,0.027167271172485033,0.810939784748902,0.2882791637818416,-0.06481428894282804,0.04724091813560776,0.00440318505990156,1.0,,,,,,
1922-06-01 00:00:00+00:00,-0.7630462238053574,-0.5925493081728739,-1.2822884174353013,0.0,0.0,0.6338235749328733,1.7463471508654413,2.216293440937966,10.79267973748509,0.7970149253731343,1.0,65.0,-0.01013478012152339,0.0,336.0,0.0,0.4533129501235583,0.07180871607678392,0.005738533818085248,0.027301222285954434,0.9014152310469895,0.22080606586672058,-0.07706863164674971,0.04725028023677846,-0.03094517275108455,0.0,,,,,,
1922-07-01 00:00:00+00:00,-0.7445457247967083,-0.6044822031222407,-1.2942213123846682,0.0,0.0,0.6414340808739443,1.6877487026757294,2.351562688622195,9.630109872598824,0.7970149253731343,1.0,65.0,-0.01013478012152339,0.0,336.0,0.0,0.4554024861609481,0.07030557553206937,0.005794273770309186,0.02729854340802032,0.8986518184374476,0.1813547192440197,0.010762552019375704,0.04490276482035972,-0.0778900854486837,0.0,,,,,,
1922-08-01 00:00:00+00:00,-0.8636009418048607,-0.7127940502431239,-1.4025331595055515,0.0,0.0,0.6058671009105612,1.712702836124492,2.1929557376426696,10.119900990969514,0.7910447761194029,1.0,65.0,-0.01013478012152339,0.0,336.0,0.0,0.7150115906182143,0.037998222205170594,0.007745553906691586,0.02926457159710806,0.7095104201275755,0.20822529306604665,0.04960110453603761,0.04562478511908956,-0.11596541807497474,0.0,,,,,,
1922-09-01 00:00:00+00:00,-1.0070852830610464,-0.742083543294753,-1.4318226525571804,0.0,0.0,0.5788402738171117,1.6837046548656536,2.1864488683363743,8.715324314710779,0.7910447761194029,1.0,65.0,-0.01013478012152339,0.0,336.0,0.0,0.3371804587383822,0.03401857773017155,0.006548134816815372,0.02564414572384209,0.7732992488062191,0.2122354615789801,0.042236988448769885,0.045491312636994186,-0.14139422906156174,0.0,,,,,,
1922-10-01 00:00:00+00:00,-1.0276569636306025,-0.5660416898611523,-1.2557807991235799,0.0,0.0,0.5543242535968036,1.642394935088305,2.3881862757106633,9.506054623483022,0.7850746268656716,1.0,65.0,-0.01013478012152339,0.0,336.0,0.0,0.6139511810142151,0.038367564707753765,0.007379098321456812,0.02831753928399062,0.791923469982197,0.17928622463611,0.10992691338916316,0.0445974654886203,-0.17780719489154695,0.0,,,,,,
1922-11-01 00:00:00+00:00,-0.9608378913670539,-0.6560740037320648,-1.3458131129944921,0.0,0.0,0.5355777844041429,1.6877809971907014,2.5746841660836837,9.076935434130323,0.7850746268656716,1.0,65.0,-0.01013478012152339,0.0,336.0,0.0,0.3941957177388027,0.5059998365464885,-0.00845210610250772,0.033206737121229964,0.9416601081527856,0.06339584195023384,0.10421783647048866,0.04481198809889995,-0.09142624468328009,0.0,,,,,,
1922-12-01 00:00:00+00:00,-0.8849645442427593,-0.6716447327739953,-1.3613838420364228,0.0,0.0,0.5281076705952172,1.645159367389862,2.774595531329798,10.294121558340962,0.7791044776119403,0.0,335.0,0.0,0.0,336.0,0.0,0.14609274168756015,0.36316449715477134,-0.004722504217488559,0.028742247726835608,0.9981884480459422,0.01699470198350994,0.127084840680892,0.04446634587246338,-0.04995721815152088,0.0,,,,,,
1923-01-01 00:00:00+00:00,-0.9944628705186134,-0.7167025738512678,-1.4064416831136952,0.0,0.0,0.5297944626041674,1.6151120532098986,2.748893345900347,9.14287889173506,0.7731343283582089,0.0,335.0,0.0,0.0,336.0,0.0,0.5726051812057926,0.16393585471740288,0.0031900818913333058,0.02979685930083735,0.9671197727227105,0.04586542030846008,0.24319903168868073,0.040959721506939606,-0.037187879114771505,0.0,,,,,,
1923-02-01 00:00:00+00:00,-1.1153563609216217,-0.40151605878675667,-1.0912551680491842,0.0,0.0,0.5506072048844948,1.6199110879806142,2.729405904738434,9.669758269671606,0.7731343283582089,0.0,335.0,0.0,0.0,336.0,0.0,0.4792405329749678,0.07110703376792016,0.005852096125026725,0.027535154657188726,0.8998813571188957,0.08661362802847705,0.22721748013677878,0.04046190999541765,-0.06871834636089957,0.0,,,,,,
1923-03-01 00:00:00+00:00,-1.1776170302898457,-0.25390231969206056,-0.943641428954488,0.0,0.0,0.5822531432207185,1.6034588966273973,2.833089212006953,8.483748815882091,0.7671641791044777,0.0,335.0,0.0,0.0,336.0,0.0,0.4638816641829117,0.049890665680923124,0.006481489394550834,0.02707459701390567,0.8564959888923902,0.05373749232387581,0.28135862861100414,0.03973435844549238,-0.09825345829109189,0.0,,,,,,
1923-04-01 00:00:00+00:00,-1.1285292601040424,-0.3451669542805346,-1.034906063542962,0.0,0.0,0.6263103854148403,1.5858950799601779,2.782099862528655,9.610039751959755,0.7671641791044777,0.0,335.0,0.0,0.0,336.0,0.0,0.5182403026296947,0.29521353204636386,-0.001228482269471261,0.031238453167091205,1.0140501993827282,-0.013497433158358163,0.31931857963430055,0.03774311109299185,-0.07414530508884187,0.0,,,,,,
1923-05-01 00:00:00+00:00,-1.1191922640390741,-0.6701621290674528,-1.35990123832988,0.0,0.0,0.5868835844512847,1.6212084600398302,2.933293622115876,9.02051408362773,0.7611940298507462,0.0,335.0,0.0,0.0,336.0,0.0,0.16489960061983333,0.7300436632093857,-0.01647195669827732,0.034380320005372784,0.7636465943022317,-0.07770362855687551,0.30288783169734046,0.03836643316764372,-0.029268490995292495,0.0,,,,,,
1923-06-01 00:00:00+00:00,-1.1078349998628778,-0.6140084590832088,-1.3037475683456363,0.0,0.0,0.634015050455489,1.617342635442542,3.017741791707643,10.260295207275446,0.7611940298507462,0.0,335.0,0.0,0.0,336.0,0.0,0.05831099776746687,0.8941081036944564,-0.022129648660725445,0.03581770136779285,0.41069329539902377,-0.06552435146742575,0.25463023282814845,0.039409025319895874,0.03416786326180876,1.0,,,,,,
1923-07-01 00:00:00+00:00,-1.0185765656093038,-0.5457420231686564,-1.235481132431084,0.0,0.0,0.6742024373868903,1.6044824465969125,3.0300975314089538,9.28257383863895,0.7611940298507462,0.0,335.0,0.0,0.0,336.0,0.0,0.024827207977660165,0.9456248922651439,-0.02390623430249824,0.0362689062821436,0.2486861022812662,-0.10316920048088996,0.2244514819187664,0.04024704129085188,0.11950882187832423,1.0,,,,,,
1923-08-01 00:00:00+00:00,-1.0528437785910107,-0.6020309450307961,-1.2917700542932236,0.0,0.0,0.687914767312364,1.5455849204462724,2.9697858377054196,10.252074901580551,0.755223880597015,1.0,80.0,-0.007949255733911295,0.0,336.0,0.0,0.06751433168788479,0.5688887541534218,-0.011623589812307456,0.031063720298865772,0.8707268783034283,-0.11184246217147908,0.1854849579442286,0.03954487212677576,0.1482915871795374,1.0,,,,,,
1923-09-01 00:00:00+00:00,-1.0362942067488234,-0.5982871733475401,-1.2880262826099675,0.0,0.0,0.6598114877943303,1.505203988398619,3.0385088382146375,9.324850897255951,0.755223880597015,1.0,80.0,-0.007949255733911295,0.0,336.0,0.0,0.39254359584180254,0.3687616892028023,-0.004038113835284504,0.031148444802460734,1.0768957744301662,-0.15341174533712199,0.1794714340442738,0.039553508200581254,0.13249673138374618,1.0,,,,,,
1923-10-01 00:00:00+00:00,-1.0257268178753096,-0.5503774986906459,-1.2401166079530732,0.0,0.0,0.6602536323312785,1.5340609992102354,3.316020067273189,10.760671566451002,0.7492537313432835,1.0,80.0,-0.007949255733911295,0.0,336.0,0.0,0.25054809262850636,0.4005726187808297,-0.00556077040764781,0.030283577020667238,1.0806327757357304,-0.1900449563086699,0.20589227097253637,0.038773047883908944,0.13421734211980763,1.0,,,,,,
1923-11-01 00:00:00+00:00,-1.0874848790329543,-0.6371831342684522,-1.3269222435308796,0.0,0.0,0.6818885099290896,1.6272752251515517,3.717128172599593,10.068386319265993,0.7432835820895523,1.0,80.0,-0.007949255733911295,0.0,336.0,0.0,0.4880539230682401,0.1600547546582864,0.003018433648163678,0.02894216583775813,1.0108809034496613,-0.11904262501473273,0.30881399615520877,0.03641026821261094,0.159058665139451,1.0,,,,,,
1923-12-01 00:00:00+00:00,-1.066740537560614,-0.701549798561751,-1.3912889078241784,0.0,0.0,0.6578603944732366,1.6057392879784482,3.631105910718187,10.970115978355105,0.7432835820895523,1.0,80.0,-0.007949255733911295,0.0,336.0,0.0,0.4872582314811763,0.06866381014169347,0.005958910079296194,0.02757435812704359,0.894720539328811,-0.037365701227912496,0.2780998215444077,0.035397855559735854,0.1725353563885097,1.0,,,,,,
1924-01-01 00:00:00+00:00,-1.1695198425064746,-0.7554569398087287,-1.4451960490711562,0.0,0.0,0.7002508357405517,1.5455693005885123,2.9755950590129294,9.256539074363603,0.7373134328358208,1.0,80.0,-0.007949255733911295,0.0,336.0,0.0,0.5490163214980325,0.04077681903008081,0.007073689920564679,0.02774136600200849,0.8252090253298712,0.039622713944773125,0.2853594385221374,0.035521773429462715,0.1808271073270875,1.0,,,,,,
1924-02-01 00:00:00+00:00,-1.0939621679927543,-0.7607387141318105,-1.450477823394238,0.0,0.0,0.6515018552659202,1.5238120030303377,3.163066487380186,10.354164914143887,0.7373134328358208,1.0,80.0,-0.007949255733911295,0.0,336.0,0.0,0.41065134610737164,0.043721182625273164,0.00649342562748558,0.026481052966404788,0.8328794132957731,0.09578536711626118,0.31605747856323596,0.035173724289449856,0.18477836618251864,1.0,,,,,,
1924-03-01 00:00:00+00:00,-1.1119917690345007,-0.7321537858952354,-1.4218928951576628,0.0,0.0,0.7348323768860373,1.4586808704187366,2.906018864689091,9.25026196317035,0.7313432835820896,1.0,80.0,-0.007949255733911295,0.0,336.0,0.0,0.5258834120949026,0.09308424992387751,0.005307956524274859,0.028301899904302097,0.9266248828977424,0.07144945210775866,0.28718995172249695,0.035359194558046675,0.16586805007971872,1.0,,,,,,
1924-04-01 00:00:00+00:00,-1.0030046717822443,-0.7089589373838404,-1.3986980466462677,0.0,0.0,0.7631138500492713,1.3855865281225228,2.9259167805356063,10.33434583815015,0.7313432835820896,1.0,90.0,-0.0073279665542100554,0.0,336.0,0.0,0.39772276034431747,0.14754611935929107,0.0031043590730563163,0.02790457824424029,1.0073972095675023,0.0537514908143617,0.21750808189871051,0.03476244266088151,0.17843754833275138,1.0,,,,,,
1924-05-01 00:00:00+00:00,-0.9219490695743737,-0.7138497548615244,-1.4035888641239518,0.0,0.0,0.8057143862952598,1.2877609929816682,2.824302889716786,9.3647343435766,0.7253731343283583,1.0,90.0,-0.0073279665542100554,0.0,336.0,0.0,0.4422818337707287,0.12228938743673368,0.004074089653631098,0.02794862943753694,0.9798176363838452,0.07083507533937894,0.29171151027933906,0.03161174330681637,0.2078155556548813,1.0,,,,,,
1924-06-01 00:00:00+00:00,-1.0782206004449826,-0.7549541638756819,-1.4446932731381095,0.0,0.0,0.6156499159709828,1.3672118047431392,3.172290939371957,10.995533722538703,0.7253731343283583,1.0,90.0,-0.0073279665542100554,0.0,336.0,0.0,0.4697218338619903,0.06522785712978298,0.006008041018168445,0.027357929006932586,0.8890391805464269,0.060069756477663105,0.3191457336888561,0.0315162136461106,0.19532120709436906,1.0,,,,,,
1924-07-01 00:00:00+00:00,-1.1575159651179343,-0.8223965446298792,-1.5121356538923068,0.0,0.0,0.6185412448990387,1.4320165661403865,4.067945807983565,10.459339654508083,0.7194029850746269,1.0,90.0,-0.0073279665542100554,0.0,336.0,0.0,0.6240454216738648,0.038079303116584376,0.007423796539109527,0.02840839041283166,0.7853250205530873,0.06629683954895516,0.3710224434271572,0.031694595086878254,0.17189583562969268,1.0,,,,,,
1924-08-01 00:00:00+00:00,-1.3941427669335387,-0.8231550409316094,-1.512894150194037,0.0,0.0,0.6337350520129414,1.389442042171334,3.5315393870623035,10.49704193018477,0.7194029850746269,1.0,90.0,-0.0073279665542100554,0.0,336.0,0.0,0.5173197691991472,0.03233083955159402,0.007234490451066082,0.0273169007469613,0.8111711610640581,0.07363700412282981,0.37469885459847063,0.03178694110608848,0.14569770274394322,1.0,,,,,,
1924-09-01 00:00:00+00:00,-1.3712927900986591,-0.8344283385702922,-1.5241674478327196,0.0,0.0,0.6600622954118567,1.3933370765938873,4.2472159391937,9.812577145066957,0.7134328358208956,1.0,90.0,-0.0073279665542100554,0.0,336.0,0.0,0.45489079348976985,0.09083793546568818,0.005131228800257522,0.027599334329901908,0.9346551358731294,0.04780333240752377,0.34569336480824653,0.03208898177728947,0.18408127971468335,1.0,,,,,,
1924-10-01 00:00:00+00:00,-1.267770051373809,-0.8158119897005705,-1.5055510989629979,0.0,0.0,0.7061188528609109,1.3815189616242987,4.075851095502773,10.601973071456175,0.7134328358208956,1.0,90.0,-0.0073279665542100554,0.0,336.0,0.0,0.4572515979991546,0.1546493312062162,0.003084449628608117,0.02857138612821342,1.0138105777625195,0.042425844102229604,0.26870432021368984,0.03131614134213375,0.23544906541751232,1.0,,,,,,
1924-11-01 00:00:00+00:00,-1.4480626327795898,-0.7505362554800867,-1.4402753647425142,0.0,0.0,0.7279769925448525,1.430475086930972,4.340924582457731,9.578270303097142,0.7074626865671642,1.0,90.0,-0.0073279665542100554,0.0,336.0,0.0,0.7080978491354661,0.06365966377200769,0.006894864612000619,0.029581364753454166,0.7569412405912344,0.11416134521356014,0.2824694379632966,0.03182342560160657,0.1949956551240941,1.0,,,,,,
1924-12-01 00:00:00+00:00,-1.6322087588562737,-0.6145512714646976,-1.3042903807271249,0.0,0.0,0.7206708271690364,1.4107069934233125,4.1011766668984135,9.587403736871602,0.7074626865671642,0.0,335.0,0.0,0.0,336.0,0.0,0.49332219153363815,0.04254315064373261,0.006821407224192767,0.02724272025589715,0.8391574254650945,0.1644381461558897,0.3071910505765212,0.03241109185783514,0.16998073053257556,1.0,,,,,,
1925-01-01 00:00:00+00:00,-1.5321030028692135,-0.4763152142403926,-1.16605432350282,0.0,0.0,0.7009360373787408,1.4253536518606156,4.497873940906979,8.338844104559033,0.7014925373134329,0.0,335.0,0.0,0.0,336.0,0.0,0.6298425774201243,0.03188471792217985,0.007643633460566366,0.028370827366949347,0.7676846609906737,0.18628195801005187,0.3260471178936042,0.0327866647950421,0.1445668482585445,1.0,,,,,,
1925-02-01 00:00:00+00:00,-1.6804997181270933,-0.47606083531014887,-1.1657999445725764,0.0,0.0,0.6727350875501596,1.400494315979124,4.461312568044108,8.853459278696626,0.7014925373134329,0.0,335.0,0.0,0.0,336.0,0.0,0.36245385916345313,0.037088133448961585,0.0065379483308417585,0.025928045169186426,0.796295693958106,0.16105491142045558,0.2915686458207327,0.03207745198972067,0.13187133506354431,1.0,,,,,,
1925-03-01 00:00:00+00:00,-1.746208286078039,-0.7322528289015364,-1.4219919381639639,0.0,0.0,0.6708132429537226,1.3786368498821489,5.103639400786568,8.769406107836026,0.6955223880597015,0.0,335.0,0.0,0.0,336.0,0.0,0.8022462608009374,0.07852413365669168,0.0027227004369659467,0.02913029396038844,0.6301255913807149,0.08902591500793999,0.20015712355835102,0.03154917051775588,0.09962749645611346,1.0,,,,,,
1925-04-01 00:00:00+00:00,-1.8307291868058846,-0.7138731797678252,-1.4036122890302525,0.0,0.0,0.6678334430957488,1.3038136943031589,5.139818154885189,9.353877327415278,0.6955223880597015,0.0,335.0,0.0,0.0,336.0,0.0,0.8397243609330788,0.08137709301648778,0.003653467572978045,0.02866421193100435,0.5512021114189265,0.0996923077633669,0.15710650878977184,0.031081397115636348,0.07052936719613179,1.0,,,,,,
1925-05-01 00:00:00+00:00,-1.775559876962197,-0.561290330622895,-1.2510294398853223,0.0,0.0,0.6626582318778287,1.2421576667463805,4.749336929040087,7.799818904820982,0.6895522388059702,0.0,335.0,0.0,0.0,336.0,0.0,0.9290412291695722,0.017985761801541773,0.00707422897134003,0.027942907070181815,0.296282635235117,0.14443328887445261,0.19233154322142187,0.031189183589194883,0.05723830412400055,1.0,,,,,,
1925-06-01 00:00:00+00:00,-1.5054984460446574,-0.5809271863767198,-1.2706662956391472,0.0,0.0,0.6161867826515885,1.2461528577755183,4.293544612329608,7.95190820183976,0.6895522388059702,0.0,335.0,0.0,0.0,336.0,0.0,0.9351054609286145,0.022477960640723833,0.007155777738211167,0.02784512804801355,0.2820961567494521,0.09633229843258118,0.19744701715185808,0.03117995087840436,0.10316140236512794,1.0,,,,,,
1925-07-01 00:00:00+00:00,-1.3752616592419205,-0.5076175270302408,-1.1973566362926682,0.0,0.0,0.5786511520717253,1.2774872776447135,3.735590212192048,6.905862046533066,0.6835820895522388,0.0,335.0,0.0,0.0,336.0,0.0,0.9491758396392809,0.012559509828708616,0.007693499974371624,0.027731122382527104,0.22935292240840321,0.06565731879013814,0.16462307630061268,0.03032266890332545,0.13968493863590936,1.0,,,,,,
1925-08-01 00:00:00+00:00,-1.4708243585247116,-0.4694960564436939,-1.1592351657061213,0.0,0.0,0.5776248189062885,1.355361878120689,3.254617891338111,7.133381671673434,0.6835820895522388,0.0,335.0,0.0,0.0,336.0,0.0,0.9512321927083927,0.012347413373377976,0.007750885251631626,0.02770759468803305,0.22246434518425975,0.03850759953968552,0.1523192558543096,0.03014282458038864,0.17088951337262248,1.0,,,,,,
1925-09-01 00:00:00+00:00,-1.6494480636984135,-0.36809538857340224,-1.0578344978358296,0.0,0.0,0.6443675567036145,1.2270442650813524,3.470788699203991,6.373374640017191,0.6776119402985075,0.0,335.0,0.0,0.0,336.0,0.0,0.9583653178132743,0.008564698685196501,0.008002149041637112,0.027642887434855132,0.19426439787153585,0.047106245939688485,0.1593886671243112,0.03024527034025006,0.1574248494338235,1.0,,,,,,
1925-10-01 00:00:00+00:00,-1.6523129911018166,-0.22486531185240727,-0.9146044211148348,0.0,0.0,0.7445188573698908,1.2409260811984233,4.183633406431899,6.732022173190337,0.6776119402985075,0.0,335.0,0.0,0.0,336.0,0.0,0.9632756536043168,0.005850686152771632,0.008177000724663467,0.02759895454048755,0.1734951411523926,0.1120068594400232,0.24876814104814038,0.028633483745679728,0.09644126169858946,1.0,,,,,,
1925-11-01 00:00:00+00:00,-1.613144091453945,-0.21919800807783701,-0.9089371173402645,0.0,0.0,0.7653263828888933,1.2200342073670551,4.095013062296818,5.854006072520203,0.6716417910447762,0.0,335.0,0.0,0.0,336.0,0.0,0.9560899699173699,0.00973316467804742,0.007922653830913283,0.027663739681659652,0.20340582782270578,0.13071945200490287,0.27083125881116477,0.02852917006377563,0.08992864018535496,1.0,,,,,,
1925-12-01 00:00:00+00:00,-1.5500230921558251,-0.12259557332974674,-0.8123346825921742,0.0,0.0,0.7476817195242967,1.2004019217370903,3.775720297684142,5.707402097028656,0.6716417910447762,0.0,335.0,0.0,0.0,336.0,0.0,0.9590893825849324,0.008308497499813708,0.008025465032266005,0.027635610230176293,0.19147316779279358,0.12660332103358396,0.27306944394654575,0.028558778616665753,0.09065342969713353,1.0,,,,,,
1926-01-01 00:00:00+00:00,-1.6086022372905517,-0.09008958269618716,-0.7798286919586146,0.0,0.0,0.7755654120372308,1.2323804068428728,3.88423828163703,5.232489109713712,0.6656716417910448,0.0,335.0,0.0,0.0,336.0,0.0,0.9557778721740051,0.00985005078201689,0.007912493225826966,0.02766684060515181,0.20459102364401222,0.1355275991742273,0.24636098829760833,0.027973208490794068,0.08022047470675275,1.0,,,,,,
1926-02-01 00:00:00+00:00,-1.6217860157971435,-0.14035383825313724,-0.8300929475155647,0.0,0.0,0.8650377159911241,1.2520694917485784,4.625179514173095,5.981701989716333,0.6656716417910448,0.0,335.0,0.0,0.0,336.0,0.0,0.9392014559802078,0.017279426075399604,0.0073519108063597035,0.02782476375631616,0.2654487764495407,0.12103041085430721,0.23191599483104408,0.027943419365748352,0.10359136810543657,1.0,,,,,,
1926-03-01 00:00:00+00:00,-1.6957849203750106,-0.5957444944343929,-1.2854836036968202,0.0,0.0,0.9007958306618152,1.230350508087289,5.274982568640706,6.597322830714912,0.6597014925373135,0.0,335.0,0.0,0.0,336.0,0.0,0.3251822416981923,0.3434117608001426,-0.014285716190420994,0.03339189734371958,1.0983553738170382,0.04295570872011023,0.208772397732778,0.029354692069204973,0.18926406999032253,1.0,,,,,,
1926-04-01 00:00:00+00:00,-1.7665717766146396,-0.7219352131989106,-1.4116743224613382,0.0,0.0,0.9385561932244952,1.242838200371411,5.677078204620703,7.480082608073281,0.6597014925373135,0.0,335.0,0.0,0.0,336.0,0.0,0.2301266617195852,0.49993010002473703,-0.01945203828134439,0.03366543239006603,1.0381823947376017,-0.013859604755184662,0.22323269092600206,0.028660420540360994,0.24744724570731602,1.0,,,,,,
1926-05-01 00:00:00+00:00,-1.7673541189865807,-0.6168897429328286,-1.306628852195256,0.0,0.0,0.8792413458717375,1.2369192620437508,4.305681271608247,5.815540838326229,0.6537313432835821,0.0,335.0,0.0,0.0,336.0,0.0,0.6165462527047354,0.1284633515230159,-0.0029869616775710386,0.03108416032749239,0.9102482996145698,-0.03377747241905915,0.280515020096507,0.027257295498959992,0.26301020809946074,1.0,,,,,,
1926-06-01 00:00:00+00:00,-1.7997941392635106,-0.39555331205171046,-1.085292421314138,0.0,0.0,0.8601310228445591,1.2484826932659394,4.026968766257336,5.447288174737789,0.6537313432835821,0.0,335.0,0.0,0.0,336.0,0.0,0.8789511607887747,0.0378243554919789,0.005425018283518798,0.028434602499723766,0.44418863294817057,0.004498045673615003,0.3784985049656697,0.02658603228003941,0.2123044035224968,1.0,,,,,,
1926-07-01 00:00:00+00:00,-1.7362321319571445,-0.23113068911463122,-0.9208697983770586,0.0,0.0,0.7977981946901217,1.2456056165878417,3.6448100732789683,4.684076784161618,0.8208955223880597,0.0,335.0,0.0,0.0,336.0,0.0,0.9455499349979455,0.009860748787998265,0.007644959935275577,0.027789657105569833,0.2371731116888524,0.03536152689347194,0.4202734330114968,0.027507873518258064,0.19882412510578007,1.0,,,,,,
1926-08-01 00:00:00+00:00,-1.7051546489719123,-0.09878987683472365,-0.788528986097151,0.0,0.0,0.7911765243041576,1.2241720613427949,3.512497487534146,4.194511629660562,0.8149253731343283,0.0,335.0,0.0,0.0,336.0,0.0,0.9614798240393801,0.00592311996858326,0.008128818176538995,0.027620127286523397,0.17974470912701154,0.06483026465376351,0.46460299828849383,0.027968490864327532,0.21185974936354768,1.0,,,,,,
1926-09-01 00:00:00+00:00,-1.6863200499801168,-0.15659024547026434,-0.8463293547326918,0.0,0.0,0.8437695804078467,1.2913368210459533,3.7180554574839904,4.752896292743878,0.7910447761194029,0.0,335.0,0.0,0.0,336.0,0.0,0.9514680738800075,0.012085451994058336,0.007761539208082137,0.027706214358336298,0.2214085560625881,0.07265976030996768,0.49462071144968167,0.027352075300584856,0.25190078338576605,1.0,,,,,,
1926-10-01 00:00:00+00:00,-1.664962261156856,-0.36848638741988865,-1.0582254966823161,0.0,0.0,0.807094365418137,1.3543263727166264,3.537245222311141,4.205009220661184,0.808955223880597,0.0,335.0,0.0,0.0,336.0,0.0,0.8246742186094701,0.07023464293889282,0.003450973872121858,0.02890684419622131,0.5822696976322126,0.1088206246824992,0.43663564743000993,0.02814032364995782,0.2591730148934275,1.0,,,,,,
1926-11-01 00:00:00+00:00,-1.6086232745969462,-0.29096806147653403,-0.9807071707389614,0.0,0.0,0.7117710979603149,1.3922612518816233,3.03765285030154,4.908228326428803,0.7850746268656716,0.0,335.0,0.0,0.0,336.0,0.0,0.8951555182672463,0.044814514996775544,0.0057288238917937205,0.02820114268182406,0.4071635159737441,0.15011872499412604,0.4107171171480406,0.02791726329588857,0.28011394551188395,1.0,,,,,,
1926-12-01 00:00:00+00:00,-1.4638834180954223,-0.19273491296038245,-0.8824740222228099,0.0,0.0,0.5068153198184941,1.3138698687034125,2.4656055905663674,4.541917713959574,0.8029850746268656,0.0,335.0,0.0,0.0,336.0,0.0,0.9425871487196298,0.014737105126069417,0.007483967942857217,0.027798194911958424,0.2524889449641407,0.16001844660671694,0.4009107527584508,0.027753954590313018,0.28084377730524235,1.0,,,,,,
1927-01-01 00:00:00+00:00,-1.4495347339060796,-0.2175853205926248,-0.9073244298550522,0.0,0.0,0.532191169221634,1.37401148411103,2.210960275413771,5.198197011144378,0.7791044776119403,0.0,335.0,0.0,0.0,336.0,0.0,0.9383917257199506,0.019063045812374446,0.007300186156835236,0.0278245952747832,0.26948326091001223,0.11258667151585211,0.39529980936526066,0.02777692846109572,0.2801455318335426,1.0,,,,,,
1927-02-01 00:00:00+00:00,-1.4217413131435523,-0.1008244954141841,-0.7905636046766116,0.0,0.0,0.5147697930780648,1.4450521986356772,1.9854816223061293,4.643900305018496,0.7970149253731343,0.0,335.0,0.0,0.0,336.0,0.0,0.9560100527369276,0.009452466439450927,0.007925374094712395,0.027666257234801053,0.20331351016042062,0.08493684032383442,0.43376082122757254,0.027526032200341322,0.25478509954523076,1.0,,,,,,
1927-03-01 00:00:00+00:00,-1.3368841351258953,-0.04135379708407886,-0.7310929063465063,0.0,0.0,0.5869220834514048,1.3736594637060562,1.9274104285618705,5.387364102717717,0.7731343283582089,0.0,335.0,0.0,0.0,336.0,0.0,0.9586969415184923,0.008594980407340297,0.008010298596790089,0.027638735373785334,0.19318676403857188,0.061330265337810275,0.4721817728119424,0.02706426468043754,0.28609176078258347,1.0,,,,,,
1927-04-01 00:00:00+00:00,-1.1106728543585525,0.042883828552958844,-0.6468552807094686,0.0,0.0,0.5365444793260468,1.3650349045818313,1.8695268668418719,4.791863850950579,0.7910447761194029,0.0,335.0,0.0,0.0,336.0,0.0,0.9609277462495205,0.007341623460855039,0.00809008393140633,0.027618889273006614,0.1838626412041009,0.07616279151830785,0.4999484276286106,0.026957278302437323,0.32294479713205426,1.0,,,,,,
1927-05-01 00:00:00+00:00,-1.129355362784145,0.14359106393197194,-0.5461480453304555,0.0,0.0,0.6239661952053726,1.3655176247041834,1.5988090149644465,5.60402055005435,0.7671641791044777,0.0,335.0,0.0,0.0,336.0,0.0,0.962858932145689,0.006334102436496508,0.008157825537893128,0.02760127870189924,0.17571332741966986,0.13279147398181212,0.509357364934159,0.02704943463764533,0.319458562120956,1.0,,,,,,
1927-06-01 00:00:00+00:00,-1.2278168146159905,0.07852737154037054,-0.611211737722057,0.0,0.0,0.590369230690637,1.4606219087192178,1.5267596587404209,4.924408652679768,0.7850746268656716,0.0,335.0,0.0,0.0,336.0,0.0,0.9420870356949389,0.015535090112968667,0.007457223427371962,0.027799775540765927,0.2548628613176148,0.12687380901075684,0.4712940866098423,0.02678107211565811,0.273625674674026,1.0,,,,,,
1927-07-01 00:00:00+00:00,-1.076392553982801,0.291088496649292,-0.39865061261313545,0.0,0.0,0.5783851354547956,1.554857576118456,1.5805764898622787,5.899275187261435,0.7611940298507462,0.0,335.0,0.0,0.0,336.0,0.0,0.9604405481795848,0.006389128994492569,0.008093668162037819,0.027630027243327523,0.18403314995476697,0.14353222230211848,0.47080597093773946,0.026767186467122266,0.24185933758282552,1.0,,,,,,
1927-08-01 00:00:00+00:00,-0.8295759053303572,0.5319149197932272,-0.15782418946920018,0.0,0.0,0.705647369315239,1.4726464323354476,1.6642784368879406,5.510014351027715,0.7791044776119403,0.0,335.0,0.0,0.0,336.0,0.0,0.9596014856823274,0.003408141891370371,0.008122809331821981,0.027656647472988797,0.18089580470704375,0.19646953931055844,0.5439660162682953,0.02728977175259478,0.2160663411096424,1.0,,,,,,
1927-09-01 00:00:00+00:00,-0.6466409066945394,0.6890112595506106,-0.0007278497118168303,0.0,0.0,0.7465159244506461,1.4758795789784949,1.5830792792142367,6.690387548547249,0.755223880597015,0.0,335.0,0.0,0.0,336.0,0.0,0.9634281748491293,0.004406669446999594,0.008205728005797065,0.027605134285111205,0.17034685724293325,0.22096917559029716,0.6123041527156401,0.0271978231421338,0.2229033303097312,1.0,,,,,,
1927-10-01 00:00:00+00:00,-0.8480058478859377,0.41144595543669227,-0.27829315382573516,0.0,0.0,0.7293891880455476,1.5883027024420164,1.3802155662194602,5.636057363651843,0.7731343283582089,0.0,335.0,0.0,0.0,336.0,0.0,0.8785265554895116,0.04408489388343726,0.005306656942313037,0.028404967134792333,0.44942514010464163,0.17872956958560415,0.5367499971839864,0.02718791813340289,0.27004638617576227,1.0,,,,,,
1927-11-01 00:00:00+00:00,-0.7887428639853987,0.611904765037298,-0.07783434422512947,0.0,0.0,0.9843789444437961,1.4182759801471156,1.8544333713542933,6.5100079249141345,0.7492537313432835,0.0,335.0,0.0,0.0,336.0,0.0,0.9425201413484018,0.016168964014503278,0.007457684226413711,0.02779105528261578,0.25412929962156516,0.18278542479869397,0.5182957062714149,0.02673611112060426,0.3071514381959508,1.0,,,,,,
1927-12-01 00:00:00+00:00,-0.7545144364356331,0.6653105300481452,-0.02442857921428221,0.0,0.0,0.9537277102996793,1.435178089677632,2.0284091291658863,5.989054387811011,0.7671641791044777,0.0,335.0,0.0,0.0,336.0,0.0,0.9562556130302295,0.00966737016577162,0.00792811087254515,0.027662114746542628,0.20277099862995035,0.17785201581249854,0.5009274227366056,0.026403383905762693,0.29371639270334704,1.0,,,,,,
1928-01-01 00:00:00+00:00,-0.6914248039065826,0.600517542960861,-0.08922156630156641,0.0,0.0,0.9757836097542751,1.4739594493708963,2.1292492227502438,6.760129017142029,0.7432835820895523,0.0,335.0,0.0,0.0,336.0,0.0,0.9430532659295907,0.01555181885502262,0.007482193288343102,0.02778807467530436,0.2518709202892434,0.18042779982689794,0.49066697501628465,0.026460811665753734,0.3609693846625017,1.0,,,,,,
1928-02-01 00:00:00+00:00,-0.6727115504892924,0.5401418990973977,-0.1495972101650297,0.0,0.0,1.0386229753127634,1.355726807007982,2.0166536447523695,5.955900354787134,0.7611940298507462,0.0,335.0,0.0,0.0,336.0,0.0,0.9298318013525043,0.022652433577663326,0.00701493928052558,0.027907516404885018,0.2982085249648377,0.1408978147632851,0.5226778706930846,0.025337486212431135,0.36661026688960074,1.0,,,,,,
1928-03-01 00:00:00+00:00,-0.43972768406561946,0.8494562064413778,0.15971709717895033,1.0,1.0,1.073185592868635,1.2744494614147601,1.942028375704161,7.269730709370023,0.7373134328358208,0.0,335.0,0.0,0.0,336.0,0.0,0.9552301433181973,0.00545045419082631,0.007973554815759608,0.02769783195089311,0.1993995095776026,0.13556227675684607,0.5798359852617745,0.025861286257160627,0.33761279902895414,1.0,1.0,,,,,
1928-04-01 00:00:00+00:00,-0.24117364445757394,1.0876466351284095,0.3979075258659821,1.0,2.0,1.1219464870120008,1.2693295744651665,2.244197368249921,7.081991902182831,0.755223880597015,0.0,335.0,0.0,0.0,336.0,0.0,0.9571998015677162,0.003850992356693113,0.008052443846323053,0.027683043553798765,0.18968974369224584,0.14720680526459606,0.6150776691057835,0.026898378287656066,0.27650553661805777,1.0,1.0,,,,,
1928-05-01 00:00:00+00:00,-0.05629888950032054,1.0836075696345104,0.393868460372083,1.0,3.0,1.1758435877166835,1.328518240582295,2.476235989093596,8.031926034656506,0.7313432835820896,0.0,335.0,0.0,0.0,336.0,0.0,0.961060521296037,0.008656700178511363,0.00807102320763405,0.027609997471500405,0.18518982899990347,0.19307702120934067,0.6334947199607459,0.026849683590707787,0.2608980297673309,1.0,1.0,,,,,
1928-06-01 00:00:00+00:00,-0.33096651251743664,0.6530862185415429,-0.03665289072088451,0.0,0.0,1.2172138283238365,1.3801827944110936,2.180722765808615,6.466864443189222,0.7492537313432835,0.0,335.0,0.0,0.0,336.0,0.0,0.6894442605557103,0.12489652985732738,-0.0010203559946250613,0.030228172478863263,0.8288225671173093,0.12038553817289888,0.5730239256541756,0.02885502073401852,0.3183522708921913,1.0,,,,,,
1928-07-01 00:00:00+00:00,-0.22742248092707024,0.7517329421287917,0.061993832866364285,1.0,1.0,1.224754925903225,1.3800720451657478,1.9086653894053411,7.359309516787421,0.7253731343283583,0.0,335.0,0.0,0.0,336.0,0.0,0.8333563094578492,0.0849129399378996,0.0034264318014596085,0.02872109752314721,0.5660024475551158,0.10454778257970165,0.5669676057766218,0.028891499390739348,0.3847372985825226,1.0,0.0,,,,,
1928-08-01 00:00:00+00:00,-0.10722971704124012,0.9008554162055212,0.2111163069430938,1.0,2.0,1.291513417593873,1.3599271048153012,2.281325771331953,6.759828880839953,0.7432835820895523,0.0,335.0,0.0,0.0,336.0,0.0,0.930953709525649,0.015775729833043782,0.007162084384233067,0.027932193329462233,0.28827278900319675,0.1323903485866582,0.5759510776632544,0.028992185473397967,0.40821939991464795,1.0,0.0,,,,,
1928-09-01 00:00:00+00:00,0.12236252137946547,1.143217098363644,0.4534779891012166,1.0,3.0,1.2708025798549187,1.2250708671528914,2.2521873273162902,8.390135915914563,0.7194029850746269,0.0,335.0,0.0,0.0,336.0,0.0,0.9549892148378891,0.005713566411275141,0.007962749209255202,0.027699266532265874,0.2006817551229619,0.1890874063547976,0.599758417607859,0.0296507746540421,0.39102646243495176,1.0,0.0,,,,,
1928-10-01 00:00:00+00:00,0.20222575200602597,1.1551120176737948,0.46537290841136736,1.0,4.0,1.0766934331796736,1.221479437489891,2.01221283222122,8.22416020380948,0.7373134328358208,0.0,335.0,0.0,0.0,336.0,0.0,0.960986515285529,0.008413223874460493,0.008073260257076581,0.027612237484213875,0.18513569173050456,0.16268419497878295,0.6118007282356546,0.02968149506013656,0.25335571965132253,1.0,0.0,,,,,
1928-11-01 00:00:00+00:00,0.427348031792472,1.4708017392898893,0.7810626300274619,1.0,5.0,0.9264368932147917,1.3386949506464416,2.3598463145202575,10.343413508381476,0.7134328358208956,0.0,335.0,0.0,0.0,336.0,0.0,0.9535660481710918,0.0028084890739646135,0.007975321798275247,0.027732482858384814,0.19847892497256342,0.16699206586259052,0.6554664139347901,0.03076326210525969,-0.11956023403479676,0.0,1.0,,,,,
1928-12-01 00:00:00+00:00,0.36081953972475866,1.3570529663219855,0.667313857059558,1.0,6.0,0.9318483277485973,1.2134156129175795,2.411490799630866,9.476059490411377,0.7313432835820896,2.0,90.0,0.03015636623807729,0.0,336.0,0.0,0.9488612776713783,0.016049842453989993,0.007625477321060881,0.027715535413339525,0.23367033370078233,0.15210984639488956,0.6500769671814082,0.03079523696570771,-0.08444384649728764,0.0,1.0,,,,,
1929-01-01 00:00:00+00:00,0.6670418335116602,1.7573726848354365,1.067633575573009,1.0,7.0,0.8779013826501304,1.2285515731121843,3.1135415216219564,11.580979662542818,0.7074626865671642,2.0,90.0,0.03015636623807729,0.0,336.0,0.0,0.9435863353632788,0.0030267373021849652,0.007710720910725011,0.027851165665782936,0.22878131800951648,0.2677715098153737,0.719765024615242,0.03189671149680396,-0.13548170996838316,0.0,1.0,,,,,
1929-02-01 00:00:00+00:00,0.49746215544521577,1.5989433863483635,0.9092042770859361,1.0,8.0,0.856625440771094,1.2269328599012608,3.1535761677208685,10.679917585254996,0.7253731343283583,2.0,90.0,0.03015636623807729,0.0,336.0,0.0,0.9387872091102243,0.02341780954604806,0.007235913119990865,0.027795681721842855,0.27101680067132505,0.26564874407006034,0.7896606411265719,0.028399362754620027,-0.07409421694823592,0.0,1.0,,,,,
1929-03-01 00:00:00+00:00,0.6677018861011179,1.6745266227506996,0.9847875134882722,1.0,9.0,0.6137059544667863,1.3389128865239879,3.6616433443366962,12.351319181747364,0.7014925373134329,2.0,90.0,0.03015636623807729,0.0,336.0,0.0,0.9550375047552918,0.008816416772760386,0.007910849987404123,0.027681470289239368,0.20565961569546048,0.2571087346761578,0.8469194170945968,0.026643080993233273,-0.054478576874790186,0.0,1.0,,,,,
1929-04-01 00:00:00+00:00,0.5511142582108539,1.5491092424865591,0.8593701332241317,1.0,10.0,0.6367974624249017,1.3129629090021062,3.41983754688351,11.13457392968347,0.7194029850746269,2.0,90.0,0.03015636623807729,0.0,336.0,0.0,0.936045907323465,0.01938509263985244,0.007233350698193396,0.02785099047539337,0.27694580152313875,0.20080901157292264,0.8343449015998408,0.02688838024620058,0.001200362435294977,1.0,1.0,,,,,
1929-05-01 00:00:00+00:00,0.5950336543535789,1.5335094720725995,0.843770362810172,1.0,11.0,0.5252795478898298,1.3121426506795668,3.954490585435756,12.59616670666352,0.6955223880597015,2.0,90.0,0.03015636623807729,0.0,336.0,0.0,0.9386868659250062,0.031213436835194962,0.009189748723677237,0.027563334987626944,0.2730543840531993,0.1839286648009093,0.7912313473629489,0.026539199382921035,-0.0634786376255283,0.0,1.0,,,,,
1929-06-01 00:00:00+00:00,0.5613103252189314,1.5321937949622508,0.8424546856998234,1.0,12.0,0.5344982575863924,1.3602483060469446,3.5217630817160153,11.672889582105206,0.7134328358208956,2.0,90.0,0.03015636623807729,0.0,336.0,0.0,0.9495064878874562,0.030151246813179586,0.009514277588385864,0.02746159793506096,0.23400639736335005,0.13158637086913938,0.7516912579104575,0.026062572307233935,-0.17717397901618792,0.0,1.0,,,,,
1929-07-01 00:00:00+00:00,0.8956623036401016,1.9091538481117736,1.2194147388493461,1.0,13.0,0.5614231901701768,1.4306156725624282,4.198350758943631,13.74609066982065,0.6895522388059702,2.0,90.0,0.03015636623807729,0.0,336.0,0.0,0.9730338850885074,0.008389522743725127,0.010454253547449244,0.027298535880052453,0.14075117390368286,0.1955686884588772,0.7808153909865219,0.02726014925102764,-0.260512658056955,0.0,1.0,,,,,
1929-08-01 00:00:00+00:00,0.9767973548428689,2.038192472396985,1.3484533631345577,1.0,14.0,0.5692788956400663,1.4275169798746843,4.554072601322684,13.492146347208385,0.7074626865671642,1.0,110.0,0.018279906010782297,0.0,336.0,0.0,0.9842612352185677,0.009947739496448595,0.010758969125105372,0.027185009576008185,0.09130956614638792,0.17964036383880444,0.8267456281440788,0.02772204861551395,-0.32271528160156127,0.0,1.0,,,,,
1929-09-01 00:00:00+00:00,1.0427433198522007,2.104799269542665,1.4150601602802375,1.0,15.0,0.5800534694402979,1.3924009813808498,4.641887840942336,14.933554545721117,0.6835820895522388,1.0,110.0,0.018279906010782297,0.0,336.0,0.0,0.9818255418220941,0.011940728137234773,0.010664787769816586,0.027202667914223908,0.10253296353412888,0.2135036019001486,0.8943436183442213,0.026301411709490997,-0.36832880544050184,0.0,1.0,,,,,
1929-10-01 00:00:00+00:00,0.27997628821915677,1.1438245110118708,0.45408540174944334,1.0,16.0,0.5764798612157759,1.6032894594385403,2.9834172381683093,11.111034750798021,0.7014925373134329,1.0,110.0,0.018279906010782297,0.0,336.0,0.0,0.009234146388579596,0.842294895875013,-0.02735854934281751,0.03415050212508677,0.4710079476533732,0.07842711560115134,0.7752278077016221,0.034995909876148944,-0.3985938191449776,0.0,1.0,,,,,
1929-11-01 00:00:00+00:00,-1.2876058575544274,-0.9574410698246113,-1.6471801790870386,0.0,0.0,0.5339177803216829,3.7793281428793666,0.9261198920266076,7.084573890343426,0.6776119402985075,1.0,110.0,0.018279906010782297,0.0,336.0,0.0,2.4033843650645484e-18,0.008497972076120025,-0.017582164136684397,0.03673330726695835,0.04897947824664339,-0.229073704790264,0.4452527502028598,0.06580113967000059,-0.16030683371282795,0.0,,,,,,
1929-12-01 00:00:00+00:00,-0.4042656491595654,-0.023898486233976012,-0.7136375954964035,0.0,0.0,0.5236549991358336,3.7867603385467166,1.07973403074516,6.73483525986737,0.6955223880597015,1.0,110.0,0.018279906010782297,0.0,336.0,0.0,0.7809285398242042,0.2036741468982764,0.002567250175387851,0.028577348841299408,0.5814563229330658,-0.19323202986972898,0.4854126459773678,0.06600704189631294,-0.2558141398400249,0.0,,,,,,
1930-01-01 00:00:00+00:00,-0.37016794764163413,-0.010804211820623463,-0.7005433210830508,0.0,0.0,0.5772180048526508,3.787928208054681,1.1693622247767446,7.467560690259258,0.6716417910447762,1.0,110.0,0.018279906010782297,0.0,336.0,0.0,0.8677740992254661,0.020509947255566884,0.007275521040786837,0.028282952086623958,0.44764861061128025,-0.1860624710452008,0.48069194654142233,0.06598857203813493,-0.23367714542431806,0.0,,,,,,
1930-02-01 00:00:00+00:00,-0.15973553810898147,0.17045231273837408,-0.5192867965240533,0.0,0.0,0.6085199289861714,3.8794117494812044,1.3870039755081567,7.1723798171209685,0.6895522388059702,1.0,110.0,0.018279906010782297,0.0,336.0,0.0,0.9711174142406541,0.01589518198163136,0.010308636203993629,0.027294675246390402,0.150709472223707,-0.19318277146069818,0.5263023541880134,0.06658393268071161,-0.21404991106276672,0.0,,,,,,
1930-03-01 00:00:00+00:00,-0.11797534083071826,0.234670971730271,-0.45506813753215647,0.0,0.0,0.6571244130670983,3.885650439985592,1.6608993444763462,8.08507427848198,0.6656716417910448,1.0,110.0,0.018279906010782297,1.0,16.0,1.8877996705212314,0.9796602330303479,0.011733086569285851,0.010604901643494685,0.027224284893775912,0.11321571499117158,-0.20558924211328033,0.5449935945124906,0.0667346374383596,-0.2315960997570663,0.0,,,,,,
1930-04-01 00:00:00+00:00,0.024068604435372967,0.36660441282371914,-0.3231346964387083,0.0,0.0,0.6339619457422636,3.9224548641447288,1.8406062323016594,7.739025466329385,0.6835820895522388,0.0,335.0,0.0,1.0,16.0,1.8877996705212314,0.9837847177344141,0.009081084047000452,0.010755677869919046,0.02719222168428089,0.09404168540078914,-0.18901708842673415,0.572535055935675,0.06704854344026336,-0.380925188920644,0.0,,,,,,
1930-05-01 00:00:00+00:00,-0.20788543279685318,0.09789588358963884,-0.5918432256727886,0.0,0.0,0.6250690246916608,3.9505869641949993,1.507919434955043,7.905018920723465,0.6597014925373135,0.0,335.0,0.0,1.0,16.0,1.8877996705212314,0.4868173648294413,0.4427779996585069,-0.008786520135139501,0.030714238268204068,0.8979871960258359,-0.13290569247594153,0.5154483062149238,0.06810836269826667,-0.4137316273438989,0.0,,,,,,
1930-06-01 00:00:00+00:00,-0.5210518426635414,-0.2573493068791994,-0.9470884161416269,0.0,0.0,0.6508919758533146,4.135880995244269,1.2104812574940889,6.660310214711322,0.6776119402985075,0.0,335.0,0.0,1.0,16.0,1.8877996705212314,0.002857473502805321,0.21601511127115738,-0.01999921810937777,0.03608507036599848,0.540713357932833,0.07397262588774822,0.37569315378848955,0.07068476571106966,-0.33256282003906623,0.0,,,,,,
1930-07-01 00:00:00+00:00,-0.47322628015765256,-0.20695316775554615,-0.8966922770179736,0.0,0.0,0.6982964575873706,4.0590479426666475,1.3223888135730135,7.223022229142105,0.6537313432835821,0.0,335.0,0.0,1.0,16.0,1.8877996705212314,0.3035076609758157,0.46960787039087903,-0.014391195546841108,0.032411486331503425,1.0533843817449704,0.019499876899209845,0.3084429835660192,0.07028509204684785,-0.2903118210475064,0.0,,,,,,
1930-08-01 00:00:00+00:00,-0.49077518052925934,-0.2312284778073128,-0.9209675870697402,0.0,0.0,0.6691819197445802,3.966019299331553,1.2793076275121908,7.295416771370219,0.844776119402985,0.0,335.0,0.0,1.0,16.0,1.9476783069166517,0.40041100229036547,0.14596602660542035,-0.007701194526276354,0.032439627543975356,1.005959897640903,-0.007593207794373669,0.2521295631567515,0.06997154187702778,-0.3139141181776033,0.0,,,,,,
1930-09-01 00:00:00+00:00,-0.5040735176988722,-0.25575389527709935,-0.9454930045395268,0.0,0.0,0.6698021091606671,4.043353004526437,0.9276316883572301,7.209478410847725,0.6477611940298508,0.0,335.0,0.0,1.0,16.0,1.9476783069166517,0.5882460566994175,0.26721100610954623,-0.003749581649793717,0.030255717496589257,0.9443438931330126,-0.0807309865921173,0.26684179801029195,0.06983970464911808,-0.46200356578555013,0.0,,,,,,
1930-10-01 00:00:00+00:00,-0.8023702595367369,-0.6404951481977489,-1.3302342574601762,0.0,0.0,0.6612147424335912,4.469184672842511,0.6995783067012815,6.384470525902558,0.8388059701492537,0.0,335.0,0.0,1.0,16.0,1.9476783069166517,6.13182558068529e-05,0.3891629069680923,-0.022165212579080946,0.0355944274047865,0.6689980139892955,-0.2656881266690361,0.09652004304476058,0.07415790031971903,-0.45663651526974114,0.0,,,,,,
1930-11-01 00:00:00+00:00,-0.8421855733036012,-0.7186488685949788,-1.4083879778574062,0.0,0.0,0.6097387413327011,4.531664812370001,0.6083307021425599,6.104089414370004,0.6417910447761194,0.0,335.0,0.0,1.0,16.0,1.9476783069166517,0.010037821727858536,0.5859145349372684,-0.024247490358830222,0.03490935192395639,0.7255640211979558,-0.39058090093838693,0.004102139184789522,0.07504925023354088,-0.36032405266565526,0.0,,,,,,
1930-12-01 00:00:00+00:00,-0.830382919184613,-0.7781409693871242,-1.4678800786495516,0.0,0.0,0.6676315052508617,4.506622651459836,0.5502816989882632,5.4272085873025215,0.6597014925373135,0.0,335.0,0.0,1.0,16.0,1.9476783069166517,0.02432782430765238,0.36562836948954525,-0.021182589202498797,0.03542949969009245,0.7597766100967636,-0.38556753208422556,-0.05054702569619973,0.07553290743389354,-0.5106899983631452,0.0,,,,,,
1931-01-01 00:00:00+00:00,-0.7746269262250833,-0.6911836543165177,-1.3809227635789452,0.0,0.0,0.6511847525828123,4.4958162693112715,0.47495036104895627,6.092154185672203,0.6358208955223881,0.0,335.0,0.0,1.0,16.0,1.9512557602106906,0.5498886588240317,0.13898832863135988,-0.003310394209021316,0.031011071390190995,0.966386796733119,-0.24256563745333093,-0.0077702984281264875,0.07589519579474628,-0.5490436004260673,0.0,,,,,,
1931-02-01 00:00:00+00:00,-0.6156495369840401,-0.5731719539588304,-1.262911063221258,0.0,0.0,0.6231998910896478,4.617801305310482,0.6131213935358328,6.314123581456253,0.826865671641791,0.0,335.0,0.0,1.0,16.0,1.9512557602106906,0.845001072274086,0.03218037272003723,0.006478821941292687,0.028468874891919755,0.5104537591060232,-0.1467200244665099,0.026160682342663222,0.07679724623156585,-0.6296677208350454,0.0,,,,,,
1931-03-01 00:00:00+00:00,-0.6051143109781691,-0.5793553479511176,-1.2690944572135452,0.0,0.0,0.5250969080727659,4.628865120939009,0.5527980092348252,6.3527479645861,0.6298507462686567,0.0,335.0,0.0,1.0,16.0,1.9512557602106906,0.9456863252081247,0.03600533268007841,0.009333702885782462,0.02748113521709513,0.24573679948152585,-0.11447006026878537,-0.00954730237662993,0.07620701561017962,-0.6442462805507452,0.0,,,,,,
1931-04-01 00:00:00+00:00,-0.810871084896751,-0.7762772899632906,-1.466016399225718,0.0,0.0,0.5359330335107243,4.7245077632860975,0.34389367817001115,5.79570569488162,0.8208955223880597,0.0,335.0,0.0,1.0,16.0,1.9512557602106906,0.03586457460211999,0.6999268857659305,-0.024876559096076497,0.034317994867254537,0.7207429285573631,-0.20161347190687628,-0.127848695105925,0.07767934532392048,-0.8174721272461198,0.0,,,,,,
1931-05-01 00:00:00+00:00,-0.9195594578643012,-0.8858004550316173,-1.5755395642940448,0.0,0.0,0.575746294386554,4.882141965819475,0.21793057735000118,5.632355307995788,0.6238805970149254,0.0,335.0,0.0,1.0,16.0,1.9512557602106906,0.0013156326136591389,0.27878055573030297,-0.020799603026725722,0.03591233624718354,0.6014095422932544,-0.14804350067486283,-0.17190899580300112,0.07870935721149021,-0.8453466402559418,0.0,,,,,,
1931-06-01 00:00:00+00:00,-0.897691787110478,-0.879807191754302,-1.5695463010167294,0.0,0.0,0.7094662026909386,4.861340976084664,0.18522686538112132,4.988288071916355,0.6417910447761194,0.0,335.0,0.0,1.0,24.0,1.841960243703347,0.19925491197535955,0.5006348956521799,-0.017768628650336245,0.03332960216957194,1.0290247731266613,-0.09828336043849006,-0.1987290038334022,0.07871708077189482,-0.9627497839804597,0.0,,,,,,
1931-07-01 00:00:00+00:00,-0.8454828707509874,-0.8383482698272566,-1.528087379089684,0.0,0.0,0.8108073255581494,4.848140993146411,0.16020905683163458,5.538677869050753,0.6179104477611941,0.0,335.0,0.0,1.0,24.0,1.841960243703347,0.5527815793920439,0.0772970761991997,-0.002484019715118327,0.03116749255582769,0.8934466439300026,-0.01499780430827169,-0.19793517859112963,0.07872832468392636,-0.9463220744937706,0.0,,,,,,
1931-08-01 00:00:00+00:00,-0.9092818515482807,-0.8874812704226306,-1.5772203796850581,0.0,0.0,0.9123882898328072,4.832550477843107,0.11915938427895095,4.861995709064917,0.6358208955223881,0.0,335.0,0.0,1.0,24.0,1.841960243703347,0.4212962191401838,0.4555621941717073,-0.010828295120478644,0.03131134094321843,0.9802602415577222,-0.0878301805476589,-0.284687885330583,0.0780841045311242,-0.5009971010136809,0.0,,,,,,
1931-09-01 00:00:00+00:00,-1.108447457256567,-0.7521265247465864,-1.4418656340090137,0.0,0.0,0.9348846440039863,5.244932954249404,0.09400688440436218,4.7457275635034515,0.6119402985074627,0.0,335.0,0.0,1.0,24.0,1.841960243703347,7.3214609742961975e-06,0.22319240940193907,-0.02016778187626134,0.03609124512520286,0.5310109398963985,-0.3286846413149007,-0.46520815395102044,0.08165032735410241,-0.2464211236295588,0.0,,,,,,
1931-10-01 00:00:00+00:00,-1.196450592904841,-0.37720937313400277,-1.0669484823964301,0.0,0.0,0.945009776177127,5.554732393907523,0.4210751619939647,3.7282900436873323,0.6298507462686567,0.0,335.0,0.0,1.0,24.0,1.841960243703347,2.6534618997150842e-05,0.7435514048195917,-0.026434550524575953,0.0345350526531888,0.5695794061634147,-0.4907285421817109,-0.6672679104209314,0.08305453253045375,-0.2507786625130173,0.0,,,,,,
1931-11-01 00:00:00+00:00,-1.1155973374844121,-0.6831925636426402,-1.3729316729050676,0.0,0.0,0.9429317465541666,5.534910283622185,0.9542786391735696,4.4714580444921825,0.6059701492537314,0.0,335.0,0.0,1.0,26.0,1.8097614149080041,0.21220147566922543,0.08921543008978637,-0.012440381752063497,0.03443431402770043,0.7951483804172967,-0.3699797646833982,-0.6499383061842128,0.08328268974735416,-0.28017691486203056,0.0,,,,,,
1931-12-01 00:00:00+00:00,-1.0732781781293304,0.46080611183100145,-0.22893299743142598,0.0,0.0,0.9535254535492886,6.164347759912495,0.4344127357929944,3.0066272646988748,0.6238805970149254,0.0,335.0,0.0,1.0,26.0,1.8097614149080041,1.638644852318079e-08,0.7671597461866395,-0.02671965880820651,0.03446471482465887,0.5426858281757422,-0.4825259031034719,-0.9222064087218467,0.08726590412231384,-0.10475168381155164,0.0,,,,,,
1932-01-01 00:00:00+00:00,-1.1034631752017496,0.15841115850839502,-0.5313279507540324,0.0,0.0,1.0542719793604975,6.100416250822305,0.23735220290710332,3.53702001541642,0.6,0.0,335.0,0.0,1.0,26.0,1.8097614149080041,0.13021105190488771,0.12022959877989829,-0.015176236538964964,0.0351366000122497,0.7362120012936396,-0.45904641784033196,-0.9234241657437945,0.08725318854965826,-0.054533211061334796,0.0,,,,,,
1932-02-01 00:00:00+00:00,-1.1259328759886955,0.02715457197274921,-0.6625845372896783,0.0,0.0,1.0347780012744716,6.047866241139347,0.30603898493134873,2.973728200296194,0.6179104477611941,0.0,335.0,0.0,1.0,26.0,1.8097614149080041,0.5631800562123173,0.3245247998995174,-0.005162085162745589,0.03032738897330859,0.9341185174514516,-0.4860759242540489,-0.9411198375213363,0.08700770466440275,-0.17063723090760785,0.0,,,,,,
1932-03-01 00:00:00+00:00,-1.115330137577485,-0.09249480263140879,-0.7822339118938362,0.0,0.0,0.977872961591236,6.0090072509191454,0.4930646076689393,3.669854991051357,0.5940298507462687,0.0,335.0,0.0,1.0,26.0,1.8097614149080041,0.7193733259410895,0.05446302732302112,0.0025908503053915727,0.029620402886169888,0.7316350310639894,-0.44480222264192726,-0.9302991195454329,0.08712512508986399,-0.17673427151908516,0.0,,,,,,
1932-04-01 00:00:00+00:00,-0.9176707889488465,0.9576913895144018,0.2679522802519744,1.0,1.0,0.92226868852683,6.961786767379574,0.2841894940937326,5.58164950705962,0.844776119402985,1.0,30.0,-0.044815462446313965,1.0,34.0,2.0036305463701756,1.1592521381687995e-12,0.38455928339874207,-0.022111532193916955,0.035608787990943414,0.6662520680228147,-0.557082033367446,-1.2062188521193757,0.09585478617212069,0.1908886154187579,1.0,1.0,,,,,
1932-05-01 00:00:00+00:00,-0.8957702010771679,1.0475189294312717,0.35777982016884424,1.0,2.0,0.9147891961885872,7.069373745498409,0.2612096487567839,8.417073448623954,0.844776119402985,1.0,30.0,-0.044815462446313965,1.0,34.0,2.0036305463701756,0.00017298246433881847,0.5992017912459309,-0.024691751448155476,0.034965274787309146,0.6748472029974363,-0.5367536256610634,-1.3356079069511342,0.09646155486503324,0.5598014200131791,1.0,1.0,,,,,
1932-06-01 00:00:00+00:00,-0.7422788162333673,1.377223622212419,0.6874845129499916,1.0,3.0,0.8415407556364605,7.251696256716661,0.26206735742150283,13.041933250367903,0.844776119402985,1.0,30.0,-0.044815462446313965,1.0,34.0,2.0036305463701756,1.2612669629414812e-05,0.3696797372717526,-0.021931956155535736,0.03565315933082116,0.6589340840054863,-0.7007090917532945,-1.5462160863963845,0.09584346696617858,0.8469784863575818,1.0,1.0,,,,,
1932-07-01 00:00:00+00:00,-0.9202036841127389,0.7991534553226338,0.10941434606020639,1.0,4.0,0.7712277173180048,7.236800516585813,0.33295699298169135,9.49474799949894,0.844776119402985,1.0,30.0,-0.044815462446313965,1.0,34.0,2.0036305463701756,0.5391409488508041,0.13158107114743317,-0.0035308431869897085,0.031137436951879396,0.9657127614475542,-0.45062988043889707,-1.5524766529995482,0.09565795546678692,0.8446340335589371,1.0,1.0,,,,,
1932-08-01 00:00:00+00:00,-1.4972843945481804,-1.1949879103005046,-1.884727019562932,0.0,0.0,0.6072553738983473,8.822445919021547,0.7326528825889851,2.5163665189845807,0.6,1.0,30.0,-0.044815462446313965,1.0,34.0,2.0036305463701756,3.557911549948102e-18,5.213840844249218e-08,-0.017479813254101705,0.036758718215886554,9.264663543522234e-07,-0.03978368113527253,-1.1767114487792156,0.1225931933619222,0.37100804294699596,1.0,,,,,,
1932-09-01 00:00:00+00:00,-1.4534922139418354,-1.0296946840531969,-1.7194337933156243,0.0,0.0,0.5121107315487241,8.873092628695886,0.6563843026901246,3.2001413443759925,0.5761194029850746,1.0,30.0,-0.044815462446313965,1.0,36.0,2.455237005057524,0.8228559538232277,0.1542372912577942,0.004370694123741775,0.028318625355269043,0.5352489937579477,0.05456195589058588,-0.9649849972319018,0.12384101691800783,0.2626088230404884,1.0,,,,,,
1932-10-01 00:00:00+00:00,-1.3917431171687369,-0.6808680724029228,-1.3706071816653502,0.0,0.0,0.46959805165013524,8.980581082685493,0.5316160555959305,2.390339829426023,0.5940298507462687,1.0,30.0,-0.044815462446313965,1.0,36.0,2.455237005057524,0.0001589016477720186,0.36223459050784895,-0.021838070225821214,0.03567400371734274,0.6561704302425838,-0.09726092414398302,-0.7984863388991519,0.11570130341221026,0.3011978392760968,1.0,,,,,,
1932-11-01 00:00:00+00:00,-1.4073628968559186,-0.7545324341009184,-1.444271543363346,0.0,0.0,0.45524041673539534,8.923632815014123,0.6727530379585254,2.786691220401318,0.5701492537313433,1.0,30.0,-0.044815462446313965,1.0,36.0,2.455237005057524,0.29956926863113154,0.34038330856573545,-0.012948258701507334,0.032836089659342045,1.095724424498636,0.16731544770069107,-0.8456713745489557,0.11516318378832806,0.32729967225503653,1.0,,,,,,
1932-12-01 00:00:00+00:00,-1.3695476735718055,-0.7147480080261209,-1.4044871172885482,0.0,0.0,0.42999252467274957,8.875957868846767,0.6647260578247317,2.2635965152106254,0.5880597014925373,1.0,40.0,-0.03205751197757265,1.0,36.0,2.455237005057524,0.26796387244844955,0.325851169496397,-0.0136838469074588,0.03318600854574943,1.084215092667285,0.25806905334091823,-0.8914763825650152,0.1149039579782321,0.37214109537563367,1.0,,,,,,
1933-01-01 00:00:00+00:00,-1.3988345123051338,-0.8436978343491887,-1.533436943611616,0.0,0.0,0.4686856123072153,8.860396992202588,0.5559023031061905,2.8024565908653534,0.564179104477612,1.0,40.0,-0.03205751197757265,1.0,36.0,2.455237005057524,0.7107813346198953,0.06359015712549254,0.0022333680992604552,0.0296764233242095,0.7537941765457576,0.449170155078793,-0.9038631598568934,0.11463075832569646,0.3735189115018773,1.0,,,,,,
1933-02-01 00:00:00+00:00,-1.2959541583335112,-0.6044841650545544,-1.2942232743169817,0.0,0.0,0.5056187991058492,8.90150846321209,0.3776065220911028,2.7494984384865764,0.844776119402985,1.0,40.0,-0.03205751197757265,1.0,44.0,2.3573116802183627,0.002820015798377061,0.7999547407190235,-0.027033399194675546,0.03433930508835701,0.5152835514059912,0.28960891933211386,-1.057278491554154,0.11485756926481536,0.547835515778913,1.0,,,,,,
1933-03-01 00:00:00+00:00,-1.2799227901881116,-0.6757138107209543,-1.3654529199833818,0.0,0.0,0.4926448477940533,8.847988410740165,0.3277573098841317,2.9282044700515577,0.844776119402985,1.0,40.0,-0.03205751197757265,1.0,44.0,2.3573116802183627,0.11639554450401322,0.10242228950074794,-0.015359814491298418,0.03532381150915227,0.676634165788252,-0.12053939314733153,-1.108233753499813,0.1140573363354105,0.4905366202799675,1.0,,,,,,
1933-04-01 00:00:00+00:00,-1.347492407883975,-0.8801528654403186,-1.569891974702746,0.0,0.0,0.44858185059134836,8.86038560121342,0.231626176888918,3.5056542345260358,0.844776119402985,1.0,40.0,-0.03205751197757265,1.0,44.0,2.3573116802183627,0.7077650482861726,0.09835609903678476,0.0017277337538256525,0.029601711932598744,0.7908001837633325,-0.11977229431912928,-0.9518515990750895,0.11613392300862013,0.4064602320832096,1.0,,,,,,
1933-05-01 00:00:00+00:00,-1.4615245977389997,-1.2329287229047172,-1.9226678321671447,0.0,0.0,0.4509587489333193,9.217266352850345,0.2601308476079718,3.2848880294333322,0.844776119402985,1.0,40.0,-0.03205751197757265,1.0,44.0,2.3573116802183627,2.8011832355115415e-05,0.0006455079528608384,-0.01748678019227385,0.03675651651948519,0.0057084989531488665,0.27382645686513296,-0.5986325079217671,0.12460209159605856,0.04668874217175922,1.0,,,,,,
1933-06-01 00:00:00+00:00,-1.5317793246107037,-1.28933359844814,-1.9790727077105674,0.0,0.0,0.4879716664637274,9.30880756687181,0.3097015973763069,3.4606352267451905,0.844776119402985,1.0,40.0,-0.03205751197757265,1.0,44.0,2.3573116802183627,0.5349092413101971,0.271090973838274,-0.005333056434489183,0.03076129981368292,1.006665520528134,0.4264463094663178,-0.43872494198184775,0.1277762172399784,-0.09795692150110025,0.0,,,,,,
1933-07-01 00:00:00+00:00,-1.5109979284947057,-1.30505670737076,-1.9947958166331874,0.0,0.0,0.5184920582961923,9.272699237590931,0.5969619811819189,3.5066043899453163,0.844776119402985,1.0,40.0,-0.03205751197757265,1.0,46.0,2.459875187872004,8.182531421031061e-12,0.9999999999740785,-0.015745944169849476,0.12156935277185613,6.739455528092983e-10,0.49875583693159165,-0.38512733783904984,0.12816665547488182,-0.19308691313224013,0.0,,,,,,
1933-08-01 00:00:00+00:00,-1.5276478204428283,-1.3297426203795617,-2.0194817296419894,0.0,0.0,0.5481369188063284,9.25717979358736,0.5186016377381043,3.9471085748990706,0.844776119402985,0.0,335.0,0.0,1.0,46.0,2.459875187872004,1.250072359212231e-11,0.9999999999712597,-0.015745944169796165,0.12156935277159059,7.460230004397054e-10,0.38575757287305823,-0.4373746003917178,0.12841702252074935,-0.17419944773887241,0.0,,,,,,
1933-09-01 00:00:00+00:00,-1.5760567407594255,-1.3444688507891605,-2.034207960051588,0.0,0.0,0.557796260647512,9.199171564659595,0.40444379833130084,4.376188840547941,0.844776119402985,0.0,335.0,0.0,1.0,46.0,2.459875187872004,7.904958418258159e-11,0.9999999998475803,-0.015745944167569744,0.12156935276064781,3.7033165120629007e-09,0.4878080098386821,-0.3037823550464358,0.12642346572054353,-0.20505008893898857,0.0,,,,,,
1933-10-01 00:00:00+00:00,-1.6417087569570248,-1.3162929828682155,-2.006032092130643,0.0,0.0,0.5533037096069172,9.207761875131832,0.5110819751749994,6.2223320157398145,0.844776119402985,0.0,335.0,0.0,1.0,46.0,2.459875187872004,1.0240074006659296e-12,0.9999999999928068,-0.01574594417018394,0.12156935277349633,1.9470111246782692e-10,0.3806711866511989,-0.33698166591022716,0.12701434621764401,-0.08737264866986028,0.0,,,,,,
1933-11-01 00:00:00+00:00,-1.6433721701777217,-1.3564634171389565,-2.046202526401384,0.0,0.0,0.5479744300530128,9.172334262928993,0.7233423081787116,7.885002071472022,0.844776119402985,0.0,335.0,0.0,1.0,46.0,2.459875187872004,3.7014870616647356e-11,0.9999999999302944,-0.015745944169056465,0.12156935276795186,1.7480754495419684e-09,0.3037265045369697,-0.2625575624538943,0.12693044427773403,-0.08359824734451937,0.0,,,,,,
1933-12-01 00:00:00+00:00,-1.748993754347267,-1.3749143100362504,-2.064653419298678,0.0,0.0,0.5519749408757118,9.121060320054031,0.8680314440517248,9.605315175862952,0.844776119402985,0.0,335.0,0.0,1.0,54.0,2.341690075774822,1.341141923740898e-10,0.9999999997183499,-0.01574594416525665,0.12156935274929731,6.670141871237944e-09,0.07040872870337278,-0.28565814176506343,0.126723450460444,-0.08890826108109895,0.0,,,,,,
1934-01-01 00:00:00+00:00,-1.6419126611793,-1.4135560046909452,-2.1032951139533727,0.0,0.0,0.5663528924483682,9.093069759870758,1.487946784091582,7.554197677969484,0.8388059701492537,0.0,335.0,0.0,1.0,54.0,2.341690075774822,1.5758446189928674e-10,0.9999999996501236,-0.015745944164040602,0.12156935274333716,8.20867881577127e-09,-0.02428941977691146,-0.3162943372922493,0.1261567746990607,-0.15931864998570067,0.0,,,,,,
1934-02-01 00:00:00+00:00,-1.7111193471964763,-1.4303812758170993,-2.1201203850795265,0.0,0.0,0.5700062417099541,9.074733729959297,1.1854426836292355,9.173608130460051,0.8388059701492537,0.0,335.0,0.0,1.0,54.0,2.341690075774822,1.280328969752561e-10,0.9999999997096589,-0.015745944165110055,0.12156935274859035,6.865441582341681e-09,-0.007189598447910228,-0.2778468760181747,0.12663174357111645,-0.26118284785775714,0.0,,,,,,
1934-03-01 00:00:00+00:00,-1.8456468586180315,-1.427720563296625,-2.117459672559052,0.0,0.0,0.5778273891479095,9.040329544989667,1.3869548646833072,7.581165905720543,0.8328358208955224,0.0,335.0,0.0,1.0,54.0,2.341690075774822,1.327293156173003e-10,0.9999999997081149,-0.01574594416507872,0.12156935274843146,6.9012428662307135e-09,-0.001010815814360022,-0.23677194429920156,0.1260026024813913,-0.27418138523287805,0.0,,,,,,
1934-04-01 00:00:00+00:00,-1.855411555622381,-1.447624369218033,-2.1373634784804603,0.0,0.0,0.5820911169502058,9.001538056058441,2.0412942042320794,9.444517244474918,0.8328358208955224,1.0,55.0,-0.01623393441390907,1.0,54.0,2.341690075774822,6.038501859306857e-10,0.9999999989341852,-0.015745944151096692,0.12156935267964142,2.381433887449001e-08,0.02407911472359192,-0.13165973964798106,0.12524847710515696,-0.22583266204280505,0.0,,,,,,
1934-05-01 00:00:00+00:00,-1.882054447142898,-1.405810528928197,-2.0955496381906245,0.0,0.0,0.6259375628993398,9.051192846723174,2.2031240775050343,7.875923167703031,0.826865671641791,1.0,55.0,-0.01623393441390907,1.0,56.0,2.2908733287755663,3.6077129957713157e-12,0.9999999999667172,-0.015745944169724777,0.12156935277125401,8.476832018243539e-10,0.019317359760795405,-0.2193809457109417,0.12644414933083656,-0.04302955191035185,0.0,,,,,,
1934-06-01 00:00:00+00:00,-1.9186460982068951,-1.4332470607483472,-2.1229861700107744,0.0,0.0,0.6674962951938282,9.036394311293117,2.179617843743867,9.691285562157331,0.826865671641791,1.0,55.0,-0.01623393441390907,1.0,56.0,2.2908733287755663,1.3865161877123774e-10,0.9999999998139617,-0.015745944166926536,0.12156935275743412,4.459808597307531e-09,0.0011897157101810052,-0.24637004243544158,0.12628207161200417,-0.00419232316762308,0.0,,,,,,
1934-07-01 00:00:00+00:00,-1.8479335217556692,-1.4091929863664074,-2.098932095628835,0.0,0.0,0.6774482240189813,8.99049594196922,2.2365005186739544,7.860896147221219,0.844776119402985,1.0,55.0,-0.01623393441390907,1.0,56.0,2.2908733287755663,5.263083350480618e-11,0.9999999997488059,-0.015745944165864532,0.1215693527523671,5.932731065175221e-09,-0.06647217157628216,-0.2643001327936867,0.1264162365253138,0.09528916985611424,1.0,,,,,,
1934-08-01 00:00:00+00:00,-1.8790479425439341,-1.4007987720177228,-2.0905378812801505,0.0,0.0,0.6949744199085159,8.924221182862372,1.7432090031891108,9.598140594993207,0.8208955223880597,1.0,55.0,-0.01623393441390907,1.0,56.0,2.2908733287755663,3.075480224445209e-10,0.9999999995776873,-0.01574594416263498,0.12156935273628862,9.785100135428293e-09,-0.1619607863676915,-0.1495704823450401,0.12395412078328436,0.20056136593629148,1.0,,,,,,
1934-09-01 00:00:00+00:00,-1.9753577365208619,-1.3870296691880006,-2.076768778450428,0.0,0.0,0.7001226099875446,8.912363442211868,1.7169931077204863,8.096716730012362,0.8388059701492537,1.0,55.0,-0.01623393441390907,1.0,56.0,2.2908733287755663,1.8655655005801683e-10,0.99999999924065,-0.01574594415684471,0.12156935270821095,1.7127973786188047e-08,-0.26507759487921945,-0.05219592871568324,0.12197211480698036,0.26076973022268923,1.0,,,,,,
1934-10-01 00:00:00+00:00,-2.10885297819638,-1.4195968747848873,-2.1093359840473145,0.0,0.0,0.6924300687686843,8.878294715240937,2.126339686136477,9.792582037408293,0.8149253731343283,1.0,55.0,-0.01623393441390907,1.0,64.0,2.1973810899893276,2.158824839737158e-09,0.9999999971833838,-0.01574594411901817,0.12156935252120386,5.980027794434359e-08,-0.19723808229862883,-0.06403026191443217,0.12190697658546648,0.2718515900781018,1.0,,,,,,
1934-11-01 00:00:00+00:00,-1.9724133227542373,-1.4490762690808152,-2.1388153783432426,0.0,0.0,0.7209038691731648,8.860389923670759,2.9277866425569687,8.047068638023843,0.8328358208955224,1.0,55.0,-0.01623393441390907,1.0,64.0,2.1973810899893276,2.000703417319592e-09,0.999999991965291,-0.015745944027800895,0.12156935207661489,1.6230704633038613e-07,-0.18633197489075926,0.16453418856473156,0.11694425701158047,0.32684609277440835,1.0,,,,,,
1934-12-01 00:00:00+00:00,-1.9845883967460562,-1.4625417472869364,-2.152280856549364,0.0,0.0,0.7260864148944982,8.78640603805407,2.329951374800353,9.895873709011193,0.808955223880597,2.0,30.0,0.06678362125913588,1.0,64.0,2.1973810899893276,2.2876097183175004e-08,0.9999999703210127,-0.015745943629717107,0.12156935010841069,5.600767244528851e-07,-0.06518827454948539,0.17447719757990487,0.11695459050423775,0.31289913085615684,1.0,,,,,,
1935-01-01 00:00:00+00:00,-2.055583353412064,-1.4557373869428605,-2.145476496205288,0.0,0.0,0.7480832980115635,8.898089943707426,2.1604842407740334,8.21850482316274,0.826865671641791,2.0,30.0,0.06678362125913588,1.0,64.0,2.1973810899893276,2.28370015165655e-08,0.9999999078006424,-0.01574594253510155,0.12156934477089312,1.6373773748953543e-06,-0.08565114826151188,0.15405473355709542,0.11700230422083614,0.38144712238041834,1.0,,,,,,
1935-02-01 00:00:00+00:00,-2.0278957879518185,-1.436603234543176,-2.1263423438056037,0.0,0.0,0.6551078046985126,8.948481927931304,2.384405021101824,10.533323916913453,0.8029850746268656,2.0,30.0,0.06678362125913588,1.0,64.0,2.1973810899893276,1.1347408974569405e-07,0.9999998423998695,-0.015745941307001306,0.12156933866490817,2.7195708784354836e-06,-0.07528553317342723,0.10521655667481333,0.11721479603041854,0.4752970794828393,1.0,,,,,,
1935-03-01 00:00:00+00:00,-1.9397815011303294,-1.3950911765069725,-2.0848302857694,0.0,0.0,0.6469412029014948,8.951065261351804,2.166538306145072,8.581536726155663,0.8208955223880597,2.0,30.0,0.06678362125913588,1.0,66.0,2.1557748756822517,1.530942910851714e-08,0.9999999110894114,-0.015745942599578355,0.12156934509505526,1.5732706284910991e-06,-0.10099275330836566,0.3065187977140402,0.10817153058508601,0.5692692196360651,1.0,,,,,,
1935-04-01 00:00:00+00:00,-2.172206750485245,-1.4806088954898486,-2.170348004752276,0.0,0.0,0.5586928457966461,8.991996969504209,1.8781047025868172,10.718084709103225,0.7970149253731343,2.0,30.0,0.06678362125913588,1.0,66.0,2.1557748756822517,4.437598537096577e-08,0.9999999408928913,-0.015745943094776234,0.12156934747205378,1.0760685319640533e-06,0.0032965416197754394,0.48785423856515564,0.1063306693204519,0.5055960563598916,1.0,,,,,,
1935-05-01 00:00:00+00:00,-2.181052123257681,-1.5412036243406746,-2.230942733603102,0.0,0.0,0.5039775691500895,8.994478700831454,2.667455744265399,8.815654333539069,0.7910447761194029,2.0,30.0,0.06678362125913588,1.0,66.0,2.1557748756822517,4.374516260603558e-09,0.9999999708966146,-0.015745943656741205,0.12156935026417448,5.464351796615268e-07,0.06366045652030383,0.7003392863591662,0.10349455925748723,0.375444473469039,1.0,,,,,,
1935-06-01 00:00:00+00:00,-2.231912476899687,-1.5660747373583659,-2.2558138466207933,0.0,0.0,0.551044354068289,8.886785440597857,2.9019663026721165,10.627272684962408,0.7910447761194029,2.0,30.0,0.06678362125913588,1.0,66.0,2.1557748756822517,4.2833207619989856e-08,0.9999999483201383,-0.015745943226230852,0.1215693481150536,9.424315234348904e-07,0.0805956398870773,0.6957597088907059,0.10345962821716527,0.36538847369457095,1.0,,,,,,
1935-07-01 00:00:00+00:00,-2.1759884410119796,-1.5957189137335486,-2.285458022995976,0.0,0.0,0.4825678084247262,8.984906548594273,3.158626579848132,8.773983654676414,0.7850746268656716,2.0,30.0,0.06678362125913588,1.0,66.0,2.1557748756822517,1.1526921789055922e-08,0.9999999222572303,-0.01574594279857701,0.12156934607031752,1.383009409930056e-06,0.11772525936093103,0.33198613807610844,0.0776724826535351,0.3646396118869575,1.0,,,,,,
1935-08-01 00:00:00+00:00,-2.192358607730453,-1.6239224722891499,-2.3136615815515773,0.0,0.0,0.5617729652833884,9.02711666843294,2.914746393330219,10.46714628856402,0.7850746268656716,0.0,335.0,0.0,1.0,74.0,2.1341571633976897,3.8975779865915194e-08,0.9999999499962963,-0.01574594325911134,0.121569348280387,9.170060223542871e-07,0.19791922955430064,0.2974120072208102,0.07670180738024557,0.31181195557821084,1.0,,,,,,
1935-09-01 00:00:00+00:00,-2.111553672280907,-1.6339949346905391,-2.3237340439529666,0.0,0.0,0.7909541274106805,8.955202115547197,2.8118901360838926,8.78944311938065,0.7791044776119403,0.0,335.0,0.0,1.0,74.0,2.1341571633976897,3.818512264523903e-08,0.9999998424614143,-0.015745941377037883,0.12156933910403893,2.712406391587676e-06,0.2568749832012269,0.4593524640200233,0.07216728226324937,0.3021568464777369,1.0,,,,,,
1935-10-01 00:00:00+00:00,-2.0858605125517937,-1.5089496827234985,-2.198688791985926,0.0,0.0,0.8055074827259115,8.863619186383795,2.339911756589497,10.54362820091502,0.7791044776119403,0.0,335.0,0.0,1.0,74.0,2.1341571633976897,3.689476140436628e-07,0.9999995189453439,-0.015745935409733645,0.12156930957738893,7.740272080357409e-06,0.348794893012351,0.48799824302570016,0.07214939278292382,0.32685224354141873,1.0,,,,,,
1935-11-01 00:00:00+00:00,-2.051595153669156,-1.232048714481001,-1.9217878237434285,0.0,0.0,0.761940366659373,8.899493348676915,2.2335011671963185,8.185113080482152,0.7731343283582089,0.0,335.0,0.0,1.0,74.0,2.1341571633976897,1.963203683869074e-08,0.9999998377514766,-0.01574594131156615,0.121569338808841,2.758719557853455e-06,0.36634677992645415,0.5961319651506916,0.07271995974588939,0.27175755871353946,1.0,,,,,,
1935-12-01 00:00:00+00:00,-2.0626396218636236,-1.3131046165391327,-2.00284372580156,0.0,0.0,0.7012492181662815,8.87616419841987,2.1956855132836623,9.86145468713817,0.7731343283582089,0.0,335.0,0.0,1.0,74.0,2.1341571633976897,5.639433936082155e-07,0.9999993638823144,-0.015745932516177803,0.12156929521499407,9.937158143846666e-06,0.2907404082170233,0.5419095394973965,0.0724815479238113,0.25432514447783205,1.0,,,,,,
1936-01-01 00:00:00+00:00,-1.9684902507909008,-1.0823568746972738,-1.7720959839597012,0.0,0.0,0.7296499542645363,8.803048058506242,2.087210906041612,7.744099505939494,0.7671641791044777,0.0,335.0,0.0,1.0,76.0,2.1496279443080106,8.287149193061265e-08,0.9999991217799629,-0.01574592871790216,0.12156927731757722,1.3399781132517215e-05,0.29998829728652954,0.7061390868451216,0.0693339526668024,0.22406044181003804,1.0,,,,,,
1936-02-01 00:00:00+00:00,-1.8827089403576112,-0.8953244059405666,-1.585063515202994,0.0,0.0,0.7041189054334996,8.79944216970852,1.8692623728500173,8.84939345237805,0.7671641791044777,0.0,335.0,0.0,1.0,76.0,2.1496279443080106,8.10725785257787e-07,0.9999990683098733,-0.015745927115050042,0.12156926855802273,1.4229083414898951e-05,0.3047223764532978,0.7572479076767378,0.06953638625517518,0.1973839426193491,1.0,,,,,,
1936-03-01 00:00:00+00:00,-1.8571530152950506,-0.8342399640228583,-1.5239790732852856,0.0,0.0,0.6543940161166548,8.76446811140911,1.613175289921446,6.922806625723336,0.7611940298507462,0.0,335.0,0.0,1.0,76.0,2.1496279443080106,3.5979426958357716e-07,0.9999974201495251,-0.01574589867089887,0.12156913044322123,3.6819021552999566e-05,0.267715100391408,0.6848994019313475,0.06817823992283266,0.1608355377825923,1.0,,,,,,
1936-04-01 00:00:00+00:00,-1.9066703305636614,-0.8704121657622723,-1.5601512750246997,0.0,0.0,0.5976824219201984,8.73168555445684,1.5028687195354313,8.230450532355059,0.7611940298507462,2.0,45.0,0.06838446331579763,1.0,76.0,2.1496279443080106,8.81697897277528e-06,0.999989873592351,-0.015745758794235294,0.12156843741072419,0.00013048310254528393,0.24812286775697778,0.4336488749118681,0.05484700795918657,0.0909286246201475,1.0,,,,,,
1936-05-01 00:00:00+00:00,-1.9683834269117277,-1.1179333197583035,-1.8076724290207309,0.0,0.0,0.5777953578383577,8.696813009842076,1.5655048739203319,7.019707479128382,0.755223880597015,2.0,45.0,0.06838446331579763,1.0,76.0,2.1496279443080106,9.353589927486802e-07,0.9999897717905747,-0.015745764230785386,0.1215684741395999,0.00013088255420412402,0.16725333991124103,0.2288052734706234,0.05045128924070231,0.09281228899088934,1.0,,,,,,
1936-06-01 00:00:00+00:00,-1.8591454471657665,-0.9365026728502673,-1.6262417821126949,0.0,0.0,0.5514893566532025,8.649161261101144,1.625158687245931,8.133266811074169,0.755223880597015,2.0,45.0,0.06838446331579763,1.0,84.0,2.0968492037406214,2.3106703165376937e-05,0.9999743474901762,-0.015745473863824258,0.12156702950427793,0.00030511789386916975,0.1191380208072399,0.2165141490263398,0.050205506248585476,0.020111255626197533,1.0,,,,,,
1936-07-01 00:00:00+00:00,-1.8158403122970346,-0.5535131488537329,-1.2432522581161605,0.0,0.0,0.5109715731055614,8.628048117459988,1.470688537514325,6.208895998632851,0.7492537313432835,2.0,45.0,0.06838446331579763,1.0,84.0,2.0968492037406214,3.4579605266031323e-06,0.999959983001196,-0.015745240356839406,0.12156591635286178,0.0004570078860457089,0.16946574039173168,0.32561770701606996,0.04943459130217292,0.020621073786386113,1.0,,,,,,
1936-08-01 00:00:00+00:00,-1.8183700006579693,-0.18964278342792734,-0.8793818926903547,0.0,0.0,0.5467361684379931,8.571392927780028,1.37878524468135,7.357399024620743,0.7492537313432835,2.0,45.0,0.06838446331579763,1.0,84.0,2.0968492037406214,0.0001402478628165967,0.9998468992172662,-0.015743135115841505,0.12155547341022745,0.001542130828049391,0.12828406275209314,0.34661513975853264,0.04934023287872051,0.018274736206384645,1.0,,,,,,
1936-09-01 00:00:00+00:00,-1.8930595936953394,-0.1350501007204037,-0.8247892099828311,0.0,0.0,0.5573584295353057,8.503202659357878,1.3414021590552057,10.603828035675416,0.844776119402985,2.0,45.0,0.06838446331579763,1.0,84.0,2.0968492037406214,5.067657993987641e-05,0.9994832114780285,-0.015736849451269998,0.12152493936680656,0.00459343290810839,0.08373475019612453,0.4603114712216634,0.045304268629276695,-0.15253731704017426,0.0,,,,,,
1936-10-01 00:00:00+00:00,-1.8294793679115602,0.14809214893164063,-0.5416469603307867,0.0,0.0,0.5072845315188523,8.491085201376718,1.6860965756260304,10.264005999036943,0.844776119402985,2.0,45.0,0.06838446331579763,1.0,84.0,2.0968492037406214,0.0006039415735459694,0.9993090908583397,-0.015733294073972306,0.12150688527115011,0.005980249953700804,0.1063779169177046,0.48755081431208236,0.04572424539650391,-0.3607214297200114,0.0,,,,,,
1936-11-01 00:00:00+00:00,-1.795481413787343,0.20069149565456393,-0.48904761360786353,0.0,0.0,0.5146602687140638,8.441756701280145,1.7799819550780582,10.006609469619248,0.8388059701492537,2.0,45.0,0.06838446331579763,1.0,86.0,2.04591484389231,0.00026429468556668983,0.9980579841586138,-0.015711699893793875,0.12140202803295809,0.014838679506633255,0.13250828228010203,0.49574842848859735,0.04577330407262374,-0.4733390063008054,0.0,,,,,,
1936-12-01 00:00:00+00:00,-1.7930633447632902,-0.0059046814519751805,-0.6956437907144026,0.0,0.0,0.5326382345317542,8.388517540688952,1.7297824606233367,9.972247155686297,0.8388059701492537,0.0,335.0,0.0,1.0,86.0,2.04591484389231,0.005286897709704945,0.9938873132704394,-0.0156340764795426,0.12101700825984386,0.03967307001267005,0.16962107922581637,0.42271577247335124,0.045492615908063694,-0.4652113561573721,0.0,,,,,,
1937-01-01 00:00:00+00:00,-1.7550805674184662,0.13166290099074207,-0.5580762082716854,0.0,0.0,0.5098164985878416,8.336988969796192,1.5328843160671664,9.847494852228134,0.8328358208955224,0.0,335.0,0.0,1.0,86.0,2.04591484389231,0.0027052286623897082,0.981852695058386,-0.015425730388827774,0.12000441765785287,0.0983801266653051,0.15866026540199663,0.38236401287624666,0.04464606177296247,-0.4487285460944701,0.0,,,,,,
1937-02-01 00:00:00+00:00,-1.7894727276438394,0.23251639839226831,-0.4572227108701591,0.0,0.0,0.5325155439326076,8.288374851903244,1.5154756990482063,9.497314320586923,0.8328358208955224,0.0,335.0,0.0,1.0,86.0,2.04591484389231,0.043117225160020964,0.9493410763024105,-0.014819479375275068,0.11699581693982185,0.22176547156177173,0.13746670718568943,0.4640952300161194,0.04334435463420372,-0.4949465338447556,0.0,,,,,,
1937-03-01 00:00:00+00:00,-1.8674877186516328,0.09847938902657195,-0.5912597202358555,0.0,0.0,0.568933115332338,8.236094139508234,1.7529351565474733,9.67920200041575,0.826865671641791,0.0,335.0,0.0,1.0,86.0,2.04591484389231,0.02520411267835655,0.8496619990361739,-0.01309063384364089,0.1085888400436136,0.49126872763778184,0.11673868259578946,0.4392747076307302,0.04349007923549517,-0.5551895868521433,0.0,,,,,,
1937-04-01 00:00:00+00:00,-2.0121481185939465,-0.2949353336988013,-0.9846744429612287,0.0,0.0,0.6063501771030417,8.203708884572757,2.0325760370003074,9.797116205496447,0.826865671641791,0.0,335.0,0.0,1.0,94.0,1.9875019754109151,0.03877604149425025,0.9446706492874408,-0.014741682394394672,0.11662209171921925,0.24767786779356815,0.0368946458993884,0.4778887573602564,0.04076753817386574,-0.5352608135689048,0.0,,,,,,
1937-05-01 00:00:00+00:00,-2.118084245667387,-0.529601488966988,-1.2193405982294154,0.0,0.0,0.6261921095934303,8.167330668479684,2.3148933465049493,10.072120013881355,0.8208955223880597,0.0,335.0,0.0,1.0,94.0,1.9875019754109151,0.013076752181420454,0.9428213299043166,-0.014732841795063371,0.11661230434259034,0.2498779090725731,-0.06678661463928837,0.419574483962613,0.04226815734793953,-0.4664552514754403,0.0,,,,,,
1937-06-01 00:00:00+00:00,-2.115915485346574,-0.6453714145412823,-1.3351105238037098,0.0,0.0,0.6243477935044484,8.11559279102212,2.661283115505573,10.060069689108467,0.8208955223880597,0.0,335.0,0.0,1.0,94.0,1.9875019754109151,0.06872363106791847,0.9070467915367492,-0.01405550724964348,0.11323733261162712,0.36264969514714845,-0.13250828228010203,0.4297123177847775,0.041875037519904686,-0.405419994987005,0.0,,,,,,
1937-07-01 00:00:00+00:00,-2.077920710286753,-0.4384975340268991,-1.1282366432893265,0.0,0.0,0.6342891887279438,8.072145594037785,2.703039575162462,10.047798717811945,0.8149253731343283,0.0,335.0,0.0,1.0,94.0,1.9875019754109151,0.030407589933720988,0.8670798040868442,-0.01339083124210773,0.11004591693233873,0.46338233146179153,-0.06423833029971426,0.5204382285413285,0.04135572382109316,-0.27492893503718907,0.0,,,,,,
1937-08-01 00:00:00+00:00,-2.1452886856073996,-0.46564442147261625,-1.1553835307350437,0.0,0.0,0.6325373128318902,8.0225407190864,2.7647036833313927,9.869577878109455,0.8149253731343283,0.0,335.0,0.0,1.0,94.0,1.9875019754109151,0.2915715329592165,0.6314996157081184,-0.009026918344147003,0.08842796951532003,0.846939789426586,-0.07750164285156025,0.5699399649039059,0.040281468005715595,-0.27943518402699485,0.0,,,,,,
1937-09-01 00:00:00+00:00,-2.2363469113850507,-0.919740066346309,-1.6094791756087363,0.0,0.0,0.641627111824365,8.085548319324168,2.8535556339337957,10.247542927286183,0.808955223880597,0.0,335.0,0.0,1.0,96.0,1.9521326534483487,4.859427177831498e-12,0.976377206633146,-0.029655883911494357,0.12494642962177603,0.11182174526358282,-0.26618650946339883,0.3951468028513494,0.05006234705848347,-0.1664116214432001,0.0,,,,,,
1937-10-01 00:00:00+00:00,-2.2740822685403,-1.1100160263316536,-1.799755135594081,0.0,0.0,0.6463642680703207,8.1388927765751,2.5031343651662117,10.034122503576352,0.808955223880597,0.0,335.0,0.0,1.0,96.0,1.9521326534483487,9.192295092132744e-12,0.9999916029333356,-0.03043751637810837,0.12714889370278273,0.00010653895923563106,-0.4151790505848991,0.2104276319365903,0.05748389275745199,0.10354513574690838,1.0,,,,,,
1937-11-01 00:00:00+00:00,-2.2615809793696595,-1.1213984620767692,-1.8111375713391966,0.0,0.0,0.6324409714147055,8.136253740120262,2.2002786407297354,9.67126543539393,0.8029850746268656,0.0,335.0,0.0,1.0,96.0,1.9521326534483487,0.00017246377617962579,0.992751807149091,-0.030193789188696973,0.12647210142483095,0.043748849998491164,-0.43175934864085086,0.11131768326889091,0.05948772399351944,0.18947821494550343,1.0,,,,,,
1937-12-01 00:00:00+00:00,-2.283980561215737,-1.1738815550869464,-1.8636206643493738,0.0,0.0,0.6301578451147085,8.082792165706781,2.030273752870243,9.543629015970296,0.8029850746268656,0.0,335.0,0.0,1.0,96.0,1.9521326534483487,0.5203585949036353,0.39221856445064185,0.0020236297853598907,0.06578033084635619,0.9200583748370542,-0.38840256592244504,0.11682306630167982,0.05944601822144254,0.16927456217440717,1.0,,,,,,
1938-01-01 00:00:00+00:00,-2.3415911566040197,-1.267340718772697,-1.9570798280351245,0.0,0.0,0.5819189267057792,8.118144579557498,2.066372851870032,9.761739697934615,0.7970149253731343,0.0,335.0,0.0,1.0,96.0,1.9521326534483487,0.4630440210849982,0.407382646130842,0.00016208317201653474,0.06771044461734957,0.9871277039060461,-0.310179536318671,0.1948183146395337,0.05931104599898363,0.11424960825687691,1.0,,,,,,
1938-02-01 00:00:00+00:00,-2.37318974728586,-1.2074391644984588,-1.8971782737608862,0.0,0.0,0.5746565270407376,8.076353038284418,2.1673244945225685,9.618634759872181,0.7970149253731343,0.0,335.0,0.0,1.0,104.0,1.930238678188971,0.14240434970994126,0.5196993264353154,-0.011161803982308713,0.08107152063722738,0.9843268488304653,-0.3781009004454523,0.24333008140424184,0.05815470885899877,0.13045498943040812,1.0,,,,,,
1938-03-01 00:00:00+00:00,-2.36695385792341,-1.0985582346408966,-1.788297343903324,0.0,0.0,0.5458165503180904,8.055994584588538,2.163268648328423,9.258410357740756,0.7910447761194029,0.0,335.0,0.0,1.0,104.0,1.930238678188971,0.0013581176595637806,0.7390106975874344,-0.021766875870551233,0.10279554242417334,0.5825852312633975,-0.45672564046273845,0.10991778282139197,0.05860872959094323,0.1980639803769071,1.0,,,,,,
1938-04-01 00:00:00+00:00,-2.3383956180244363,-1.067319952437192,-1.7570590616996193,0.0,0.0,0.531964352531261,8.02147327883117,2.1237826710545686,8.778981792976193,0.7910447761194029,2.0,70.0,0.05397755649790913,1.0,104.0,1.930238678188971,0.021234869337826947,0.542729582989719,-0.014798487723097069,0.08430994663992436,0.7754082860919418,-0.3458288506293421,-0.014342504298296532,0.05784859259986462,0.11936082816816107,1.0,,,,,,
1938-05-01 00:00:00+00:00,-2.3165906069704905,-1.1733113909513788,-1.8630505002138062,0.0,0.0,0.5617610262412791,7.992536367590661,2.0708410126788985,8.909084828838989,0.7850746268656716,2.0,70.0,0.05397755649790913,1.0,104.0,1.930238678188971,0.35695495500860164,0.10561077160691013,0.007634032312408107,0.04051955914809608,0.9388472540682291,-0.17252043639471726,-0.042688444345204246,0.0573981741070575,0.13951309729598993,1.0,,,,,,
1938-06-01 00:00:00+00:00,-2.298681525543205,-1.2269827636728086,-1.916721872935236,0.0,0.0,0.647579458498091,7.914366437393058,1.9043159793557487,8.903188601649376,0.7850746268656716,2.0,70.0,0.05397755649790913,1.0,104.0,1.930238678188971,0.10187745009277945,0.16393978667439252,-0.00034760462232643447,0.048255306293676026,0.7559921284695049,-0.06458927096630163,-0.07099684705834175,0.05683628090192133,0.13437125277236195,1.0,,,,,,
1938-07-01 00:00:00+00:00,-2.424369763544822,-1.5359297903209859,-2.2256688995834133,0.0,0.0,0.6148831002051699,7.991013743093992,2.097125792401446,9.879192643979795,0.7791044776119403,2.0,70.0,0.05397755649790913,1.0,106.0,1.9253971257791351,2.746847678709555e-08,0.9999476361589892,-0.03043606043402957,0.12714479276894994,0.0005687631883498805,0.12604409082046875,0.044947927567847934,0.06382965487109019,-0.022760259368571845,0.0,,,,,,
1938-08-01 00:00:00+00:00,-2.44728974694058,-1.430451888243312,-2.1201909975057394,0.0,0.0,0.6309940880896855,7.923542846680252,2.2527957753101138,9.874143302426711,0.7791044776119403,2.0,70.0,0.05397755649790913,1.0,106.0,1.9253971257791351,0.6932421297631427,0.2568796352130599,0.010604473742912807,0.051601724368593074,0.7526680492859539,0.091791719215915,0.029735050654221773,0.06374377442940661,-0.043083586136312135,0.0,,,,,,
1938-09-01 00:00:00+00:00,-2.369586807104144,-1.4263094203856024,-2.1160485296480296,0.0,0.0,0.5234042079862152,7.926198465030442,2.4328644916812325,9.882322256243278,0.7731343283582089,2.0,70.0,0.05397755649790913,1.0,106.0,1.9253971257791351,0.008443471409113468,0.9093895852640076,-0.02723830884277253,0.11862265235789053,0.33202291931480776,0.06234840293815669,-0.04311640866995248,0.06407603271451041,0.08322480153742084,1.0,,,,,,
1938-10-01 00:00:00+00:00,-2.327341534496326,-1.4168498899048596,-2.106588999167287,0.0,0.0,0.5414521967349957,7.921170413090804,2.351632190730908,10.110764247845465,0.7731343283582089,2.0,70.0,0.05397755649790913,1.0,106.0,1.9253971257791351,0.015978612014369925,0.9767954405335888,-0.029290682248497124,0.12484164069784345,0.12465329920750294,0.2435556720141525,-0.01287332509090966,0.06542872285248125,-0.012331915846067965,0.0,,,,,,
1938-11-01 00:00:00+00:00,-2.3082232047428555,-1.4253452557003794,-2.115084364962807,0.0,0.0,0.5525621990302064,7.911700094774784,2.1168172938613146,10.124866553571659,0.7671641791044777,2.0,70.0,0.05397755649790913,1.0,106.0,1.9253971257791351,0.6360675578284984,0.29446241976157456,0.008004193039404748,0.055621522537179176,0.8330668042295021,0.29297967987355733,-0.012103232641762496,0.06542897966323638,-0.03105928006711256,0.0,,,,,,
1938-12-01 00:00:00+00:00,-2.324571787594478,-1.4534154256291731,-2.1431545348916003,0.0,0.0,0.6119861554569287,7.9459466703563475,1.9501960564071525,10.118156933576655,0.7671641791044777,0.0,335.0,0.0,1.0,114.0,1.9095370518427282,0.049426719153849386,0.7709964805721012,-0.021685314933893612,0.10534620287439088,0.657514104332714,0.24732724772740244,-0.09534949390433134,0.06491618241790384,-0.02551372949062891,0.0,,,,,,
1939-01-01 00:00:00+00:00,-2.3829652091778697,-1.4424880221107659,-2.1322271313731935,0.0,0.0,0.6467073641294364,7.876256360512621,1.9594978231513285,10.146738182547976,0.7611940298507462,0.0,335.0,0.0,1.0,114.0,1.9095370518427282,0.25968869619414864,0.31304657038691647,-0.0015394102744028036,0.060741981624585634,1.0770294359871606,0.20949006692521088,-0.16622915658642867,0.0641373247595596,-0.008967021974568112,0.0,,,,,,
1939-02-01 00:00:00+00:00,-2.387290379301649,-1.4666136786032042,-2.1563527878656314,0.0,0.0,0.6351190068053684,7.852984457630724,2.120062261187102,10.142877974770746,0.7611940298507462,0.0,335.0,0.0,1.0,114.0,1.9095370518427282,0.15084350277809902,0.17544842208559602,0.0004330357515532799,0.04888803066717807,0.8567612251167128,0.027283024022144886,-0.19548414880141518,0.06388304598918317,-0.021766545073419685,0.0,,,,,,
1939-03-01 00:00:00+00:00,-2.3644672486560716,-1.471989555296225,-2.1617286645586526,0.0,0.0,0.6340100724916796,7.788902758147672,2.223643413767973,10.162318328734562,0.755223880597015,0.0,335.0,0.0,1.0,114.0,1.9095370518427282,0.06938709848840399,0.08134369403270317,0.001615574739605206,0.0408441371259116,0.5279785314798936,0.020773523941163496,-0.1976142931615925,0.0638772841590282,-0.026740554199244038,0.0,,,,,,
1939-04-01 00:00:00+00:00,-2.3644578217570253,-1.209918915216445,-1.8996580244788723,0.0,0.0,0.621520723980594,7.7672863081097265,1.963172858196659,9.869389553943082,0.755223880597015,0.0,335.0,0.0,1.0,114.0,1.9095370518427282,1.0411788569563083e-08,0.9769846863680456,-0.029675991139638806,0.12500308785971942,0.10955302095827754,-0.06005640101798093,-0.27042614959917444,0.06664246407457722,0.11046733375650408,1.0,,,,,,
1939-05-01 00:00:00+00:00,-2.364552493430502,-1.3569075820127503,-2.0466466912751775,0.0,0.0,0.600754087563133,7.67942461015018,2.0686936892535472,9.998927808649347,0.7492537313432835,0.0,335.0,0.0,1.0,116.0,1.8693055886648535,0.7578343023026576,0.19523922815022646,0.01417701817811358,0.04527136997156393,0.6726255412557592,-0.1365524748456357,-0.26856382074378526,0.0666778503895018,-0.07404621821843271,0.0,,,,,,
1939-06-01 00:00:00+00:00,-2.3658573238957032,-1.3768269542535232,-2.0665660635159506,0.0,0.0,0.5960078215690509,7.5939071605382855,2.0398298033616937,10.057978501072451,0.7492537313432835,0.0,335.0,0.0,1.0,116.0,1.8693055886648535,0.29486422215351876,0.5769493571944703,-0.009440112321878422,0.08503907243194847,0.9407521437351578,-0.11969623313944311,-0.3012652061729373,0.06606752729305114,-0.18869163511082565,0.0,,,,,,
1939-07-01 00:00:00+00:00,-2.3575446482945654,-1.345356842564956,-2.0350959518273832,0.0,0.0,0.6978960483979474,7.639349517665469,1.9566142649616896,10.174469508344242,0.7432835820895523,0.0,335.0,0.0,1.0,116.0,1.8693055886648535,0.5446840435505031,0.255276422972788,0.0071334402300623975,0.05278911851601373,1.0013906787468236,-0.06599073072251027,-0.28962428737893475,0.06620635912881805,-0.17324675051063743,0.0,,,,,,
1939-08-01 00:00:00+00:00,-2.3336884749132927,-1.3184629193309028,-2.00820202859333,0.0,0.0,0.6986199809918819,7.62087336468522,1.8006159172266598,10.167037098282607,0.7432835820895523,2.0,85.0,0.05400104091730952,1.0,116.0,1.8693055886648535,0.09465762391949772,0.45187750390316866,-0.010049562611764096,0.07517561299670215,0.940717556045318,-0.06554147517727404,-0.31550538195982725,0.06612622456750311,-0.13778725364444355,0.0,,,,,,
1939-09-01 00:00:00+00:00,-2.3420068462837564,-1.4493921011047233,-2.1391312103671507,0.0,0.0,0.7041870801132626,7.5744123232840455,1.8083554544491136,10.326992898878782,0.7373134328358208,2.0,85.0,0.05400104091730952,1.0,116.0,1.8693055886648535,0.20280162759911538,0.5158543847821802,-0.00960179095988951,0.08016937652073493,1.021829381626673,0.015118215045169414,-0.28674385067395036,0.06706624832359614,-0.1762874990235721,0.0,,,,,,
1939-10-01 00:00:00+00:00,-2.331920651080664,-1.4612340256746938,-2.1509731349371215,0.0,0.0,0.7712744589426354,7.539609737342751,1.8519964000779385,10.395444198886358,0.7373134328358208,2.0,85.0,0.05400104091730952,1.0,124.0,1.8704938181570256,0.4070303298834719,0.1853832539289975,0.006181466439177468,0.04750912292150086,1.0441080644901883,0.03315977579117746,-0.2969627996505171,0.06692859772617148,-0.1841880830076814,0.0,,,,,,
1939-11-01 00:00:00+00:00,-2.3321685078712266,-1.4657231228470569,-2.1554622321094845,0.0,0.0,0.7663709099473501,7.485245454805221,1.785943824887439,10.386421372732874,0.7313432835820896,2.0,85.0,0.05400104091730952,1.0,124.0,1.8704938181570256,0.04410549751759201,0.27009916944338686,-0.005231930045506218,0.058676472677153986,0.7498770182975969,0.1425595716382837,-0.2974876571867071,0.06693072028077575,-0.1431841422662936,0.0,,,,,,
1939-12-01 00:00:00+00:00,-2.341285734833389,-1.4721392572232788,-2.1618783664857064,0.0,0.0,0.7680104678982055,7.4353437459209015,1.709118800324995,10.37890587321576,0.7313432835820896,2.0,85.0,0.05400104091730952,1.0,124.0,1.8704938181570256,0.03363831609308706,0.09019776414977487,0.0004744728045699911,0.04199165211683733,0.4469282025394279,0.0823004209407836,-0.3449236652049983,0.06674426302214231,-0.16817389242883962,0.0,,,,,,
1940-01-01 00:00:00+00:00,-2.4054569291858465,-1.4969627358570208,-2.1867018451194484,0.0,0.0,0.7717671881479111,7.385285111177251,1.7025436764656772,10.367007151741246,0.7253731343283583,2.0,85.0,0.05400104091730952,1.0,124.0,1.8704938181570256,0.03394732844547675,0.023438183265811114,0.002691533880552707,0.03576234833031262,0.2585210953272769,0.06615179217828082,-0.3725801211803459,0.06643207718540667,-0.16777251408655758,0.0,,,,,,
1940-02-01 00:00:00+00:00,-2.4253437423662647,-1.499534034721946,-2.1892731439843733,0.0,0.0,0.7837560920932916,7.331101300065842,1.959772008484343,10.367863319172562,0.7253731343283583,2.0,85.0,0.05400104091730952,1.0,124.0,1.8704938181570256,0.004922932585056835,0.014503346583797665,0.0022987578165449382,0.03519021521661671,0.10679420203899792,0.028276738317297045,-0.37808623165742716,0.06643256743357263,-0.21870001232857028,0.0,,,,,,
1940-03-01 00:00:00+00:00,-2.409132819406386,-1.514512405078426,-2.2042515143408536,0.0,0.0,0.7980141556968158,7.285217333234283,2.133815143248449,10.345689347423946,0.7194029850746269,2.0,85.0,0.05400104091730952,1.0,126.0,1.8089489659775029,0.004626160517198634,0.0035768594528797887,0.002653382629979287,0.03417379595131069,0.05318906682576897,0.037116555878231594,-0.31528347198098405,0.06566978554803883,-0.21394519872676288,0.0,,,,,,
1940-04-01 00:00:00+00:00,-2.3659363078381612,-1.5444776783165235,-2.234216787578951,0.0,0.0,0.8047748391872467,7.2329286512122195,2.1225306456372994,10.378074851035807,0.7194029850746269,0.0,335.0,0.0,1.0,126.0,1.8089489659775029,0.003458940596660644,0.0017220038938339577,0.002687089203375314,0.03401130174264289,0.03572789213952419,-0.032813868798897694,-0.2527711048335597,0.06529662836885683,-0.26243508322554643,0.0,,,,,,
1940-05-01 00:00:00+00:00,-2.292309703337076,-1.2904403400353062,-1.9801794492977336,0.0,0.0,0.8016067278065692,7.239685460796461,1.6868860814901439,9.973672157569839,0.7134328358208956,0.0,335.0,0.0,1.0,126.0,1.8089489659775029,7.911689923738012e-11,0.9396560947243174,-0.028440421404699358,0.12152153029414065,0.22791274507789375,-0.19826677721800046,-0.3627212945884155,0.06935300778280976,-0.1432238802508703,0.0,,,,,,
1940-06-01 00:00:00+00:00,-2.2507534480766767,-1.1810775881486835,-1.870816697411111,0.0,0.0,0.7877013944797271,7.216040291170403,1.3042912954100345,9.342316025304333,0.7134328358208956,0.0,335.0,0.0,1.0,126.0,1.8089489659775029,1.8980046520807613e-05,0.9908046730848574,-0.03013298033101344,0.1262918776577776,0.05240667338216574,-0.2773285881831562,-0.510577915070149,0.07001545333940805,-0.03243265870228207,0.0,,,,,,
1940-07-01 00:00:00+00:00,-2.301307809576504,-1.402600717737272,-2.0923398269996993,0.0,0.0,0.7676431102406397,7.164351342404325,1.2699943111730363,9.56034531782868,0.7074626865671642,0.0,335.0,0.0,1.0,126.0,1.8089489659775029,0.7613222354129034,0.20589245631313124,0.013907139011604215,0.046233584667807755,0.6450569940390567,-0.21372375174251879,-0.4811457740959568,0.07049713590614676,-0.022125410766212106,0.0,,,,,,
1940-08-01 00:00:00+00:00,-2.3264714614661153,-1.437439525071778,-2.1271786343342054,0.0,0.0,0.7615121360414489,7.111323393298642,1.2828899545106907,9.609742615874328,0.7074626865671642,0.0,335.0,0.0,1.0,134.0,1.791271243877382,0.32502961566772554,0.5838831290389461,-0.008954034573016533,0.0854143023140085,0.8976812190324696,-0.19436170684714948,-0.30075531856409654,0.065972936935727,-0.0613394351614609,0.0,,,,,,
1940-09-01 00:00:00+00:00,-2.340908229104861,-1.5546597172162506,-2.244398826478678,0.0,0.0,0.766732511887022,7.077142091706626,1.4516270248654002,9.803099904869718,0.7014925373134329,0.0,335.0,0.0,1.0,134.0,1.791271243877382,0.5715000014999524,0.3109512350570256,0.005926742492914693,0.05774046330817168,0.9346374761967864,-0.139402738904983,-0.10230991997751104,0.061182313239727344,-0.11301897591517118,0.0,,,,,,
1940-10-01 00:00:00+00:00,-2.32572446373701,-1.5530492787939623,-2.2427883880563897,0.0,0.0,0.7462098692173919,7.033325645100274,1.4402798303466333,9.806108585536807,0.7014925373134329,0.0,335.0,0.0,1.0,134.0,1.791271243877382,0.3111086832059652,0.41590051239875236,-0.0037240715728382775,0.06987220302479313,1.0825565257002705,-0.12428775301725992,-0.0078118763573931105,0.05950855032082901,-0.17638914153383567,0.0,,,,,,
1940-11-01 00:00:00+00:00,-2.338452246777032,-1.6105585018718203,-2.3002976111342477,0.0,0.0,0.7336923380712901,7.006734508088245,1.3916934610493668,9.890242436025286,0.6955223880597015,0.0,335.0,0.0,1.0,134.0,1.791271243877382,0.3850806274278423,0.22057915908878875,0.0044957964884090925,0.05098930196575814,1.06783836160082,-0.111091904384514,0.024539556704371357,0.059614498226382845,-0.2538703059535532,0.0,,,,,,
1940-12-01 00:00:00+00:00,-2.2933168056235904,-1.4847601488076942,-2.1744992580701217,0.0,0.0,0.7255577083300254,6.962489440539259,1.2810532389168623,9.64223429606871,0.6955223880597015,0.0,335.0,0.0,1.0,134.0,1.791271243877382,0.004984720046397086,0.5134424920590988,-0.014214576586452575,0.08172464285525488,0.7205797264801295,-0.011827253269623306,-0.0643690115393678,0.05978660817152441,-0.27871184030220153,0.0,,,,,,
1941-01-01 00:00:00+00:00,-2.2954079565271206,-1.5283700971617817,-2.2181092064242094,0.0,0.0,0.7416527370629196,6.941825253541772,1.196101092237709,9.639007592723067,0.6895522388059702,0.0,335.0,0.0,1.0,136.0,1.7292265985185478,0.234762499216295,0.10214757548188022,0.0048500102557337355,0.04129620374492267,0.845673303646125,0.0870709132025489,-0.04540610142214785,0.05973029068788259,-0.27419560364865436,0.0,,,,,,
1941-02-01 00:00:00+00:00,-2.239768260824887,-1.3516935237891137,-2.0414326330515413,0.0,0.0,0.7517013977493991,6.9208091384199095,1.0251659572259961,9.20540745537322,0.6895522388059702,0.0,335.0,0.0,1.0,136.0,1.7292265985185478,0.0004507751211010627,0.4462032773992336,-0.012096524498628516,0.07549418799590028,0.6910050046161009,-0.01717652350063581,-0.04159665713385419,0.059607736135769814,-0.2477546657353349,0.0,,,,,,
1941-03-01 00:00:00+00:00,-2.244167716563035,-1.4027478489881888,-2.0924869582506163,0.0,0.0,0.7471279814851242,6.856143707030924,0.9734042391226742,9.184538668091593,0.6835820895522388,0.0,335.0,0.0,1.0,136.0,1.7292265985185478,0.17710185102948528,0.0861211364724602,0.004012654939811806,0.04032035900202103,0.7428009984683848,-0.03904138920408773,0.00603214286115783,0.05903315106203898,-0.31518983266566014,0.0,,,,,,
1941-04-01 00:00:00+00:00,-2.2077134873311395,-1.276884299142233,-1.9666234084046603,0.0,0.0,0.730888594665393,6.811091877326844,0.852971066739578,8.779440902619463,0.6835820895522388,0.0,335.0,0.0,1.0,136.0,1.7292265985185478,0.0040784866864721535,0.14468901817642102,-0.0020303975530798833,0.04733995295024841,0.43925621703267936,-0.11896145300087202,-0.048750936583665805,0.059322776774258734,-0.3252546799236935,0.0,,,,,,
1941-05-01 00:00:00+00:00,-2.181938038510134,-1.2166438105745718,-1.9063829198369993,0.0,0.0,0.7021425624811682,6.823901062846659,0.7937519262767053,8.578905211148875,0.6776119402985075,0.0,335.0,0.0,1.0,136.0,1.7292265985185478,0.011811129570304167,0.03938975312688947,0.0016384240531019411,0.03744932784934461,0.22968966236000887,-0.15730257446118934,-0.10052517985228082,0.05934809222531361,-0.2971882127186092,0.0,,,,,,
1941-06-01 00:00:00+00:00,-2.1967127626433904,-1.2959495333750966,-1.985688642637524,0.0,0.0,0.7113913278805362,6.769658917421153,0.7851707744704379,8.465597272559918,0.6776119402985075,0.0,335.0,0.0,1.0,144.0,1.71272687615851,0.022702088928092203,0.009191160628483422,0.0028963479627098217,0.03453475864528616,0.16041541232365833,-0.16657710461914466,-0.26808163873524204,0.05008805060944314,-0.2617641985406065,0.0,,,,,,
1941-07-01 00:00:00+00:00,-2.240537790036921,-1.4616022526467902,-2.1513413619092177,0.0,0.0,0.7452050451557034,6.716430069971062,0.8471695973976514,8.854361052783519,0.6716417910447762,0.0,335.0,0.0,1.0,144.0,1.71272687615851,0.012652376012406461,0.016092351896257472,0.002429520111778967,0.035268858569275044,0.150069267038807,-0.06767527007989127,-0.22383600083517408,0.050985549385199516,-0.28124398163473696,0.0,,,,,,
1941-08-01 00:00:00+00:00,-2.19714462030662,-1.3591402738845852,-2.0488793831470127,0.0,0.0,0.7469488921749056,6.659194701550447,0.8421475936951802,8.564086683793223,0.6716417910447762,2.0,110.0,0.05026606500451044,1.0,144.0,1.71272687615851,0.002737891779073513,0.007110962707135098,0.002491610848497674,0.03452040732153991,0.061126966703817225,-0.0879286279220528,-0.19568313228235734,0.0505540418298866,-0.2747831495391564,0.0,,,,,,
1941-09-01 00:00:00+00:00,-2.203254837571286,-1.1031990355202856,-1.792938144782713,0.0,0.0,0.7316743943291806,6.623919446915472,0.8232853052259438,8.544121111409732,0.6656716417910448,2.0,110.0,0.05026606500451044,1.0,144.0,1.71272687615851,0.0022284965918349764,0.001924803012056997,0.002651187956221367,0.0340412895452744,0.029788478557432187,-0.033721702491583905,-0.3188740316395906,0.04616756089929043,-0.2539603699601969,0.0,,,,,,
1941-10-01 00:00:00+00:00,-2.157191444803337,-0.8170026412572041,-1.5067417505196317,0.0,0.0,0.7297564668868262,6.6426141827858665,0.8040785175484777,7.944606027620021,0.6656716417910448,2.0,110.0,0.05026606500451044,1.0,144.0,1.71272687615851,7.162253822078908e-05,0.003512977045558965,0.0025474542344546183,0.034208825538038355,0.024114597043300327,-0.08673169582433271,-0.3736792328367322,0.04674833799409728,-0.14085059657047339,0.0,,,,,,
1941-11-01 00:00:00+00:00,-2.114261504195438,-0.4577472400139607,-1.147486349276388,0.0,0.0,0.758690666840081,6.603333482133892,0.7565428017835464,7.597386410362568,0.6597014925373135,2.0,110.0,0.05026606500451044,1.0,146.0,1.6614832560984938,0.6114632012726986,0.09153088624906945,0.0020101117733135054,0.03600016445890417,0.8802027570223766,-0.10252712711252077,-0.398605311423589,0.04723103680628954,-0.07639854501261034,0.0,,,,,,
1941-12-01 00:00:00+00:00,-2.0401603031143685,-0.053532896735071216,-0.7432720059974987,0.0,0.0,0.8087181121168591,6.5449441107953295,0.6187299331417541,7.323348939689646,0.5582089552238806,2.0,110.0,0.05026606500451044,1.0,146.0,1.6614832560984938,0.11004785041227208,0.3688798292876797,-0.004366068358971028,0.05411630629672024,0.9504056373450818,-0.14731521332095454,-0.45733046009844625,0.0483943873654289,-0.0032420569125806153,0.0,,,,,,
1942-01-01 00:00:00+00:00,-2.1035905779661626,-0.18916291465855317,-0.8789020239209806,0.0,0.0,0.8298997417915498,6.475361514267714,0.602819015181664,6.778956144897104,0.6537313432835821,2.0,110.0,0.05026606500451044,1.0,146.0,1.6614832560984938,0.7182689093105353,0.14310777356081597,0.0008968591086248335,0.03830051404605495,0.7898262622378722,-0.1546920317438234,-0.45005669450121033,0.04846383494698893,0.04848381508225419,1.0,,,,,,
1942-02-01 00:00:00+00:00,-2.0667743031107824,0.05162140138768822,-0.6381177078747392,0.0,0.0,0.8180835938981461,6.434409879815079,0.6848596863266725,7.152015098187495,0.5522388059701493,2.0,110.0,0.05026606500451044,1.0,146.0,1.6614832560984938,0.13990677102349566,0.1261152050688363,0.001066818348647872,0.04044407485546062,0.7632966580279621,-0.2428057784697586,-0.48741530324609617,0.04860177518321443,0.14442057702351097,1.0,,,,,,
1942-03-01 00:00:00+00:00,-1.981177412498467,0.4388951820792532,-0.2508439271831742,0.0,0.0,0.8192757790266116,6.4067304149546835,0.8171478521492028,5.87241396032299,0.5462686567164179,2.0,110.0,0.05026606500451044,1.0,146.0,1.6614832560984938,0.4033195871471813,0.4314860797732957,-0.0056580939664040856,0.05603453762636892,1.0263516898364669,-0.29289178670828697,-0.4285185179726634,0.04547811237108799,0.23023609570546544,1.0,,,,,,
1942-04-01 00:00:00+00:00,-1.887077108211141,0.6436284890050452,-0.04611062025738222,0.0,0.0,0.8162849324222827,6.3546723407024475,0.8744281253831947,6.658744500899801,0.5462686567164179,0.0,335.0,0.0,1.0,154.0,1.6362382740084511,0.13078519014642395,0.4710215625588333,-0.0066398562126103525,0.05969093616769028,0.9873158059192051,-0.33119715700939434,-0.5135187138033492,0.045077592161762145,0.3002312959605673,1.0,,,,,,
1942-05-01 00:00:00+00:00,-1.9290319035457568,0.4895508998030297,-0.20018820945939775,0.0,0.0,0.831450707052298,6.2764784529303395,0.700351893223346,5.654769511852003,0.5402985074626866,0.0,335.0,0.0,1.0,154.0,1.6362382740084511,0.6108494374229867,0.20639345263245457,-0.0005555280557790504,0.042396909640363745,0.9373869638790622,-0.27810164564596285,-0.532084645343252,0.044794690525615,0.33401360472473307,1.0,,,,,,
1942-06-01 00:00:00+00:00,-2.0411901869995446,-0.01027830117626718,-0.7000174104386946,0.0,0.0,0.706393316943659,6.30678518859136,0.9088092098854612,7.038659921808154,0.5402985074626866,0.0,335.0,0.0,1.0,154.0,1.6362382740084511,0.1858566186741362,0.15771664066930666,0.0003776602357073126,0.04195762295998352,0.8803703561272456,-0.17447099720619796,-0.5070855779072767,0.04563286530181076,0.3023559082447651,1.0,,,,,,
1942-07-01 00:00:00+00:00,-2.112044154152311,-0.25916155783912526,-0.9489006671015527,0.0,0.0,0.6492003385214546,6.3139559487781005,1.1276324120283057,6.164618409409369,0.5343283582089552,0.0,335.0,0.0,1.0,154.0,1.6362382740084511,0.7357525486452671,0.0699417044171215,0.002537334103016579,0.034134561687467986,0.7301609754504278,-0.0702074114124267,-0.4619963963335989,0.04626117249280663,0.2980448594873275,1.0,,,,,,
1942-08-01 00:00:00+00:00,-2.0885748513293647,-0.1891129487332907,-0.8788520579957182,0.0,0.0,0.6631371526205952,6.26479331862777,1.4260494173157048,7.111327826419268,0.5343283582089552,0.0,335.0,0.0,1.0,154.0,1.6362382740084511,0.23973214757159203,0.03617583554309659,0.0031117552254767613,0.03490464955538957,0.6962376838675544,-0.08851617381255483,-0.5536910833589346,0.04334512753753623,0.26505875492812336,1.0,,,,,,
1942-09-01 00:00:00+00:00,-2.19359289199205,-0.3023942259543796,-0.992133335216807,0.0,0.0,0.6696875565411745,6.21351809704568,1.6040878783725825,6.096247919022493,0.5283582089552239,0.0,335.0,0.0,2.0,110.0,-1.63506059219021,0.7767555164473732,0.013210772703125455,0.003819257748277929,0.030757788361417324,0.5811457318314115,-0.0399274067164459,-0.5605024857537195,0.043207422195902706,0.2699683572388114,1.0,,,,,,
1942-10-01 00:00:00+00:00,-2.272525690429667,-0.6434228803574104,-1.3331619896198377,0.0,0.0,0.6592472273628684,6.167435540803868,2.199498836319156,7.287015724276662,0.5283582089552239,0.0,335.0,0.0,2.0,110.0,-1.63506059219021,0.17005029976780914,0.0336599082865595,0.003142699057334277,0.035136823271348816,0.5968158305923913,0.08760754027085405,-0.48347054934009304,0.04502907915968409,0.20165465173687203,1.0,,,,,,
1942-11-01 00:00:00+00:00,-2.3914972297490675,-0.6578980869948139,-1.3476371962572413,0.0,0.0,0.6079537178390503,6.123408809972811,2.3999570540378707,6.37668326958684,0.5223880597014925,0.0,335.0,0.0,2.0,110.0,-1.63506059219021,0.8408372202677967,0.011652408993745958,0.0038772826976118018,0.030328745862643107,0.4799582541759302,0.1463290077985624,-0.44949012694557045,0.045169916538935324,0.1442167406537731,1.0,,,,,,
1942-12-01 00:00:00+00:00,-2.379813406619816,-0.6679564503719114,-1.357695559634339,0.0,0.0,0.6236979225722185,6.079694062991226,3.0882266541370895,7.346121570654503,0.5223880597014925,3.0,90.0,-0.02288999011158266,2.0,110.0,-1.63506059219021,0.18816833480141226,0.012227610741647228,0.003627947237775195,0.03384708132134151,0.5469932849649918,0.14663094248507402,-0.45160549503645875,0.04515160340035614,0.15801183213744707,1.0,,,,,,
1943-01-01 00:00:00+00:00,-2.51845666081689,-0.8837435403813716,-1.573482649643799,0.0,0.0,0.6137269275986506,6.034627934530838,3.281814524523798,6.451201968489683,0.5164179104477612,3.0,90.0,-0.02288999011158266,2.0,110.0,-1.63506059219021,0.7476369218192389,0.019410775307620504,0.0036702318875500885,0.03125843306833409,0.6333501800651206,0.1555559818790373,-0.37980633434553646,0.04671919748951662,0.1316145816101839,1.0,,,,,,
1943-02-01 00:00:00+00:00,-2.578473395162803,-1.0160752778338642,-1.7058143870962916,0.0,0.0,0.6652066555457287,5.995616700869423,3.6140263957242165,7.5079221714890645,0.5164179104477612,3.0,90.0,-0.02288999011158266,2.0,116.0,-1.6435411828576154,0.19275260450588458,0.03712037987484496,0.0030736365383403313,0.0352081722198628,0.6407541371883408,0.18285878018848933,-0.31625417202334116,0.0481356384568367,0.06710442696220742,1.0,,,,,,
1943-03-01 00:00:00+00:00,-2.6317172805880316,-1.0357804879646542,-1.7255195972270816,0.0,0.0,0.7683067715926319,5.954529110147291,3.5870220819283003,6.3500048089277135,0.5104477611940299,3.0,90.0,-0.02288999011158266,2.0,116.0,-1.6435411828576154,0.815346808004382,0.013642615817345691,0.0038235958717950055,0.030575684987096743,0.5270450798426382,0.21212745853633486,-0.308749756023702,0.04823884305197907,0.07737262526155675,1.0,,,,,,
1943-04-01 00:00:00+00:00,-2.7051175361775988,-1.0674962968847557,-1.757235406147183,0.0,0.0,0.7431046260350856,5.9084502383492055,3.9066379592599514,7.5418370295916635,0.5104477611940299,3.0,90.0,-0.02288999011158266,2.0,116.0,-1.6435411828576154,0.20773489020432975,0.01328841027249507,0.0036113443909647973,0.03380161003252288,0.5784394775227388,0.22299450891136985,-0.13924119962434922,0.04192856305003877,0.03284271137960282,1.0,,,,,,
1943-05-01 00:00:00+00:00,-2.9331387942080642,-1.0974703369902534,-1.7872094462526809,0.0,0.0,0.7681760366955753,5.85606300094279,4.183156583002007,6.498235931841851,0.5044776119402985,3.0,90.0,-0.02288999011158266,2.0,116.0,-1.6435411828576154,0.7951535370968394,0.008050498413977768,0.0039411771203211494,0.030372282277875164,0.5409939307796785,0.1967625556492436,-0.009379405507693228,0.03910375466516429,0.017538456509569755,1.0,,,,,,
1943-06-01 00:00:00+00:00,-3.082357345218933,-1.1112222231079514,-1.8009613323703788,0.0,0.0,0.7601184706931893,5.786017726547821,5.382568021285392,7.582634090805374,0.5044776119402985,3.0,90.0,-0.02288999011158266,2.0,116.0,-1.6435411828576154,0.2380811464398995,0.010591473884393576,0.0036825752579428077,0.033489394866286895,0.6046624331494557,0.20428345605117748,-0.03148291915187418,0.03861568916929794,0.040324870927552325,1.0,,,,,,
1943-07-01 00:00:00+00:00,-3.234602842541904,-1.1167113497298666,-1.806450458992294,0.0,0.0,0.8454195309172694,5.753571339539311,6.439237191236487,6.439237191236487,0.49850746268656715,3.0,90.0,-0.02288999011158266,2.0,120.0,-1.676019160573325,0.7780329014595877,0.00626516576998802,0.0039748484309733234,0.030364359480202028,0.5579134339455225,0.23107950498748142,-0.026164283201827843,0.03871409357572922,0.03420219376354261,1.0,,,,,,
1943-08-01 00:00:00+00:00,-2.9356407350959253,-1.111244153380856,-1.8009832626432833,0.0,0.0,0.9093671313792203,5.710700143340452,7.355435927202861,7.355435927202861,0.49850746268656715,0.0,335.0,0.0,2.0,120.0,-1.676019160573325,0.18488499285542373,0.02780700262438579,0.0032787969833525626,0.03473179801517021,0.5999809713591414,0.12805876603331434,-0.11234482940723911,0.038702999043183924,0.06436099984583343,1.0,,,,,,
1943-09-01 00:00:00+00:00,-2.3343761540117334,-1.0342876759129427,-1.7240267851753701,0.0,0.0,0.9743359205163713,5.653713214321659,5.356509933064514,6.18357200050164,0.4925373134328358,0.0,335.0,0.0,2.0,120.0,-1.676019160573325,0.8281402591106569,0.010309633291342914,0.003902672522749134,0.030321826965180283,0.4978240589644696,0.08562037349885454,-0.1063460455072267,0.0387734059252678,0.032506884390799407,1.0,,,,,,
1943-10-01 00:00:00+00:00,-2.6659839008813067,-1.0791493504935334,-1.7688884597559609,0.0,0.0,0.9871167170822595,5.588167908039147,1.7212776169879689,7.133226465472032,0.4925373134328358,0.0,335.0,0.0,2.0,120.0,-1.676019160573325,0.19858067013174105,0.012619510101853202,0.0036229671083203682,0.03381327628770063,0.5633334929439262,0.05902609630226063,-0.1386317553369274,0.03851777652009044,0.06604449151792924,1.0,,,,,,
1943-11-01 00:00:00+00:00,-2.6743609305937377,-1.1563625191889264,-1.8461016284513538,0.0,0.0,0.9799858819759089,5.533067360086974,1.9929021023496285,6.042811882275468,0.48656716417910445,0.0,335.0,0.0,2.0,120.0,-1.676019160573325,0.734118175415747,0.02367712179225114,0.003570046057198633,0.031568118147685446,0.6589738944672988,-0.009685547508231807,-0.13709949386295772,0.03846597132267367,0.10649868273023078,1.0,,,,,,
1943-12-01 00:00:00+00:00,-2.8485331767861317,-1.1537027219018634,-1.8434418311642908,0.0,0.0,0.9795882468884257,5.499389753595841,2.25926895620638,7.2217504533880605,0.48656716417910445,0.0,335.0,0.0,2.0,126.0,-1.6790050410131911,0.29276235664229355,0.014978542023336976,0.003604404771278377,0.03344150029794021,0.6771638591030302,-0.029370830102211976,-0.1258211488124541,0.03856307377484048,0.10931367591790142,1.0,,,,,,
1944-01-01 00:00:00+00:00,-2.9569227869421892,-1.1274474656229867,-1.8171865748854141,0.0,0.0,0.972365860288032,5.457690335121634,2.92157779732414,6.275763470415531,0.48059701492537316,0.0,335.0,0.0,2.0,126.0,-1.6790050410131911,0.7144145763718524,0.009553988728924722,0.0038783421475156277,0.030887247398647896,0.64000430366488,-0.015185344755543895,-0.029491740406782263,0.03750363410023751,0.10689425828977495,1.0,,,,,,
1944-02-01 00:00:00+00:00,-3.1100320701952,-1.1662794448040594,-1.8560185540664869,0.0,0.0,0.9626126136295664,5.413153529746414,3.494607690476394,7.385939077292883,0.48059701492537316,0.0,335.0,0.0,2.0,126.0,-1.6790050410131911,0.32315785114545414,0.010590448892232372,0.003713424905909853,0.03303488915087374,0.6837636805327147,-0.048081652336630754,-0.03520454633437087,0.0375168809860446,0.14644981074525276,1.0,,,,,,
1944-03-01 00:00:00+00:00,-2.991328599568037,-1.1085125826268656,-1.798251691889293,0.0,0.0,0.9738175094403424,5.3829758359697335,4.383089295276292,6.448018208864799,0.4746268656716418,0.0,335.0,0.0,2.0,126.0,-1.6790050410131911,0.6955619378547209,0.007405691935585482,0.0039194925672345095,0.030868373059490355,0.6494139466392522,0.024441328869768242,0.03105795246340115,0.037232766821271024,0.11811702305146454,1.0,,,,,,
1944-04-01 00:00:00+00:00,-2.812591721571606,-1.1861009236962787,-1.8758400329587062,0.0,0.0,1.0081069893215993,5.349448902149276,3.8401603588818025,7.453168216129072,0.4746268656716418,0.0,335.0,0.0,2.0,126.0,-1.6790050410131911,0.31828650870434366,0.01305543119785804,0.003656605255467626,0.0331981156373805,0.6901402580187054,-0.01413113694783874,0.03682539200612389,0.037109131300018076,0.16617347720915632,1.0,,,,,,
1944-05-01 00:00:00+00:00,-2.922925548602978,-1.1381310053649698,-1.8278701146273972,0.0,0.0,1.0355150953998715,5.332161784995476,2.9233651482025143,6.419634236316524,0.46865671641791046,0.0,335.0,0.0,2.0,130.0,-1.7342142002164953,0.7120534241963606,0.00711140468605765,0.003932040912802245,0.030763900984497793,0.6336455266453176,0.012646360421941338,0.040591709704158596,0.03715253698290787,0.18013810678627973,1.0,,,,,,
1944-06-01 00:00:00+00:00,-2.9694995059304263,-1.0511567261699342,-1.7408958354323616,0.0,0.0,0.99928355842374,5.3358392934266785,2.99563645933808,7.570054906397487,0.46865671641791046,0.0,335.0,0.0,2.0,130.0,-1.7342142002164953,0.2860298573588834,0.01403154483033788,0.0036231161817406542,0.033424751201965114,0.6675886732606233,0.1003915863249567,0.030967362541890253,0.0368148876466103,0.14677258924619885,1.0,,,,,,
1944-07-01 00:00:00+00:00,-3.0039023549174932,-0.9943718445984251,-1.6841109538608525,0.0,0.0,1.0230598251441552,5.312554802276407,3.057517104692914,6.531295887299982,0.4626865671641791,0.0,335.0,0.0,2.0,130.0,-1.7342142002164953,0.7390035005258728,0.007310301470797624,0.00393736372915905,0.030631014496020677,0.6074395541454067,0.10726986661357696,0.06937734572317567,0.03679638607983393,0.10599187652820152,1.0,,,,,,
1944-08-01 00:00:00+00:00,-2.74419933748485,-1.109908378918315,-1.7996474881807425,0.0,0.0,1.0355070197342566,5.238088591176331,3.089880204877767,7.521980108791009,0.4626865671641791,0.0,335.0,0.0,2.0,130.0,-1.7342142002164953,0.2896978201419526,0.011342177328892117,0.003684511367870717,0.03325546302736095,0.6600564560201835,0.06080518426896386,0.0650351463537655,0.03684664257127281,0.12408725275040489,1.0,,,,,,
1944-09-01 00:00:00+00:00,-2.7192394695557156,-1.166141095807772,-1.8558802050701995,0.0,0.0,1.0058381813587909,5.171052200924995,2.0656331622441404,6.417660433258814,0.45671641791044776,0.0,335.0,0.0,2.0,130.0,-1.7342142002164953,0.727960925253972,0.007771770353873778,0.003923055799492586,0.03071568612401575,0.6205682259076126,0.05102283092744653,0.10254998041740837,0.03570073830014076,0.20648575358941557,1.0,,,,,,
1944-10-01 00:00:00+00:00,-2.6964380780537374,-1.0230392384537124,-1.7127783477161398,0.0,0.0,0.9719153744167099,5.081254886938797,1.7734990089030505,7.47879267255762,0.45671641791044776,0.0,335.0,0.0,2.0,136.0,-1.761849217383358,0.30191008953089443,0.010499956774325464,0.0037077470880307987,0.03314334996607755,0.6669627082174359,0.04769796255863312,0.18128304213455504,0.034438039588674384,0.22303605718149466,1.0,,,,,,
1944-11-01 00:00:00+00:00,-2.786610373015463,-1.1139826233925276,-1.803721732654955,0.0,0.0,0.9526133004977853,5.087492790945612,1.658830764669053,6.663694805269921,0.4507462686567164,0.0,335.0,0.0,2.0,136.0,-1.761849217383358,0.7287640521983971,0.006364530179746789,0.003954777049037536,0.030633066476117826,0.6146548378760929,0.06397042384239615,0.24811102916947458,0.03167219486509083,0.2621942581005161,1.0,,,,,,
1944-12-01 00:00:00+00:00,-2.9095501415265206,-0.859275375364791,-1.5490144846272185,0.0,0.0,0.9415765182735331,5.0893648290738716,1.854202881027419,7.898448472518344,0.4507462686567164,3.0,115.0,-0.01965480043829802,2.0,136.0,-1.761849217383358,0.31175394328195327,0.009130400682078066,0.0037419024995997362,0.03301453562675306,0.6690329062619249,0.06240438930611969,0.2576881307541017,0.03170737764801786,0.25757285244658323,1.0,,,,,,
1945-01-01 00:00:00+00:00,-2.9309787542375765,-0.6293052203689662,-1.3190443296313936,0.0,0.0,0.9399142061931817,5.125272817631888,2.3606607109981503,7.199275694841956,0.44477611940298506,3.0,115.0,-0.01965480043829802,2.0,136.0,-1.761849217383358,0.7043235270054736,0.006964614098920059,0.003932518575450944,0.030797020629722418,0.6401446180905114,0.051384042606678726,0.32515718361832757,0.030898717628258278,0.26732541239744734,1.0,,,,,,
1945-02-01 00:00:00+00:00,-2.776294320111648,-0.4784348420601623,-1.1681739513225897,0.0,0.0,0.9336840085057311,5.038109613155146,2.5382646279129917,8.194281736674368,0.44477611940298506,3.0,115.0,-0.01965480043829802,2.0,136.0,-1.761849217383358,0.3115692320640928,0.011541883346974776,0.0036879759033105392,0.03314974995143213,0.6789832805934302,0.0641659646450794,0.42643509707654204,0.028010598664388854,0.24278749739815808,1.0,,,,,,
1945-03-01 00:00:00+00:00,-2.6980724162821725,-0.5610088972553892,-1.2507480065178167,0.0,0.0,0.8738541809197531,5.050374079180584,2.0781383489881575,7.37039457412829,0.4388059701492537,3.0,115.0,-0.01965480043829802,2.0,140.0,-1.791890629858681,0.7234000150625889,0.006382363740865961,0.003952435133227134,0.030662711851615607,0.6200768926698668,0.07819735207539935,0.4744296554385592,0.0260481930456684,0.2021798378126869,1.0,,,,,,
1945-04-01 00:00:00+00:00,-2.7111760279659514,-0.3871213109077838,-1.0768604201702112,0.0,0.0,0.7895838294635028,5.140460380100547,1.7278470553741592,8.629701099088347,0.4388059701492537,3.0,115.0,-0.01965480043829802,2.0,140.0,-1.791890629858681,0.30707311879356103,0.009998423807739186,0.0037208194367736704,0.033087854681676986,0.6690429794162498,0.11953545587051817,0.5001870819338894,0.025990427997198105,0.23435937897923598,1.0,,,,,,
1945-05-01 00:00:00+00:00,-2.75468833664731,-0.2376852973064786,-0.927424406568906,0.0,0.0,0.7472734677403623,5.074721876261984,1.656749345958174,7.486713187365687,0.43283582089552236,3.0,115.0,-0.01965480043829802,2.0,140.0,-1.791890629858681,0.7040835182693512,0.007622571064812053,0.00391773635925063,0.03083492579202929,0.6427787901989205,0.12673997569029183,0.48249401503104483,0.025458168681811718,0.19959764734657082,1.0,,,,,,
1945-06-01 00:00:00+00:00,-2.7192680918701044,-0.31093606748646996,-1.0006751767488975,0.0,0.0,0.697473269698827,4.983067471240961,1.7587961826529337,8.611693413860712,0.43283582089552236,3.0,115.0,-0.01965480043829802,2.0,140.0,-1.791890629858681,0.34119220126142596,0.00899629447623339,0.003755564397183986,0.03284982260794041,0.6893843432839196,0.14066549284092478,0.45898393342282606,0.025314769289975825,0.17542796043428943,1.0,,,,,,
1945-07-01 00:00:00+00:00,-2.607029715541603,-0.568408683747896,-1.2581477930103233,0.0,0.0,0.6251870035674064,4.939274161022232,1.7081897492649878,7.678135259376422,0.42686567164179107,3.0,115.0,-0.01965480043829802,2.0,140.0,-1.791890629858681,0.6724783679624201,0.008265054005225298,0.0038919348820665584,0.03103951076378233,0.6709808787837669,0.10394806722387706,0.4501523717905336,0.025613819939649004,0.11008173174748581,1.0,,,,,,
1945-08-01 00:00:00+00:00,-2.5541826502927547,-0.5220830246769755,-1.2118221339394029,0.0,0.0,0.5398946357491653,4.95085502525102,1.3125514666619094,8.977340995173137,0.42686567164179107,0.0,335.0,0.0,2.0,146.0,-1.8200721897856922,0.3738214399206334,0.00892137339932343,0.0037690606367468504,0.03267135889228227,0.7077421662706782,0.0779981787295938,0.4430827690643673,0.02566143618332386,0.06714655176206907,1.0,,,,,,
1945-09-01 00:00:00+00:00,-2.519196554291399,-0.047927487412811776,-0.7376665966752392,0.0,0.0,0.4784932103300582,4.958588556818816,1.1778846829930507,7.885916536745874,0.4208955223880597,0.0,335.0,0.0,2.0,146.0,-1.8200721897856922,0.504299134246795,0.02974504407405874,0.0033512482209223614,0.033133479447947596,0.8056264451834518,0.11105877377160933,0.4498863305772973,0.026046259249744075,-0.16813376738210373,0.0,,,,,,
1945-10-01 00:00:00+00:00,-2.6552034416988275,0.0536106986778264,-0.636128410584601,0.0,0.0,0.4607016002400225,5.027972105125921,1.0711088952205599,8.984794171558505,0.4208955223880597,0.0,335.0,0.0,2.0,146.0,-1.8200721897856922,0.47024356241563625,0.023353450912799043,0.003481662619924268,0.03295962375808364,0.7871080362882923,0.15261699668866324,0.48071764432866004,0.026465501273169892,-0.25115063230889767,0.0,,,,,,
1945-11-01 00:00:00+00:00,-2.593288053516965,0.15711220468269113,-0.5326269045797363,0.0,0.0,0.4834309085337483,5.009306097337663,1.1763350712722442,7.791020124569146,0.41492537313432837,0.0,335.0,0.0,2.0,146.0,-1.8200721897856922,0.5341815738448259,0.015448935567484124,0.0036813747018975365,0.0321781100645494,0.758621495978473,0.15999120473375594,0.5135473441825713,0.026522843855090246,-0.31118062606542995,0.0,,,,,,
1945-12-01 00:00:00+00:00,-2.593653813324095,0.09071942868686303,-0.5990196805755644,0.0,0.0,0.5192130496738683,4.95870561068027,1.2048636042131384,8.839217741909474,0.41492537313432837,0.0,335.0,0.0,2.0,146.0,-1.8200721897856922,0.5078106167286021,0.009798557179902863,0.003798018762923078,0.03200446338115281,0.7411028397165771,0.1398391349664232,0.46677716811843073,0.025424891410187275,-0.3023696690944462,0.0,,,,,,
1946-01-01 00:00:00+00:00,-2.542172596113519,0.37058748770445654,-0.3191516215579709,0.0,0.0,0.5336924194677877,4.905111569339402,1.1799820241689871,7.6299444994535595,0.408955223880597,0.0,335.0,0.0,2.0,150.0,-1.8304033781034423,0.9683725031449475,0.028611805045847878,0.012102021054295987,0.02753041969559447,0.15030936252626484,0.17193686575792722,0.44806201899226394,0.024647789468567258,-0.336148963244578,0.0,,,,,,
1946-02-01 00:00:00+00:00,-3.0851400348169653,0.2460742302520518,-0.44366487901037566,0.0,0.0,0.5182084833597268,4.853894676669503,1.1346230901215224,8.60981015834072,0.408955223880597,0.0,335.0,0.0,2.0,150.0,-1.8304033781034423,0.945143211592712,0.05260540060074759,0.011197955453928194,0.027666796035218346,0.22196835449199648,0.20096158551503596,0.4389864987692347,0.024646215278696294,-0.30637544019570395,0.0,,,,,,
1946-03-01 00:00:00+00:00,-3.2542034540139855,-0.2994939438150275,-0.9892330530774549,0.0,0.0,0.5076704701549107,4.822743924106589,2.1476001496736794,7.667924555278482,0.40298507462686567,0.0,335.0,0.0,2.0,150.0,-1.8304033781034423,0.5805415370531531,0.41011005703521514,-0.0027494226776769693,0.031166315007004095,0.7249191344814734,0.15628993713768136,0.3763781972906788,0.02621468463773254,-0.3248638313011103,0.0,,,,,,
1946-04-01 00:00:00+00:00,-3.6146955696401304,0.5915188470138205,-0.09822026224860692,0.0,0.0,0.5291712937565506,4.7666721520203685,3.1525262382338166,8.478849599671344,0.40298507462686567,3.0,130.0,-0.017441058035633367,2.0,150.0,-1.8304033781034423,0.8878270631492365,0.09888530441833741,0.00913146458331835,0.028923033816258804,0.3918472629987881,0.14740908126033858,0.4005328561883923,0.02711577247083968,-0.4195107839773451,0.0,,,,,,
1946-05-01 00:00:00+00:00,-3.392669282852907,0.5011526487525755,-0.18858646050985195,0.0,0.0,0.5083888041402388,4.713914004215745,5.0401134024479415,7.432894192894756,0.3970149253731343,3.0,130.0,-0.017441058035633367,2.0,150.0,-1.8304033781034423,0.8750493523352268,0.1192649523595769,0.008542906727237395,0.028486899279177864,0.3997970444708673,0.10330156585536798,0.37973575413285054,0.027206007751827414,-0.43419937317641377,0.0,,,,,,
1946-06-01 00:00:00+00:00,-2.024613143596444,0.17459615413875876,-0.5151429551236687,0.0,0.0,0.4760746580604942,4.668349339740501,4.68915136190736,8.464113383034574,0.3970149253731343,3.0,130.0,-0.017441058035633367,2.0,156.0,-1.8477543635974811,0.777781672930156,0.2175263269631236,0.0047853670954939535,0.029215007255329408,0.5524442373289278,0.0538991951746981,0.336367034369788,0.027474552416197874,-0.3872534663390317,0.0,,,,,,
1946-07-01 00:00:00+00:00,-2.234036920148924,-0.6891487569184717,-1.3788878661808992,0.0,0.0,0.5044330753633457,4.637589110223281,0.7107657022324945,7.644883277726785,0.39104477611940297,3.0,130.0,-0.017441058035633367,2.0,156.0,-1.8477543635974811,0.020749829729209534,0.9378345315105685,-0.023894520632085945,0.03804615828168208,0.2724733600028372,-0.04354305347522036,0.295175348609896,0.030584469155751255,-0.24944772083995836,0.0,,,,,,
1946-08-01 00:00:00+00:00,-2.683650036584329,-0.7598557878399003,-1.4495948971023278,0.0,0.0,0.5644236617494423,4.620277328738602,0.44543854320945914,8.742860129215146,0.39104477611940297,3.0,130.0,-0.017441058035633367,2.0,156.0,-1.8477543635974811,0.057840953823207954,0.9248621961997617,-0.022772962432149463,0.036024861775497345,0.3072688751372048,-0.12218068190578446,0.24026096358762494,0.031611387838505665,-0.2431568330660907,0.0,,,,,,
1946-09-01 00:00:00+00:00,-2.68585582089219,-1.1948723444078895,-1.884611453670317,0.0,0.0,0.5315950710151545,4.616730639950804,0.7999104970662144,7.854777876843588,0.3850746268656716,3.0,130.0,-0.017441058035633367,2.0,156.0,-1.8477543635974811,2.0070722692075617e-08,0.08353494831947753,-0.013573677425707855,0.10049899511545414,0.2873195428630944,-0.2998624910086525,0.08009791145832157,0.043404124898344595,-0.12191517007994346,0.0,,,,,,
1946-10-01 00:00:00+00:00,-2.7805105030008317,-1.20886316836945,-1.8986022776318774,0.0,0.0,0.5135048630306674,4.5701584719636,0.8075621513881072,8.919422748855228,0.3850746268656716,3.0,130.0,-0.017441058035633367,2.0,156.0,-1.8477543635974811,0.007604010735704903,0.2509538328689344,-0.015505027332836688,0.08797913562686079,0.6058492542468388,-0.3007134734329213,0.08535027136598927,0.04323595839304506,-0.05418494691335951,0.0,,,,,,
1946-11-01 00:00:00+00:00,-2.632548647441428,-1.1801829763761746,-1.869922085638602,0.0,0.0,0.5152085779030683,4.595898296023679,0.872007893963789,7.828225182263606,0.37910447761194027,3.0,130.0,-0.017441058035633367,2.0,160.0,-1.7752389984437584,0.05129811545345286,0.47164915688105474,-0.017182498233048404,0.06880213261576616,0.8598945183970068,-0.38554880031091,0.04435488597969428,0.04349157878564906,-0.04242576807625564,0.0,,,,,,
1946-12-01 00:00:00+00:00,-3.1017562739149125,-1.266890341190937,-1.9566294504533643,0.0,0.0,0.5275413172932957,4.525701080381544,0.718481034811827,8.88526260430655,0.37910447761194027,0.0,335.0,0.0,2.0,160.0,-1.7752389984437584,0.3710251623578624,0.34287213721192683,-0.007299163661509994,0.05258525523526589,1.0929057594619447,-0.3621281814745938,0.03279291741380064,0.04329691413256532,-0.09131224061887,0.0,,,,,,
1947-01-01 00:00:00+00:00,-2.9977504181892867,-1.2764733070752117,-1.966212416337639,0.0,0.0,0.506966297531894,4.472955852953449,1.179171668031189,7.839800985329292,0.373134328358209,0.0,335.0,0.0,2.0,160.0,-1.7752389984437584,0.6286532363560596,0.26148908774050444,0.00038015698415940093,0.0379250229174138,0.8851854496346184,-0.3396400579209402,0.04480862878547853,0.04328190380578122,-0.12271274534477072,0.0,,,,,,
1947-02-01 00:00:00+00:00,-2.745140984564947,-1.2767614116851531,-1.9665005209475805,0.0,0.0,0.5101175947933951,4.443620115732478,1.2881043914896626,8.91308403587815,0.373134328358209,0.0,335.0,0.0,2.0,160.0,-1.7752389984437584,0.8653005529648264,0.0832992146146562,0.008748487023158882,0.03182073683052721,0.484776836332111,-0.2154955864281538,0.05523843331197398,0.043503945089434885,-0.2027719468502056,0.0,,,,,,
1947-03-01 00:00:00+00:00,-2.174448550144274,-1.1856567070815929,-1.8753958163440203,0.0,0.0,0.5837610616431012,4.463138035398381,0.8023080811944115,7.844362536564039,0.36716417910447763,0.0,335.0,0.0,2.0,160.0,-1.7752389984437584,0.21416342644295644,0.659311000162121,-0.01536634658001837,0.042515476574220494,0.8662394723299336,-0.235720445925498,0.01867165460996567,0.04454410946996046,-0.12462532337478915,0.0,,,,,,
1947-04-01 00:00:00+00:00,-2.0479990287457515,-1.1386062561954615,-1.828345365457889,0.0,0.0,0.6974267967285781,4.415453505284885,0.17924436780098174,8.926531159788132,0.36716417910447763,0.0,335.0,0.0,2.0,166.0,-1.7883596746124355,0.12024112981974165,0.8164797759811326,-0.019786165653814136,0.038785212131728655,0.5949083191585399,-0.10396793533490278,-0.03651638429852255,0.044899822289870515,-0.029841084337324908,0.0,,,,,,
1947-05-01 00:00:00+00:00,-2.0366568979723687,-1.1176754440231862,-1.8074145532856136,0.0,0.0,0.767754716346529,4.3878419692382575,0.14176492102135493,7.847463248807836,0.3611940298507463,0.0,335.0,0.0,2.0,166.0,-1.7883596746124355,0.22447209157573494,0.7517454995626301,-0.01627506554528142,0.035117977379711236,0.6387962393903964,-0.07974717501214812,-0.09478848997111555,0.044398328558491164,0.031477396861141926,1.0,,,,,,
1947-06-01 00:00:00+00:00,-2.0561548691926697,-1.2648856687235464,-1.9546247779859738,0.0,0.0,0.7231709112065752,4.372864480697917,0.18066310687131973,8.930403694343763,0.3611940298507463,0.0,335.0,0.0,2.0,166.0,-1.7883596746124355,0.6784441166628166,0.3090027691384033,0.001060657865994143,0.03059036359005599,0.6810538066137446,-0.022173645098903627,-0.0850886257327863,0.04457439891744677,0.03403874968894627,1.0,,,,,,
1947-07-01 00:00:00+00:00,-2.1110992866894764,-1.3760080486898927,-2.06574715795232,0.0,0.0,0.6361458073987479,4.433531462479489,0.1489826995436511,7.970772644209711,0.35522388059701493,0.0,335.0,0.0,2.0,166.0,-1.7883596746124355,0.9109350724221542,0.07685188210403708,0.010007492884890569,0.0286567688274048,0.3359692263132208,0.009378894779267455,-0.01863337207589577,0.04544157850981294,-0.05409021426890881,0.0,,,,,,
1947-08-01 00:00:00+00:00,-2.0584094895375773,-1.1994151908666248,-1.8891543001290523,0.0,0.0,0.6919404338289584,4.407254837572064,0.14132798815081268,9.03518313555007,0.35522388059701493,1.0,215.0,-0.015117734919567185,2.0,166.0,-1.7883596746124355,0.6499494367059601,0.3359177498802363,-1.6344418200565027e-05,0.030936819774871702,0.706681903645535,-0.029188551727297174,-0.03540275386926517,0.045702764634224624,-0.05456653769270403,0.0,,,,,,
1947-09-01 00:00:00+00:00,-2.0149297129824513,-1.0188327282374874,-1.7085718374999148,0.0,0.0,0.7461003686621147,4.284529428637689,0.09641687099528995,7.944695327499222,0.3492537313432836,1.0,215.0,-0.015117734919567185,2.0,170.0,-1.8015389783981708,0.20146236456718028,0.7820792829485387,-0.017254036049214824,0.03478565424342167,0.5826010722909114,-0.11540222089289198,-0.10786175013955113,0.0461613742229657,-0.017767284198515476,0.0,,,,,,
1947-10-01 00:00:00+00:00,-2.0519667554098695,-1.2078522027799734,-1.8975913120424008,0.0,0.0,0.6482765818969377,4.272102031291819,0.09767504173719017,9.051538288235015,0.3492537313432836,1.0,215.0,-0.015117734919567185,2.0,170.0,-1.8015389783981708,0.6439279418390645,0.34791737793433475,-0.0003241459906060462,0.030560773825128694,0.6899817274523427,-0.030034589045170534,-0.07533335827760101,0.04640766366848009,-0.01233012979088155,0.0,,,,,,
1947-11-01 00:00:00+00:00,-2.004957607764173,-1.0732106519235767,-1.762949761186004,0.0,0.0,0.5707876038180049,4.257635830846641,0.09296518892426417,7.958071289106081,0.34328358208955223,1.0,215.0,-0.015117734919567185,2.0,170.0,-1.8015389783981708,0.6015552124167238,0.3936953622837028,-0.0019988149330151684,0.03066639838554499,0.6981348419147653,-0.00846378440982054,-0.10738455801446278,0.04635569244976419,-0.045184299134918504,0.0,,,,,,
1947-12-01 00:00:00+00:00,-1.9745945857105585,-0.9287152113329532,-1.6184543205953807,0.0,0.0,0.5071896714190043,4.22005311721197,0.11564230911187466,8.972076918950828,0.34328358208955223,1.0,215.0,-0.015117734919567185,2.0,170.0,-1.8015389783981708,0.4090050271736026,0.5866982859470948,-0.009417961173491963,0.032215540832078324,0.7019321226168507,-0.01924104891705003,-0.1654135814948443,0.04620127244805968,-0.018892702187837784,0.0,,,,,,
1948-01-01 00:00:00+00:00,-1.92812224985338,-0.8470279189024068,-1.5367670281648342,0.0,0.0,0.6281957761777459,4.290479230305499,0.1941688334787627,7.81786229392861,0.3373134328358209,1.0,215.0,-0.015117734919567185,2.0,170.0,-1.8015389783981708,0.3129647603516695,0.684106483238169,-0.01313299968960346,0.03290693184531041,0.640359409997971,-0.07509933692667925,-0.22435392730454495,0.0458655274090477,0.022505337169503647,1.0,,,,,,
1948-02-01 00:00:00+00:00,-1.886853211533727,-0.637730578204603,-1.3274696874670304,0.0,0.0,0.5629829274095765,4.191948267509381,0.1391659651832552,8.954698395066947,0.3373134328358209,1.0,215.0,-0.015117734919567185,2.0,176.0,-1.8200087333790052,0.1220255637833204,0.8754308714423246,-0.02048926274736416,0.03444765134766289,0.3883460514248708,-0.16881981243840105,-0.2656505365896962,0.046244180698130785,0.033723690330834444,1.0,,,,,,
1948-03-01 00:00:00+00:00,-1.931629854384272,-0.7741978767229409,-1.4639369859853684,0.0,0.0,0.5646231673207398,4.205845570545658,0.16478687296011718,7.842572652285769,0.33134328358208953,1.0,215.0,-0.015117734919567185,2.0,176.0,-1.8200087333790052,0.5405358373862872,0.4580659466994532,-0.004390713369807265,0.03092900992206947,0.6993558200459904,-0.11718893623419646,-0.2721271459739798,0.046123487237014524,0.02481254886784967,1.0,,,,,,
1948-04-01 00:00:00+00:00,-2.0311409661822926,-1.045433410846491,-1.7351725201089185,0.0,0.0,0.6427380730233956,4.251862111166351,0.07539364573649872,8.826899545807006,0.33134328358208953,3.0,155.0,-0.020577107510872814,2.0,176.0,-1.8200087333790052,0.8828946395015763,0.11210045909120339,0.008836307654331185,0.028374011782919022,0.38179279987872106,-0.011893849592284234,-0.2464955754221272,0.046961346553815,-0.037864605619246205,0.0,,,,,,
1948-05-01 00:00:00+00:00,-2.093847493015536,-1.1625220557628768,-1.8522611650253042,0.0,0.0,0.6496684100460631,4.219610997070724,0.07554713078107501,7.6469054206473555,0.3253731343283582,3.0,155.0,-0.020577107510872814,2.0,176.0,-1.8200087333790052,0.9561669915542578,0.03920560100117876,0.011652576445028612,0.027745375812401937,0.1947182339866658,0.005915168762353318,-0.21008368235617247,0.047678501869892344,-0.0844393839461226,0.0,,,,,,
1948-06-01 00:00:00+00:00,-2.128303835820429,-1.2309808057076728,-1.9207199149701002,0.0,0.0,0.6416470305438682,4.165992747252751,0.045972862634351165,8.699774145653793,0.3253731343283582,3.0,155.0,-0.020577107510872814,2.0,176.0,-1.8200087333790052,0.9662885133818032,0.030502605789344415,0.01202424012474549,0.027561285383657985,0.15801397782690785,0.054290872666298284,-0.15704175257204156,0.04803774657261913,-0.177288607970584,0.0,,,,,,
1948-07-01 00:00:00+00:00,-2.1007474858246833,-1.0935823226125923,-1.7833214318750197,0.0,0.0,0.637530197410358,4.117213692322012,0.03657834578406626,7.538646349604007,0.3194029850746269,3.0,155.0,-0.020577107510872814,2.0,180.0,-1.829974924408399,0.6845665608966975,0.3066333655565123,0.0012486867248794953,0.030272955459026234,0.6635525500775501,0.046600921129228645,-0.19681083909520947,0.0483163422274562,-0.0774854249971213,0.0,,,,,,
1948-08-01 00:00:00+00:00,-2.04562534894198,-1.0503785297835244,-1.7401176390459518,0.0,0.0,0.6945998415046951,4.113858949635575,0.029947749356410612,8.749257287401125,0.3194029850746269,3.0,155.0,-0.020577107510872814,2.0,180.0,-1.829974924408399,0.40578387055708637,0.5860689167415668,-0.009493048483502227,0.032516060007847646,0.7183263604503658,0.03895765592476952,-0.29645504515138477,0.046894069431399454,-0.012631534158615843,0.0,,,,,,
1948-09-01 00:00:00+00:00,-2.016632616943798,-1.0282343316490072,-1.7179734409114347,0.0,0.0,0.6688513820188704,4.0466795955964665,0.03172344017660275,7.652878481501046,0.31343283582089554,3.0,155.0,-0.020577107510872814,2.0,180.0,-1.829974924408399,0.4820846446651436,0.5141490382891352,-0.006611055552233297,0.031577606665343205,0.7148019812434425,0.06960244175879815,-0.34866509151956127,0.046102806412867015,0.007538041916379079,1.0,,,,,,
1948-10-01 00:00:00+00:00,-2.0570695130803136,-1.1586744344163036,-1.848413543678731,0.0,0.0,0.6604883762732434,4.03433974894629,0.039510046957478305,8.591738351959641,0.31343283582089554,3.0,155.0,-0.020577107510872814,2.0,180.0,-1.829974924408399,0.8213921266138741,0.1758735043741768,0.006439540637330057,0.028717509361953157,0.48341701810883086,0.08226060453873707,-0.3498577461689987,0.04607116282989045,0.010431810936115227,1.0,,,,,,
1948-11-01 00:00:00+00:00,-1.9826223463145625,-0.9540087713510751,-1.6437478806135024,0.0,0.0,0.5902648174997398,4.012743791742525,0.07734450188262994,7.273743967822953,0.3074626865671642,3.0,155.0,-0.020577107510872814,2.0,180.0,-1.829974924408399,0.30730466208894963,0.6831445576049859,-0.013266769975141373,0.03342474529508354,0.6673269282544515,-0.023806999207414137,-0.4101417095959645,0.04637549269934625,0.06886878148017406,1.0,,,,,,
1948-12-01 00:00:00+00:00,-2.035037629689653,-1.0111508979021968,-1.7008900071646242,0.0,0.0,0.7043921644907417,4.004939218505511,0.05732334908317253,8.5653548822063,0.3074626865671642,0.0,335.0,0.0,2.0,186.0,-1.8457596078733816,0.5063500007271584,0.48979476594868665,-0.005675682856410019,0.03138465006120519,0.715613789146736,-0.06961114796602974,-0.45163169608012943,0.04556257096833252,0.10611172345390596,1.0,,0.0,0.43285689629742735,-0.026817213872170606,-0.19249675987651865,0.13886233213217633
1949-01-01 00:00:00+00:00,-2.13128829273738,-1.0847470975577835,-1.774486206820211,0.0,0.0,0.7289140599482843,3.9757455948943536,0.03302979117625964,7.536821968301389,0.30149253731343284,0.0,335.0,0.0,2.0,186.0,-1.8457596078733816,0.768894804082489,0.22891969015779512,0.0044113615091321175,0.029109590907466346,0.5529701551834412,-0.08663274944612187,-0.4446360875331994,0.04567344145149669,0.1154210086667673,1.0,,0.0,0.4550658688836073,-0.021723994854836476,-0.17325801612021566,0.12981002641054248
1949-02-01 00:00:00+00:00,-1.950835496578146,-0.9649033799978483,-1.6546424892602758,0.0,0.0,0.7406595346588418,3.9901148294614757,0.01871834420611355,8.49693710180184,0.30149253731343284,0.0,335.0,0.0,2.0,186.0,-1.8457596078733816,0.5199401989477849,0.4758535777354907,-0.005147985115935845,0.031298019189442625,0.7164658217742368,-0.0810059078386578,-0.4341066840715486,0.04551382887601101,0.16557510314827173,1.0,,0.0,0.4512944674801162,-0.006368217325383396,-0.16126971698509646,0.1485332823343296
1949-03-01 00:00:00+00:00,-1.9008361380948982,-1.0441943904716402,-1.7339334997340676,0.0,0.0,0.7779611062478304,4.027202603772667,0.04156422016158559,7.4356372103400314,0.2955223880597015,0.0,335.0,0.0,2.0,186.0,-1.8457596078733816,0.742447385078357,0.25530102679613176,0.00339394665285016,0.02933150041599921,0.5833947496322428,-0.03780984967364276,-0.4816739760853661,0.04406776643585237,0.16001815159631594,1.0,,0.0,0.5316413885207928,-0.0022915666434686413,-0.18991469930412755,0.18533156601719067
1949-04-01 00:00:00+00:00,-1.861003225972762,-1.0231522563928839,-1.7128913656553113,0.0,0.0,0.8415676544301951,4.082103638602216,0.08331868867545783,8.658018212721514,0.2955223880597015,0.0,335.0,0.0,2.0,186.0,-1.8457596078733816,0.7698731529655174,0.2279701538602824,0.004448662875416452,0.029099505211238552,0.5516479970028064,-0.03199117101301496,-0.4839578283879442,0.04405344465660082,0.19338464516059517,1.0,,0.0,0.5587853964971764,0.029056017236980324,-0.11512826273982515,0.17324029721378661
1949-05-01 00:00:00+00:00,-1.8371713813545398,-1.028158956756697,-1.7178980660191245,0.0,0.0,0.8106481163352974,4.130058826796387,0.17368629840717517,7.378131608109348,0.28955223880597014,0.0,335.0,0.0,2.0,190.0,-1.8707853510864156,0.8029604969334324,0.1949501579298285,0.005721706032357457,0.028822973574507377,0.5078483598975814,-0.06619408539288774,-0.4699510267365845,0.044085418251578135,0.22546582250828795,1.0,,0.0,0.5449877507928688,0.03828019545000393,-0.15372553330267824,0.230285924202686
1949-06-01 00:00:00+00:00,-1.717383617916537,-0.794197963363708,-1.4839370726261354,0.0,0.0,0.7693128344886917,4.138581874718639,0.3134330684810955,8.325304095619384,0.28955223880597014,0.0,335.0,0.0,2.0,190.0,-1.8707853510864156,0.15472855672870386,0.8328582067906888,-0.019104742354017518,0.03488155256513162,0.4955409111970387,-0.0778134361693672,-0.44441209229011136,0.043046450960517596,0.2979123407025961,1.0,,0.0,0.4883649515109742,-0.005612297842447746,-0.15621612087185274,0.14499152518695715
1949-07-01 00:00:00+00:00,-1.8562736694492175,-1.0910694879978615,-1.780808597260289,0.0,0.0,0.7025021611073233,4.162305014985698,0.3657248368170687,7.185792623621195,0.2835820895522388,0.0,335.0,0.0,2.0,190.0,-1.8707853510864156,0.7034648646049549,0.2658854645243896,0.0022539469610312894,0.031672913065908595,0.7064687779757464,-0.01199180168005487,-0.34144281585439984,0.044644140893588896,0.1466821493030448,1.0,,0.0,0.5165251055401343,-0.03543324997850375,-0.19872282494481186,0.12785632498780425
1949-08-01 00:00:00+00:00,-1.8939508043367423,-1.1605619697355747,-1.8503010789980021,0.0,0.0,0.716731938108829,4.211687817099067,0.356692280337029,8.34124038488227,0.2835820895522388,3.0,170.0,-0.02069992446012133,2.0,190.0,-1.8707853510864156,0.8968284534340284,0.09080192696700633,0.009466362275425773,0.02878376726418417,0.3698305729256043,0.0038207845966500287,-0.14095281192789688,0.03547910150516964,0.16598573566932728,1.0,,0.0,0.5586017445178447,-0.04689667256763369,-0.12565282903388686,0.031859483898619444
1949-09-01 00:00:00+00:00,-1.9801881508638128,-1.1726644896034342,-1.8624035988658616,0.0,0.0,0.6608088921420072,4.262169800794731,0.39820930816055816,7.265672792508993,0.27761194029850744,3.0,170.0,-0.02069992446012133,2.0,190.0,-1.8707853510864156,0.9187173007204958,0.0766102101437026,0.010211295204691868,0.02805614948566528,0.2997723429809501,0.043416793344342786,-0.08997641729428452,0.0349090646861633,0.18771665063884502,1.0,,0.0,0.5372954646386088,-0.047970397215948,-0.17314335488316315,0.07720256045126711
1949-10-01 00:00:00+00:00,-1.9942700254841454,-1.2588035983303985,-1.9485427075928259,0.0,0.0,0.7261481618949026,4.3039531597919485,0.47041522141029296,8.520329127843889,0.27761194029850744,3.0,170.0,-0.02069992446012133,2.0,196.0,-1.8723890392846703,0.9589911330410941,0.03766232044902136,0.01174503238181286,0.02763101542118305,0.18272933346110737,0.06787986660700263,-0.028245309167453492,0.035153512957430536,0.18625210868654563,1.0,,0.0,0.5037644466304612,-0.04018222823795712,-0.11066129682525089,0.030296840349336565
1949-11-01 00:00:00+00:00,-2.105813722251952,-1.2711543300465227,-1.96089343930895,0.0,0.0,0.7840434379345186,4.353022677565851,0.4546411311251317,7.535181488563088,0.2716417910447761,3.0,170.0,-0.02069992446012133,2.0,196.0,-1.8723890392846703,0.9436502093149836,0.05403640511336517,0.011141261070532173,0.027683470435910084,0.22645497462833641,0.08292638789200613,-0.03890325902134428,0.03501240779347677,0.17066336746666266,1.0,,0.0,0.49793420083175655,-0.03704005444274942,-0.13447216267123527,0.060392053785736435
1949-12-01 00:00:00+00:00,-2.2356974505903544,-1.3284398560447952,-2.0181789653072224,0.0,0.0,0.7980607117336878,4.401179444166463,0.5318081176925693,8.64298250704542,0.2716417910447761,3.0,170.0,-0.02069992446012133,2.0,196.0,-1.8723890392846703,0.9652031852772408,0.03215943529167047,0.011975191421502045,0.02752952178834213,0.16037850487033242,0.12093995943399882,-0.009371009381645479,0.03552304652482172,0.11973353903366846,1.0,,0.0,0.4355333293457905,-0.036000395106994945,-0.12221330049274368,0.05021251027875375
1950-01-01 00:00:00+00:00,-2.2988862223569253,-1.356340294748113,-2.0460794040105403,0.0,0.0,0.8128101911460424,4.456431361136586,0.6477049985433223,7.568074891535255,0.2656716417910448,3.0,170.0,-0.02069992446012133,2.0,196.0,-1.8723890392846703,0.9634951494780571,0.03424496040406823,0.01190463320812103,0.027516681319352348,0.16514842103852395,0.20607686719122942,-0.022839638670728135,0.03516687577700788,0.15060366519729484,1.0,,0.0,0.442328730410282,-0.034504187508586845,-0.11425302805741089,0.04524465304023718
1950-02-01 00:00:00+00:00,-2.309933038022699,-1.3740669406560413,-2.063806049918469,0.0,0.0,0.834209310799557,4.493914643806502,0.7063005056629086,8.770100443096005,0.2656716417910448,3.0,170.0,-0.02069992446012133,2.0,196.0,-1.8723890392846703,0.9583116854213729,0.03963874599529108,0.011702391492812653,0.02754428198962089,0.18144593015462915,0.16205462030673523,0.056332250377833404,0.03376855633880645,0.15604141863786758,1.0,,0.0,0.47348714340559,-0.025253892578368145,-0.12251502023528904,0.07200723507855271
1950-03-01 00:00:00+00:00,-2.175307332872972,-1.3862261225708363,-2.0759652318332638,0.0,0.0,0.8585146954170142,4.539560263988362,0.7046032431838943,7.814440203956904,0.25970149253731345,3.0,170.0,-0.02069992446012133,2.0,200.0,-1.8934761597618708,0.5940064182554153,0.007007056425440772,0.004128594713058514,0.03163410931491956,0.7107579586317121,0.13483983608128902,0.09785495948829492,0.03307091824521928,0.1313462556844609,1.0,,0.0,0.5385293089903189,-0.017558264474985742,-0.1268469348515824,0.09173040590161087
1950-04-01 00:00:00+00:00,-2.3520090257861526,-1.3875213178652173,-2.0772604271276447,0.0,0.0,0.8603079710286621,4.5852170330555815,0.5321626853638274,8.953867525525181,0.25970149253731345,0.0,335.0,0.0,2.0,200.0,-1.8934761597618708,0.4352707052849662,0.009387336882858708,0.003958903140145041,0.032486976167692645,0.7325125086303339,0.15385543223120113,0.14362618994906473,0.03313146105956765,0.11683669592668089,1.0,,0.0,0.4363530809702511,0.06801770246259171,-0.05538144598314032,0.19141685090832367
1950-05-01 00:00:00+00:00,-2.5006811113393947,-1.1553227147174303,-1.8450618239798577,0.0,0.0,0.8896359718792629,4.628197319831458,0.629405835504804,7.791697189621173,0.2537313432835821,0.0,335.0,0.0,2.0,200.0,-1.8934761597618708,0.5876448557041761,0.008535201658039858,0.004086298216859387,0.03174701025449122,0.7192473635939733,0.148839926179285,0.14276826211073512,0.033112251357569025,0.08453128996629644,1.0,,0.0,0.6057404553971841,0.12141293042178555,-0.02403881156145818,0.2668646724050292
1950-06-01 00:00:00+00:00,-2.525313574450576,-0.8042370604910211,-1.4939761697534486,0.0,0.0,0.9084007126580697,4.684642433741286,0.8081252022787822,8.857549182985903,0.2537313432835821,0.0,335.0,0.0,2.0,200.0,-1.8934761597618708,0.45602448570631304,0.008393172183158737,0.003998009317336862,0.03233794439069653,0.7326145708093211,0.15123012305305483,0.1029479692524431,0.03209588528972424,0.055162748269355966,1.0,,0.0,0.6482920227080411,0.09825068415179829,-0.04196766572876655,0.23846903403236303
1950-07-01 00:00:00+00:00,-2.597410951694265,-1.4772346281031397,-2.1669737373655673,0.0,0.0,0.8617638405707626,4.657877157395997,0.9726943796263109,7.908057865244364,0.24776119402985075,0.0,335.0,0.0,2.0,200.0,-1.8934761597618708,0.20740946201580027,0.2687407847822632,-0.0026254126484511328,0.04777341657576122,1.0180903915148483,0.028578624169083966,0.04839616651473566,0.03509179900669319,0.1604785288715016,1.0,,0.0,0.32217422147901004,-0.0212092299662441,-0.14996705746447261,0.1075485975319844
1950-08-01 00:00:00+00:00,-2.8240733991697238,-1.065660397430984,-1.7553995066934114,0.0,0.0,0.8104575572382402,4.680375972877425,1.009960279765901,8.984907961997147,0.24776119402985075,0.0,335.0,0.0,2.0,206.0,-1.8902628440723952,0.5463361820942354,0.2065471293492011,-0.000848181995955491,0.0428144816662991,1.0014863036969528,0.05438551159921001,0.14694809382137386,0.03495316183500459,0.15294399117885504,1.0,,0.0,0.4992721991244069,0.005481733326563532,-0.1908814911870352,0.20184495784016215
1950-09-01 00:00:00+00:00,-2.943908089066113,-0.8554498070240355,-1.545188916286463,0.0,0.0,0.7660616494064858,4.716846102035526,1.2744378237188332,7.8553846413290245,0.2417910447761194,0.0,335.0,0.0,2.0,206.0,-1.8902628440723952,0.3122333044436739,0.09917642088411362,0.0016485934956634875,0.03798003802166633,0.9045908696909442,0.06555834083491607,0.15192518025792,0.03505261652825488,0.14017233884933056,1.0,,0.0,0.4755719289189347,0.027892273739177124,-0.11100816684026436,0.16679271431861756
1950-10-01 00:00:00+00:00,-2.8849314201967706,-0.512706658574288,-1.2024457678367155,0.0,0.0,0.8007355283526264,4.738737127858676,1.5236256823531875,8.88869416309329,0.2417910447761194,0.0,335.0,0.0,2.0,206.0,-1.8902628440723952,0.6423397115959154,0.04617694530044895,0.003191889673642798,0.03356639113960725,0.7896478379041557,0.09411382369723231,0.20043256759534778,0.03518023657866094,0.09877113379088431,1.0,,0.0,0.5755856511787308,0.06097251889496271,-0.04517669553875263,0.167121733328678
1950-11-01 00:00:00+00:00,-3.1081474971509264,-0.45214414355095767,-1.141883252813385,0.0,0.0,0.8218712271216357,4.786849949912413,1.532885559749733,7.7807472758967995,0.23582089552238805,0.0,335.0,0.0,2.0,206.0,-1.8902628440723952,0.3651933104616894,0.023404969744720183,0.003562741599428727,0.033575940746600884,0.756561044605266,0.06020511019807362,0.22307234906418838,0.03473345986049057,0.06904983369254314,1.0,,0.0,0.6266411714142501,0.09666092406782002,-0.0283940896594696,0.22171593779510976
1950-12-01 00:00:00+00:00,-3.329158593942466,-0.6470038401876302,-1.3367429494500578,0.0,0.0,0.8140641869791766,4.844815907065096,1.8203237866799356,8.911270257222984,0.23582089552238805,1.0,255.0,-0.018602886103574277,2.0,206.0,-1.8902628440723952,0.6449129793698034,0.013882158948495317,0.003993775046368777,0.03178028198396764,0.7091487508193901,0.01520767595937933,0.2330752749967937,0.03449856573870578,0.1117369342890342,1.0,,0.0,0.7457967280115976,-0.02287064108543602,-0.1257834940216479,0.08004221185077581
1951-01-01 00:00:00+00:00,-3.2829654635268173,-0.1452349848277195,-0.8349740940901469,0.0,0.0,0.7684843012216118,4.88816643829928,2.055767284585943,7.766973127256175,0.2298507462686567,1.0,255.0,-0.018602886103574277,2.0,210.0,-1.9039114475607657,0.31138598282776664,0.027350400732053137,0.0034274635195455333,0.03403748654443254,0.7352360584233611,0.05876819168592817,0.3305359733767723,0.034388111464957044,0.08905651399060233,1.0,,0.0,0.6683783252424119,-0.021996584171351315,-0.10061954878437578,0.05662638044167316
1951-02-01 00:00:00+00:00,-3.0057137840589805,0.008734964821814418,-0.681004144440613,0.0,0.0,0.7441084694051368,4.948836319082157,2.076525676804155,8.798398184292035,0.2298507462686567,1.0,255.0,-0.018602886103574277,2.0,210.0,-1.9039114475607657,0.7011604658772196,0.012955435568892051,0.004055967902988479,0.03147349571165528,0.6632075215183201,0.17141388964155801,0.33699899239049014,0.03445458203991875,0.05349464753576605,1.0,,0.0,0.7213386878121907,-0.005594335128846479,-0.09591398415821545,0.08472531390052242
1951-03-01 00:00:00+00:00,-2.9439893679877582,-0.2647070417284726,-0.9544461509909,0.0,0.0,0.8182914089807233,4.981522367813316,1.7475217897508655,7.741189224721594,0.22388059701492538,1.0,255.0,-0.018602886103574277,2.0,210.0,-1.9039114475607657,0.3121167761361156,0.015565295854928681,0.0037199445414795957,0.033386641862018014,0.6951420201094713,0.10020035609642264,0.25904229951008073,0.03380688708485056,0.07680950466425696,1.0,,0.0,0.771977368907925,-0.010268517096763252,-0.11346990071214905,0.09293286651862251
1951-04-01 00:00:00+00:00,-2.857937782468615,-0.16892969464432198,-0.8586688039067494,0.0,0.0,0.9162110161985599,5.001496732675517,1.5075239038508517,8.764773850616034,0.22388059701492538,1.0,255.0,-0.018602886103574277,2.0,210.0,-1.9039114475607657,0.7162675142623904,0.00774375822047195,0.004195622577319587,0.031118423935622083,0.6319675521699877,0.082975477519037,0.2289854890146037,0.03324335482168263,0.05676103652496334,1.0,,0.0,0.7868073031859988,-0.00029527766789957076,-0.10860131869161566,0.10801076335581648
1951-05-01 00:00:00+00:00,-3.2189735618624438,-0.24328334494053558,-0.933022454202963,0.0,0.0,0.9789284861797446,5.035582296123698,1.4167627510014953,7.637134102493045,0.21791044776119403,1.0,255.0,-0.018602886103574277,2.0,210.0,-1.9039114475607657,0.3226590995829637,0.010028499349278802,0.0038644699340565107,0.033034471572770716,0.6810589767017828,0.0471191074590358,0.1932608023880853,0.032976706974582326,0.0597891240109627,1.0,,0.0,0.7993807964935952,0.007604634335819115,-0.12910367200408945,0.14431294067572759
1951-06-01 00:00:00+00:00,-3.3012229735251277,-0.4297674794050439,-1.1195065886674713,0.0,0.0,0.9531586418237039,5.0773438540034945,1.9057658561686286,8.683176856351158,0.21791044776119403,1.0,255.0,-0.018602886103574277,2.0,216.0,-1.92276040709815,0.6920222994201031,0.008134392532489862,0.004169033285567257,0.03125017781217407,0.6550588055350316,0.035729503855748135,0.21220093179070787,0.03241898243832342,0.10050401655953056,1.0,,0.0,0.8144693974356773,0.01048473076890587,-0.09112619458986737,0.11209565612767909
1951-07-01 00:00:00+00:00,-2.5811919376109045,-0.1389117582804738,-0.8286508675429012,0.0,0.0,0.9420726909963488,5.127050288415025,2.0459942472508326,7.557218719905237,0.21194029850746268,1.0,255.0,-0.018602886103574277,2.0,216.0,-1.92276040709815,0.3470137240309593,0.009722042458017513,0.00388905007893882,0.032906845035409985,0.6961298903075409,0.06932361400691711,0.2634412330789413,0.03171682641421577,0.10379679368164396,1.0,,0.0,0.8337831596175324,0.00044406400347981353,-0.11543363722318697,0.11632176523014655
1951-08-01 00:00:00+00:00,-2.088417193001238,0.24524201552768132,-0.4444970937347461,0.0,0.0,0.9190936896011057,5.162617807945376,1.0566678876539162,8.497472232472557,0.21194029850746268,3.0,195.0,-0.018861812745804205,2.0,216.0,-1.92276040709815,0.6439817704037503,0.010917902658046121,0.004066563780179064,0.031621650053709635,0.6998858049676048,0.05672583758077021,0.3176593691987444,0.03208903349354991,0.06493116258014453,1.0,,0.0,0.7196178154334705,0.029856710590608064,-0.12066033372428149,0.18037375490549762
1951-09-01 00:00:00+00:00,-1.9411563780680872,0.35494343383189586,-0.33479567543053157,0.0,0.0,0.8569468047761276,5.2125425248003365,0.5994175536747424,7.334154734358805,0.20597014925373133,3.0,195.0,-0.018861812745804205,2.0,216.0,-1.92276040709815,0.393770328624251,0.010143490752005949,0.003911222454937457,0.032717306438931906,0.7219541165854786,0.04968926104637905,0.3044276488981321,0.0319005411960837,0.031136900819757507,1.0,,0.0,0.7369195576560649,0.020083312508218314,-0.13686716231692692,0.17703378733336345
1951-10-01 00:00:00+00:00,-1.9735228942681513,0.21889454719254198,-0.47084456206988545,0.0,0.0,0.9049131990849988,5.262153364168389,0.4252581977067354,8.426667794711193,0.20597014925373133,3.0,195.0,-0.018861812745804205,2.0,216.0,-1.92276040709815,0.6358067452218202,0.007731066799645305,0.0041398141394194616,0.03148374066100805,0.693224625560238,0.061538701803655727,0.3443880005211506,0.03045981900781321,0.01890854571133449,1.0,,0.0,0.733839080045822,0.04205754715178308,-0.0926768499349016,0.17679194423846772
1951-11-01 00:00:00+00:00,-2.079941924564888,-0.1711580733000739,-0.8608971825625014,0.0,0.0,0.9779716396151635,5.298933405002979,0.4214319532228608,7.468471380861814,0.2,3.0,195.0,-0.018861812745804205,2.0,220.0,-1.938942282644522,0.34430662226355,0.019212075928668016,0.0036520500257284615,0.03344057958620982,0.7306002099353439,0.012418247963935869,0.3110148849445693,0.031364231030695994,0.08596655399206377,1.0,,0.0,0.7315696097748546,0.032095579661087684,-0.12868312592841963,0.19287428525059497
1951-12-01 00:00:00+00:00,-1.976153504424442,-0.03079783772288835,-0.7205369469853158,0.0,0.0,1.006551231404711,5.346776580322666,0.43791097535835305,8.491324921124884,0.2,3.0,195.0,-0.018861812745804205,2.0,220.0,-1.938942282644522,0.6723713249946632,0.010730407072084974,0.004091011143908533,0.031482204924334636,0.6797244128994903,0.042413320282117084,0.32230687211632425,0.03148971290936704,0.09895763289874271,1.0,,0.0,0.7422753037372619,0.047662065322259854,-0.08180127221227028,0.1771254028567899
1952-01-01 00:00:00+00:00,-1.861193323837887,0.15728063178733956,-0.5324584774750879,0.0,0.0,0.9976297198560743,5.389064970242664,0.3757702033183467,7.342130658088469,0.19402985074626866,3.0,195.0,-0.018861812745804205,2.0,220.0,-1.938942282644522,0.34561502463046023,0.012932532444322176,0.0038085358495328083,0.03308960471517098,0.7082403238531797,0.09266195740717453,0.3858687970365402,0.030943336058996403,0.07528565557478117,1.0,,0.0,0.7661178397094657,0.03765218654444315,-0.08611187614474194,0.16141624923362818
1952-02-01 00:00:00+00:00,-1.8818616341281973,0.05113059923795322,-0.6386085100244742,0.0,0.0,1.0056708562649483,5.4253553295544865,0.30496120584269365,8.376421418713615,0.19402985074626866,3.0,195.0,-0.018861812745804205,2.0,220.0,-1.938942282644522,0.6777777169452575,0.008411432516504568,0.004152233872634914,0.03133019773805676,0.6674990321720934,0.06443000830582246,0.3656810910584065,0.03116132096214373,0.07751018261412668,1.0,,0.0,0.7599291799665717,0.04590190730000751,-0.06338141035847511,0.1551852249584901
1952-03-01 00:00:00+00:00,-1.85886212512616,0.010700446507136857,-0.6790386627552906,0.0,0.0,0.9785118958565602,5.470933231249105,0.26064811191224946,7.292404426813793,0.1880597014925373,3.0,195.0,-0.018861812745804205,2.0,220.0,-1.938942282644522,0.36482838478468604,0.009407944513674753,0.003909257783188459,0.03280854880094212,0.7051131711747193,0.02406586958182455,0.3737164097935839,0.03106951078730725,0.07628860504067791,1.0,,0.0,0.7360450147127763,0.045486703936213464,-0.07283549923153942,0.16380890710396626
1952-04-01 00:00:00+00:00,-1.8615766481936884,-0.08204684540244488,-0.7717859546648723,0.0,0.0,0.9392015950388228,5.523341560947635,0.29975898564591763,8.318159792644785,0.1880597014925373,0.0,335.0,0.0,2.0,226.0,-1.9558532823427286,0.6659498929255554,0.0069099023226238294,0.0041811835609545656,0.03130150220235591,0.6706466998673652,-0.0004358248053302205,0.37018590948568963,0.031121590807050663,0.03252261047900351,1.0,,0.0,0.669020873419765,0.18288756127386444,0.03968900662953237,0.32608611591819614
1952-05-01 00:00:00+00:00,-1.9073287251750484,-0.13045447717341382,-0.8201935864358413,0.0,0.0,0.9204349015008094,5.578926035978921,0.32253045630470184,7.27337096931795,0.18208955223880596,0.0,335.0,0.0,2.0,226.0,-1.9558532823427286,0.377055486681045,0.008924548001502552,0.003929762367206643,0.032726368299493214,0.7093550618147684,0.008137097679114191,0.430338534369632,0.028640046301922763,0.0343980910487387,1.0,,0.0,0.6825904468186889,0.16577727425723632,-0.023736899466228506,0.35529144798070084
1952-06-01 00:00:00+00:00,-1.817784285549551,-0.016019879553051272,-0.7057589888154787,0.0,0.0,0.9369919998136672,5.619960714578248,0.5890252874049967,8.259331916296592,0.18208955223880596,0.0,335.0,0.0,2.0,226.0,-1.9558532823427286,0.6515883195127012,0.006961938131077322,0.00416987693354322,0.031369691696866694,0.6805913270073594,0.06718368672273556,0.39019037334735973,0.027306425723610445,-0.02907212903724865,0.0,,0.0,0.6990393397861743,0.17659648750443765,0.013770836582372742,0.33942213842650204
1952-07-01 00:00:00+00:00,-1.6770388279755923,0.09100617007930585,-0.5987329391831215,0.0,0.0,0.9783347209609041,5.66989801594547,0.5427016947742015,7.187198039123992,0.1761194029850746,0.0,335.0,0.0,2.0,226.0,-1.9558532823427286,0.3864835023121301,0.00914188466609583,0.003930954151789808,0.032695421827114324,0.7146764103157556,0.06138347339952688,0.3798695609192011,0.027139985607345027,-0.035719979507184085,0.0,,0.0,0.7111375106927439,0.17268358045556992,-0.010561697305296325,0.35592885821643605
1952-08-01 00:00:00+00:00,-1.963214814795752,0.08416387747563162,-0.6055752317867958,0.0,0.0,0.9444828129290771,5.722883355033583,0.5096635154289274,8.17291904079349,0.1761194029850746,0.0,335.0,0.0,2.0,226.0,-1.9558532823427286,0.6516594940191357,0.0064444435589242075,0.0041827473010125965,0.03134093472513313,0.6785108362449439,0.032600486170312415,0.37505248986250983,0.027162865554485688,-0.039350960637540844,0.0,,0.0,0.6689387703033789,0.17493342784407667,0.04167350434822317,0.3081933513399301
1952-09-01 00:00:00+00:00,-1.9575096659210542,-0.08038908591686622,-0.7701281951792937,0.0,0.0,0.8516206056444423,5.787732879027197,0.7888479392858551,7.184060432005392,0.1701492537313433,0.0,335.0,0.0,2.0,230.0,-1.976681309106986,0.3754278929074522,0.01065071190959547,0.0038858620672653785,0.03282861446256701,0.7157045402760553,0.02733151433037051,0.3251327387817744,0.027220606595561126,-0.07031113720270188,0.0,,0.0,0.6560772123504878,0.15740358457555692,0.01847495569124402,0.2963322134598695
1952-10-01 00:00:00+00:00,-1.9231534739075848,-0.279966100873308,-0.9697052101357354,0.0,0.0,0.9339569636519724,5.836577392149583,0.7461731156975578,8.265224144385472,0.1701492537313433,0.0,335.0,0.0,2.0,230.0,-1.976681309106986,0.6340935141151145,0.009966766209987196,0.004083230566709194,0.03161437228404293,0.7024822921852913,0.003637742850733261,0.294427764752311,0.027703988542934578,-0.0232044161719962,0.0,,0.0,0.6661106605219079,0.17522123996244227,0.06314281645379274,0.2872996634710919
1952-11-01 00:00:00+00:00,-1.7911550808094203,-0.12704598729254013,-0.8167850965549676,0.0,0.0,1.0258923710024657,5.876587613159618,0.6081123686149363,7.167787092710333,0.16417910447761194,0.0,335.0,0.0,2.0,230.0,-1.976681309106986,0.3872526367576279,0.011731288429882933,0.0038673391900994115,0.032834195148406756,0.7255269232354399,0.0416237654310363,0.2908697154827271,0.027610644737565415,-0.028846114595318717,0.0,,0.0,0.7256545896395262,0.1795849623490566,0.025967133616060373,0.3332027910820528
1952-12-01 00:00:00+00:00,-1.6970236099922391,0.08117874331015304,-0.6085603659522744,0.0,0.0,1.1092490268365007,5.912117795910638,0.5125704815319888,8.048125044895828,0.16417910447761194,3.0,210.0,-0.018555701861048376,2.0,230.0,-1.976681309106986,0.6111627466827234,0.011449236477373512,0.004030508325147878,0.031800136562143935,0.7198654122240205,0.08158182916989709,0.30584349634829966,0.027983712650650194,-0.055044610156143925,0.0,,0.0,0.7531404909498396,0.05060066875087867,-0.08292363035024791,0.18412496785200516
1953-01-01 00:00:00+00:00,-1.6890479166847792,0.11295278797326948,-0.576786321289158,0.0,0.0,1.1275141196231309,5.964853258627904,0.5009644359771831,7.00192410343224,0.1582089552238806,3.0,210.0,-0.018555701861048376,2.0,230.0,-1.976681309106986,0.4309296114107831,0.009547078731194597,0.003951917606833054,0.03251550054563327,0.7320679579317768,0.06744359642242514,0.29557934946304965,0.02792277364206625,-0.03908928695985203,0.0,,0.0,0.7727906326323688,0.04758607303116436,-0.1030548525441285,0.19822699860645715
1953-02-01 00:00:00+00:00,-1.462673910551758,0.004288945573132493,-0.6854501636892949,0.0,0.0,1.1001804216730635,6.016402546540899,0.5654067753292924,8.034372549388555,0.1582089552238806,3.0,210.0,-0.018555701861048376,2.0,236.0,-1.9901195186247247,0.601120692841883,0.007894751851709104,0.0041115647494417385,0.03165052015761828,0.7113376048607013,0.03814339723830518,0.28317312207621725,0.028060922792863926,-0.008809148486598417,0.0,,0.0,0.7461640514359901,0.05798233851810787,-0.09079678489318264,0.20676146192939826
1953-03-01 00:00:00+00:00,-1.5811530206815396,-0.036989043025300226,-0.7267281522877277,0.0,0.0,1.0735015581448417,6.0702832440018595,0.4445848433793001,7.034148754264421,0.15223880597014924,3.0,210.0,-0.018555701861048376,2.0,236.0,-1.9901195186247247,0.4428602025572186,0.00843357066188131,0.0039878261320636064,0.03240004804052968,0.7303140821764003,0.035423312042357935,0.25662036967366664,0.02787001281321735,0.010840034323649661,1.0,,0.0,0.7717403482365722,0.052642369664389704,-0.10260358547066269,0.20788832479944203
1953-04-01 00:00:00+00:00,-1.7533287564846078,-0.41117270191286115,-1.1009118111752887,0.0,0.0,1.087810533518398,6.106267804849596,0.47832665188794743,8.116746223943254,0.15223880597014924,3.0,210.0,-0.018555701861048376,2.0,236.0,-1.9901195186247247,0.4714262181537015,0.030496252315828528,0.0034611573000694782,0.033482313025348355,0.8081054068372681,0.0009498848539157834,0.1772426974564052,0.029260184630546287,0.10419590217958419,1.0,,0.0,0.7008806978393808,0.057429459965243096,-0.09317902919040504,0.20803794912089119
1953-05-01 00:00:00+00:00,-1.7227010719271323,-0.4079904847468734,-1.0977295940093008,0.0,0.0,1.068593673485235,6.160430240479378,0.5080041653403339,5.895894266473882,0.15223880597014924,3.0,210.0,-0.018555701861048376,2.0,236.0,-1.9901195186247247,0.5557650208314352,0.014410923617937431,0.003918492775376555,0.03221486626021095,0.7504952941106707,0.0236266430165184,0.1668242847157746,0.029241645031159908,0.1380200744694644,1.0,,0.0,0.7705053867119717,0.046080569031637736,-0.1373103981557251,0.22947153621900035
1953-06-01 00:00:00+00:00,-1.7977689049495036,-0.6168600455164284,-1.3065991547788558,0.0,0.0,1.031088978942532,6.181199191535676,0.5539891430131078,4.345350531780546,0.1701492537313433,3.0,210.0,-0.018555701861048376,2.0,236.0,-1.9901195186247247,0.39988796665085496,0.026660900113969103,0.003506277380439046,0.033597009321736156,0.7820457835758912,-0.04785499630657686,0.21443609500706629,0.02569971919512781,0.1862312438616387,1.0,,0.0,0.7294326372785694,0.04487093154572333,-0.1645382279636115,0.25428009105505806
1953-07-01 00:00:00+00:00,-1.895094669457517,-0.5578206323200078,-1.2475597415824353,0.0,0.0,1.0035054420102592,6.225396256718758,0.5174411030948726,5.057547826959907,0.2417910447761194,3.0,210.0,-0.018555701861048376,2.0,240.0,-2.0034392949928965,0.6267327953841012,0.012305334978273201,0.004020159220376276,0.03177634623798585,0.7147609310440973,-0.07329413900639992,0.17816384574268973,0.024568685457154914,0.21173291736975752,1.0,,0.0,0.7700310876242326,0.04412328058014815,-0.15526101056587424,0.2435075717261705
1953-08-01 00:00:00+00:00,-1.8944247475272147,-0.570931475826968,-1.2606705850893953,0.0,0.0,1.008934517096389,6.28050114295136,0.6294017562043444,4.396037930344358,0.2417910447761194,0.0,335.0,0.0,2.0,240.0,-2.0034392949928965,0.413179264430217,0.010242142312607345,0.003922316490672432,0.03263443597877033,0.7296093777176895,-0.0820361300420096,0.14798487858612397,0.024175701372043557,0.2310671135685025,1.0,,0.0,0.7083326909181712,0.17966058575405347,-0.019188555751829706,0.37850972725993726
1953-09-01 00:00:00+00:00,-1.9506353311897815,-0.7632392899314075,-1.452978399193835,0.0,0.0,1.0550845341962902,6.311144793275484,0.6635858864918266,5.582108299714537,0.23582089552238805,0.0,335.0,0.0,2.0,240.0,-2.0034392949928965,0.5151244259633674,0.0269846917832905,0.0035786351156420096,0.03309059192338561,0.7968576781265244,-0.12048980548645805,0.0685694928925269,0.025157913571218705,0.3049403388911385,1.0,,0.0,0.6528611752867506,0.16743712236856928,-0.07472028668413755,0.409594531421276
1953-10-01 00:00:00+00:00,-1.8079171879043312,-0.6753968356617535,-1.3651359449241809,0.0,0.0,1.0947547694767061,6.344755020501128,0.6041310371173111,4.738467556583084,0.23582089552238805,0.0,335.0,0.0,2.0,240.0,-2.0034392949928965,0.5018589163038523,0.015590100701035864,0.003851678635679901,0.03252487244997211,0.7624917888882261,-0.09585527836194085,0.10055998111365216,0.025436656834844196,0.3019848616880214,1.0,,0.0,0.7015798188045657,0.18575995139063534,-0.046785461987056964,0.4183053647683279
1953-11-01 00:00:00+00:00,-1.7838947979860824,-0.6053664585985534,-1.2951055678609809,0.0,0.0,1.1358777182283997,6.379046894895756,0.5305294295159878,5.872316007212332,0.2298507462686567,0.0,335.0,0.0,2.0,240.0,-2.0034392949928965,0.5235144884185019,0.01111820655220306,0.003977573191303886,0.03218065821989986,0.7448089704792498,-0.01974495964328593,0.14229006185373994,0.025498149667496292,0.31477565916626116,1.0,,0.0,0.7162908451461277,0.1930605673928517,-0.037260893142851886,0.42338202792855606
1953-12-01 00:00:00+00:00,-1.733435711576426,-0.570420210713646,-1.2601593199760734,0.0,0.0,1.1440799872760006,6.4319449907427,0.5141011011967048,4.954212278566621,0.2298507462686567,0.0,335.0,0.0,2.0,246.0,-2.0147036992790595,0.5171906075158856,0.008584067056085888,0.004035944465191415,0.032070189740107904,0.7356546672792771,-0.007860872034985533,0.10019522099486089,0.023948590834944144,0.3499104237502024,1.0,,0.0,0.7180302006124626,0.18658693482688748,-0.06411152532828363,0.43728539498205854
1954-01-01 00:00:00+00:00,-1.6638361459538062,-0.48126845401156765,-1.1710075632739951,0.0,0.0,1.1315157379461,6.476734252228487,0.48904281853377846,6.0316019124242874,0.22388059701492538,0.0,335.0,0.0,2.0,246.0,-2.0147036992790595,0.5141620971100289,0.00865188828411419,0.004032151779696364,0.03208769272559995,0.7361710356442994,0.057426438499821764,0.10044864386533003,0.023955457105494682,0.3426997851758724,1.0,,0.0,0.7521867138190537,0.18288284841088215,-0.0920113917448595,0.4577770885666238
1954-02-01 00:00:00+00:00,-1.6367119514597568,-0.4028951550179201,-1.0926342642803475,0.0,0.0,1.1558477115629313,6.5214432241839075,0.5646313529363485,4.58583568302314,0.22388059701492538,0.0,335.0,0.0,2.0,246.0,-2.0147036992790595,0.5212478662735748,0.008256750394168242,0.004046883617575287,0.03203374929734691,0.7339527636779122,0.06505422825889084,0.14301771790515794,0.023797325416744012,0.3538239687706204,1.0,,0.0,0.7443014406439512,0.18305874242984332,-0.049366097716727786,0.4154835825764148
1954-03-01 00:00:00+00:00,-1.3416225561416513,-0.3214225639727252,-1.0111616732351525,0.0,0.0,1.1080355775659256,6.577673909182683,0.6368143296188377,5.344423206015661,0.21791044776119403,0.0,335.0,0.0,2.0,246.0,-2.0147036992790595,0.515480624215549,0.00811957071219918,0.004046259432407725,0.03205244714354303,0.7339189095260132,0.08561430700354844,0.1506237080706354,0.023918494768538523,0.32500156174654204,1.0,,0.0,0.7234753997675673,0.17522955142583707,-0.031732484468612765,0.38219158732028746
1954-04-01 00:00:00+00:00,-1.113968148255394,-0.12039213910570828,-0.8101312483681358,0.0,0.0,1.0615828380697243,6.624048918393817,0.5160728171746369,4.366432702299222,0.21791044776119403,0.0,335.0,0.0,2.0,246.0,-2.0147036992790595,0.4793112502982289,0.012715474083643569,0.003907168954603166,0.032469497855627354,0.7520538940592881,0.17545692423620185,0.19690730966969294,0.02474369310096375,0.3160918761238971,1.0,,0.0,0.6398084852150541,0.17555399315302578,0.01246605742810486,0.3386419288779464
1954-05-01 00:00:00+00:00,-1.015426698638672,0.039810219056783565,-0.6499288902056438,0.0,0.0,1.1147771370959225,6.657860430568117,0.393850928916528,5.868368009465088,0.21194029850746268,0.0,335.0,0.0,2.0,250.0,-2.027433404400409,0.9655934578601472,0.031233968466281806,0.011912194636532727,0.027423752201126854,0.1603249320312508,0.184851133657979,0.24968161091588303,0.0249020818486797,0.2765328277458039,1.0,,0.0,0.5040171282207214,0.14484665548186332,0.05612840005478313,0.2335649109089435
1954-06-01 00:00:00+00:00,-1.0084376523058567,0.04635234956892849,-0.6433867596934989,0.0,0.0,1.2038852171028693,6.699828575105214,0.42309192093958276,5.072678639499054,0.21194029850746268,0.0,335.0,0.0,2.0,250.0,-2.027433404400409,0.9391336225734437,0.058493275214288376,0.010910426402794677,0.027606647536038306,0.23937048237209155,0.16722236215038055,0.24018880999720338,0.02483775705195562,0.32492330924233226,1.0,,0.0,0.49432847483798004,0.16153464901555226,0.07516764660918483,0.24790165142191953
1954-07-01 00:00:00+00:00,-0.8113883650306358,0.27796638029386356,-0.4117727289685639,0.0,0.0,1.270643470854392,6.734311206406142,0.48464028530676745,6.756858364225497,0.20597014925373133,0.0,335.0,0.0,2.0,250.0,-2.027433404400409,0.9618011264037365,0.035019442113981475,0.0117698572549138,0.027458474968141834,0.1731248869079108,0.19348338851950153,0.2369527719335922,0.02470549835570377,0.35214722553299627,1.0,,0.0,0.5069529274593894,0.1464724772697807,0.027551933434479606,0.2653930211050816
1954-08-01 00:00:00+00:00,-0.7638813693095927,0.35404556024829187,-0.33569354901413556,0.0,0.0,1.272195870540565,6.783524091596105,0.5681064522588263,5.342435632426671,0.20597014925373133,0.0,335.0,0.0,2.0,250.0,-2.027433404400409,0.954030358213129,0.043600321607006554,0.011469781281270932,0.027471874889504016,0.19580568992476724,0.18812027048634494,0.23887965330529592,0.024732857956427833,0.32634337457271734,1.0,,0.0,0.4931321437517651,0.1491503045364357,0.02028721146105869,0.27801339761181265
1954-09-01 00:00:00+00:00,-0.6545641857250778,0.5789063017253047,-0.11083280753712277,0.0,0.0,1.2409578683074103,6.827893263636753,0.662440952083726,6.591442252747635,0.2,0.0,335.0,0.0,2.0,250.0,-2.027433404400409,0.9583188505631767,0.03933597356040716,0.011630573681497263,0.027431460844374013,0.18227722781132927,0.19325968189127885,0.27473869799278106,0.024801822717450163,0.3397753474042089,1.0,,0.0,0.4984154259553083,0.14204392555819928,0.02337934729340553,0.26070850382299304
1954-10-01 00:00:00+00:00,-0.5597267705801794,0.7473684796250261,0.05762937036259863,1.0,1.0,1.2409920919887278,6.873687278670137,0.7413798261497305,5.120696807822306,0.2,0.0,335.0,0.0,2.0,256.0,-2.039496737328225,0.9561961549622868,0.041585134935955434,0.011549572024732785,0.0274417658484282,0.18862954114960595,0.1952895490024309,0.33349500910913044,0.023725145253870015,0.2652188001200253,1.0,0.0,0.0,0.49004706164065637,0.14534067683892077,0.028939001256589256,0.2617423524212522
1954-11-01 00:00:00+00:00,-0.3936181127486745,1.228950354075345,0.5392112448129176,1.0,2.0,1.2574434992363674,6.906672289094312,0.8273692074333134,6.8257410892016575,0.19402985074626866,0.0,335.0,0.0,2.0,256.0,-2.039496737328225,0.9649564969090594,0.03202960284208896,0.011886655522259579,0.027418385198905507,0.16213332080911025,0.19083479734339104,0.3453287867309669,0.02405710821468861,0.2920837122114346,1.0,0.0,0.0,0.5048178097271349,0.13180783571290172,0.007889408987632948,0.2557262624381703
1954-12-01 00:00:00+00:00,-0.19962471243380572,1.6840981965639519,0.9943590873015244,1.0,3.0,1.234436532719536,6.9342225300694205,1.0062893885148247,5.113874603987544,0.19402985074626866,3.0,235.0,-0.017383240145134357,2.0,256.0,-2.039496737328225,0.9681733052174594,0.027026695063668164,0.012025690381996142,0.02751449255809479,0.15453414227903797,0.2040294772457525,0.361049130754461,0.024637140904517543,0.2566210200628509,1.0,0.0,0.0,0.5056402470967194,0.05903662712543155,-0.04876672132918525,0.16683997558004848
1955-01-01 00:00:00+00:00,-0.1868495403072638,1.50671206214942,0.8169729528869927,1.0,4.0,1.1876540768828439,6.96459146303275,1.0402047506723962,7.050486693932857,0.1880597014925373,3.0,235.0,-0.017383240145134357,2.0,256.0,-2.039496737328225,0.9539990865842135,0.04324466168689772,0.01147255822591712,0.02749926976480019,0.19699764793358265,0.21389497981405547,0.3896537815054364,0.024390737519020565,0.21150740406328783,1.0,0.0,0.0,0.5193449957489072,0.06260892819306621,-0.021250180232224747,0.1464680366183572
1955-02-01 00:00:00+00:00,-0.06396132724371395,1.7683912519596474,1.07865214269722,1.0,5.0,1.180219889167081,7.003801340485268,1.1812625264887044,5.363063821432469,0.1880597014925373,3.0,235.0,-0.017383240145134357,2.0,256.0,-2.039496737328225,0.962055128744483,0.03518248159443222,0.011775136685804133,0.027426959138461635,0.17125378933397092,0.2071452796597537,0.42003218201152137,0.024613725985712247,0.18496143947321997,1.0,0.0,0.0,0.510354451503414,0.06091678589637149,-0.0509275638608373,0.17276113565358023
1955-03-01 00:00:00+00:00,-0.20511518142693652,1.211264584835635,0.5215254755732075,1.0,6.0,1.1712818034007375,7.057309831578262,1.1002160319698993,7.569902545861775,0.18208955223880596,3.0,235.0,-0.017383240145134357,1.0,176.0,-1.6642951473150263,0.8939248536317899,0.10313527733274358,0.009218560833431871,0.028054566392081322,0.3516704541293658,0.17954875518158797,0.4188642332922141,0.024640649873262404,0.2594613551958913,1.0,0.0,0.0,0.5190095096953115,0.06969601814938567,-0.021429433986170726,0.16082147028494187
1955-04-01 00:00:00+00:00,0.03671841802216643,1.6274419020930884,0.9377027928306609,1.0,7.0,1.1535117551790908,7.092896431603636,1.2273145070146485,5.747110896307832,0.18208955223880596,3.0,235.0,-0.017383240145134357,1.0,176.0,-1.6642951473150263,0.948816967463874,0.04831689663875323,0.011279084428060035,0.027553760507660452,0.213029807254853,0.18660846146896048,0.45321006178262735,0.02481691923663013,0.23352053035395315,1.0,0.0,0.0,0.5131634014710869,0.06287415124145626,-0.03951545368863278,0.16526375617154548
1955-05-01 00:00:00+00:00,0.009238429890236296,1.243962048742041,0.5542229394796137,1.0,8.0,1.1139131492640162,7.159183422710849,1.213227979312387,7.936501450862101,0.1761194029850746,3.0,235.0,-0.017383240145134357,1.0,176.0,-1.6642951473150263,0.8995943912281694,0.09769381558374343,0.009429130943759226,0.027987392825813938,0.33844204632440383,0.1593990997157615,0.42571042210215637,0.024916619295560084,0.2021310065592541,1.0,0.0,0.0,0.517471052624718,0.06650741241389466,-0.028118883490973134,0.1611337083187624
1955-06-01 00:00:00+00:00,0.29579243903652963,1.939131628266003,1.2493925190035755,1.0,9.0,1.1288156847522868,7.159402444041002,1.564848307228999,5.992725333574794,0.1761194029850746,3.0,235.0,-0.017383240145134357,1.0,176.0,-1.6642951473150263,0.9552075806124963,0.038066128702731294,0.0115584798323737,0.02776654074847019,0.20183350794117255,0.17737001222645166,0.4613153255578917,0.025982269538472106,0.1325579964234267,1.0,0.0,0.0,0.5507365923353142,0.06034747485241448,-0.04031730679742503,0.16101225650225395
1955-07-01 00:00:00+00:00,0.559795201424688,2.3884477709949636,1.6987086617325362,1.0,10.0,1.185070142584795,7.131890606258373,1.9710296680941402,8.683301185831692,0.1701492537313433,3.0,235.0,-0.017383240145134357,1.0,176.0,-1.6642951473150263,0.9547825478127421,0.026836297294497446,0.0116615355171,0.028587041462244788,0.21473208463538762,0.19572019030229537,0.524168834886444,0.027458641669051806,0.11122887310791096,1.0,0.0,0.0,0.5694047462156611,0.05559161459047296,-0.014776991724745545,0.1259602209056908
1955-08-01 00:00:00+00:00,0.30858092375046836,1.9145146618556508,1.2247755525932233,1.0,11.0,1.1862057531208514,7.1744728954585675,1.942638007955732,6.672205297733623,0.1701492537313433,0.0,335.0,0.0,1.0,182.0,-1.6865143450921343,0.9002899613961539,0.09187847913759663,0.009507532232754643,0.028339857217554172,0.3518853197374844,0.17176385988318987,0.5340861270582558,0.027179053355028047,0.11502357725661483,1.0,0.0,0.0,0.5299914449135749,0.11026579824716634,0.05158399311445004,0.16894760337988257
1955-09-01 00:00:00+00:00,0.5214558127996751,2.303429756266364,1.6136906470039367,1.0,12.0,1.1490590379171142,7.197951265954941,2.1220633959911095,9.01132199282846,0.16417910447761194,0.0,335.0,0.0,1.0,182.0,-1.6865143450921343,0.9527401080086888,0.0418502536911298,0.01145237745304213,0.027696561808831975,0.20717949336236374,0.17921106052486735,0.5956054996856555,0.02673743354721933,0.03642709543571776,1.0,0.0,0.0,0.5529888755035207,0.10574525655857164,0.05344743690883191,0.15804307620831137
1955-10-01 00:00:00+00:00,-0.021684858075691666,1.4092438488615286,0.7195047395991012,1.0,13.0,1.1455137011453371,7.229079511609363,1.7459844346764732,6.820927362191937,0.16417910447761194,0.0,335.0,0.0,1.0,182.0,-1.6865143450921343,0.4159725125694985,0.5615786257497742,-0.008530005325511387,0.03373716505026246,0.7741247793688093,0.13550678737591415,0.512747255237092,0.029011499206172846,0.07150213665557636,1.0,0.0,0.0,0.5436940838929378,0.1401256364637494,0.041676550655961556,0.23857472227153742
1955-11-01 00:00:00+00:00,0.5199087799042696,2.0205221742024975,1.33078306494007,1.0,14.0,1.1585825798975362,7.226929109179295,2.061748765599406,9.51696957888463,0.1582089552238806,0.0,335.0,0.0,1.0,182.0,-1.6865143450921343,0.7931797809335922,0.16009162030694804,0.0058825992810835,0.03203252868785596,0.6202216449094428,0.16682663343092852,0.5384548660436588,0.029970256983451713,-0.004192221157281573,0.0,0.0,0.0,0.5757012515745517,0.13100055090243673,0.0625287162665326,0.19947238553834085
1955-12-01 00:00:00+00:00,0.33924893052405247,1.9791488756583082,1.2894097663958808,1.0,15.0,1.1919508792124023,7.268532010671947,2.1384129689438303,6.919712759844332,0.1582089552238806,0.0,335.0,0.0,1.0,182.0,-1.6865143450921343,0.8864735962873097,0.0993861778328776,0.0090531305414339,0.028906661661982812,0.39650005275314587,0.1841176695627995,0.5423844952425307,0.02995338661523998,-0.006116108638873463,0.0,0.0,0.0,0.5485861215486929,0.10247983185661172,0.04089343533487313,0.16406622837835028
1956-01-01 00:00:00+00:00,-0.08843920398733304,1.5157655659998774,0.82602645673745,1.0,16.0,1.1986424216740081,7.329557965947386,1.91870664827536,9.710511165813507,0.15223880597014924,0.0,335.0,0.0,1.0,186.0,-1.6964046403399164,0.6899249413732327,0.2978669768613126,0.0016527199430971975,0.03054597915183594,0.6706149269343955,0.10047907463501105,0.5236510029545975,0.030556708855258973,-0.0008331680704145583,0.0,1.0,0.0,0.5461987554923747,0.14151689145746216,0.03576757664282276,0.24726620627210155
1956-02-01 00:00:00+00:00,-0.1831139288830149,1.468085678723329,0.7783465694609015,1.0,17.0,1.2301455919719322,7.341022408390944,1.9920534857708156,7.391412327082811,0.15223880597014924,0.0,335.0,0.0,1.0,186.0,-1.6964046403399164,0.8128255968230861,0.18243120220000497,0.006191584128764614,0.02891319935632998,0.504215192473772,0.039959493599977414,0.5287050164440634,0.0305020036494601,-0.054876509179453414,0.0,1.0,0.0,0.5320648280662492,0.12175744645765171,0.04779580881530425,0.19571908409999908
1956-03-01 00:00:00+00:00,0.1902333479038505,1.848096417831421,1.1583573085689935,1.0,18.0,1.199286193820411,7.314668252216451,2.4279851508496724,3.704752856207375,0.755223880597015,0.0,335.0,0.0,1.0,186.0,-1.6964046403399164,0.9296499256851878,0.05503417361749411,0.010686468465169394,0.028599188260964324,0.291406558359302,0.11266673580476194,0.6458029780091019,0.029499844543847922,-0.11227478522677448,0.0,1.0,0.0,0.5648919373147188,0.09784043555638144,0.017038926390832862,0.17864194472192954
1956-04-01 00:00:00+00:00,0.32037524437868703,1.801448801103987,1.1117096918415597,1.0,19.0,1.2204427752769895,7.347571251209259,2.535446412456673,3.752755752568672,0.755223880597015,2.0,250.0,-0.0163468103234857,1.0,186.0,-1.6964046403399164,0.9263030234120322,0.0681874924128338,0.010460647121190589,0.02794226739625874,0.2826855746212966,0.08035364441870474,0.6523325010878418,0.029409841372346854,-0.10097706031274889,0.0,1.0,0.0,0.5628589013816201,0.03706080657935591,-0.0427632115301555,0.11688482468886713
1956-05-01 00:00:00+00:00,0.10770894470944115,1.4048268659731578,0.7150877567107303,1.0,20.0,1.2574881994321254,7.420337000822979,2.2865106385077647,3.48922837119574,0.7492537313432835,2.0,250.0,-0.0163468103234857,1.0,186.0,-1.6964046403399164,0.6275177634839509,0.3622487825114333,-0.0007109222374954231,0.030971111266996344,0.7071395664542306,0.09631130615499028,0.6569135576986591,0.02914918620734898,-0.031221259409326407,0.0,1.0,0.0,0.6155204993838936,0.05350305766337448,-0.03856449109076814,0.14557060641751712
1956-06-01 00:00:00+00:00,-0.07299882385956571,1.2162036039502617,0.5264644946878343,1.0,21.0,1.2726287285716782,7.478089420869652,2.26872755305874,3.3369616283644583,0.7492537313432835,2.0,250.0,-0.0163468103234857,1.0,192.0,-1.7275058054560122,0.6249850275523977,0.3697070097464934,-0.0008563278175744999,0.030648848220693702,0.6894411256618145,0.017844296438443763,0.6295933014885025,0.029639046825600143,-0.005256228588336853,0.0,1.0,0.0,0.5796541450874029,0.05831468350369987,-0.05350166349420581,0.17013103050160566
1956-07-01 00:00:00+00:00,0.20399462690345244,1.458147487590104,0.7684083783276765,1.0,22.0,1.253950360519555,7.491468338396477,2.5727179044316735,3.78083302603672,0.7432835820895523,2.0,250.0,-0.0163468103234857,1.0,192.0,-1.7275058054560122,0.8871723592255137,0.1074760423257995,0.00898962303231399,0.028284528184360794,0.37392346065042537,0.05032804334735541,0.6747486686318958,0.029831307354724848,-0.037882892837746596,0.0,1.0,0.0,0.5573070810085787,0.03761629468104751,-0.04566585217651144,0.1208984415386064
1956-08-01 00:00:00+00:00,0.3144264758923305,1.364878407352512,0.6751392980900845,1.0,23.0,1.2236409738633978,7.501125125928518,2.744914262795303,3.8593670785133747,0.7432835820895523,2.0,250.0,-0.0163468103234857,1.0,192.0,-1.7275058054560122,0.8732460009583024,0.12348855025363559,0.008445365389460413,0.028264096267314208,0.39534008868654247,0.07528003307651687,0.7194208415175725,0.027799169276723937,-0.09217756261107635,0.0,1.0,0.0,0.5778850181331114,0.0382853834823145,-0.04415172413068734,0.12072249109531645
1956-09-01 00:00:00+00:00,0.024658599619339153,1.0187157839629515,0.32897667470052405,1.0,24.0,1.2288181014239916,7.534710763125472,2.696719834912663,3.870501081091916,0.7373134328358208,2.0,250.0,-0.0163468103234857,1.0,192.0,-1.7275058054560122,0.5207672283478527,0.4710538536904048,-0.0047405362222144596,0.031791035253244115,0.7336864215598604,0.03067671648736514,0.6552370112933694,0.02950073315218114,-0.09532164513031294,0.0,1.0,0.0,0.5802926741656199,0.05536024002367389,-0.06874888889148208,0.17946936893882987
1956-10-01 00:00:00+00:00,-0.09285401706501435,0.8510387083849218,0.16129959912249436,1.0,25.0,1.248626013656374,7.49978816694346,2.8839692281008094,3.9452896195413385,0.7373134328358208,2.0,250.0,-0.0163468103234857,1.0,192.0,-1.7275058054560122,0.5110324112263624,0.4844833709964025,-0.005143821640276596,0.03162004445302778,0.7184060739818097,-0.05245243116440079,0.613095506487987,0.030065854947563843,-0.1431187766787101,0.0,1.0,0.0,0.5711895633262267,0.05785032286966442,-0.06758605242561018,0.1832866981649391
1956-11-01 00:00:00+00:00,0.014521990607859782,0.7408158588753028,0.05107674961287534,1.0,26.0,1.2837726271034715,7.538039124366171,2.922164829421079,4.118849923824782,0.7313432835820896,2.0,250.0,-0.0163468103234857,1.0,196.0,-1.7548603714995799,0.5722265711627645,0.42504840258181664,-0.00286385873557726,0.030944234248801404,0.6991716101650292,-0.0708861180803062,0.5893072550425211,0.030429274616696873,-0.1580254720045149,0.0,1.0,0.0,0.5680881911972278,0.05830988092406094,-0.0656823769315783,0.18230213877970045
1956-12-01 00:00:00+00:00,0.2043711097577958,0.7618469741338303,0.07210786487140286,1.0,27.0,1.2282304830065522,7.519922996779358,3.3820261447028406,4.433586318876477,0.7313432835820896,1.0,295.0,0.036977143572777885,1.0,196.0,-1.7548603714995799,0.7783479943977796,0.21976611606468513,0.004867723299369217,0.0290242957927582,0.5398582420348442,-0.02412944563532804,0.5753576735635093,0.030409787947400152,-0.16963949699897718,0.0,1.0,0.0,0.5295918196045049,0.0946002383703338,-0.018307393294898153,0.20750787003556564
1957-01-01 00:00:00+00:00,0.0666963033096367,0.5955359281995306,-0.09420318106289682,0.0,0.0,1.145781643793919,7.463720442582088,3.4058460248107356,4.56806225168742,0.7253731343283583,1.0,295.0,0.036977143572777885,1.0,196.0,-1.7548603714995799,0.6427861376651358,0.353939609704599,-0.00020863863526343198,0.030345612790288943,0.6704210822214502,-0.03291208985883021,0.5316269833707814,0.031076350148058297,-0.13526513216086222,0.0,,0.0,0.5329497707590737,0.09992378368744884,-0.018345566363791865,0.21819313373868948
1957-02-01 00:00:00+00:00,-0.14493955284396612,0.2964279667120886,-0.39331114255033883,0.0,0.0,0.9332596941701271,6.911968621993434,3.3798432161751286,4.417391450652375,0.7253731343283583,1.0,295.0,0.036977143572777885,1.0,196.0,-1.7548603714995799,0.20279609693398318,0.790523333160283,-0.016696102798693404,0.03455711346614148,0.542852654984325,-0.12614588868738696,0.46298847294096035,0.032820831045815235,-0.08414483540492057,0.0,,0.0,0.5024324767519983,0.09896291874985605,0.000785602514018019,0.197140234985694
1957-03-01 00:00:00+00:00,-0.020278739503403243,0.32965750331883964,-0.3600816059435878,0.0,0.0,0.9113535680726441,6.946491121784395,3.534596486741227,4.7130753093620585,0.7194029850746269,1.0,295.0,0.036977143572777885,1.0,196.0,-1.7548603714995799,0.5417878904201723,0.4553965503359834,-0.004005949764904538,0.031225419034729033,0.7067948489256863,-0.11463162667862736,0.42933229060274325,0.03241781791168703,-0.07991724718612137,0.0,,0.0,0.4955365986890992,0.11038663898331429,0.00882352074789633,0.21194975721873233
1957-04-01 00:00:00+00:00,0.05585174433040353,0.3848323584690312,-0.30490675079339624,0.0,0.0,0.8975973824972809,6.972384841059926,3.7941465540416144,4.835006539610408,0.7194029850746269,1.0,295.0,0.036977143572777885,1.0,202.0,-1.7992785781019986,0.8014461594445937,0.19657359493819532,0.005736055615082602,0.028822346274343037,0.5094860650349498,-0.05705051132976191,0.4133353663056285,0.032195529486090155,-0.09725623560666996,0.0,,0.0,0.4834949048906502,0.10339527825932149,0.022321067180990348,0.18446948933765261
1957-05-01 00:00:00+00:00,0.207758618801627,0.5007719190671319,-0.1889671901952955,0.0,0.0,0.9330231027288837,6.977959456631938,4.171953404698766,5.3329723963780795,0.7134328358208956,1.0,295.0,0.036977143572777885,1.0,202.0,-1.7992785781019986,0.9260146123906028,0.07149413740729586,0.010418995504095883,0.02773338218893723,0.2747248609845692,-0.006412089909912488,0.439461054427694,0.032406335923030584,-0.09973878086579191,0.0,,0.0,0.448175762514452,0.09280036591526697,0.023668951162577362,0.1619317806679566
1957-06-01 00:00:00+00:00,0.11229640001475379,0.5157554446585226,-0.1739836646039048,0.0,0.0,0.9792924980995814,6.961897369003626,4.928783256393625,5.97023888727666,0.7134328358208956,1.0,295.0,0.036977143572777885,1.0,202.0,-1.7992785781019986,0.9329884199422739,0.06488658810582228,0.010677131715867278,0.02764474941109557,0.25526381025910083,0.016780289007388483,0.4126041555304081,0.03206277262782677,-0.08876433665498684,0.0,,0.0,0.4661552267003598,0.08880407776295032,0.02902123362696115,0.1485869218989394
1957-07-01 00:00:00+00:00,0.1693887048410046,0.5393524188710053,-0.15038669039142216,0.0,0.0,1.1272378449674132,6.959102317464408,5.783688280317224,7.258732145123369,0.2,1.0,295.0,0.036977143572777885,1.0,202.0,-1.7992785781019986,0.9356331606131236,0.062330093863378,0.010775544321648782,0.02761468568056164,0.2478552444262923,0.01856125914848228,0.40579866222564664,0.0320340408130794,-0.07799141514014263,0.0,,0.0,0.4697871646001606,0.09092443151708593,0.025327497196026533,0.15652136583814535
1957-08-01 00:00:00+00:00,-0.15453251511196436,0.22370328391161706,-0.46603582535081034,0.0,0.0,1.311680423670204,7.037027749192014,6.154195991757511,8.46370470001234,0.19402985074626866,0.0,335.0,0.0,1.0,202.0,-1.7992785781019986,0.308891244607354,0.6727261784414654,-0.012592582220048791,0.034419110962234614,0.7030182123007982,-0.016064361464144916,0.32230294001535764,0.0339154633528183,0.01879931104635979,1.0,,0.0,0.5294768622579434,0.1354736248201341,0.04716361952299908,0.22378363011726898
1957-09-01 00:00:00+00:00,-0.417544716885661,0.010166347874367399,-0.67957276138806,0.0,0.0,1.2850079508714851,7.190218321619774,5.180281408609774,7.137156725297948,0.19402985074626866,0.0,335.0,0.0,1.0,290.0,-2.0868053984614896,0.12992965403660123,0.8589275591296656,-0.019386773890820573,0.03552771916408155,0.4458819209069774,-0.009768419463494382,0.25793050447503507,0.03488006540739343,0.08629995121687628,1.0,,0.0,0.5179097504449105,0.11301322557085643,-0.02010817865243178,0.24613462979414455
1957-10-01 00:00:00+00:00,-0.6179309510644778,-0.25967494158947163,-0.9494140508518991,0.0,0.0,0.8118571367911817,7.165523009923052,2.9917314248060736,4.082955509896285,0.7014925373134329,0.0,335.0,0.0,1.0,290.0,-2.0868053984614896,0.017692161946141864,0.9730737543682246,-0.023620941666851105,0.03640740532419434,0.14120215939177988,-0.08329642261633641,0.1552010706430158,0.03647768474337641,0.19047028749037764,1.0,,0.0,0.4732641660120876,0.09773425030352031,-0.02213892781761176,0.21760742842465242
1957-11-01 00:00:00+00:00,-0.6107781465536795,-0.31394080514013806,-1.0036799144025654,0.0,0.0,0.934062244517869,7.174015317637933,3.194539069818883,4.466864835016193,0.6955223880597015,0.0,335.0,0.0,1.0,290.0,-2.0868053984614896,0.13164711448282176,0.8649068069204872,-0.019400877488749944,0.034972898921604344,0.4119996970743395,-0.1279345297720722,0.08137135928780381,0.03598622856274463,0.24231754188803656,1.0,,0.0,0.5226441216092761,0.11034356417152123,-0.017587813168515293,0.23827494151155756
1957-12-01 00:00:00+00:00,-0.644670491298411,-0.30794105465974597,-0.9976801639221734,0.0,0.0,1.0098023261017819,7.203058991832081,3.371575426529812,4.9194409786575495,0.844776119402985,0.0,335.0,0.0,1.0,290.0,-2.0868053984614896,0.40590388439868685,0.5926023595342302,-0.009122084333650256,0.03235974193793194,0.6857661097916359,-0.1625476832249788,0.06301839138865972,0.03588697430665091,0.26495144171837826,1.0,,0.0,0.4745432044792187,0.12963945116072273,0.002569744703255189,0.25670915761818985
1958-01-01 00:00:00+00:00,-0.5605708168015575,-0.28027424977392873,-0.9700133590363562,0.0,0.0,1.2192933165921713,7.1097122791389475,3.949874503427448,5.544801476674856,0.18208955223880596,0.0,335.0,0.0,1.0,290.0,-2.0868053984614896,0.6967807056686586,0.30190225979414803,0.0017989472133105005,0.02972093428934355,0.6220449954371974,-0.16292099343135558,0.04253788243929879,0.03553065248309459,0.28815340226359787,1.0,,0.0,0.5421529933378604,0.14725815180190152,-0.0004411179486329686,0.2949574215524363
1958-02-01 00:00:00+00:00,-0.6416352207165494,-0.28581177957499293,-0.9755508888374204,0.0,0.0,1.2544344937739667,7.130586759545663,4.414853341542535,6.769305793326889,0.1761194029850746,0.0,335.0,0.0,1.0,212.0,-1.7414029180676174,0.7998578834306553,0.19848038523969563,0.005673161023326397,0.02881436887587282,0.5102158229347777,-0.17240783125456094,0.053842075789497734,0.035496699217674836,0.2728088569955496,1.0,,0.0,0.5521488614956065,0.13672309686360373,0.025586652210129554,0.24785954151707792
1958-03-01 00:00:00+00:00,-0.5718269732774265,-0.25724776031372887,-0.9469868695761563,0.0,0.0,1.2339298842481092,7.139742403803105,5.198597421310801,8.547068883181803,0.1761194029850746,0.0,335.0,0.0,1.0,212.0,-1.7414029180676174,0.8878665464276332,0.11032725783057212,0.008979486066602364,0.028029831754760863,0.3602011097162361,-0.10237131125367238,0.033323167292724776,0.035113087383163225,0.2844373869686452,1.0,,0.0,0.5387241104708077,0.12918208312253734,0.02543317994342925,0.23293098630164538
1958-04-01 00:00:00+00:00,-0.5104101505044213,-0.26776965161199656,-0.9575087608744239,0.0,0.0,1.192504297039921,7.192062984735642,4.909830261889019,8.35878070815687,0.1701492537313433,0.0,335.0,0.0,1.0,212.0,-1.7414029180676174,0.8894453604191584,0.10848671534631191,0.009041445465111606,0.028033915576142793,0.3579500353557008,-0.058985101806118934,0.039546302953154644,0.035101677608006684,0.29561613235503703,1.0,,0.0,0.5382016462288959,0.12107912618564333,0.009125422865803423,0.23303282950548318
1958-05-01 00:00:00+00:00,-0.40581030836793824,-0.18385267531694424,-0.8735917845793717,0.0,0.0,1.1793980370356674,7.221917183855048,4.310182763067224,7.152154428035089,0.1701492537313433,0.0,335.0,0.0,1.0,212.0,-1.7414029180676174,0.946076398659518,0.051489021579441796,0.011171765259462191,0.02754826664192911,0.21983046510660637,0.03696790590300569,0.01479896431956984,0.03419368993688456,0.2789434181099306,1.0,,0.0,0.5241877711022924,0.10348034874026095,-0.0009721658781597364,0.2079328633586815
1958-06-01 00:00:00+00:00,-0.40704943335642274,-0.14235645080397288,-0.8320955600664003,0.0,0.0,1.165766483011377,7.263504129399828,4.427111318532063,7.747792405221207,0.16417910447761194,0.0,335.0,0.0,1.0,212.0,-1.7414029180676174,0.9536202291248046,0.04412368307416905,0.011453224055834347,0.027467643825961605,0.19673544529837095,0.08604142435691653,-0.02830740665757503,0.032463432819084044,0.2431025261340265,1.0,,0.0,0.5555262902593718,0.09328110822607832,-0.004769513517390023,0.19133172996954628
1958-07-01 00:00:00+00:00,-0.38892178704095,-0.09389638616063499,-0.7836354954230624,0.0,0.0,1.214101646770631,7.29954565008301,4.628196698220447,8.37815273297423,0.16417910447761194,0.0,335.0,0.0,1.0,216.0,-1.772895880787122,0.9521907854503922,0.04540352326801336,0.012427624847973542,0.02716400335526552,0.2015490252965569,0.11020934100731683,0.0014638725127866792,0.03270956443593312,0.2549180028460123,1.0,,0.0,0.5446655109589983,0.09745379813453595,-0.01030277688457186,0.20521037315364365
1958-08-01 00:00:00+00:00,-0.23564367960719934,0.009265587722920876,-0.6804735215395066,0.0,0.0,1.2399539752423516,7.34237575729672,4.892358430450464,9.25356902743034,0.1582089552238806,0.0,335.0,0.0,1.0,216.0,-1.772895880787122,0.9648110827474916,0.031772277379851846,0.012910862031040637,0.02713678971715852,0.1635535310366184,0.1380000817430771,0.001326903657508538,0.03270461180631579,0.20903615634078676,1.0,,0.0,0.5299432251346854,0.09353477812956684,0.02035777553378891,0.16671178072534454
1958-09-01 00:00:00+00:00,-0.22334964111900388,0.05557953357393148,-0.6341595756884959,0.0,0.0,1.3590981148391224,7.372004180519677,4.014557553241271,7.02070225247096,0.1582089552238806,0.0,335.0,0.0,1.0,216.0,-1.772895880787122,0.9582833065144762,0.038968069195106855,0.012659708057093532,0.027140611702399394,0.18349376171890575,0.16067636715830247,0.07901165557188605,0.03171781904465699,0.13916989541005087,1.0,,0.0,0.5280645819347941,0.08359778547316746,0.01695334399191896,0.15024222695441608
1958-10-01 00:00:00+00:00,-0.08663340606077229,0.1639360438643236,-0.5258030653981038,0.0,0.0,1.3608829523122479,7.417305878744384,3.821022880616634,6.426684699073021,0.15223880597014924,0.0,335.0,0.0,1.0,216.0,-1.772895880787122,0.9657408336052765,0.030748810645193664,0.012946622034797956,0.027136144332398106,0.16057057171342512,0.1870911120601626,0.05358764592195886,0.030500113335339852,0.09504063348284308,1.0,,0.0,0.5144087786443965,0.08095295405533987,0.017905335637884295,0.1440005724727953
1958-11-01 00:00:00+00:00,0.006650139895669777,0.21569871248842185,-0.47404039677400556,0.0,0.0,1.3825818775611285,7.466632575179263,3.6733054067858872,6.031265235358134,0.15223880597014924,0.0,335.0,0.0,1.0,216.0,-1.772895880787122,0.958887843882,0.03832070397862818,0.012682809692131381,0.027138912488273104,0.18166542497853552,0.21163924772263432,0.06706788111298945,0.030733833316169735,0.07256401652240108,1.0,,0.0,0.5200001027373649,0.08019108333250258,0.01847086442545865,0.1419113022395464
1958-12-01 00:00:00+00:00,0.09704907233997671,0.26807615902761295,-0.4216629502348145,0.0,0.0,1.6305864988660577,7.380022095492749,3.9203130979016683,6.8334665152077125,0.15223880597014924,0.0,335.0,0.0,1.0,222.0,-1.7986255773705393,0.9527681000868591,0.04476930576318029,0.012449818801004627,0.02716351155569768,0.19995402895482212,0.20214253935919135,0.11646242904375015,0.03048745996562705,0.0819036376444604,1.0,,0.0,0.533867897512328,0.08564576167426521,0.02202493571610023,0.14926658763243028
1959-01-01 00:00:00+00:00,0.1810946298520198,0.38233599398062706,-0.30740311528180037,0.0,0.0,1.8388249027292052,7.396649353492488,4.502185440981363,8.727410686598192,0.15223880597014924,0.0,335.0,0.0,1.0,222.0,-1.7986255773705393,0.9626486586557618,0.034343222977952705,0.012826112161941577,0.027124825057250123,0.16989443396397175,0.21399674548722913,0.1457298452296767,0.03096966186953985,0.03212865269269827,1.0,,0.0,0.531076279475515,0.08893685772709553,0.021028552617228857,0.1568451628369622
1959-02-01 00:00:00+00:00,0.11152073152405721,0.2774192153907612,-0.41231989387166623,0.0,0.0,1.8522376831834753,7.417312771843304,4.7003839261907485,9.709416065733363,0.15223880597014924,0.0,335.0,0.0,1.0,222.0,-1.7986255773705393,0.8580189278480985,0.13824027359199914,0.008895305961998105,0.027994488466049548,0.42583757110770604,0.17839244088113126,0.067189577589156,0.02910185243660533,0.0011197534267326503,1.0,,0.0,0.5542764302403457,0.10151006502006976,0.03774322295302393,0.16527690708711584
1959-03-01 00:00:00+00:00,0.2505940864046779,0.3763020904628599,-0.31343701879956753,0.0,0.0,1.9681429900554133,7.359387373231602,4.153627520135025,7.652694226210989,0.15223880597014924,0.0,335.0,0.0,1.0,222.0,-1.7986255773705393,0.9292819005562586,0.06797353896206265,0.01156844567266873,0.027367027901485885,0.26710039698643834,0.163266764668613,0.0842400239074168,0.029348385354466565,-0.037648523118547494,0.0,,0.0,0.5243121391777811,0.08757597927009088,0.022930930774638605,0.15222102776554314
1959-04-01 00:00:00+00:00,0.25629673585681756,0.39061268954627093,-0.2991264197161565,0.0,0.0,1.8780425414712258,7.372002827178952,3.6759368366150134,6.161242294900304,0.15223880597014924,0.0,335.0,0.0,1.0,222.0,-1.7986255773705393,0.9296702741752915,0.06797690003903392,0.011579813126682631,0.02733630995499887,0.26479794275504637,0.15033107933204182,0.13303142874893759,0.028637782961551315,-0.041375168369238935,0.0,,0.0,0.5060973106967466,0.08778923396433294,0.015988841112513294,0.15958962681615246
1959-05-01 00:00:00+00:00,0.2548014863598022,0.42164302211272,-0.26809608714970745,0.0,0.0,1.8962705868059189,7.430926121213065,3.628664273515846,5.753157916593803,0.15223880597014924,0.0,335.0,0.0,1.0,226.0,-1.8192781240096434,0.9333397345267076,0.06440934484719099,0.01171703864934779,0.027300424706365324,0.2547523416517023,0.12544103652255867,0.16118438600607377,0.0285414067469419,-0.06551639478200233,0.0,,0.0,0.5025434873040725,0.09069457936624822,0.004136494072154398,0.17725266466034212
1959-06-01 00:00:00+00:00,0.17272517358333497,0.3312411685020733,-0.35849794076035413,0.0,0.0,2.0166206391821317,7.562739409852641,3.7949178633169423,5.458296266894319,0.7910447761194029,0.0,335.0,0.0,1.0,226.0,-1.8192781240096434,0.8345291801826067,0.16209531190497045,0.008008436372027855,0.028152293958067467,0.4651105692267976,0.08682640860290647,0.1035662463685405,0.027763409111104323,-0.020524511693965408,0.0,,0.0,0.6103530130686089,0.09998344082348745,0.02958604890537453,0.17038083274160024
1959-07-01 00:00:00+00:00,0.40672299492442365,0.47932784724598204,-0.2104112620164454,0.0,0.0,2.3182476016673386,7.362330280098674,3.7712235445989832,5.233721673742567,0.6358208955223881,0.0,335.0,0.0,1.0,226.0,-1.8192781240096434,0.9368575866177858,0.059904334688619595,0.011857583262589115,0.027342683523698313,0.24829985955756795,0.10017590213495087,0.14135829810218414,0.028282328291817503,-0.08110373126802273,0.0,,0.0,0.5094772424542889,0.09024907282955333,0.010923830602261667,0.16957431505684498
1959-08-01 00:00:00+00:00,0.36833135306559917,0.4082781362555053,-0.28146097300692213,0.0,0.0,2.2354876345363435,7.258440040551945,3.048850534931565,4.986313235122387,0.7850746268656716,0.0,335.0,0.0,1.0,226.0,-1.8192781240096434,0.8727310892691087,0.1240960115231916,0.009444171387058352,0.027839353054029802,0.3960081142159568,0.05888283582026599,0.17393596456257754,0.027370053896782293,-0.06349208294403041,0.0,,0.0,0.550958404800289,0.09631028461745697,0.0253034716573229,0.167317097577591
1959-09-01 00:00:00+00:00,0.1836692327701304,0.20316471250428955,-0.48657439675813785,0.0,0.0,2.11272031863078,7.168805526875098,2.603681709075481,4.724681097426012,0.7850746268656716,0.0,335.0,0.0,1.0,226.0,-1.8192781240096434,0.3905036940941205,0.5983850111891098,-0.008634704360944144,0.03216988313920744,0.7244793317543636,0.027037405572803763,0.14667941432636056,0.028369331039790807,-0.050246614675682366,0.0,,0.0,0.5425756376499086,0.12347231347589847,0.015990474440629218,0.23095415251116785
1959-10-01 00:00:00+00:00,0.1906643528478819,0.2102264528876744,-0.47951265637475304,0.0,0.0,2.1976569899308767,7.243126043839713,2.4653017947606277,4.868159542388226,0.7791044776119403,0.0,335.0,0.0,1.0,232.0,-1.8230328672693594,0.5371060353831976,0.45829132333784567,-0.003172462950952852,0.03056396002200811,0.716192784113413,-0.002305641425639493,0.15282050056208352,0.028295148210445795,-0.07259660064307916,0.0,,0.0,0.547369791819776,0.12788705566447445,0.013713658320558472,0.24206045300839
1959-11-01 00:00:00+00:00,0.21611013058936224,0.21611013058936224,-0.4736289786730652,0.0,0.0,1.6500108153279962,5.957040767526795,2.520243686956374,4.887186288696222,0.7791044776119403,0.0,335.0,0.0,1.0,232.0,-1.8230328672693594,0.7056596644523416,0.29179251629070785,0.0031526370942070617,0.029101175359772465,0.6206299618330477,-0.01141286811000164,0.14574800627426399,0.028270829198498923,-0.04475157822078657,0.0,,0.0,0.5487938634436442,0.14548887274600592,0.03155591490889338,0.2594218305831184
1959-12-01 00:00:00+00:00,0.31592597214318,0.3190112381744344,-0.37072787108799304,0.0,0.0,1.584830075434631,5.806147422079021,2.463220142916023,5.050629532024443,0.7731343283582089,0.0,335.0,0.0,1.0,232.0,-1.8230328672693594,0.8976490360598759,0.09976922810993175,0.01037685461038759,0.02760279527772068,0.34226761984636084,0.005102758893721138,0.1991992347586251,0.02826049216455412,-0.052529911421705044,0.0,,0.0,0.5118209856508487,0.12725738145308949,0.02302238229769797,0.23149238060848112
1960-01-01 00:00:00+00:00,0.20980434270028211,0.22753043828081956,-0.4622086709816079,0.0,0.0,1.6822238217190308,5.92044297340252,2.382878799348447,4.911132953296391,0.7731343283582089,0.0,335.0,0.0,1.0,232.0,-1.8230328672693594,0.7920084883834356,0.20438758990442085,0.006410413402883794,0.028500818218087514,0.5294715166182892,0.003022872045900904,0.23273500710182837,0.02693376535661707,0.011789051021935393,1.0,,0.0,0.5555709263093365,0.14192329429235412,0.047965176766023465,0.23588141181868452
1960-02-01 00:00:00+00:00,0.04556079829579866,0.05411755525770472,-0.6356215540047228,0.0,0.0,1.6986798229413875,6.042919090338627,2.4191402758901344,5.0371248291559185,0.7671641791044777,0.0,335.0,0.0,1.0,232.0,-1.8230328672693594,0.32780093962751716,0.6629870905893125,-0.011009742537354445,0.03252581291787575,0.6812787221590004,-0.07540580853814838,0.18058411624266313,0.028201258307214178,0.09494855040163586,1.0,,0.0,0.5112626703084341,0.13173098191921295,0.023057115543694065,0.24040484829473174
1960-03-01 00:00:00+00:00,0.006436051546153518,0.02517881425559455,-0.6645602950068329,0.0,0.0,1.1971351084927615,5.539525226113412,3.1157389650362584,5.914490564664859,0.7671641791044777,0.0,335.0,0.0,1.0,236.0,-1.8151326824715361,0.39105859795473014,0.6047787910876752,-0.008671399621913118,0.03167451485072475,0.6941206351601489,-0.08341791479072125,0.1475685611016182,0.028266351130508686,0.1395418326989324,1.0,,0.0,0.5407014521524619,0.1317918626190482,0.020641695423386355,0.24294202981471014
1960-04-01 00:00:00+00:00,0.03666218360338461,0.05854512866367855,-0.6311939805987489,0.0,0.0,1.1531814013942914,5.516653051878428,4.230584435873155,8.013429660346883,0.30149253731343284,1.0,300.0,-0.010408313795112143,1.0,236.0,-1.8151326824715361,0.6620485838102641,0.3357451814878046,0.0015088635168772028,0.029417944078148493,0.652967244817478,-0.030213984447247988,0.12287751978902506,0.02780271652991954,0.15643548146864994,1.0,,0.0,0.5628702955051245,0.1323479473794992,0.030263242025467124,0.23443265273353125
1960-05-01 00:00:00+00:00,-0.033232388718197586,0.01078729664070816,-0.6789518126217192,0.0,0.0,1.4753394002498121,5.6600506250842555,6.340262979853131,12.64851703645777,0.2955223880597015,1.0,300.0,-0.010408313795112143,1.0,236.0,-1.8151326824715361,0.6660809774062989,0.3315205836139705,0.0016621819321092728,0.029400005111039292,0.6511480578869302,-0.035115991742286745,0.10092421981240829,0.027835438101464834,0.17576174523857624,1.0,,0.0,0.590153007434192,0.13499436711749516,0.026636037135626678,0.24335269709936352
1960-06-01 00:00:00+00:00,0.06994058532005688,0.11977066550730367,-0.5699684437551238,0.0,0.0,1.7647136656508882,6.255672864807636,6.813663450807013,13.189708649195614,0.27761194029850744,1.0,300.0,-0.010408313795112143,1.0,236.0,-1.8151326824715361,0.8887876993858007,0.1086314194463257,0.01004342421047265,0.027672003761767976,0.361305817671716,-0.0062621196134600154,0.12092462751232169,0.028249107409582874,0.1295509385215743,1.0,,0.0,0.5412737056816999,0.11397381266008078,0.032317421913621955,0.19563020340653953
1960-07-01 00:00:00+00:00,-0.20717700132788383,0.005423060545046718,-0.6843160487173807,0.0,0.0,0.7591855547311808,5.531703502372798,2.5234251446812617,5.563473710977726,0.755223880597015,1.0,300.0,-0.010408313795112143,1.0,236.0,-1.8151326824715361,0.6767896767352701,0.31804519900292816,0.0020880393446886477,0.0295118040013594,0.6557541866513692,-0.06283146677753226,0.15243212944523776,0.026740484733573905,0.14521804460728394,1.0,,0.0,0.4860090481664452,0.12749404357534566,0.015081360184540024,0.23990672696615115
1960-08-01 00:00:00+00:00,-0.18654870283851388,0.05528224712953493,-0.6344568621328925,0.0,0.0,0.6404253650209645,4.922360698408546,2.853319723202273,5.49955043426314,0.7492537313432835,1.0,300.0,-0.010408313795112143,1.0,242.0,-1.3843087298370063,0.8258390215777117,0.17136044671566858,0.0076766898660324,0.02817959389269126,0.47676758179632306,-0.036737899816462694,0.20576552674886006,0.0255481542308818,0.17192139883994706,1.0,,0.0,0.43345076973908586,0.15032056551131953,0.07441517627003494,0.22622595475260415
1960-09-01 00:00:00+00:00,-0.38488434311052383,-0.06183069903886363,-0.751569808301291,0.0,0.0,1.1244767141088812,4.752284171684176,3.277205864723479,5.80583166662198,0.7492537313432835,1.0,300.0,-0.010408313795112143,1.0,242.0,-1.3843087298370063,0.5411474304971143,0.453033242742474,-0.003010317326076736,0.030618345931520605,0.7209555622310215,-0.024328962529611253,0.23955157632938828,0.023362175667678696,0.19127841330202955,1.0,,0.0,0.5626030355802802,0.17025081351556276,0.036443068843444254,0.30405855818768124
1960-10-01 00:00:00+00:00,-0.4290128609829978,-0.13861907130773682,-0.8283581805701643,0.0,0.0,1.0932081011122596,4.751336140118123,3.2889188180626006,6.030209340909553,0.7432835820895523,1.0,300.0,-0.010408313795112143,1.0,242.0,-1.3843087298370063,0.37077223255702163,0.6245614184483167,-0.00943053585765314,0.031868689719158905,0.6868987186312683,-0.037253718950171155,0.23824937192351925,0.023415905930884596,0.2288559840388409,1.0,,0.0,0.5659993964886787,0.1687988620314205,0.034166192869596684,0.30343153119324395
1960-11-01 00:00:00+00:00,-0.3328365325061052,-0.02829268077854448,-0.718031790040972,0.0,0.0,1.0540661382208247,4.684367139166494,3.5633742568337916,6.047782612834038,0.7432835820895523,1.0,300.0,-0.010408313795112143,1.0,242.0,-1.3843087298370063,0.7757682217088528,0.22104236475948924,0.005795910436971029,0.028598476702188028,0.5489427373792923,-0.014789277961549274,0.2706359250524546,0.02375585899560446,0.2412748660553321,1.0,,0.0,0.559633670338973,0.1715489615274895,0.05246467217044201,0.29063325088453695
1960-12-01 00:00:00+00:00,-0.19616095815513515,0.012335207573813078,-0.6774039016886143,0.0,0.0,1.0296055723797404,4.706381708041775,3.379378376785214,6.032386509341546,0.7373134328358208,0.0,335.0,0.0,1.0,242.0,-1.3843087298370063,0.9024868625042222,0.09502037370784558,0.010558149113938356,0.027558690858594748,0.3311847457673725,0.018089242254018423,0.2819344554977823,0.023897366840835484,0.22682150402031986,1.0,,0.0,0.49773450594735336,0.17681647003113019,0.0973141365809552,0.25631880348130515
1961-01-01 00:00:00+00:00,-0.25783829359428917,0.140409181763869,-0.5493299274985585,0.0,0.0,1.0857462500567447,4.80285799545446,4.256783139395728,7.4824992417724765,0.2417910447761194,0.0,335.0,0.0,1.0,246.0,-1.3502224326221217,0.958942613625982,0.036041168284644494,0.012703304173132923,0.027295698041830393,0.18653219455834338,0.035336434761801705,0.32866889352868434,0.0249137626578686,0.1387642988439417,1.0,,0.0,0.4871238640465748,0.16896078301757717,0.09352253906763001,0.24439902696752414
1961-02-01 00:00:00+00:00,-0.25568220724647395,0.22094219860445635,-0.4687969106579711,0.0,0.0,1.1244783128469642,5.128707266697411,4.499788069656204,8.34439061639959,0.2417910447761194,0.0,335.0,0.0,1.0,246.0,-1.3502224326221217,0.965562951140807,0.03003984121805414,0.012947277056291147,0.027200204464554005,0.1629964452285727,0.1006464731315102,0.35544991383042035,0.02544694284617844,0.1117347954762522,1.0,,0.0,0.5256840274038748,0.11567655996982981,0.007835317219606508,0.223517802720053
1961-03-01 00:00:00+00:00,-0.24082121009712756,0.2829277451607246,-0.4068113641017028,0.0,0.0,1.1902358316412651,5.386860710464187,3.916308966335958,6.574056780187703,0.23582089552238805,0.0,335.0,0.0,1.0,246.0,-1.3502224326221217,0.9621701402908419,0.034560887151247555,0.012810268421431235,0.02714699895705068,0.17211287086978166,0.11961600085224156,0.38436662940722055,0.0256418370068668,0.08184769386779589,1.0,,0.0,0.5170026161878144,0.10971784722314207,0.002479749877901158,0.2169559445683827
1961-04-01 00:00:00+00:00,-0.09012964105886764,0.3386759690558584,-0.35106314020656904,0.0,0.0,1.08927042801049,4.685818633248661,3.1492024635347664,5.482461368757615,0.7253731343283583,0.0,335.0,0.0,1.0,246.0,-1.3502224326221217,0.9578578613398074,0.03942573781443171,0.012643432944182383,0.02714166031978728,0.1847678014683726,0.17646811169708432,0.3790517821234669,0.02553149362599835,0.01983887034204912,1.0,,0.0,0.5358266004270745,0.16546977161261905,0.09264215419091505,0.23829738903432296
1961-05-01 00:00:00+00:00,0.05465813751941267,0.3404847155710902,-0.3492543936913372,0.0,0.0,0.8440932026081694,4.383699709012763,3.296416097265298,5.392188122028331,0.7253731343283583,0.0,335.0,0.0,1.0,246.0,-1.3502224326221217,0.9338096776497924,0.0637923983892211,0.011735939103668533,0.02730713920144926,0.2539811995743184,0.21324235413936865,0.36545030170597137,0.02543255850084243,-0.06756247954665273,0.0,,0.0,0.5189227355382668,0.1693962766467572,0.10080388102787656,0.2379886722656377
1961-06-01 00:00:00+00:00,-0.1961982992499261,0.2660332995290567,-0.42370580973337074,0.0,0.0,0.7411451897433807,4.444139346769294,3.309519780246318,5.81842143687679,0.7194029850746269,0.0,335.0,0.0,1.0,230.0,-1.0461025242449427,0.8269163980042388,0.169521132738796,0.0077235412038228176,0.02822501458727669,0.4781018864368253,0.16804039712890084,0.3284669811740386,0.025634604092038788,-0.17850153704625704,0.0,,1.0,0.5285107425799077,0.0018269938749932105,-0.05234224326020488,0.05599623101019134
1961-07-01 00:00:00+00:00,-0.40494253019341253,0.22625434021619298,-0.4634847690462345,0.0,0.0,0.8888437698576551,4.454841690205869,3.1922092950295564,5.463929188177643,0.7194029850746269,0.0,335.0,0.0,1.0,230.0,-1.0461025242449427,0.777137894408794,0.21954729904231568,0.005848485737122168,0.02859663093149915,0.5477458853834576,0.13491648925145672,0.2788508630061619,0.025250462469093925,-0.14856557481271704,0.0,,1.0,0.533928800881836,-0.006642960052024792,-0.05907721604681454,0.04579129594276493
1961-08-01 00:00:00+00:00,-0.17023357976072595,0.3651871667472078,-0.3245519425152196,0.0,0.0,0.8474709933762546,4.4022935933406755,3.379170368435185,5.548867235837415,0.7134328358208956,0.0,335.0,0.0,1.0,230.0,-1.0461025242449427,0.9267327494198374,0.06978205486712051,0.011478666052844446,0.027439291750227305,0.27602490552585635,0.12339444800154897,0.29138697437193084,0.025601398368622897,-0.16033638575729725,0.0,,1.0,0.4729936558361157,0.007525618909036243,-0.043562361033219615,0.05861359885129209
1961-09-01 00:00:00+00:00,-0.36386576352839106,0.2819905454749864,-0.407748563787441,0.0,0.0,1.0308440699773753,4.428961088024497,3.080213733284398,5.256656098705887,0.7134328358208956,0.0,335.0,0.0,1.0,230.0,-1.0461025242449427,0.8358289450946101,0.1604438038642969,0.008060256731186892,0.02816698974689344,0.4643153137743289,0.07200090037078244,0.2403597021410402,0.025203667880002955,-0.16136941448874698,0.0,,1.0,0.4892331567790449,-0.018051823671847538,-0.08499461128786195,0.04889096394416682
1961-10-01 00:00:00+00:00,-0.45537873290065217,0.3188642027392978,-0.37087490652312965,0.0,0.0,0.9239149377100918,4.389062106446921,3.1724458169345113,5.46947518449205,0.7074626865671642,0.0,335.0,0.0,1.0,230.0,-1.0461025242449427,0.8889498549285709,0.10850778409711344,0.010049206431325923,0.027668014155468833,0.3608205502625766,0.05206043238973734,0.22478781407432358,0.024983164103376244,-0.20437329230907597,0.0,,1.0,0.4464992182075966,-0.011512689422320418,-0.09281564052907962,0.06979026168443875
1961-11-01 00:00:00+00:00,-0.4139207252238353,0.4576567991978134,-0.23208231006461405,0.0,0.0,0.8307675489534019,4.355249255379087,3.3478854597070717,5.069859446506831,0.7074626865671642,0.0,335.0,0.0,1.0,156.0,-1.0497459270298664,0.9546964915060993,0.04134864554334617,0.012534742351697423,0.027253888939605196,0.19786797515938503,0.07005010662513289,0.24695934938940844,0.025664892612539698,-0.18204585444046728,0.0,,1.0,0.6088483805868926,0.003275221269703768,-0.07081705830714721,0.07736750084655475
1961-12-01 00:00:00+00:00,-0.6200023835227269,0.44171483430562986,-0.24802427495679757,0.0,0.0,0.6890356226228108,4.411028432128779,3.5860895342402053,5.3668705032212465,0.7014925373134329,0.0,335.0,0.0,1.0,156.0,-1.0497459270298664,0.9308407870557397,0.06643427207664085,0.011626938946943641,0.027353455693774308,0.2629415433563502,0.06914900103576205,0.22060255725450428,0.025185143506460932,-0.14889166882369675,0.0,,1.0,0.4306308818121694,0.00017204641272386195,-0.08059158208840776,0.08093567491385545
1962-01-01 00:00:00+00:00,-0.7444988136967255,0.268886993959146,-0.4208521153032814,0.0,0.0,0.7437243390398053,4.479335059116324,3.973012708688419,5.440339815659343,0.7014925373134329,0.0,335.0,0.0,1.0,156.0,-1.0497459270298664,0.5525805250462846,0.4378137749756603,-0.0025487544777806734,0.030796538763628215,0.7340061990984244,0.04454979508416912,0.19462433537707646,0.026104684314765696,-0.07306404589296811,0.0,,1.0,0.43943150942795683,-0.05356369140722758,-0.11004734997660136,0.00291996716214616
1962-02-01 00:00:00+00:00,-0.4849141029099178,0.3390253885659709,-0.3507137206964565,0.0,0.0,0.741638187879019,4.497580724361666,3.7287106323577546,5.513160155488908,0.6955223880597015,0.0,335.0,0.0,1.0,156.0,-1.0497459270298664,0.7746366824936042,0.22132403119333466,0.005760376055644291,0.028667378409917076,0.5538602479587537,0.06716322400047847,0.18274732233802737,0.025920353599327182,-0.07311106292015701,0.0,,1.0,0.44902008831432283,-0.027748557386625534,-0.0941404433685184,0.03864332859526725
1962-03-01 00:00:00+00:00,-0.39030373933864354,0.3184248025339195,-0.3713143067285079,0.0,0.0,0.7115219012296131,4.643088944754551,3.5972932035255742,5.299251336772123,0.6955223880597015,0.0,335.0,0.0,1.0,156.0,-1.0497459270298664,0.8160488545458534,0.18117046208138107,0.007308153221217596,0.0282547208308166,0.49174832084555986,0.029542295880090386,0.1705981909199794,0.02589248546874145,-0.08117992434487142,0.0,,1.0,0.41932185076835854,-0.02452016919798322,-0.09106126419156901,0.04202092579560254
1962-04-01 00:00:00+00:00,-0.47897133009826565,0.1744941766267029,-0.5152449326357245,0.0,0.0,1.0727024564923142,4.538454764644443,3.117216835480883,5.540071204778052,0.6895522388059702,0.0,335.0,0.0,1.0,240.0,-1.068226388133222,0.45604543632805455,0.5371056410603995,-0.006203898075354755,0.03135634306648641,0.7260462951526117,0.005028568737103889,0.11994723435558541,0.026715073052348833,0.0004927750581620316,1.0,,1.0,0.49770748362843054,-0.032803075557727164,-0.0904532395768596,0.024847088461405244
1962-05-01 00:00:00+00:00,-0.9610013289726077,-0.0751410001909582,-0.7648801094533856,0.0,0.0,1.0452033277490789,4.499014644234996,2.903197209057879,5.524944608525959,0.6895522388059702,0.0,335.0,0.0,1.0,240.0,-1.068226388133222,0.01362644894848927,0.9674814668151933,-0.022750901999240073,0.035665756088102046,0.16550261082303475,-0.08317610944612497,0.05478529602529214,0.02990881202449213,0.09762681445462551,1.0,,1.0,0.5268032514521588,-0.062642739580775,-0.12117010068870689,-0.004115378472843108
1962-06-01 00:00:00+00:00,-1.4275623221681972,-0.4240488302023538,-1.1137879394647812,0.0,0.0,1.135618983757296,4.194801311562169,2.81447535239141,5.844856905816969,0.6835820895522388,0.0,335.0,0.0,1.0,240.0,-1.068226388133222,3.0151982886706493e-05,0.7486858583133189,-0.02133696417595629,0.052194074893021664,0.5640766454953471,-0.2517360059726883,-0.10495255871823073,0.03612368383281166,0.2181871495914205,1.0,,1.0,0.6651466358761006,-0.09216927990224072,-0.1488878510793909,-0.035450708725090554
1962-07-01 00:00:00+00:00,-1.3848939201583068,-0.2968811938891255,-0.9866203031515529,0.0,0.0,1.288285700385086,4.213740666079571,2.991525914829811,5.6483536175297635,0.6835820895522388,0.0,335.0,0.0,1.0,240.0,-1.068226388133222,0.397635387561309,0.46998654436800275,-0.00736158559991662,0.040683484175855,0.9892519446933038,-0.24047058958158019,-0.07875086814734189,0.036336916432828346,0.1794856132475493,1.0,,1.0,0.7196784839705547,-0.10343298369266085,-0.20040449722750817,-0.006461470157813523
1962-08-01 00:00:00+00:00,-1.2300713595191601,-0.24808081399830392,-0.9378199232607314,0.0,0.0,1.4519973748093098,4.182846579533775,3.0909699017730876,5.900831558728252,0.6776119402985075,0.0,335.0,0.0,1.0,240.0,-1.068226388133222,0.7515795666967693,0.19464733756011318,0.005304889539211217,0.03236206848254577,0.6903657221669386,-0.17570623659968998,-0.00811930679541728,0.03592113913888316,0.17991128459861372,1.0,,1.0,0.6348569286307025,-0.09973574730187908,-0.19591195522257424,-0.00355953938118396
1962-09-01 00:00:00+00:00,-1.5571728477065425,-0.2949183723866996,-0.984657481649127,0.0,0.0,1.5220174521003795,4.1585593446899045,2.972771632151475,5.680044970416293,0.6776119402985075,0.0,335.0,0.0,0.0,336.0,0.0,0.7551612308152248,0.23222775817706617,0.004033654029323788,0.029908914939810783,0.606278725797375,-0.20110330959421674,-0.016050345830549873,0.035972452524396736,0.21813840871686185,1.0,,1.0,0.7403407637150135,-0.10899562614879112,-0.2045607287780215,-0.013430523519560825
1962-10-01 00:00:00+00:00,-1.6421254631394073,-0.3716372800211028,-1.0613763892835302,0.0,0.0,1.5659799906230174,4.127993078893398,3.2507576913455383,5.875844448851041,0.6716417910447762,0.0,335.0,0.0,0.0,336.0,0.0,0.49420908981148565,0.4947534262977451,-0.005980734426102845,0.032287206149259194,0.7462127349115388,-0.23416055378713452,-0.05214949475715347,0.036355286895954325,0.24941700456957072,1.0,,1.0,0.7521881688475749,-0.10721974558055523,-0.2185441977072503,0.004104706546139841
1962-11-01 00:00:00+00:00,-1.4434942769142154,-0.1996219901191337,-0.8893610993815612,0.0,0.0,1.6036336247377885,4.082034150456504,3.3646840345898408,5.660421950377905,0.6716417910447762,0.0,335.0,0.0,0.0,336.0,0.0,0.8364044488339657,0.13692733130827867,0.007303590739058333,0.030117668081670615,0.5183242480486907,-0.1318346181573835,-0.01699014269551924,0.03775167613501159,0.17716715551410367,1.0,,1.0,0.7200160374476781,-0.09492206729600045,-0.1950183955941992,0.005174261002198158
1962-12-01 00:00:00+00:00,-1.5644016183916123,-0.13755323044450815,-0.8272923397069356,0.0,0.0,1.632856312734642,4.1329426688537625,3.331130948521442,5.826830963398469,0.6656716417910448,0.0,335.0,0.0,0.0,336.0,0.0,0.9364790923742046,0.04966975252542496,0.010993616219182337,0.028266673356782512,0.26986021055622106,-0.012180188241281975,0.03958223573810926,0.038354266073154154,0.152654813577918,1.0,,1.0,0.7198515257428926,-0.02396776762022049,-0.09153762550565131,0.04360209026521031
1963-01-01 00:00:00+00:00,-1.4540862447915506,-0.0695610632310838,-0.7593001724935112,0.0,0.0,1.700857759012385,4.235349321248645,3.5515496346709923,5.567581568693446,0.6656716417910448,0.0,335.0,0.0,0.0,336.0,0.0,0.9600310920767506,0.03316372183422652,0.011816862783138147,0.027549137499344265,0.18608319148356836,0.14998728623745805,0.1204405360573757,0.0380549670625074,0.14501409526682796,1.0,,1.0,0.7507765841280682,0.008866612583677302,-0.057558612293430005,0.07529183746078467
1963-02-01 00:00:00+00:00,-1.5302844618067355,-0.061478639725587834,-0.7512177489880153,0.0,0.0,1.8296356713187922,4.42261936630992,3.571387599351634,5.879689116696854,0.6597014925373135,0.0,335.0,0.0,0.0,336.0,0.0,0.9475598544324986,0.049478330385498974,0.011296012897547454,0.02739917067143705,0.21702679415252593,0.1426177358930385,0.14728478253641786,0.03796949557089209,0.14411266944001877,1.0,,1.0,0.7107389661394129,0.0070845959167307425,-0.06279392139787436,0.07696311323133591
1963-03-01 00:00:00+00:00,-1.6321619796730178,-0.09466270946061835,-0.7844018187230458,0.0,0.0,1.713448163974681,4.37372083104929,3.646974131011544,5.594965577058757,0.6597014925373135,0.0,335.0,0.0,0.0,336.0,0.0,0.8908524351485633,0.10655146543909796,0.009119523065729813,0.02791433309517759,0.35700038607039936,0.10869875729251621,0.13079343494434692,0.038005273409555895,0.16923174169887378,1.0,,1.0,0.6634341156557586,-0.02958930414604715,-0.12978214456355355,0.07060353627145924
1963-04-01 00:00:00+00:00,-1.8812832973115958,0.03123848913042995,-0.6585006201319975,0.0,0.0,1.6316900760316353,4.260013660435529,3.7928389304176564,5.654910281583219,0.6537313432835821,0.0,335.0,0.0,0.0,336.0,0.0,0.9549965343102055,0.041391070480368275,0.011588197100462574,0.02737377207159865,0.19610688645840565,0.1668907582840129,0.18595640419574977,0.03859272270206049,0.13762903674822446,1.0,,1.0,0.727197829526623,0.014992820985628109,-0.03587426282786409,0.06585990479912034
1963-05-01 00:00:00+00:00,-1.4898289722334934,0.05291075915950226,-0.6368283501029252,0.0,0.0,1.5692426771938945,4.246980354343334,4.451478345051473,5.37316048281267,0.6537313432835821,0.0,335.0,0.0,0.0,336.0,0.0,0.9540011245582459,0.04379170295469598,0.011534308600164562,0.0272849519826137,0.19541754593738844,0.2188239973175765,0.17293662217388306,0.03838126607063027,0.1274725058261419,1.0,,1.0,0.7307935059268647,0.013665208920546791,-0.0520317968249628,0.07936221466605635
1963-06-01 00:00:00+00:00,-1.4899711967594862,0.023196174150779923,-0.6665429351116475,0.0,0.0,1.4597518894595716,4.225443743218956,4.154188932090469,5.684755646487116,0.6477611940298508,0.0,335.0,0.0,0.0,336.0,0.0,0.9068839723419363,0.0909325234964357,0.009729044843187233,0.027732594173585687,0.32004070917043015,0.14849699805919947,0.1943383221412125,0.03805767499240891,0.12197699432342013,1.0,,1.0,0.6352401214183497,-0.0061811520930211365,-0.09639950561005992,0.0840372014240176
1963-07-01 00:00:00+00:00,-1.597731121788858,-0.035275830481855334,-0.7250149397442828,0.0,0.0,1.3089204619675583,4.154389942257623,4.215481828711251,5.659667737054418,0.6477611940298508,0.0,335.0,0.0,0.0,336.0,0.0,0.7952682529281198,0.20159011735775928,0.005463930777376744,0.02886396770527167,0.5231323187634949,0.08790669248966587,0.16422682804423783,0.03824956738268774,0.17341558366265097,1.0,,1.0,0.6763391777257525,-0.0800688206200405,-0.18066699601107938,0.020529354770998376
1963-08-01 00:00:00+00:00,-1.388984066104352,0.04784586975184481,-0.6418932395105826,0.0,0.0,1.1843683225374446,4.133288315100379,4.2879724697278245,5.859182866278028,0.6417910447761194,0.0,335.0,0.0,0.0,336.0,0.0,0.9187377735090716,0.07903175936706854,0.010183675499279912,0.02762284473504007,0.29206054565367207,0.07726909389189185,0.2220385924788788,0.037930188344077666,0.13460459652328183,1.0,,1.0,0.6077214011994092,-0.02473671860740433,-0.11070059493189173,0.061227157717083036
1963-09-01 00:00:00+00:00,-1.3621449116575854,0.09795516987695792,-0.5917839393854695,0.0,0.0,1.110132280491546,4.200910389719106,4.188141747012228,5.587031072996333,0.6417910447761194,0.0,335.0,0.0,0.0,336.0,0.0,0.950414635757288,0.047614638446641364,0.011394263676279517,0.027302609630706375,0.20557976295365876,0.09014616204280212,0.27468466352939114,0.03762646499044977,0.12241752359497493,1.0,,1.0,0.6595893226547812,-0.004771797566485665,-0.06325920977313162,0.05371561464016027
1963-10-01 00:00:00+00:00,-1.278772546006571,0.07270855602400945,-0.6170305532384179,0.0,0.0,0.9959520218730952,4.051777786937351,4.647496767284257,6.218645622349876,0.6358208955223881,0.0,335.0,0.0,0.0,336.0,0.0,0.9141803446421478,0.08382738973723732,0.01000641541679699,0.02764963826901185,0.302223627275449,0.09643637512730763,0.24201908803320382,0.03741736511656328,0.14032603147307654,1.0,,1.0,0.5809386305537186,-0.014470313953029909,-0.10230971504285978,0.0733690871367999
1963-11-01 00:00:00+00:00,-1.2681632198301616,0.04880059603387731,-0.6409385132285501,0.0,0.0,0.9595653027125549,4.159864806523144,4.439832550425655,5.984253873079634,0.6358208955223881,0.0,335.0,0.0,0.0,336.0,0.0,0.8769491159285167,0.12089582780526338,0.008581959471526651,0.028016055648467268,0.3838127164052828,0.04483976229855813,0.21270692424028947,0.037358863384558,0.14966565130722564,1.0,,1.0,0.5736700403066913,-0.060441940173801965,-0.1515189536042364,0.030635073256632422
1963-12-01 00:00:00+00:00,-1.1849331643710825,0.09716252061318498,-0.5925765886492425,0.0,0.0,0.85903739909098,4.116030116565771,4.686749431498947,6.50452283755781,0.6298507462686567,0.0,335.0,0.0,0.0,336.0,0.0,0.9281991956086013,0.07002836575585479,0.01054099508892531,0.027500578287814374,0.266583487308402,0.042847810882010506,0.18044799829409186,0.03663073791712486,0.11431581960826787,1.0,,1.0,0.5017560740986816,-0.01849030816743362,-0.11708245529142725,0.08010183895655998
1964-01-01 00:00:00+00:00,-1.1407090285661061,0.16615597775684998,-0.5235831315055774,0.0,0.0,0.8251320038767047,4.002697851645908,5.079948374740143,6.507780610742569,0.6298507462686567,0.0,335.0,0.0,0.0,336.0,0.0,0.9561711597622399,0.04183407804973598,0.011615058315302539,0.02724939840501041,0.18803910941298618,0.07681423191286552,0.1705060809225678,0.03638867390666225,0.10944648065019891,1.0,,1.0,0.6296136943944387,0.002619627982448476,-0.06804734455728062,0.07328660052217759
1964-02-01 00:00:00+00:00,-1.0432409288196898,0.1754700381047486,-0.5142690711576788,0.0,0.0,0.7889289402006883,4.007111232983297,5.435602294575025,7.0190895717103166,0.6238805970149254,0.0,335.0,0.0,0.0,336.0,0.0,0.944680342721031,0.05356026710677602,0.011172220644226655,0.0273425050529203,0.22168804558140506,0.10724479208550797,0.15185561927750424,0.036132250957213646,0.10450324021441215,1.0,,1.0,0.5874952210331211,0.008012706748837663,-0.06966719432017396,0.08569260781784924
1964-03-01 00:00:00+00:00,-0.92743251863198,0.21358034236469597,-0.47615876689773146,0.0,0.0,0.7521450812271239,4.036340114853223,5.307579311283445,6.863282394577582,0.46865671641791046,0.0,335.0,0.0,0.0,336.0,0.0,0.9489825631689209,0.04930890090615491,0.011336463069664893,0.02729792223057506,0.20898289366677222,0.09801921439277628,0.14358969517457076,0.03601123016478579,0.08417753123677585,1.0,,1.0,0.6235651035272943,0.011499870556122052,-0.05889157076558807,0.08189131187783216
1964-04-01 00:00:00+00:00,-0.9088680786445138,0.2368743980276721,-0.45286471123475536,0.0,0.0,0.8397963340223862,4.214972598031145,4.586506827248181,6.499403875037476,0.6179104477611941,0.0,335.0,0.0,0.0,336.0,0.0,0.9454563251181157,0.05286324596558544,0.011201062218299076,0.027329581186240407,0.21918455386019065,0.08638138631537551,0.147823695705398,0.036039198351238665,0.07966091871076042,1.0,,1.0,0.5208318073800207,0.002515484131304301,-0.07547806229302578,0.08050903055563433
1964-05-01 00:00:00+00:00,-1.3912006169517288,0.2483190368736368,-0.44142007238879066,0.0,0.0,0.7710510222950707,4.20038754973491,4.89710312178899,6.741078748820565,0.4626865671641791,0.0,335.0,0.0,1.0,264.0,-1.0544551603737615,0.9367158478778789,0.06159501238254541,0.010866323280575166,0.027413537745695007,0.24369680423863807,0.09687949857414768,0.17085818947845066,0.035919502756793245,0.08473919644102157,1.0,,1.0,0.6008450365979615,-7.232688548877968e-05,-0.08331021298227806,0.08316555921130048
1964-06-01 00:00:00+00:00,-1.1339785273501861,0.2040843706856672,-0.4856547385767602,0.0,0.0,0.7427009956457076,4.128685090319951,6.553508858382885,7.35642637247221,0.6119402985074627,0.0,335.0,0.0,1.0,264.0,-1.0544551603737615,0.8743336475475572,0.12338348252590528,0.008483197262943129,0.028049938228580807,0.3894769966851021,0.09330683686851593,0.1710972718573487,0.03591672272566421,0.038923123216907385,1.0,,1.0,0.5701443833083888,-0.04254078621589114,-0.11638778251372661,0.03130621008194434
1964-07-01 00:00:00+00:00,-0.9482321959995726,0.3041872266032584,-0.385551882659169,0.0,0.0,0.8168277138465515,4.086331991729439,6.369861906457629,7.6515734110311895,0.45671641791044776,0.0,335.0,0.0,1.0,264.0,-1.0544551603737615,0.9456693562849809,0.05205769714742168,0.011215866588635479,0.02736900344470266,0.22051340328794505,0.10866746257439885,0.16572101286694174,0.03577947599636489,0.004154160433051501,1.0,,1.0,0.5809303316217633,0.007801544627281791,-0.06895363995931197,0.08455672921387544
1964-08-01 00:00:00+00:00,-0.9591519422081679,0.2389200442196986,-0.45081906504272884,0.0,0.0,0.8928052275618172,4.050215310700418,6.398476478410851,7.654752202092296,0.6059701492537314,0.0,335.0,0.0,1.0,264.0,-1.0544551603737615,0.8689822666255137,0.1283481202020358,0.00828252887840561,0.02812802503806449,0.40135290462288226,0.06685959514834572,0.16536477570013108,0.03578418837343854,0.0341369846717976,1.0,,1.0,0.5612022209587093,-0.036599984472764406,-0.1250596669578216,0.05185969801229274
1964-09-01 00:00:00+00:00,-1.0095096840084437,0.2802300290691197,-0.40950908019330773,0.0,0.0,1.0382717789331968,3.9702590204090993,7.074471680881043,8.930879478638786,0.4507462686567164,0.0,335.0,0.0,1.0,264.0,-1.0544551603737615,0.9178527535683985,0.08026756095889774,0.010145838478993826,0.02760674271845661,0.2929409774350369,0.06845101619775829,0.16824620308552518,0.03580221884438373,0.053186681242928024,1.0,,1.0,0.5726870904080165,-0.002914805353036304,-0.07409271446899536,0.06826310376292273
1964-10-01 00:00:00+00:00,-1.0795260275269776,0.3144999888376537,-0.37523912042477375,0.0,0.0,1.0403598303464587,3.9184531932844378,7.9215807388507775,9.306361468080633,0.4507462686567164,0.0,335.0,0.0,1.0,270.0,-1.1067411175799746,0.9396967755938718,0.058586167502704296,0.010980831855586475,0.027387065459114953,0.23560403456868775,0.06753066490151038,0.14107025345094826,0.03521033565427784,0.05513225418951517,1.0,,1.0,0.579882157512016,0.00359465058097769,-0.08005218494684388,0.0872414861087992
1964-11-01 00:00:00+00:00,-0.8411410465252636,0.3052601238569732,-0.3844789854054542,0.0,0.0,1.0296585522402741,3.9774731259803553,8.055303470200819,9.55837736265078,0.44477611940298506,0.0,335.0,0.0,1.0,270.0,-1.1067411175799746,0.9215065318501153,0.07670857608110725,0.010284747253040284,0.02756526922013201,0.2835922532273778,0.05687637685755931,0.13555107152719525,0.03519869486174649,0.05969797041532665,1.0,,1.0,0.5477332607351146,-0.010279823816710474,-0.06707765939089062,0.04651801175746968
1964-12-01 00:00:00+00:00,-0.9141946867756795,0.237829245964802,-0.4519098632976254,0.0,0.0,1.1645559686210047,3.614424542872856,8.212285787575892,10.041775530595086,0.44477611940298506,2.0,185.0,0.01766625764980822,1.0,270.0,-1.1067411175799746,0.813211580554022,0.18385359929989617,0.006148998129963286,0.028678395561953816,0.4966334048473505,0.02969112466413648,0.15599951905841802,0.034650017496956766,0.06945404214039996,1.0,,1.0,0.48231006349133376,-0.055340495830707624,-0.13617256850225434,0.025491576840839095
1965-01-01 00:00:00+00:00,-0.9676619288862731,0.3188899127920339,-0.37084919647039355,0.0,0.0,1.2379004515973668,3.4331342205712834,8.931689709283901,11.443840102259777,0.4388059701492537,2.0,185.0,0.01766625764980822,1.0,270.0,-1.1067411175799746,0.9211347271386089,0.07675634408524197,0.01027413704464348,0.027591484893088537,0.2857072795514551,0.0642837182396443,0.1682177660965145,0.03480168718978764,0.06124608586790092,1.0,,1.0,0.46576084194826406,-0.01707634275592345,-0.055810843106786,0.021658157594939095
1965-02-01 00:00:00+00:00,-0.9256511827576422,0.3156805323764747,-0.37405857688595273,0.0,0.0,1.19306557638707,3.46505293705668,9.46702318068355,12.089137003582687,0.15223880597014924,2.0,185.0,0.01766625764980822,1.0,270.0,-1.1067411175799746,0.9225233641332957,0.07566709248126674,0.010323977204111583,0.027557297600320364,0.28114928433378605,0.038332448637269145,0.1745111656241205,0.03479766736205641,0.04091738806923306,1.0,,1.0,0.5374893222562708,-0.019888982128061863,-0.05840503104177638,0.018627066785652645
1965-03-01 00:00:00+00:00,-1.0283274296615366,0.2939872177588234,-0.395751891503604,0.0,0.0,1.1134735191588543,3.5068381303925364,7.969133708101813,10.347955357773357,0.43283582089552236,2.0,185.0,0.01766625764980822,1.0,274.0,-1.1567590626058508,0.894997025061641,0.10303439004465882,0.009271261244674459,0.0278309091397566,0.34571702408969723,0.0475921491062703,0.2079283560692975,0.03409997558010136,-0.0018976344204100215,0.0,,1.0,0.46003625891543587,-0.03329530763407211,-0.09817832277154967,0.03158770750340542
1965-04-01 00:00:00+00:00,-1.1225917593607135,0.31610190750002726,-0.3736372017624002,0.0,0.0,1.0367255535282571,3.500592249615135,7.182902683098496,9.16502385113401,0.43283582089552236,2.0,185.0,0.01766625764980822,1.0,274.0,-1.1567590626058508,0.9183965849061437,0.07987610705631266,0.010164963484582682,0.027590896252646914,0.2910363070402569,0.043624781431161,0.29504709396281115,0.03087491395600125,0.0121800797702587,1.0,,1.0,0.42281071165735873,-0.018098973259281646,-0.08044065575406584,0.04424270923550252
1965-05-01 00:00:00+00:00,-1.0130171093001292,0.3454106913560234,-0.344328417906404,0.0,0.0,1.0144815622013301,3.5929386567848294,6.929594241302409,8.916861100181189,0.42686567164179107,2.0,185.0,0.01766625764980822,1.0,274.0,-1.1567590626058508,0.9362438122746388,0.06208864610626783,0.010847998032811149,0.027416527920079817,0.24490168525723177,0.04129266354209271,0.4340989229657293,0.02050262333538674,-0.05666384596867058,0.0,,1.0,0.47038228065680204,-0.005954133117525546,-0.0712438061838317,0.05933553994878057
1965-06-01 00:00:00+00:00,-1.1117696225172795,0.15644426641299963,-0.5332948428494277,0.0,0.0,1.12095595798677,3.6643181862857213,7.910178365815023,10.158530016492916,0.15223880597014924,2.0,185.0,0.01766625764980822,1.0,274.0,-1.1567590626058508,0.3235120937088183,0.6620245233844196,-0.012481508192386206,0.03415461500196684,0.6994121069261375,-0.01743569122180233,0.3585859698869731,0.02339454698284839,-0.013073199580955652,0.0,,1.0,0.5719074804522601,-0.03532806682754185,-0.07515322034463792,0.0044970866895541264
1965-07-01 00:00:00+00:00,-1.0771210700094196,0.17706556082048455,-0.5126735484419429,0.0,0.0,1.1835732244648918,4.013052867148762,7.760734798909814,10.926727381545845,0.4208955223880597,2.0,185.0,0.01766625764980822,1.0,274.0,-1.1567590626058508,0.5465384558987446,0.4480376029157872,-0.004039002803571592,0.03139547139701612,0.7182074609804249,-0.00149419660081751,0.3302115590572905,0.023293854175766047,-0.017191065377209824,0.0,,1.0,0.5289449165689034,-0.040251941809308724,-0.08220693262141285,0.0017030490027953524
1965-08-01 00:00:00+00:00,-1.1162244592455672,0.2228975970343019,-0.46684151222812553,0.0,0.0,1.1135760675157813,3.983735749589202,4.773898961406355,7.555759483398678,0.4208955223880597,1.0,295.0,0.011250541524086987,1.0,280.0,-1.2165665161140955,0.807521200151715,0.18988724432864873,0.005927158123140684,0.028708642237080032,0.5035350989644677,-0.00844990083005559,0.36087117486067566,0.023030630287617676,-0.10413065317317116,0.0,,1.0,0.5074093614353272,-0.03325231738355878,-0.10774683178194215,0.041242197014824664
1965-09-01 00:00:00+00:00,-1.2261486744954904,0.2975475217136793,-0.3921915875487481,0.0,0.0,0.8623087197790084,3.7577025762493657,3.377003689359292,6.090010915027453,0.41492537313432837,1.0,295.0,0.011250541524086987,1.0,280.0,-1.2165665161140955,0.9288932952623149,0.06878033568013926,0.010573795936192478,0.027532713553711553,0.2667360649625697,0.017134457226274158,0.4258061766375292,0.02211393344468355,-0.1728547976648791,0.0,,1.0,0.4301043445808208,-0.021221971263423876,-0.09927866857378315,0.05683472604693535
1965-10-01 00:00:00+00:00,-1.052896503453108,0.3243982113356406,-0.3653408979267868,0.0,0.0,0.8534416754390216,3.195912887832858,3.438362089727674,5.434869461325524,0.564179104477612,1.0,295.0,0.011250541524086987,1.0,280.0,-1.2165665161140955,0.9456478217242391,0.052496166096085824,0.011210366882250569,0.02734003926220471,0.21922764610489415,0.03848538785424971,0.3782483620809307,0.02003226395159586,-0.20679165717525994,0.0,,1.0,0.440185767234088,-0.008553099395589448,-0.08039427354322773,0.06328807475204881
1965-11-01 00:00:00+00:00,-0.9564401470767306,0.3279926107509017,-0.36174649851152574,0.0,0.0,0.9777922547920999,3.200143882117456,3.105834216576442,5.409559779322377,0.408955223880597,1.0,295.0,0.011250541524086987,1.0,280.0,-1.2165665161140955,0.9340974138872906,0.06415380173657785,0.010766683139676108,0.02744267936926137,0.2509810274087032,0.03691342856212554,0.34414071076621866,0.01926560964281683,-0.16624940604696814,0.0,,1.0,0.41286638271025755,-0.0019767246166711877,-0.07318198373180557,0.06922853449846317
1965-12-01 00:00:00+00:00,-1.1458425648504187,0.2896374681944591,-0.4001016410679683,0.0,0.0,0.9006997511215237,3.216037455586555,2.8744024294436126,5.540440621822081,0.5582089552238806,1.0,295.0,0.011250541524086987,1.0,280.0,-1.2165665161140955,0.8795334767320037,0.11825324709940682,0.008681615830593183,0.027995484968435524,0.3788925348940429,0.014405970363514875,0.2985176070917861,0.018849148747719077,-0.15433566192416226,0.0,,1.0,0.4143521270128532,-0.044929547942626435,-0.09419208487506903,0.0043329889898161625
1966-01-01 00:00:00+00:00,-1.0916297910555073,0.33689026263475386,-0.3528488466276736,0.0,0.0,1.1423420394355237,2.968307666171176,2.958946961400154,5.543193353849857,0.40298507462686567,1.0,295.0,0.011250541524086987,0.0,336.0,0.0,0.9278329569178109,0.070384212481433,0.010527081465481317,0.027504797695616298,0.26756717606072766,0.08660668089063783,0.30257491488457244,0.01889071840073849,-0.1338812976765862,0.0,,1.0,0.47142563039230895,-0.009041638758784984,-0.07564054968431348,0.057557272166743494
1966-02-01 00:00:00+00:00,-1.2578697608918283,0.27793566140634085,-0.4118034478560866,0.0,0.0,1.3468016356353643,3.143459675254218,2.7996141261011327,5.328481628744742,0.5522388059701493,1.0,295.0,0.011250541524086987,0.0,336.0,0.0,0.8476892027149164,0.14974810514558096,0.00746561976942123,0.028323590282349997,0.4397058087484844,0.0750956762734507,0.296608478038225,0.019062885396034235,-0.08695806651144267,0.0,,1.0,0.5219353059962932,-0.038627756034428314,-0.09929660575704666,0.02204109368819005
1966-03-01 00:00:00+00:00,-1.4702197562219461,0.13893042643596507,-0.5508086828264623,0.0,0.0,1.5205990849447217,3.318715187991085,2.956609775340245,5.203516773333928,0.5522388059701493,1.0,295.0,0.011250541524086987,0.0,336.0,0.0,0.3805546097310206,0.6111236905896584,-0.01036514337765245,0.03318098703553075,0.7084667087594192,0.011557530014062678,0.20553794659072544,0.019986848318872232,-0.021597257138702197,0.0,,1.0,0.6050791515859908,-0.08232050582279483,-0.15409367382072636,-0.010547337824863348
1966-04-01 00:00:00+00:00,-1.2678535967369764,0.2290748060844982,-0.4606643031779292,0.0,0.0,1.6052110849730097,3.4983865019709004,2.9857562645479656,5.419982216757692,0.5462686567164179,0.0,335.0,0.0,0.0,336.0,0.0,0.7521969355830672,0.24395332215986454,0.0038218626874886846,0.029324226563083113,0.5797610954774062,0.002618179958491673,0.20960035927844434,0.020082093119573093,-0.031475629831208884,0.0,,1.0,0.6304503508937651,-0.07296053427136517,-0.13813328557173266,-0.00778778297099772
1966-05-01 00:00:00+00:00,-1.4531650835024983,0.05669159789334127,-0.6330475113690861,0.0,0.0,1.7475335394910194,3.782218425181879,2.853405568692945,5.375855327996175,0.5462686567164179,0.0,335.0,0.0,0.0,336.0,0.0,0.18484262517243308,0.8047014181663951,-0.017838691773616293,0.03519656717095746,0.5345946419528181,-0.07050343661609304,0.1592479274056382,0.02245943962778246,0.03732640307480484,1.0,,1.0,0.6978674107209742,-0.07577085639923412,-0.12483841183010136,-0.02670330096836692
1966-06-01 00:00:00+00:00,-1.5036233543447586,0.048383008307984136,-0.6413561009544433,0.0,0.0,1.148327904865348,3.091747175807867,3.124907011030721,6.491779522794003,0.5402985074626866,0.0,335.0,0.0,0.0,336.0,0.0,0.3508982527203934,0.6450082435617905,-0.011548648134045639,0.033167970360321715,0.6728199492290061,-0.09020686121808463,0.16602715705846816,0.022286032322784265,0.033129749561541466,1.0,,1.0,0.729972344371898,-0.07561313053421967,-0.1520473270034014,0.0008210659349620203
1966-07-01 00:00:00+00:00,-1.6561327282374092,0.03348706591392159,-0.6562520433485058,0.0,0.0,1.0005263421791648,2.7770787826132715,3.1696374569158694,6.760032660789768,0.3850746268656716,0.0,335.0,0.0,0.0,336.0,0.0,0.5239162671537364,0.4740577380243771,-0.00494372857864654,0.03137346440637566,0.7050854314855425,-0.0881393041184273,0.13310920908146695,0.022000206524371756,0.05290722844796214,1.0,,1.0,0.7344690264754662,-0.07290415386101469,-0.1311857739052899,-0.014622533816739496
1966-08-01 00:00:00+00:00,-1.9913661850433415,-0.1501474454977166,-0.8398865547601441,0.0,0.0,1.009516738279592,2.7294011504490845,3.3658748143505868,6.580367197765847,0.5343283582089552,0.0,335.0,0.0,0.0,336.0,0.0,0.03549823793706798,0.9578832590180405,-0.023602912196191674,0.0363522044636461,0.19293078648541673,-0.17382663987112768,0.038602112970642644,0.02481432247299111,0.1342033344457425,1.0,,1.0,0.7225059822792365,-0.06362622354171153,-0.11894918061153674,-0.008303266471886346
1966-09-01 00:00:00+00:00,-1.8835747088810701,-0.20849722687969796,-0.8982363361421254,0.0,0.0,0.9472034556608542,2.5760499858585177,4.561644348525944,7.768257128712817,0.37910447761194027,0.0,335.0,0.0,0.0,336.0,0.0,0.08491308916428085,0.9122582902610856,-0.02175238473169855,0.03561584861361682,0.3097793228679446,-0.196637728507838,0.0035343744030793545,0.025588680154830436,0.1809523804440234,1.0,,1.0,0.7137981089263975,-0.05976429091849198,-0.10367448343272026,-0.015854098404263682
1966-10-01 00:00:00+00:00,-1.7776426108393475,-0.22870710490612023,-0.9184462141685477,0.0,0.0,0.9507214030977842,2.653455867542343,4.111116541242453,7.531011736275495,0.5283582089552239,0.0,335.0,0.0,0.0,336.0,0.0,0.2538550279215749,0.744960718453369,-0.015298870124341769,0.03388981498155611,0.5753476141382639,-0.1664086349006002,-0.005710450608432893,0.025696988044644573,0.1912848149788653,1.0,,1.0,0.7718093008265123,-0.06684840523336684,-0.1143587847251823,-0.019338025741551426
1966-11-01 00:00:00+00:00,-1.7062128278852977,-0.11510377230713409,-0.8048428815695615,0.0,0.0,0.9414403962732605,2.6836690273403994,3.228918845431731,7.453559773095607,0.373134328358209,0.0,335.0,0.0,0.0,336.0,0.0,0.7273492516068899,0.27045577648527985,0.003154828174834939,0.02910804584656226,0.5986478627854268,-0.1415160572551013,0.02523649114133253,0.026842879834733206,0.1076244354842224,1.0,,1.0,0.7511975350928622,-0.07010031736707141,-0.12135041913384195,-0.018850215600300826
1966-12-01 00:00:00+00:00,-1.8334670104769426,-0.1348308355279464,-0.8245699447903738,0.0,0.0,0.8882243696281131,2.6319899178558708,3.0571747713267072,7.07402054503744,0.5223880597014925,0.0,335.0,0.0,0.0,336.0,0.0,0.8220965293793039,0.17620396862778018,0.006687127228459158,0.028166366181762804,0.47779506680340744,-0.0832658455919768,-0.0008321500992041209,0.026356220577689403,0.12857203831863107,1.0,,1.0,0.7303565681391182,-0.062160638280712284,-0.11277503635335194,-0.011546240208072635
1967-01-01 00:00:00+00:00,-1.7702926642972203,-0.054190431594963354,-0.7439295408573908,0.0,0.0,0.8958627524794605,2.5982510732217126,3.200713940897229,7.278137460889979,0.36716417910447763,0.0,335.0,0.0,0.0,336.0,0.0,0.934851143332591,0.06284507860206864,0.010902878262805301,0.027128997610177008,0.2508678641610624,-0.0342014172049927,0.024580947767967487,0.027044796636437527,0.08231612595091509,1.0,,1.0,0.6326349837882295,-0.009884852525726188,-0.0863105259617378,0.06654082091028539
1967-02-01 00:00:00+00:00,-2.057827044163503,-0.0007399854924460947,-0.6904790947548736,0.0,0.0,0.9298747067801985,2.629908126988575,3.1790106758581835,6.7831453344240185,0.5164179104477612,0.0,335.0,0.0,0.0,336.0,0.0,0.9593335866609379,0.038345023942540975,0.011817092814954048,0.026895829426394183,0.1789568149171464,0.005328675139217864,0.04041866982790854,0.027472598029828797,-0.0006891544593994325,0.0,,1.0,0.6766858736941375,0.003286210336996536,-0.08168643997551107,0.08825886064950413
1967-03-01 00:00:00+00:00,-2.0030554841550674,0.023807533310444797,-0.6659315759519826,0.0,0.0,0.9247038096717975,2.7315270114766514,3.563395532645761,6.043160475483913,0.3611940298507463,0.0,335.0,0.0,0.0,336.0,0.0,0.9556072470323049,0.042535964692953614,0.011673257714708977,0.026899096636947967,0.18937293183040668,0.09409092604853164,0.04631165270379878,0.027573849603696965,-0.042329541714282826,0.0,,1.0,0.6878016907996309,0.0034799857327024574,-0.06699781480423307,0.07395778626963796
1967-04-01 00:00:00+00:00,-2.323719321441433,0.041427532545577454,-0.64831157671685,0.0,0.0,0.827091794339949,2.732513318404704,3.7469299267966196,6.199879595264125,0.5104477611940299,0.0,335.0,0.0,0.0,336.0,0.0,0.947189445726164,0.05111566566715369,0.011357341744508694,0.02696839569372835,0.21420531152761185,0.1439973477921619,0.05065222362109356,0.027622412484674428,0.011957935732561431,1.0,,1.0,0.6363860440641058,0.00928825731187427,-0.04907448664347115,0.06765100126721967
1967-05-01 00:00:00+00:00,-2.2032447504686243,0.06473560209916686,-0.6250035071632606,0.0,0.0,0.8546617990106854,2.7704399919428133,4.744584913448249,6.464040776416604,0.35522388059701493,0.0,335.0,0.0,0.0,336.0,0.0,0.9453622235022113,0.052987063436972244,0.011288675326693094,0.026982808112303604,0.21935304536161426,0.17361462363397173,0.07459733615702291,0.027647583518065004,0.01704857281445893,1.0,,1.0,0.6177478386395976,0.015120095371289633,-0.04509436140047014,0.07533455214304939
1967-06-01 00:00:00+00:00,-2.3774507649821306,0.009206692492333982,-0.6805324167700935,0.0,0.0,0.9464413820452071,2.7809190598512883,4.814737982689756,6.4245675405487495,0.5044776119402985,0.0,335.0,0.0,0.0,336.0,0.0,0.8448298781971889,0.15239660829925303,0.007546760618556858,0.02802363493459524,0.44548366195157585,0.10917229439042497,0.025741322957358648,0.027261482490398274,0.0533957322181271,1.0,,1.0,0.6219658287366534,-0.057340527277961496,-0.16434810513435377,0.04966705057843066
1967-07-01 00:00:00+00:00,-2.7859971149039318,0.04972346400991436,-0.6400156452525131,0.0,0.0,0.9257991877583144,2.897017303452023,4.874926328025268,6.62452126609394,0.3492537313432836,0.0,335.0,0.0,0.0,336.0,0.0,0.9087282365473536,0.0894033390123961,0.009923178931746435,0.027348731391109857,0.3145853832085512,0.1191035862536971,0.05141184100614726,0.027266787107108652,0.03153349415851281,1.0,,1.0,0.574109637384911,-0.014793489659003456,-0.10833431564117618,0.07874733632316921
1967-08-01 00:00:00+00:00,-2.56357196054005,0.06795475059503439,-0.621784358667393,0.0,0.0,1.3630049218605784,2.3849609804427536,6.753936980891237,6.960537774845106,0.3492537313432836,3.0,215.0,0.01795077109159751,0.0,336.0,0.0,0.9289735287118475,0.06935448745152482,0.010677030092739301,0.027141198446329454,0.26420653844070174,0.09425799225120102,0.05038792382141022,0.02725368997581891,-0.006203623561831684,0.0,,1.0,0.4947483971374225,-0.014507769657509136,-0.11840728318391101,0.0893917438688927
1967-09-01 00:00:00+00:00,-2.4936735007295514,0.08216698663440365,-0.6075721226280237,0.0,0.0,1.3902836143723094,2.4351591824088907,6.424352252854211,7.924723933506591,0.34328358208955223,3.0,215.0,0.01795077109159751,0.0,336.0,0.0,0.9327238231260472,0.06563354842390831,0.0108167469630966,0.027103245120449183,0.25425626425481923,0.07127271844762806,0.04416072337402621,0.0271684828594667,0.01204737814895207,1.0,,1.0,0.4964006020554347,-0.011381627882159026,-0.08809920102528326,0.06533594526096517
1967-10-01 00:00:00+00:00,-2.571444167002628,0.05729697152091204,-0.6324421377415154,0.0,0.0,1.2996524634747502,2.2944515400728993,5.916212066529221,7.110550963660295,0.34328358208955223,3.0,215.0,0.01795077109159751,0.0,336.0,0.0,0.8916161415898664,0.10637902565927787,0.009285694422103436,0.027522079224107817,0.3531087013307632,0.046473437216967284,0.035908713063206754,0.02718235423377936,0.035275032146046215,1.0,,1.0,0.49493654782965324,-0.029479773576979885,-0.13448907203264082,0.07552952487868103
1967-11-01 00:00:00+00:00,-2.6202966593796275,-0.03829860407766674,-0.7280377133400942,0.0,0.0,1.2393522542259545,2.3078700370313987,5.874485173422122,7.57019738267799,0.3373134328358209,3.0,215.0,0.01795077109159751,0.0,336.0,0.0,0.5840876195733392,0.4101395862628733,-0.002157443163475545,0.03072922015856139,0.7093629224678385,-0.0024159919396700147,0.018545107017287066,0.027683717909912732,0.08257482042835917,1.0,,1.0,0.5506914683848076,-0.07918744595416226,-0.17387128736058058,0.01549639545225602
1967-12-01 00:00:00+00:00,-2.4933872001090753,0.0426626575974719,-0.6470764516649555,0.0,0.0,1.2091308944385122,2.3547288659836996,5.35522181371182,6.938271423289419,0.3373134328358209,3.0,215.0,0.01795077109159751,0.0,336.0,0.0,0.8398695167911921,0.15720978290220933,0.007363062425291386,0.028081393059265453,0.454475055455984,0.007979789651849423,0.018293407569228037,0.027677100066461784,0.06499304778784598,1.0,,1.0,0.5156913123116071,-0.06139934540464611,-0.17132230722708985,0.0485236164177976
1968-01-01 00:00:00+00:00,-2.5286018781114903,0.001324476160162496,-0.6884146331022649,0.0,0.0,1.1658068469355947,2.446426599449558,5.027014790487806,7.491952948957567,0.33134328358208953,3.0,215.0,0.01795077109159751,0.0,336.0,0.0,0.8124422582422854,0.18506411034301104,0.006334750055171859,0.028314192714346348,0.49591255608749846,0.01498495918438092,0.0023938335044704218,0.027693285807726013,0.027626704991019935,1.0,,1.0,0.5229520849976649,-0.06780017104216089,-0.174219754819147,0.03861941273482526
1968-02-01 00:00:00+00:00,-2.4847909993989035,-0.12454908644388092,-0.8142881957063084,0.0,0.0,1.1031219428906973,2.485801096560813,4.961488902020653,6.897018623148771,0.33134328358208953,3.0,215.0,0.01795077109159751,0.0,336.0,0.0,0.27649610580120654,0.7146001789233497,-0.013609397054584695,0.03389252635856903,0.6376175092914299,-0.04826770776814371,-0.044448015868266744,0.0289151191160153,0.06622902554329269,1.0,,1.0,0.5801787653043351,-0.090796356599048,-0.1743470127913032,-0.007245700406792788
1968-03-01 00:00:00+00:00,-2.4176795911698132,-0.15531007054484783,-0.8450491798072752,0.0,0.0,1.0516535847056059,2.7696318307410617,4.274667477563966,7.806120343391709,0.3253731343283582,3.0,215.0,0.01795077109159751,0.0,336.0,0.0,0.2895721506510239,0.7063208490176061,-0.013169887611569649,0.033432732402800584,0.6270273437999921,-0.08244195011149369,-0.07567880772124447,0.029043330821837986,0.05734564731225156,1.0,,1.0,0.5784616613573095,-0.09309299615191304,-0.1643892028980699,-0.02179678940575623
1968-04-01 00:00:00+00:00,-2.2751286918722897,0.0115147656233214,-0.678224343639106,0.0,0.0,0.9109535269836032,2.3425232405636662,3.108470209546688,6.060754219630905,0.4746268656716418,2.0,225.0,0.016406209159468874,0.0,336.0,0.0,0.7442817657974863,0.24022265289606906,0.0039219641634788485,0.029873739196539278,0.6269890136558975,-0.024997096919300077,-0.022129037087366576,0.03128657394174847,0.003423897907689266,1.0,,1.0,0.536514806040225,-0.11184182340152835,-0.20719848671853627,-0.016485160084520487
1968-05-01 00:00:00+00:00,-2.080861410621586,0.01614015149666652,-0.673598957765761,0.0,0.0,0.8076310281850371,2.2815211878307697,2.971294419135298,5.444024371972287,0.3194029850746269,2.0,225.0,0.016406209159468874,0.0,336.0,0.0,0.8860679072038974,0.10847191934866712,0.009113618824443889,0.027816231549297916,0.3765740359540589,-0.0006216185304346311,0.05272278575457445,0.029991573103506173,0.012893956559170583,1.0,,1.0,0.46916016128470167,-0.07463375391431994,-0.20476502507779615,0.05549751724915618
1968-06-01 00:00:00+00:00,-2.0225870909376806,0.04990060797338185,-0.6398385012890456,0.0,0.0,0.9734516063843495,2.2687236589054893,2.3706085409508275,5.751254248300475,0.46865671641791046,2.0,225.0,0.016406209159468874,0.0,336.0,0.0,0.9345926199423681,0.06274897132944804,0.010896825179758606,0.027156210592716917,0.2527121534477453,0.05494359112432967,0.07498289474243425,0.030160823626989856,-0.06693098023946487,0.0,,1.0,0.4844572800450863,-0.0074032420836215975,-0.1330395788892647,0.11823309472202147
1968-07-01 00:00:00+00:00,-1.992669918352158,0.013070574629754115,-0.6766685346326733,0.0,0.0,1.0888247568547338,2.2605291691212592,2.2826903436522037,5.781827480469773,0.31343283582089554,2.0,225.0,0.016406209159468874,0.0,336.0,0.0,0.8795409272437854,0.11795457266680522,0.008839944795794159,0.027672543343017553,0.3800174288596914,0.022065042093578846,0.04880835049286247,0.030069164049935756,-0.11036283353145926,0.0,,1.0,0.49678759306227216,-0.06220855273375225,-0.12837477465889108,0.003957669191386591
1968-08-01 00:00:00+00:00,-2.0312657381245516,-0.051863170365500574,-0.741602279627928,0.0,0.0,1.211524602899038,2.316832190651633,2.2163115659866683,6.125191872124683,0.4626865671641791,2.0,225.0,0.016406209159468874,0.0,336.0,0.0,0.7008411857143761,0.2950754420696095,0.0021843301456152117,0.02949356454891336,0.6317394683131674,0.005738242738454247,-0.00900238098334949,0.029876433300381405,-0.09645053049825147,0.0,,1.0,0.5496156641263784,-0.08841840453032751,-0.17674277324378032,-9.403581687464357e-05
1968-09-01 00:00:00+00:00,-1.762945927321757,0.02973209720912544,-0.660007012053302,0.0,0.0,1.2104645103012244,2.352570730880167,1.9103133364356863,6.174765679481589,0.3074626865671642,2.0,225.0,0.016406209159468874,0.0,336.0,0.0,0.8905036772402247,0.10692657736524666,0.009249893914864773,0.027572136474173243,0.35764223404705897,0.08400925105597956,0.0010758473334631091,0.0301157873183037,-0.12480252132291003,0.0,,1.0,0.5342033932099811,-0.018185949957601026,-0.12092104090796413,0.08454914099276203
1968-10-01 00:00:00+00:00,-1.5357066432649003,0.053101742670979696,-0.6366373665914478,0.0,0.0,1.2129986304775888,2.4028871043982556,1.5241305197641077,5.9619399116146,0.45671641791044776,2.0,225.0,0.016406209159468874,0.0,336.0,0.0,0.9329523801133673,0.0651780249195504,0.010827583195234374,0.02711688933195244,0.25447005700262004,0.12407801107729632,0.011485774793926318,0.030250780772434312,-0.13823839156948026,0.0,,1.0,0.5270381490351649,0.01695806085930152,-0.0652037433097637,0.09911986502836669
1968-11-01 00:00:00+00:00,-1.5085280003754173,0.06746274251919833,-0.6222763667432291,0.0,0.0,1.1348329182721322,2.4142208416319053,1.1744770869407453,5.901737533619108,0.30149253731343284,2.0,225.0,0.016406209159468874,0.0,336.0,0.0,0.9369805692918179,0.06133196850534448,0.010976124730443435,0.027065618177400795,0.24296965200282972,0.06820089275612773,0.03166588530524628,0.030285245331850386,-0.14885456730371782,0.0,,1.0,0.5389454288424999,0.024543485112820014,-0.05731847823505927,0.10640544846069928
1968-12-01 00:00:00+00:00,-1.3764002469296839,0.07318597975923172,-0.6165531295031957,0.0,0.0,1.1260171539422492,2.5382689131015805,1.116125933071461,5.68463813671062,0.4507462686567164,2.0,230.0,0.01634783478189457,0.0,336.0,0.0,0.9291508726798603,0.06916495531066978,0.010683774795536456,0.027140350748870282,0.2637914407223162,0.055924264625236475,0.022040369489173095,0.030176529842901294,-0.21620433495815927,0.0,,1.0,0.4671652659009699,0.022349660889189132,-0.08371535704634847,0.12841467882472668
1969-01-01 00:00:00+00:00,-1.6781478951072961,-0.05432124894172967,-0.7440603582041571,0.0,0.0,1.1315543875052403,2.3721483953444764,1.2478059546104576,5.57838852137551,0.2955223880597015,2.0,230.0,0.01634783478189457,0.0,336.0,0.0,0.4557974413934839,0.5343099881028387,-0.0069052655347305435,0.03224486160557856,0.7386812960012998,-0.010784068042726247,-0.010896849573742706,0.031114417300982262,-0.1816855788881373,0.0,,1.0,0.5699916854040521,-0.04280489121673015,-0.1128718597240187,0.0272620772905584
1969-02-01 00:00:00+00:00,-1.535415228747101,-0.06061846931257608,-0.7503575785750035,0.0,0.0,1.2159941984687757,2.3411353897961096,1.3243264214750097,5.868235260224405,0.44477611940298506,2.0,230.0,0.01634783478189457,0.0,336.0,0.0,0.5320336582244605,0.4635992292327981,-0.004115107956281844,0.031129532872571725,0.7158533048042612,-0.013572176383363832,0.023678644095435963,0.030185691873322755,-0.21194976796320208,0.0,,1.0,0.5340933414973336,-0.05065196536178418,-0.11812288793817084,0.01681895721460243
1969-03-01 00:00:00+00:00,-1.7232316951352027,-0.13309907761325473,-0.8228381868756822,0.0,0.0,1.2172246784076715,2.3040222325146495,1.3559009525762682,5.592690634440314,0.44477611940298506,2.0,230.0,0.01634783478189457,0.0,336.0,0.0,0.33780797090936376,0.6584002711910368,-0.011372234164768614,0.03294892888539441,0.662927487852256,-0.018892679237410448,-0.03051324017925161,0.03034716377945073,-0.1699949261760736,0.0,,1.0,0.5558133652840148,-0.047616961939919364,-0.13537322480630012,0.04013930092646135
1969-04-01 00:00:00+00:00,-1.412599644802305,-0.08776104947775513,-0.7775001587401825,0.0,0.0,1.0946387753538391,2.2641424760218283,1.2811261794905953,5.863585196198615,0.4388059701492537,2.0,230.0,0.01634783478189457,0.0,336.0,0.0,0.6698621990712188,0.32825230189085314,0.0010054466085407951,0.02963684326328756,0.645895487213151,-0.03362057716056288,0.03795870678899327,0.028994925161405168,-0.22316110990870275,0.0,,1.0,0.5550494708437146,-0.04515532885082233,-0.10442948568093452,0.014118827979289823
1969-05-01 00:00:00+00:00,-1.1137053504759065,-0.03370435041120115,-0.7234434596736286,0.0,0.0,1.161328327082339,2.3286573707411105,1.2153152198919759,5.363069236863615,0.4388059701492537,2.0,230.0,0.01634783478189457,0.0,336.0,0.0,0.8808359652446189,0.11733331656331067,0.008881456787483727,0.02761314376088994,0.3747173558572018,-0.023002694117310263,0.07868994189470069,0.029294093637825053,-0.377315545452964,0.0,,1.0,0.3905640298859697,0.01509613728082102,-0.09399160852954327,0.12418388309118526
1969-06-01 00:00:00+00:00,-1.416725315537797,-0.18809836505194935,-0.8778374743143768,0.0,0.0,1.3510691871426947,2.374356333947158,1.8096179012434646,6.086076265693523,0.43283582089552236,2.0,230.0,0.01634783478189457,0.0,336.0,0.0,0.19841944902516173,0.786959992143353,-0.016466324101188798,0.035038826022794026,0.5712329060219362,-0.09456220954349437,0.025242979880179206,0.031057806876384587,-0.32957391701354943,0.0,,1.0,0.5645258097406879,-0.054944398080806055,-0.12960250637754753,0.019713710215935383
1969-07-01 00:00:00+00:00,-1.3866519803776673,-0.28199366671438075,-0.9717327759768082,0.0,0.0,1.3179273555475504,2.3618716228201424,1.7681196158122923,5.859733748668231,0.43283582089552236,2.0,230.0,0.01634783478189457,0.0,336.0,0.0,0.04868132513004631,0.9417980462735613,-0.022108450974816587,0.03611667545802543,0.2479235256122394,-0.1532908392257264,0.042576170134574376,0.0300432218892569,-0.28183521271082235,0.0,,1.0,0.5233658340583327,-0.03818408986505152,-0.1124425479938318,0.036074368263728694
1969-08-01 00:00:00+00:00,-1.6472999298530986,-0.28480033674741867,-0.9745394460098461,0.0,0.0,1.2842268546635,2.4270009203982954,2.0057586675072328,6.231744900794511,0.42686567164179107,0.0,335.0,0.0,0.0,336.0,0.0,0.24766219233605388,0.7488833717621741,-0.014741190283737918,0.033788460656052385,0.581795735120289,-0.11833899275081716,0.06740188618327814,0.029429080278973615,-0.24216589483038398,0.0,,1.0,0.680844457360412,-0.06594939342573967,-0.16039580597754094,0.02849701912606152
1969-09-01 00:00:00+00:00,-1.3710475640896675,-0.28196000682542155,-0.971699116087849,0.0,0.0,1.0356606515325362,2.3152276955795035,1.4310292633739705,5.833138806962546,0.42686567164179107,0.0,335.0,0.0,0.0,336.0,0.0,0.502128087960483,0.4962643858778734,-0.005259616349033987,0.03122335136737466,0.7039632528157407,-0.10702229581022316,0.08306498318581301,0.02928493503010845,-0.18999350442050922,0.0,,1.0,0.6433534120622737,-0.039613262558019016,-0.1242219473453672,0.044995422229329105
1969-10-01 00:00:00+00:00,-1.3951004651216268,-0.2756527810870487,-0.9653918903494761,0.0,0.0,0.8074479761125319,2.250035349185332,1.601458514258472,6.197262738509917,0.4208955223880597,0.0,335.0,0.0,0.0,336.0,0.0,0.7062879520891401,0.29241603289527185,0.0023593960571212463,0.029246980002748075,0.6137638507279275,-0.07150602780443549,0.0394967892714142,0.028156600055772738,-0.1789011740595745,0.0,,1.0,0.6383173630420982,-0.06349921593365217,-0.12327667787672997,-0.0037217539905743044
1969-11-01 00:00:00+00:00,-1.5220451979368832,-0.2781450899273638,-0.9678841991897913,0.0,0.0,0.5356493851904386,2.110031840916538,1.3907315976534136,6.001289865466228,0.4208955223880597,0.0,335.0,0.0,0.0,336.0,0.0,0.7980864281036656,0.20045713314087818,0.005788259416410222,0.028379285349919747,0.5116778859262113,-0.08407757245527936,0.037146979925690715,0.028151867530646812,-0.18686969905666473,0.0,,1.0,0.40606503918913556,-0.05639022762446104,-0.11362935778765695,0.0008489025387340352
1969-12-01 00:00:00+00:00,-1.5822326884056348,-0.3998677197862823,-1.0896068290487098,0.0,0.0,0.5381429670574398,2.1398275042641135,1.2370729389244446,6.468579600462051,0.41492537313432837,0.0,335.0,0.0,0.0,336.0,0.0,0.14029649632880323,0.8492868334295383,-0.01867896628502415,0.03530205004817957,0.4618252957797694,-0.17317402689209338,-0.06028266779239999,0.029224739316333365,-0.06591096729152479,0.0,,1.0,0.4035110667690664,-0.03731325298720138,-0.13964843848859448,0.06502193251419174
1970-01-01 00:00:00+00:00,-1.3664852237322405,-0.3991023710618639,-1.0888414803242914,0.0,0.0,0.6796998983901241,1.9589468327422728,1.0946815717799152,6.2817722088548456,0.41492537313432837,0.0,335.0,0.0,0.0,336.0,0.0,0.30541824349499236,0.6906218282695836,-0.012579776667702882,0.033270761495700685,0.639795407641505,-0.12553866669139868,-0.10562436195043734,0.02859830523983191,-0.016960309472707102,0.0,,1.0,0.5716355922976474,-0.021414022153847773,-0.10601901035342903,0.06319096604573302
1970-02-01 00:00:00+00:00,-1.4411820176540364,-0.4700467263617598,-1.1597858356241872,0.0,0.0,0.8787254603949157,1.834509565832372,1.1867781352760765,7.145240684527786,0.408955223880597,0.0,335.0,0.0,0.0,336.0,0.0,0.1243308988017707,0.872631595877239,-0.01934991351555105,0.03494015972788425,0.395702615179852,-0.11515911081510666,-0.16667386672906392,0.02899554400650564,0.05930345376552548,1.0,,1.0,0.6596221281941521,-0.02004077720655567,-0.10071256738445394,0.06063101297134263
1970-03-01 00:00:00+00:00,-1.552693513463909,-0.436380330285785,-1.1261194395482124,0.0,0.0,0.8228113685441445,1.847769974989946,0.9234080483780785,7.357193832753071,0.408955223880597,0.0,335.0,0.0,0.0,336.0,0.0,0.5002432271678537,0.4983616483095925,-0.00533214178745017,0.031226580726551326,0.7027451572656778,-0.09243707491523256,-0.16903253652411632,0.02895323673063635,0.07043136040291653,1.0,,1.0,0.6922454248575489,-0.019424052177289423,-0.09097496751306074,0.052126863158481765
1970-04-01 00:00:00+00:00,-1.5847338682412646,0.006997602286810854,-0.6827415069756165,0.0,0.0,0.8010302773571026,1.8063900996334017,0.6662198794058697,7.9304236042884275,0.40298507462686567,2.0,250.0,0.01805772455343018,0.0,336.0,0.0,0.21740434657034532,0.780075870024432,-0.015880331607124664,0.03401295320730371,0.5405783996477632,-0.1319791657463556,-0.22252880619451432,0.02929923239499979,0.1402415120183056,1.0,,1.0,0.5256110472226733,-0.015262518564846563,-0.08917084574062357,0.0586458086109304
1970-05-01 00:00:00+00:00,-1.383392902642831,1.417617450090394,0.7278783408279665,1.0,1.0,0.8895086155197609,1.5306098256372263,0.7501474028123757,6.772139872385998,0.40298507462686567,2.0,250.0,0.01805772455343018,0.0,336.0,0.0,4.234521819907659e-05,0.9461438787698024,-0.023474877660541633,0.03967209189029516,0.2100615265688174,-0.262079848000794,-0.33175535311980475,0.035479699662493216,0.2464341405130135,1.0,1.0,1.0,0.46872821035920326,-0.024172047686528534,-0.10811353170145228,0.05976943632839518
1970-06-01 00:00:00+00:00,-1.4652269139338774,1.1539285685966663,0.46418945933423883,1.0,2.0,0.8747719613176856,1.5734461840202243,1.0288305288349044,6.961624790329121,0.3970149253731343,2.0,250.0,0.01805772455343018,0.0,336.0,0.0,0.20855124635415948,0.7720325022754558,-0.016039394474529924,0.03527635509108034,0.6031976557109645,-0.275281559253326,-0.35723816558133237,0.03524166432060814,0.231691753493398,1.0,1.0,1.0,0.5076404086881278,-0.038382273183381874,-0.11735493249262521,0.04059038612586144
1970-07-01 00:00:00+00:00,-1.587580754148141,0.8318354052653969,0.14209629600296947,1.0,3.0,0.7984806167801177,1.6282739310321452,0.8839547340411242,6.776245225266821,0.3970149253731343,2.0,250.0,0.01805772455343018,0.0,336.0,0.0,0.432945823329531,0.5599853846803724,-0.0077870706936855865,0.032266667218688386,0.7221470464673103,-0.21892171697838947,-0.3734623770219905,0.03503627830286558,0.22540225432748429,1.0,1.0,1.0,0.5086353752164726,-0.03616028098251493,-0.12872607722770585,0.05640551526267596
1970-08-01 00:00:00+00:00,-1.6605792865842681,0.15918810240926565,-0.5305510068531618,0.0,0.0,0.738389432816582,1.682469851266091,0.6946737909609605,7.263623216785854,0.39104477611940297,2.0,250.0,0.01805772455343018,0.0,336.0,0.0,0.7854094351268929,0.21092565924414594,0.005337383318326315,0.028654711138677923,0.5385249873467903,-0.17881930869306384,-0.35571638909112924,0.03548311696983012,0.17636891424045142,1.0,,1.0,0.517719475612844,-0.015288597881326409,-0.10531087789376005,0.07473368213110707
1970-09-01 00:00:00+00:00,-1.7503652941330774,-0.5695804151476612,-1.2593195244100888,0.0,0.0,0.7805366301531387,1.6752169430468573,0.8519145616366405,6.64078466734347,0.39104477611940297,2.0,250.0,0.01805772455343018,0.0,336.0,0.0,0.9301008737176184,0.06416851593391076,0.010760304854990615,0.027413521510122406,0.2732005253326768,-0.08506603226753029,-0.2982133362135615,0.037048115299195765,0.14537561005898425,1.0,,1.0,0.5461328375097142,0.01765954442920015,-0.08905952914193604,0.1243786180003363
1970-10-01 00:00:00+00:00,-1.7108385216828588,-0.5784819991908035,-1.2682211084532309,0.0,0.0,0.7367289613287632,1.7395084533036054,0.845991411647278,7.039732002063885,0.3850746268656716,2.0,250.0,0.01805772455343018,0.0,336.0,0.0,0.9422421158620145,0.055098433400621066,0.011182424626853796,0.027083046449888643,0.2315365896825089,-0.08041227568793641,-0.2470288202723827,0.03698897427475581,0.10511793440908335,1.0,,1.0,0.536196983153821,0.025851206475092474,-0.06430060465183067,0.11600301760201559
1970-11-01 00:00:00+00:00,-1.8174255107708894,-0.5892051580595657,-1.278944267321993,0.0,0.0,0.6498846876870819,1.7809658814140163,0.8241918954697681,6.730118475821399,0.3850746268656716,2.0,250.0,0.01805772455343018,0.0,336.0,0.0,0.8912374018557536,0.10634543112166209,0.009275738705328478,0.027554468379353613,0.35551162869138697,-0.04778616160324134,-0.2782947574496051,0.0365634664425397,0.06378232228650393,1.0,,1.0,0.48453214283934365,-0.004958153941249631,-0.09513892364244349,0.08522261575994419
1970-12-01 00:00:00+00:00,-2.033662863209566,-0.5073404307120171,-1.1970795399744445,0.0,0.0,0.5938920002803331,1.7301283318917313,0.985472973376159,6.8921895748533135,0.37910447761194027,2.0,255.0,0.01601330499143878,0.0,336.0,0.0,0.9511122017610674,0.04113286140471557,0.011565291332900303,0.027353567841059627,0.21661018332599774,0.1382305512693458,-0.20850976103483987,0.038383773899177596,0.06432824969260587,1.0,,1.0,0.4795780071299747,0.04271305175490962,-0.025328744061767952,0.11075484757158717
1971-01-01 00:00:00+00:00,-1.9531433202432789,-0.4762698549633743,-1.1660089642258018,0.0,0.0,0.6440742910569123,1.696192370685683,1.2087134391543113,6.400276123135647,0.37910447761194027,2.0,255.0,0.01601330499143878,0.0,336.0,0.0,0.9610508791737141,0.034405171687129865,0.012090411175594052,0.026870993479185125,0.1786203247157189,0.18707494084944365,-0.12189551696374501,0.03831093366252327,0.06765046052158041,1.0,,1.0,0.545257689843108,0.040556726878124505,-0.049386585532910254,0.13050003928915926
1971-02-01 00:00:00+00:00,-1.8892512003801418,-0.4369172293865105,-1.1266563386489379,0.0,0.0,0.5834536291929703,1.6697929933033089,1.2065634360112807,6.699296572473718,0.373134328358209,2.0,255.0,0.01601330499143878,0.0,336.0,0.0,0.9638388177124599,0.03297888590208168,0.012180970172058733,0.026749375952242718,0.16631828535327958,0.22597955566124117,-0.06504087124925562,0.03873293023494637,0.04553425235614217,1.0,,1.0,0.46273269287904334,0.038949968155716476,-0.05194149288699106,0.12984142919842398
1971-03-01 00:00:00+00:00,-1.7784153971749985,-0.4158751014647103,-1.1056142107271376,0.0,0.0,0.5692276825878451,1.7105448572024373,1.1706615548225041,6.285973803873552,0.373134328358209,2.0,255.0,0.01601330499143878,0.0,336.0,0.0,0.9570695062692499,0.04079589554977168,0.011920898365866966,0.02674162989287541,0.18563532488189116,0.22016018031806794,-0.11055911185376122,0.03703343205083649,0.0437887540284283,1.0,,1.0,0.4547158045052757,0.03937694166009898,-0.059833130673192486,0.1385870139933904
1971-04-01 00:00:00+00:00,-1.7591763172869173,-0.3741943800478026,-1.0639334893102301,0.0,0.0,0.5946185096940967,1.7260707006125473,1.118836693606423,6.576337350406701,0.36716417910447763,2.0,255.0,0.01601330499143878,0.0,336.0,0.0,0.9611589935681071,0.03670454066766705,0.012072188330865142,0.02670238535540269,0.1725161903225331,0.1982558506924592,-0.09933586699066765,0.03728615977441957,0.020467961905620058,1.0,,1.0,0.4813575391239599,0.04006810536418792,-0.05797996308052472,0.13811617380890057
1971-05-01 00:00:00+00:00,-1.7821238309575742,-0.4238033763894842,-1.1135424856519116,0.0,0.0,0.5714093191970295,1.7774530824146841,1.1747779376727903,6.2767367757783825,0.36716417910447763,2.0,255.0,0.01601330499143878,0.0,336.0,0.0,0.8309142443210557,0.16565234914841898,0.0072663238266354345,0.02804668230508638,0.4712113863204064,0.16325546657179402,-0.13871694482491836,0.037147987388436395,0.026556059925222364,1.0,,1.0,0.46528376855531384,-0.0020472033471362863,-0.10001321381138606,0.09591880711711344
1971-06-01 00:00:00+00:00,-2.09763148228474,-0.46654237167808704,-1.1562814809405144,0.0,0.0,0.5412288258964387,1.8340660839805998,1.2558518654352138,6.732946213661129,0.3611940298507463,2.0,255.0,0.01601330499143878,0.0,336.0,0.0,0.6277227380148785,0.3676872472994552,-0.00023918277085218281,0.030083559924315374,0.6848947477219143,0.14327989329673674,-0.1570799062464472,0.037332015084864736,0.05303071225159606,1.0,,1.0,0.4229551172714785,-0.022318499318596995,-0.11092428490425922,0.0662872862670653
1971-07-01 00:00:00+00:00,-2.2475560367877643,-0.47569189060995154,-1.1654309998723789,0.0,0.0,0.7037696104946652,1.8179118958606435,1.2795506691677057,6.337591283085999,0.3611940298507463,2.0,255.0,0.01601330499143878,0.0,336.0,0.0,0.6533194753098954,0.3439034613345408,0.0006909224720719522,0.029710922458799305,0.6615383230763702,0.07239150464061961,-0.1418564991326745,0.03717508327114612,0.05052617643611601,1.0,,1.0,0.5508970432489884,-0.05342171877205331,-0.12063212847523429,0.013788690931127709
1971-08-01 00:00:00+00:00,-2.6204677702965977,-0.5092803988310236,-1.1990195080934511,0.0,0.0,0.7185080430546534,1.8561511126407297,1.569202105394178,6.737393102617968,0.35522388059701493,2.0,265.0,0.014819875637455002,0.0,336.0,0.0,0.5489517545396463,0.4482560213989306,-0.0031695657108794534,0.030716854151979136,0.7053282317019895,0.014509915020094688,-0.19139485299962988,0.03681515823030426,0.10336428108569606,1.0,,1.0,0.5355797973819275,-0.060781940932663474,-0.18685310625355686,0.0652892243882299
1971-09-01 00:00:00+00:00,-2.716280015208329,-0.46683423944445024,-1.1565733487068777,0.0,0.0,0.8122286898021484,1.8174824757194812,2.226875895919129,6.328123822493515,0.35522388059701493,2.0,265.0,0.014819875637455002,0.0,336.0,0.0,0.8128597365166166,0.18531970498446754,0.006583588890286715,0.028108256803019857,0.49229544823381094,0.0010061240259284787,-0.18811275830062346,0.036882627820557436,0.0644999717025252,1.0,,1.0,0.5456793887924696,-0.06947248613555271,-0.16512776907295296,0.0261827968018475
1971-10-01 00:00:00+00:00,-2.7650526664955297,-0.5170448261196071,-1.2067839353820347,0.0,0.0,0.908793308038853,1.8633412781562968,2.7121554774894783,6.720383978472501,0.3492537313432836,2.0,265.0,0.014819875637455002,0.0,336.0,0.0,0.6378095215636408,0.35890585534519065,0.0001218844410580346,0.029895583360144407,0.6733851123010979,-0.04572570168176959,-0.22448570629165854,0.03687764248771154,0.08548817885005189,1.0,,1.0,0.6039493511108432,-0.07191039203725072,-0.12490945092859157,-0.01891133314590987
1971-11-01 00:00:00+00:00,-2.748282889439955,-0.5878699649665398,-1.2776090742289672,0.0,0.0,0.8675429967307301,1.873497400700669,2.899375675963957,6.373438968100307,0.3492537313432836,2.0,265.0,0.014819875637455002,0.0,336.0,0.0,0.18174864879558153,0.8120320388474889,-0.016721007827048925,0.03449090463684472,0.5105775285207494,-0.124245351335043,-0.2795054829509471,0.037432792314638114,0.1795480965807732,1.0,,1.0,0.587507675197776,-0.07332331948532061,-0.14877304318953555,0.0021264042188942345
1971-12-01 00:00:00+00:00,-2.8169667515273757,-0.473763831210788,-1.1635029404732156,0.0,0.0,0.8599675449763554,1.8413621801625506,2.9983900142448716,6.671595710923629,0.34328358208955223,2.0,265.0,0.014819875637455002,0.0,336.0,0.0,0.6859410172419015,0.29995943873888664,0.002002125145608074,0.03018490916225361,0.679845182427363,-0.04387533955106182,-0.17180821633325394,0.038625314286097945,0.13610878986748887,1.0,,1.0,0.6129002598281912,-0.07544811194052428,-0.13016158916412066,-0.02073463471692811
1972-01-01 00:00:00+00:00,-2.7881257882366386,-0.4668803053465451,-1.1566194146089726,0.0,0.0,0.8746864800471347,1.874240668561444,3.120139017551265,6.2244652890483785,0.34328358208955223,2.0,265.0,0.014819875637455002,0.0,336.0,0.0,0.8957711375266704,0.09604370669863146,0.009709282007735286,0.0277529594326926,0.36295682499443394,0.023033647877626073,-0.12047408198545728,0.0393733184908127,0.10057535937371131,1.0,,1.0,0.5374501870650369,-0.033772035344195046,-0.13484343741682173,0.06729936672843158
1972-02-01 00:00:00+00:00,-2.8884858632650694,-0.47637760339393775,-1.1661167126563652,0.0,0.0,0.8756483050788075,1.9071589033236824,3.116824315042113,6.568784016255359,0.3373134328358209,2.0,265.0,0.014819875637455002,0.0,336.0,0.0,0.9231396838187045,0.07358999263178455,0.010676295947896652,0.027147363514993406,0.28455787258697346,0.046111553689899054,-0.076852266205365,0.039189435364217456,0.04407867328969939,1.0,,1.0,0.5332900436545256,-0.018674038707760677,-0.13634126372527966,0.0989931863097582
1972-03-01 00:00:00+00:00,-2.7182678742967585,-0.4484796143125731,-1.1382187235750005,0.0,0.0,0.8875309606153481,1.9858754232496505,3.2455589226833204,6.13141375255466,0.3373134328358209,2.0,265.0,0.014819875637455002,0.0,336.0,0.0,0.9438090124868136,0.05408475939187885,0.0114301224311638,0.026867330352275932,0.22533843999308975,0.08758002010604482,-0.07019425573302218,0.03928849327020435,-0.0021621086459706618,0.0,,1.0,0.5228197912998767,-0.004437750090534039,-0.12675152003107953,0.11787601985001141
1972-04-01 00:00:00+00:00,-2.6855382218791646,-0.4477526480397559,-1.1374917573021834,0.0,0.0,0.9020460441555832,2.016327763775274,2.898902255301719,6.470359339216812,0.33134328358208953,0.0,335.0,0.0,0.0,336.0,0.0,0.9292099272254618,0.06898358730907048,0.010887326268465785,0.026987030832648192,0.2640878739965079,0.07334820253909502,-0.09176186164421818,0.03895056164593382,-0.035665978620643024,0.0,,1.0,0.5972007644307064,-0.020272709999396784,-0.14406588024677297,0.10352046024797931
1972-05-01 00:00:00+00:00,-2.663649018880487,-0.47773015904583427,-1.1674692683082617,0.0,0.0,0.9779777911715062,1.9973564692115304,2.805978529233223,6.224377325711074,0.33134328358208953,0.0,335.0,0.0,0.0,336.0,0.0,0.8440943896452244,0.15333235320885388,0.007745926219953914,0.027859912169437222,0.4459303969061891,0.08469359208793303,-0.045229904660231135,0.03774164148124656,-0.05846777970507411,0.0,,1.0,0.6439435465961622,-0.06425400789453328,-0.1431120510463209,0.014604035257254358
1972-06-01 00:00:00+00:00,-2.4965368558976846,-0.4742714875536872,-1.1640105968161145,0.0,0.0,0.9454482845311433,2.036407029210546,2.65360627579835,6.6226097765937295,0.3253731343283582,0.0,335.0,0.0,0.0,336.0,0.0,0.8596011844416334,0.13838568312426472,0.008314362202996906,0.027671623022622795,0.41623075581324936,0.13252828326182886,0.006313639536608129,0.036730440448557035,-0.0883044437742031,0.0,,1.0,0.640973809475051,-0.017251073016502402,-0.13192802833014067,0.09742588229713581
1972-07-01 00:00:00+00:00,-2.4728488637526334,-0.49964911801849093,-1.1893882272809184,0.0,0.0,0.9783806873166194,2.0981300512128853,2.2892133404181925,6.251145669235351,0.3253731343283582,0.0,335.0,0.0,0.0,336.0,0.0,0.7945057966877072,0.2030246913084935,0.005910655134839174,0.028330141635937334,0.5212986201054334,0.05858943138412975,0.0051202078016929775,0.036741702848375454,-0.06884969992659684,0.0,,1.0,0.656355839032538,-0.07729926312476597,-0.1462512203298501,-0.008347305919681802
1972-08-01 00:00:00+00:00,-2.267136334052242,-0.43835119648390547,-1.128090305746333,0.0,0.0,0.9982384643519217,2.156053532684212,2.030775192454127,6.457097938317177,0.3194029850746269,0.0,335.0,0.0,0.0,336.0,0.0,0.9208497293706491,0.07691016680811723,0.010582079728786657,0.027097705722067152,0.28688279783544834,0.05022373558421034,0.03677194940897621,0.037145457103210995,-0.1382730321939718,0.0,,1.0,0.592427370596797,-0.005858043764224965,-0.11757828682905247,0.10586219930060248
1972-09-01 00:00:00+00:00,-2.255535262752022,-0.48635391883209556,-1.176093028094523,0.0,0.0,0.954119235534846,2.183526994971042,1.8692961457052015,6.202921946500926,0.3194029850746269,0.0,335.0,0.0,0.0,336.0,0.0,0.8077790664863255,0.18908827933040834,0.006407762870997417,0.028248499974807283,0.5054307512904848,0.019971843372311504,0.014625604971381989,0.03726015402613193,-0.10640862391853645,0.0,,1.0,0.6337931217201574,-0.06553893321307869,-0.13462030293420163,0.003542436508044214
1972-10-01 00:00:00+00:00,-2.2076826339916704,-0.486958275474165,-1.1766973847365925,0.0,0.0,0.8979438623723407,2.2363944003470477,1.7655731240846138,6.536356961963305,0.31343283582089554,0.0,335.0,0.0,0.0,336.0,0.0,0.8226916224751523,0.1750542016217896,0.00695127904925331,0.02804377405069634,0.4793669160301458,-0.004026276860146005,0.009857039862111172,0.0372634894017284,-0.07329948081841309,0.0,,1.0,0.6402097942577801,-0.04893655507325132,-0.12061901217275892,0.02274590202625628
1972-11-01 00:00:00+00:00,-2.0088581029184285,-0.4045003993006325,-1.0942395085630598,0.0,0.0,0.854161926527525,2.263569633581655,1.615854344558889,6.045572888089368,0.31343283582089554,0.0,335.0,0.0,0.0,336.0,0.0,0.9368022544469399,0.05967825401124111,0.011183983015898154,0.027033159883768094,0.24926079099107465,0.03483478334011014,0.11624694858798534,0.03655193320241735,-0.20014938383030856,0.0,,1.0,0.6111263286462766,0.017212850057457627,-0.0827375036660245,0.11716320378093972
1972-12-01 00:00:00+00:00,-2.113120435753586,-0.403178040201291,-1.0929171494637184,0.0,0.0,0.9057982557342947,2.1727329331001894,1.5369532857766302,6.411183327634998,0.3074626865671642,0.0,335.0,0.0,0.0,336.0,0.0,0.9444476931356912,0.05342125852672516,0.011453976733892382,0.02686290854011669,0.22358832432742995,0.06567739039120468,0.14598615242237223,0.03654387596027909,-0.2983450496072537,0.0,,1.0,0.6273117220280244,0.03199802230415587,-0.07094764087948591,0.1349436854877976
1973-01-01 00:00:00+00:00,-2.0166228090579037,-0.4318858994457784,-1.1216250087082058,0.0,0.0,0.9123375905737077,2.166320350844704,1.5728856415479076,6.146384539041123,0.3074626865671642,0.0,335.0,0.0,0.0,336.0,0.0,0.9239414599958954,0.07420177526626245,0.010692906425774544,0.0270412564188755,0.2777632627914272,0.07057829499974133,0.19205104535145612,0.0356968334149599,-0.2983202821023747,0.0,,1.0,0.6083845297432775,0.00310848263111239,-0.1062578456517532,0.11247481091397793
1973-02-01 00:00:00+00:00,-2.1122704410273125,-0.5358322288158163,-1.2255713380782436,0.0,0.0,0.8932484684542249,2.2002989899685623,1.7121588994648949,6.645944822277894,0.30149253731343284,0.0,335.0,0.0,0.0,336.0,0.0,0.4794771048588085,0.5115551996457565,-0.005682474875434624,0.03181560114072827,0.7376142156761565,0.03966405054348243,0.13722133326040797,0.03660786818043191,-0.29604918780166845,0.0,,1.0,0.6992481483825982,-0.05629653662842451,-0.11508770216859976,0.0024946289117507084
1973-03-01 00:00:00+00:00,-2.1148702626094473,-0.5657974235864397,-1.255536532848867,0.0,0.0,0.8162335973062882,2.208580871287807,1.8138397353813729,6.457805391361216,0.30149253731343284,0.0,335.0,0.0,0.0,336.0,0.0,0.36331479613763606,0.6313700542103611,-0.01001310678462357,0.03267981182465895,0.6860312850498165,-0.017946369625621905,0.1508047455297099,0.03621208988962503,-0.2416998813411464,0.0,,1.0,0.6765210501996753,-0.06546029480325558,-0.12614625057394743,-0.004774339032563794
1973-04-01 00:00:00+00:00,-2.220829018484723,-0.6145162648087927,-1.3042553740712202,0.0,0.0,0.7648900742991761,2.2023609740707046,1.9142296161162793,7.058994426744681,0.2955223880597015,0.0,335.0,0.0,0.0,336.0,0.0,0.285798261744306,0.7110280545228296,-0.012900259122990579,0.033277107223227714,0.6187026755248558,-0.026817747784073198,0.24988770518810277,0.028966488621470048,-0.27257308311273487,0.0,,1.0,0.5764437193034062,-0.03693301150404858,-0.11444541353625855,0.040579390528161174
1973-05-01 00:00:00+00:00,-2.125179773180096,-0.6655727190680546,-1.355311828330482,0.0,0.0,0.7089276804361677,2.2239844717939428,1.9506665747174037,6.763422344288824,0.2955223880597015,0.0,335.0,0.0,0.0,336.0,0.0,0.1549655719968146,0.8427414631907286,-0.017747972616106174,0.03447549415910109,0.4470667437074494,-0.05926236646719296,0.2258762326482442,0.029692612530186853,-0.28028071922186815,0.0,,1.0,0.569874895170272,-0.04013280395932582,-0.11774029024988827,0.03747468233123659
1973-06-01 00:00:00+00:00,-2.2005345038400104,-0.7005583162156919,-1.3902974254781193,0.0,0.0,0.6649290105008796,2.2664584341375265,1.9768576467623813,7.03987553170045,0.28955223880597014,0.0,335.0,0.0,0.0,336.0,0.0,0.15122931251227067,0.8474873164327932,-0.017895498188729295,0.03444119734618349,0.4344525369690381,-0.13532425709314744,0.19984440847322738,0.03026783620209844,-0.25768000312850425,0.0,,1.0,0.5674174837038789,-0.0389291640898252,-0.11396445881875009,0.03610613063909942
1973-07-01 00:00:00+00:00,-2.37429334339972,-0.7750783965997039,-1.4648175058621313,0.0,0.0,0.7073070931385803,2.3491504566783186,1.9410012561150287,6.664275848398071,0.28955223880597014,0.0,335.0,0.0,0.0,336.0,0.0,0.48367619519312477,0.5155890984192522,-0.005603141748998001,0.03120213364036024,0.6981643499632404,-0.14636905840995595,0.1784364027054801,0.030005958019107222,-0.39714268022577937,0.0,,1.0,0.5974557751426116,-0.047882593014023006,-0.10038479409230683,0.004619608064260768
1973-08-01 00:00:00+00:00,-2.337650580524715,-0.83228904819627,-1.5220281574586974,0.0,0.0,0.9335245949463662,2.1859487357021132,1.9641752458443953,7.520428079804651,0.2835820895522388,0.0,335.0,0.0,0.0,336.0,0.0,0.22234068262947865,0.7756952077756584,-0.015258760051771502,0.03380390187876181,0.543564018015058,-0.18862465598347278,0.08849242163551363,0.029634924445657587,-0.41447559093472375,0.0,,1.0,0.6334740701245788,-0.047626151093979524,-0.12876435443326617,0.033512052245307046
1973-09-01 00:00:00+00:00,-2.353325153698455,-0.8022072844875575,-1.491946393749985,0.0,0.0,1.139417740085184,2.13745318374449,2.0291606356133847,7.448405393614483,0.2835820895522388,0.0,335.0,0.0,0.0,336.0,0.0,0.5946392621110872,0.4042270058320835,-0.001494864421887105,0.030161528895330764,0.6829231306170314,-0.13051545383592433,0.08711815511242005,0.029616979472863156,-0.5512476547824372,0.0,,1.0,0.6657344823073751,-0.04934493850217481,-0.17043965279601286,0.07174977579166328
1973-10-01 00:00:00+00:00,-2.2654122426363177,-0.7672091001596695,-1.456948209422097,0.0,0.0,1.3893078776978616,1.886797701528029,2.0742970280800335,8.178699147468985,0.27761194029850744,0.0,335.0,0.0,0.0,336.0,0.0,0.8538384294130454,0.14461840095155684,0.008096856292495229,0.027694397509546588,0.42455051941080635,-0.07516364903258843,0.12342725810036281,0.029940670627386732,-0.5720654409263437,0.0,,1.0,0.6556178808656937,-0.020389735374630385,-0.11937736124205345,0.07859789049279264
1973-11-01 00:00:00+00:00,-2.2806956255336135,-0.8829503543723259,-1.5726894636347533,0.0,0.0,1.541464208448261,1.6174741020206527,2.011587179563493,7.813806447278586,0.27761194029850744,0.0,335.0,0.0,0.0,336.0,0.0,0.03183507984065814,0.9398151572726855,-0.022062132545829935,0.03747464457770929,0.26909180103190566,-0.1296486218695554,-0.017991467950798423,0.03143737283060261,-0.46703280104193823,0.0,,1.0,0.6405480687490958,-0.030188364534320875,-0.15972953371611068,0.09935280464746885
1973-12-01 00:00:00+00:00,-2.3688649258492593,-0.95157211631863,-1.6413112255810574,0.0,0.0,1.8163037222971368,1.1302091489000876,1.8172513209511547,9.827294947099418,0.1582089552238806,0.0,335.0,0.0,0.0,336.0,0.0,0.002569694891477411,0.9629858452289314,-0.02308842111130322,0.038180625385486236,0.16766906106327195,-0.17419987951097493,-0.1353985877121744,0.03346158946699207,-0.46215905854013517,0.0,,2.0,0.6337896354423112,0.07410757407947119,0.006002777371685572,0.1422123707872568
1974-01-01 00:00:00+00:00,-2.4652391146755,-0.9305677751991009,-1.6203068844615283,0.0,0.0,1.786267789643442,1.0032210180581917,1.8868729897407628,9.840251233682087,0.1582089552238806,0.0,335.0,0.0,0.0,336.0,0.0,0.3403623777162197,0.6465953079769834,-0.010790806368164357,0.03343863397772874,0.7053594792380906,-0.13943754332843028,-0.16557269051644408,0.03280020064015713,-0.39263145634488517,0.0,,2.0,0.6724915496578534,0.06000525091011394,-0.0023625297981026416,0.12237303161833049
1974-02-01 00:00:00+00:00,-2.2596847570439653,-0.6076207327471674,-1.2973598420095949,0.0,0.0,1.6736739332521346,1.0654660643610496,1.7595527546431964,9.921461233227465,0.15223880597014924,0.0,335.0,0.0,0.0,336.0,0.0,0.13083665130338795,0.8607192943913936,-0.018583739588069952,0.03513594497154727,0.4355072864220112,-0.18753543733158917,-0.229259214944177,0.03299265059476654,-0.26057076082008024,0.0,,2.0,0.6524187683902986,0.06792907379543504,0.008445411156061317,0.12741273643480894
1974-03-01 00:00:00+00:00,-2.4768732122108874,-0.8858794013051424,-1.57561851056757,0.0,0.0,1.7965587249734074,0.9952720284644933,1.9197930347528223,12.660070993295703,0.15223880597014924,0.0,335.0,0.0,0.0,336.0,0.0,0.6049024097263191,0.3905010993796465,-0.0010832613959710843,0.03030373006538791,0.6960154542845662,-0.1213732187727965,-0.23113664782974208,0.03293116685591554,-0.24862819355316468,0.0,,2.0,0.6925551243109183,0.05116032569956763,-0.002125726733727719,0.10444637813286298
1974-04-01 00:00:00+00:00,-2.0423987805871127,0.16403511075529076,-0.5257039985071367,0.0,0.0,1.7713221075591776,1.0300543315629302,1.6630253369340726,13.232456464244692,0.15223880597014924,1.0,295.0,0.014803069352818513,0.0,336.0,0.0,0.09297591350354042,0.8980360503907993,-0.01997921109282242,0.03553833944421358,0.3597860848048696,-0.19298220697827162,-0.2691195184376456,0.03394995830640926,-0.1846237571241982,0.0,,2.0,0.6336655924280294,0.05929173809278805,-0.02178307865487026,0.14036655484044622
1974-05-01 00:00:00+00:00,-2.0937393480431936,0.5306129424194538,-0.15912616684297365,0.0,0.0,1.6638252066371302,1.1452357926222414,1.3213596292221264,13.005119001979544,0.1582089552238806,1.0,295.0,0.014803069352818513,0.0,336.0,0.0,0.058509536299848,0.9369420395338444,-0.02129512367437574,0.03556118100192921,0.25163933589113224,-0.266243604870648,-0.28609624006702195,0.034339715764910426,-0.08564421723559601,0.0,,2.0,0.6341201453403433,0.09134435354081435,-0.0021267641801631515,0.18481547126179182
1974-06-01 00:00:00+00:00,-2.0259414176083475,0.43955089636313893,-0.2501882128992885,0.0,0.0,1.4094646969350555,1.1054308233792425,1.3268581338639116,8.964617068481113,0.15223880597014924,1.0,295.0,0.014803069352818513,0.0,336.0,0.0,0.28808991421229085,0.7102183181488202,-0.012829168142990122,0.033151897408227805,0.6123442675875808,-0.19285487639134313,-0.28323784898276116,0.034339340341930404,-0.061064812453945905,0.0,,2.0,0.6518244756681456,0.08650260235540189,-0.023820450201271923,0.1968256549120757
1974-07-01 00:00:00+00:00,-1.3999175056498583,1.8042441453359805,1.1145050360735531,1.0,1.0,1.1675851888872957,1.549415258365521,0.7443509597595958,7.841460353297734,0.15223880597014924,1.0,295.0,0.014803069352818513,0.0,336.0,0.0,1.7122896179123952e-05,0.9114835118396923,-0.022683893291448726,0.04196756569140657,0.29925554629891543,-0.2451666890284816,-0.3950751917607507,0.0402176304213895,0.06099318836003054,1.0,1.0,2.0,0.6337674536260356,0.0884809665224802,-0.01861549939960329,0.1955774324445637
1974-08-01 00:00:00+00:00,-1.3645735373548427,1.960666026811044,1.2709269175486166,1.0,2.0,0.7493929057181578,2.071658111256712,0.5469910226809249,4.8990109697907425,0.7910447761194029,1.0,295.0,0.014803069352818513,0.0,336.0,0.0,0.01862334715446476,0.9310108922818598,-0.022347626168760407,0.0391342215151329,0.2912510131887618,-0.3047799648158218,-0.47135877935819437,0.04042849651415932,0.03733924505357589,1.0,1.0,2.0,0.46732879201155914,0.08571867410156248,-0.014076141591669158,0.185513489794794
1974-09-01 00:00:00+00:00,-0.32559824099438006,2.9605731941580617,2.2708340848956343,1.0,3.0,0.6590492364814217,2.5869521554286714,0.7168725880059463,8.083328706829873,0.808955223880597,1.0,295.0,0.014803069352818513,0.0,336.0,0.0,1.860683151401107e-05,0.6341530254807003,-0.02012397730394197,0.06127037922106837,0.6569108785057826,-0.3857139208166931,-0.5692474340791005,0.04436624639255373,0.14141058746564372,1.0,1.0,2.0,0.5087689356078726,0.08714435670287381,-0.004156628388428507,0.17844534179417618
1974-10-01 00:00:00+00:00,-0.6091473841882485,2.1868863161075835,1.4971472068451561,1.0,4.0,0.5805500526537045,2.578146714859631,0.8598098600641045,6.940274886460231,0.7850746268656716,1.0,295.0,0.014803069352818513,0.0,336.0,0.0,0.3035309851660369,0.5177873986218997,-0.010624303830409344,0.04532218608171247,1.0104106377675628,-0.40552920861778574,-0.5124205051124848,0.04423078179185341,0.17158706439980786,1.0,1.0,2.0,0.46108148639044233,0.0855643934393114,-0.007219924420851759,0.1783487112994745
1974-11-01 00:00:00+00:00,-0.613550142138247,1.1870614630792218,0.49732235381679435,1.0,5.0,0.651001159875402,2.541195451013068,0.8467360652047015,5.904431646315709,0.7850746268656716,1.0,295.0,0.014803069352818513,0.0,336.0,0.0,0.6800494895486681,0.24446229574456502,0.0023508365575736685,0.03451444705267435,0.801637541582513,-0.32410833979875875,-0.5493525186853425,0.042772011351332684,0.1563525499633016,1.0,1.0,2.0,0.398910993491718,0.07606386616912722,-0.019714566941625905,0.17184229927988037
1974-12-01 00:00:00+00:00,0.23905350570000694,1.85702431093222,1.1672852016697925,1.0,6.0,0.7179745233198721,2.7112598135770374,2.069591053452655,7.492967535864701,0.7791044776119403,1.0,30.0,-0.02742832612399882,0.0,336.0,0.0,0.026361579879290144,0.7849745912392421,-0.020784835815913255,0.04868562524279376,0.6005434910393327,-0.35607821882924195,-0.66520810677389,0.042753216924378834,0.21244472878846832,1.0,1.0,2.0,0.7006836714673182,-0.02109416572938539,-0.0965511846414161,0.05436285318264531
1975-01-01 00:00:00+00:00,-0.4395883891629222,0.8787671941637634,0.18902808490133594,1.0,7.0,0.7763919166021181,2.751645729364292,1.5146660691694944,5.320724296983705,0.7791044776119403,1.0,30.0,-0.02742832612399882,0.0,336.0,0.0,0.23728857527764888,0.1914025058961636,-0.009450540576536487,0.07328787596283322,0.9776280330617473,-0.2743889965448112,-0.6037383992174714,0.045308206910544706,0.22382351241849818,1.0,1.0,2.0,0.6101431456866332,0.04015008162236785,-0.03537307871038505,0.11567324195512071
1975-02-01 00:00:00+00:00,-1.0319804822142613,-0.15584907690655186,-0.8455881861689793,0.0,0.0,0.6769091455135291,3.014298468683113,1.16154768879421,4.004558102041115,0.7731343283582089,1.0,30.0,-0.02742832612399882,0.0,336.0,0.0,0.03718344893554143,0.009823647727015158,-0.013329455365044523,0.10178074321211514,0.21370277125913456,-0.050963517925890045,-0.5336187297926855,0.04849123698928121,0.1669272604323213,1.0,,2.0,0.6527868841348188,0.07300944462579548,0.0018666506109003833,0.14415223864069038
1975-03-01 00:00:00+00:00,-1.1335357797035897,-0.3621506486498187,-1.0518897579122461,0.0,0.0,0.6763910056730541,3.0639357491374146,1.1745094741231321,3.894693575898963,0.7731343283582089,1.0,30.0,-0.02742832612399882,0.0,336.0,0.0,0.11596160528720559,0.8109204991777488,-0.01672524158784956,0.0712805327412433,0.6110489848575846,0.04447417860876257,-0.5002328032885268,0.04927873464371856,0.1289645046076151,1.0,,2.0,0.6397552840768398,0.07313345621798839,0.007244993630540472,0.13902191880543618
1975-04-01 00:00:00+00:00,-1.1158706093354456,-0.38124151194223277,-1.0709806212046602,0.0,0.0,0.7084126790978831,3.0511116618058796,1.1682585468225455,3.98459796140809,0.22388059701492538,1.0,30.0,-0.02742832612399882,0.0,336.0,0.0,0.22533233558463225,0.49627400611629524,-0.008272012069836552,0.05526267455882751,1.03947579723668,0.17364169067996738,-0.48029933548706616,0.04941430523918458,0.1259019585080159,1.0,,2.0,0.6894868478612983,0.09599489662505478,0.02707517794387518,0.16491461530623439
1975-05-01 00:00:00+00:00,-1.3809765839779566,-0.6178139398735323,-1.3075530491359597,0.0,0.0,0.806346246746444,3.096304610348188,1.0548201017586416,4.016972067901451,0.22388059701492538,1.0,30.0,-0.02742832612399882,0.0,336.0,0.0,0.3226933578831184,0.4499265911155946,-0.006979325793824514,0.053059823760769294,1.0611064297114883,0.22017761882009967,-0.424771169554214,0.05075362043048599,0.0559961790449357,1.0,,2.0,0.7437530377254118,0.12048722711821877,0.032700625838716746,0.2082738283977208
1975-06-01 00:00:00+00:00,-1.3418847130985256,-0.6512948052151638,-1.3410339144775913,0.0,0.0,0.8850283314658688,3.000127839408618,1.0754839765624733,4.53261170467306,0.21791044776119403,1.0,30.0,-0.02742832612399882,0.0,336.0,0.0,0.32633371143255263,0.20399396610147436,-0.00042002310716629775,0.04038228975384621,1.0446626497732756,0.2131131121966492,-0.3948288378728231,0.05100389570354162,0.03889415254787476,1.0,,2.0,0.7481686143196112,0.1237710374067405,0.030609476751095682,0.21693259806238552
1975-07-01 00:00:00+00:00,-1.2909658330780047,-0.6238450214678853,-1.3135841307303129,0.0,0.0,0.7760927748510767,3.0234795617129273,1.2354578767826403,4.038771406357033,0.21791044776119403,1.0,30.0,-0.02742832612399882,0.0,336.0,0.0,0.5092353992235367,0.09575045570608544,0.0025730017287544965,0.035151849540062015,0.9351888776094794,0.2779855578716841,-0.4374462844864162,0.050434792059242395,0.06709082317837911,1.0,,2.0,0.7467424419007057,0.1088966566367863,0.009679598291185906,0.20811371498238665
1975-08-01 00:00:00+00:00,-0.9588833193516532,-0.4184627859975879,-1.1082018952600152,0.0,0.0,0.6179726557692833,3.2552419700859323,1.103314313154451,3.7234802288679463,0.21194029850746268,0.0,335.0,0.0,0.0,336.0,0.0,0.20987477848599434,0.5944133460086262,-0.010897691692391851,0.06029465175609481,0.9560958515615715,0.12519073658263924,-0.4985195060071437,0.05163346040656723,0.13113826627843306,1.0,,2.0,0.5401825243170606,0.15086753419645146,0.05579199598822415,0.24594307240467828
1975-09-01 00:00:00+00:00,-0.9405751345956899,-0.43868063073272345,-1.128419739995151,0.0,0.0,0.6164093051716627,3.2384038893922074,1.2469665036244915,4.001340457905062,0.755223880597015,0.0,335.0,0.0,0.0,336.0,0.0,0.3031412689729047,0.3735725911156828,-0.004954975497654837,0.04908400891507491,1.0947121558025188,0.01626742746903087,-0.5133250254635087,0.05159860521396399,0.1664608465871158,1.0,,2.0,0.46369022023729045,0.13006020648000066,0.0004307531877307258,0.25968965977227054
1975-10-01 00:00:00+00:00,-1.1445177356953182,-0.6154217534132591,-1.3051608626756865,0.0,0.0,0.6269646772711128,3.2390146546083627,1.436163096879676,3.7447084603586767,0.20597014925373133,0.0,335.0,0.0,0.0,336.0,0.0,0.4046896059161572,0.22403427928425168,-0.000908514866049456,0.04156691608476379,1.0691056243666412,0.014686049335186802,-0.5203815372934502,0.05136541844318458,0.08699787806954262,1.0,,2.0,0.5140708498124699,0.1466775436508762,0.032667104738502345,0.26068798256325015
1975-11-01 00:00:00+00:00,-1.1349986009212565,-0.6343924375158191,-1.3241315467782466,0.0,0.0,0.627198690210088,3.213060239620783,1.394610951111877,3.7671415734748153,0.7492537313432835,0.0,335.0,0.0,0.0,336.0,0.0,0.41562709551416,0.08758865450633645,0.0027358613351884187,0.03455049213775432,0.925744256486525,0.01686796728874107,-0.5291087585895298,0.051220754678597234,0.06883374983811485,1.0,,2.0,0.4799891216771725,0.12740964861145535,-0.0001343556386436684,0.25495365286155347
1975-12-01 00:00:00+00:00,-1.0347222211930964,-0.5831382255114358,-1.2728773347738631,0.0,0.0,0.6281042024248933,3.182323350268908,1.0493694895017018,3.6166091589048115,0.7432835820895523,0.0,335.0,0.0,0.0,336.0,0.0,0.4943933716426589,0.05169616345780651,0.003738916813147,0.032851044342489304,0.8599292925028679,-0.05798927280517763,-0.553338737359133,0.051100571615332484,0.11833474853448323,1.0,,2.0,0.49543030714106684,0.1451154697533213,0.0274698017279537,0.26276113777868826
1976-01-01 00:00:00+00:00,-1.390411489901171,-0.843256418053458,-1.5329955273158853,0.0,0.0,0.5929283308645333,3.3082895188011348,0.8720382723836682,3.5634578676944972,0.2,0.0,335.0,0.0,0.0,336.0,0.0,0.42075890163510665,0.27154030790791156,-0.002165743932344355,0.04404811772545364,1.0809056700260995,0.010499328327632895,-0.4239935600886726,0.053678395638468136,0.01835663910884744,1.0,,2.0,0.6015547560134037,0.1621284007923054,0.03236626871574175,0.2918905328688691
1976-02-01 00:00:00+00:00,-1.4350068306653951,-0.8934658539784799,-1.5832049632409073,0.0,0.0,0.597951798464641,3.300192407400055,0.8642438997402607,3.9108938136590057,0.19402985074626866,0.0,335.0,0.0,0.0,336.0,0.0,0.36349074745371823,0.1394187507528044,0.0013234464267753137,0.03712327792054712,0.9900040941332471,0.05497055414640073,-0.36452936071439357,0.05419182284508269,-0.05349764488485054,0.0,,2.0,0.6290248272313783,0.18394742970028538,0.0019067892033491074,0.36598807019722135
1976-03-01 00:00:00+00:00,-1.4387118837585329,-0.8969803499641315,-1.586719459226559,0.0,0.0,0.5995151517100825,3.301175243490348,0.7624698821865933,3.687581154366661,0.19402985074626866,0.0,335.0,0.0,0.0,336.0,0.0,0.5172809073751552,0.0563660886067677,0.0036277926251467975,0.033136013422722196,0.8665388420030419,0.1360994381628018,-0.3356023200602687,0.05417147458943633,-0.06736735687161755,0.0,,2.0,0.6534937314256998,0.18481019804172533,0.0175536227819566,0.352066773301494
1976-04-01 00:00:00+00:00,-1.5658303568427057,-0.9137055336495451,-1.6034446429119726,0.0,0.0,0.6334948904231185,3.236096433406682,0.4725027625367203,4.036470517269716,0.1880597014925373,1.0,30.0,-0.013562673360500446,0.0,336.0,0.0,0.41381125745941666,0.024071513436319504,0.004428323609032924,0.03127094796127839,0.7786370999665618,0.15813306172233954,-0.29592959727397616,0.05403113224069676,-0.09556738399619213,0.0,,2.0,0.7228426703398124,0.1456637476764428,0.020417083395483204,0.27091041195740273
1976-05-01 00:00:00+00:00,-1.4285214925934937,-0.9033090177839871,-1.5930481270464145,0.0,0.0,0.7105395250948098,3.1540422563439985,0.2466299829498726,3.802950913504589,0.1880597014925373,1.0,30.0,-0.013562673360500446,0.0,336.0,0.0,0.538223693566294,0.018873356121663805,0.004639691850506647,0.03124259724403142,0.7690488654513001,0.10458673346522751,-0.2804705467350752,0.05391745580898988,-0.08949476151039004,0.0,,2.0,0.7211153998664628,0.1452347656432401,0.0071858870005545306,0.28328364428592556
1976-06-01 00:00:00+00:00,-1.3826780791409665,-0.9202474284387093,-1.6099865377011366,0.0,0.0,0.633178595152837,3.1339315131734495,0.193081847010434,3.896312559517208,0.18208955223880596,1.0,30.0,-0.013562673360500446,0.0,336.0,0.0,0.4175095297174949,0.011759373230272171,0.004758759011011147,0.030643047557841193,0.7370081326544882,0.09565471478122234,-0.2870849853983515,0.05387401407145338,-0.09137196728087105,0.0,,2.0,0.6787760934752399,0.13470596670039175,-0.0030918349201429496,0.2725037683209265
1976-07-01 00:00:00+00:00,-1.4791452620625556,-0.9571525882550317,-1.646891697517459,0.0,0.0,0.6096757021780886,3.126999941040626,0.1687186090832313,3.574158177065876,0.18208955223880596,1.0,30.0,-0.013562673360500446,0.0,336.0,0.0,0.5455540756138128,0.010975541825487021,0.004854554910204782,0.030849375479631205,0.740699433784548,0.1326316522615949,-0.2320824291140653,0.05381217267763882,-0.10521334364729107,0.0,,2.0,0.6915091215474148,0.14216073801030957,0.007309543750815273,0.27701193226980403
1976-08-01 00:00:00+00:00,-1.4894568715712844,-0.9422524686891321,-1.6319915779515597,0.0,0.0,0.6319325400659623,3.0910479120502066,0.12283631777377556,3.73519320844581,0.1761194029850746,1.0,30.0,-0.013562673360500446,0.0,336.0,0.0,0.4181333542969117,0.011318223324423131,0.004770886054206289,0.030621496399652903,0.7354816096747661,0.032505490442574114,-0.26097261581017417,0.05369245806504836,-0.1193293732908467,0.0,,2.0,0.6666668098008761,0.14351247982419105,0.01205011079657245,0.2749748488518102
1976-09-01 00:00:00+00:00,-1.3794980092186702,-0.9791443071658067,-1.6688834164282342,0.0,0.0,0.720442444069694,3.076798969053462,0.1618787622715206,3.555543668604645,0.1761194029850746,1.0,30.0,-0.013562673360500446,0.0,336.0,0.0,0.5449636810625191,0.01078626117720172,0.004859256262335248,0.030838475133312376,0.7401189583383035,0.015801013623825355,-0.2735646980579798,0.053474539915392964,-0.15585833762785128,0.0,,2.0,0.6809343965839262,0.13706292281511478,0.0002425650989618111,0.2738832805312679
1976-10-01 00:00:00+00:00,-1.1824776603170912,-0.9262332553451051,-1.6159723646075326,0.0,0.0,0.6354930069294444,3.1553949925021056,0.08830900039732464,3.5992356651592985,0.1701492537313433,1.0,30.0,-0.013562673360500446,0.0,336.0,0.0,0.4359843805513431,0.02727868019012866,0.004355782304443414,0.031479095110502356,0.7941632350470536,-0.02728057720288568,-0.23323427539359898,0.05228926793340414,-0.1454065088341796,0.0,,2.0,0.6303765687317225,0.14820157154892605,0.02650859151544388,0.2698945515824082
1976-11-01 00:00:00+00:00,-1.1353404425734885,-0.9373777957271121,-1.6271169049895395,0.0,0.0,0.6201716998419662,3.127578444557086,0.14579367982706795,4.080039025900429,0.844776119402985,1.0,30.0,-0.013562673360500446,0.0,336.0,0.0,0.5130846262537273,0.017882243126189672,0.004651412801534926,0.031143032542501295,0.7694424828796345,-0.04020024138115996,-0.1619299591441612,0.05071670680119434,-0.13591455843448497,0.0,,2.0,0.5690119049169726,0.13491856455710047,0.010826540707308194,0.25901058840689273
1976-12-01 00:00:00+00:00,-1.2277825405470324,-0.9997014481568146,-1.6894405574192422,0.0,0.0,0.5835102581983975,3.1054774650415182,0.2180092696054525,3.747421241530844,0.844776119402985,0.0,335.0,0.0,0.0,336.0,0.0,0.45708230862879684,0.01400489357480479,0.004722035152294918,0.030835126589607197,0.7545050861150575,0.004349296684369897,-0.13668370672227503,0.051040599802454505,-0.17458341971356095,0.0,,2.0,0.5074449439143026,0.16344457004083535,0.020139507332574635,0.30674963274909595
1977-01-01 00:00:00+00:00,-1.1657548344629398,-0.9776910221296481,-1.6674301313920754,0.0,0.0,0.553961228322569,3.1429016578685474,0.21361765381751133,4.0131360694995495,0.844776119402985,0.0,335.0,0.0,0.0,336.0,0.0,0.5020770562072845,0.013930425992494366,0.004750339390425703,0.03091799555422476,0.7566926259452225,-0.010038185111394426,-0.10958773317815673,0.0506676679466259,-0.20601775886359075,0.0,,2.0,0.4777276039232896,0.16632028026844164,0.007567928315208472,0.3250726322216747
1977-02-01 00:00:00+00:00,-1.0234597128116738,-0.9227128935488617,-1.6124520028112892,0.0,0.0,0.547337761282628,3.1405038672489938,0.23296047124981406,5.7512813442304225,0.844776119402985,0.0,335.0,0.0,0.0,336.0,0.0,0.47219600721218036,0.02866429012413825,0.004340019752041927,0.03162034494670459,0.8029728705839484,-0.06561791391682892,-0.1763271242580977,0.05067151164225871,-0.18901105808880736,0.0,,2.0,0.439708025230469,0.1900534346586938,0.07041911786823506,0.3096877514491525
1977-03-01 00:00:00+00:00,-1.0080151490341813,-0.9268839976732015,-1.616623106935629,0.0,0.0,0.5634912848085589,3.112738543345442,0.38845050392227565,6.956373538193128,0.844776119402985,0.0,335.0,0.0,0.0,336.0,0.0,0.4768391147232102,0.018525513270887244,0.004613060562120451,0.031106361633766386,0.7721564400890215,-0.062406184987248814,-0.13039659381915136,0.049884601454523406,-0.1880295803598555,0.0,,2.0,0.4616164519069408,0.15502440980644638,0.030007323167088762,0.28004149644580384
1977-04-01 00:00:00+00:00,-0.933629111970342,-0.8816765571747773,-1.5714156664372048,0.0,0.0,0.6151610499420592,3.0787935485586693,0.5093573590266947,8.072659086524737,0.844776119402985,0.0,335.0,0.0,0.0,336.0,0.0,0.48421440336277816,0.020182608256621753,0.0045731923253074565,0.031206043165394052,0.7778404189915779,-0.10389516886096839,-0.11121626204830015,0.049543825865125755,-0.1291284910529491,0.0,,2.0,0.47995267595073154,0.15118061207897737,0.04021116903941198,0.2621500551185426
1977-05-01 00:00:00+00:00,-0.9258907976518261,-0.8836276207457923,-1.5733667300082197,0.0,0.0,0.9061864743965705,2.984802273782003,0.47320282468766217,7.3263263282949875,0.844776119402985,0.0,335.0,0.0,0.0,336.0,0.0,0.4699829134560217,0.01433667975403983,0.004720734852623681,0.030877100114193822,0.7572417283779901,-0.07190590611470515,-0.112285305116961,0.04954649072922472,-0.08110700460638576,0.0,,2.0,0.5415758714106375,0.14202162434474958,0.01860763214207438,0.2654356165474243
1977-06-01 00:00:00+00:00,-0.9223057235878244,-0.8926683654911439,-1.5824074747535715,0.0,0.0,0.7428596684398616,2.968230604275239,0.4569303907493764,8.315527342081017,0.8388059701492537,0.0,335.0,0.0,0.0,336.0,0.0,0.4869921078124186,0.011361268950526197,0.004810015856081594,0.030756414934153705,0.7473306124859652,-0.06455100233776356,0.01868572754655684,0.04416964512832448,-0.08808125423745228,0.0,,2.0,0.5523157074261146,0.10384429937975108,-0.03435589224069632,0.24204449100019837
1977-07-01 00:00:00+00:00,-0.9330286816863959,-0.9122491314277723,-1.6019882406901997,0.0,0.0,0.7121318570692843,2.920445431027426,0.5677553887981102,7.380397018020245,0.8388059701492537,0.0,335.0,0.0,0.0,336.0,0.0,0.4725638674782758,0.009733380048427977,0.004844979907966248,0.03064464796449817,0.7401441476576376,-0.09091643992017939,0.07717981817336739,0.043127843613307584,-0.10473097006953136,0.0,,2.0,0.5451841357364047,0.10164730352201916,-0.03550817910029115,0.23880278614432943
1977-08-01 00:00:00+00:00,-0.8237461782884511,-0.8202629085929974,-1.5100020178554248,0.0,0.0,0.7959921719931035,2.890730706840588,0.7814232949896753,8.450512270473723,0.8328358208955224,2.0,35.0,0.026842891536255176,0.0,336.0,0.0,0.49732171626945043,0.017885556324279166,0.004642104274994642,0.031112826575361206,0.7703618042028357,-0.10518052195712002,0.17094566568141634,0.03777906889878992,-0.014482109586809955,0.0,,2.0,0.5428578289862103,0.08572930821330454,0.0010120977536397652,0.17044651867296934
1977-09-01 00:00:00+00:00,-0.7773984655412793,-0.7773984655412793,-1.4671375748037068,0.0,0.0,0.7803227674325984,2.8565901817790977,0.8827420338014776,7.605529113790671,0.8328358208955224,2.0,35.0,0.026842891536255176,0.0,336.0,0.0,0.46227967536284703,0.016835947023817136,0.004649592342732646,0.030991160676147038,0.7651851446001823,-0.08655967911917539,0.14264240524051264,0.03798257862476143,-0.003089514815524552,0.0,,2.0,0.5399327534342566,0.08155653440445661,0.003588118832713552,0.1595249499761996
1977-10-01 00:00:00+00:00,-0.6881417556447122,-0.6828381813915725,-1.372577290654,0.0,0.0,0.9837453711090213,2.964244375010229,0.9979869674897307,8.629893486973197,0.826865671641791,2.0,35.0,0.026842891536255176,0.0,336.0,0.0,0.5027242896484978,0.02359403334656298,0.004493062252541998,0.03141766595689845,0.7880757444257219,-0.10531972916544774,0.08839201681415965,0.038218742925600395,-0.014900633602819013,0.0,,2.0,0.5470633139160259,0.08213390808000703,0.027684834538919602,0.1365829816210945
1977-11-01 00:00:00+00:00,-0.7306015762279293,-0.7170001632242983,-1.4067392724867256,0.0,0.0,0.9246408826640882,2.924319090328843,1.1073338412144678,7.705476838146568,0.826865671641791,2.0,35.0,0.026842891536255176,0.0,336.0,0.0,0.4491266577594593,0.013763765227510627,0.0047238107381015505,0.030807358421970275,0.752333323946626,-0.0805474158194528,0.164314540961489,0.035762301816946764,-0.08056293905414869,0.0,,2.0,0.5478032238349044,0.07858096976644849,0.010409214913550027,0.1467527246193469
1977-12-01 00:00:00+00:00,-0.7018316017785783,-0.6847896111643079,-1.3745287204267354,0.0,0.0,0.893199659679395,2.8821915575547115,1.337212571091016,8.659833073483036,0.8208955223880597,2.0,35.0,0.026842891536255176,0.0,336.0,0.0,0.5085180746746011,0.012537153746610064,0.00479125502243789,0.030858546832641283,0.7513733453178991,-0.08073936151880101,0.08136432990904918,0.03366461686256914,-0.06222187720356409,0.0,,2.0,0.5498973536559584,0.07574556698678771,-0.008728827216308035,0.16021996118988338
1978-01-01 00:00:00+00:00,-0.540294236778977,-0.5069725085647238,-1.1967116178271513,0.0,0.0,0.8470629614889905,2.935019422275589,1.6801097490159584,10.1976903906334,0.844776119402985,2.0,35.0,0.026842891536255176,0.0,336.0,0.0,0.4724904430220768,0.03892071825220397,0.004066730181308458,0.03214991158532744,0.830533393816117,-0.12468397669411413,-0.055034731221667244,0.03085131696876489,0.010934234207797822,1.0,,2.0,0.5541568684487005,0.050589591386707704,-0.029845565827161913,0.13102474860057725
1978-02-01 00:00:00+00:00,-0.5168444649523107,-0.47091683799387607,-1.1606559472563034,0.0,0.0,0.8843362437916868,2.885887886107824,1.9370698985920367,8.753988139603697,0.8149253731343283,2.0,35.0,0.026842891536255176,0.0,336.0,0.0,0.47244791680082876,0.02830906611655052,0.00434963825383,0.03160250889644889,0.8019696033384823,-0.1494156283583452,-0.1167099887937404,0.030092649986788973,0.004883452071232419,1.0,,2.0,0.5836227172930225,0.028177433022392173,-0.06738835564081298,0.12374322168559726
1978-03-01 00:00:00+00:00,-0.5120691272771981,-0.4547032527865933,-1.1444423620490207,0.0,0.0,0.8513130521176603,2.8374273603019207,2.120318692517303,9.86534629047451,0.8388059701492537,2.0,35.0,0.026842891536255176,0.0,336.0,0.0,0.47661945500468406,0.018055914304393447,0.004625452749074406,0.03108171766227289,0.7705855931946954,-0.13110639205625763,-0.13380241705480866,0.03005248744914243,0.02339112742196736,1.0,,2.0,0.5752381250013211,0.01891099117472948,-0.09806667149592693,0.13588865384538584
1978-04-01 00:00:00+00:00,-0.6750438685296442,-0.6315740562671821,-1.3213131655296095,0.0,0.0,0.7355901310702969,2.894144405794979,1.9581509487764974,8.717288758745884,0.808955223880597,0.0,335.0,0.0,0.0,336.0,0.0,0.4968755308930304,0.01610254176006293,0.00468938287563623,0.0310200035879623,0.7643924238602701,-0.0771653222860662,-0.15470053586565324,0.029020758856579634,-0.0032474150722423545,0.0,,2.0,0.624807551044903,0.03654302206494785,-0.059887219112412834,0.13297326324230851
1978-05-01 00:00:00+00:00,-0.8788564264364185,-0.7806003303686153,-1.4703394396310427,0.0,0.0,0.676639383221382,2.918491197899371,1.6669087602778252,10.184152871014307,0.8328358208955224,0.0,335.0,0.0,0.0,336.0,0.0,0.48387353584204257,0.017067088364401458,0.0046560604241666515,0.031044696063454336,0.7675938213383952,-0.007606401886911307,-0.13232749726940085,0.02975980647600171,-0.07949669825887895,0.0,,2.0,0.5673978325797568,0.0635148064867224,-0.011477949785191816,0.13850756275863652
1978-06-01 00:00:00+00:00,-0.785891172643375,-0.707299121188944,-1.3970382304513715,0.0,0.0,0.7948700596624714,2.8633960798999984,1.9356915161996262,9.052691310509395,0.8029850746268656,0.0,335.0,0.0,0.0,336.0,0.0,0.4723805761756132,0.013265091889338438,0.004750708504333564,0.03082645102653302,0.7535761717185061,-0.016717698140730874,-0.13038871505092597,0.029749365928935158,-0.06282291223867542,0.0,,2.0,0.6422961889005694,0.04625299745068468,-0.020400076581505562,0.11290607148287493
1978-07-01 00:00:00+00:00,-0.7839315871284591,-0.6704000324427818,-1.360139141705209,0.0,0.0,0.6624549817122818,2.8480289813378383,1.9811584652484115,10.583795305478528,0.826865671641791,0.0,335.0,0.0,0.0,336.0,0.0,0.4871678698317506,0.01301854722541828,0.004765931518001345,0.030842231643435556,0.7534942966755901,-0.021063990276149802,-0.06489039694973986,0.02686207170821534,-0.051566455708444536,0.0,,2.0,0.5961761727712785,0.029604237098504252,-0.021383585948268342,0.08059206014527684
1978-08-01 00:00:00+00:00,-1.0496028087822646,-0.9158183716453192,-1.6055574809077466,0.0,0.0,0.6183194208133468,2.88295640419757,1.7725274581988588,8.907644833245424,0.7970149253731343,0.0,335.0,0.0,0.0,336.0,0.0,0.5226823093974545,0.03673517133406786,0.004154360974175853,0.032133912120848124,0.8216071199180096,0.08635512731966077,0.01505296862896266,0.028801554209592087,-0.07858087826060967,0.0,,2.0,0.6307930729106008,0.050125777083455,-0.0364073326956979,0.13665888686260774
1978-09-01 00:00:00+00:00,-0.97720784649008,-0.8332823506001656,-1.523021459862593,0.0,0.0,0.5733705065814915,2.8429380787881127,1.979434974798103,10.66656728530467,0.8208955223880597,0.0,335.0,0.0,0.0,336.0,0.0,0.42131236478510453,0.019755726137714074,0.004547780812997082,0.031062806609304,0.766848063925786,0.09936186415410742,-0.03203417397481978,0.028009468432031406,-0.07070426010952513,0.0,,2.0,0.5371573410571476,0.03729336140164389,-0.04312743296721121,0.11771415577049897
1978-10-01 00:00:00+00:00,-0.8242607521198387,-0.7039187817568615,-1.393657891019289,0.0,0.0,0.6056779371654585,2.839756801643646,2.181772123698888,9.103443293684506,0.7910447761194029,0.0,335.0,0.0,0.0,336.0,0.0,0.5450229480332262,0.04278650592090759,0.004006085090525762,0.0324890766877394,0.8309443416904881,0.06780921759158876,-0.08286116675196098,0.028758412682405886,-0.0759331575274782,0.0,,2.0,0.5609677493111112,0.01432133483152851,-0.06779168230306432,0.09643435196612138
1978-11-01 00:00:00+00:00,-0.7100261565501392,-0.5168681834681307,-1.206607292730558,0.0,0.0,0.6842930468850197,2.9072931876602377,2.3894072792233505,10.691144777872015,0.8149253731343283,0.0,335.0,0.0,0.0,336.0,0.0,0.3760604273256292,0.21082218824987772,-0.0005729938187754992,0.04083030007945393,1.0611899976506716,-0.03198186382065238,-0.128693126881128,0.03052491936512612,-0.028101139528123653,0.0,,2.0,0.5816823927873641,-0.032244662795287315,-0.10749688384083521,0.043007558250260466
1978-12-01 00:00:00+00:00,-0.8149215148949136,-0.6140391813669577,-1.303778290629385,0.0,0.0,0.6355173807163106,2.913373476999243,2.566831002733689,9.226952520499289,0.7850746268656716,0.0,335.0,0.0,0.0,336.0,0.0,0.45717916760551536,0.08283388467192199,0.0028869403097972457,0.0343853291730897,0.9213635308590857,-0.061854234115979345,-0.2046810597130131,0.026362110415761683,-0.010036622801894879,0.0,,2.0,0.5235079271953955,-0.029328068276659146,-0.15766877511314148,0.09901263855982316
1979-01-01 00:00:00+00:00,-0.918717885400685,-0.7224103976603642,-1.4121495069227916,0.0,0.0,0.6681505177699624,2.870771386250226,2.4891103327038673,10.748922793110243,0.808955223880597,0.0,335.0,0.0,0.0,336.0,0.0,0.4666904259155576,0.03931449376254993,0.004052838550059998,0.03215904420882742,0.831267790114764,-0.02566848824886403,-0.21102775744619073,0.02609832834134673,-0.023866724735001732,0.0,,2.0,0.6504975831960673,-0.022465734445059088,-0.13601449147219208,0.09108302258207379
1979-02-01 00:00:00+00:00,-0.8282306856942353,-0.5912829167584986,-1.281022026020926,0.0,0.0,0.6199578447964292,2.872356344266252,2.619398254411014,9.306439778183655,0.7791044776119403,0.0,335.0,0.0,0.0,336.0,0.0,0.47997071197115293,0.03437736940821058,0.004192242551115585,0.0319299930574801,0.8189454694293281,-0.03980120621758143,-0.24079104133012308,0.026274210237359142,0.027603901002014375,1.0,,2.0,0.5599258031186369,-0.012665187724192178,-0.12313307557303176,0.09780270012464737
1979-03-01 00:00:00+00:00,-0.9224972404936613,-0.6500241558478307,-1.3397632651102582,0.0,0.0,0.6421629401778088,2.8287598427268956,2.6696063721985808,10.73673432541918,0.8029850746268656,0.0,335.0,0.0,0.0,336.0,0.0,0.46611334886169997,0.017082077318748678,0.004645272327118983,0.0310112433292966,0.7664537841173801,-0.09323315504748031,-0.2363132481408572,0.026341102827077963,-0.09273048425172359,0.0,,2.0,0.6116749334639884,-0.01081497513284859,-0.13609720985385143,0.11446725958815424
1979-04-01 00:00:00+00:00,-0.8301614846524823,-0.6777367859427537,-1.367475895205181,0.0,0.0,0.6461927089036764,2.801208801721239,2.771460695048061,9.333404657676118,0.7731343283582089,0.0,335.0,0.0,0.0,336.0,0.0,0.49041554049172525,0.011697368403744343,0.004803057077825632,0.030780347377744835,0.748674098666358,-0.07732322254278401,-0.2139441299828313,0.02643130546524505,-0.12864173788868172,0.0,,2.0,0.6361045322904106,-0.009788870722474106,-0.13784931707831585,0.11827157563336757
1979-05-01 00:00:00+00:00,-0.7316341133795345,-0.5354151065896404,-1.2251542158520679,0.0,0.0,0.6101521043949993,2.7734328637719985,2.559590408611973,10.74488847178368,0.7970149253731343,0.0,335.0,0.0,0.0,336.0,0.0,0.2899302950840431,0.6976389056478874,-0.009176364211053646,0.030168036609895647,0.6646955016142189,-0.07220246654297124,-0.25071834807615456,0.026882865420191054,-0.057675159511300755,0.0,,2.0,0.504693634974328,-0.030662862881694272,-0.10189864697929471,0.04057292121590603
1979-06-01 00:00:00+00:00,-0.8406112626622234,-0.6001954044197785,-1.2899345136822058,0.0,0.0,0.614456051987154,2.701487795713738,2.5083658925241146,9.448158425123939,0.7671641791044777,0.0,335.0,0.0,0.0,336.0,0.0,0.5384005733384961,0.4516572171957442,-0.0005060787784743767,0.02851789091318375,0.7381867152409716,0.0010223286747423899,-0.2603024504679805,0.02666667710559177,-0.014974192431124855,0.0,,2.0,0.4873159896721482,-0.0281940312793472,-0.1126682856433397,0.05628022308464481
1979-07-01 00:00:00+00:00,-0.902546528106741,-0.5916030369509948,-1.2813421462134222,0.0,0.0,0.687496862434762,2.6652529232528024,2.659006516577811,10.62685955996484,0.7910447761194029,0.0,335.0,0.0,0.0,336.0,0.0,0.6051742427242507,0.3875140850532943,0.001819697376278694,0.027949992879353337,0.7072674427700705,-0.010408568781030247,-0.24759511893661745,0.026662383760313296,0.030613116912337368,1.0,,2.0,0.6108456910155265,-0.05066054832597503,-0.15580626735493894,0.0544851707029891
1979-08-01 00:00:00+00:00,-1.0681627911319995,-0.728219499422337,-1.4179586086847644,0.0,0.0,0.699374544118067,2.630748773659908,2.7535322342049007,9.351576967841067,0.7611940298507462,1.0,70.0,-0.010908813661770912,0.0,336.0,0.0,0.8647259676824783,0.12768319038022144,0.010882929427992865,0.026408859505415744,0.4255289639173504,-0.0031599851487467134,-0.2299887562187628,0.027299998052795506,0.01859153353061238,1.0,,2.0,0.6210346587464277,-0.04576808398942432,-0.16628882028559003,0.07475265230674144
1979-09-01 00:00:00+00:00,-1.068643376816148,-0.7025636095056599,-1.3923027187680872,0.0,0.0,0.7111250177403254,2.6031712337233586,2.959561358310872,10.79427446204786,0.7850746268656716,1.0,70.0,-0.010908813661770912,0.0,336.0,0.0,0.8217561158101795,0.17396319231081564,0.009375372839447582,0.026456960490843826,0.4889118674818428,0.023774151973349866,-0.18973631215388753,0.02669512608680934,0.0338858441586245,1.0,,2.0,0.6907719084884488,-0.062140438485048265,-0.16495485431257995,0.04067397734248338
1979-10-01 00:00:00+00:00,-0.9077275913070744,-0.5432333084959297,-1.232972417758357,0.0,0.0,0.7094371903313451,2.642783607469808,3.33802767982319,9.678027168041412,0.755223880597015,1.0,70.0,-0.010908813661770912,0.0,336.0,0.0,0.20848603866232981,0.7754327444376076,-0.012012166209408414,0.030888738472179114,0.5905177766942162,-0.03151506735785681,-0.22762807411755404,0.02758197109812642,0.09974534422409498,1.0,,2.0,0.77551176121913,-0.06767861483347223,-0.15285018462981806,0.01749295496287355
1979-11-01 00:00:00+00:00,-0.9580860405975411,-0.5246684221441933,-1.2144075314066207,0.0,0.0,0.7558830094031456,2.6032113894257676,3.383949491427961,10.736515865748178,0.7791044776119403,1.0,70.0,-0.010908813661770912,0.0,336.0,0.0,0.2191455492372721,0.7681385628709685,-0.01164729593372748,0.03061124669012164,0.5907943004323299,-0.05683558827653368,-0.2751290149437349,0.02686441101526579,0.14986175853987227,1.0,,2.0,0.7900461481957175,-0.0690064810997472,-0.16017452612567148,0.02216156392617706
1979-12-01 00:00:00+00:00,-1.0412903307789962,-0.6473906229843894,-1.337129732246817,0.0,0.0,0.7808237110110601,2.561366736416944,3.3947084288831553,9.579220150739259,0.7492537313432835,1.0,70.0,-0.010908813661770912,0.0,336.0,0.0,0.648342461365012,0.3371572011968154,0.0033426187585510404,0.028146725114356497,0.708897993852611,0.0076058413410047265,-0.2330743216237554,0.027524820268549785,0.09591218545178659,1.0,,2.0,0.7858571748233082,-0.0787853359907558,-0.16371331615004486,0.006142644168532552
1980-01-01 00:00:00+00:00,-0.9686026386872617,-0.6803542765714042,-1.3700933858338318,0.0,0.0,0.7657408393067295,2.5298489646604794,3.242662150354207,10.907145109250589,0.7731343283582089,1.0,70.0,-0.010908813661770912,0.0,336.0,0.0,0.7962095374984259,0.19658626413544958,0.008489737738729367,0.026795836537271092,0.5367672819794753,0.01328769925480966,-0.18139683729634193,0.027203012368226084,0.06995642084338094,1.0,,2.0,0.7083730328252283,-0.06554492348588584,-0.1801703934276697,0.049080546455897975
1980-02-01 00:00:00+00:00,-1.149379697902154,-0.7594017238315696,-1.449140833093997,0.0,0.0,0.7773753099986328,2.502696922816709,2.7499989482975877,9.64007236329758,0.7432835820895523,1.0,70.0,-0.010908813661770912,0.0,336.0,0.0,0.8980302857925361,0.0976234743799875,0.012038738645992352,0.026003023290742663,0.34735569071974953,0.03936915049287748,-0.14581978345649116,0.02765163662922365,-0.0004024414837333623,0.0,,2.0,0.5974981147761811,-0.042704738899815735,-0.15919682385570663,0.07378734605607518
1980-03-01 00:00:00+00:00,-0.6394475018245724,-0.35851839691638976,-1.048257506178817,0.0,0.0,0.811273990449498,2.798618129067846,3.514374877411272,10.789481855637632,0.7671641791044777,1.0,70.0,-0.010908813661770912,0.0,336.0,0.0,0.0006391997906298795,0.5505865655337241,-0.018328024604615155,0.05958392150030469,0.692849419464985,-0.10738276103859423,-0.23347634839638864,0.03295240023022582,0.14104111067766212,1.0,,2.0,0.7809342562631925,-0.060292052085734474,-0.14165574605753545,0.021071641886066445
1980-04-01 00:00:00+00:00,-0.6497713832896992,-0.35115012888985947,-1.040889238152287,0.0,0.0,0.8300818549485435,2.770150991124437,3.3721808305788765,9.790480148217004,0.7373134328358208,0.0,335.0,0.0,0.0,336.0,0.0,0.07345714143182072,0.698428765800321,-0.016265573468515065,0.04514952111191099,0.7796139658167713,-0.1352607003219406,-0.253091106361123,0.033140642001855035,0.17079374136788328,1.0,,2.0,0.7350021028407744,-0.05263040360806918,-0.10780439050176488,0.0025435832856264343
1980-05-01 00:00:00+00:00,-0.8079935231708695,-0.5145805615475008,-1.2043196708099282,0.0,0.0,0.835604735329229,2.7330164315206678,3.0294084847766434,10.704810531083796,0.7611940298507462,0.0,335.0,0.0,0.0,336.0,0.0,0.5293391110418081,0.3117731097199317,-0.0004984102606699143,0.038020329077146725,0.9923747114525248,-0.0539444685267938,-0.21702154030658427,0.03388434632674551,0.10784836267475306,1.0,,2.0,0.7630481520269058,-0.056944533568837837,-0.10842918576944152,-0.005459881368233992
1980-06-01 00:00:00+00:00,-0.8448905165091544,-0.6946332481680342,-1.3843723574304616,0.0,0.0,0.8329290265251089,2.7211963524921052,2.662696042517372,9.719865916902094,0.7313432835820896,0.0,335.0,0.0,0.0,336.0,0.0,0.7973634981721163,0.07761386323588246,0.008786368897792444,0.034262444793802686,0.6388950528110658,0.014149275771741188,-0.1700632992518143,0.03521134199269098,0.05239709081680388,1.0,,2.0,0.6491316803882701,-0.02180104445201379,-0.11140571382961115,0.06780362492558353
1980-07-01 00:00:00+00:00,-0.9232206328203876,-0.8187267847426069,-1.5084658940050342,0.0,0.0,0.8027827076768871,2.748800924957945,2.058168441133747,11.042106542986856,0.755223880597015,0.0,335.0,0.0,0.0,336.0,0.0,0.9011866081920094,0.03822978945391769,0.012271302500415025,0.029551353073055293,0.3884096143844166,0.030241170933202,-0.09765262873343339,0.03592971218546668,-0.027455977070534487,0.0,,2.0,0.6533938732709266,0.029695255090887905,-0.026708429080279088,0.08609893926205486
1980-08-01 00:00:00+00:00,-0.9567431850605607,-0.8637389908480111,-1.5534781001104385,0.0,0.0,0.7942442960081899,2.7208456431833956,1.8689117597195057,9.74898233031853,0.7253731343283583,0.0,335.0,0.0,0.0,336.0,0.0,0.9277783150460528,0.054880851544806195,0.013105706691041058,0.026648641416181153,0.2991569233276212,0.0392982731168674,-0.05553888506029914,0.036078083510466194,-0.054375734020911004,0.0,,2.0,0.5723682194068763,0.05705293412833694,-0.00874712690619013,0.12285299516286403
1980-09-01 00:00:00+00:00,-1.062799906442905,-0.8960134071410844,-1.5857525164035118,0.0,0.0,0.7613768502573462,2.745219989153729,1.8620436796744873,11.337311138336418,0.7492537313432835,0.0,335.0,0.0,0.0,336.0,0.0,0.9181625538484148,0.07613057881965928,0.012744646296995475,0.025968419132634556,0.3039351238482342,0.030056095129959992,-0.010443959161083427,0.03585779547872443,-0.1709464009779671,0.0,,2.0,0.5615556368174758,0.046609245630992155,-0.010512469553343763,0.10373096081532823
1980-10-01 00:00:00+00:00,-1.0957016873516827,-0.9407380928323031,-1.6304772020947307,0.0,0.0,0.762223500528113,2.6869093040097436,1.9780885456188912,9.721350971309809,0.7194029850746269,0.0,335.0,0.0,0.0,336.0,0.0,0.9228920002183194,0.07418681581620085,0.012903720927962128,0.02576331120025538,0.2840754586223266,0.16096076111796176,0.00803182854102591,0.03601131608839469,-0.17983114951962875,0.0,,2.0,0.5824564319451805,0.045966791309933024,-0.02804878930018284,0.11998237192004862
1980-11-01 00:00:00+00:00,-1.2299650309653698,-1.0150108146513424,-1.7047499239137698,0.0,0.0,0.7561381589403089,2.6107962630919626,1.8004480446413091,10.89323155946276,0.7432835820895523,0.0,335.0,0.0,0.0,336.0,0.0,0.9475843021420615,0.04974867344981285,0.01376533545958243,0.025598889669181075,0.21610864352159845,0.2216679081520203,0.049316163309698346,0.03640383185381447,-0.19065884801062793,0.0,,2.0,0.6514941432727692,0.052115655240473485,-0.04392255633729126,0.14815386681823822
1980-12-01 00:00:00+00:00,-1.2176945114087336,-0.9367718511534656,-1.6265109604158932,0.0,0.0,0.7264407655932262,2.5977986438731,2.137486658622664,9.623972912200417,0.7134328358208956,1.0,95.0,-0.010493302932475359,0.0,336.0,0.0,0.6325634578815755,0.3618980418766607,0.002772173609245234,0.02767301893412932,0.6863068530119227,0.16119318630409207,0.06885562269162193,0.0358130361364242,-0.1608955081911576,0.0,,2.0,0.7073938121419547,0.002289226969094258,-0.10694866088508513,0.11152711482327358
1981-01-01 00:00:00+00:00,-1.2459682761692334,-0.925623820845438,-1.6153629301078656,0.0,0.0,0.7395232503046177,2.567630765714513,2.4868628847459697,11.293998545333139,0.7373134328358208,1.0,95.0,-0.010493302932475359,0.0,336.0,0.0,0.5441062208650588,0.44953199878751465,-0.00031464780683182855,0.028256507164711675,0.7227458036490202,0.09821831252931545,0.07757064163584637,0.03568195388668877,-0.20619888609979498,0.0,,2.0,0.7244125837626011,-0.036744536642287356,-0.15592909757104131,0.08244002428646664
1981-02-01 00:00:00+00:00,-1.1900668079796666,-0.8230470631198138,-1.5127861723822411,0.0,0.0,0.7320364788731275,2.533228018639317,2.877240598096385,10.027072423319586,0.7074626865671642,1.0,95.0,-0.010493302932475359,0.0,336.0,0.0,0.10790190966666223,0.875828796952977,-0.015523797654991517,0.03150476694520908,0.42337327168201133,0.00835359209680675,0.04180735541963099,0.03653574779070182,-0.188053773735831,0.0,,2.0,0.6992006966308544,-0.04557271018800122,-0.15313426223407917,0.06198884185807669
1981-03-01 00:00:00+00:00,-1.3234316755791866,-0.9237309203970844,-1.6134700296595117,0.0,0.0,0.7844377189372499,2.6305436483579587,3.129895337874327,11.999765887123893,0.7313432835820896,1.0,95.0,-0.010493302932475359,0.0,336.0,0.0,0.5739973195366982,0.40614420284137637,0.0007584081471484603,0.028933115809820085,0.7624263076668029,0.015066816108455505,0.036693253334222575,0.03640653613900746,-0.24972821314633276,0.0,,2.0,0.821598836399326,-0.059384891014322067,-0.18590189605947693,0.06713211403083258
1981-04-01 00:00:00+00:00,-1.2786440493104214,-0.9142072649923212,-1.6039463742547486,0.0,0.0,0.7944567073496421,2.6166153287318927,3.3199582771672578,10.45808637111716,0.7014925373134329,1.0,95.0,-0.010493302932475359,0.0,336.0,0.0,0.6649029585664903,0.32526563345807596,0.003910694276249927,0.027751101729314543,0.6821088855843327,0.0016471968873181808,-0.0011903603868539392,0.035769084880050046,-0.20771432998193085,0.0,,2.0,0.8169959656112249,-0.06371491069818916,-0.17543310961150038,0.04800328821512201
1981-05-01 00:00:00+00:00,-1.2818278233710576,-0.8439278395199873,-1.5336669487824146,0.0,0.0,0.7859054267730241,2.686404764067312,3.702873392045333,12.756570084110665,0.7253731343283583,1.0,95.0,-0.010493302932475359,0.0,336.0,0.0,0.3471745423878967,0.6409582813305323,-0.007178824630414677,0.02978848123801944,0.7049967640086782,-0.045841450076135715,-0.02109192339437893,0.036060234395417605,-0.18817436027674628,0.0,,2.0,0.8385442779564869,-0.05605640080445622,-0.1576444354884043,0.045531633879491946
1981-06-01 00:00:00+00:00,-1.3320050784406332,-0.8512331692121926,-1.54097227847462,0.0,0.0,0.7843724945751575,2.6389488265216374,3.8849749691389075,11.120391422751926,0.6955223880597015,1.0,95.0,-0.010493302932475359,0.0,336.0,0.0,0.441245408734528,0.5492853559150385,-0.0038994212180057494,0.029071393159380624,0.7342278823522047,-0.0833153919513272,-0.012935238365479051,0.036007636502353856,-0.25558017909298414,0.0,,2.0,0.8548043900867388,-0.05703347649974276,-0.16448673323909296,0.05041978023960738
1981-07-01 00:00:00+00:00,-1.2926898637881898,-0.7600675665898441,-1.4498066758522716,0.0,0.0,0.7636278944138329,2.645446371686946,4.322781960757769,13.039174259404236,0.7194029850746269,1.0,95.0,-0.010493302932475359,0.0,336.0,0.0,0.152420911161625,0.8336602727839062,-0.013974466154892326,0.03108829318392047,0.497883818588505,-0.09312699158911908,-0.11062649621715792,0.03477881619047431,-0.22799362979719096,0.0,,2.0,0.8425424142212595,-0.05003327517240801,-0.13793267045979357,0.03786612011497749
1981-08-01 00:00:00+00:00,-1.3027931062080178,-0.7739331029568852,-1.4636722122193127,0.0,0.0,0.6393351494661256,2.639897693024536,5.017260687975622,12.181741897013252,0.6895522388059702,1.0,95.0,-0.009499097833786333,0.0,336.0,0.0,0.3136399828774857,0.6749215547509413,-0.008350665136962854,0.029962691998340254,0.6801586726163302,-0.08503388174742454,-0.10682510426568559,0.03477067279875715,-0.22355658095059372,0.0,,2.0,0.7719527775902734,-0.03968698376424387,-0.15552837204039452,0.07615440451190678
1981-09-01 00:00:00+00:00,-0.941337158527661,-0.4749292309418226,-1.16466834020425,0.0,0.0,0.6559302718668202,2.8447680208298736,5.553755981344846,13.468086364287924,0.7134328358208956,1.0,95.0,-0.009499097833786333,0.0,336.0,0.0,0.0004457187693254703,0.7599383583842705,-0.0187898484447096,0.0463176123071505,0.5543993842002989,-0.14048786436427374,-0.1664897265362315,0.0380113222732181,-0.015117426275464751,0.0,,2.0,0.7773780158114142,-0.04491021643336081,-0.12943698013585142,0.03961654726912993
1981-10-01 00:00:00+00:00,-1.1531305732598052,-0.5729454072711869,-1.2626845165336142,0.0,0.0,0.6523971542941818,2.7890775672586,5.278865189078584,12.110650679368108,0.6835820895522388,1.0,95.0,-0.009499097833786333,0.0,336.0,0.0,0.3202370726549248,0.5691497067955225,-0.007904542511930401,0.03621399073819937,0.9289702751445463,-0.1599114990793291,-0.09123638192445416,0.03661896446114772,0.052148630617362635,1.0,,2.0,0.8179054049618506,-0.055860090599077046,-0.1522928562564216,0.04057267505826746
1981-11-01 00:00:00+00:00,-1.1981700338019399,-0.6475966089798251,-1.3373357182422525,0.0,0.0,0.6040501885509582,2.746896763902348,5.376876075248224,13.557562078648898,0.7074626865671642,1.0,95.0,-0.009499097833786333,0.0,336.0,0.0,0.6746101861697283,0.27766283612070547,0.004332086028693861,0.03009661844486235,0.766520679283451,-0.1397846812264909,-0.0791208074973655,0.03680062086441487,0.07173030294714078,1.0,,2.0,0.6922771854006239,-0.038139786041842684,-0.12972104435468992,0.053441472271004695
1981-12-01 00:00:00+00:00,-1.0770703187960848,-0.6485142825606598,-1.3382533918230872,0.0,0.0,0.585075359883699,2.6884387363634237,5.293584707752395,12.121084234962233,0.6776119402985075,1.0,95.0,-0.009499097833786333,0.0,336.0,0.0,0.7480259157905765,0.23487946843612023,0.006828855447831341,0.027712598212033722,0.6269888250875157,-0.1075506845618186,-0.1029741197073335,0.03644374914573597,0.08109913107335753,1.0,,2.0,0.6724229521036786,-0.04626616841156178,-0.15772733816360415,0.06519500134048052
1982-01-01 00:00:00+00:00,-0.887850981278954,-0.4596107106348948,-1.1493498198973222,0.0,0.0,0.57459582105222,2.73274419474457,5.391739664844422,13.04850250829753,0.7014925373134329,1.0,95.0,-0.009499097833786333,0.0,336.0,0.0,0.08592806026487848,0.8681013156734292,-0.01622642492437162,0.03352077455671808,0.47525684677658,-0.1603776643872834,-0.13351169653518102,0.03738025908918827,0.1707259224369837,1.0,,2.0,0.6256575189740662,-0.04215730345315344,-0.1231497405404575,0.03883513363415063
1982-02-01 00:00:00+00:00,-1.064007780658119,-0.41392119884962564,-1.103660308112053,0.0,0.0,0.5629866300969552,2.7069389042696694,5.483531269106953,11.951746008138844,0.6716417910447762,1.0,95.0,-0.009499097833786333,0.0,336.0,0.0,0.09491829110735418,0.8791740179333195,-0.015956169141206216,0.03219413460874932,0.43136753665999944,-0.15224420456848975,-0.16963754573816736,0.03752061259673844,0.21420814301600544,1.0,,2.0,0.6468168546846663,-0.03452360959573961,-0.12396945253365785,0.05492223334217859
1982-03-01 00:00:00+00:00,-1.012022825096293,-0.3257255897176574,-1.0154646989800848,0.0,0.0,0.6133627929387745,2.6747377397730276,5.816824479621017,11.976354014959478,0.6955223880597015,1.0,95.0,-0.009499097833786333,0.0,336.0,0.0,0.0758167024931681,0.9048986819639209,-0.016637538694765,0.031888737460417066,0.3621372785307886,-0.18028566301696625,-0.20978754473986783,0.03771789113764332,0.2801453144814321,1.0,,2.0,0.6798590272667613,-0.038139865084742486,-0.12702604864763092,0.05074631847814593
1982-04-01 00:00:00+00:00,-1.2685916238756976,-0.5172461081136783,-1.2069852173761058,0.0,0.0,0.608628943824644,2.646340153258469,5.453835323454545,11.33624960509955,0.6656716417910448,1.0,110.0,-0.011111025806785227,0.0,336.0,0.0,0.616846346688238,0.34514435180441083,0.0022940349919697276,0.029827124125531335,0.7894697840078527,-0.03512073211664557,-0.12940799210990583,0.038270497421943966,0.26627697839625597,1.0,,2.0,0.6945542805243257,-0.0344639221644576,-0.13065177229675373,0.0617239279678385
1982-05-01 00:00:00+00:00,-1.1931015778404044,-0.4527393987453448,-1.1424785080077722,0.0,0.0,0.5552010850265348,2.5984988099206774,5.768970389834054,11.958562604806286,0.6895522388059702,1.0,110.0,-0.011111025806785227,0.0,336.0,0.0,0.5820058394246156,0.40035533657305916,0.001033207900029146,0.0287442188688743,0.7527309319632676,-0.05418466083325324,-0.1464433714324498,0.03821985963304149,0.30858718123302964,1.0,,2.0,0.6365671494150151,-0.046631604577721815,-0.13103142575534527,0.03776821659990146
1982-06-01 00:00:00+00:00,-0.900508033124362,-0.2090138561412306,-0.898752965403658,0.0,0.0,0.5724701607707898,2.6910837688218856,5.792405069157194,10.799467205177384,0.6597014925373135,1.0,110.0,-0.011111025806785227,0.0,336.0,0.0,0.01686806999902557,0.9108351262181178,-0.018580476401617023,0.03560548199501838,0.3438489676850036,-0.1482367230336834,-0.21694896175001865,0.03988039158227295,0.3912009696250962,1.0,,2.0,0.6158868133911065,-0.034801581377889704,-0.10872251693944301,0.03911935418366357
1982-07-01 00:00:00+00:00,-1.0741083075308118,-0.23923058881972092,-0.9289696980821484,0.0,0.0,0.5585105821359251,2.634873706757549,5.626605920028963,10.655275861237858,0.6835820895522388,1.0,110.0,-0.011111025806785227,0.0,336.0,0.0,0.18820704141068437,0.7795248986071013,-0.012685018887258119,0.032037306870302984,0.6193006597919777,-0.16022511319515242,-0.2600392477537392,0.039224424388783714,0.39865868440194774,1.0,,2.0,0.6280390889489292,-0.04180627819119473,-0.11838051836919712,0.03476796198680761
1982-08-01 00:00:00+00:00,-1.1588092844715714,-0.2553574125919821,-0.9450965218544095,0.0,0.0,0.5801163363283899,2.5721996314493087,5.6958859515282025,10.43758590101756,0.6537313432835821,1.0,110.0,-0.011111025806785227,0.0,336.0,0.0,0.3863545198858429,0.5963098670388873,-0.005798901188981654,0.029900047762374173,0.7460080042368019,-0.10239157659822329,-0.2596774251067542,0.03922657906748461,0.36704198988216685,1.0,,2.0,0.6587272107645019,-0.04806777668206474,-0.15197705380680346,0.055841500442673934
1982-09-01 00:00:00+00:00,-1.5955840279920637,-0.6739012761383713,-1.3636403854007986,0.0,0.0,0.5659225837111171,2.782414061648527,5.227500943330947,10.968111171692415,0.6776119402985075,1.0,110.0,-0.011111025806785227,0.0,336.0,0.0,0.1415553255667961,0.025824507838022315,-0.012572595780963168,0.08308596751387841,0.5236928181206876,0.032448483096092495,-0.10567399528421806,0.04315421197641377,0.28369624335620536,1.0,,2.0,0.6136100134429581,0.004791616554405275,-0.07332557756804219,0.08290881067685268
1982-10-01 00:00:00+00:00,-1.810914203490238,-0.8806044181063963,-1.5703435273688238,0.0,0.0,0.5580370840623762,2.877762717202869,4.9049559116934836,10.215761971944456,0.6477611940298508,1.0,110.0,-0.011111025806785227,0.0,336.0,0.0,0.07616759214945297,0.0018081464399787716,-0.014661185735006828,0.08914982063142875,0.28239042273585013,0.14196534468436628,-0.01098661177896787,0.04517580830294419,0.20595942275015844,1.0,,2.0,0.5942856809830492,0.028609617765710593,-0.02929167399021503,0.0865109095216361
1982-11-01 00:00:00+00:00,-1.7168340404045046,-0.9536972867832264,-1.643436396045654,0.0,0.0,0.5713852275999268,2.8711507652297326,4.70016475036203,10.611795591431758,0.6716417910447762,1.0,110.0,-0.011111025806785227,0.0,336.0,0.0,0.33557073695490525,0.004643120507412652,-0.0061743034903384555,0.0709574057623349,0.665726949136255,0.13965995170258072,0.00264611825167016,0.0454873560221961,0.1470553992263639,1.0,,2.0,0.6450038261570412,0.010329844453748656,-0.07330768743073711,0.09396737633823438
1982-12-01 00:00:00+00:00,-1.7562380296078985,-0.9647323915571988,-1.6544715008196262,0.0,0.0,0.5732364155941357,2.8190838112491465,4.173373375765175,9.750564745029346,0.6417910447761194,1.0,110.0,-0.007374859278999953,0.0,336.0,0.0,0.677176284304732,0.03978638102644006,0.004933652542591752,0.045007572115222765,0.7495028607829599,0.1617228067882852,0.001991736101025765,0.04548154597163964,0.1277455440322699,1.0,,2.0,0.6460205366833572,0.013626423041644416,-0.10438611761221643,0.13163896369550523
1983-01-01 00:00:00+00:00,-1.7344395176729481,-1.0317988189036666,-1.721537928166094,0.0,0.0,0.5492531202375324,2.8571116017568987,3.897322897614313,10.257948093846398,0.6656716417910448,1.0,110.0,-0.007374859278999953,0.0,336.0,0.0,0.8575033525038002,0.04000944842173525,0.010837208457988572,0.03247176759649493,0.4940677705731049,0.26592843714268444,0.009610324899788303,0.04562182416912086,0.10143411391434576,1.0,,2.0,0.5886890786523461,-0.0021620383325485545,-0.12552523420918804,0.12120115754409086
1983-02-01 00:00:00+00:00,-1.8536886268134367,-1.0516260697634405,-1.741365179025868,0.0,0.0,0.567419153155493,2.8418797635775164,3.7152334829123004,9.550622065845388,0.6358208955223881,1.0,110.0,-0.007374859278999953,0.0,336.0,0.0,0.9029074731060898,0.06870788133095632,0.012261333348534709,0.027498551767517625,0.377314340429623,0.28995756824470664,0.13730108152956166,0.041319162433087774,0.024148900779308313,1.0,,2.0,0.6023581600357539,0.002167337839174454,-0.13226825352728866,0.1366029292056377
1983-03-01 00:00:00+00:00,-2.019075543972496,-1.1108474064179852,-1.8005865156804126,0.0,0.0,0.5766230420634312,2.8034095864639084,3.6744651559433557,9.947625483273054,0.6597014925373135,1.0,110.0,-0.007374859278999953,0.0,336.0,0.0,0.9419875505405454,0.04722527415259779,0.013587583872428196,0.026147586095907775,0.24932616026054488,0.32341623241505957,0.198999507630246,0.041253392048627546,-0.01132754725492191,0.0,,2.0,0.5553117476777496,0.0029381406217958168,-0.10228127146249845,0.10815755270609002
1983-04-01 00:00:00+00:00,-1.825474947550195,-1.151487413209482,-1.8412265224719093,0.0,0.0,0.5591287836305365,2.691202542835954,4.056486858293088,9.110690514876133,0.6298507462686567,1.0,110.0,-0.007374859278999953,0.0,336.0,0.0,0.9482117424038818,0.047215619690930875,0.013791389511138098,0.0257159994870112,0.21921004650449144,0.24627367255507515,0.1945441457976509,0.041167657423767996,-0.045268127433728544,0.0,,2.0,0.5367027356438031,-0.002371640859345767,-0.07703843291614447,0.07229515119745293
1983-05-01 00:00:00+00:00,-1.7424301528067607,-1.193440267358437,-1.8831793766208644,0.0,0.0,0.5578643757461267,2.650285899098742,3.1269816521837432,9.148075322216041,0.6537313432835821,1.0,110.0,-0.007374859278999953,0.0,336.0,0.0,0.953652800818382,0.04333981946225817,0.01397796640126751,0.025584032517302114,0.19874906344808402,0.20225388978241376,0.1771180022317047,0.04070288508311576,-0.08825979754072488,0.0,,2.0,0.49911437371512407,0.001769568444135266,-0.09430924353853085,0.09784838042680132
1983-06-01 00:00:00+00:00,-1.7707828424773149,-1.1993492727931132,-1.8890883820555406,0.0,0.0,0.5701663930508957,2.7568002888092584,2.4039705990584883,8.22143644247664,0.6238805970149254,1.0,110.0,-0.007374859278999953,0.0,336.0,0.0,0.9128666941464869,0.08506054732769722,0.012551826907170051,0.025769704296628584,0.30565171762278276,0.17123394364427202,0.14363889096274018,0.040141212631122504,-0.12465281664654526,0.0,,2.0,0.49521515041388486,0.0020144986600447237,-0.12394634294194612,0.12797534026203553
1983-07-01 00:00:00+00:00,-1.800571931721826,-1.198044710108371,-1.8877838193707985,0.0,0.0,0.6098835345597067,2.7077926329359476,2.3990128088498945,8.713966912619119,0.6477611940298508,1.0,110.0,-0.007374859278999953,0.0,336.0,0.0,0.564731355988509,0.011923529402621015,0.0044186940371889775,0.03125446594350084,0.7393963166472679,0.15733444013343778,0.12002790311759615,0.04000936058520883,-0.14122664841009147,0.0,,2.0,0.5939180331973827,0.016651001535186373,-0.08977008537811887,0.12307208844849156
1983-08-01 00:00:00+00:00,-1.8229003225357154,-1.1631695098134964,-1.8529086190759239,0.0,0.0,0.564358208729445,2.6920128274412227,2.381161151583271,8.314057225082287,0.6179104477611941,0.0,335.0,0.0,0.0,336.0,0.0,0.4117495254509151,0.0192040107172473,0.004221543656733248,0.031321767686699406,0.7620928370108633,0.09392449084695986,0.07347872061678817,0.040363944730850455,-0.029784561357527828,0.0,,2.0,0.6024687832644493,0.037704964641939655,-0.027689440100931634,0.10309936938481098
1983-09-01 00:00:00+00:00,-1.859527228452188,-1.0297939445051656,-1.719533053767593,0.0,0.0,0.6537369970640585,2.624601208419025,2.668539083427465,8.924266951449644,0.6417910447761194,0.0,335.0,0.0,0.0,336.0,0.0,0.5459095920440143,0.01511313092129008,0.004335222614594286,0.031380583468260045,0.7552105897975915,0.10193658343629242,0.07827690384789232,0.0404323669093478,-0.04843019827378825,0.0,,2.0,0.7606723991751414,0.032747587347310356,-0.05675409876505225,0.12224927345967289
1983-10-01 00:00:00+00:00,-1.6880698075633926,-1.0602502516352241,-1.7499893608976516,0.0,0.0,0.5925213229851033,2.6586234131552824,2.489847450876494,8.219335329112111,0.6119402985074627,0.0,335.0,0.0,0.0,336.0,0.0,0.41113220543275936,0.010860751077413695,0.004436885474889376,0.030891931746578463,0.7313954373274664,0.06777945295309262,0.0451110524313183,0.04007322055632683,-0.05912193469766169,0.0,,2.0,0.675489092185278,0.028801212891769117,-0.04658217592618285,0.10418460170972105
1983-11-01 00:00:00+00:00,-1.708813493075614,-1.1558805564329722,-1.8456196656953996,0.0,0.0,0.5848204902258682,2.6120848499481952,2.0073774154457826,8.715727664514578,0.6358208955223881,0.0,335.0,0.0,0.0,336.0,0.0,0.5512371846584482,0.014931737063060741,0.004340225872369035,0.03138194601886595,0.7533807607713159,0.020438372532688653,0.05378933202624747,0.03992814133005798,-0.0330786871711668,0.0,,2.0,0.5881117709388377,0.08367373503485923,-0.013346693879730656,0.18069416394944907
1983-12-01 00:00:00+00:00,-1.6193454391346238,-1.1570441269636336,-1.846783236226061,0.0,0.0,0.6243007290927141,2.55855307192757,2.0891436657143423,8.470004932991179,0.6059701492537314,0.0,335.0,0.0,0.0,336.0,0.0,0.4072315542711714,0.011436811129918659,0.004421779893166169,0.03091370419909728,0.7323129886893659,-0.01911883041247453,0.05978085928991472,0.03988195703048216,-0.03813599914423982,0.0,,2.0,0.6156847088107074,0.05771598731692186,-0.055519177171853756,0.17095115180569748
1984-01-01 00:00:00+00:00,-1.695538711822065,-1.117302961987412,-1.8070420712498394,0.0,0.0,0.6166002684864497,2.485515779229191,1.7859821621760537,8.81161528048034,0.6298507462686567,0.0,335.0,0.0,0.0,336.0,0.0,0.5491941553353605,0.011269668189476412,0.004434638227034161,0.03118972740664678,0.7409997513211066,-0.02383841856806601,0.11144688029786742,0.0390308624652452,-0.003948573523666177,0.0,,2.0,0.6322154774732889,0.08925667990995939,-0.02157989200934317,0.2000932518292619
1984-02-01 00:00:00+00:00,-1.5623531953444059,-1.1053545516928052,-1.7950936609552326,0.0,0.0,0.4722281089668913,2.5826086837129183,1.776488797234039,8.502551631681895,0.6,0.0,335.0,0.0,0.0,336.0,0.0,0.44788762611968097,0.08411544841545215,0.0025480474760403884,0.034728758122724385,0.923329436071284,-0.08455221537793278,0.02040887163120786,0.040214028062899344,0.10524567652818018,1.0,,2.0,0.48901729991779214,0.14331342377031586,0.05294863583990114,0.23367821170073078
1984-03-01 00:00:00+00:00,-1.3393151923720688,-1.1260745812664523,-1.8158136905288798,0.0,0.0,0.47345030413977146,2.509979352729301,1.5092342405217223,9.016419551036146,0.6238805970149254,0.0,335.0,0.0,0.0,336.0,0.0,0.4611974574169357,0.03611100055928972,0.003788070202406636,0.032289424239106655,0.8226048690987341,-0.054953304722029195,0.016878219007440798,0.04021425185040229,0.0944716443067346,1.0,,2.0,0.49425390322011964,0.10823573634619381,-0.008261785771095514,0.22473325846348363
1984-04-01 00:00:00+00:00,-1.3748480209739482,-1.122726082112103,-1.8124651913745304,0.0,0.0,0.49250173894879995,2.515188511290677,0.931049371048633,8.699383266976298,0.5940298507462687,0.0,335.0,0.0,0.0,336.0,0.0,0.48047156607592806,0.01969599790629807,0.004212978967380623,0.03148481667990391,0.7761573778316153,-0.08269069823485875,0.041427655689169285,0.03991343534642936,0.10002952378649521,1.0,,2.0,0.48509798720392855,0.11049761265836268,0.00011129911208357379,0.2208839262046417
1984-05-01 00:00:00+00:00,-1.3684075363724557,-1.1106851406433087,-1.8004242499057361,0.0,0.0,0.48889832383297643,2.5251540560746903,0.9415574783964198,9.362311797035838,0.6179104477611941,0.0,335.0,0.0,0.0,336.0,0.0,0.47391593637028434,0.01492404294651695,0.004335771151294916,0.031226535593184706,0.7596628505816085,-0.09196533050846956,0.03646111387417594,0.03994235205786445,0.12909995899376625,1.0,,2.0,0.5018921038934444,0.10876884482476684,0.018838576564629214,0.1986991130849042
1984-06-01 00:00:00+00:00,-1.3830263640934561,-1.0724278099934519,-1.7621669192558793,0.0,0.0,0.5541315957949178,2.4359753402845614,0.8243073447960467,8.708684158391769,0.5880597014925373,0.0,335.0,0.0,0.0,336.0,0.0,0.4926099872321518,0.019600462206021057,0.0042161757091123036,0.03150424430065902,0.7760294097607042,-0.10047427222863714,0.04644205138672941,0.0397089259246178,0.17320483862163716,1.0,,2.0,0.5086504034781586,0.11032537313396328,-0.004916255092109648,0.22556700136003618
1984-07-01 00:00:00+00:00,-1.4412301427904488,-1.0547288253522957,-1.7444679346147232,0.0,0.0,0.5248985761798015,2.380038143403352,1.0010129759410409,9.317307654896577,0.6119402985074627,0.0,335.0,0.0,0.0,336.0,0.0,0.46560439429208517,0.017177329980874366,0.004277102956997704,0.03132562517466371,0.7667253099258021,-0.11163775230892359,0.03317698872841568,0.039821839206257606,0.20723700180484084,1.0,,2.0,0.5025069394860229,0.11534903987780772,0.02019734298276679,0.21050073677284853
1984-08-01 00:00:00+00:00,-1.5454122368058303,-1.1248884893835325,-1.81462759864596,0.0,0.0,0.5275135456618057,2.5328493035002695,1.3355525954218241,8.781261958935934,0.582089552238806,0.0,335.0,0.0,0.0,336.0,0.0,0.5273812882483814,0.11460282954647717,0.001765808138673488,0.036454283916067434,0.953443302214907,-0.03729418442491372,0.21464056023722744,0.037934500447587796,0.10279493500971615,1.0,,2.0,0.4576600731568406,0.1496329273026124,0.0352303538929028,0.2640355007123222
1984-09-01 00:00:00+00:00,-1.5189995480895375,-1.1328420290318328,-1.8225811382942603,0.0,0.0,0.5693923489311138,2.5074164828387437,1.5189140794415086,9.429304648916004,0.6059701492537314,0.0,335.0,0.0,0.0,336.0,0.0,0.35874032586733723,0.043810458378949944,0.0035831447321811143,0.03247954198031553,0.8125366673992935,0.029357484383195853,0.20967785509373282,0.037927082367965236,0.07195657790168308,1.0,,2.0,0.5261368105799319,0.11568543426740754,0.024081206441569733,0.2072896620932453
1984-10-01 00:00:00+00:00,-1.6641751880006501,-1.167851027528386,-1.8575901367908134,0.0,0.0,0.6020159491277659,2.4779689907532396,1.5744538200228613,8.99744326052326,0.5761194029850746,0.0,335.0,0.0,0.0,336.0,0.0,0.5792567583753753,0.026607745266675618,0.004040499180708313,0.03203792386317914,0.7797380635153683,0.01998506551035284,0.17664796574428454,0.037919288023273476,0.09030546615459656,1.0,,2.0,0.5720097252308145,0.09587883885336143,-0.023071911483784263,0.21482958919050715
1984-11-01 00:00:00+00:00,-1.743610554487387,-1.1449670226699071,-1.8347061319323346,0.0,0.0,0.5684498777913259,2.4498346475518487,1.9639200151359442,9.46981194189725,0.6,0.0,335.0,0.0,0.0,336.0,0.0,0.3711756955575218,0.013609742806665616,0.004363516343735231,0.030953043519942523,0.7252068737603748,0.0326278127952504,0.18160615304623828,0.03792491028145884,0.1374021054871477,1.0,,2.0,0.5531467309499436,0.07798594971745532,-0.005598831490688974,0.16157073092559945
1984-12-01 00:00:00+00:00,-1.8353337367973297,-1.1693995885945305,-1.859138697856958,0.0,0.0,0.5816669717253025,2.4708186266790224,2.4480750871663757,9.131475177742626,0.5701492537313433,0.0,335.0,0.0,0.0,336.0,0.0,0.5861155264393388,0.014857986892901761,0.004344228759088209,0.03144808222006209,0.7422625013292264,0.031004967984010534,0.22784374624546988,0.036467384691421585,0.19398748669037325,1.0,,2.0,0.5555887903527835,0.03194669637535722,-0.048367536301836364,0.1122609290525508
1985-01-01 00:00:00+00:00,-1.9297190023151045,-1.0599496686633914,-1.7496887779258188,0.0,0.0,0.6150254676439404,2.6197180456052,3.034220645717911,9.847111442506625,0.5940298507462687,0.0,335.0,0.0,0.0,336.0,0.0,0.3917426468262791,0.01557676949626828,0.004313975845785351,0.031095323910330933,0.7419828240596833,0.09686582455481307,0.29555208051003223,0.036414729742763656,0.15520305644577714,1.0,,2.0,0.6332049787123937,0.024916855868462172,-0.04613165280234541,0.09596536453926971
1985-02-01 00:00:00+00:00,-2.062121340333833,-0.9380628201859522,-1.6278019294483796,0.0,0.0,0.5948355460606327,2.5950544907776316,3.128029075811074,8.92953516195934,0.564179104477612,0.0,335.0,0.0,0.0,336.0,0.0,0.5869870439932222,0.025209897963451584,0.004077049450763609,0.03198161342673952,0.7728537449663976,0.16192010956033887,0.3753827613057208,0.03632114917884898,0.16229878429676958,1.0,,2.0,0.6108926657603152,0.020339390802946312,-0.04527888951468988,0.08595767112058249
1985-03-01 00:00:00+00:00,-1.9920746598572865,-1.0583172722338656,-1.748056381496293,0.0,0.0,0.5840985793237232,2.52162232479829,3.4693667784716045,9.302138141252163,0.5880597014925373,0.0,335.0,0.0,0.0,336.0,0.0,0.36755792976154383,0.016030131839117563,0.004300816937534986,0.031070127408660435,0.7323810393134973,0.06930290094223324,0.31906419329610625,0.03603980436941076,0.23610934789598748,1.0,,2.0,0.5797370801158577,0.01695507469181331,-0.0766429900640567,0.11055313944768329
1985-04-01 00:00:00+00:00,-1.9337459440387057,-1.0394744587773588,-1.7292135680397862,0.0,0.0,0.5536311679189833,2.4202762604752563,3.1533520096014547,8.699827797023584,0.5582089552238806,0.0,335.0,0.0,0.0,336.0,0.0,0.5857728564155054,0.01354610388843913,0.004378074038123367,0.03138000300015425,0.7380142899830391,0.06576902382542471,0.3296315397524108,0.03593118133933665,0.2602142127169751,1.0,,2.0,0.5435253139803715,0.011282325108300986,-0.09026122642034415,0.11282587663694607
1985-05-01 00:00:00+00:00,-1.9392994231626617,-0.9527939967161064,-1.6425331059785337,0.0,0.0,0.5366510945895899,2.330215472219032,2.827816177228184,8.723676606266539,0.582089552238806,0.0,335.0,0.0,0.0,336.0,0.0,0.3773885681282251,0.009970988840382654,0.004457823686612155,0.03077857420478462,0.7138844259799895,0.09625656318295839,0.42114125196092633,0.03306932960420309,0.23974743393563713,1.0,,2.0,0.509236937947958,-0.006045120964899085,-0.08824526097254937,0.07615501904275115
1985-06-01 00:00:00+00:00,-1.8900838208375497,-0.8963126237882206,-1.586051733050648,0.0,0.0,0.5643455679177837,2.194414340350882,2.672147003715062,8.222824343641596,0.5522388059701493,0.0,335.0,0.0,0.0,336.0,0.0,0.5828741345065653,0.011650293848250908,0.004426839406001449,0.03127680266950888,0.7325188125471653,0.10580925356416682,0.4476405198055575,0.03290277525758341,0.2437583576195994,1.0,,2.0,0.5536083651464795,-0.016118473901144348,-0.0947683664229449,0.06253141862065614
1985-07-01 00:00:00+00:00,-2.003049716973911,-0.8417513985055244,-1.531490507767952,0.0,0.0,0.6598000908205351,2.2609954601389433,2.8342007893611783,8.551669692039598,0.5761194029850746,0.0,335.0,0.0,0.0,336.0,0.0,0.38030160420587106,0.009163199625682192,0.004478851856799212,0.03074291769385824,0.7119207671749019,0.13373524864015707,0.46397057148385024,0.03284200081797203,0.20571676263145822,1.0,,2.0,0.6890760867537091,-0.03408476382081163,-0.12610212704892648,0.057932599407303165
1985-08-01 00:00:00+00:00,-1.9365780800727987,-1.010027208164033,-1.6997663174264603,0.0,0.0,0.7744724353653263,2.3267336329809734,3.5688377555633317,9.10758217579314,0.5462686567164179,0.0,335.0,0.0,0.0,336.0,0.0,0.586585109006895,0.017747191621780158,0.004269672988230755,0.03159744385356367,0.7513101988965456,0.0694493241084686,0.33255292152240834,0.02904308548205164,0.24759576951037143,1.0,,2.0,0.6864655474920538,-0.009469794978548213,-0.10857023202734087,0.08963064207024433
1985-09-01 00:00:00+00:00,-1.8189496790240935,-1.12490257247758,-1.8146416817400075,0.0,0.0,0.935200008099695,2.4592653493265453,4.202976408161026,10.377134125190953,0.5701492537313433,0.0,335.0,0.0,0.0,336.0,0.0,0.38135470646023323,0.01848781914493511,0.004238202727512764,0.03122404035303826,0.7478322146347114,-0.00393161424330124,0.22948580237805327,0.027079792727750438,0.24065681353425106,1.0,,2.0,0.7493199370670621,-0.02306912992344233,-0.09905040820956487,0.05291214836268016
1985-10-01 00:00:00+00:00,-2.101469764365622,-1.0634666858176562,-1.7532057950800837,0.0,0.0,0.9162526361281103,2.442780096721914,4.173260056685143,10.581603711007926,0.5402985074626866,0.0,335.0,0.0,0.0,336.0,0.0,0.5707989253860065,0.013843818245765672,0.004369487463079907,0.031365276733530796,0.7442474187414715,0.015818887358214795,0.19522312895174032,0.026373916458708294,0.22830574154436523,1.0,,2.0,0.7490374232330819,-0.013776050168405142,-0.06491218722656851,0.0373600868897582
1985-11-01 00:00:00+00:00,-2.1962938987059544,-0.8205042943770722,-1.5102434036394996,0.0,0.0,0.8885246530919213,2.462748529747733,4.821980949740664,10.172295280031854,0.564179104477612,0.0,335.0,0.0,0.0,336.0,0.0,0.4259206132141049,0.027169390604866027,0.004016772393223217,0.031759364576768305,0.791532265263047,0.0700003944959029,0.23790912746002846,0.027703057108495514,0.2031718753318943,1.0,,2.0,0.7472478734930886,-0.023000601930009967,-0.1092840830677185,0.06328287920769854
1985-12-01 00:00:00+00:00,-2.209360864958501,-0.6840472922218735,-1.3737864014843009,0.0,0.0,0.8581418167185338,2.4512183782247026,5.109386400541926,9.56332467209994,0.5343283582089552,0.0,335.0,0.0,0.0,336.0,0.0,0.5430599228034206,0.029208241502589688,0.003971189684658343,0.03209894480240235,0.798014067644692,0.09589249568061753,0.2511053104988594,0.028149243203180366,0.17075552734566113,1.0,,2.0,0.7493779829808622,-0.01766404535765395,-0.11804557289922298,0.08271748218391503
1986-01-01 00:00:00+00:00,-2.341999434777678,-0.7577288228318168,-1.447467932094244,0.0,0.0,0.8246467548766003,2.408979764366844,5.479868462749389,9.361525534598895,0.5582089552238806,0.0,335.0,0.0,0.0,336.0,0.0,0.4041236372196389,0.015319621247471367,0.004321359169619422,0.03110693570374932,0.7458528371977465,0.07886404237895306,0.23654699393980394,0.02812038809975472,0.22484450958695312,1.0,,2.0,0.7613141341939038,-0.010554663258523216,-0.1107489373721096,0.08963961085506311
1986-02-01 00:00:00+00:00,-2.2906163398508452,-0.3837616302388742,-1.0735007395013016,0.0,0.0,0.7834796615572238,2.4135429387552545,5.441462761696288,8.799972441527242,0.5283582089552239,0.0,335.0,0.0,0.0,336.0,0.0,0.5819792685412469,0.03233140129111101,0.003892908409086025,0.03233740969853073,0.7934446051894758,0.11698189205226761,0.2575362311210583,0.028933913552489466,0.22626966075210664,1.0,,2.0,0.7613235383608682,-0.011823754039792042,-0.11515738005089413,0.09150987197131
1986-03-01 00:00:00+00:00,-2.136301030251998,0.36909266802472107,-0.32064644123770636,0.0,0.0,0.7220176640886212,2.433743270804815,5.305157902732921,7.50296588477722,0.5223880597014925,0.0,335.0,0.0,0.0,336.0,0.0,0.4024095122342566,0.054672130230156483,0.003305381735144978,0.03312506152492552,0.8568190340284609,0.20261731382850456,0.28889656279583775,0.030128006925699526,0.2005469016690702,1.0,,2.0,0.6326138860536481,-0.016129522676295846,-0.10331497051091204,0.07105592515832068
1986-04-01 00:00:00+00:00,-2.1503474504511337,0.4177282091859691,-0.27201090007645834,0.0,0.0,0.7036099283651388,2.3810541411771196,4.736387612815042,7.20928048590786,0.5223880597014925,0.0,335.0,0.0,0.0,336.0,0.0,0.5332371757669049,0.02879178836587416,0.00398134915672405,0.032057858513005,0.7990272583524735,0.2540266586407167,0.2812585712363562,0.02996536886528281,0.15813529494222234,1.0,,2.0,0.6637063506664194,-0.012838623533918476,-0.09233784845162561,0.06666060138378849
1986-05-01 00:00:00+00:00,-2.135148270150083,0.3166386825548782,-0.3731004267075492,0.0,0.0,0.6545503836588993,2.3445558574216556,4.634977530046417,6.522594355276015,0.5164179104477612,0.0,335.0,0.0,0.0,336.0,0.0,0.414166652957232,0.015599888438500485,0.0043147285567566125,0.03114146763731235,0.7502911672395505,0.24569853096399896,0.26968771627146726,0.02999665504162267,0.15457248862630824,1.0,,2.0,0.6528969428776032,-0.010068453121362543,-0.10335380384766503,0.08321689760493992
1986-06-01 00:00:00+00:00,-2.2671708923808467,0.6748164320876013,-0.014922677174826093,0.0,0.0,0.6306810239592077,2.2865549918600547,4.201696685708275,6.34214257010595,0.5164179104477612,0.0,335.0,0.0,0.0,336.0,0.0,0.5449565707519162,0.013535540242117049,0.0043758903325845045,0.031297631039070815,0.7500101584631176,0.21216550569661852,0.2927401930232092,0.03006577987858228,0.17007582713982394,1.0,,3.0,0.5353287693051134,0.03387151174591889,-0.05583329172072582,0.12357631521256353
1986-07-01 00:00:00+00:00,-2.2529710452909137,0.2674480637437063,-0.42229104551872115,0.0,0.0,0.6296067855065394,2.234237157790081,4.4411518799786105,5.772856084755338,0.5104477611940299,0.0,335.0,0.0,0.0,336.0,0.0,0.4216962649500783,0.015116243394710896,0.004327666868158334,0.03113171801277574,0.7508391129541593,0.14546452458124204,0.3026453442331416,0.029729888882183964,0.21690540682422643,1.0,,3.0,0.5638073446515417,0.030267588164070772,-0.05541409902106538,0.11594927534920689
1986-08-01 00:00:00+00:00,-2.203543001360761,0.47630081969589805,-0.21343828956652938,0.0,0.0,0.6236064061829784,2.174971026895657,3.952083861701215,5.625890472940163,0.5104477611940299,0.0,335.0,0.0,0.0,336.0,0.0,0.5355814367338563,0.012639941092531186,0.00439844576637195,0.03123282811089466,0.748632705350071,0.1618420371730629,0.2964524476765744,0.02965321506083995,0.2540636802170537,1.0,,3.0,0.5085828136225152,0.026301623301469408,-0.06889901431432145,0.12150226091726025
1986-09-01 00:00:00+00:00,-2.629240349855157,-0.0348333910897205,-0.7245725003521479,0.0,0.0,0.6229239177008643,2.1451933611576233,3.9276613709927797,5.257856985303944,0.5044776119402985,0.0,335.0,0.0,0.0,336.0,0.0,0.44042394059994305,0.021479911052271185,0.004164517592848336,0.03149616910881516,0.7771197693349138,0.07442641499418023,0.2641831931621459,0.030416155954463668,0.2480815173861286,1.0,,3.0,0.5953969533528699,0.001515823678858376,-0.08720322580098426,0.09023487315870098
1986-10-01 00:00:00+00:00,-2.704622533163689,-0.09278800208016443,-0.7825271113425919,0.0,0.0,0.6447922947306121,2.1090193893031084,4.550915198641379,5.414353833474114,0.5044776119402985,0.0,335.0,0.0,0.0,336.0,0.0,0.5108095459819452,0.015187095093232537,0.004331200860884133,0.03131401378331961,0.7605965810913765,0.008015281006592545,0.27647347126974164,0.03019474259717327,0.12143240443428205,1.0,,3.0,0.6334580851539493,-0.008853298778195209,-0.08099316064763835,0.0632865630912479
1986-11-01 00:00:00+00:00,-2.6479083603676377,0.1616542674279739,-0.5280848418344535,0.0,0.0,0.6438176061847025,2.0665935305449157,4.52462062053731,5.26296880729005,0.844776119402985,0.0,335.0,0.0,0.0,336.0,0.0,0.456177812185784,0.013723983623113308,0.004365682840385764,0.031129326071829656,0.7533479054458297,0.012958057110822097,0.31333545875965285,0.030343922600241626,-0.044713967825537715,0.0,,3.0,0.4879805514583116,-0.022919528512709033,-0.10091483415782897,0.055075777132410894
1986-12-01 00:00:00+00:00,-2.3922777584108976,0.18119061280629126,-0.5085484964561362,0.0,0.0,0.596031261334871,2.0543082799198475,4.383958834738609,4.810790086591795,0.8388059701492537,0.0,335.0,0.0,0.0,336.0,0.0,0.5008051101118302,0.011363614708857663,0.004429300876753284,0.03109754217760434,0.7473629480760399,0.026900589090641525,0.3204267239301748,0.030348542412994936,-0.07444533259079922,0.0,,3.0,0.4648278991400207,-0.028539445246396317,-0.10401951693650267,0.046940626443709985
1987-01-01 00:00:00+00:00,-2.1109300081040034,0.6175869279072498,-0.07215218135517765,0.0,0.0,0.6179396417844316,2.0520198232968383,3.322708928007044,5.21604970266091,0.8388059701492537,0.0,335.0,0.0,0.0,336.0,0.0,0.4949105663223226,0.026759687465155706,0.004031500717014736,0.031876630305360525,0.7977489881324767,0.05995019434630677,0.43724260274744875,0.02877254757705784,-0.09404887299754261,0.0,,3.0,0.3884469958733513,0.006433968445965134,-0.06956851293141808,0.08243644982334827
1987-02-01 00:00:00+00:00,-1.8136210747263584,0.9359102324573765,0.24617112319494905,1.0,1.0,0.5828105907793281,2.0577127867566922,2.3813042855545334,5.048542515454338,0.8328358208955224,0.0,335.0,0.0,0.0,336.0,0.0,0.487069931873688,0.04128762068755473,0.0036559942228107677,0.03260722001578091,0.836419554677907,0.13753479017291603,0.4951334391280868,0.02960705733065142,-0.12332540608540121,0.0,1.0,3.0,0.4294922806713053,0.051782315322746554,-0.03092859848254107,0.13449322912803416
1987-03-01 00:00:00+00:00,-1.5473528816441324,1.062658574000654,0.37291946473822657,1.0,2.0,0.5753930639033185,2.033005941575514,1.8126954509083553,5.509351677936961,0.8328358208955224,0.0,335.0,0.0,0.0,336.0,0.0,0.4647019421230806,0.027331347653039902,0.004014925451785885,0.03184543398731229,0.7985796192416383,0.15556844598720332,0.5347115918986365,0.029665711695222332,-0.13459609532861183,0.0,1.0,3.0,0.4242161011774337,0.10152871670255545,0.022361756658525953,0.18069567674658493
1987-04-01 00:00:00+00:00,-1.577299768728926,0.6400331468100091,-0.04970596245241832,0.0,0.0,0.5482024996294094,1.9792507593174082,1.599236567731585,5.198588766051378,0.826865671641791,0.0,335.0,0.0,0.0,336.0,0.0,0.4870910442944105,0.020695695760259095,0.004187570413254192,0.031549442628392724,0.7795230488100849,0.171505140048688,0.5276536637193034,0.029860861853879886,-0.13513425884093255,0.0,,3.0,0.4482752344763297,0.08486388021516217,-0.011859239710070205,0.1815870001403945
1987-05-01 00:00:00+00:00,-1.6404519328279525,0.49677796695682297,-0.19296114230560446,0.0,0.0,0.5459906968282464,1.9834351935455465,1.5046504906385985,5.43150226674712,0.826865671641791,0.0,335.0,0.0,0.0,336.0,0.0,0.46533448478542894,0.014122121744142738,0.00435595607979886,0.031168136148466422,0.755994171477057,0.17196527804594197,0.5489130215443208,0.029220723667541974,-0.15937188782290423,0.0,,3.0,0.4428544894792887,0.07952729328559448,-0.04390375831575816,0.20295834488694703
1987-06-01 00:00:00+00:00,-1.2323354075554283,0.8242389793865013,0.13449987012407383,1.0,1.0,0.46936682325624385,1.9411793879099144,1.1892996631796464,5.438311118878934,0.8208955223880597,0.0,335.0,0.0,0.0,336.0,0.0,0.5074837403164956,0.01658466373583706,0.004294922854517286,0.03137914009367885,0.7655768175251692,0.17906945750454817,0.6040426685731246,0.02889093756243644,-0.14630051882109818,0.0,1.0,3.0,0.46074475161802797,0.10942095849661705,-0.011241282593555682,0.23008319958678974
1987-07-01 00:00:00+00:00,-1.243966058136113,0.8972692761226764,0.20753016686024894,1.0,2.0,0.48969351032525604,1.889533502696562,0.9807443986300914,5.795627166919304,0.8208955223880597,0.0,335.0,0.0,0.0,336.0,0.0,0.4546663857157441,0.013055877712320049,0.004382838851487744,0.031091974926835117,0.7506562023386879,0.19161440405980734,0.5493353124148959,0.02676946278547275,-0.1822784015718062,0.0,1.0,3.0,0.4780424110072736,0.10412066461941644,-0.008660092966269017,0.21690142220510183
1987-08-01 00:00:00+00:00,-1.0511865637768052,1.2752342301247586,0.5854951208623311,1.0,3.0,0.5704204683802117,1.9638459958877381,1.1739836706656572,5.925756885670194,0.8149253731343283,0.0,335.0,0.0,0.0,336.0,0.0,0.5365079471499007,0.028939845411360528,0.003977723945879806,0.03207202160095528,0.7987627774761276,0.1910612078031635,0.5989463261674164,0.027517199780917465,-0.2618754169299802,0.0,1.0,3.0,0.5016644131909743,0.12842597443546738,0.03525383904660931,0.22159810982432532
1987-09-01 00:00:00+00:00,-0.993224271160326,0.6716712070212387,-0.018067902241188705,0.0,0.0,0.5940200672768501,1.9537358380622614,1.4020213988376977,5.750551759699121,0.8149253731343283,0.0,335.0,0.0,0.0,336.0,0.0,0.43993200493515355,0.04003987004658475,0.0039802285706206355,0.03239248279106356,0.8301191188756769,0.0962382716282022,0.5713866452459362,0.02870492594547217,-0.21414622910721182,0.0,,3.0,0.4194469922428126,0.13669683364617102,0.06620803701311229,0.20718563027922973
1987-10-01 00:00:00+00:00,-1.4759770662723841,-0.6401835917420713,-1.3299227010044987,0.0,0.0,0.5664284959023392,2.1750612105484013,1.4775135631385599,4.974412084860877,0.808955223880597,0.0,335.0,0.0,0.0,336.0,0.0,0.0047482980866920465,0.9938546711663013,-0.02100887847737368,0.08017297090760613,0.04071290573511263,-0.0710992162281956,0.4309845628751905,0.03804215943598279,-0.05166478053096757,0.0,,3.0,0.5125140106349122,0.12226637403184054,0.0661516850080325,0.1783810630556486
1987-11-01 00:00:00+00:00,-2.0643759389128356,-1.2279481815429438,-1.9176872908053713,0.0,0.0,0.5136088698582213,2.3387706456763144,1.3187931857696757,5.365391613590742,0.808955223880597,0.0,335.0,0.0,0.0,336.0,0.0,1.889102528888487e-05,0.9999740305096969,-0.021169298581226334,0.08047601642223451,0.0003153831508839297,-0.18989120565693796,0.30675749007835496,0.04536239386034874,0.05927694201241529,1.0,,3.0,0.4770209644250141,0.12813836904649048,0.04404443848796351,0.21223229960501752
1987-12-01 00:00:00+00:00,-1.84617417249005,-1.052128459660737,-1.7418675689231644,0.0,0.0,0.5404776419181875,2.2869006438407693,1.4944603680356874,4.853017754333876,0.8029850746268656,0.0,335.0,0.0,0.0,336.0,0.0,0.09256935002978964,0.795681699399913,-0.01581705301733641,0.07024098706547577,0.6470520174576809,-0.20211723212646593,0.24992996486304175,0.04521472468979728,0.09417051854875336,1.0,,3.0,0.5659380674940413,0.12785788598609676,0.02359059064630245,0.23212518132589105
1988-01-01 00:00:00+00:00,-1.8266817249207166,-0.9327427836521126,-1.6224818929145401,0.0,0.0,0.6141732637696722,2.3777320798348494,1.2671117626348525,5.318399555787373,0.8029850746268656,0.0,335.0,0.0,0.0,336.0,0.0,0.22988589959981456,0.5494353952977784,-0.009364350444830492,0.05795057946968993,1.0004649746873824,-0.20417450579105978,0.23794805322172596,0.0449403966927891,0.08481873869058276,1.0,,3.0,0.5674043812858123,0.1363852137741951,0.031315830673485257,0.2414545968749049
1988-02-01 00:00:00+00:00,-1.6392752604003444,-0.9012371139585752,-1.5909762232210025,0.0,0.0,0.6354487953399138,2.356299663766791,1.4999679377317225,4.859703046673276,0.7970149253731343,0.0,335.0,0.0,0.0,336.0,0.0,0.3315331937866183,0.2887597492289693,-0.0025357552693961284,0.044861054362526395,1.0923989073742961,-0.2026960227367116,0.277336388735951,0.04494657301487017,0.08308617382059147,1.0,,3.0,0.5784611658680813,0.12227181333908915,0.04911055842307685,0.19543306825510132
1988-03-01 00:00:00+00:00,-1.5273127672112823,-0.8625380277763516,-1.5522771370387791,0.0,0.0,0.6388598488190492,2.3159259382596007,0.9618307681717241,5.344229186742307,0.7970149253731343,0.0,335.0,0.0,0.0,336.0,0.0,0.44199847617559807,0.12780404141518165,0.0016830208074774108,0.03686498332535772,0.9866711903256518,-0.23309132955846223,0.30008597278352944,0.045022432314665926,0.048191148910744275,1.0,,3.0,0.5476733937655904,0.1354067449751991,0.03297759098310642,0.2378358989672917
1988-04-01 00:00:00+00:00,-1.6134658846838072,-0.9550646178770883,-1.6448037271395157,0.0,0.0,0.6868587775400775,2.36107590935779,0.7598619861507648,4.874122061741092,0.7910447761194029,0.0,335.0,0.0,0.0,336.0,0.0,0.438440653266644,0.06717040142265003,0.0032699848550747533,0.033771220252978004,0.8911667717372859,-0.21171063617837316,0.26341944588460464,0.045179948788167786,0.09082420089600873,1.0,,3.0,0.5582528207299918,0.13131762532546612,0.043027074915983496,0.21960817573494873
1988-05-01 00:00:00+00:00,-1.5698537902918273,-1.0352232624620428,-1.7249623717244702,0.0,0.0,0.6904990683693542,2.350612371572488,0.6221309008224735,5.405232887222539,0.7910447761194029,0.0,335.0,0.0,0.0,336.0,0.0,0.48807535612519937,0.05416971872962739,0.0036128082939975406,0.033198874300694285,0.8657278563472666,-0.10883901421124431,0.21633629509977936,0.0455396891740028,0.1512754048723437,1.0,,3.0,0.5686590698988598,0.1317880095203941,0.024744016085346515,0.23883200295544166
1988-06-01 00:00:00+00:00,-1.3390188433120334,-0.8303654834041272,-1.5201045926665546,0.0,0.0,0.7324794485786048,2.335724846141214,0.06656086405615733,4.9426001764730785,0.7850746268656716,0.0,335.0,0.0,0.0,336.0,0.0,0.46321509479058265,0.051669469869721055,0.003676993605321845,0.03302667844494617,0.8604815937201842,0.0774829065089877,0.2505051479471856,0.046141341959953,0.12840278275405925,1.0,,3.0,0.4772394317763402,0.16105103100556661,0.05351606724682917,0.26858599476430406
1988-07-01 00:00:00+00:00,-1.4953139512449332,-0.92188516922631,-1.6116242784887373,0.0,0.0,0.7184955110749375,2.281649397083649,0.025250292119559044,5.419658075470619,0.7850746268656716,0.0,335.0,0.0,0.0,336.0,0.0,0.4708162645062529,0.027495497477703565,0.004310156457126779,0.03180951488081926,0.7995241196457181,0.08378133507880037,0.2642619758333735,0.045926936699748885,0.16116224564347892,1.0,,3.0,0.5078862871035882,0.13854525139646612,-0.0006026407172458614,0.2776931435101782
1988-08-01 00:00:00+00:00,-1.5233388852925334,-0.9963621440783494,-1.6861012533407769,0.0,0.0,0.7408459408851279,2.2451775917195045,0.5149057046304167,4.900239401287218,0.7791044776119403,0.0,335.0,0.0,0.0,336.0,0.0,0.48576608951085065,0.02554104305214376,0.004362074593061207,0.03173699194170662,0.7943221140979085,0.023234663870725925,0.26511433133575313,0.04590921132088615,0.22737709970576514,1.0,,3.0,0.5113170244243355,0.10306885231079531,-0.048727336604443616,0.2548650412260342
1988-09-01 00:00:00+00:00,-1.4229241289030812,-0.9425656574494803,-1.6323047667119077,0.0,0.0,0.7358070211487088,2.1978381670437397,0.3334127012958253,5.307648536299158,0.7791044776119403,0.0,335.0,0.0,0.0,336.0,0.0,0.4645693117608435,0.014338634096420664,0.0046542332581701925,0.031128315062315542,0.7566868013025986,0.005417448606391595,0.2669349499841278,0.04591033891367567,0.21670080960894111,1.0,,3.0,0.45408154329854633,0.10798837308210854,-0.03145625185073987,0.24743299801495688
1988-10-01 00:00:00+00:00,-1.5247139448278482,-0.864026408098987,-1.5537655173614144,0.0,0.0,0.6893981135979715,2.152095767301716,0.2607834971844113,4.961631014142835,0.7731343283582089,0.0,335.0,0.0,0.0,336.0,0.0,0.5018613483116537,0.013725091977933757,0.004672185107160053,0.031164410309797677,0.7559702649106211,0.011832098569448668,0.24191767685707521,0.045323565581320294,0.18107282395372426,1.0,,3.0,0.46187193584196184,0.09108911355552843,-0.02680898789138922,0.2089872150024459
1988-11-01 00:00:00+00:00,-1.4577081086148431,-0.9752265045155029,-1.6649656137779303,0.0,0.0,0.6709637778093445,2.096361211433467,1.0591117276125732,5.481141748469015,0.7731343283582089,0.0,335.0,0.0,0.0,336.0,0.0,0.46583893460103315,0.017396397914212252,0.0045742577212535334,0.031286302509007324,0.7674942165973512,0.004519995196409887,0.172046945400397,0.0451036372494663,0.18192028334972932,1.0,,3.0,0.49761375215775266,0.09523062353666131,-0.027833363995847182,0.21829461106916975
1988-12-01 00:00:00+00:00,-1.2113115395590648,-0.8916414269886804,-1.5813805362511077,0.0,0.0,0.6001200349237327,2.0604021789450675,0.430332569662563,5.1830793379021864,0.7671641791044777,0.0,335.0,0.0,0.0,336.0,0.0,0.49170940446375766,0.012468381364160598,0.0047045657326863,0.031082090584550102,0.7515548766133496,0.05142517424519166,0.18889742696601797,0.04515692190773336,0.18629028580746265,1.0,,3.0,0.36205642181319814,0.12794913456649432,0.018818088490597296,0.23708018064239134
1989-01-01 00:00:00+00:00,-1.115588962422205,-0.8350000598796611,-1.5247391691420886,0.0,0.0,0.5402742882923749,2.0265609479259696,0.06915809002305257,5.739065787887863,0.7671641791044777,0.0,335.0,0.0,0.0,336.0,0.0,0.4737921168088355,0.011610830065928675,0.0047261040467175,0.031006073901763066,0.7475355216247295,0.026944751720621163,0.16046800761553914,0.0444864389404215,0.12425199305168544,1.0,,3.0,0.3380015425798997,0.13916901859266093,0.03610806620795652,0.24222997097736534
1989-02-01 00:00:00+00:00,-1.0548201337826204,-0.7885490502065688,-1.4782881594689963,0.0,0.0,0.5104123630838712,2.041235407793511,0.04870434323543325,5.372362082487824,0.7611940298507462,0.0,335.0,0.0,0.0,336.0,0.0,0.49110325297415497,0.011359759401670935,0.004733554241961262,0.031024547373658062,0.7474125978244016,0.06266855265568605,0.124313214660555,0.04353027029370124,0.06558591606023967,1.0,,3.0,0.38022860737443753,0.1434264165075628,0.0663399615659026,0.2205128714492233
1989-03-01 00:00:00+00:00,-1.0983518836781827,-0.8608561431861268,-1.5505952524485542,0.0,0.0,0.46212985737979234,1.9911828263010074,0.04593299723411967,5.861692168894707,0.7611940298507462,0.0,335.0,0.0,0.0,336.0,0.0,0.4706370613015359,0.011649706982205833,0.004724926352853662,0.031002356577674736,0.747402255253163,0.07697523628226222,0.08806290897729863,0.04340959889312766,0.09426113207576936,1.0,,3.0,0.3858417099116946,0.14444901807911364,0.05765397123418656,0.23124406492404065
1989-04-01 00:00:00+00:00,-0.9768701675272193,-0.7584023794933755,-1.448141488755803,0.0,0.0,0.4470996575059292,1.9718898038883685,0.059499211629641294,5.45037198740071,0.755223880597015,0.0,335.0,0.0,0.0,336.0,0.0,0.49426706179088276,0.011452995674671623,0.004731274188576493,0.03103500743206845,0.7477849365401981,0.09325979382484739,0.11449621284497624,0.0435821194203369,0.06611106989974047,1.0,,3.0,0.39507861045771203,0.139323294397171,0.030430109604492633,0.24821647918984935
1989-05-01 00:00:00+00:00,-0.8770480424469987,-0.6819484102158919,-1.3716875194783194,0.0,0.0,0.45536366331423483,1.929385432260336,0.1124931175265939,5.826672849438266,0.755223880597015,0.0,335.0,0.0,0.0,336.0,0.0,0.4755471431238552,0.012341563813163009,0.00470706541046597,0.0310464502701887,0.7504192647903757,0.09410117119206696,0.12385334235252365,0.043732757559698465,0.06688294295246333,1.0,,3.0,0.3948931116092451,0.1549676520191047,0.05150939889164974,0.25842590514655955
1989-06-01 00:00:00+00:00,-0.7921957306471954,-0.615088136005439,-1.3048272452678664,0.0,0.0,0.4767589192765722,1.8602646844942752,0.16664834780277596,5.410795437238431,0.7492537313432835,0.0,335.0,0.0,0.0,336.0,0.0,0.4906075311924952,0.012120197041333026,0.004713623899264285,0.031062372189267485,0.750255066871106,0.14660874725063167,0.17319116806978663,0.04371325394539571,0.06168928746402802,1.0,,3.0,0.48370580696921867,0.15471666414853133,0.04956185413304563,0.259871474164017
1989-07-01 00:00:00+00:00,-0.7311158969650478,-0.5640820917389789,-1.2538212010014065,0.0,0.0,0.5738338539343512,1.8603173190435702,0.3376794932043312,5.859420861310959,0.7492537313432835,0.0,335.0,0.0,0.0,336.0,0.0,0.47279496438281954,0.010855559141454167,0.004745823413630849,0.030965816589405924,0.744560426563365,0.15077306217352593,0.177828451966481,0.0437608563047082,0.034252066709897555,1.0,,3.0,0.5048627292381711,0.15341745101259358,0.041981612161413315,0.26485328986377377
1989-08-01 00:00:00+00:00,-0.5425822843622303,-0.4180351866412963,-1.1077742959037238,0.0,0.0,0.6761735413126968,2.02407524907325,0.5225417048333202,5.485609941962434,0.7432835820895523,0.0,335.0,0.0,0.0,336.0,0.0,0.5049737183352223,0.015888148560185483,0.004615722883501161,0.031280168438526545,0.7633680476426419,0.1657930248859083,0.2518346175072672,0.04369095521230577,-0.10147196841443495,0.0,,3.0,0.5079486188268129,0.1654206888967972,0.06679565731978672,0.26404572047380764
1989-09-01 00:00:00+00:00,-0.6162154539139236,-0.4926021973251126,-1.18234130658754,0.0,0.0,0.8123038674208725,2.0301093861844257,0.4581045394627522,5.832756686747317,0.7432835820895523,0.0,335.0,0.0,0.0,336.0,0.0,0.451943894078611,0.011599429033965209,0.004725294141773231,0.030966043626872008,0.7447177606219596,0.13903208439474124,0.2553300180487037,0.04366696794310118,-0.15609250799137264,0.0,,3.0,0.5113527761316987,0.16638589252540537,0.0811059102254223,0.2516658748253884
1989-10-01 00:00:00+00:00,-0.6533203605196817,-0.5201411346228019,-1.2098802438852294,0.0,0.0,0.7999933648331097,2.180168333381075,0.4702558946538552,5.6235369317604835,0.7373134328358208,0.0,335.0,0.0,0.0,336.0,0.0,0.5069602413734347,0.011314473782280772,0.004735544045963531,0.031050873342862294,0.7469404931179063,0.14471377361242865,0.21981862547890518,0.043511740456780176,-0.18424846493998093,0.0,,3.0,0.5077130944903908,0.16839987143393886,0.08153725471271882,0.25526248815515884
1989-11-01 00:00:00+00:00,-0.7342626226350294,-0.6303909792879367,-1.3201300885503642,0.0,0.0,0.8011100169058821,2.131790695962354,0.42582581519525325,5.973600666175812,0.7373134328358208,0.0,335.0,0.0,0.0,336.0,0.0,0.4621594980523394,0.015619632700678673,0.0046205796257111345,0.031189189623092767,0.7609496322412832,0.09561607765013047,0.1832117014044652,0.04377790621073526,-0.1368943219548182,0.0,,3.0,0.40239664806853076,0.17518133461995647,0.09020517190951008,0.2601574973304026
1989-12-01 00:00:00+00:00,-0.5801632237268795,-0.49506376613670144,-1.1848028753991289,0.0,0.0,0.7269119421720618,2.134208616952785,0.40669182598298304,5.602402277200803,0.7313432835820896,0.0,335.0,0.0,0.0,336.0,0.0,0.4983757879774884,0.012480660391104228,0.004704582496041728,0.03109475281439273,0.7515654514561947,0.08644005518031062,0.1503432031865275,0.043009925086622824,-0.11790120683929572,0.0,,3.0,0.38556422781745125,0.1652063612844363,0.06782797006491761,0.26258475250395497
1990-01-01 00:00:00+00:00,-0.7685894028756654,-0.6823836334149149,-1.3721227426773424,0.0,0.0,0.8382397871499944,2.01226022982737,0.28928724480613505,5.964777933721622,0.7313432835820896,0.0,335.0,0.0,0.0,336.0,0.0,0.47814327670671875,0.02499324804287164,0.004376026962997451,0.03169533539539611,0.7925255675262199,0.02279396201824735,0.058450339915117944,0.04252697225344598,-0.09850043666376695,0.0,,3.0,0.3867378860700719,0.18741810875887915,0.12279686763337966,0.2520393498843785
1990-02-01 00:00:00+00:00,-0.8691743704930911,-0.7828791963545157,-1.472618305616943,0.0,0.0,0.845819350881011,1.938935484363582,0.20693561227661783,5.606569796797443,0.7253731343283583,0.0,335.0,0.0,0.0,336.0,0.0,0.4853598768256222,0.0323518881798872,0.004183773487125507,0.03208305255564666,0.8135425245913288,-0.0329077769275532,-0.010647770948275515,0.042490517687027454,0.04014203012763229,1.0,,3.0,0.42730043131653256,0.17950122022486018,0.11323257655684288,0.2457698638928775
1990-03-01 00:00:00+00:00,-0.7365427766478853,-0.6698443180754614,-1.3595834273378888,0.0,0.0,0.7649987513069395,1.8850158096493472,0.23755045831109375,5.933551806196126,0.7253731343283583,0.0,335.0,0.0,0.0,336.0,0.0,0.46291194627138066,0.017169799921398228,0.004580040661096858,0.03126947955856454,0.7664017811264582,-0.05614073134773356,0.02418874611084565,0.04251202782246876,0.047448357584202405,1.0,,3.0,0.37070809495439055,0.17060833717872162,0.07974630306745764,0.26147037128998546
1990-04-01 00:00:00+00:00,-0.7691373965629745,-0.7054389114906557,-1.3951780207530833,0.0,0.0,0.6129231773079025,2.2163694770516003,0.22091870838123107,5.51661273115957,0.7194029850746269,0.0,335.0,0.0,0.0,336.0,0.0,0.492304685091231,0.012763347868225791,0.004696874895375223,0.03109818452131956,0.7526415812580506,-0.05732994588435325,0.026034794118408477,0.04250688272529898,0.06803036314433264,1.0,,3.0,0.3127855845073614,0.16720895216250767,0.055366705246395045,0.27905119907862
1990-05-01 00:00:00+00:00,-0.638843557535995,-0.5821349686589588,-1.2718740779213862,0.0,0.0,0.9532164170236185,2.429392147521789,0.35132508384521427,5.773859455784867,0.7194029850746269,0.0,335.0,0.0,0.0,336.0,0.0,0.47713136953198276,0.013104277018434403,0.004687181016274533,0.031088146565115424,0.7533470397774404,-0.020088709809193972,0.020660458165163043,0.04237738105734853,0.027864899387711972,1.0,,3.0,0.4017100688802587,0.1833531629480194,0.11233509382994107,0.25437123206609763
1990-06-01 00:00:00+00:00,-0.582998987044427,-0.5401126269732729,-1.2298517362357004,0.0,0.0,0.9266209749417749,2.386217125177606,0.40219856243074725,5.480173235622953,0.7134328358208956,0.0,335.0,0.0,0.0,336.0,0.0,0.4855492167819231,0.01145414559522688,0.004730801840903053,0.031019324800453572,0.7476352879952025,0.02637775136493037,0.017975048709588215,0.04233277219904112,0.0025869888958975906,1.0,,3.0,0.3719447007956649,0.17778886937844118,0.11766764667721638,0.23791009207966596
1990-07-01 00:00:00+00:00,-0.6433520199891477,-0.5948271600918713,-1.2845662693542987,0.0,0.0,0.9528727710110411,2.359832982537257,0.3476010604565035,5.9198044158564835,0.7134328358208956,0.0,335.0,0.0,0.0,336.0,0.0,0.4743752165552411,0.010836124167117815,0.004746412307577838,0.03096768034812429,0.7446196048538866,-0.001265156924039168,-0.04198316154067516,0.04125756240581987,0.01107180850653311,1.0,,3.0,0.39636485674114313,0.1811603684606027,0.10287427586593156,0.25944646105527375
1990-08-01 00:00:00+00:00,-1.0107878949751925,-0.9580644728285993,-1.6478035820910266,0.0,0.0,0.9225652154845728,2.394437445595019,0.1864845739809241,5.540552833817756,0.7074626865671642,0.0,335.0,0.0,0.0,336.0,0.0,0.2735942857253258,0.573225077167604,-0.009984851236820637,0.059240821718579306,0.9609824119452933,-0.05993093658021209,-0.09771886829329635,0.043731224453632686,0.1259594844110401,1.0,,3.0,0.45696820140250866,0.19922540720515586,0.11441847297279566,0.2840323414375161
1990-09-01 00:00:00+00:00,-1.1084253608221581,-1.0540359407404578,-1.7437750500028852,0.0,0.0,0.8262079458989616,2.3195176653638656,0.12520940307778822,5.839205449092939,0.7074626865671642,0.0,335.0,0.0,0.0,336.0,0.0,0.10699634761690792,0.7343135455128155,-0.014209950002161222,0.06714229796331159,0.7580197819786456,-0.08264633965687107,-0.02219489437695099,0.038785157869015506,0.17172438805147916,1.0,,3.0,0.44192674415608024,0.19440667931370326,0.09034650232462216,0.298466856302784
1990-10-01 00:00:00+00:00,-1.1516483574359433,-1.0971172575473276,-1.786856366809755,0.0,0.0,0.8155681014589246,2.310723207630401,0.038796499183957125,5.644984214476451,0.7014925373134329,0.0,335.0,0.0,0.0,336.0,0.0,0.21899200155644294,0.6082333708930016,-0.010903997311515822,0.06092477989605793,0.9383511701759275,-0.13379582340332163,0.08028412836446197,0.03152161294852391,0.20208706051735703,1.0,,3.0,0.39489379729687035,0.19722645948480103,0.11393746399928002,0.2805154549703224
1990-11-01 00:00:00+00:00,-1.0565061337503148,-1.0130683751769263,-1.7028074844393537,0.0,0.0,0.8284798110892729,2.281503716362617,0.05183488105244461,6.235755123801219,0.7014925373134329,0.0,335.0,0.0,0.0,336.0,0.0,0.2872793153858092,0.32098454021216194,-0.0033815154869855594,0.046421967732714516,1.090200411929469,-0.10738931420442821,0.1207627120404462,0.03155586557592022,0.17267072685761242,1.0,,3.0,0.38752879847654353,0.19848994304388592,0.11114072467656803,0.2858391614112038
1990-12-01 00:00:00+00:00,-0.9684289230311539,-0.9360030488111756,-1.625742158073603,0.0,0.0,0.8564819304454361,2.270425498756191,0.06890021944697935,5.971137148979162,0.6955223880597015,0.0,335.0,0.0,0.0,336.0,0.0,0.45116168026222486,0.19744354836307143,-0.00013939621645107266,0.04042742766340678,1.0469105293785073,-0.09834409461144844,0.12649086934477438,0.03174430506312089,0.13683970374266252,1.0,,3.0,0.36637774724138944,0.20952318294059424,0.13194715737696366,0.2870992085042245
1991-01-01 00:00:00+00:00,-1.0455277548329147,-1.0134486283551367,-1.7031877376175641,0.0,0.0,0.8398785913925315,2.212626468175009,0.06899479818950273,6.4068711757454775,0.6955223880597015,0.0,335.0,0.0,0.0,336.0,0.0,0.3752828968502694,0.0992752810835726,0.0024264044585901477,0.03529189462037474,0.9352474254706241,-0.13739576210954763,0.0832753093367522,0.03163639184550842,0.21987458408033156,1.0,,3.0,0.3645835987743013,0.20753600815747628,0.12826763987175535,0.28680437644319695
1991-02-01 00:00:00+00:00,-0.7154954637920187,-0.6966063059822963,-1.3863454152447239,0.0,0.0,0.7922262052343514,2.2413826271444424,0.22938442997737482,5.978188563054399,0.6895522388059702,0.0,335.0,0.0,0.0,336.0,0.0,0.18378100332322067,0.7379966420653817,-0.014302463431370836,0.06746847809517696,0.7348683164424824,-0.027017813509818467,0.1640903545079686,0.03596783373683209,0.10222803152695104,1.0,,3.0,0.357710615905566,0.1996048622690229,0.13240449961616746,0.26680522492187836
1991-03-01 00:00:00+00:00,-0.7403840946745089,-0.7222594356438826,-1.41199854490631,0.0,0.0,0.835994143940224,2.230130316023377,0.3768599849950954,6.467295131086517,0.6895522388059702,0.0,335.0,0.0,0.0,336.0,0.0,0.18185790847841718,0.43656978864961554,-0.006412419766843554,0.052116976607429435,1.0394420171726284,0.0927795946509038,0.2067713625359806,0.03593891531140613,0.05869191038037336,1.0,,3.0,0.4486157267423087,0.20134706215395715,0.14398328677684744,0.25871083753106694
1991-04-01 00:00:00+00:00,-0.70739055049993,-0.6926551659053076,-1.382394275167735,0.0,0.0,0.8560244251013464,2.1989738643215277,0.4750194392785218,6.137624422112863,0.6835820895522388,0.0,335.0,0.0,0.0,336.0,0.0,0.5063232331629304,0.19915842184050392,-0.00018148640924294188,0.0406143466904691,1.0259897363013932,0.16679292525135203,0.25343704508564535,0.03548877350944846,0.03918984287310412,1.0,,3.0,0.5344879456807339,0.20123481209455435,0.15578736477944385,0.2466822594096647
1991-05-01 00:00:00+00:00,-0.7557667887385817,-0.7443687793038433,-1.4341078885662708,0.0,0.0,0.8570492908543024,2.1426461068838996,0.45491457577739086,6.494543980955212,0.6835820895522388,0.0,335.0,0.0,0.0,336.0,0.0,0.3172922858712409,0.0848121918357954,0.0028020480898441474,0.03445075470768069,0.8810095457849726,0.19202465451849893,0.1948258763739732,0.03472829851531689,0.06316503046022603,1.0,,3.0,0.5264971373461286,0.20118176257811018,0.16797734372618905,0.2343861814300311
1991-06-01 00:00:00+00:00,-0.7820997440275677,-0.7485552336525245,-1.438294342914952,0.0,0.0,0.8603027993153972,2.078310650096143,0.42293542822130864,6.106597282108192,0.6776119402985075,0.0,335.0,0.0,0.0,336.0,0.0,0.5964108189840135,0.038780631901077195,0.0040211283651107035,0.032610907495576054,0.8021375702126761,0.16585906221564617,0.202840439177292,0.03464787361475742,0.04584932408193154,1.0,,3.0,0.5486497018330095,0.18518217795814929,0.1262762516501863,0.24408810426611224
1991-07-01 00:00:00+00:00,-0.7784651270991287,-0.7380690913702563,-1.4278082006326838,0.0,0.0,0.8445368775763594,2.027820339120981,0.5453910456997618,6.533621202186848,0.6776119402985075,0.0,335.0,0.0,0.0,336.0,0.0,0.3473442955803358,0.01733023619622032,0.00456997845645101,0.031068976479110836,0.7257696619618137,0.12770785842178967,0.23096406389583812,0.03424895893911004,0.05653741232991294,1.0,,3.0,0.47832305393729335,0.16628085768481105,0.09948189276964879,0.23307982259997329
1991-08-01 00:00:00+00:00,-0.7378374264928294,-0.6729636929959268,-1.3627028022583543,0.0,0.0,0.8233161368678638,1.9807288325804309,0.7163597338310776,6.234552493690152,0.6716417910447762,0.0,335.0,0.0,0.0,336.0,0.0,0.6095909485939057,0.014393122580808016,0.004660163768759811,0.03139294459973406,0.7305588985213058,0.16452898449459497,0.24238684522495557,0.034331523879227784,0.039708927286290496,1.0,,3.0,0.5591838734063544,0.14736421028155847,0.06546913871379845,0.22925928184931835
1991-09-01 00:00:00+00:00,-0.791596208877385,-0.7360303907050683,-1.4257694999674957,0.0,0.0,0.8025172028362839,1.932821537472826,0.7997120574823835,6.587188823283708,0.6716417910447762,0.0,335.0,0.0,0.0,336.0,0.0,0.35431411929140816,0.010950687770355152,0.004737322916790948,0.03075672803555846,0.7055786958396018,0.0489360182669758,0.20119427420549574,0.034182799855735746,0.0482421364764587,1.0,,3.0,0.42295004217776827,0.14028221932025003,0.08613050757122737,0.19443393106927245
1991-10-01 00:00:00+00:00,-0.8080288227953005,-0.734797594892514,-1.4245367041549413,0.0,0.0,0.8139837449126806,1.880526566710799,0.7877475721634393,6.233123687001084,0.6656716417910448,0.0,335.0,0.0,0.0,336.0,0.0,0.6031074332859906,0.012173662801606264,0.004717931386226314,0.03126822750381142,0.7261344016068603,0.02084287952983299,0.2230942468694037,0.03381728092571616,0.032596323827216445,1.0,,3.0,0.4192640683338064,0.13945151621717208,0.07665334121910937,0.20224969121523467
1991-11-01 00:00:00+00:00,-0.8987493462095881,-0.7540469242752131,-1.4437860335376405,0.0,0.0,0.7622560449119581,1.82933356257783,0.843394944323388,6.628822238260062,0.6656716417910448,0.0,335.0,0.0,0.0,336.0,0.0,0.667688937740703,0.006088016535288462,0.004777339426563137,0.027701259626380023,0.6661856761527474,-0.0027489504911484275,0.19926292034930526,0.03380723877181322,0.061345479002362424,1.0,,3.0,0.43870399050666287,0.1248165225637699,0.05830169767169903,0.19133134745584074
1991-12-01 00:00:00+00:00,-0.8925554258746157,-0.728616366458131,-1.4183554757205585,0.0,0.0,0.7341028194293298,1.7977449223715787,1.1533799335908208,6.358458711315765,0.6597014925373135,0.0,335.0,0.0,0.0,336.0,0.0,0.7365207207577962,0.005669135233586844,0.007054564141290058,0.02723084666414288,0.6040359279207588,0.01063070974350211,0.17851183439685414,0.03360907341787439,0.08591023682621124,1.0,,3.0,0.44295270348555305,0.12057334081403615,0.036946616309686625,0.20420006531838558
1992-01-01 00:00:00+00:00,-0.6835883468326622,-0.4970975107220534,-1.1868366199844809,0.0,0.0,0.7167042043592813,1.7938638596221985,1.5330278887288256,6.652605220559444,0.6597014925373135,0.0,335.0,0.0,0.0,336.0,0.0,0.9005228047461468,0.029626992823804755,0.012468134507999253,0.027672771936301167,0.3845155238339105,0.07989183307488634,0.2200637195964923,0.035055870898981344,0.012926617794299489,1.0,,3.0,0.4675474112648328,0.14583556747618007,0.04373882146240858,0.2479323134899515
1992-02-01 00:00:00+00:00,-0.7297819611147756,-0.6153893700232501,-1.3051284792856777,0.0,0.0,0.689395217534438,1.7475230515913691,1.5921005830048283,6.3950672873695815,0.6537313432835821,0.0,335.0,0.0,0.0,336.0,0.0,0.7590896404655848,0.01516018298948076,0.0077965020941253215,0.027679541429025355,0.6087291688834199,0.06413840951059946,0.21812723712417537,0.035084128315434886,0.03629434965485956,1.0,,3.0,0.48082125348806193,0.13158678078374783,0.0369759187394226,0.22619764282807303
1992-03-01 00:00:00+00:00,-0.7331631461674727,-0.6738544168970109,-1.3635935261594383,0.0,0.0,0.6528937027064425,1.7053514474654827,1.346858235866178,6.7593607230700705,0.6537313432835821,0.0,335.0,0.0,0.0,336.0,0.0,0.5655009885942424,0.012150956650240949,0.0013938891379101693,0.028740359805780966,0.7399825240354932,0.025512020620237053,0.17463907202034523,0.03514214554800434,0.06949913652750794,1.0,,3.0,0.4209357123140315,0.1344332758907211,0.0463263718862825,0.22254017989515967
1992-04-01 00:00:00+00:00,-0.768118385846741,-0.6608022876698018,-1.350541396932229,0.0,0.0,0.6579312109094403,1.6686270828630927,1.1728309185313863,6.461047470274607,0.6477611940298508,0.0,335.0,0.0,0.0,336.0,0.0,0.6076962944319696,0.008774889001259396,0.002791407398603953,0.02825665530338282,0.7117892546574163,0.03425838007297699,0.14135148308640577,0.03483934851112756,0.0521798762590695,1.0,,3.0,0.4553182142093749,0.12606330966429027,0.029813123190576038,0.22231349613800452
1992-05-01 00:00:00+00:00,-0.7358226487965149,-0.6016455653014703,-1.2913846745638977,0.0,0.0,0.6773862859879689,1.5986960481893902,1.266384826248151,6.759408715722705,0.6477611940298508,0.0,335.0,0.0,0.0,336.0,0.0,0.7724124504589636,0.0068181824088703906,0.008241331192845909,0.027071185754539925,0.5669776834790123,0.05310262446136793,0.12958812408013998,0.03465441865927732,0.039115771768026164,1.0,,3.0,0.47577532660560407,0.12094541730651605,0.040647544663168944,0.20124328994986312
1992-06-01 00:00:00+00:00,-0.7209661043453083,-0.6924374738161351,-1.3821765830785626,0.0,0.0,0.6304783939499948,1.5794018691053717,1.3308208685541474,6.536066487430135,0.6417910447761194,0.0,335.0,0.0,0.0,336.0,0.0,0.5504317436566903,0.008852430077781888,0.000897005098327787,0.028631048146881645,0.7315852608954361,0.03903765943996529,0.08752751761574462,0.034709130905002245,0.06348562031985949,1.0,,3.0,0.42451099626199607,0.12778986926739236,0.0407684718470878,0.21481126668769707
1992-07-01 00:00:00+00:00,-0.7071442870643522,-0.6203588697943152,-1.3100979790567426,0.0,0.0,0.6647822392648068,1.5165692155257324,1.116233676848547,6.837077176211079,0.6417910447761194,0.0,335.0,0.0,0.0,336.0,0.0,0.7279048603143431,0.007357453663333697,0.006768714089343851,0.02739216976353434,0.6191522973113709,0.047405567009040084,0.06012437651998592,0.03410179352176121,0.047423842541484795,1.0,,3.0,0.4757888552069694,0.1191270531606358,0.04396329699151405,0.1942908093297575
1992-08-01 00:00:00+00:00,-0.7754083324689044,-0.6247268993095504,-1.3144660085719777,0.0,0.0,0.6561843823315572,1.4764207897067019,1.2010206550935925,6.559757302110305,0.6358208955223881,0.0,335.0,0.0,0.0,336.0,0.0,0.7588859634643785,0.005634330683885749,0.007794444116238001,0.027084340744741683,0.5790933899359945,-0.015636672299446097,0.06539496290230495,0.034100173570758126,0.055760625277192055,1.0,,3.0,0.4564990441413542,0.11482189280022911,0.021829889580024228,0.20781389602043396
1992-09-01 00:00:00+00:00,-0.8829622142614437,-0.6379097475138858,-1.3276488567763134,0.0,0.0,0.5927941578916177,1.478883605271509,1.418331515760666,6.92116708431365,0.6358208955223881,0.0,335.0,0.0,0.0,336.0,0.0,0.734466332618224,0.0053601921441777675,0.006986754862093484,0.02722475773812685,0.6049909118773006,-0.005049876783516538,0.06836358672823017,0.034087583734521525,0.06640562793044591,1.0,,3.0,0.4661209008788493,0.11324474302824208,0.02967448745319086,0.1968149986032933
1992-10-01 00:00:00+00:00,-0.8985302642914259,-0.7027957424596373,-1.3925348517220648,0.0,0.0,0.5689968015558611,1.4411849680289341,1.715795341014763,6.615789642745005,0.6298507462686567,0.0,335.0,0.0,0.0,336.0,0.0,0.5381244799885174,0.008042137959832118,0.0004902675331782348,0.02865972784146551,0.7307846064293364,-0.0052527070233239215,0.07377028734689084,0.03398169735871195,0.09030268062243252,1.0,,3.0,0.4317653392085811,0.11975478577405706,0.037810731971040484,0.2016988395770736
1992-11-01 00:00:00+00:00,-0.7583271583089214,-0.6039820242663577,-1.293721133528785,0.0,0.0,0.6080928766543365,1.3815052970481356,1.7222043690333373,6.904034908205212,0.6298507462686567,0.0,335.0,0.0,0.0,336.0,0.0,0.7723804051304916,0.007828482633774338,0.008239774765132055,0.027134658202846905,0.5704575843047388,0.019406685638109877,0.07431811354420503,0.033991635171786314,0.06408453085010368,1.0,,3.0,0.45981138604655036,0.11026241753362492,0.02212227595367819,0.19840255911357169
1992-12-01 00:00:00+00:00,-0.7779555408797024,-0.52837250061864,-1.2181116098810674,0.0,0.0,0.5810828646874056,1.381315757325709,1.7693572963349473,6.670104447836025,0.6238805970149254,0.0,335.0,0.0,0.0,336.0,0.0,0.8926129421572985,0.005907299036104187,0.012218121924091878,0.026238472930974473,0.3638916430037073,0.033375916109487314,0.14017007817137994,0.0336791207968528,0.04014802858856292,1.0,,3.0,0.4245105567541142,0.11083932402708957,-0.003653612460790878,0.22533226051496985
1993-01-01 00:00:00+00:00,-0.8069075551071352,-0.5847505584486435,-1.2744896677110709,0.0,0.0,0.5975908145362165,1.361300846266307,1.9234287178489604,6.993485003465198,0.6238805970149254,0.0,335.0,0.0,0.0,336.0,0.0,0.7925023884738972,0.004927514265324192,0.008906853733714165,0.026823147354066604,0.5339211109235831,0.04696912678725429,0.1674044213305521,0.03310628769966038,0.058269110064645524,1.0,,3.0,0.4692697974413518,0.10824121483913454,-0.004857147337647916,0.22133957701591694
1993-02-01 00:00:00+00:00,-0.7629919948317215,-0.5404690745144125,-1.23020818377684,0.0,0.0,0.6218429747768371,1.3194836293937295,1.9354567475362066,6.700728174385502,0.6179104477611941,0.0,335.0,0.0,0.0,336.0,0.0,0.8362964563315837,0.004209507911668582,0.010355954669934947,0.026495575309110113,0.46532519611110074,0.04389534683554608,0.16016045470326556,0.03304056371512062,0.04060734787036324,1.0,,3.0,0.4519362413820763,0.10872603747322485,-0.00023650946070176426,0.21768858440715153
1993-03-01 00:00:00+00:00,-0.8299822898656828,-0.5004343674761892,-1.1901734767386167,0.0,0.0,0.6029047404351549,1.2748917467006735,2.003783572433474,7.0212106856484695,0.6179104477611941,0.0,335.0,0.0,0.0,336.0,0.0,0.8737595750280456,0.0036618381726563616,0.011595538280501581,0.0262195244660341,0.39574883427249474,0.0553022298614545,0.1780271386481127,0.03306781830426597,0.005113771524841937,1.0,,3.0,0.4461545182769731,0.10457358983077276,-0.006705926069785206,0.2158531057313307
1993-04-01 00:00:00+00:00,-0.881102194682284,-0.5884155297804594,-1.2781546390428868,0.0,0.0,0.5927111572184609,1.2480370999550219,2.1916166452796246,6.7845667778761936,0.6119402985074627,0.0,335.0,0.0,0.0,336.0,0.0,0.6514998382073396,0.006456871682211116,0.00424160785773454,0.027828828385385657,0.6786631091340918,0.038196119855587796,0.12664841639301194,0.032943752801810874,-0.014015848676622866,0.0,,3.0,0.500114763760518,0.0837082267917989,-0.044090136518264045,0.2115065901018618
1993-05-01 00:00:00+00:00,-0.8756569532293769,-0.5587070762600075,-1.248446185522435,0.0,0.0,0.6612689810629437,1.2978059433586815,2.0460190947466157,6.990123214803197,0.6119402985074627,0.0,335.0,0.0,0.0,336.0,0.0,0.7073796447000659,0.006033016035651712,0.006090371675617207,0.027441685072192225,0.6338695848386262,0.05962207240217765,0.10701460838413812,0.0327684161887127,-0.010015713211443789,0.0,,3.0,0.5144313991215345,0.10178750600619382,0.014300190139330274,0.1892748218730574
1993-06-01 00:00:00+00:00,-0.7905268355982789,-0.5487505146810885,-1.238489623943516,0.0,0.0,0.6384419711938599,1.322960755421521,2.089664390472706,6.705828392030583,0.6059701492537314,0.0,335.0,0.0,0.0,336.0,0.0,0.7523395159330436,0.005388924833799632,0.00757800215084056,0.027111218529026995,0.585707419915143,0.04117780075746236,0.11676107122570656,0.032740736934231844,-0.009636870001787479,0.0,,3.0,0.4720301162995905,0.09386074686262084,-0.016133731822318406,0.20385522554756025
1993-07-01 00:00:00+00:00,-0.8438669189300443,-0.5638259338378923,-1.2535650431003198,0.0,0.0,0.5952599404546702,1.3727780828975225,1.9594396066287527,7.05847708324989,0.6059701492537314,0.0,335.0,0.0,0.0,336.0,0.0,0.7282875818205965,0.005357346559216676,0.006782357479487483,0.027264451998420314,0.6112932196992236,0.00891917272431364,0.20902018747590567,0.028053077011074196,-0.018176320605642893,0.0,,3.0,0.4792018502366616,0.10830344390825726,0.007719662720663392,0.2088872250958511
1993-08-01 00:00:00+00:00,-0.9325259628898699,-0.5218155832516105,-1.211554692514038,0.0,0.0,0.49445929512664316,1.3416567728535065,2.1366524346072926,6.8997607705229145,0.6,0.0,335.0,0.0,0.0,336.0,0.0,0.8103936830571249,0.00480563291750253,0.009498774153361648,0.02670005972147567,0.5080573034681878,0.02719733518344647,0.27724809617086965,0.025922650984919877,-0.006573024203500921,0.0,,3.0,0.46985807442676314,0.08298993625536359,-0.03729733851950551,0.20327721103023266
1993-09-01 00:00:00+00:00,-0.9398942722647837,-0.5067049893400307,-1.1964440986024583,0.0,0.0,0.5392212550121366,1.382407231237386,2.5349564493339796,7.258387516851114,0.6,0.0,335.0,0.0,0.0,336.0,0.0,0.8347161363867874,0.004098074471259148,0.010303730972057595,0.02649879532852552,0.46752680372845723,0.025061401492069812,0.319017679598657,0.024943096889908818,-0.012535800367203365,0.0,,3.0,0.479284493577725,0.043587745113841676,-0.07873862015599173,0.165914110383675
1993-10-01 00:00:00+00:00,-0.8561218487097272,-0.4992615486695722,-1.1890006579319996,0.0,0.0,0.5577427104240001,1.432045766238817,2.730643561374032,7.025317705270404,0.5940298507462687,0.0,335.0,0.0,0.0,336.0,0.0,0.830918883132418,0.0038599027384572412,0.010178231337420466,0.02650838513398081,0.4728311315087685,0.015550837071600654,0.30096728992414157,0.024812139392142475,-0.025941738050683227,0.0,,3.0,0.47898175747335464,0.041003760708633444,-0.06290381407792277,0.1449113354951897
1993-11-01 00:00:00+00:00,-0.8755538834129182,-0.5200815897032692,-1.2098206989656966,0.0,0.0,0.5915206933038692,1.4727287873342938,2.5478073595095747,7.28903732756457,0.5940298507462687,0.0,335.0,0.0,0.0,336.0,0.0,0.7712507827610636,0.004425736710695392,0.00820407750981427,0.026928865679362906,0.5596035986094656,0.03131134022914406,0.25630385123360444,0.024195409810278783,-0.03046238969319326,0.0,,3.0,0.5034378897946019,0.04727781499200799,-0.039775267465119085,0.13433089744913496
1993-12-01 00:00:00+00:00,-0.8129280355166104,-0.4976318055001851,-1.1873709147626126,0.0,0.0,0.6572445860815882,1.5214672624826877,2.5945924270595233,7.097580785317893,0.5880597014925373,0.0,335.0,0.0,0.0,336.0,0.0,0.7998447846504175,0.0043875538324574335,0.009150012248590472,0.026741953042181292,0.5217184970158302,0.03440817293002407,0.2788185434237098,0.02385618240296975,-0.04975963214247692,0.0,,3.0,0.4957309313994297,0.05193682154737168,-0.04085680264249597,0.14473044573723925
1994-01-01 00:00:00+00:00,-1.1586567008103306,-0.46546202906683937,-1.1552011383292669,0.0,0.0,0.657550301934881,1.5720410361323107,2.4962783636851498,7.340196874173123,0.5880597014925373,0.0,335.0,0.0,0.0,336.0,0.0,0.8443504796092609,0.004002811707015919,0.010622490740776296,0.02643065797731267,0.4509884827436919,0.04175261653204032,0.18553150126756535,0.01680275785186957,-0.04415577974393692,0.0,,3.0,0.5230161312106797,0.045568883576138725,-0.07613959967948143,0.16727736683175876
1994-02-01 00:00:00+00:00,-1.1935520525250047,-0.5053127782231588,-1.1950518874855862,0.0,0.0,0.5637122878072115,1.6166945840314526,3.078599120759209,6.960487467199173,0.582089552238806,0.0,335.0,0.0,0.0,336.0,0.0,0.7521301167416566,0.004742908633870254,0.007571392406069142,0.027072115861956077,0.5834442370725502,0.037078852164424525,0.1533194449894264,0.01652625571054174,-0.006535071404040416,0.0,,3.0,0.6201262641906108,0.030185090123526548,-0.05477442718069439,0.11514460742774744
1994-03-01 00:00:00+00:00,-1.1251916697130455,-0.5745138164971266,-1.264252925759554,0.0,0.0,0.6140359982045966,1.666913128610177,3.379153378445554,7.335300488491861,0.582089552238806,0.0,335.0,0.0,0.0,336.0,0.0,0.5248921944619724,0.008155680938839062,5.247553076233793e-05,0.02875222800029588,0.7331441344648839,0.004655376109104381,0.115110547028622,0.01684582031841856,0.033208775190757045,1.0,,3.0,0.6582266708817888,0.03253612457959373,-0.06774336501622744,0.13281561417541482
1994-04-01 00:00:00+00:00,-1.1073144681898306,-0.6887911130030272,-1.3785302222654545,0.0,0.0,0.5166709354035363,1.6719818695083297,2.8247703869466942,6.911816695180141,0.5761194029850746,0.0,335.0,0.0,0.0,336.0,0.0,0.1633254389012071,0.016871612790313986,-0.011912768488918552,0.031631272557228335,0.5277070996779616,-0.04222535675148098,0.0847676683286771,0.018143594753858638,0.09715537468197599,1.0,,3.0,0.4863393860754641,0.04970715684314461,-0.04083733616569859,0.14025164985198776
1994-05-01 00:00:00+00:00,-0.9742233958155054,-0.6297141280723993,-1.3194532373348267,0.0,0.0,0.5367797847912608,1.715284018062923,2.4562215167614183,7.176835898084932,0.5761194029850746,0.0,335.0,0.0,0.0,336.0,0.0,0.4005235720639773,0.014040743734503891,-0.00406464451886657,0.029923324766863813,0.7398086638232562,-0.04069632143169866,0.09441190627679674,0.018145401834235225,0.11851652592779516,1.0,,3.0,0.45067840445902685,0.06217990397441987,-0.008365518382309034,0.13272532633114875
1994-06-01 00:00:00+00:00,-0.9560720056687865,-0.6236607975842423,-1.3133999068466697,0.0,0.0,0.593655470575538,1.7611497390859816,2.2072555408970347,6.886758426417956,0.5701492537313433,0.0,335.0,0.0,0.0,336.0,0.0,0.5592918283067877,0.010378779330191327,0.0011893550157459497,0.02866945360353715,0.735261260072381,-0.032543600094428804,0.09605239271738597,0.018150041307016442,0.14049464569036552,1.0,,3.0,0.468564734670733,0.09129728657503303,0.006447265776256178,0.1761473073738097
1994-07-01 00:00:00+00:00,-0.9836034884785105,-0.663365547972559,-1.3531046572349865,0.0,0.0,0.8222044061497619,1.8366700717466897,1.8578099284249903,7.036722239676193,0.5701492537313433,0.0,335.0,0.0,0.0,336.0,0.0,0.5029052004906106,0.009497268826800642,-0.0006755336212363016,0.02897812464042643,0.7401243275219973,-0.049405176469892176,0.06488438245922268,0.01799699334609299,0.18362372881455613,1.0,,3.0,0.4936741208503844,0.13163350840522064,0.08607231540980255,0.17719470140063862
1994-08-01 00:00:00+00:00,-0.8800102921263379,-0.5824123802580766,-1.2721514895205042,0.0,0.0,0.900947457912245,1.8870548677940386,1.752150487562331,6.654689606164214,0.564179104477612,0.0,335.0,0.0,0.0,336.0,0.0,0.7578023412462204,0.008796211935227475,0.007757043528948199,0.027289332582533465,0.5913976742792045,-0.037644799084699976,0.09895068391588957,0.01825340648954776,0.16011196714783882,1.0,,3.0,0.5312627847969493,0.13928358141100583,0.08062941279507509,0.19793775002693656
1994-09-01 00:00:00+00:00,-0.8376407675316784,-0.597581475090876,-1.2873205843533033,0.0,0.0,0.8997852154287393,1.9520840561586912,1.6378408883593307,6.889713844039719,0.564179104477612,0.0,335.0,0.0,0.0,336.0,0.0,0.7707313023265033,0.005854530835915483,0.008186190681785211,0.02702168998244856,0.5656428649721362,-0.028081746745496794,0.10439481871409662,0.01823176396793189,0.18954684242524955,1.0,,3.0,0.5145813395973571,0.14083631852954853,0.0871696245419365,0.19450301251716057
1994-10-01 00:00:00+00:00,-0.9696462715707197,-0.627360875900396,-1.3170999851628236,0.0,0.0,0.7955309250903683,1.9791210938776944,1.6422269613703147,6.8321890729601105,0.5582089552238806,0.0,335.0,0.0,0.0,336.0,0.0,0.6888712672700049,0.006034220275240429,0.00547809687176334,0.027561197958930382,0.6497676147432542,-0.01550467250392451,0.10235482501584592,0.018262577817087827,0.20086786125242018,1.0,,3.0,0.5008477351040787,0.12673025262518156,0.07489648378032703,0.1785640214700362
1994-11-01 00:00:00+00:00,-1.0076594110962025,-0.647163796658346,-1.3369029059207733,0.0,0.0,0.786044276690358,2.0365207877625195,1.7783493686861327,7.1385982772830925,0.5582089552238806,0.0,335.0,0.0,0.0,336.0,0.0,0.6291549730708491,0.006687619066258464,0.0035023057291383056,0.027987472872372098,0.6928851503751723,0.014864799212573665,0.08900175779774866,0.018336498775140805,0.23030961624622748,1.0,,3.0,0.4626214595516297,0.14609163043450787,0.08119434523520604,0.21098891563380967
1994-12-01 00:00:00+00:00,-1.1690854317946626,-0.682615944214088,-1.3723550534765154,0.0,0.0,0.7025483029957653,2.06651121214135,1.965197192716648,7.020349964964239,0.5522388059701493,0.0,335.0,0.0,0.0,336.0,0.0,0.5231575308224347,0.008169485383558016,-4.9155256925424384e-06,0.028764286501418147,0.733396856817943,-0.005335746001009056,0.009184327200901343,0.014665562738296412,0.275139190208046,1.0,,3.0,0.42520477454052014,0.14204999361966011,0.0279770776001015,0.2561229096392189
1995-01-01 00:00:00+00:00,-1.0008509631564577,-0.6210416348567637,-1.310780744119191,0.0,0.0,0.6286551450670886,2.088153776324244,2.449902556138371,7.466436891070788,0.5522388059701493,0.0,335.0,0.0,0.0,336.0,0.0,0.7347359069850972,0.007595185598854478,0.0069945746270422835,0.027362974870646824,0.6129639887125878,0.007233706789890881,0.03914768999667739,0.014796189661481938,0.251194821996509,1.0,,3.0,0.4438100033119609,0.0596151126679074,-0.04538137311260424,0.164611598448419
1995-02-01 00:00:00+00:00,-0.9701146514912719,-0.5483052532867929,-1.2380443625492203,0.0,0.0,0.5660022925800087,2.0874585866627444,2.4930092053731174,7.280334605659467,0.5462686567164179,0.0,335.0,0.0,0.0,336.0,0.0,0.8815105821309608,0.00634045120433152,0.011850632806473811,0.026337242479409776,0.38863615937916357,0.048720101366027,0.08809246320501263,0.015268197436068042,0.2723242706759539,1.0,,3.0,0.4267950071925421,0.06461156726429526,-0.04807814143350082,0.17730127596209133
1995-03-01 00:00:00+00:00,-1.0483816582750909,-0.5202393527498105,-1.2099784620122378,0.0,0.0,0.5572166535532566,2.1169405260347265,2.649193827687692,7.624097091081133,0.5462686567164179,0.0,335.0,0.0,0.0,336.0,0.0,0.9048819141191923,0.003869636564017737,0.012624991902781471,0.026031699576920312,0.33040219117871017,0.04443717550336235,0.10912947934627493,0.015525119157069034,0.24363536379711004,1.0,,3.0,0.4037887607157193,0.052325636770822706,-0.0651085938276569,0.16975986736930226
1995-04-01 00:00:00+00:00,-0.9926058760668101,-0.45855817532321563,-1.148297284585643,0.0,0.0,0.5737392769467071,2.1338661016707854,3.0193620660261393,7.433242141618301,0.5402985074626866,0.0,335.0,0.0,0.0,336.0,0.0,0.9261955678269406,0.0032932158945462695,0.013330350427118933,0.025858063374674875,0.27682953731952054,0.06746581829769838,0.11875801255042706,0.015852201009346624,0.21375218886715963,1.0,,3.0,0.47119206310466233,0.05073884879539568,-0.044070835113190265,0.14554853270398158
1995-05-01 00:00:00+00:00,-1.064090433568711,0.06186547458940967,-0.6278736346730177,0.0,0.0,0.6012940949293435,2.1459961171295268,3.097724434952083,7.6050865226595095,0.5402985074626866,0.0,335.0,0.0,0.0,336.0,0.0,0.9366557263768813,0.003107537699313671,0.013676473348406243,0.02577893503412825,0.2484704331694826,0.10376194254677973,0.16707910812266036,0.015907210029124347,0.20447129660920993,1.0,,3.0,0.4910187694457269,0.05146875953232142,-0.06476532422762099,0.16770284329226387
1995-06-01 00:00:00+00:00,-1.0015859950107175,0.6171152302852434,-0.07262387897718403,0.0,0.0,0.6543701127202011,2.156201643920669,3.544225977977664,7.426267540202033,0.5343283582089552,0.0,335.0,0.0,0.0,336.0,0.0,0.9374019256942212,0.002903592017343368,0.013701258504817168,0.025761348481571945,0.2458086611670103,0.13841343528912997,0.18000962607783855,0.016281523317908823,0.187497374563657,1.0,,3.0,0.4729332359468125,0.05459142607961744,-0.0722506154515924,0.1814334676108273
1995-07-01 00:00:00+00:00,-1.3519258458971763,1.272090621375925,0.5823515121134977,1.0,1.0,0.6643626561131638,2.1461742287484182,3.802941848021034,7.703399273051492,0.5343283582089552,0.0,335.0,0.0,0.0,336.0,0.0,0.9446317261895156,0.0031574512530603417,0.013940302264165117,0.02573059026939978,0.22613757513037294,0.18397818448714087,0.2087991839874883,0.01693975362165456,0.11549436160058235,1.0,0.0,3.0,0.5294760152032468,0.050493271060242824,-0.0877125943794419,0.18869913649992748
1995-08-01 00:00:00+00:00,-1.2434196827825215,0.878467659149408,0.18872854988698062,1.0,2.0,0.6694276445925135,2.191325226568348,4.774554988474443,7.570079608759206,0.5283582089552239,0.0,335.0,0.0,0.0,336.0,0.0,0.8649862911642606,0.003132049415008009,0.011305570224597276,0.026242964134171938,0.41069111886357273,0.16662294780707576,0.2108205145872697,0.016916909132702742,0.1415756776642958,1.0,0.0,3.0,0.568598613027956,0.057728554659969164,-0.08030286034243517,0.19575996966237347
1995-09-01 00:00:00+00:00,-1.06266939866251,1.624635280263939,0.9348961710015116,1.0,3.0,0.6699246996138928,2.1985007941750423,4.8009595447871565,7.732337359901199,0.5283582089552239,0.0,335.0,0.0,0.0,336.0,0.0,0.9246543231529667,0.003844305581807274,0.013279093891981626,0.025902518862775174,0.28243527685331,0.16800016708379317,0.2613453373121297,0.016968527259096613,0.12404760474641208,1.0,0.0,3.0,0.5208442139912141,0.06057363246331553,-0.044753232495968076,0.1659004974225991
1995-10-01 00:00:00+00:00,-1.1482524534197178,1.346571473757583,0.6568323644951555,1.0,4.0,0.632145074196596,2.267957714723582,4.459030256476685,7.350522780744557,0.5223880597014925,0.0,335.0,0.0,0.0,336.0,0.0,0.8695007565783434,0.003257195992312441,0.011454851426420729,0.026221668337140566,0.402571535473452,0.15215441355773862,0.24187720726590367,0.016750192331503603,0.15562490905960047,1.0,0.0,3.0,0.5421529316287105,0.06081165128531877,-0.05390214564375179,0.1755254482143892
1995-11-01 00:00:00+00:00,-1.3860080974325573,1.6898248966740446,1.0000857874116171,1.0,5.0,0.6836619830100845,2.2840950607773545,4.721269530739624,7.70245986534551,0.5223880597014925,0.0,335.0,0.0,0.0,336.0,0.0,0.9059706984638067,0.0032696749184123273,0.012661304642251046,0.02598710349293282,0.32595706214596587,0.14801904077682515,0.2334011372177649,0.01645736762110947,0.17929792092661767,1.0,0.0,3.0,0.5455335344466236,0.05309256742618632,-0.07641346750091989,0.18259860235329256
1995-12-01 00:00:00+00:00,-1.3655513701334514,2.1636545064553645,1.473915397192937,1.0,6.0,0.6765172133485594,2.29889201302704,5.343905783089572,7.427518551493114,0.5164179104477612,0.0,335.0,0.0,0.0,336.0,0.0,0.9354004765039833,0.0034766052016096,0.013634767208882891,0.025810146605532644,0.2529805384901891,0.1512869182792418,0.27139689961464786,0.016854378784712992,0.15742171975334784,1.0,0.0,3.0,0.5263089032991872,0.056940777977045665,-0.06253807575508577,0.17641963170917702
1996-01-01 00:00:00+00:00,-1.6246476569287636,1.58449708239679,0.8947579731343627,1.0,7.0,0.6794077059402848,2.3858765289675685,5.428003272026333,7.353844452470817,0.5164179104477612,0.0,335.0,0.0,0.0,336.0,0.0,0.8498127475017553,0.1468789980060674,0.009729029078484467,0.02629264832863545,0.4389278261887291,0.11793388309603436,0.25404816233832683,0.017002698747218947,0.19080073265437747,1.0,0.0,3.0,0.5488127679833368,0.08317149798052044,-0.018632392683761156,0.18497538864480179
1996-02-01 00:00:00+00:00,-1.1145547703627703,2.620546595576258,1.9308074863138307,1.0,8.0,0.7771260675769869,2.3818311669929764,5.81116229142087,6.945993796505346,0.5104477611940299,0.0,335.0,0.0,0.0,336.0,0.0,0.9366990894559656,0.05475712449255404,0.012545489895674026,0.026016115882963643,0.26100507157254665,0.13742064322742475,0.29091759735345857,0.018594592667344735,0.1764448666797822,1.0,0.0,3.0,0.49716511594418933,0.09290970135054563,0.0016880944839495898,0.18413130821714158
1996-03-01 00:00:00+00:00,-1.4335661835506892,2.0733879992656474,1.38364889000322,1.0,9.0,0.7230982675349351,2.355813828614775,5.875324060052103,7.679767101542257,0.5104477611940299,0.0,335.0,0.0,0.0,336.0,0.0,0.8297339090600929,0.16474600988229773,0.009082841855617205,0.026567639914347088,0.4806656917940212,0.12796057215263357,0.30058496688431546,0.018251294318054355,0.1750665258194939,1.0,0.0,3.0,0.5433828170421398,0.08598969618310455,-0.024790512703979042,0.1967699050701881
1996-04-01 00:00:00+00:00,-1.9305561359960637,1.6069022033645357,0.9171630941021083,1.0,10.0,0.7731286987603333,2.38196996920883,6.252337257307272,7.7056341762662335,0.5044776119402985,0.0,335.0,0.0,0.0,336.0,0.0,0.7860483100248479,0.20916132322083786,0.007669354012506369,0.02682405322116656,0.542081139109172,0.09167116473960846,0.29339442964956053,0.018350484741449045,0.14122142586473796,1.0,0.0,3.0,0.5472023802390091,0.07465060507604185,-0.06821626727466176,0.21751747742674535
1996-05-01 00:00:00+00:00,-1.7993085788677001,1.7990203674271015,1.109281258164674,1.0,11.0,0.8111417133646838,2.3994593371329964,7.601097205873983,8.044432248169251,0.5044776119402985,0.0,335.0,0.0,0.0,336.0,0.0,0.8751684400835683,0.12063107689535256,0.010550076609365428,0.02617273646338049,0.3948183220934297,0.10736537790356948,0.3080647844120108,0.018436113969588906,0.2089319492691386,1.0,0.0,3.0,0.5192030504652428,0.08182810795487971,-0.031767433669728076,0.19542364957948735
1996-06-01 00:00:00+00:00,-1.8394413360906912,1.7770941733252588,1.0873550640628313,1.0,12.0,0.8342862221944628,2.4443530932917805,7.844086219113061,7.844086219113061,0.49850746268656715,0.0,335.0,0.0,0.0,336.0,0.0,0.8836088217489222,0.11312240068831968,0.010821706545667734,0.026057020911456327,0.3745727406429225,0.0956011936065595,0.32008315810001076,0.018345925174439077,0.2479532553203363,1.0,0.0,3.0,0.49945819121477586,0.08125787228283049,-0.040173491951947,0.20268923651760784
1996-07-01 00:00:00+00:00,-1.4232230622864939,0.7436567986615058,0.05391768939907837,1.0,13.0,0.8211734615639589,2.46212665085849,7.877230924408101,7.877230924408101,0.49850746268656715,0.0,335.0,0.0,0.0,336.0,0.0,0.4066014127895196,0.5798494627058224,-0.004587362360867191,0.02998255723505632,0.7402004509322826,0.02433335587967722,0.2685329203108786,0.02006496883154424,0.34025536332171935,1.0,0.0,3.0,0.5712536491882166,0.0779321518127043,0.014544702306898444,0.14131960131851007
1996-08-01 00:00:00+00:00,-1.0340195296138726,1.0934899925747683,0.4037508833123409,1.0,14.0,0.8537768612881675,2.4606414366201093,6.6292432287017276,7.96431869593643,0.4925373134328358,0.0,335.0,0.0,0.0,336.0,0.0,0.7207766355359251,0.26652766070302186,0.005569726027397575,0.027762108245917204,0.6438601478824195,0.05700380347486256,0.2859905643211196,0.02031751550694614,0.3139116166241349,1.0,0.0,3.0,0.5312540751124113,0.08993151005100358,0.03103810182382178,0.14882491827818542
1996-09-01 00:00:00+00:00,-0.9486540939904136,1.1923390122361304,0.5025999029737029,1.0,15.0,0.9000395898957786,2.4661917318815787,6.16121518808738,8.322639043403983,0.4925373134328358,0.0,335.0,0.0,0.0,336.0,0.0,0.8311969975547999,0.16206600220016776,0.009131811582937964,0.026632616668717028,0.48228454132524134,0.019723501154251366,0.2950902614361093,0.02034669964310097,0.3068498736156249,1.0,0.0,3.0,0.4957389701806079,0.0766780761908654,0.02216227562773429,0.1311938767539966
1996-10-01 00:00:00+00:00,-0.8362915169839928,1.5681792073785428,0.8784400981161153,1.0,16.0,0.9381084092887176,2.4505110378699735,6.130717018527221,8.294216042806609,0.48656716417910445,0.0,335.0,0.0,0.0,336.0,0.0,0.9218642008477728,0.07248350477959976,0.012061879400259125,0.025940099450597793,0.2944804156495887,0.06414395882022905,0.33341758547540046,0.020748203076452903,0.2838875901105542,1.0,0.0,3.0,0.4587925377200113,0.09261074353308776,0.04348747189698721,0.1417340151691883
1996-11-01 00:00:00+00:00,-0.5565773777292158,2.0186741290329775,1.32893501977055,1.0,17.0,0.948751339695472,2.4351002732122975,6.322930277653061,8.481756266181256,0.48656716417910445,0.0,335.0,0.0,0.0,336.0,0.0,0.952006891870807,0.04189949049058792,0.013037088972973699,0.025759340963586588,0.21082850081175955,0.11356477283628319,0.37255102955581965,0.021621595145607755,0.2258301179949056,1.0,0.0,3.0,0.5600571888825449,0.10386845660567276,0.06041878709639926,0.1473181261149463
1996-12-01 00:00:00+00:00,-0.5946235832861115,1.9723604833427117,1.2826213740802843,1.0,18.0,0.960604673289401,2.517579930925869,5.655352407840914,7.927504145968306,0.48059701492537316,0.0,335.0,0.0,0.0,336.0,0.0,0.9188061126860011,0.07807369989548044,0.01195954051452804,0.025804993914086128,0.29490359620520057,0.1042373414233797,0.3705495093033502,0.021619865407812383,0.24148663193498177,1.0,0.0,3.0,0.4573189634530517,0.11359742959835538,0.06399725792684008,0.16319760126987054
1997-01-01 00:00:00+00:00,-0.36388864974977503,2.2213208842509773,1.5315817749885499,1.0,19.0,0.9667247665157378,2.559363090115824,5.565267958582306,7.925418810492403,0.48059701492537316,0.0,335.0,0.0,0.0,336.0,0.0,0.937666769261107,0.05943124666327141,0.012569065488594534,0.02566139483516551,0.24507383535620397,0.12123724118675483,0.40424154712234106,0.02159123650709811,0.21336380890803852,1.0,0.0,3.0,0.45943065690243706,0.11306747299800742,0.06721097001776555,0.1589239759782492
1997-02-01 00:00:00+00:00,-0.1488978747415214,2.5833185352057213,1.8935794259432939,1.0,20.0,0.9759485886450953,2.5945998588177903,5.163000426636265,7.707642044595868,0.19402985074626866,0.0,335.0,0.0,0.0,336.0,0.0,0.9527366174427513,0.04379096720717849,0.013057100005420635,0.02559260329404141,0.20278489848164938,0.1983711483066246,0.46224869250839884,0.021321724625947402,0.23430869661563491,1.0,0.0,3.0,0.5704017172346197,0.1538229171910339,0.09952101059559648,0.2081248237864712
1997-03-01 00:00:00+00:00,-0.21010833950886804,2.1332394330989617,1.4435003238365343,1.0,21.0,1.024321453586228,2.6099046071323846,5.199178865561427,7.791326920262406,0.4746268656716418,0.0,335.0,0.0,0.0,336.0,0.0,0.8312752801788484,0.1649275157346562,0.009130323927693125,0.02645071980917298,0.47201907618948324,0.16145142030783166,0.4896673413804322,0.019846861297736888,0.2933549669764597,1.0,0.0,3.0,0.5091030087102699,0.11919818341931356,0.06927822260618166,0.1691181442324456
1997-04-01 00:00:00+00:00,-0.4569021046090906,1.1058596164799779,0.41612050721755045,1.0,22.0,1.0405884837973618,2.6037330873721602,5.32621818770785,8.119432748985963,0.46865671641791046,0.0,335.0,0.0,0.0,336.0,0.0,0.3773381131273205,0.6092346743601172,-0.0055337018524481115,0.030176952499492787,0.727543798087438,0.10884498585793434,0.4446315687257423,0.021657522566363784,0.36136389251561596,1.0,0.0,3.0,0.5258164640960818,0.11442698252676627,0.07994552225012169,0.14890844280341087
1997-05-01 00:00:00+00:00,0.057339346590078284,2.198633795766513,1.5088946865040858,1.0,23.0,1.05490971932104,2.4466360750720524,4.776620360717252,7.399265622308513,0.46865671641791046,0.0,335.0,0.0,0.0,336.0,0.0,0.5084330774047383,0.14525999861668748,-0.0008399420590967896,0.049807827607103075,0.9913893043157116,0.16067241811310762,0.5266336036829369,0.025007843741323366,0.26882623307020914,1.0,0.0,3.0,0.5240145528365595,0.11745749359832702,0.07773387306131621,0.15718111413533786
1997-06-01 00:00:00+00:00,0.021340747610311215,2.4961324081224427,1.8063932988600153,1.0,24.0,1.0390653208284515,2.4657683960158416,4.37372804203306,7.872399628905544,0.18208955223880596,0.0,335.0,0.0,0.0,336.0,0.0,0.7181693839586272,0.052822641488561924,0.005781129767695247,0.04112445270490195,0.7306488860809031,0.16425652800027812,0.58621273402599,0.025260526030887066,0.21826153346503752,1.0,0.0,3.0,0.5308594997129142,0.15909714368195096,0.1183779930240775,0.19981629433982442
1997-07-01 00:00:00+00:00,0.3154650675600984,2.8916629169362835,2.201923807673856,1.0,25.0,1.0706875473034887,2.454332191370891,4.570686755025972,6.927073280662585,0.1880597014925373,0.0,335.0,0.0,0.0,336.0,0.0,0.8087377776326351,0.030758001885295115,0.008615839255452772,0.036273520447017316,0.5723985581937936,0.20716699944804873,0.6153613078360989,0.025977360262013197,0.20643208217056408,1.0,0.0,3.0,0.5512726141722172,0.1536840443879479,0.1215746590006263,0.18579342977526941
1997-08-01 00:00:00+00:00,0.13641004651368158,2.6059132977511843,1.9161741884887569,1.0,26.0,1.1377262475967824,2.443829806147673,4.4850358235093575,7.872835514457716,0.1761194029850746,0.0,335.0,0.0,0.0,336.0,0.0,0.850551014809389,0.0987476867056355,0.009817687005607095,0.029211242251255112,0.5174801596647988,0.18011468744462,0.6124379813124579,0.026029736126192648,0.13146724454326453,1.0,0.0,3.0,0.4979647300897196,0.16280792414716194,0.12370616076513655,0.2019096875291873
1997-09-01 00:00:00+00:00,0.06514838082062277,2.4270229858779793,1.7372838766155518,1.0,27.0,1.1349222304970836,2.474566896590651,4.580786599287688,6.953303143205892,0.18208955223880596,0.0,335.0,0.0,0.0,336.0,0.0,0.8738477631411409,0.11093640488756899,0.01052243330090807,0.026861388550103373,0.4254489802000757,0.15012850809009404,0.6278818731024174,0.025723696824047435,0.07070466898681005,1.0,1.0,3.0,0.4802826758352952,0.16371898574186874,0.1261555101281588,0.20128246135557862
1997-10-01 00:00:00+00:00,0.06968935406557451,2.354520228448791,1.6647811191863635,1.0,28.0,1.1476376610770245,2.538372550262675,4.744262466766333,7.9023331905934295,0.1701492537313433,0.0,335.0,0.0,0.0,336.0,0.0,0.8923239849888334,0.1017876568872736,0.011107075714710318,0.026158489037125438,0.3644655152402187,0.17296502311128936,0.6477675652791479,0.02536495770990467,0.06728611249009742,1.0,1.0,3.0,0.4821707446465953,0.1609787616714157,0.12046690097435597,0.2014906223684754
1997-11-01 00:00:00+00:00,-0.055039389938784586,1.9198917502199258,1.2301526409574983,1.0,29.0,1.0297456728410352,2.582074585032091,4.140506746423318,6.619587883056929,0.1761194029850746,0.0,335.0,0.0,0.0,336.0,0.0,0.7661728039211506,0.22827823903160455,0.0070277545419634956,0.02700799133383879,0.5701006749871991,0.19817346496645083,0.6481407796932022,0.025351525884380343,0.18256968820187502,1.0,1.0,3.0,0.47735963853152635,0.16349858840408135,0.11780932862317156,0.20918784818499114
1997-12-01 00:00:00+00:00,-0.1901878362875586,2.0941003820253723,1.4043612727629449,1.0,30.0,0.9969776399871616,2.619334736202768,4.062235797810124,7.630930140155165,0.16417910447761194,0.0,335.0,0.0,0.0,336.0,0.0,0.884484632958953,0.11058468646699961,0.010852296088942478,0.026153501020545998,0.37826832563389107,0.13679202408922286,0.6561919209822689,0.025381844759306025,0.19636100187246797,1.0,1.0,3.0,0.4629433889142834,0.16163358273216688,0.11439838943930919,0.20886877602502474
1998-01-01 00:00:00+00:00,-0.23239060765137262,1.892899477531269,1.2031603682688417,1.0,31.0,0.9037841513759997,2.6769792423205985,4.08519283867096,6.250901075848578,0.1701492537313433,0.0,335.0,0.0,0.0,336.0,0.0,0.8399496650107274,0.15615114703038818,0.009410932987833954,0.0263971581773362,0.458089029500571,0.08664779477445705,0.62414042743442,0.02549661910199341,0.24292103645243657,1.0,1.0,3.0,0.41567926611256356,0.15461081500050572,0.09960311152040341,0.20961851848060795
1998-02-01 00:00:00+00:00,0.055694366555230974,2.420400281376615,1.7306611721141874,1.0,32.0,0.9344917855333574,2.6792208795645096,4.239879147638676,7.521324928500754,0.1582089552238806,0.0,335.0,0.0,0.0,336.0,0.0,0.9323417611385338,0.05433705820649087,0.012411134833778368,0.026340899929021805,0.2811015012628648,0.09242448160054018,0.6633486139332767,0.026426771634921745,0.18100939081271594,1.0,1.0,3.0,0.453283080611367,0.15121143674174528,0.08533193627758842,0.21709093720590222
1998-03-01 00:00:00+00:00,0.13661216345108806,2.692264795166548,2.0025256859041205,1.0,33.0,0.8302871221439461,2.640470173893434,3.973835178708761,6.1108088632523225,0.16417910447761194,0.0,335.0,0.0,0.0,336.0,0.0,0.9527101227435669,0.036671285488190056,0.013066012350229018,0.026033635398466377,0.21564325072873977,0.14089477066015643,0.6858669336749159,0.026878400790582107,0.15702078086114746,1.0,1.0,3.0,0.5317508897503438,0.1398801666355551,0.09228442031702719,0.18747591295408295
1998-04-01 00:00:00+00:00,0.05894076815470604,2.803813028276377,2.1140739190139497,1.0,34.0,1.0656552538576591,2.722492214172459,3.2130183493308735,5.960404509754883,0.15223880597014924,0.0,335.0,0.0,0.0,336.0,0.0,0.9508889590995531,0.044330827892162424,0.012999147297944092,0.025686030433765168,0.2115650045149405,0.16335900475792542,0.6874789353135631,0.026896114314049074,0.1598962103274495,1.0,1.0,3.0,0.5335175787152275,0.15951341542120684,0.11882632058603332,0.20020051025638033
1998-05-01 00:00:00+00:00,-0.1534999724462059,2.467919239983004,1.7781801307205765,1.0,35.0,1.0518308874062612,2.7775708614555965,3.299634534313261,4.98779091459041,0.1582089552238806,0.0,335.0,0.0,0.0,336.0,0.0,0.8603743428241859,0.13594296166226974,0.010071029936630714,0.026242872936234736,0.4213048349270905,0.14561106107276256,0.6549651910627805,0.027185057878566937,0.16313023062529464,1.0,1.0,3.0,0.3750474548981747,0.16622238530131783,0.1169082982181478,0.21553647238448803
1998-06-01 00:00:00+00:00,0.20499737481740743,2.2019027690745627,1.5121636598121353,1.0,36.0,1.0090271006714229,2.836445716432368,3.413444944321608,4.540821471999545,0.42686567164179107,0.0,335.0,0.0,0.0,336.0,0.0,0.8218053589647053,0.1744127852235672,0.008824111152931196,0.02651511519260981,0.4869565132666411,0.15668794347041004,0.6208505386764713,0.027274291650989723,0.157208816570499,1.0,1.0,3.0,0.370298160372896,0.12556613305261172,0.08785433775793736,0.16327792834728602
1998-07-01 00:00:00+00:00,0.3019859409724452,2.5208219767481044,1.831082867485677,1.0,37.0,0.95864240407564,2.850158189214389,3.20263361238742,5.614729981923895,0.15223880597014924,0.0,335.0,0.0,0.0,336.0,0.0,0.9250732079370214,0.06910425517087865,0.012165869233702902,0.025928459681845997,0.28666598243493335,0.17211244968363104,0.6616814228588241,0.027388266763420134,0.1561156355802984,1.0,1.0,3.0,0.3631776331460934,0.16223372436650546,0.10428474984395458,0.2201826988890563
1998-08-01 00:00:00+00:00,-0.3731786905949367,1.4257990100429627,0.7360599007805353,1.0,38.0,0.8376970436056344,2.599660560219041,3.445769135334046,5.1988609243478505,0.4208955223880597,0.0,335.0,0.0,0.0,336.0,0.0,0.051061151788168516,0.8596521422275362,-0.015979541656140375,0.03710804532380182,0.49760420611377076,0.09821812307984601,0.5543583834304728,0.031508361286059855,0.18893228373871906,1.0,1.0,3.0,0.40699939836399557,0.09447387714489928,0.05342447368374654,0.135523280606052
1998-09-01 00:00:00+00:00,-0.5836834537910226,0.6140886034130572,-0.07565050584937028,0.0,0.0,0.770834191547905,2.5118990126910385,3.6834852333231063,5.54526016474249,0.4208955223880597,0.0,335.0,0.0,0.0,336.0,0.0,0.016604972116277587,0.9069331146984672,-0.01711114814541058,0.03655462764910862,0.3532239609608766,-0.013475519538730829,0.49771868083680726,0.033530102247462445,0.22986708313606385,1.0,,3.0,0.43701072506916777,0.0723868241551644,0.03112790759468833,0.11364574071564047
1998-10-01 00:00:00+00:00,-0.556175248633801,0.708899706258508,0.019160596996080526,1.0,1.0,0.7775194771618763,2.600104609709222,3.6135717214617302,5.44795571930306,0.41492537313432837,0.0,335.0,0.0,0.0,336.0,0.0,0.29046283611128315,0.6701090881543792,-0.008307103980338291,0.03238038908417592,0.7548297466060463,-0.05310383137507291,0.48474406152301786,0.03351266133797827,0.20513297044300316,1.0,0.0,3.0,0.43188626066235514,0.07270630621909716,0.02537211138385556,0.1200405010543387
1998-11-01 00:00:00+00:00,0.1254122249123138,1.257313837579733,0.5675747283173056,1.0,2.0,0.9120250147723353,2.3105525003615877,4.051213054057778,5.584520002220334,0.41492537313432837,0.0,335.0,0.0,0.0,336.0,0.0,0.09892800810661971,0.046892590804526506,-0.013386231124317803,0.08396417414006019,0.5069734768225145,0.019379260652709895,0.5555712776870312,0.0366411365643688,0.16923204397310965,1.0,0.0,3.0,0.5272159741153631,0.07589468933571858,0.027095895041312087,0.12469348363012503
1998-12-01 00:00:00+00:00,0.2757146652195476,1.3418250325372179,0.6520859232747904,1.0,3.0,0.9808864736808665,2.304729645398277,4.175959439905993,5.780743844639579,0.408955223880597,0.0,335.0,0.0,0.0,336.0,0.0,0.4265594321395104,0.024837293840963726,-0.003210625689893006,0.06285246279805795,0.7845844058000007,0.06432679289148169,0.6013581008582278,0.03665131946637331,0.1562629547228811,1.0,0.0,4.0,0.7199810404879982,0.08667779369531199,0.04994812286969147,0.12340746452093242
1999-01-01 00:00:00+00:00,0.2816740192046222,1.547804609039454,0.8580654997770265,1.0,4.0,1.0690880800167775,2.2795038666431817,4.33929221663248,6.056632908210707,0.408955223880597,0.0,335.0,0.0,0.0,336.0,0.0,0.6593328725372862,0.02202686752244992,0.004001293238099733,0.04705985979010335,0.7230996085372685,0.1113072977618561,0.5947371932109027,0.03648116601441676,0.10540435285679095,1.0,0.0,4.0,0.7814753057820902,0.07287257102399555,0.016087578155095657,0.12965756389289543
1999-02-01 00:00:00+00:00,0.13794575686736515,1.3690438528310889,0.6793047435686614,1.0,5.0,1.142216335358292,2.28574707253178,4.711384777120642,6.342993454481899,0.40298507462686567,0.0,335.0,0.0,0.0,336.0,0.0,0.7855925434522221,0.09733892929394856,0.007808104699516265,0.03375366393405771,0.6674448606468493,0.06700179024269204,0.6007226409488826,0.0363697908312118,0.07637557785602755,1.0,0.0,4.0,0.7849923455928375,0.10678186037238692,0.06837613968313708,0.14518758106163665
1999-03-01 00:00:00+00:00,0.3121666893122377,1.482397147757356,0.7926580384949287,1.0,6.0,1.1798257452902192,2.2954973554339513,5.179193852635559,6.740363217411641,0.40298507462686567,0.0,335.0,0.0,0.0,336.0,0.0,0.8958526217065446,0.06935495292200326,0.011260680011376515,0.027917240187811394,0.40044555812708227,0.16644830697803936,0.6291355256689037,0.03620729639481776,0.08113390097974804,1.0,0.0,4.0,0.7928102912538527,0.09692127796665168,0.06788715648608536,0.125955399447218
1999-04-01 00:00:00+00:00,0.45198670500368054,1.6202211672834235,0.930482058020996,1.0,7.0,1.1381655470651832,2.336170650005414,4.883657292769019,6.451290739201908,0.3970149253731343,0.0,335.0,0.0,0.0,336.0,0.0,0.937123728780492,0.04997307658556958,0.012565179215757498,0.026282118815373717,0.26672216387612396,0.25255054609856487,0.6429038490318026,0.036299893572363795,0.060392030174997835,1.0,0.0,4.0,0.7950335493405025,0.08591530732911432,0.04805361933647514,0.12377699532175343
1999-05-01 00:00:00+00:00,0.35608508633010816,1.456493959209594,0.7667548499471666,1.0,8.0,1.0725366972555654,2.37824053049838,4.465042297805447,6.260133908330341,0.3970149253731343,0.0,335.0,0.0,0.0,336.0,0.0,0.87026904854185,0.12390179461992984,0.010393890590352596,0.026307015411832984,0.4096566119062825,0.24145517920795978,0.6305980471244181,0.03643976645933087,0.03146144801575357,1.0,0.0,4.0,0.7669976046773892,0.10135531272426575,0.07732768791450703,0.12538293753402444
1999-06-01 00:00:00+00:00,0.1291141465707067,1.2956499153170487,0.6059108060546212,1.0,9.0,1.0377230217862177,2.4112472719037985,4.259707985225532,6.2117574155765345,0.39104477611940297,0.0,335.0,0.0,0.0,336.0,0.0,0.7897599261234469,0.20530215110764075,0.007789563734122508,0.02680754592690254,0.53767770767709,0.13132707183903403,0.662564993646388,0.035349286037224745,0.06359442960916528,1.0,0.0,4.0,0.7778412501994437,0.10225284403082659,0.0706392654896496,0.13386642257200357
1999-07-01 00:00:00+00:00,0.25760907389376625,1.5240226908979013,0.8342835816354739,1.0,10.0,0.9965996922997387,2.465508902183049,4.251406413015397,5.949959828433962,0.39104477611940297,0.0,335.0,0.0,0.0,336.0,0.0,0.915003858465819,0.07848058413963199,0.011841243450196794,0.02604069054067607,0.31379906441004374,0.13186708339146147,0.6762213807748267,0.035511222203976026,0.028558543906518352,1.0,0.0,4.0,0.7322621963321626,0.10121471543601113,0.07859077566787298,0.12383865520414927
1999-08-01 00:00:00+00:00,-0.06011624679519693,1.1129935550332846,0.42325444577085714,1.0,11.0,1.0418993990172496,2.402225113630688,4.72592918806447,6.341523043563373,0.3850746268656716,0.0,335.0,0.0,0.0,336.0,0.0,0.40151572059623547,0.578870538624139,-0.004743508011929283,0.03039177597927907,0.7599533293546094,0.044229370366128506,0.6192430624227798,0.03698726701151906,0.07889450962946576,1.0,0.0,4.0,0.7505161882166733,0.11539255146667896,0.08005150640054301,0.15073359653281487
1999-09-01 00:00:00+00:00,0.10472550019572151,1.0567787064942786,0.3670395972318512,1.0,12.0,0.9997495696915166,2.467883634344155,4.448638751916684,6.219271312314709,0.3850746268656716,0.0,335.0,0.0,0.0,336.0,0.0,0.3963365685868903,0.5894363443786511,-0.004918329677294477,0.030095208072848427,0.7388776478689725,0.03538217278461708,0.5719608549132706,0.037182171116053396,0.07373105090618104,1.0,0.0,4.0,0.7333989212025928,0.12042373292510825,0.08229065366586878,0.15855681218434764
1999-10-01 00:00:00+00:00,0.10075371394816646,0.9705466650849321,0.2808075558225047,1.0,13.0,0.9149780193272528,2.5814819448641706,3.5764533159980263,5.822243226649868,0.37910447761194027,0.0,335.0,0.0,0.0,336.0,0.0,0.34783711011338475,0.639044006296083,-0.006487981863913868,0.03036148780724499,0.710329004184724,-0.004991641793217205,0.5105791110394033,0.037202954534212476,0.033129926309057645,1.0,0.0,4.0,0.5708042545561767,0.12336305215708718,0.09531381040034918,0.15141229391382505
1999-11-01 00:00:00+00:00,0.3887000000053694,1.262714700635304,0.5729755913728767,1.0,14.0,1.068662236084253,2.453739762950988,3.8871543643411797,6.340981989702761,0.37910447761194027,0.0,335.0,0.0,0.0,336.0,0.0,0.7184610060290711,0.1955347976875466,0.005595069101246167,0.03230050405127388,0.767669994457052,0.028715094298370047,0.567381601906793,0.038232871352580654,-0.043239305953718166,0.0,0.0,4.0,0.6442369567137991,0.11459072297615688,0.07302803576340017,0.15615341018891357
1999-12-01 00:00:00+00:00,0.5672704991991792,1.2729240168749276,0.5831849076125002,1.0,15.0,1.169499503781098,2.4467824362876223,4.452619109753942,6.827978733536228,0.373134328358209,0.0,335.0,0.0,0.0,336.0,0.0,0.8719742196614737,0.09927206057795653,0.010480362483306187,0.02770947141217494,0.45081073521205167,0.05745951698906815,0.5668203229267315,0.03822820492842094,-0.10417770860973707,0.0,1.0,4.0,0.764896805048903,0.10513735719519547,0.07805696862025963,0.1322177457701313
2000-01-01 00:00:00+00:00,0.6173860425032354,1.1897985662890616,0.5000594570266341,1.0,16.0,1.2033627310568624,2.4784385928381796,4.212200315525166,7.166812289329747,0.373134328358209,0.0,335.0,0.0,0.0,336.0,0.0,0.8146834290492827,0.17349488267604832,0.008604827818460042,0.0270602354745287,0.5233313888847011,0.059502834048148046,0.5236966793879114,0.03819993054903762,-0.10182634731497497,0.0,1.0,4.0,0.7508104453149771,0.10786618908617401,0.07891332116556121,0.1368190570067867
2000-02-01 00:00:00+00:00,0.4114073703026516,1.0163564298444203,0.3266173205819929,1.0,17.0,1.218673896777674,2.42503662395303,3.9143461008822262,7.639603983107838,0.36716417910447763,0.0,335.0,0.0,0.0,336.0,0.0,0.44862487853465577,0.5344992362841324,-0.003224066192477468,0.029897825003916398,0.7633122709678547,-0.012738267481578802,0.5020316929854163,0.038792897755566755,-0.09643903413717503,0.0,1.0,4.0,0.6699336972640553,0.11538634503840177,0.08142085597077983,0.1493518341060237
2000-03-01 00:00:00+00:00,0.5506891608741353,1.1654729074508607,0.4757337981884333,1.0,18.0,1.2126784596624836,2.4364527259865847,3.82205594505724,7.841700170315349,0.36716417910447763,0.0,335.0,0.0,0.0,336.0,0.0,0.5361904619673734,0.023801401410607805,0.0053614358667908426,0.03064191037733613,0.7843890816630182,0.05864992421906834,0.5690480007839138,0.03779791215544504,-0.22450554492432495,0.0,1.0,4.0,0.699053464219965,0.08733215879105985,0.035657531944932465,0.1390067856371872
2000-04-01 00:00:00+00:00,0.5852530839087585,1.1602905885075179,0.47055147924509044,1.0,19.0,1.1976568565513175,2.504740004250209,3.6954370862994197,7.691374906361412,0.3611940298507463,0.0,335.0,0.0,0.0,336.0,0.0,0.4201806803675282,0.014689600098059174,0.005518227239850086,0.030070701250871777,0.748844934387066,0.08307549313749885,0.4943639299376619,0.035721129114969566,-0.23771657493425025,0.0,1.0,4.0,0.6536088434086436,0.07314853039024416,0.020760994092600335,0.1255360666878881
2000-05-01 00:00:00+00:00,0.27252363437612886,0.9833266599296898,0.2935875506672624,1.0,20.0,1.2215243103577138,2.488201736073724,3.42572074194359,7.948668160295962,0.3611940298507463,0.0,335.0,0.0,0.0,336.0,0.0,0.5345146112560141,0.03173115229445627,0.0051487349443523804,0.031022307168082477,0.8066099000110379,0.06778365678071019,0.4141062398198354,0.035971056666730526,-0.14579374652841004,0.0,1.0,4.0,0.6419667851319755,0.08739464105857446,0.03322025823369386,0.14156902388345521
2000-06-01 00:00:00+00:00,0.4638959149778434,1.1063290390964362,0.4165899298340088,1.0,21.0,1.2234515089202982,2.546405985729272,3.560069088235059,7.7625211839201285,0.35522388059701493,0.0,335.0,0.0,0.0,336.0,0.0,0.4218205898688237,0.018978520495362063,0.0054050765656497414,0.030279339858087836,0.7643779764028039,0.02568945747508966,0.3859040599338339,0.03532815547139172,-0.1976731151273503,0.0,1.0,4.0,0.6370546717145409,0.09260627013077585,0.040349750969660196,0.14486278929189145
2000-07-01 00:00:00+00:00,0.3010970587925264,1.0770887774611029,0.38734966819867545,1.0,22.0,1.3158688958458826,2.545903669396153,3.862957076007571,8.567377707727086,0.35522388059701493,0.0,335.0,0.0,0.0,336.0,0.0,0.5328969396942852,0.015348543466318877,0.005584394223672284,0.03023064314815198,0.7584981657075649,0.004162672575098725,0.3908683080572102,0.035293518653955726,-0.2281117647447699,0.0,1.0,4.0,0.688387823088347,0.08082999992674841,0.05130654923096213,0.11035345062253474
2000-08-01 00:00:00+00:00,0.2979082451312622,1.0823086158725386,0.39256950661011114,1.0,23.0,1.3269992527944086,2.5990729454719323,4.075944111041919,8.36073988671069,0.3492537313432836,0.0,335.0,0.0,0.0,336.0,0.0,0.42754229061273424,0.012150460574975677,0.005591405351769307,0.029956657535394646,0.7414409901602439,0.017719527138803315,0.3912876984366207,0.03529248495589794,-0.25832054375278,0.0,1.0,4.0,0.6959891090525152,0.08480263586207029,0.05209447605914478,0.11751079566499578
2000-09-01 00:00:00+00:00,0.24677690165793356,0.9769335534013972,0.2871944441389698,1.0,24.0,1.338210497332472,2.6267222166214435,4.13820914757821,8.580555331430002,0.3492537313432836,0.0,335.0,0.0,0.0,336.0,0.0,0.5293854959082516,0.018690927981008357,0.005492657003829101,0.03038779038794061,0.7700308728700351,0.03273764583477057,0.3618043157088975,0.03561051097555025,-0.3663990837636426,0.0,1.0,4.0,0.7091148415540145,0.08412470066406784,0.04219611175302594,0.1260532895751097
2000-10-01 00:00:00+00:00,-0.04489433319124732,0.7273503544928893,0.03761124523046189,1.0,25.0,1.373132861635799,2.5124934547200866,4.526861220455742,9.940054726989116,0.34328358208955223,0.0,335.0,0.0,0.0,336.0,0.0,0.4131893598837776,0.10840386937684801,0.0030140347272376443,0.03458082444443282,0.9587851639181175,-0.0529956164639076,0.3178789193535554,0.03717262263662939,-0.276650433505079,0.0,1.0,4.0,0.7965657512468733,0.04302586744373728,-0.009155511336477372,0.09520724622395187
2000-11-01 00:00:00+00:00,0.09545585044515978,0.7302896214759667,0.040550512213539225,1.0,26.0,1.377659786483446,2.5493043061500322,4.770257198216133,10.850948371784849,0.34328358208955223,0.0,335.0,0.0,0.0,336.0,0.0,0.4815500602529777,0.05335551136533314,0.004532748491184979,0.03200461473321499,0.864300177709461,-0.07491624183034595,0.28265566401809306,0.03718053477504544,-0.21750856853177325,0.0,1.0,4.0,0.7866680088013994,-0.14777696882369867,-0.3124420851860265,0.016888147538629383
2000-12-01 00:00:00+00:00,0.04076495930502678,0.5877624560706763,-0.10197665319175109,0.0,0.0,1.3268116076000243,2.5471564964584963,4.1036414349439765,11.609831024323489,0.408955223880597,1.0,220.0,0.01660283150186552,0.0,336.0,0.0,0.4434670630673064,0.0641861654088812,0.004215644284345562,0.03248346761967852,0.8857134087284966,-0.0781796396364225,0.24927880540895586,0.03783796350776228,-0.16593270511703118,0.0,,4.0,0.6449959687779022,-0.17377017703128628,-0.3784724506755744,0.030932096613001864
2001-01-01 00:00:00+00:00,0.09068118131815572,0.5952681274500844,-0.09447098181234304,0.0,0.0,1.2778817015262494,2.6045388059425094,2.622831585968381,10.68824597238039,0.3373134328358209,1.0,220.0,0.01660283150186552,0.0,336.0,0.0,0.48186491338161663,0.03163021881789967,0.005112312263971267,0.03095757129400913,0.8115757539754846,-0.10591794287599221,0.18756163545730153,0.03677539186408849,-0.16954571296282062,0.0,,4.0,0.5138357997877304,-0.1385000279588237,-0.36973944438690376,0.09273938846925633
2001-02-01 00:00:00+00:00,-0.1023552748055113,0.4852262210097793,-0.20451288825264813,0.0,0.0,1.289376283182254,2.5932331464872784,1.8363558698498137,10.510170016213065,0.40298507462686567,1.0,220.0,0.01660283150186552,0.0,336.0,0.0,0.4630297188406527,0.03501225170391039,0.00500813354881044,0.031099204871678415,0.8198482386798156,-0.13773584552527218,0.11223769187178156,0.036365669716851186,-0.18216939684805133,0.0,,4.0,0.5188432561372919,-0.04898293013407185,-0.22575059943167247,0.12778473916352864
2001-03-01 00:00:00+00:00,-0.47475974050331826,0.13672092068638528,-0.5530181885760421,0.0,0.0,1.2904867204789665,2.25191459554336,1.7469547254471505,10.101617620740578,0.33134328358208953,1.0,220.0,0.01660283150186552,0.0,336.0,0.0,0.07464750955556791,0.8736361940713152,-0.017643271028495337,0.07108859206614342,0.46491201036036756,-0.24475013033472237,-0.01682143665602709,0.03989205704466358,-0.04205579972080109,0.0,,4.0,0.5211398193763535,0.05791423571552249,-0.04792502179632993,0.16375349322737487
2001-04-01 00:00:00+00:00,-0.3113728412705719,0.2189224442988936,-0.4708166649635338,0.0,0.0,1.2516082619737485,2.315927756379137,1.482934073983468,9.574688961515033,0.3970149253731343,1.0,220.0,0.01660283150186552,0.0,336.0,0.0,0.2177303264477201,0.5450960065469476,-0.008776071599787673,0.05541199413153974,1.0039741224116225,-0.22837213270293244,-0.012178878066797516,0.03988345137603347,-0.08398232538115558,0.0,,4.0,0.5766099455731033,0.07538476802500294,-0.037540265646454477,0.18830980169646042
2001-05-01 00:00:00+00:00,-0.11306588896617002,0.39307011195468916,-0.29666899730773827,0.0,0.0,1.2390419926790155,2.295739617525447,0.8830767742763947,8.962683287253082,0.3253731343283582,1.0,220.0,0.01660283150186552,0.0,336.0,0.0,0.2552161599607613,0.5368044979451886,-0.008527120261952783,0.05505487732718291,1.009085438020998,-0.1111400160567575,0.05005095982638785,0.04120705054600653,-0.17478952979645257,0.0,,4.0,0.5888555857234727,0.10041612123185341,0.03520707993943188,0.16562516252427495
2001-06-01 00:00:00+00:00,-0.16538194918429688,0.25707731251467986,-0.4326617967477476,0.0,0.0,1.215785669426333,2.309179480458249,0.7138063641430957,9.692139934327027,0.39104477611940297,1.0,220.0,0.01660283150186552,0.0,336.0,0.0,0.27334374078265783,0.39113756152668605,-0.004629276962503908,0.04805271940940676,1.0881054080845212,-0.12874435169854248,-0.018201137364080466,0.040876888636003465,-0.2107683205638251,0.0,,4.0,0.5884329306318599,0.07124098639578838,-0.020711019911228118,0.16319299270280485
2001-07-01 00:00:00+00:00,-0.3463038453732853,0.19333115971515427,-0.4964079495472732,0.0,0.0,1.2118718079027164,2.3179536635567466,0.23846074728841088,8.942055169214951,0.3194029850746269,1.0,220.0,0.01660283150186552,0.0,336.0,0.0,0.38871580673453127,0.2685755381939482,-0.0012753084219249923,0.04227505605937904,1.0873737906997811,-0.11977138355993411,0.031289298769175744,0.03904957072808651,-0.3019445140529964,0.0,,4.0,0.5957360446066424,0.09665454119311775,0.038693563590108844,0.1546155187961266
2001-08-01 00:00:00+00:00,-0.6314660762806154,0.14253162219763865,-0.5472074870647887,0.0,0.0,1.235802225887855,2.3554641089963413,0.5211022035521319,10.022981907124116,0.3850746268656716,1.0,205.0,0.011078089047126713,0.0,336.0,0.0,0.3766836295159191,0.164175705281897,0.0014996940917657215,0.03722813722646535,1.0218050240353571,-0.13877466929900173,0.062262485697030634,0.03813830767532526,-0.2736199374158854,0.0,,4.0,0.5522623653966409,0.05078912289129357,-0.05013013218084356,0.15170837796343065
2001-09-01 00:00:00+00:00,-1.226538767878897,-0.19289172122147696,-0.8826308304839043,0.0,0.0,1.2080309937680809,2.0595357910882153,2.0340271719378915,11.20025481700796,0.37910447761194027,1.0,205.0,0.011078089047126713,0.0,336.0,0.0,0.0012041353015100045,0.9982224388605485,-0.021020068353898597,0.07701152400798528,0.01415015284330455,-0.237222403791697,-0.07188088054484254,0.04371552121858318,-0.2004842442689272,0.0,,4.0,0.5560121729128252,-0.12350714341892259,-0.35109722939081245,0.1040829425529673
2001-10-01 00:00:00+00:00,-1.1003410629662245,-0.013794308207357352,-0.7035334174697848,0.0,0.0,1.2298040781204793,1.8764999605447903,3.1463759662065587,9.369254605637492,0.37910447761194027,1.0,205.0,0.011078089047126713,0.0,336.0,0.0,0.14924758359590143,0.7483958059384068,-0.014248170891707787,0.0651354384399765,0.7340942758445338,-0.10514050504466166,-0.14134120235339864,0.040247316844322104,-0.25094246162423683,0.0,,4.0,0.6964348383041623,0.047457230526288516,-0.01503195269800308,0.10994641375058009
2001-11-01 00:00:00+00:00,-0.8927577649683419,0.07394304704286775,-0.6157960622195597,0.0,0.0,1.1586379719150928,1.8886123240143613,2.770964802175629,7.444038854031319,0.3074626865671642,1.0,205.0,0.011078089047126713,0.0,336.0,0.0,0.19232971194152793,0.5902623804910869,-0.009999355274272273,0.05756063333526283,0.9600034411161746,-0.054708235427868956,-0.13121390638614816,0.040605808073902634,-0.23806521922729829,0.0,,4.0,0.6256739863082191,0.0985670088780586,0.06794751826105858,0.12918649949505856
2001-12-01 00:00:00+00:00,-0.8315729366073844,0.07926736708216696,-0.6104717421802605,0.0,0.0,1.2002733101902372,1.9373462821867116,2.4112795241269027,7.929361543353267,0.373134328358209,1.0,205.0,0.011078089047126713,0.0,336.0,0.0,0.371717429834402,0.2842092559329334,-0.0017048277801090068,0.04300944623498593,1.0924993784675985,-0.09831859822504363,-0.15957493616051188,0.03986567032818696,-0.26511108137064276,0.0,,4.0,0.6360646529009641,0.09761845173546312,0.060060655450782846,0.13517624802014333
2002-01-01 00:00:00+00:00,-0.8216425381301119,0.04723653748067134,-0.6425025717817561,0.0,0.0,1.1184771858815041,1.8342136269958838,1.9304054547882616,7.119500395107344,0.30149253731343284,1.0,205.0,0.011078089047126713,0.0,336.0,0.0,0.4007432768491598,0.12674441410497692,0.002515716682203447,0.03545089044595137,0.9824929065021843,-0.07779054071146252,-0.16299346831823502,0.039865860456267124,-0.26684784606379,0.0,,4.0,0.6196885127382771,0.10177071167623475,0.07129415602269285,0.13224726732977668
2002-02-01 00:00:00+00:00,-1.0143339034112027,-0.052140820267637306,-0.7418799295300648,0.0,0.0,1.167331755012716,1.884741626947794,1.8414674990100504,8.186371364329325,0.36716417910447763,1.0,205.0,0.011078089047126713,0.0,336.0,0.0,0.44588285526507154,0.1539490928379773,0.0018238075117447093,0.036813789201105146,1.0147006078948604,-0.09179347762855361,-0.22695248583741723,0.039945490014347,-0.3031888974022703,0.0,,4.0,0.6429996985905534,0.09345076952206176,0.06458796840934276,0.12231357063478074
2002-03-01 00:00:00+00:00,-1.0199071876775057,0.07143503996669638,-0.618304069295731,0.0,0.0,1.1450957814767568,1.8499034697598513,1.770367849095959,6.90333496826212,0.2955223880597015,1.0,205.0,0.011078089047126713,0.0,336.0,0.0,0.42705778760734414,0.09246920727637216,0.0034492538298191433,0.033828366222042695,0.9356932994412847,-0.028485386302743443,-0.21877344670427767,0.04020841562282872,-0.33929788916387427,0.0,,4.0,0.6134635378307013,0.0908201836268332,0.05473321014563594,0.12690715710803038
2002-04-01 00:00:00+00:00,-0.9807708170467352,-0.055212372828239466,-0.7449514820906669,0.0,0.0,1.0750841017126733,1.7569596286124454,1.9674387426244468,6.5214220346717635,0.3611940298507463,0.0,335.0,0.0,0.0,336.0,0.0,0.4460389753484619,0.13894143220172492,0.0022241199935378393,0.03609043006157295,0.9993186797469731,0.05404462567955459,-0.25929143407324773,0.04066359928433571,-0.2445970225893852,0.0,,4.0,0.6579880799439354,0.09299651460428682,0.058544371645408044,0.12744865756316553
2002-05-01 00:00:00+00:00,-1.120769536548316,-0.1072525100926227,-0.7969916193550501,0.0,0.0,1.100774275365674,1.8579302998924765,1.4833274315410052,6.430364496767051,0.28955223880597014,0.0,335.0,0.0,0.0,336.0,0.0,0.411092579031852,0.11368658135136481,0.002871607421016816,0.0348331257753177,0.9661779331064793,-0.009279112348131058,-0.2819473865405637,0.04083971227277834,-0.16282021045639183,0.0,,4.0,0.6699390672681624,0.09733925999003752,0.0572837067491764,0.13739481323089858
2002-06-01 00:00:00+00:00,-1.3335609760559786,0.1387749788902857,-0.5509641303721418,0.0,0.0,0.766032147894392,1.5518509065163077,1.3393006729067518,5.074320618695164,0.2835820895522388,0.0,335.0,0.0,0.0,336.0,0.0,0.323765476357441,0.4080620698292664,-0.005043129400442948,0.048926005783450306,1.083831132511561,-0.12200410373059434,-0.38508509350820397,0.0409733213347982,-0.046895130378443284,0.0,,4.0,0.6856402871421332,0.10981837550132184,0.053321654667074704,0.16631509633556896
2002-07-01 00:00:00+00:00,-1.4262090594753405,0.821130820356395,0.13139171109396752,1.0,1.0,0.6094465011658082,2.0251740535703386,1.5136035753326333,4.765510131376306,0.2835820895522388,0.0,335.0,0.0,0.0,336.0,0.0,0.0010036690884156119,0.9982669825564106,-0.021021405091797278,0.07701344355413789,0.013929284601844463,-0.2557831924958993,-0.4595874990225397,0.044416834144314014,0.07300982056732686,1.0,1.0,4.0,0.6314721605933773,0.12398814860081356,0.054520068724506085,0.19345622847712085
2002-08-01 00:00:00+00:00,-1.3288825243299978,0.5833388333403481,-0.10640027592207935,0.0,0.0,1.047291341191982,1.981993311006541,1.4278206652116132,4.176140043598514,0.3492537313432836,0.0,335.0,0.0,0.0,336.0,0.0,0.1745802138193751,0.6993772194406862,-0.012922214054023055,0.06280100230844254,0.8158313170366167,-0.24284889375206653,-0.44122453485491864,0.044541037603132286,0.05963598534415482,1.0,,4.0,0.6846442682890643,0.1230367627906668,0.06285921650329457,0.1832143090780392
2002-09-01 00:00:00+00:00,-1.4946099620040465,0.974821123787586,0.2850820145251586,1.0,1.0,1.04829398538099,2.0172602216527196,1.1596253255687796,4.204607589431726,0.27761194029850744,0.0,335.0,0.0,0.0,336.0,0.0,0.09528821578757467,0.7942854765096856,-0.015511958793110361,0.0672864734847167,0.6502560520374676,-0.25553725121257287,-0.4774980952567729,0.04503332800422532,0.1380951720512682,1.0,1.0,4.0,0.6726868275423402,0.12779523022622902,0.08082554072926781,0.1747649197231903
2002-10-01 00:00:00+00:00,-1.440518182176556,0.9439948871934173,0.25425577793098986,1.0,2.0,0.9951109929616838,1.9891292697553522,1.391197847855889,4.555823448976302,0.844776119402985,0.0,335.0,0.0,0.0,336.0,0.0,0.24612094920809266,0.5398851538455468,-0.008616026445423757,0.055193056837384555,1.0077669224088481,-0.3140271669480974,-0.5615157079507451,0.04278867448722565,0.17488489757799908,1.0,1.0,4.0,0.4131376536732951,0.07464452177558265,0.024535193614818415,0.1247538499363468
2002-11-01 00:00:00+00:00,-1.3398403258149556,0.17658971411254762,-0.5131493951498798,0.0,0.0,1.1770545314647367,1.9827581367032672,1.3386254415868886,3.9771437027179255,0.2716417910447761,0.0,335.0,0.0,0.0,336.0,0.0,0.225227978858425,0.554606645402608,-0.009024113592569894,0.05587903886007107,0.9958658717611293,-0.20879112927401167,-0.5255420803363275,0.044253308012877475,0.12558381595662116,1.0,,4.0,0.6782693601738299,0.11688431368315509,0.060799772593409344,0.1729688547729008
2002-12-01 00:00:00+00:00,-1.3169689353613263,0.21526823110933355,-0.47447087815309386,0.0,0.0,0.9202443499759434,2.0105841302552165,1.108192216455103,4.199832000100265,0.2656716417910448,0.0,335.0,0.0,0.0,336.0,0.0,0.34005592093610665,0.29551716296538855,-0.002029887873433089,0.04351861013157697,1.0949066800909921,-0.18864014979923382,-0.5300903703879456,0.04423010059941746,0.16520618000569787,1.0,,4.0,0.6883671078989126,0.12082261923896871,0.0734111527819224,0.16823408569601503
2003-01-01 00:00:00+00:00,-1.3909692904653477,0.2009051525002208,-0.48883395676220665,0.0,0.0,0.6641364347967124,2.0731535660564204,0.9822493187043934,4.892142307815426,0.2656716417910448,0.0,335.0,0.0,0.0,336.0,0.0,0.4259620130700958,0.13665535726662018,0.0022701653534033376,0.03595738555238979,0.9971945838030649,-0.13387006621142739,-0.5062168922380526,0.04414648815130373,0.2153601271721577,1.0,,4.0,0.6604367698191672,0.1178575708842547,0.05029999248422232,0.18541514928428693
2003-02-01 00:00:00+00:00,-1.3536530586703448,0.628175604142856,-0.06156350511957143,0.0,0.0,0.5698562103690814,2.229925000530051,1.0761628051248513,5.0287740799020755,0.25970149253731345,0.0,335.0,0.0,0.0,336.0,0.0,0.16780086533410074,0.6877182973370156,-0.012616351984534528,0.062231203168709066,0.8364997899759432,-0.09303786097782751,-0.6112752842194356,0.04463977839221648,0.2950772723322528,1.0,,4.0,0.6835640958896667,0.12842990426943382,0.07214942120153639,0.18471038733733133
2003-03-01 00:00:00+00:00,-1.2849540438447185,0.4926420427596771,-0.19709706650275033,0.0,0.0,0.5881231997788687,2.180800553489687,0.931372986583382,5.185407149316088,0.25970149253731345,0.0,335.0,0.0,0.0,336.0,0.0,0.30334451707651255,0.3534908034084629,-0.0036030949520199952,0.046271840577503734,1.0964797794218781,-0.09416333805073229,-0.6184633660431498,0.044513727922571696,0.2661446572234647,1.0,,4.0,0.6999554320112635,0.125300803668686,0.08239043150020794,0.16821117583716405
2003-04-01 00:00:00+00:00,-1.2139011026023727,0.014057241619536498,-0.675681867642891,0.0,0.0,0.6390429548540759,2.2864848935057456,0.8488198232010312,5.522232951860605,0.2537313432835821,0.0,335.0,0.0,0.0,336.0,0.0,0.38821431687704333,0.28317050882215183,-0.0016648726309033564,0.04297812620486415,1.0903107289153378,0.00993184735909658,-0.5353499046783865,0.04597753905440013,0.21908917473881928,1.0,,4.0,0.6826665384808531,0.14448161023080028,0.10441197627474999,0.18455124418685054
2003-05-01 00:00:00+00:00,-1.1521645859432144,-0.36086093698667854,-1.050600046249106,0.0,0.0,0.6370571024697484,2.3471868311236923,0.7491517007359922,5.751388843597912,0.2537313432835821,0.0,335.0,0.0,0.0,336.0,0.0,0.3655389391511681,0.22603753601249676,-0.00015820217964695015,0.04019789459687391,1.0697251354951007,0.07884313881971394,-0.5083620266061208,0.046889748240273754,0.1339563934012835,1.0,,4.0,0.696896067846327,0.17606939866912252,0.08926365551119568,0.26287514182704974
2003-06-01 00:00:00+00:00,-1.0289006868624273,-0.3340638725238382,-1.0238029817862655,0.0,0.0,0.6044684930090527,2.3781740839500896,0.6534650196143039,5.519350576886991,0.24776119402985075,0.0,335.0,0.0,0.0,336.0,0.0,0.4349577904284346,0.19040867197849817,0.0008434546008404836,0.03855912439956272,1.0457314232721941,0.06916598511826066,-0.4605387677931656,0.04816105662280276,0.10458947397517537,1.0,,4.0,0.6627848876378591,0.18640692352038576,0.09270166514859372,0.2801121818921778
2003-07-01 00:00:00+00:00,-1.076361160371216,-0.3537401456243963,-1.0434792548868237,0.0,0.0,0.7366913862912697,2.3076660260358106,0.46779748599325466,5.288428929652691,0.844776119402985,0.0,335.0,0.0,0.0,336.0,0.0,0.40691403659236014,0.07478553150048624,0.003905844272600778,0.03295290962810615,0.9004339366517435,0.0823377094420703,-0.4654721880846786,0.04810321265522764,0.0786366170858912,1.0,,4.0,0.364003665065672,0.14255088179621267,0.04633756939513026,0.238764194197295
2003-08-01 00:00:00+00:00,-1.110729281682085,-0.3701805142706953,-1.0599196235331227,0.0,0.0,0.7923483160906416,2.232072431871314,0.4699990231800241,5.193306047361561,0.844776119402985,0.0,335.0,0.0,0.0,336.0,0.0,0.5107896848604112,0.0383379222518723,0.004954932264236208,0.03131384876825285,0.8273310631105395,0.08363493765587826,-0.45531960041694486,0.048110944015027995,0.06953183824753761,1.0,,4.0,0.3513945790508814,0.1255503789990551,0.038977419486819195,0.2121233385112908
2003-09-01 00:00:00+00:00,-1.1568789708390754,-0.3221015376556543,-1.0118406469180816,0.0,0.0,0.6766112415493118,2.217152080848904,0.5261896987153523,5.236624376286391,0.8388059701492537,0.0,335.0,0.0,0.0,336.0,0.0,0.44143975019216036,0.02220857704253137,0.005333518745117844,0.030457374229977054,0.7796539864697158,0.18574681824096562,-0.37253284951456234,0.04795707234296478,0.066922789364253,1.0,,4.0,0.384071120382703,0.11001475074378834,0.015995635862086924,0.2040338656254895
2003-10-01 00:00:00+00:00,-1.0823327896660935,-0.3020176579491923,-0.9917567672116196,0.0,0.0,0.6945976364382257,2.165077859453891,0.6315600230310736,5.73861345232273,0.844776119402985,0.0,335.0,0.0,0.0,336.0,0.0,0.5166147059234936,0.01645775845754396,0.0055427194364241475,0.030265604605759597,0.7643968420205036,0.20015561979377594,-0.3433915044190279,0.048232970225151724,0.04144292188554033,1.0,,4.0,0.3779161173266864,0.11178819822153406,0.012353536842689111,0.2112228596003789
2003-11-01 00:00:00+00:00,-1.2026739797147405,-0.28987475337953894,-0.9796138626419664,0.0,0.0,0.8120389825962238,2.0454881464205465,0.5406825658527047,5.136077780616483,0.23582089552238805,0.0,335.0,0.0,0.0,336.0,0.0,0.44418776723329073,0.012791557273379512,0.005586675926773782,0.030006493683547967,0.7477926037881117,0.1613897092719947,-0.2957805557699693,0.04819600027555774,0.0727789925129878,1.0,,4.0,0.6319667732947153,0.14105255073106657,0.02722191718305203,0.2548831842790809
2003-12-01 00:00:00+00:00,-1.2655344049204542,-0.24345273627676048,-0.9331918455391879,0.0,0.0,0.66784967160471,2.116583133417143,0.7910005415624923,5.805455294834237,0.2298507462686567,0.0,335.0,0.0,0.0,336.0,0.0,0.5248770422121767,0.015398898917693873,0.005577093345202485,0.0302239511456483,0.7598626510171286,0.13938624066285588,-0.26305784306727276,0.04862472790082129,0.0720756316782083,1.0,,4.0,0.6184833605941504,0.14664633050885417,0.046197319187462754,0.2470953418302455
2004-01-01 00:00:00+00:00,-1.1538766429604532,-0.18198663037055446,-0.8717257396329818,0.0,0.0,0.7463021599190174,2.1230006359756546,1.0398855526160928,6.216890379522101,0.2298507462686567,0.0,335.0,0.0,0.0,336.0,0.0,0.45289713593853076,0.01991943341448047,0.005403073237691022,0.030360040550638248,0.7742474702667898,0.1283851913391736,-0.19441773092871983,0.04921238891681389,0.012997362225341647,1.0,,4.0,0.6170648284942803,0.15911365215872092,0.05266983795510084,0.26555746636234057
2004-02-01 00:00:00+00:00,-1.2059314536544232,-0.19874048641293174,-0.8884795956753592,0.0,0.0,0.7731346767053849,2.0861878216229375,0.9505700768503901,6.194459330552264,0.22388059701492538,0.0,335.0,0.0,0.0,336.0,0.0,0.5015716702183747,0.015191441620126893,0.005565311549589391,0.03018744806174821,0.7611289701286158,0.1290295907870984,-0.09169246696285782,0.04648856860135384,0.018411523464896717,1.0,,4.0,0.6306267123774424,0.12980080366460603,0.03886808697170016,0.22073352035751148
2004-03-01 00:00:00+00:00,-1.1658799317417496,-0.2524979448876119,-0.9422370541500393,0.0,0.0,0.7672648849867647,2.051440443243181,1.0234339710412756,6.42761743187927,0.22388059701492538,0.0,335.0,0.0,0.0,336.0,0.0,0.45631365587990086,0.02214074951458674,0.00534637747388281,0.030471017808318585,0.7818804873423484,0.11234533382857759,-0.11460213388543483,0.04662049103332847,0.030186578716654644,1.0,,4.0,0.6366002380797239,0.13712137047670878,0.05047613339622964,0.2237666075571879
2004-04-01 00:00:00+00:00,-1.1230404289819753,-0.2327266335605702,-0.9224657428229976,0.0,0.0,0.7661288314952792,2.0008586088146108,0.8340393890141241,6.199129735152673,0.21791044776119403,0.0,335.0,0.0,0.0,336.0,0.0,0.4970918214908413,0.015742054975523195,0.005547300670958296,0.030208899580449287,0.763154938370334,0.09092585004664766,-0.17046698341115718,0.045293467005448236,-0.007456653182853934,0.0,,4.0,0.6451407652096942,0.08572712228772379,0.03130562619407545,0.14014861838137213
2004-05-01 00:00:00+00:00,-1.221236660269877,-0.3040616521607309,-0.9938007614231583,0.0,0.0,0.7928687369278685,2.0091561634141493,0.7630026138141575,6.3932277202097865,0.21791044776119403,0.0,335.0,0.0,0.0,336.0,0.0,0.7328638811094836,0.2654046770749626,0.002707098917862835,0.031476203374905386,0.5908397206238484,0.03791463464299838,-0.17673251807748702,0.045395447717018186,0.03857957179197946,1.0,,4.0,0.609165874803686,0.12151727773850175,0.07586509094765378,0.16716946452934978
2004-06-01 00:00:00+00:00,-1.5165827727223435,-0.24270695202254397,-0.9324460612849714,0.0,0.0,0.8153332767729047,1.9682223533956635,0.8178986250634243,6.577477343245711,0.21194029850746268,0.0,335.0,0.0,0.0,336.0,0.0,0.8658752498364672,0.13311862257005222,0.006730811549161947,0.029156727489173785,0.4000781234747949,0.04817164313681488,-0.12783752907322032,0.04550815034368821,0.03454959464966301,1.0,,4.0,0.6229975515630819,0.11426942872701377,0.07347318501312994,0.15506567244089758
2004-07-01 00:00:00+00:00,-1.7404770787713495,-0.29959534822963746,-0.9893344574920648,0.0,0.0,0.8182653333479707,1.9440826497497414,1.491097189926985,6.820480986064544,0.844776119402985,0.0,335.0,0.0,0.0,336.0,0.0,0.7923777633003114,0.20636619929652533,0.004506651536425799,0.030428566027578114,0.5184569904718683,-0.004231853477736358,-0.12851502724600739,0.04551623244321047,0.06888283535209272,1.0,,4.0,0.3826500333853938,0.07248030178230279,0.022324428097103444,0.12263617546750219
2004-08-01 00:00:00+00:00,-1.899419436886894,-0.3223759368485687,-1.012115046110996,0.0,0.0,0.8106413077585634,1.8867110274685817,2.1429973130455524,6.871072072766177,0.20597014925373133,0.0,335.0,0.0,0.0,336.0,0.0,0.7775875234633232,0.22128835123830864,0.00405811289615378,0.03067264041376441,0.5370095621142601,-0.062193351268741814,-0.019388678405764637,0.04040712237488632,0.0813724634334898,1.0,,4.0,0.5839765529770559,0.10333690208499653,0.06391544232432077,0.14275836184567223
2004-09-01 00:00:00+00:00,-1.7798695355490814,-0.2721414149926834,-0.9618805242551108,0.0,0.0,0.8026063489403729,1.8630978206558075,2.533732431578474,7.005359851216006,0.844776119402985,0.0,335.0,0.0,0.0,336.0,0.0,0.8857319972870968,0.11346536649117328,0.007330993904577958,0.028804262551284664,0.36012622918115933,-0.04240766472703417,-0.02895962664523033,0.04020179397730801,0.04665447406341272,1.0,,4.0,0.35233122020699653,0.04665813207694834,0.010214238486904843,0.08310202566699185
2004-10-01 00:00:00+00:00,-1.678054265388941,-0.2966598202042352,-0.9863989294666626,0.0,0.0,0.7877415741753584,1.8118948072146313,2.3111154447140567,7.579192789676449,0.844776119402985,0.0,335.0,0.0,0.0,336.0,0.0,0.8890658408377884,0.11022480108210009,0.00743144971105228,0.028741236573927288,0.35275497359887886,-0.024546115544148428,-0.0844400140017143,0.03922781117350168,0.022206882170968,1.0,,4.0,0.3599444636017268,0.04990919449929678,0.017296136596663486,0.08252225240192998
2004-11-01 00:00:00+00:00,-1.746201557507784,-0.21132233463810732,-0.9010614439005348,0.0,0.0,0.8016396798733091,1.7959147368122428,1.9350409419033976,8.100308689270292,0.844776119402985,0.0,335.0,0.0,0.0,336.0,0.0,0.9241081080678587,0.07476177690703441,0.008494735349100953,0.028170001632016245,0.27449549772505555,0.015079527046163221,-0.05706885813995033,0.03990077546880343,0.02292146255513483,1.0,,4.0,0.35394801477528753,0.04519910358168622,0.007140166547936123,0.08325804061543624
2004-12-01 00:00:00+00:00,-1.3154132473784548,-0.18128906660604194,-0.8710281758684694,0.0,0.0,0.7748779578684374,1.7622236540333427,2.139172541448149,7.601920933639803,0.844776119402985,0.0,335.0,0.0,0.0,336.0,0.0,0.9450453758655014,0.05415474831369147,0.009126967230937482,0.027790825229689047,0.21703048149762513,0.07750547893978066,-0.021436498426243844,0.040228923519678945,0.017501667086691874,1.0,,4.0,0.36904897226522604,0.04076498087650961,0.002853281739868485,0.07867668001315072
2005-01-01 00:00:00+00:00,-1.3591319588252795,-0.23270623998495812,-0.9224453492473855,0.0,0.0,0.7745971480272661,1.7409294421712174,1.1313691742464909,7.941247850231153,0.8388059701492537,0.0,335.0,0.0,0.0,336.0,0.0,0.8900641876333246,0.10899084208641928,0.007462921495255859,0.028739522877767033,0.3518167631193905,0.03679307958933986,0.0007490281446731473,0.03977461196961942,0.04007718782434111,1.0,,4.0,0.3340636992799003,0.06315175111604392,0.02299071428787714,0.10331278794421067
2005-02-01 00:00:00+00:00,-1.318238452401661,-0.20735565608821768,-0.8970947653506451,0.0,0.0,0.7470933607321626,1.6917417273325952,0.9713681060413687,7.6307748413456,0.8388059701492537,0.0,335.0,0.0,0.0,336.0,0.0,0.9215055321134766,0.07786450636352671,0.00841329335880442,0.028181895753914735,0.2787439222865928,0.06880449716610393,-0.031225143777160014,0.039155692380488744,0.026882494332689966,1.0,,4.0,0.342539871154849,0.05696393094058525,0.02291399726958227,0.09101386461158814
2005-03-01 00:00:00+00:00,-1.406483956311211,-0.23862434185310338,-0.9283634511155308,0.0,0.0,0.7310642539199558,1.6497197811446058,0.8816568963567428,7.892490302176048,0.8328358208955224,0.0,335.0,0.0,0.0,336.0,0.0,0.8921934174980266,0.1070575998807446,0.0075263605226981774,0.028690387838592502,0.3463731055406954,0.07300007429769462,-0.0004332297876246116,0.038533538999724504,0.04640303062433482,1.0,,4.0,0.35241892292955,0.055216491478246,0.01421828315138702,0.09621469980510496
2005-04-01 00:00:00+00:00,-1.4805432805708356,-0.3005956473068378,-0.9903347565692653,0.0,0.0,0.7399058135691914,1.6433846060537791,0.9798229910985109,8.001316428762397,0.8328358208955224,0.0,335.0,0.0,0.0,336.0,0.0,0.7303920215198653,0.2678975520056196,0.0026321410963708177,0.03151706209888289,0.5932286710018306,0.016546407499540727,-0.0031341067975585446,0.03859766041802945,0.07695477317956989,1.0,,4.0,0.36148984001846873,0.060425029565051955,0.020455466676866832,0.10039459245323704
2005-05-01 00:00:00+00:00,-1.4696669205125987,-0.26152351252819644,-0.9512626217906239,0.0,0.0,0.7307803640596637,1.5888469229450843,1.0265833838358618,8.047344668141578,0.826865671641791,0.0,335.0,0.0,0.0,336.0,0.0,0.8528450822823177,0.14624560393698766,0.006335752313906821,0.029373019668777374,0.4232738644310361,0.03505128454943751,0.07261537427831755,0.037065474568613095,0.04977338725262204,1.0,,4.0,0.3468523097854725,0.050586237083732465,0.011022572324117859,0.09014990184334706
2005-06-01 00:00:00+00:00,-1.39860160866995,-0.23369893551735654,-0.923438044779784,0.0,0.0,0.7200590685935433,1.5338759631805208,1.0360139433388327,7.688765823644246,0.826865671641791,0.0,335.0,0.0,0.0,336.0,0.0,0.9150319478654573,0.08430538940307217,0.008217447952274682,0.028294614014100227,0.2946149597999788,0.00994224527349008,0.20865657962943907,0.030894023612898783,-0.0008035993221202631,0.0,,4.0,0.328198319234141,0.05762095542361502,0.015361418491966781,0.09988049235526328
2005-07-01 00:00:00+00:00,-1.4669341531055122,-0.22347151947788602,-0.9132106287403134,0.0,0.0,0.6691406587564819,1.5336521037914346,0.9072653020557886,7.716903244008357,0.8208955223880597,0.0,335.0,0.0,0.0,336.0,0.0,0.934578840495698,0.06487300137630991,0.008808717172840286,0.027953236470147875,0.2447976912863177,-0.007424649803851935,0.21398774552197075,0.03091010501259563,-0.010003652378137495,0.0,,4.0,0.3370029267062056,0.05043682686625266,0.014771594718274321,0.08610205901423096
2005-08-01 00:00:00+00:00,-1.5082811867523707,-0.23881430370831505,-0.9285534129707425,0.0,0.0,0.6311850168345196,1.5432912886532029,1.0000513338787622,7.523097294901715,0.8208955223880597,0.0,335.0,0.0,0.0,336.0,0.0,0.9221468343345139,0.07726236205982517,0.00843250531124699,0.028168390660434573,0.2769668130390096,0.006181749939406345,0.26246802929665236,0.029275671238930878,0.012612320051176518,1.0,,4.0,0.30843579592062526,0.04718921101231441,0.006576599843467902,0.08780182218116087
2005-09-01 00:00:00+00:00,-1.574468859640124,-0.26095476294212094,-0.9506938722045484,0.0,0.0,0.6052332779242329,1.571381104016925,1.0453794684947753,7.76436795978952,0.8149253731343283,0.0,335.0,0.0,0.0,336.0,0.0,0.8957452703900394,0.1035381120563682,0.007633738721433334,0.028627603753681133,0.3386151807309613,-0.014164714128518163,0.2686373090424192,0.029142313110701822,0.05180831983576262,1.0,,4.0,0.3503104952305926,0.04487779001466537,-0.008741510564541005,0.09849709059387171
2005-10-01 00:00:00+00:00,-1.6135107456713347,-0.3165786627776947,-1.0063177720401222,0.0,0.0,0.6175343913110212,1.6146990577310676,1.1503609001883348,7.820468797297667,0.8149253731343283,0.0,335.0,0.0,0.0,336.0,0.0,0.7587815469014242,0.239699815151257,0.0034907546143590536,0.0310195926840813,0.5616904851774112,-0.03252581208983507,0.17583208739655198,0.02819492255327498,0.12139953816992932,1.0,,4.0,0.3629246060518582,0.05228024143740566,0.008069595651325506,0.0964908872234858
2005-11-01 00:00:00+00:00,-1.3292592550065092,-0.21646013523633334,-0.9061992444987608,0.0,0.0,0.6666115180836084,1.5277999800439879,1.1271835285726342,7.633547019030903,0.808955223880597,0.0,335.0,0.0,0.0,336.0,0.0,0.864557427591402,0.1337267350612371,0.006694650112426696,0.029225450628986013,0.4058041902963907,0.045457642784151986,0.23096368578582727,0.028881020766264885,0.09579046273006409,1.0,,4.0,0.5063558587359501,0.05830009695416418,0.009930103448206343,0.10667009046012199
2005-12-01 00:00:00+00:00,-1.4195271581119173,-0.19686844522591018,-0.8866075544883376,0.0,0.0,0.7239404019228002,1.5651143447762312,0.6815463485673627,7.152782485523676,0.808955223880597,0.0,335.0,0.0,0.0,336.0,0.0,0.9216960419490712,0.07738679644947737,0.008420576111808338,0.028197341423885365,0.27959783028413765,0.05642757423449307,0.262913014724238,0.028906704919093158,0.09029274664033782,1.0,,4.0,0.5376481040162151,0.05074053577990951,0.013974414004810982,0.08750665755500808
2006-01-01 00:00:00+00:00,-1.5075624733198916,-0.20080874265150261,-0.89054785191393,0.0,0.0,0.7489792984436505,1.6143630452985287,0.7648231205565108,7.214220867589889,0.8029850746268656,0.0,335.0,0.0,0.0,336.0,0.0,0.9305609791360389,0.06881623376076411,0.008687451229270005,0.028026733321494406,0.2557412491234496,0.042320672764017964,0.34401511337128454,0.02504233409452356,0.0871696684552008,1.0,,4.0,0.5684977486194045,0.03780948387016253,-0.0022066525951769736,0.07782562033550201
2006-02-01 00:00:00+00:00,-1.539517970323082,-0.21368759340052837,-0.9034267026629558,0.0,0.0,0.7527094895724881,1.5995653898945834,0.917105423387447,6.991327604003188,0.8029850746268656,0.0,335.0,0.0,0.0,336.0,0.0,0.9195645852534629,0.07981990795402262,0.008354445973806478,0.028214112006316995,0.28344388489269434,0.026804156146701175,0.3349552397194042,0.025135940178922643,0.0998677190909687,1.0,,4.0,0.5673224560183643,0.040493260231697366,-0.009262812559328024,0.09024933302272273
2006-03-01 00:00:00+00:00,-1.4916212068430046,-0.1992022910550648,-0.8889414003174922,0.0,0.0,0.6449991612291497,1.6132137338875967,0.9898524367011383,7.146072666373998,0.7970149253731343,0.0,335.0,0.0,0.0,336.0,0.0,0.9323295465539359,0.06713066371337696,0.008740565237066619,0.02799111654634176,0.2507164953048798,0.03803064148853963,0.2905668234260954,0.024018442756180692,0.05647600884340509,1.0,,4.0,0.5677754571003425,0.04065898048465233,-0.008866663979361686,0.09018462494866633
2006-04-01 00:00:00+00:00,-1.6217679062978152,-0.21258704318201696,-0.9023261524444444,0.0,0.0,0.6392226594475479,1.6538054389917196,0.95533298570111,6.989607531088955,0.7970149253731343,0.0,335.0,0.0,0.0,336.0,0.0,0.9238045213464269,0.0756213512481805,0.00848261156013825,0.028138986372853638,0.2727560326020828,0.0468467066156979,0.23664087683840318,0.02283694699774029,0.09148372233458257,1.0,,4.0,0.5934361217131414,0.0405869368579149,-0.013493720087015035,0.09466759380284487
2006-05-01 00:00:00+00:00,-1.6025285489722563,-0.24329596717762916,-0.9330350764400566,0.0,0.0,0.660940387461956,1.6774684761565277,1.1499932838275055,7.313142530639155,0.7910447761194029,0.0,335.0,0.0,0.0,336.0,0.0,0.8844192049695411,0.11479434604332912,0.007291157680208074,0.028825635157207607,0.3627348690209748,0.06261778963109155,0.16928389190938287,0.02162975782959973,0.13166120848385798,1.0,,4.0,0.6173451951124694,0.04279562564625729,-0.007809436362601466,0.09340068765511603
2006-06-01 00:00:00+00:00,-1.6659744924695508,-0.3027649294784573,-0.9925040387408848,0.0,0.0,0.657906029611872,1.7058288714144059,1.1055447511991552,7.341608127062616,0.7910447761194029,0.0,335.0,0.0,0.0,336.0,0.0,0.7375965113154792,0.2607870918227206,0.0028497947242204723,0.03138786447598912,0.5853942653131017,-0.013782816603765013,0.13484315973999195,0.022460196442973215,0.16269054160353935,1.0,,4.0,0.6086575170950539,0.06610134910141362,0.005500526083851598,0.1267021721189756
2006-07-01 00:00:00+00:00,-1.6991744249945828,-0.2884674006439467,-0.9782065099063741,0.0,0.0,0.7669817430854532,1.7998509755076448,1.1882334405098542,7.682634753335667,0.7850746268656716,0.0,335.0,0.0,0.0,336.0,0.0,0.8318767011396582,0.1672142613196072,0.005700835779423806,0.02973120706146073,0.4585497592266349,-0.034929969268681305,0.14434810779967844,0.02238453841705426,0.1645697950365861,1.0,,4.0,0.6314245755228679,0.06855909584565668,0.0237654879456506,0.11335270374566278
2006-08-01 00:00:00+00:00,-1.7892549839998786,-0.25751965484798034,-0.9472587641104078,0.0,0.0,0.7729595272734568,1.8787235364547241,1.2362711827145114,7.270583222323588,0.7850746268656716,0.0,335.0,0.0,0.0,336.0,0.0,0.9060480061953071,0.09328231452709894,0.007945454405948559,0.028448544632506224,0.3155651821999043,-0.021283117833758247,0.13698517729656068,0.02220161318590543,0.10280509238944191,1.0,,4.0,0.6295126767279454,0.06794827327842612,0.008855695278387712,0.1270408512784645
2006-09-01 00:00:00+00:00,-1.6732873500568872,-0.21743152171188304,-0.9071706309743105,0.0,0.0,0.700484418084334,1.912306836575903,1.3969581947718264,7.18271381469169,0.7791044776119403,0.0,335.0,0.0,0.0,336.0,0.0,0.938291491570517,0.06104906165372603,0.008921721657682001,0.027897059031698816,0.23529188448503852,0.010761111374554488,0.14556073130018277,0.022428530568496984,0.10044793298506605,1.0,,4.0,0.6147877278081108,0.046991161233954234,0.0009260482020510413,0.09305627426585744
2006-10-01 00:00:00+00:00,-1.5416829926866729,-0.16037762450844564,-0.850116733770873,0.0,0.0,0.6546663054726486,1.8196114738786366,1.1878750273360192,6.422426842368671,0.7791044776119403,0.0,335.0,0.0,0.0,336.0,0.0,0.9476525439721655,0.05147411596788738,0.009206298668286088,0.027751070066847152,0.20981090511967407,0.04247069545575943,0.17164780960986015,0.023166053336344094,0.08684253883148241,1.0,,4.0,0.6818152127224911,0.01532788160449322,-0.019903473029069505,0.05055923623805594
2006-11-01 00:00:00+00:00,-1.604843853539044,-0.14521754132966885,-0.8349566505920962,0.0,0.0,0.6507738159866713,1.8586910517231634,0.9857051437039058,6.370157761448812,0.7731343283582089,0.0,335.0,0.0,0.0,336.0,0.0,0.9522047596899333,0.04718384798571319,0.009342757084019757,0.02765624807595113,0.1952440553124646,0.06429333233464618,0.16154796851019348,0.0229064355994785,0.01027091370105282,1.0,,4.0,0.7117921481648628,-0.001616656167869981,-0.05936327302228849,0.05612996068654851
2006-12-01 00:00:00+00:00,-1.5601957722489046,-0.12236999437053395,-0.8121091036329614,0.0,0.0,0.6755414024530076,1.8987094786528182,1.0793972213688154,5.810675731746477,0.7731343283582089,0.0,335.0,0.0,0.0,336.0,0.0,0.9533195138552789,0.04614495386655048,0.009376111490054554,0.027632265196781833,0.1915477405137217,0.09694693362220885,0.13784563419241813,0.022104273272769013,0.003377745885055461,1.0,,4.0,0.7255223973317586,-5.8748851989165376e-05,-0.05897829909963527,0.05886080139565692
2007-01-01 00:00:00+00:00,-1.5430793966094778,-0.17848596153439297,-0.8682250707968204,0.0,0.0,0.6749471791046402,1.9115811025937808,1.0336313361286398,5.954679625716759,0.7671641791044777,0.0,335.0,0.0,0.0,336.0,0.0,0.9411303427554062,0.05833827451506975,0.00900700587333235,0.02784022408858094,0.2268764641654196,0.13029394054133903,0.13610750949423256,0.022105767178622417,-0.07430977786907977,0.0,,4.0,0.6608316361126555,0.01981319276689745,-0.02806679136762059,0.06769317690141545
2007-02-01 00:00:00+00:00,-1.6574604568266944,-0.17636691635985857,-0.866106025622286,0.0,0.0,0.7162046891285888,1.937531867931591,0.966161070347611,5.454868458465056,0.7671641791044777,0.0,335.0,0.0,0.0,336.0,0.0,0.9429536725686772,0.05653790396515765,0.009062094601257864,0.0278075810022604,0.22166789221746963,0.13667552761580737,0.16867830158690822,0.021597880070317172,-0.10373921093419458,0.0,,4.0,0.6742563591392627,0.018291353434397684,-0.03357855350379925,0.0701612603725946
2007-03-01 00:00:00+00:00,-1.7355051614637682,-0.2601160074694958,-0.9498551167319232,0.0,0.0,0.7353568101719126,1.9770545540227682,1.2289487262482206,6.189840563901545,0.7611940298507462,0.0,335.0,0.0,0.0,336.0,0.0,0.7649362757520445,0.23323928488197068,0.0036787298554638473,0.03093436205317256,0.5560044046470389,0.0818943302807682,0.12795365753068122,0.022652883814091015,-0.10515393199468104,0.0,,4.0,0.6038404132937017,0.048359096733883555,-0.010328144516990094,0.10704633798475723
2007-04-01 00:00:00+00:00,-1.6811319595617606,-0.18221139209145518,-0.8719505013538826,0.0,0.0,0.6847377169294996,1.9771342600053097,1.2075188658507232,5.367930990093368,0.7611940298507462,0.0,335.0,0.0,0.0,336.0,0.0,0.8803557183506571,0.11841475322266184,0.007170452773756765,0.02892390197816103,0.3730674854300824,0.08652210911451785,0.19416820577170224,0.022246829791232034,-0.10438561729047535,0.0,,4.0,0.5943001306534168,0.04199178345699921,-0.03296519883124271,0.11694876574524113
2007-05-01 00:00:00+00:00,-1.6941290463679535,-0.11952103117039461,-0.809260140432822,0.0,0.0,0.675551355585489,2.0025918571424817,1.1976905361386387,5.271586628274763,0.755223880597015,0.0,335.0,0.0,0.0,336.0,0.0,0.9283079204940592,0.07089246348639107,0.00862016170156364,0.028076736278463393,0.26238421941974255,0.07287945994502021,0.19635562641806548,0.02230220849879279,-0.1150021231664562,0.0,,4.0,0.5720145618026448,0.04715923153231803,-0.024695753087649708,0.11901421615228577
2007-06-01 00:00:00+00:00,-1.689396885831242,-0.1928945911795866,-0.8826337004420141,0.0,0.0,0.7400653632207793,1.8865039138897888,1.2865732982709164,4.8579857965466005,0.755223880597015,0.0,335.0,0.0,0.0,336.0,0.0,0.9255019721770905,0.07387114229247144,0.008534287916598635,0.028113423803181797,0.26874088761350406,0.05311726226971025,0.2188970842576401,0.021787273303260246,-0.17027717482727667,0.0,,4.0,0.6009325818973238,0.03306214085120269,-0.031295348763805464,0.09741963046621083
2007-07-01 00:00:00+00:00,-1.6911148348540472,-0.17222284579833927,-0.8619619550607667,0.0,0.0,0.8969836459897341,1.8194053070892757,1.2589858542059085,5.127813837163117,0.7492537313432835,0.0,335.0,0.0,0.0,336.0,0.0,0.9309707422217364,0.06847676939925089,0.00869948807821256,0.02801515599862082,0.2543382739070764,0.039347079127566964,0.2393860645887269,0.021446067623936728,-0.24467536326543105,0.0,,4.0,0.6193596379043138,0.034218183796764716,-0.040194064399903764,0.10863043199343315
2007-08-01 00:00:00+00:00,-1.7986494606486128,-0.33904298586627424,-1.0287820951287017,0.0,0.0,0.9056025742119164,1.8720300846406226,1.3278156526537854,5.29054401518462,0.7492537313432835,0.0,335.0,0.0,0.0,336.0,0.0,0.6622703678793403,0.3351108283946271,0.0005742309684491332,0.0327399387709674,0.654852832564219,-0.005647693899517137,0.1728674803217496,0.02279280374012041,-0.17906407004472236,0.0,,4.0,0.6388026797681856,0.049773745801079385,-0.01914255822353292,0.11869004982569167
2007-09-01 00:00:00+00:00,-1.7955555542205033,-0.26272879827372064,-0.9524679075361481,0.0,0.0,0.7629314283658755,1.813753334184703,1.2921634627535092,5.202372551864029,0.7432835820895523,0.0,335.0,0.0,0.0,336.0,0.0,0.8338288065314268,0.16478554276433693,0.005762457643881176,0.02972889224788397,0.45777564861771314,0.011341325268651836,0.20456574239970848,0.022988391092116426,-0.2553844088150079,0.0,,4.0,0.5930340364195152,0.0428858344251008,-0.01649642807574133,0.10226809692594285
2007-10-01 00:00:00+00:00,-1.7626709257185385,-0.22705703898794855,-0.9167961482503759,0.0,0.0,0.7122194969759665,1.7781325532489785,1.3519179008003215,4.44940441753798,0.7432835820895523,0.0,335.0,0.0,0.0,336.0,0.0,0.909872438123528,0.08925500514653506,0.008062326451792492,0.028396421158818574,0.3077477033087209,0.07283722544383675,0.18571135592835475,0.022259549849815055,-0.49915571771560696,0.0,,4.0,0.6051736868991425,0.028112796075230907,-0.03837776631891036,0.09460335846937215
2007-11-01 00:00:00+00:00,-1.8715330487674697,-0.36757270225890154,-1.057311811521329,0.0,0.0,0.6983812986130635,1.719618799453822,1.4833508784432394,5.498502272696606,0.7373134328358208,0.0,335.0,0.0,0.0,336.0,0.0,0.3909234382206109,0.6033301843635114,-0.007625567696842147,0.0375790336229808,0.7016760537558326,-0.016919476298883573,0.09974325053303801,0.02419947176436073,-0.5157765713119336,0.0,,4.0,0.6114189589481701,0.06478736048605549,0.021538433993083313,0.1080362869790277
2007-12-01 00:00:00+00:00,-1.920920605146741,-0.31726425078697174,-1.0070033600493993,0.0,0.0,0.6898285730207572,1.7433539370240227,1.4390932431173142,5.024095451380967,0.7373134328358208,0.0,335.0,0.0,0.0,336.0,0.0,0.650961964441095,0.3466025090167074,0.00023085028021977444,0.032921188043622214,0.6613685529901571,-0.03133652897659367,0.12822601785213195,0.02398845111330131,-0.5230336451657926,0.0,,4.0,0.6142102298453744,0.04958957831227859,0.00906071601623909,0.09011844060831807
2008-01-01 00:00:00+00:00,-2.165948246304274,-0.4796148973681416,-1.169354006630569,0.0,0.0,0.6918406133062833,1.6734340241517776,1.706585398993649,6.136202326350702,0.7313432835820896,0.0,335.0,0.0,0.0,336.0,0.0,0.040944015333224885,0.9501159552087632,-0.018205981740860227,0.04376571931643446,0.22162930148339127,-0.1067063789312801,0.04338620816025607,0.02741744245922526,-0.4658354926417161,0.0,,4.0,0.5211945022170493,0.09143116316450699,0.03890795622579648,0.1439543701032175
2008-02-01 00:00:00+00:00,-2.414537089991061,-0.4888924170831077,-1.1786315263455351,0.0,0.0,0.706795855997331,1.7373954443721795,2.0496087616405494,5.911910361886142,0.7313432835820896,0.0,335.0,0.0,0.0,336.0,0.0,0.1742616282554418,0.8212953957314094,-0.014192881601641144,0.041195426327930586,0.49022497717274693,-0.1316334783549733,0.034752511936058994,0.027576049990142456,-0.5226961134606176,0.0,,4.0,0.5055714744722212,0.08603488868249828,0.024610929193272083,0.14745884817172442
2008-03-01 00:00:00+00:00,-2.419498921931058,-0.5519386870302678,-1.2416777962926953,0.0,0.0,0.7560329571796364,1.7942136676251046,2.72730913680563,6.337742835938386,0.7253731343283583,0.0,335.0,0.0,0.0,336.0,0.0,0.13656317497635873,0.8601387472303593,-0.015340413438339336,0.04176488692686489,0.4203293444379871,-0.12606469410335475,0.030256378718854116,0.027746757256315542,-0.5496880066638035,0.0,,4.0,0.5166468659098706,0.08448939125102281,0.025481458844435353,0.14349732365761025
2008-04-01 00:00:00+00:00,-2.43752922733797,-0.47909945124576,-1.1688385605081875,0.0,0.0,0.6928441660199671,1.826123828451718,2.782802337839153,5.97469259774449,0.7253731343283583,0.0,335.0,0.0,0.0,336.0,0.0,0.4734196223092282,0.5237335793777831,-0.005142899994057398,0.03598094397554909,0.7094334527574093,-0.11831144116102355,0.05120301668924743,0.02823449043054265,-0.47245934180302473,0.0,,4.0,0.481774667964031,0.07077592260850954,0.011618882169142856,0.12993296304787622
2008-05-01 00:00:00+00:00,-2.5643434125632774,-0.4707958570178503,-1.1605349662802777,0.0,0.0,0.6094145191327481,1.764502763272969,2.8864380641650462,6.346008182747395,0.7194029850746269,0.0,335.0,0.0,0.0,336.0,0.0,0.7164105020654359,0.28213615673968356,0.002207430278800519,0.03173917074126081,0.6054256294875712,-0.1289652020529184,0.046803908601946276,0.028160941595070665,-0.4285571348717143,0.0,,4.0,0.5030594603735354,0.0653408540880145,0.025005754395052517,0.1056759537809765
2008-06-01 00:00:00+00:00,-2.5203032363904674,-0.5782623449103953,-1.2680014541728228,0.0,0.0,0.6675121881863366,1.7250319233132563,3.285775000066037,6.4829485045423585,0.7194029850746269,0.0,335.0,0.0,0.0,336.0,0.0,0.2200725415753561,0.7755501446722508,-0.012806089724590068,0.040408557579665695,0.55405135795154,-0.12743082625861923,-0.02026292592172929,0.029664597411674386,-0.3559808609679562,0.0,,4.0,0.640080758731593,0.08550569176530295,0.02962259596661508,0.14138878756399081
2008-07-01 00:00:00+00:00,-2.5766961753592947,-0.6792604181283667,-1.3689995273907942,0.0,0.0,0.7211566546148144,1.6931034521890393,3.0205001139147796,7.041178074586333,0.7134328358208956,0.0,335.0,0.0,0.0,336.0,0.0,0.10933607783021726,0.744433011077622,-0.013825425322858185,0.06217237795109913,0.7428419219863496,-0.20870603002291954,-0.08666176211019394,0.031892916235769925,-0.27413310639796507,0.0,,4.0,0.6501655418113701,0.09197803125791305,0.04946742125024041,0.13448864126558568
2008-08-01 00:00:00+00:00,-2.709856072602452,-0.6182806594920821,-1.3080197687545096,0.0,0.0,0.8052472891219457,1.7070116202065642,3.212416489990369,6.745763704217572,0.7134328358208956,0.0,335.0,0.0,0.0,336.0,0.0,0.3168724975267783,0.4257721743496805,-0.005301469687327585,0.04797903312991439,1.0770212572401503,-0.11040198607515972,-0.05285106378638549,0.032144571386747825,-0.22336836282606498,0.0,,4.0,0.7089371516087224,0.07550535339639204,0.04281289278107985,0.10819781401170414
2008-09-01 00:00:00+00:00,-2.806446910527279,-0.5272188944528962,-1.2169580037153236,0.0,0.0,0.8692091338112966,1.7181081123114825,3.4663935735035007,7.119461964868082,0.7074626865671642,0.0,335.0,0.0,0.0,336.0,0.0,0.16907377243655755,0.5944147850552657,-0.009839992997993504,0.05550929761209503,0.950708996743933,-0.14030387261216148,-0.07302554858626742,0.03284561031323255,-0.13981391725163128,0.0,,4.0,0.7356057095451507,0.09041648081504283,0.05646503864524324,0.12436792298484241
2008-10-01 00:00:00+00:00,-2.5099777600730553,1.0509992803179224,0.361260171055495,1.0,1.0,0.9060458149519626,2.2569928341733005,2.9016421810462067,6.092412086316578,0.7074626865671642,0.0,335.0,0.0,0.0,336.0,0.0,3.2583589229652193e-12,0.9999999999882926,-0.0206203723392182,0.07352717335077838,3.133132657678004e-10,-0.3211645602770892,-0.33636582434238704,0.04820587459685688,0.09899376202980825,1.0,1.0,4.0,0.6425489046790366,0.14319839680682778,0.05484110436553538,0.23155568924812014
2008-11-01 00:00:00+00:00,-2.3633490966668633,1.0181162865062476,0.3283771772438202,1.0,2.0,0.8705209665509506,2.3653179202809427,2.6919038577481245,5.878406045935424,0.7014925373134329,0.0,335.0,0.0,0.0,336.0,0.0,0.005612743300959169,0.9882445878827271,-0.020307400627697855,0.07300459319902451,0.07205681380429868,-0.4283104303203418,-0.4335349878655874,0.04901521886898824,0.19056996210482247,1.0,1.0,4.0,0.6117020371784003,0.1546608582814893,0.0791880986075239,0.23013361795545462
2008-12-01 00:00:00+00:00,-2.323217877035928,0.3492983840948296,-0.3404407251675978,0.0,0.0,0.9424097462402735,2.411066735380735,2.566489807912358,5.568297355678908,0.6955223880597015,0.0,335.0,0.0,0.0,336.0,0.0,0.160482134820092,0.6940131509606009,-0.012463491125084604,0.05991757059110799,0.8275791460123121,-0.4393680509759301,-0.4348848151380018,0.04900124268894404,0.20846216685424235,1.0,,4.0,0.638852992047189,0.16099955520143136,0.06647401457361027,0.25552509582925237
2009-01-01 00:00:00+00:00,-2.227989399195315,0.46876150936620914,-0.2209775998962183,0.0,0.0,0.8265096494499847,2.4236478782802955,2.0608135513085393,5.684891226805787,0.6955223880597015,0.0,335.0,0.0,0.0,336.0,0.0,0.25110395867284113,0.4655935050816983,-0.006395464138802022,0.049772446648731136,1.0602294623746993,-0.4022646967457195,-0.44933177881415,0.04898594077612807,0.23495429121588085,1.0,,4.0,0.6585191603574978,0.16269230735800522,0.0644561499861197,0.26092846472989073
2009-02-01 00:00:00+00:00,-1.8645375797825767,1.1470211059862765,0.45728199672384906,1.0,1.0,0.8461704380430433,2.4833236852650638,1.3607117143476275,5.472665902664243,0.6895522388059702,0.0,335.0,0.0,0.0,336.0,0.0,0.033725141099675095,0.9275297041589189,-0.01869158397238886,0.07030598216300933,0.3100410405687516,-0.40965422855015987,-0.5343466321488934,0.05003018802896473,0.2808280715459208,1.0,1.0,4.0,0.700657774777751,0.16780397153315704,0.06403690260744044,0.27157104045887354
2009-03-01 00:00:00+00:00,-1.5738432161890057,1.3559556737628478,0.6662165645004203,1.0,2.0,0.8310078830832264,2.5589808420592486,0.7399157902486495,6.558162702307514,0.844776119402985,0.0,335.0,0.0,0.0,336.0,0.0,0.018341130345471284,0.9621681093271989,-0.01961294924422403,0.07184524042289336,0.18719708131869578,-0.49668863072243585,-0.5963864011245192,0.05064087067675654,0.39688437075563865,1.0,1.0,4.0,0.41095715224540064,0.16472313178583511,0.052711506410959924,0.2767347571607103
2009-04-01 00:00:00+00:00,-1.9984932420240304,-0.10163483874233195,-0.7913739480047594,0.0,0.0,0.8106577392680919,2.892022355717552,1.2511447338741688,5.2710765449253785,0.6835820895522388,0.0,335.0,0.0,0.0,336.0,0.0,0.0017444251789304297,0.9964228896785361,-0.020525110298508092,0.07336813685549136,0.026199657582296178,-0.3353863741490404,-0.47102971236639934,0.05507673729794314,0.32266775208275256,1.0,,4.0,0.656412543428998,0.16378816910802566,0.059497660313164516,0.2680786779028867
2009-05-01 00:00:00+00:00,-2.0169764000958916,-0.497673069499578,-1.1874121787620053,0.0,0.0,0.8129471109457148,2.9258934807695764,1.4120408190282807,5.585399219774463,0.6835820895522388,0.0,335.0,0.0,0.0,336.0,0.0,0.061562096867848616,0.8822151387658477,-0.017480662246064867,0.0682884748003277,0.44400930793736526,-0.05836661920902575,-0.3809496269476478,0.05632591605694577,0.20051233782058908,1.0,,4.0,0.6561328380508339,0.17670143298116256,0.050937548928705445,0.30246531703361956
2009-06-01 00:00:00+00:00,-2.079678730354511,-0.5302544436998335,-1.219993552962261,0.0,0.0,0.7589673280114941,2.898203354731225,1.234944383129272,5.267503967857443,0.6776119402985075,0.0,335.0,0.0,0.0,336.0,0.0,0.22192444731924743,0.5539583783920143,-0.008738649934336573,0.053694206488595984,0.996479914604667,0.03236488408535809,-0.366240134511548,0.0564846980184722,0.14634062065235387,1.0,,4.0,0.6841844887795127,0.19316028678229907,0.03424047309410638,0.35208010047049154
2009-07-01 00:00:00+00:00,-1.9783287239041136,-0.5831577557293023,-1.2728968649917296,0.0,0.0,0.7064332275352955,2.826061540086015,1.3208852000462261,5.527300454049471,0.6776119402985075,0.0,335.0,0.0,0.0,336.0,0.0,0.3662074021031767,0.2618547853601471,-0.0009583112184943594,0.04070652051812255,1.0866090685487257,0.04019450874490804,-0.3734071885593355,0.056387019021358405,0.1308366224578439,1.0,,4.0,0.7026143409225847,0.19805372762657936,0.017268159178846082,0.37883929607431244
2009-08-01 00:00:00+00:00,-2.210472517444913,-0.864662480230565,-1.5544015894929926,0.0,0.0,0.6463845405312009,3.0081377792602595,1.4242976874482596,5.278915253158264,0.6776119402985075,0.0,335.0,0.0,0.0,336.0,0.0,0.2606972285721479,0.4614968648743628,-0.006280874631011082,0.04958654666757411,1.0631693662445738,0.1320651437404914,-0.3280277464482131,0.05781542469697711,0.06258150496168735,1.0,,4.0,0.6727582891932001,0.18824480928254209,0.03543518062117232,0.34105443794391155
2009-09-01 00:00:00+00:00,-2.182766278594343,-0.9142393499862081,-1.6039784592486357,0.0,0.0,0.7028193033713489,3.0178627247808674,1.5995571628247547,5.617286120687298,0.6716417910447762,0.0,335.0,0.0,0.0,336.0,0.0,0.38098934484350183,0.2493651899195626,-0.0006194166173094926,0.04014693082881905,1.0818513416889375,0.24257832359682485,-0.334239004007828,0.05767038600164095,0.06022526308983789,1.0,,4.0,0.7050694819474526,0.18521248411034208,0.001085036600733419,0.3693399316199508
2009-10-01 00:00:00+00:00,-2.1243363896403893,-0.9070218932284153,-1.5967610024908427,0.0,0.0,0.707082478738675,2.955413181728539,1.5581707140288874,5.434301180613447,0.6716417910447762,0.0,335.0,0.0,0.0,336.0,0.0,0.4328067743927011,0.10565078457935276,0.003194634675766913,0.03376651759242671,0.9567784230449667,0.32751720841652254,-0.3331625250426429,0.05768680741240685,0.08123102206223454,1.0,,4.0,0.6602984806524037,0.18409642555717196,0.013809093559240398,0.3543837575551037
2009-11-01 00:00:00+00:00,-2.229475517746814,-0.896945719527299,-1.5866848287897264,0.0,0.0,0.7215050850827254,2.8865668711778563,1.4124643298129254,5.7052739051765915,0.6656716417910448,0.0,335.0,0.0,0.0,336.0,0.0,0.4819868220657013,0.046455606255629577,0.004785748713526749,0.031124660224330736,0.8488332555631241,0.23471887358750543,-0.33325777240110277,0.057685457625331775,0.08562650887370093,1.0,,4.0,0.620287201257113,0.17781257550457114,0.001515326930916161,0.3541098240782262
2009-12-01 00:00:00+00:00,-2.0793181695237606,-0.9015784197344846,-1.5913175289969121,0.0,0.0,0.6600912782737414,2.9433102342069644,1.5549983075520364,5.290442936211018,0.6656716417910448,0.0,335.0,0.0,0.0,336.0,0.0,0.47181809178225503,0.025900744643096007,0.005318545224476184,0.03022081202873788,0.7949080690043537,0.19765125075002654,-0.31359231673896026,0.05790035130103244,0.09679509131866659,1.0,,4.0,0.6229145368332537,0.18517280905046812,0.0023542870707404517,0.3679913310301956
2010-01-01 00:00:00+00:00,-2.189290466238127,-0.9015624011392802,-1.5913015104017076,0.0,0.0,0.6385689117303718,3.016616074548879,1.1862982054290605,5.4154132404905875,0.6597014925373135,0.0,335.0,0.0,0.0,336.0,0.0,0.49431344452639786,0.018026135866513554,0.005541742471830519,0.029861462663956687,0.7708843037895425,0.18867045543811756,-0.31424520668923783,0.057894481831805684,0.11619772803360018,1.0,,4.0,0.5779985411056497,0.18416907335696808,-0.0073264203360216,0.37566456704995776
2010-02-01 00:00:00+00:00,-2.15929711442643,-0.9396446385016174,-1.6293837477640447,0.0,0.0,0.700510645724871,2.989313023671502,1.191893786109608,4.995428292213898,0.6597014925373135,0.0,335.0,0.0,0.0,336.0,0.0,0.45220034832619505,0.03598143271111299,0.005039456371091312,0.030676282642305014,0.8213176417963537,0.14530694939372601,-0.3099945694463777,0.0578414011946421,0.17221763951459934,1.0,,4.0,0.5855146661961609,0.18815015801117163,0.013427562433421913,0.36287275358892124
2010-03-01 00:00:00+00:00,-2.196251750649036,-0.9095399140968382,-1.5992790233592658,0.0,0.0,0.6301017736581581,3.0183293696823164,1.4520943067009615,5.4312350375689675,0.6537313432835821,0.0,335.0,0.0,0.0,336.0,0.0,0.4919555777500478,0.04874246589504125,0.004732861531619018,0.031220837971619498,0.853596651342045,0.12356410285926778,-0.29098575270346316,0.05833340479861083,0.09780851354114173,1.0,,4.0,0.5493297098911785,0.19824976540395337,-0.005524175326918124,0.40202370613482485
2010-04-01 00:00:00+00:00,-2.233181028103939,-0.9381153650222729,-1.6278544742847003,0.0,0.0,0.6739595167796292,2.9943932383168366,1.4468903493619787,5.104308633225117,0.6537313432835821,0.0,335.0,0.0,0.0,336.0,0.0,0.4562676748234775,0.03448887748604454,0.005081619190232821,0.030608268866836808,0.817802554301212,0.12709529518534346,-0.28002316876750477,0.0585512427007531,0.07508592082842558,1.0,,4.0,0.5689762959226752,0.20123458702238814,0.049921352333169994,0.35254782171160626
2010-05-01 00:00:00+00:00,-2.311257935014414,-1.0255872438891995,-1.715326353151627,0.0,0.0,0.9013889474198734,3.0192052710831425,1.3035971390236314,5.085166249927742,0.6477611940298508,0.0,335.0,0.0,0.0,336.0,0.0,0.3575705874999316,0.24837981389745722,-0.0006104552739647474,0.04011496955124287,1.0806460099401756,0.04315195658175508,-0.34312783073059805,0.059262348975708624,0.13850686326086858,1.0,,4.0,0.6553904748977523,0.20873406679334175,0.007694873407038172,0.4097732601796453
2010-06-01 00:00:00+00:00,-2.1675921626378787,-1.078031412565798,-1.7677705218282254,0.0,0.0,1.049727116351431,2.9742039280493193,1.6328480296028445,4.730687569382598,0.6477611940298508,0.0,335.0,0.0,0.0,336.0,0.0,0.3651474875161386,0.26021932391273117,-0.0009161002670226329,0.040634729575890906,1.0860022719339504,-0.011864457367110504,-0.38446930889578024,0.05937968832248275,0.1374996908429278,1.0,,4.0,0.6614762203142042,0.1947273414120606,0.03413896780189485,0.35531571502222614
2010-07-01 00:00:00+00:00,-2.1669567840310586,-1.0867631261250705,-1.776502235387498,0.0,0.0,1.2276230300454272,2.859735502819858,1.4264549156800719,4.873206846221744,0.6417910447761194,0.0,335.0,0.0,0.0,336.0,0.0,0.4353989165471303,0.1162502664326086,0.002917971449068204,0.03423391757237121,0.971860449720342,-0.03743103565149042,-0.34537565849093355,0.05913475445385602,0.1691334873474437,1.0,,4.0,0.6184380724999773,0.19643749425569224,0.04784525981982243,0.34502972869156184
2010-08-01 00:00:00+00:00,-2.083409085944648,-1.0832989726634128,-1.7730380819258402,0.0,0.0,0.8718265951281757,2.906912674814514,1.2567399184800778,5.220189778735219,0.6417910447761194,0.0,335.0,0.0,0.0,336.0,0.0,0.4704623862637477,0.049655163646068624,0.004693336793901655,0.03127185061196894,0.8561807953612106,-0.04030764251370211,-0.3658941744715918,0.058869383593596294,0.04930100518845926,1.0,,4.0,0.5988817380003252,0.21591705956979318,0.03262366426093999,0.39921045487864615
2010-09-01 00:00:00+00:00,-2.033205384875645,-1.05714569683319,-1.7468848060956175,0.0,0.0,0.651052271722187,2.919893591693351,1.207593977541426,5.873853510846365,0.6358208955223881,0.0,335.0,0.0,0.0,336.0,0.0,0.4792875481258633,0.03113340430286868,0.005186440021744937,0.030448485390895518,0.8101726744331286,0.02197551514074192,-0.36085627974947254,0.05896692233682441,0.007172850076828219,1.0,,4.0,0.5480586105802723,0.21812645824482663,0.028506131165983578,0.40774678532366987
2010-10-01 00:00:00+00:00,-2.108230869181616,-1.0773058008862837,-1.7670449101487111,0.0,0.0,0.5820471058783947,2.9267070291254567,1.1979540163628546,5.765323240752685,0.6358208955223881,0.0,335.0,0.0,0.0,336.0,0.0,0.4785591174327989,0.031107472144693893,0.0051865947908490894,0.030447699848136375,0.8100846033104837,0.01186385972311843,-0.26220241668146116,0.05904064996412114,-0.004675976185434472,0.0,,4.0,0.5284954493247465,0.2314097050941112,-0.00694812462409905,0.46976753481232136
2010-11-01 00:00:00+00:00,-2.069447662775333,-1.0916105559993177,-1.781349665261745,0.0,0.0,0.6039764079934339,2.895142735798024,1.241873682424686,6.042380130957576,0.6298507462686567,0.0,335.0,0.0,0.0,336.0,0.0,0.4853317048690779,0.0208450699060862,0.005461171204295101,0.029990562213115874,0.7799716599084441,-0.002322369621546194,-0.2510090094124573,0.059176312843226234,-0.010680609305389055,0.0,,4.0,0.5263534928816499,0.2352647076225306,0.005416222643268104,0.4651131926017936
2010-12-01 00:00:00+00:00,-2.0324419160446916,-1.0763738177596582,-1.7661129270220857,0.0,0.0,0.5420888471999511,2.877965848144215,1.3110499487354885,5.816278912131148,0.6298507462686567,0.0,335.0,0.0,0.0,336.0,0.0,0.48367708139232884,0.020545469059723705,0.005467847872431046,0.029978134820772353,0.7789858568878391,0.09393400424810405,-0.1424874475512139,0.058339394489693795,-0.027756903094181773,0.0,,4.0,0.559963082725726,0.20377081486053245,-0.006773572014489776,0.4143152017355544
2011-01-01 00:00:00+00:00,-2.1052772774020045,-1.0566770048918706,-1.746416114154298,0.0,0.0,0.5214207819618382,2.836035664305656,1.3371233116143153,6.058886892669968,0.6238805970149254,0.0,335.0,0.0,0.0,336.0,0.0,0.4866748864259863,0.01844257731639906,0.005525276050769073,0.02988366356336702,0.7722438337990197,0.15852756281936387,-0.09430826772144307,0.05851152750186256,-0.014923415167850784,0.0,,4.0,0.5655666363224243,0.18425102341980332,-0.03448652805665392,0.4029885748962604
2011-02-01 00:00:00+00:00,-2.2074970802177427,-1.0381072463653267,-1.7278463556277541,0.0,0.0,0.4999432206815277,2.803322936448403,1.4314852712830288,5.790796219431994,0.6238805970149254,0.0,335.0,0.0,0.0,336.0,0.0,0.4855102953182796,0.01680351303518536,0.005567505993350203,0.029811765205229407,0.7667479799617397,0.18668796645048147,-0.03262299793709733,0.05837582366945961,-0.004838082106902064,0.0,,4.0,0.5615469644735762,0.18459704183147116,-0.03138092627993366,0.400575009942876
2011-03-01 00:00:00+00:00,-1.9957251636424311,-1.0787307268603814,-1.7684698361228088,0.0,0.0,0.5059149169382304,2.7680291921113054,1.5102298505405816,6.24144634385952,0.6179104477611941,0.0,335.0,0.0,0.0,336.0,0.0,0.47106261156339985,0.025536351749849067,0.0053275746432359045,0.03020507393022051,0.7937759889332892,0.15879111143872215,-0.08879162187184608,0.05816470302598195,0.03677446388142602,1.0,,4.0,0.5776551289123202,0.18387768412188013,-0.017859471302602542,0.3856148395463627
2011-04-01 00:00:00+00:00,-1.9545394087419505,-1.056034062328691,-1.7457731715911184,0.0,0.0,0.541495268744358,2.7264689077898208,1.5442022959469144,5.990137861065814,0.6179104477611941,0.0,335.0,0.0,0.0,336.0,0.0,0.4961763753265792,0.017952579275256456,0.005545022400371044,0.029857286613301063,0.7706095422215307,0.14195595292393115,-0.089935124772623,0.0581547503313367,0.01764875546604383,1.0,,4.0,0.6015355994804432,0.1792755294496618,-0.020819984764978344,0.3793710436643015
2011-05-01 00:00:00+00:00,-1.9005607203376949,-1.063730092198912,-1.7534692014613393,0.0,0.0,0.6011201215924634,2.7087143027596006,1.709683791118235,6.298202090393714,0.6119402985074627,0.0,335.0,0.0,0.0,336.0,0.0,0.47329545930420736,0.015829729868404408,0.005584263610127766,0.029774762210285126,0.7627889162084229,0.10042779778038913,-0.0343437926424528,0.05742983166959085,-0.014690214005946167,0.0,,4.0,0.5657904113060834,0.20606917932433413,0.020505641863657553,0.39163271678501055
2011-06-01 00:00:00+00:00,-1.8945355549004599,-1.1144816244392504,-1.8042207337016778,0.0,0.0,0.6153958054792347,2.6946145411308255,1.9684103431189233,6.083398962866044,0.6119402985074627,0.0,335.0,0.0,0.0,336.0,0.0,0.46441568130710337,0.046795181164352675,0.004764120539589585,0.031148386322638513,0.8493680579413689,0.04000872460211635,-0.0022942547874214014,0.05654824818517117,0.01122077741229699,1.0,,5.0,0.6184763777995367,0.07333803789250018,0.022710411078897527,0.12396566470610279
2011-07-01 00:00:00+00:00,-1.907004297308489,-1.06992104080283,-1.7596601500652573,0.0,0.0,0.6179685564320233,2.6723742643215527,1.7738763517091187,6.208813708165087,0.6059701492537314,0.0,335.0,0.0,0.0,336.0,0.0,0.4880317433303972,0.02867032022843243,0.005257488365644827,0.030335238481846886,0.8033521400769711,0.0349073603772867,0.0028218989012325224,0.05661623758952502,0.011781190247297957,1.0,,5.0,0.6279484572747083,0.06423256354692167,0.011214887029832817,0.1172502400640105
2011-08-01 00:00:00+00:00,-1.773568767181765,-1.208428603947534,-1.8981677132099615,0.0,0.0,0.6285061690003596,2.9729220759876567,1.8004604744437938,6.160529892994235,0.6059701492537314,0.0,335.0,0.0,0.0,336.0,0.0,0.008118959981343514,0.9790826335423599,-0.020064826996536982,0.0725982299193148,0.11555912049148744,-0.10720436535884303,-0.06120876046812462,0.05926391734685601,0.15214811054906274,1.0,,5.0,0.5238411006635645,0.10880118907227385,0.05019292123662938,0.16740945690791828
2011-09-01 00:00:00+00:00,-1.7961835909447263,-1.1926691081436593,-1.8824082174060868,0.0,0.0,0.6595423500847044,2.9222143752136507,1.8024583884862035,6.410087068411033,0.6,0.0,335.0,0.0,0.0,336.0,0.0,0.14481905286623215,0.7272105078151018,-0.013347189728912412,0.06139324731434858,0.7745762510548934,-0.1430692742970292,0.14547228804296264,0.04587963505009388,0.18698914949407364,1.0,,5.0,0.6028096513099999,0.08195071728127663,0.032019217667775615,0.1318822168947776
2011-10-01 00:00:00+00:00,-1.833944870505425,-1.1631531806693507,-1.8528922899317781,0.0,0.0,0.675385916691956,2.8954514847231803,1.5977286236635047,6.072516753777657,0.6,0.0,335.0,0.0,0.0,336.0,0.0,0.2691693222153605,0.43620427689307045,-0.005610100122506368,0.048463965804525014,1.0752036499761815,-0.09062063000345777,0.24889817844503792,0.044034439445218745,0.15341345363792414,1.0,,5.0,0.680069302127696,0.07088598026546426,0.02843914737406073,0.1133328131568678
2011-11-01 00:00:00+00:00,-1.849470968944741,-1.206668795934777,-1.8964079051972045,0.0,0.0,0.6509165181222838,2.8970441288299096,1.7059780658879746,6.302131199864062,0.5940298507462687,0.0,335.0,0.0,0.0,336.0,0.0,0.4133290180372098,0.19423032820156996,0.0008528224717870542,0.03769296003583555,1.050545365566129,-0.08808889975536083,0.2613440264479463,0.04406024833084925,0.11096078507009821,1.0,,5.0,0.575484160577006,0.059683155486193726,-0.000691795636212994,0.12005810660860039
2011-12-01 00:00:00+00:00,-1.8584385729349802,-1.278208070148034,-1.9679471794104615,0.0,0.0,0.6725373834379288,2.827630225428864,1.658492878955434,6.008240891653368,0.5940298507462687,0.0,335.0,0.0,0.0,336.0,0.0,0.43995753624936657,0.07922667849726554,0.003894188293517551,0.032594558615344923,0.914201192882117,-0.0723297621069463,0.2955911419963204,0.04385577360204621,0.11722290273867486,1.0,,5.0,0.4636000828345837,0.0520029159874357,-0.014516456481985816,0.11852228845685736
2012-01-01 00:00:00+00:00,-1.9016031164070053,-1.2639705886291541,-1.9537096978915816,0.0,0.0,0.6339352231960723,2.870090591182139,1.837502649397823,6.042638552527385,0.5880597014925373,0.0,335.0,0.0,0.0,336.0,0.0,0.4827951453640818,0.05494038513999926,0.004563366726369301,0.03149943716412201,0.8676550108634291,0.00610445680858529,0.41346443057132376,0.04154772206103912,0.1136775266328689,1.0,,5.0,0.4438344471249127,0.037032374551632295,0.0034491646717936045,0.070615584431471
2012-02-01 00:00:00+00:00,-1.935658530162347,-1.2384173358026458,-1.9281564450650732,0.0,0.0,0.6440112375658253,2.850735023677741,2.222518965480265,5.645996657127277,0.5880597014925373,0.0,335.0,0.0,0.0,336.0,0.0,0.46187513974987976,0.035701824919685286,0.005053799306057403,0.03065912275710598,0.8215828407586582,0.012716396996135693,0.5122269266198041,0.03955181482591474,0.09210433554780639,1.0,,5.0,0.4729431025458323,0.0023308207672368677,-0.03368773835988355,0.038349379894357286
2012-03-01 00:00:00+00:00,-1.9309971218097655,-1.2291139879758373,-1.9188530972382647,0.0,0.0,0.6761591257317292,2.8054902318198445,2.447029025262868,5.781791338429623,0.582089552238806,0.0,335.0,0.0,0.0,336.0,0.0,0.4989596760087508,0.02202165684832118,0.005440105985402964,0.03003583217110914,0.7834856712384405,0.14626457013168892,0.4204421838126047,0.035841654978130785,0.09540530334977859,1.0,,5.0,0.5721599532939982,-0.0011098338489716657,-0.039571278447779884,0.037351610749836534
2012-04-01 00:00:00+00:00,-1.9316626423695424,-1.278480927385078,-1.9682200366475053,0.0,0.0,0.6975187132425539,2.7733946088827532,2.2182760575313885,5.460528134103627,0.582089552238806,0.0,335.0,0.0,0.0,336.0,0.0,0.46571739503814896,0.01838483039644994,0.005511640383402171,0.02989149977041204,0.7708053957009914,0.15243185831314676,0.35627076556513515,0.034991658101695536,0.1142156117356441,1.0,,5.0,0.5146239636790921,0.008719767912962887,-0.02820385750759059,0.045643393333516344
2012-05-01 00:00:00+00:00,-1.981766760694386,-1.3127663609843632,-2.0025054702467906,0.0,0.0,0.7778163353686791,2.767122467326828,1.9866617522492647,5.672084286750333,0.5761194029850746,0.0,335.0,0.0,0.0,336.0,0.0,0.4781465871829796,0.0384840588126758,0.004992451596016365,0.030774080279626737,0.8295539919555717,0.09041355995987743,0.30694685431955726,0.03567950878726351,0.18745764624222172,1.0,,5.0,0.4882486368430884,0.01550337891732588,-0.03067937340390557,0.06168613123855728
2012-06-01 00:00:00+00:00,-1.8925713899735659,-1.3192957693573166,-2.009034878619744,0.0,0.0,0.9386770355276182,2.684250334401926,2.27649876930232,5.337540666406991,0.5761194029850746,0.0,335.0,0.0,0.0,336.0,0.0,0.47110838761160745,0.028204996658358066,0.005257480014707248,0.030323052657796855,0.8015928600768436,0.0619101113198024,0.28305962902284065,0.03584395961188846,0.18401083003021057,1.0,,5.0,0.4884283229671683,-0.0025900878348749778,-0.07717189424465395,0.07199171857490397
2012-07-01 00:00:00+00:00,-1.8701445801314824,-1.2923130334507325,-1.9820521427131599,0.0,0.0,0.6297439195127503,2.6994566113344556,1.7329839792839548,5.903143626988589,0.5701492537313433,0.0,335.0,0.0,0.0,336.0,0.0,0.49373963652981034,0.02183099149721434,0.005441342054153989,0.030029989208732462,0.783052706930551,0.07444545371876643,0.23797145197459546,0.03418539279870232,0.1852910244080581,1.0,,5.0,0.4442223869965947,0.020788016884616754,-0.02337319214632086,0.06494922591555438
2012-08-01 00:00:00+00:00,-1.8904820391440678,-1.276819091740375,-1.9665582010028024,0.0,0.0,0.6451977106944405,2.663216987723399,1.2317114895932173,5.525507849224514,0.5701492537313433,0.0,335.0,0.0,0.0,336.0,0.0,0.47621260238481855,0.01818668277176733,0.005524435871135263,0.02987753514894323,0.7709967627948352,0.05986716035807049,0.2307532673325694,0.034042430996344526,0.1588751064880629,1.0,,5.0,0.44615175437784244,0.020236285426554482,-0.027678460846347404,0.06815103169945634
2012-09-01 00:00:00+00:00,-1.96064595719377,-1.2614564789204077,-1.9511955881828351,0.0,0.0,0.7161157168496165,2.6191142719334346,1.1768907643302073,5.594859247288206,0.564179104477612,0.0,335.0,0.0,0.0,336.0,0.0,0.41708181853480314,0.01701817058458451,0.005949801306984026,0.029572301483703302,0.7562381138362626,0.0487579573039465,0.23346767550722802,0.03407910169229503,0.1442533606987837,1.0,,5.0,0.5065331867812531,0.022265695534117745,-0.02630347894215226,0.07083487001038788
2012-10-01 00:00:00+00:00,-1.9800291782598554,-1.2755558683098163,-1.9652949775722437,0.0,0.0,0.7428477316754629,2.563170013528136,1.9264962786355242,5.3310832360325895,0.564179104477612,0.0,335.0,0.0,0.0,336.0,0.0,0.548283375961837,0.01950371618753665,0.005950637962712311,0.029623392658067318,0.7688432585775974,0.026018359753040343,0.2117416699781396,0.034060276743363926,0.16962145114489147,1.0,,5.0,0.47421848667725786,0.01820271233951611,-0.029220861613340428,0.06562628629237266
2012-11-01 00:00:00+00:00,-2.0603076863024365,-1.306846784937565,-1.9965858941999923,0.0,0.0,0.8746560323356449,2.5132437747677536,2.2779300655021406,5.595495760288373,0.5582089552238806,0.0,335.0,0.0,0.0,336.0,0.0,0.4049336793863186,0.030783490661864366,0.005562351103128489,0.03017993814026828,0.7961059101331283,0.005223129848693553,0.16384264466380216,0.03435888080787976,0.23375842605453112,1.0,,5.0,0.5098571245520273,0.010310792755935312,-0.05286805617803937,0.07348964168990997
2012-12-01 00:00:00+00:00,-2.0360494473483772,-1.276910428127388,-1.9666495373898154,0.0,0.0,0.8091709269825625,2.4872586816133406,3.029724968429892,5.386072962652498,0.5582089552238806,0.0,335.0,0.0,0.0,336.0,0.0,0.5553114065271221,0.02323091933735373,0.005851204726019096,0.029783386516370566,0.7782043236051639,0.059583354637674724,0.17785975351911443,0.03448497871812992,0.2249285566932402,1.0,,5.0,0.5207231955837465,-0.007902401575924176,-0.07416754513506603,0.058362741983217684
2013-01-01 00:00:00+00:00,-2.105198449985408,-1.2433896043759922,-1.9331287136384196,0.0,0.0,0.6811670603820472,2.48445693418567,3.0881387377531273,5.647248705828881,0.5522388059701493,0.0,335.0,0.0,0.0,336.0,0.0,0.40939952529582907,0.02257561105411546,0.0057919027030615,0.029818842033347517,0.7724706615621486,0.1085612060291572,0.24631388565827184,0.034297959175810584,0.19215616816109016,1.0,,5.0,0.5540794098960515,0.006048777654445169,-0.045532198856594625,0.05762975416548493
2013-02-01 00:00:00+00:00,-2.1936329858362518,-1.1937205744858064,-1.8834596837482338,0.0,0.0,0.7145641658386169,2.4621448679877034,3.297956136614001,5.197323458930064,0.5522388059701493,0.0,335.0,0.0,0.0,336.0,0.0,0.5563350898746963,0.01929033260636047,0.0059608173842570665,0.029610517390079454,0.766135322120457,0.09303954229664413,0.2074468914119718,0.03341600289042673,0.17236876031850912,1.0,,5.0,0.5671998788409603,0.011795942199535139,-0.04765023904752179,0.07124212344659205
2013-03-01 00:00:00+00:00,-2.1650891667576815,-0.9989224651831882,-1.6886615744456157,0.0,0.0,0.7284699506546192,2.4473993519944304,3.7305658899681293,5.279659013085514,0.5462686567164179,0.0,335.0,0.0,0.0,336.0,0.0,0.41417078503183086,0.016036263725010717,0.005975433997698495,0.02953061783752939,0.7518566907077736,0.08952176293240477,0.1931797350796307,0.0331138625312247,0.16866776868912403,1.0,,5.0,0.6833069880775332,0.011067087164784193,-0.035444895839316974,0.05757907016888533
2013-04-01 00:00:00+00:00,-2.1516186790527785,-0.907932111574391,-1.5976712208368185,0.0,0.0,0.7245552874480535,2.3984574111667087,3.6525931979855226,4.925684834861549,0.5462686567164179,0.0,335.0,0.0,0.0,336.0,0.0,0.5558155807999458,0.017174377077666995,0.006019108047487331,0.029518162700820333,0.7596065854857285,0.07965832055471722,0.26997403948019016,0.03090943452934322,0.15200188523313063,1.0,,5.0,0.6524704494025559,0.022444301022482113,-0.02006395265252975,0.06495255469749397
2013-05-01 00:00:00+00:00,-2.255608532283911,-0.4872507291125473,-1.1769898383749746,0.0,0.0,0.6906782588592463,2.4090896877357637,3.364270260507715,4.916085566080127,0.5402985074626866,0.0,335.0,0.0,0.0,336.0,0.0,0.411865056862064,0.022440382065660576,0.005796954166514197,0.029811841526353446,0.7728293032591964,0.12445775256417502,0.3480638799094251,0.030417040702681763,0.1208070462390225,1.0,,5.0,0.6467515172035586,0.02372872559860109,-0.02928992267082038,0.07674737386802252
2013-06-01 00:00:00+00:00,-2.143106317237424,-0.5955501827855546,-1.285289292047982,0.0,0.0,0.677561484431432,2.365881567488854,4.165389068085228,5.80176555832918,0.844776119402985,0.0,335.0,0.0,0.0,336.0,0.0,0.5429847243601623,0.027581430587752608,0.0057242471390769045,0.029979159442982302,0.7936160281193,0.13496015627991476,0.33623383659520734,0.030635806699969195,0.16415925280768118,1.0,,5.0,0.6049379483873312,0.017269056592668898,-0.05351419730733747,0.08805231049267523
2013-07-01 00:00:00+00:00,-2.0892055240751795,-0.2555367745700569,-0.9452758838324844,0.0,0.0,0.7985316974219562,2.329796732067595,3.039385718116003,4.795044414584245,0.33134328358208953,0.0,335.0,0.0,0.0,336.0,0.0,0.42025321072309285,0.021234737978416178,0.00583477638624747,0.029755402325352943,0.7714368912470739,0.14251357538814968,0.3606809714209662,0.03081815379785143,0.14784901907929893,1.0,,5.0,0.63088961671823,0.008217576542485682,-0.02973606752930143,0.046171220614272784
2013-08-01 00:00:00+00:00,-2.0729935356329885,-0.3413060650211821,-1.0310451742836095,0.0,0.0,0.9831016591303902,2.265409513886066,2.6689788500305385,5.437831670175331,0.8388059701492537,0.0,335.0,0.0,0.0,336.0,0.0,0.5436127601776566,0.020017719392189926,0.005933932307306886,0.029647935455356052,0.7715002313271204,0.10506474021326451,0.3294031107307944,0.030655822053148544,0.14399613446192472,1.0,,5.0,0.5222470601719584,-0.004343810964016731,-0.08856021447386118,0.0798725925458277
2013-09-01 00:00:00+00:00,-2.2983126728366794,-0.2898284830601742,-0.9795675923226017,0.0,0.0,1.0847891630332955,2.192110183874024,2.36571175159252,5.409073330076101,0.3253731343283582,0.0,335.0,0.0,0.0,336.0,0.0,0.42552833382459027,0.015657391880720607,0.005991948387646502,0.029509048763165107,0.7538616699849976,0.1009069824549238,0.2964900141437772,0.03012940727283714,0.15026312007080111,1.0,,5.0,0.5333943222725325,-0.03694372509231437,-0.11686191642573368,0.04297446624110494
2013-10-01 00:00:00+00:00,-2.308456039744389,-0.12864650080832737,-0.8183856100707548,0.0,0.0,1.0157789003454734,2.1903744145923385,3.458157039843925,5.205471797409828,0.8328358208955224,0.0,335.0,0.0,0.0,336.0,0.0,0.5448531889078326,0.017673290194558364,0.005999480822393982,0.02954481047423063,0.7638566262928185,0.10023450754815322,0.2957366122493301,0.03011926712082956,0.10243062739039832,1.0,,5.0,0.5373582027356044,-0.007066451543603745,-0.09637728199448216,0.08224437890727462
2013-11-01 00:00:00+00:00,-2.199848213232049,0.16337935235522436,-0.526359756907203,0.0,0.0,0.9356319247797341,2.1918908031818036,3.87480249610425,4.562723704546696,0.3194029850746269,0.0,335.0,0.0,0.0,336.0,0.0,0.4232909992457961,0.02118244866545308,0.005837835921963922,0.029751779312346162,0.772110917217151,0.12476594416758058,0.3008059793996667,0.030253838408640904,0.12345242560013414,1.0,,5.0,0.615188172454931,0.0017536134049275594,-0.05437345261295929,0.05788067942281437
2013-12-01 00:00:00+00:00,-2.079836496564065,0.17816690322818213,-0.5115722060342454,0.0,0.0,1.0393110914899015,2.1172577631112963,3.607683275399415,4.881749435668961,0.826865671641791,0.0,335.0,0.0,0.0,336.0,0.0,0.5435540785902905,0.01857126772073284,0.005973936712633845,0.029584672177172013,0.7669991867185719,0.09705426508869319,0.28659058217875444,0.030083307437033247,0.12028319000545906,1.0,,5.0,0.4963259404778912,-0.01247534802349851,-0.09526924754976604,0.07031855150276897
2014-01-01 00:00:00+00:00,-2.236947599431585,0.12417757848117354,-0.5655615307812539,0.0,0.0,0.9403581988399498,2.0825423490085835,3.1409409605959193,4.314291696415565,0.31343283582089554,0.0,335.0,0.0,0.0,336.0,0.0,0.42572585793119666,0.015569511380007478,0.0059944856163977175,0.029505116765688455,0.7536010270652648,0.11670654416003678,0.26625241430476265,0.02995196370804945,0.1078994920472196,1.0,,5.0,0.5562001124004327,-0.010533100844213583,-0.07677709309397221,0.055710891405545006
2014-02-01 00:00:00+00:00,-2.2938434952019846,0.019974924026992413,-0.669764185235435,0.0,0.0,0.7732209493365967,2.068130943261573,3.8619765478446735,4.983179749501796,0.8208955223880597,0.0,335.0,0.0,0.0,336.0,0.0,0.5393926341761034,0.019800303651739806,0.005937710288100869,0.02964027724069589,0.7717174518309029,0.08011727820709513,0.2820071381893392,0.02960453644748842,0.1364674044209,1.0,,5.0,0.5325241412366446,-0.009296785933570592,-0.08185027843555928,0.06325670656841809
2014-03-01 00:00:00+00:00,-2.1017432047699405,0.2671152549689265,-0.4226238542935009,0.0,0.0,0.7261161102654374,2.033038023129571,3.9794139995285622,4.088701547192968,0.5104477611940299,0.0,335.0,0.0,0.0,336.0,0.0,0.43053095086758636,0.016038547802624037,0.005984053623564543,0.029523527476282462,0.7565274840209015,0.09931442513346589,0.28676158294032916,0.029643894275711027,0.11063183928853437,1.0,,5.0,0.6551401787104698,0.01909562199912192,-0.033122967684880114,0.07131421168312395
2014-04-01 00:00:00+00:00,-2.274601364693293,0.22630419004101357,-0.4634349192214139,0.0,0.0,0.6812061149092651,2.067048193759399,3.337418181000436,4.899487917502604,0.8149253731343283,0.0,335.0,0.0,0.0,336.0,0.0,0.5359725267943087,0.018671488833300123,0.00596713898310303,0.029592389418060253,0.7688380801750274,0.08740684508906416,0.2834690614524522,0.02967457014193052,0.11862041811710089,1.0,,5.0,0.45986670826957887,-0.015381509076172868,-0.08066087897739693,0.049897860825051175
2014-05-01 00:00:00+00:00,-2.2442988917549282,0.2508423546444938,-0.43889675461793365,0.0,0.0,0.6493547638332384,2.0482970349608527,3.700657318864854,4.004897776511204,0.48059701492537316,0.0,335.0,0.0,0.0,336.0,0.0,0.4341118013093915,0.015369822333947614,0.006004463380256331,0.029492693804065818,0.7550219803685058,0.07564334765830605,0.3313712353055198,0.02857999990786682,0.11155045260882002,1.0,,5.0,0.5404432199930322,0.017602946687400832,-0.04252585680178961,0.07773175017659127
2014-06-01 00:00:00+00:00,-2.1961735288736945,0.4417032346024846,-0.2480358746599428,0.0,0.0,0.6588965664835146,1.981239362547296,3.475539054865352,4.748909774587859,0.808955223880597,0.0,335.0,0.0,0.0,336.0,0.0,0.535752781346341,0.018867428373461885,0.005961599053392014,0.02960105927341358,0.7694992047624754,0.06536098303306481,0.3312596020554448,0.028577861953648913,0.07402542505291354,1.0,,5.0,0.5033848705872922,-0.019696984142407382,-0.08836176133331973,0.048967793048504946
2014-07-01 00:00:00+00:00,-2.0965723434018977,0.48018665134380956,-0.20955245791861787,0.0,0.0,0.7039925952290159,2.0039475257861072,3.495365745545814,3.786201320272337,0.2955223880597015,0.0,335.0,0.0,0.0,336.0,0.0,0.43456517269385037,0.01544890380104013,0.006002515145525734,0.029495954733539324,0.7554119745586689,0.06543403777420842,0.4592289853118059,0.018784961522948413,0.057842971098897245,1.0,,5.0,0.5203508465188453,0.012599696481391469,-0.029943933041167235,0.055143326003950166
2014-08-01 00:00:00+00:00,-1.9124622243383926,0.33813350763425454,-0.3516056016281729,0.0,0.0,0.7143868533811775,1.9071185354956859,3.1052986198654144,4.70425587467189,0.8029850746268656,0.0,335.0,0.0,0.0,336.0,0.0,0.5318811845798294,0.01874455906417073,0.005962945110153677,0.02959738473136794,0.7697937315442235,0.05690470651409907,0.4662263951158909,0.018554247256938567,0.03721014172948678,1.0,,5.0,0.5340796255173899,-0.010872897514677807,-0.0841707602067101,0.06242496517735445
2014-09-01 00:00:00+00:00,-1.8615701907217876,0.4090666569931882,-0.2806724522692392,0.0,0.0,0.6982399560016548,1.8254776282783471,2.073994606238,3.9024226230130297,0.28955223880597014,0.0,335.0,0.0,0.0,336.0,0.0,0.43855024169006585,0.015564906273107216,0.006001419375437563,0.029499278948038637,0.7567310673940147,0.0788013422072158,0.45142911040001277,0.01832843104603842,-0.02443537620675773,0.0,,5.0,0.5158868408936962,0.005573292108319637,-0.03240894579510571,0.04355553001174499
2014-10-01 00:00:00+00:00,-1.863963118499626,0.07491599313288577,-0.6148231161295417,0.0,0.0,0.6785660360296178,1.80431097702842,2.132905591947067,4.740483135308428,0.7970149253731343,0.0,335.0,0.0,0.0,336.0,0.0,0.5125283437722475,0.03331392118246992,0.005549416505930956,0.030243368481369215,0.8143717591053417,0.03399736624942751,0.4088478489451175,0.019452994968503626,0.04249505449102031,1.0,,5.0,0.5297318674501121,-0.0018722013262488972,-0.07905987727069472,0.07531547461819688
2014-11-01 00:00:00+00:00,-1.5988169800898022,0.556030818143827,-0.1337082911186004,0.0,0.0,0.6412019548250161,1.814936557316482,1.3866605558363052,3.647487279462429,0.2835820895522388,0.0,335.0,0.0,0.0,336.0,0.0,0.4234436423466879,0.06203112593984555,0.00470728860325226,0.031539034122480374,0.8782413033462562,0.09621648453458409,0.4520153080939826,0.021048110557257017,0.012470868958442516,1.0,,5.0,0.5143132725168014,0.052506709073089505,0.00572466704201352,0.09928875110416546
2014-12-01 00:00:00+00:00,-1.529003078865056,0.5787225441403393,-0.11101656512208813,0.0,0.0,0.7184484510126582,1.8702732286351775,1.3352543880122028,4.665550727207646,0.7910447761194029,0.0,335.0,0.0,0.0,336.0,0.0,0.5163651553034212,0.03154135949306367,0.005600514591742353,0.030164124283955547,0.8092100414649216,0.09653040885512976,0.4217971873520643,0.020489859528758553,-0.007360359421576312,0.0,,5.0,0.5702586567422595,-0.006851465105060768,-0.06898842190239217,0.05528549169227062
2015-01-01 00:00:00+00:00,-1.3285619667461925,0.4042008774437334,-0.28553823181869403,0.0,0.0,0.9499649207157048,2.275831603220898,1.1695397033658426,3.5450940608560253,0.43283582089552236,0.0,335.0,0.0,0.0,336.0,0.0,0.43886080093776625,0.02396954350508493,0.005768956814018119,0.029866884894857285,0.7846829942451102,0.06044678339957521,0.3789899884588843,0.020372789649558902,-0.06918190148264891,0.0,,5.0,0.5522288917283795,0.041021977496371334,-0.027322381808801255,0.10936633680154384
2015-02-01 00:00:00+00:00,-1.2564898085561076,0.5214432402133039,-0.16829586904912353,0.0,0.0,1.216068103924444,2.841771125818498,0.45061244918598414,4.747742557238266,0.7850746268656716,0.0,335.0,0.0,0.0,336.0,0.0,0.5263260775392576,0.020104182827579517,0.005922364556174999,0.02965931614257263,0.7749527887068708,0.0687356635486962,0.3817000787288132,0.020410816780661947,-0.09937494706111138,0.0,,5.0,0.5283467174577718,-0.06608895835128172,-0.14028644661239253,0.008108529909829174
2015-03-01 00:00:00+00:00,-1.3875737282553215,0.38197116476694737,-0.30776794449548006,0.0,0.0,1.1824365236378962,2.8128027992947917,0.4502568884563921,3.4897548136703023,0.42686567164179107,0.0,335.0,0.0,0.0,336.0,0.0,0.43781817978419246,0.01902421377594241,0.005905282555822481,0.02965096167506073,0.7685107282603213,0.06595012996007554,0.3797446667628197,0.020458367581097113,-0.036790472453259504,0.0,,5.0,0.5523573363708936,-0.026477966140059365,-0.07481249937785607,0.021856567097737332
2015-04-01 00:00:00+00:00,-1.2845652283305495,0.34049571941160106,-0.34924338985082637,0.0,0.0,1.1524046335236116,2.8258626488163183,0.674196425512279,4.725117736286247,0.7791044776119403,0.0,335.0,0.0,0.0,336.0,0.0,0.5293382016327429,0.01794103747523417,0.00598383570774469,0.02956334452201796,0.7676336445481079,0.05576414313536393,0.41677969357549927,0.019092152785588696,-0.020455199359958876,0.0,,5.0,0.5372127181325494,-0.031052411947162923,-0.08387161962955578,0.021766795735229917
2015-05-01 00:00:00+00:00,-1.2292055945091849,0.2915673278503319,-0.3981717814120955,0.0,0.0,1.2325479214879957,2.7104378622591483,0.5236679571330671,3.4899783901613315,0.4208955223880597,0.0,335.0,0.0,0.0,336.0,0.0,0.43977572040397794,0.015843077411148283,0.005994370427159951,0.029510911646163512,0.7579826745060828,0.08476317287672774,0.43170091050204284,0.01870794736484759,-0.03235270121397438,0.0,,5.0,0.5098831377631264,-0.059269741163097175,-0.13034533911743212,0.011805856791237745
2015-06-01 00:00:00+00:00,-1.2380535940664257,0.1389340219664953,-0.5508050872959321,0.0,0.0,1.3239135673577862,2.5633751397926576,0.4383876759557105,4.8069096566065195,0.7731343283582089,0.0,335.0,0.0,0.0,336.0,0.0,0.5240210532373771,0.020686843486870696,0.005905014060914511,0.02968582334811578,0.7770947272302416,0.01593398248584421,0.3935038368610604,0.018839329755697205,-0.017285624861349547,0.0,,5.0,0.507812652343114,-0.06768725568159047,-0.1435391074174714,0.008164596054290471
2015-07-01 00:00:00+00:00,-1.1134805921994317,0.04977665259083301,-0.6399624566715945,0.0,0.0,1.600251443828399,2.120096100259453,0.36942262460697917,3.7226137412730176,0.25970149253731345,0.0,335.0,0.0,0.0,336.0,0.0,0.4414055243510149,0.01793590240140893,0.005937309249329794,0.029601766290389714,0.7655843106200254,0.0029938188676466027,0.3649238458616404,0.018797587613940347,0.017575936060725716,1.0,,5.0,0.5183202833105351,-0.06831342409153686,-0.1545003413646338,0.01787349318156005
2015-08-01 00:00:00+00:00,-1.2650263458140154,-0.19446492216158295,-0.8842040314240104,0.0,0.0,1.6354596660550667,1.8394729143878992,0.1369711139070535,4.905037098392565,0.7671641791044777,0.0,335.0,0.0,0.0,336.0,0.0,0.5091320001001912,0.03325451147434378,0.005549258330396024,0.030242261721612353,0.8146027643097703,-0.013784643803633756,0.31644738735130407,0.019566016455028437,0.051706329711757704,1.0,,5.0,0.6008425013950848,-0.051733985141794385,-0.1689453518109634,0.06547738152737462
2015-09-01 00:00:00+00:00,-1.4103575067026788,-0.5496716889137331,-1.2394107981761606,0.0,0.0,1.1541386665623476,2.36667733212443,0.23184733614589004,3.9503791634818164,0.408955223880597,0.0,335.0,0.0,0.0,336.0,0.0,0.39291546132660343,0.1033926023078326,0.0035462645356788246,0.033362210542878225,0.94709408817598,-0.08210143842044193,0.2735802805553309,0.02160911080614709,0.0895452273204711,1.0,,5.0,0.6130708552627562,0.03417770934498386,-0.037541339483992194,0.10589675817395991
2015-10-01 00:00:00+00:00,-1.197862802192888,-0.3483622364033957,-1.0381013456658232,0.0,0.0,0.7622106936904991,2.85769375925616,0.1893431949832255,5.037495431669883,0.7611940298507462,0.0,335.0,0.0,0.0,336.0,0.0,0.5062943802657508,0.06943990824340647,0.004546196392673204,0.031826790282494855,0.8935827507185171,-0.03413941854808655,0.3403821183660396,0.021499273569738672,0.04051206886078873,1.0,,5.0,0.5329344185223752,0.09449831723539427,0.026393260551012265,0.1626033739197763
2015-11-01 00:00:00+00:00,-1.1193193825555,-0.22629476283831457,-0.9160338721007419,0.0,0.0,0.8897463950253797,2.751068683637705,0.16504571697645778,3.466257737735642,0.755223880597015,0.0,335.0,0.0,0.0,336.0,0.0,0.4260659025524392,0.03739555786075978,0.0053905548136545895,0.030459959580043126,0.8204502769204661,-0.009933064624074284,0.34726327431375026,0.02164970030097668,0.022967245303585848,1.0,,5.0,0.5366506817533172,0.06782482353169257,0.003637086267976833,0.13201256079540824
2015-12-01 00:00:00+00:00,-1.1546064858023957,-0.3174811506297089,-1.0072202598921363,0.0,0.0,0.8230221945342497,2.714376347002628,0.1691417843041441,5.032633572444211,0.755223880597015,0.0,335.0,0.0,0.0,336.0,0.0,0.5227535686084873,0.029376455747458972,0.005663826313949583,0.030066591844761372,0.8024614075323712,-0.022380403175266572,0.3007593012976191,0.021358220900087693,0.06906809791854585,1.0,,5.0,0.5823499728984168,0.06756423174945199,-0.0009531117979068443,0.13608157529681086
2016-01-01 00:00:00+00:00,-1.4316666304777848,-0.7405829964767726,-1.4303221057392,0.0,0.0,0.750693009676109,2.7395186712233914,0.20923410170012205,3.7866318982605485,0.3970149253731343,0.0,335.0,0.0,0.0,336.0,0.0,0.26194491522555313,0.36016648616938335,-0.0036303503184065304,0.044654838157354354,1.086449432611679,-0.08276054313598724,0.21770375142842902,0.025117818457633542,0.1457442856649127,1.0,,5.0,0.5860989674809531,0.11473096772502359,0.06925440132923787,0.16020753412080938
2016-02-01 00:00:00+00:00,-1.3831680309480126,-0.793202253578163,-1.4829413628405903,0.0,0.0,0.7105450107528577,2.7024791707756055,0.3159717094374203,5.146254970682657,0.7492537313432835,0.0,335.0,0.0,0.0,336.0,0.0,0.45363402862853613,0.1801398384157126,0.0014542447307873483,0.03669357751742583,1.035220939833571,-0.08848225461131243,0.1869198283179232,0.025068418940049794,0.17464324971583878,1.0,,5.0,0.5840914336903857,0.09215045983090085,0.022591372859287445,0.1617095468025142
2016-03-01 00:00:00+00:00,-1.1907634373345906,-0.6010878284320973,-1.2908269376945247,0.0,0.0,0.7164111730811433,2.696741089147931,0.11196032974797118,3.5632060395693896,0.39104477611940297,0.0,335.0,0.0,0.0,336.0,0.0,0.3536657805314075,0.17109214562619132,0.0016516146620665236,0.03634163446322445,1.0232208015273296,-0.00805048422267074,0.2287385825739161,0.026441042449371142,0.1339597832454258,1.0,,5.0,0.5446928847603565,0.1088697606806602,0.045274010143905224,0.17246551121741524
2016-04-01 00:00:00+00:00,-1.1761577463387656,-0.5411025836916088,-1.2308416929540362,0.0,0.0,0.762346330198022,2.677565796942695,0.03803810985455206,5.038112990225339,0.7432835820895523,0.0,335.0,0.0,0.0,336.0,0.0,0.5125185122173093,0.07418601635780138,0.004418134785549199,0.032031719342578424,0.9007327657466416,0.059744319982162786,0.20886684797331867,0.025879985227463577,0.1063917695129204,1.0,,5.0,0.5579792176229204,0.09706172758809721,0.026611406045300656,0.1675120491308937
2016-05-01 00:00:00+00:00,-1.303380699541258,-0.6138435435390366,-1.303582652801464,0.0,0.0,0.5895102647116259,2.7464363933769036,0.0334081903906877,3.5879088545281657,0.3850746268656716,0.0,335.0,0.0,0.0,336.0,0.0,0.41089061659213694,0.0411284626063645,0.0052791797793330245,0.03062996127780132,0.8263195376786113,0.009915417171733054,0.2153373792578579,0.025746117844994046,0.12956004237712992,1.0,,5.0,0.5296884427251919,0.08098016398456032,0.03330085999780082,0.12865946797131977
2016-06-01 00:00:00+00:00,-1.2353447994539255,-0.6115213508422227,-1.30126046010465,0.0,0.0,0.5996218335490696,2.6885609176421497,0.14078792382283914,5.086291002931682,0.7373134328358208,0.0,335.0,0.0,0.0,336.0,0.0,0.5417569384645379,0.025546013084590254,0.005779932729684899,0.02989063995940346,0.7882254222768208,-0.013822511333947851,0.19092718759165273,0.025410332601391996,0.1390928323585019,1.0,,5.0,0.5400817592755017,0.05806605725498878,-0.00253617629190845,0.1186682908018859
2016-07-01 00:00:00+00:00,-1.2619216325711602,-0.4791261356989813,-1.1688652449614088,0.0,0.0,0.6558580532699383,2.6374092378264207,0.1207063614616751,3.497388564588814,0.7313432835820896,0.0,335.0,0.0,0.0,336.0,0.0,0.42236591522433625,0.021486307639713945,0.005828934603927323,0.029765481147522053,0.7728485285312263,0.02793011434994863,0.2236246754343032,0.025788623846631893,0.11567062814306972,1.0,,5.0,0.517551070788107,0.04501818553079995,0.0018275448928913446,0.08820882616870854
2016-08-01 00:00:00+00:00,-1.2799340852921621,-0.4655619342992621,-1.1553010435616895,0.0,0.0,0.6574155361179678,2.5992500725154133,0.24837064535726341,5.01607466193199,0.7313432835820896,0.0,335.0,0.0,0.0,336.0,0.0,0.5437841317884906,0.01870516225741936,0.005970352814885836,0.029590429584879153,0.7673719177186503,0.10710358739077286,0.22390035636427807,0.025789490627783188,0.10425602276916646,1.0,,5.0,0.5794472381966586,0.04285692690064838,-0.005930881841772033,0.09164473564306883
2016-09-01 00:00:00+00:00,-1.151030045540973,-0.5448194884176064,-1.2345585976800337,0.0,0.0,0.5944504819221823,2.5650081687577977,0.3238325431689533,3.5114393289120525,0.7253731343283583,0.0,335.0,0.0,0.0,336.0,0.0,0.4211535741827403,0.018609928314241676,0.005907904916692182,0.029640158837967123,0.7629378154096933,0.10681873596114055,0.19350405673091053,0.02576494107286266,0.12230185769190527,1.0,,5.0,0.5483684695884469,0.014380402771200758,-0.03597551554434536,0.06473632108674686
2016-10-01 00:00:00+00:00,-1.259949534657111,-0.6161764947826415,-1.3059156040450688,0.0,0.0,0.683137161127641,2.4785459198043878,0.15820346082854317,5.036363380846863,0.7253731343283583,0.0,335.0,0.0,0.0,336.0,0.0,0.5411224854742569,0.021611556346129778,0.005888495694994043,0.02971876780081972,0.7768909998846346,0.04316312276596168,0.1471357611722972,0.025216474425396356,0.15641156827804625,1.0,,5.0,0.6023578248018366,0.05672271205714838,0.0038068255200145104,0.10963859859428221
2016-11-01 00:00:00+00:00,-1.2321731068631188,-0.5810416265593421,-1.2707807358217695,0.0,0.0,0.6709787656707765,2.4406393072536847,0.19017143768354444,3.508746310996967,0.7194029850746269,0.0,335.0,0.0,0.0,336.0,0.0,0.8508037113965181,0.14497037757450362,0.008943911143392854,0.026623004568212857,0.44053918670412584,0.03348938003947044,0.14530196292409592,0.025198300160378297,0.15884928026926382,1.0,,5.0,0.4675021595645906,0.11236756618616578,0.06296726107136688,0.1617678713009645
2016-12-01 00:00:00+00:00,-1.3278993116966271,-0.41914234412034407,-1.1088814533827716,0.0,0.0,0.6746413654597119,2.442935575005078,0.22313207267995794,5.009778958444621,0.7194029850746269,0.0,335.0,0.0,0.0,336.0,0.0,0.9246257934854258,0.07075567832412613,0.0112553101114389,0.026002860882058113,0.2846943510325926,0.07904039595725365,0.17767123105507476,0.025791682625571542,0.14965273913694066,1.0,,5.0,0.47130611451330157,0.11000448764205284,0.029204195245848164,0.1908047800382576
2017-01-01 00:00:00+00:00,-1.2829598674160985,-0.42034954038611,-1.1100886496485374,0.0,0.0,0.6746057557884634,2.42065255216949,0.4780526072156094,3.5547163443845604,0.7134328358208956,0.0,335.0,0.0,0.0,336.0,0.0,0.907175867066854,0.09024606094513536,0.010706027029238634,0.026035777163058535,0.32080447606985063,0.08026936739027501,0.1910792767748326,0.025712339501006144,0.18344479807262548,1.0,,5.0,0.45192737333034877,0.08165367343543452,0.0212625932076813,0.1420447536631877
2017-02-01 00:00:00+00:00,-1.048191066962922,-0.33205137127715717,-1.0217904805395845,0.0,0.0,0.7213187988292858,2.3511319998190445,0.4719196484188937,4.977236418979078,0.7134328358208956,0.0,335.0,0.0,0.0,336.0,0.0,0.9272568672399633,0.07047707341588212,0.011334143527432386,0.02584264294404127,0.2707685767841901,0.06858505904380063,0.19289530934463794,0.025741951376074206,0.12745405424361334,1.0,,5.0,0.44931926467443883,0.09806595845242164,0.031524566422918135,0.1646073504819251
2017-03-01 00:00:00+00:00,-0.8954736756747129,-0.28172906940846143,-0.9714681786708889,0.0,0.0,0.68059853012525,2.313834411523802,0.32139532446614794,3.5793750522138703,0.7074626865671642,0.0,335.0,0.0,0.0,336.0,0.0,0.9257023208769306,0.07238857981569356,0.011284947481526272,0.025835350953563246,0.27349088054435877,0.07420296931099735,0.21069648058621127,0.025746825305366365,0.10940429547844044,1.0,,5.0,0.40465244284909646,0.10065397556681945,0.040678920663047895,0.16062903047059088
2017-04-01 00:00:00+00:00,-0.8372973739737845,-0.3618984445343229,-1.0516375537967504,0.0,0.0,0.6934257062422372,2.3185703922524086,0.20192939511631733,5.010616196173887,0.7074626865671642,0.0,335.0,0.0,0.0,336.0,0.0,0.8586514068390559,0.13889348125109913,0.009186909228872275,0.026451293469972846,0.41978841384921894,0.07659086217461208,0.19445157124721657,0.025817336793638384,0.09323050120456422,1.0,,5.0,0.4454757622136188,0.12722701681905002,0.06891302704907035,0.18554100658902967
2017-05-01 00:00:00+00:00,-0.7999269476827071,-0.30579733884069193,-0.9955364481031194,0.0,0.0,0.743006394780343,2.354003028105395,0.1260038655374672,3.611065430451958,0.7014925373134329,0.0,335.0,0.0,0.0,336.0,0.0,0.8955584867414155,0.10169241399935681,0.01034263110824965,0.026146957029664013,0.34744583521606753,0.09896339068807425,0.18073816882730664,0.02556925898120052,0.09264695720320404,1.0,,5.0,0.44715282151788477,0.11435176811713445,0.06085613274256018,0.16784740349170862
2017-06-01 00:00:00+00:00,-0.77451180206451,-0.2514739622178994,-0.9412130714803268,0.0,0.0,0.7729249115242696,2.316700680562079,0.13612210100096783,5.011694699041434,0.7014925373134329,0.0,335.0,0.0,0.0,336.0,0.0,0.9131196046216925,0.0844979179028154,0.010891787325824388,0.0259725861117472,0.3061779834475117,0.1023030757209682,0.1821710008708557,0.025584407029065746,0.09533916911011353,1.0,,5.0,0.4932960678231694,0.12042809539484149,0.06423846189724888,0.17661772889243404
2017-07-01 00:00:00+00:00,-0.7082876511702182,-0.23676571371245364,-0.9265048229748811,0.0,0.0,0.8446319333037943,2.2639017274206297,0.15154305458751188,3.663950900436982,0.6955223880597015,0.0,335.0,0.0,0.0,336.0,0.0,0.9066611161617046,0.09119767841260264,0.010689259354032973,0.02601476395387207,0.3203946895234456,0.0745326445744725,0.1952991691154482,0.02553851634396431,0.10051640912648452,1.0,,5.0,0.45855387228777095,0.11789433592950273,0.07469459194206476,0.1610940799169409
2017-08-01 00:00:00+00:00,-0.7108100176313309,-0.2932824405813636,-0.9830215498437911,0.0,0.0,0.8289403316815835,2.22349234605169,0.11723657641783422,5.0462500507285375,0.6955223880597015,0.0,335.0,0.0,0.0,336.0,0.0,0.8650104274701826,0.1324523439882602,0.009386085093661279,0.02640069317986987,0.4083592883883022,0.0656153244950266,0.17789325906264342,0.02551354799614912,0.12480255680262076,1.0,,5.0,0.5025035357614822,0.12749356345014876,0.0859086184872692,0.1690785084130283
2017-09-01 00:00:00+00:00,-0.6602115660154405,-0.26954540934421095,-0.9592845186066383,0.0,0.0,0.8048899180147258,2.2647144612498944,0.10963748795809035,3.6527476908481673,0.6895522388059702,0.0,335.0,0.0,0.0,336.0,0.0,0.8854025790910152,0.11186652834040724,0.010024699233270313,0.02623436172353429,0.3689235786745156,0.054477343937207046,0.21337528703241748,0.02494218890550295,0.1292907239206862,1.0,,5.0,0.4472969540300953,0.128206863258202,0.09986375714222229,0.1565499693741817
2017-10-01 00:00:00+00:00,-0.5240727247977089,-0.1419211571844336,-0.8316602664468611,0.0,0.0,0.765420506989521,2.2870911828655633,0.14682202864566815,4.957121849839407,0.6895522388059702,0.0,335.0,0.0,0.0,336.0,0.0,0.9265907328451095,0.07066853327849372,0.011314003284967974,0.025876149365476137,0.2740696733388704,0.06561490779858214,0.18009490385020932,0.023442620905512204,0.060666327535880527,1.0,,5.0,0.475289561589443,0.12740959800345011,0.07819861576255943,0.17662058024434055
2017-11-01 00:00:00+00:00,-0.44878201084421343,-0.09684843480441095,-0.7865875440668384,0.0,0.0,0.8848560807077244,2.3186190321090407,0.1399261571254631,3.669194357914227,0.6835820895522388,0.0,335.0,0.0,0.0,336.0,0.0,0.9242194899347389,0.07375618335574467,0.011238703958072273,0.02585499287737274,0.2776713451517347,0.08594689079581386,0.18386805318790067,0.023476237989811317,0.027235478205305697,1.0,,5.0,0.46267881321792137,0.11418221982632595,0.07124207750333789,0.15712236214931402
2017-12-01 00:00:00+00:00,-0.3541653628251346,0.08335541653549781,-0.6063836927269296,0.0,0.0,0.9258292029011458,2.481930665644856,0.207697761878991,4.9032327088824195,0.6835820895522388,0.0,335.0,0.0,0.0,336.0,0.0,0.9410160681159466,0.05686667826794345,0.011764616939307459,0.025714102781075027,0.23328577509946674,0.09913309271706439,0.21942447814479582,0.023651668754108776,-0.056017800889662794,0.0,,5.0,0.49936730676234087,0.11031103575615207,0.05416325109881168,0.16645882041349255
2018-01-01 00:00:00+00:00,-0.22713141993674021,0.6843129169779498,-0.0054261922844776045,0.0,0.0,0.9252928039977367,2.4951954027519334,0.3662710459423759,3.7447301784561984,0.6776119402985075,0.0,335.0,0.0,0.0,336.0,0.0,0.9532583830108918,0.043993262427777194,0.01214877696045735,0.025644294356175445,0.19926074619377565,0.1246213331043986,0.2380566704265581,0.024217908027269315,-0.08301472424018463,0.0,,5.0,0.6227019632041895,0.08191354078669996,0.02900843078069891,0.1348186507927011
2018-02-01 00:00:00+00:00,-0.44075773069845764,-0.0545691720175452,-0.7443082812799726,0.0,0.0,0.898665548634436,2.458515339688654,0.2473268431836588,4.885763333568385,0.6776119402985075,0.0,335.0,0.0,0.0,336.0,0.0,0.6132232329643075,0.3789137098950174,0.0015125157301753192,0.028904826656401754,0.7056989145602428,0.08036848514434425,0.2097175242997169,0.02514860535081824,0.0031190782736079115,1.0,,5.0,0.5325109761742026,0.12552580287677853,0.07789327824703013,0.17315832750652693
2018-03-01 00:00:00+00:00,-0.46205379984520784,-0.1252390088441668,-0.8149781181065943,0.0,0.0,0.86273062231595,2.45756006390582,0.24346544347492616,3.6822557734864816,0.6716417910447762,0.0,335.0,0.0,0.0,336.0,0.0,0.6618998696864935,0.3297592292573945,0.003036928880148002,0.028508697097670403,0.6788838559024744,0.07935124202027133,0.20148035794755081,0.025195761442122495,0.018311298922803587,1.0,,5.0,0.515495949319253,0.11746005509762086,0.08439156615254054,0.15052854404270116
2018-04-01 00:00:00+00:00,-0.5413374345894277,-0.3224890342813831,-1.0122281435438105,0.0,0.0,0.9010933645373577,2.3808236892707257,0.19665362488630644,4.925166028214762,0.6716417910447762,0.0,335.0,0.0,0.0,336.0,0.0,0.48656688517407143,0.5012210655551043,-0.002445618014247169,0.030261943450318275,0.7505090394002413,0.047519505687271035,0.17613161984296077,0.025636744973923275,0.070323542578965,1.0,,5.0,0.5348630042440979,0.12425660738576622,0.0773285711347152,0.17118464363681718
2018-05-01 00:00:00+00:00,-0.5033010870613515,-0.266403675948945,-0.9561427852113724,0.0,0.0,0.8601352998367091,2.569587593433159,0.19155104893003236,3.6852290711944717,0.6656716417910448,0.0,335.0,0.0,0.0,336.0,0.0,0.698402938391327,0.2907641865767781,0.004183298294854178,0.028336162671424466,0.6588830036748928,0.035198779613232034,0.19935970097759714,0.025549843107981578,0.03742456779433745,1.0,,5.0,0.5005692568489833,0.12010175710738118,0.08945867888836764,0.15074483532639465
2018-06-01 00:00:00+00:00,-0.46444137775155314,-0.1972363271767566,-0.886975436439184,0.0,0.0,0.8202340371541332,2.590020242507367,0.26228945226966893,4.902750419503687,0.6656716417910448,0.0,335.0,0.0,0.0,336.0,0.0,0.8337052427558257,0.1592542735631723,0.008412905654035789,0.026936216936288077,0.47911405015697056,0.03879296456181791,0.21966719888207198,0.025588312091396965,0.03178371971195659,1.0,,5.0,0.5151653310782417,0.13152130534489792,0.10434582457353118,0.1586967861162647
2018-07-01 00:00:00+00:00,-0.39757019726790316,-0.13938975513135865,-0.8291288643937861,0.0,0.0,0.749114509040233,2.7888098366884635,0.4394831082393407,3.7875649359280867,0.6597014925373135,0.0,335.0,0.0,0.0,336.0,0.0,0.884770015336459,0.11109452828714393,0.010007003435228512,0.02632184752320328,0.3751324599991639,0.025396314564016365,0.25860543651244594,0.02503606388624027,0.052017776333297405,1.0,,5.0,0.4630840700376056,0.1159829720163607,0.06938027763729823,0.16258566639542316
2018-08-01 00:00:00+00:00,-0.3461331542459715,0.04263958975895351,-0.6470995195034739,0.0,0.0,0.6577018786342805,2.681243814913515,0.6241129666222616,4.996630713412176,0.6597014925373135,0.0,335.0,0.0,0.0,336.0,0.0,0.9213836090808768,0.07566876302756763,0.011151317724336423,0.025933583313762384,0.2879474794733114,0.006973083225021881,0.3271311920720219,0.02332996154554527,-0.0035600018542414347,0.0,,5.0,0.45535949501529177,0.12130647256384242,0.09086008617285837,0.15175285895482643
2018-09-01 00:00:00+00:00,-0.26229866762287257,0.11283053194676956,-0.5769085773156579,0.0,0.0,0.8362473571621127,2.5178509101595448,0.8032726809016169,4.015099946402986,0.6537313432835821,0.0,335.0,0.0,0.0,336.0,0.0,0.9217492003609594,0.07612022139812405,0.011161537127938763,0.02588271260951057,0.284255190995519,0.0563140136142799,0.30017095646208336,0.02269158305683125,0.010449421782963597,1.0,,5.0,0.45307605261560063,0.11527204652984176,0.09110163754354192,0.13944245551614148
2018-10-01 00:00:00+00:00,-0.45430954950520064,-0.34785807925741746,-1.037597188519845,0.0,0.0,0.9035675896394167,2.4701785367624907,0.5525789811279421,5.011056170571852,0.6537313432835821,0.0,335.0,0.0,0.0,336.0,0.0,0.44792815767926303,0.5403150762664284,-0.0036557864013827485,0.03057195030623949,0.7445997881459097,0.016876939856022233,0.22829036242764733,0.02397723289873531,0.049246068559114065,1.0,,5.0,0.537816561041342,0.1103488543867481,0.04871723413592311,0.1719804746375731
2018-11-01 00:00:00+00:00,-0.5296583815358087,-0.42661908390217873,-1.116358193164606,0.0,0.0,0.8488022252524583,2.5162340586439,0.3998954253411392,3.829358457195878,0.6477611940298508,0.0,335.0,0.0,0.0,336.0,0.0,0.3646700687702425,0.6199373815394047,-0.00625651804956482,0.031509402806409154,0.7285268061793267,0.019951867796555334,0.21846389081478268,0.024225546570424576,0.11085863640587945,1.0,,5.0,0.5221560271244948,0.10848411177894361,0.06546341141552851,0.15150481214235875
2018-12-01 00:00:00+00:00,-0.7301859780325439,-0.6211523255473361,-1.3108914348097636,0.0,0.0,1.1653480925686686,2.480462220630537,0.31966877982172703,4.972916847777863,0.6477611940298508,0.0,335.0,0.0,0.0,336.0,0.0,0.040782961354487474,0.917650318474338,-0.01635574500668129,0.03585837995284397,0.3415476528773916,-0.04953166537580245,0.23258857873778194,0.02300708177965044,0.19040457532435084,1.0,,5.0,0.5618427137708706,0.06318968461595359,-0.023681582184255603,0.15006095141616274
2019-01-01 00:00:00+00:00,-0.6436237520740505,-0.5256811751769898,-1.2154202844394173,0.0,0.0,0.7630553485725058,2.529692584165361,0.18900619980365474,3.821667219104379,0.6417910447761194,0.0,335.0,0.0,0.0,336.0,0.0,0.32837621503241843,0.6388256323401985,-0.007366518526485502,0.03284141164429374,0.7640350020010593,-0.05373256024589956,0.25441689324748484,0.02288718037481175,0.2043843710368165,1.0,,5.0,0.49806753200458065,0.1292923901410564,0.07702262413563964,0.18156215614647314
2019-02-01 00:00:00+00:00,-0.5172079957235087,-0.3836101238805254,-1.0733492331429528,0.0,0.0,0.8104171864157501,2.506962190605878,0.27293321278075944,5.129413060874478,0.6417910447761194,0.0,335.0,0.0,0.0,336.0,0.0,0.6789934456296801,0.26390946423462125,0.003645069027082019,0.031205389518583326,0.7779039706625583,-0.01702884570853236,0.24962707502658432,0.022602302896943628,0.15057534013114449,1.0,,5.0,0.5387923196416138,0.12326484151819678,0.0854622844862218,0.16106739855017183
2019-03-01 00:00:00+00:00,-0.5063719101218004,-0.39454929931287336,-1.0842884085753008,0.0,0.0,0.8439742884526323,2.507922515019801,0.3267778858582756,3.8771211425740106,0.6358208955223881,0.0,335.0,0.0,0.0,336.0,0.0,0.8109957319733523,0.16985491105177414,0.007720190046327045,0.02784075672769074,0.5467631282228751,-0.02714001585954584,0.24024685623031328,0.022483097320514563,-0.07085501520469428,0.0,,5.0,0.5178685065763532,0.1135120600359534,0.08326219380531655,0.1437619262665903
2019-04-01 00:00:00+00:00,-0.39427988796253477,-0.30812683503071137,-0.9978659442931388,0.0,0.0,0.879909945880129,2.5763712545398914,0.4098902797425606,5.09762639497288,0.6358208955223881,0.0,335.0,0.0,0.0,336.0,0.0,0.9055950724512758,0.0857296581794181,0.010665682033556157,0.026405402539407992,0.34158520315928304,-0.011447675654450151,0.27880786363590015,0.02263409439507739,-0.05336011836931931,0.0,,5.0,0.5156234678428969,0.12014859992831847,0.07635349828467133,0.1639437015719655
2019-05-01 00:00:00+00:00,-0.4952531226534645,-0.4086593344631773,-1.0983984437256047,0.0,0.0,0.8624565345243665,2.5368792075066993,0.355279942687879,3.8780211131768465,0.6298507462686567,0.0,335.0,0.0,0.0,336.0,0.0,0.7524013674836367,0.24022464990059217,0.005868396590074288,0.027663912774152467,0.5928557090489482,0.011957019871688956,0.25406989363328414,0.023092977959007756,0.021301365982102638,1.0,,5.0,0.49999492000404,0.11258233597470184,0.08216445439571175,0.14300021755369188
2019-06-01 00:00:00+00:00,-0.4442821619824433,-0.3531308218893918,-1.0428699311518193,0.0,0.0,0.8488692621116759,2.5856931798251064,0.3827842479049338,5.089642883939815,0.6298507462686567,0.0,335.0,0.0,0.0,336.0,0.0,0.8399611478842395,0.15474497096908338,0.008606113097330979,0.02677978399996692,0.46298576739758834,0.04334120606846881,0.23387498253330286,0.022696755507472074,0.06515226461478463,1.0,,5.0,0.5210018044778449,0.11977437422316836,0.08283837376161751,0.1567103746847192
2019-07-01 00:00:00+00:00,-0.3456284542767006,-0.24998091462414962,-0.939720023886577,0.0,0.0,0.8841368912651711,2.5980809561342824,0.4555883132664619,3.9127378753560955,0.6238805970149254,0.0,335.0,0.0,0.0,336.0,0.0,0.9195076334651301,0.07566797867388812,0.011095407782034659,0.026059459506028657,0.298225226195123,0.13343189178697656,0.25891688313398564,0.02317106440193317,0.05840121937289666,1.0,,5.0,0.5557528113796453,0.1076526373536252,0.06969422905890492,0.14561104564834543
2019-08-01 00:00:00+00:00,-0.5405550950008148,-0.40444402357234116,-1.0941831328347686,0.0,0.0,0.8790147185607172,2.602063405330546,0.40772491252190945,5.076212847513547,0.6238805970149254,0.0,335.0,0.0,0.0,336.0,0.0,0.5935088649430529,0.3964970519758835,0.0008986018190146541,0.029200931578275607,0.722459938825833,0.08642780561096508,0.23402596289730937,0.02403990080920345,0.14447476006717785,1.0,,5.0,0.5605025185290596,0.10840244278016722,0.06426471572432575,0.15254016983600868
2019-09-01 00:00:00+00:00,-0.3500660196923492,-0.2754602289842398,-0.9651993382466673,0.0,0.0,0.8504809504477154,2.6251424995618486,0.549544023568864,3.9034926945845076,0.6179104477611941,0.0,335.0,0.0,0.0,336.0,0.0,0.8123462597681028,0.17779332069362172,0.007748543749951969,0.0272868553228735,0.5214491032224831,0.06364435712363559,0.2701083093842582,0.02416200302741828,0.10731498249941573,1.0,,5.0,0.5120341552253292,0.11082982856220679,0.07985725575790792,0.1418024013665057
2019-10-01 00:00:00+00:00,-0.38091254824383236,-0.3180481328937303,-1.0077872421561578,0.0,0.0,0.8186945456386435,2.6806749351973562,0.5195789006461233,5.048801295581462,0.6179104477611941,0.0,335.0,0.0,0.0,336.0,0.0,0.7964183758709168,0.19742938967748255,0.0072444049137760785,0.027209178329108137,0.5329142391854494,0.04781170949233271,0.25456918568317555,0.024228308301152707,0.12636492404473643,1.0,,5.0,0.5357652857636784,0.1165595660993627,0.07589833694658082,0.15722079525214455
2019-11-01 00:00:00+00:00,-0.22509733791216338,-0.1681289084345447,-0.8578680176969722,0.0,0.0,0.7853539022148927,2.6802763748185705,0.6277089908614294,3.940526894099745,0.6119402985074627,0.0,335.0,0.0,0.0,336.0,0.0,0.9092833927893254,0.08302961912253998,0.010779654310588816,0.026315594089270512,0.330517469459209,0.06048696162346978,0.2602544293021163,0.024449370946274137,0.12200275503485791,1.0,,5.0,0.4873539223069586,0.11403658421299415,0.07870590364117483,0.14936726478481344
2019-12-01 00:00:00+00:00,-0.1893817716523011,-0.12810807173900382,-0.8178471810014313,0.0,0.0,1.0014016097497824,2.7112841975069726,0.5524430059773889,5.065398931744113,0.6119402985074627,0.0,335.0,0.0,0.0,336.0,0.0,0.9326270976417737,0.06382024384775603,0.011504172983062376,0.025870954024103023,0.2607009911148603,0.10344834215421095,0.27724886839722007,0.024604440590587986,0.13767833957634146,1.0,,5.0,0.549635300904194,0.09470871768217458,0.05281807831169314,0.13659935705265602
2020-01-01 00:00:00+00:00,-0.10774340108763371,0.04970175706289479,-0.6400373521995326,0.0,0.0,0.9998733137865284,2.7316423512931385,0.6940568199705073,3.9869724883909026,0.6059701492537314,0.0,335.0,0.0,0.0,336.0,0.0,0.9438775506279757,0.05372327136677426,0.01185461080858048,0.0257056307941353,0.22607257567837535,0.11886809107896035,0.28415801456846257,0.02473697977221169,0.13215904249463684,1.0,,5.0,0.571006247971238,0.08698288514944467,0.0523594044659002,0.12160636583298906
2020-02-01 00:00:00+00:00,-0.16387274196883647,-0.05963143830606281,-0.7493705475684902,0.0,0.0,1.0081624118904142,2.772569743608664,0.7348660731105578,5.0342528618915665,0.6059701492537314,0.0,335.0,0.0,0.0,336.0,0.0,0.8851841513876967,0.11264658204337338,0.010017020220520667,0.026203485839998444,0.36722539572035146,0.08152871808931472,0.266242631912303,0.024777731638408934,0.1530734602612771,1.0,,5.0,0.5307150138636346,0.0979628900605727,0.061307288858604335,0.13461849126254105
2020-03-01 00:00:00+00:00,-0.9725615849590041,-0.8678748567938631,-1.5576139660562904,0.0,0.0,0.9802871129672747,2.281443745635302,0.16668744955719808,3.627609843526192,0.6,0.0,335.0,0.0,0.0,336.0,0.0,2.2040137922141215e-14,5.235690837357683e-05,-0.01619604928121304,0.0921483253996712,0.0005684599230167251,-0.09443502920999869,0.0630000715126986,0.04425489788716676,0.362344887633979,1.0,,5.0,0.656954714860872,0.09562796767160214,0.024186155763914335,0.16706977957929
2020-04-01 00:00:00+00:00,-0.6665257985698864,-0.5429624657098894,-1.232701574972317,0.0,0.0,1.010327884435187,2.242112983861504,0.2341375155714755,4.865053468393653,0.6,0.0,335.0,0.0,0.0,336.0,0.0,0.25647749296888267,2.06616071074292e-05,-0.008552009395565033,0.07494703627656277,0.5695775645496284,-0.07525721580673306,0.09588770288945092,0.04487307493578951,0.3642771450207256,1.0,,5.0,0.6939217433213822,0.08185652882301143,0.026028825274496757,0.1376842323715261
2020-05-01 00:00:00+00:00,-0.5516583847453559,-0.4391786704477939,-1.1289177797102212,0.0,0.0,1.0044440798556025,2.2046336789569807,0.4178992728155343,3.682811737827976,0.5940298507462687,0.0,335.0,0.0,0.0,336.0,0.0,0.40103975475745685,0.007875273224734485,-0.004255282661002874,0.0647921481981474,0.7153657603130373,-0.01598768270532247,0.13627842725688488,0.04571169106017157,0.3072276679307162,1.0,,5.0,0.6650578923746998,0.04252868142790662,0.003775988928024665,0.08128137392778853
2020-06-01 00:00:00+00:00,-0.41651179763553847,-0.3276519466910047,-1.017391055953432,0.0,0.0,1.031451162813975,2.1680544657724106,0.5205926618602045,4.764886799010202,0.5940298507462687,0.0,335.0,0.0,0.0,336.0,0.0,0.5133641321714932,0.014064528180554585,-0.0009168701083458981,0.05689680147628904,0.7564919582924976,-0.002365165722626017,0.18335661900501776,0.04654888340941852,0.2587893470100493,1.0,,5.0,0.6756787128999036,0.028323313083316804,-0.02786104313274809,0.08450766929938164
2020-07-01 00:00:00+00:00,-0.34770590051508,-0.2852512182027339,-0.9749903274651613,0.0,0.0,1.0215248294353283,2.1252840815514036,0.5726709550590247,3.7082620146787297,0.5880597014925373,0.0,335.0,0.0,0.0,336.0,0.0,0.8001045191688567,0.030801769375459757,0.007603986473263663,0.036686941488784534,0.5861600638209057,0.001428535835522382,0.21306207973771585,0.046681261461929774,0.25552915162406187,1.0,,5.0,0.5986278559886156,0.051738436294538455,0.01454464338860445,0.0889322292004725
2020-08-01 00:00:00+00:00,-0.1711853895709254,-0.1455061505296246,-0.835245259792052,0.0,0.0,1.0175420743439008,2.0750344680152297,0.7032091968334929,4.673019401050525,0.5880597014925373,0.0,335.0,0.0,0.0,336.0,0.0,0.853764055127756,0.031901333401623724,0.009201594251731476,0.03302357204448799,0.4928329697195125,0.02651819464132643,0.25619886527258195,0.0473393208710542,0.22133652748503607,1.0,,5.0,0.6154523053356804,0.052781822703431736,0.005908687713201535,0.09965495769366191
2020-09-01 00:00:00+00:00,-0.2322551687725965,-0.21411030002049639,-0.9038494092829238,0.0,0.0,0.9899355400493354,1.995687942151651,0.6983588599673494,3.741165414089518,0.582089552238806,0.0,335.0,0.0,0.0,336.0,0.0,0.8373731777501506,0.11953105451648227,0.008581756085232432,0.029008586818313385,0.5380342610571808,0.020383999491906835,0.2210117236056277,0.047303617387832786,0.2258208858539259,1.0,,5.0,0.5564770502258077,0.08029772484753293,0.045794289241112264,0.1148011604539537
2020-10-01 00:00:00+00:00,-0.17341082702445096,-0.16382759977629308,-0.8535667090387205,0.0,0.0,1.0221245867592192,1.9428374107893935,0.673736994963006,4.671916462500685,0.582089552238806,0.0,335.0,0.0,0.0,336.0,0.0,0.8954645680649288,0.09185609626706275,0.010354573422411537,0.026727340814328693,0.37356054226594426,0.24503164874176342,0.22208482945864816,0.04730922110171297,0.20568574680890706,1.0,,5.0,0.6475734622170713,0.08213733787145781,0.04824526443516778,0.11602941130774783
2020-11-01 00:00:00+00:00,-0.06276909029421625,-0.05406386870337383,-0.7438029779658013,0.0,0.0,1.0844810015837643,1.9206388342099616,0.6958850222518884,3.739312449775627,0.5761194029850746,0.0,335.0,0.0,0.0,336.0,0.0,0.9386400648741495,0.05451737269759628,0.011697323966118627,0.026010586618384107,0.25214896842177426,0.235849835027647,0.23260444520003354,0.04748062819438138,0.2080654766886827,1.0,,5.0,0.617658149683908,0.047249634069199895,-0.004062257464659276,0.09856152560305909
2020-12-01 00:00:00+00:00,0.04184368975256578,0.046328081090750727,-0.6434110281716767,0.0,0.0,1.0912493596675332,1.8761688258493925,0.8706041673839309,4.59822347735404,0.5761194029850746,0.0,335.0,0.0,0.0,336.0,0.0,0.951947960166856,0.04374143468052969,0.012110098846905773,0.025746888121823484,0.20724411160790435,0.21982531574844977,0.23148240990093605,0.04745741375904775,0.1671174916442606,1.0,,5.0,0.658101820283015,0.03365950226770314,-0.014614429178075525,0.08193343371348175
2021-01-01 00:00:00+00:00,0.0652950306494756,0.09202734342993187,-0.5977117658324955,0.0,0.0,1.1076448835859158,1.8271999256904992,0.9231695973914272,3.7733793764333496,0.5701492537313433,0.0,335.0,0.0,0.0,336.0,0.0,0.48057332929499363,0.021937396526354895,0.006228234736803808,0.029295929920073873,0.7832812947612752,0.18587486895881256,0.28886300281948607,0.04695412494396149,0.11485871253468183,1.0,,5.0,0.6235602658034959,-0.01613664038280037,-0.09198674804101531,0.059713467275414545
2021-02-01 00:00:00+00:00,0.11561579591012724,0.1354285492053564,-0.554310560057071,0.0,0.0,1.111433710171358,1.7717298193261433,1.0393307276872668,4.560559849185291,0.5701492537313433,0.0,335.0,0.0,0.0,336.0,0.0,0.4887252629339498,0.01781417022359004,0.006351762589359385,0.029110924356858657,0.7701936920720339,0.17620095897769517,0.3099117966951397,0.046938650697113005,0.05726226760754649,1.0,,5.0,0.6444222135156868,-0.020191691252516665,-0.09255902193687279,0.05217563943183945
2021-03-01 00:00:00+00:00,0.09834994802753971,0.1053077512430248,-0.5844313580194026,0.0,0.0,1.1276827718934392,1.7250655568689641,1.076494215911492,3.8108472079813493,0.564179104477612,0.0,335.0,0.0,0.0,336.0,0.0,0.47765785507297487,0.017333715019319237,0.006354182738010237,0.0290931053097923,0.7682242811452169,0.12343509835680244,0.33211445794211336,0.04665420609503303,0.03397958068938678,1.0,,5.0,0.5810272316892443,-0.023602741766218297,-0.09528882895467217,0.04808334542223555
2021-04-01 00:00:00+00:00,0.27215271218233916,0.30078234659287506,-0.38895676266955237,0.0,0.0,1.1329133946261971,1.678529806122818,1.2448284219044923,4.539525737753903,0.564179104477612,0.0,335.0,0.0,0.0,336.0,0.0,0.49013432337575474,0.03299582828847035,0.005928245525533382,0.029782336042926606,0.8151917307412603,0.18170494671457682,0.3675178907069725,0.04713006855702564,-0.020707634887138227,0.0,,5.0,0.632887818793998,-0.01966583714355083,-0.07646443296295108,0.037132758675849406
2021-05-01 00:00:00+00:00,0.2155789438617112,0.24066754192580875,-0.4490715673366187,0.0,0.0,1.1277493782474253,1.626362227122137,1.2420218722478882,3.8507531752175193,0.5582089552238806,0.0,335.0,0.0,0.0,336.0,0.0,0.46548021803936684,0.02267725046727999,0.006192488387132863,0.02933336689786511,0.7846115649202039,0.1648750611806573,0.34816692607748756,0.04715557688696625,-0.1133970469774006,0.0,,5.0,0.5833771837824878,-0.025539665951459362,-0.09499746825917539,0.043918136356256646
2021-06-01 00:00:00+00:00,0.21392759347290574,0.2565588618343436,-0.4331802474280838,0.0,0.0,1.118482562526225,1.5805078030023352,1.3049856955122736,4.551295185336098,0.5582089552238806,0.0,335.0,0.0,0.0,336.0,0.0,0.5004676992396176,0.01822398257192645,0.006351992257028629,0.029125407170637763,0.7713725833321334,0.13442142625256537,0.34162955688858254,0.04715160993318847,-0.17022404256342583,0.0,,5.0,0.5975371268693644,-0.023099682291973123,-0.08727634362760714,0.041076979043660866
2021-07-01 00:00:00+00:00,0.29411962500314415,0.33846302519853494,-0.3512760840638925,0.0,0.0,1.0843174367556292,1.585360447995147,1.5043182957810974,3.8870532497455925,0.5522388059701493,0.0,335.0,0.0,0.0,336.0,0.0,0.4724110811136716,0.017263640970527187,0.006350916258389863,0.02909163650889453,0.7676388993059562,0.11927934788324279,0.34378867455915696,0.04716971724400876,-0.19115226157542864,0.0,,5.0,0.553034315080953,-0.020587845108696722,-0.06904003003934031,0.02786433982194689
2021-08-01 00:00:00+00:00,0.3414074422924546,0.38044745218676,-0.3092916570756674,0.0,0.0,1.0835804627090535,1.623130495020993,1.5175556557153453,4.524841368924594,0.5522388059701493,0.0,335.0,0.0,0.0,336.0,0.0,0.4998847072238634,0.016620193129290306,0.006396300006006369,0.02905461434032513,0.7660668668045016,0.11569567963172567,0.34824466883693184,0.04718735271809326,-0.14807145541528044,0.0,,5.0,0.580415507201508,-0.01744168024665114,-0.06328970375100162,0.028406343257699317
2021-09-01 00:00:00+00:00,0.25581331630325876,0.3248704420951481,-0.36486866716727934,0.0,0.0,1.0836776488554318,1.6766422873104807,1.432891110276261,3.8951145092206585,0.5462686567164179,0.0,335.0,0.0,0.0,336.0,0.0,0.4652774599346728,0.01785367827383503,0.006327293832603237,0.029119967311128096,0.7689804439209995,0.09313142508455563,0.3861662819236731,0.04637406286219822,-0.22252191795006127,0.0,,5.0,0.5118697948153863,-0.02544441895150689,-0.07043382668696918,0.019544988783955386
2021-10-01 00:00:00+00:00,0.2227796402539736,0.2858448705273585,-0.4038942387350689,0.0,0.0,1.0784637527706178,1.7220940957342488,1.6349577768747146,4.544204597994585,0.5462686567164179,0.0,335.0,0.0,0.0,336.0,0.0,0.4982435228445853,0.01922502662047028,0.006321757801112448,0.029170399372959906,0.7747030854592711,0.08837250791669149,0.4005350980622495,0.046161307172900595,-0.25455901492574995,0.0,,5.0,0.5306616684241954,-0.014861157370911909,-0.06303257040971208,0.03331025566788822
2021-11-01 00:00:00+00:00,0.314052301392375,0.4468254787687012,-0.24291363049372622,0.0,0.0,1.089653900734961,1.7363001300858165,1.794550160073334,4.026807373295469,0.6298507462686567,0.0,335.0,0.0,0.0,336.0,0.0,0.4726154714862571,0.024776619958053914,0.0061408383493882345,0.02942405276365329,0.7915995194783817,0.07963816669560408,0.496687722778379,0.044887706016030725,-0.24383830287099606,0.0,,5.0,0.499247980605542,-0.018808336954536015,-0.07291523875404939,0.03529856484497734
2021-12-01 00:00:00+00:00,0.2520700717732525,0.39107441368788826,-0.2986646955745392,0.0,0.0,1.0841783689504643,1.8005313645715724,1.9838919608312762,4.518867831517105,0.5402985074626866,0.0,335.0,0.0,0.0,336.0,0.0,0.48826455360441273,0.020341824202470406,0.006280556773695568,0.029222926639224735,0.7784087727055016,0.07971513946199416,0.4816146257853813,0.04496592285638215,-0.24058006939047516,0.0,,5.0,0.5124552965529182,-0.01621881403630547,-0.06404022290836964,0.03160259483575867
2022-01-01 00:00:00+00:00,0.06838660936551674,0.23553888727989708,-0.45420022198253035,0.0,0.0,1.0876607708700108,1.8237119652518328,1.9703533672121798,4.016608292265607,0.6238805970149254,0.0,335.0,0.0,0.0,336.0,0.0,0.45160350027947693,0.041985151707236795,0.0056382509990322805,0.030192136980151035,0.8366792091320117,0.041944234483445086,0.40060263708056,0.04508814096049766,-0.20606744497110974,0.0,,5.0,0.49518576063384373,-0.007254488256294455,-0.056051868248254866,0.041542891735665936
2022-02-01 00:00:00+00:00,-0.04747942748415663,0.06351965783934452,-0.6262194514230829,0.0,0.0,1.1057282479933224,1.8123983968336368,2.06957238966527,4.580663503345127,0.5343283582089552,0.0,335.0,0.0,0.0,336.0,0.0,0.4467694621143868,0.09250535476759095,0.004219419169786592,0.0324293650530008,0.937216338337258,-0.02206592503882021,0.3488627653798826,0.045908526630123375,-0.1423332559167747,0.0,,5.0,0.5228028926920627,0.015834720787799753,-0.05848512388200444,0.09015456545760392
2022-03-01 00:00:00+00:00,-0.11564851523631026,-0.01875570400318918,-0.7084948132656166,0.0,0.0,1.1156515084711955,1.7962789141957496,2.2764256736177897,4.412010276582245,0.6238805970149254,0.0,335.0,0.0,0.0,336.0,0.0,0.44432555397085866,0.0753567372870829,0.004696958564462095,0.03167122936137016,0.9074929686554977,-0.06392184843884685,0.29577049605253514,0.04611406355644961,-0.14932919813329448,0.0,,5.0,0.5189361302811992,-0.0035727570733011652,-0.060080953040895536,0.05293543889429318
2022-04-01 00:00:00+00:00,-0.21441303934815295,-0.034793877783414556,-0.724532987045842,0.0,0.0,1.122844897644279,1.8462106358476578,2.2738217640517084,4.677893611357116,0.5283582089552239,0.0,335.0,0.0,0.0,336.0,0.0,0.4799841837726002,0.04081620381696017,0.005699246798220442,0.03013157711601463,0.8353846921303655,-0.06482357402648731,0.3093856880254968,0.045931220840691,-0.11154018328196003,0.0,,5.0,0.5292911805855913,-0.02462616495462035,-0.08600926013006922,0.03675693022082849
2022-05-01 00:00:00+00:00,-0.6071173674939914,-0.35241666266141675,-1.0421557719238441,0.0,0.0,1.1332831402362729,1.663960248221352,2.0953158850288407,4.307833305996705,0.6417910447761194,0.0,335.0,0.0,0.0,336.0,0.0,0.041221610069039086,0.9017926439745005,-0.01883588842507175,0.06836978025858417,0.3879276241158851,-0.15420773260565035,0.20298615938813036,0.049116566687378016,-0.013825324314396426,0.0,,5.0,0.6031192519531673,0.0636675686619146,-0.03383370466406599,0.16116884198789522
2022-06-01 00:00:00+00:00,-0.6600212998514189,-0.4570114276716691,-1.1467505369340965,0.0,0.0,1.1197701372336402,1.6405867760278852,2.3026911931580587,4.568500566690896,0.5223880597014925,0.0,335.0,0.0,0.0,336.0,0.0,0.04760966318027157,0.8982880066294481,-0.018731431822253144,0.0682126985091911,0.3991224208330548,-0.24386809299954315,0.11938773799185931,0.04971735329055039,0.07914476817406069,1.0,,5.0,0.5936994832532575,0.05830402297533144,-0.04389951743705338,0.1605075633877162
2022-07-01 00:00:00+00:00,-0.7484363944718225,-0.42630294807760877,-1.1160420573400363,0.0,0.0,1.162180718934982,1.7004806663794831,2.225007186882666,4.361242178604196,0.6358208955223881,0.0,335.0,0.0,0.0,336.0,0.0,0.21193326607041643,0.554345381577445,-0.00894105644976128,0.05294071942257724,0.9956000733277799,-0.23899040533644644,0.15619641483796975,0.04930296600335802,0.11060651654566023,1.0,,5.0,0.5982957954279914,0.011457708022709137,-0.09159198306479316,0.11450739911021138
2022-08-01 00:00:00+00:00,-1.1263933904045897,-0.28262439846050746,-0.9723635077229349,0.0,0.0,1.1482642574423714,1.6601546476488858,2.5968311937075255,4.651158639766371,0.6059701492537314,0.0,335.0,0.0,0.0,336.0,0.0,0.22621198371485832,0.5538422173612686,-0.00891274628060395,0.052914010282762866,0.9965469581408144,-0.1472344883182366,0.1897237916386878,0.05009342201292502,0.036798612705378986,1.0,,5.0,0.6382346701670162,0.015768204983753854,-0.08691019604313037,0.118446606010638
2022-09-01 00:00:00+00:00,-1.5275851538222902,-0.5027982798063426,-1.19253738906877,0.0,0.0,1.1091829120919519,1.651332033981486,3.143406069391446,4.552313784704967,0.6298507462686567,0.0,335.0,0.0,0.0,336.0,0.0,0.015210675039468921,0.9639952292879223,-0.020602799953555326,0.07113058929187607,0.17955420317130202,-0.18665276047305213,0.11439829541449775,0.052079265318268585,0.12845200159829773,1.0,,5.0,0.7067687766314596,0.03303513821942099,-0.08479379839741934,0.15086407483626124
2022-10-01 00:00:00+00:00,-1.5923935836559573,-0.564701648755233,-1.2544407580176604,0.0,0.0,1.066185638816036,1.6349339597535952,3.367129021179264,4.766367737150715,0.6,0.0,335.0,0.0,0.0,336.0,0.0,0.06494180981294369,0.855361280180528,-0.017512681722762817,0.06630762448793426,0.5127975601198034,-0.20016608769844524,0.03511744673062012,0.05205249057752846,,,,,,,,
2022-11-01 00:00:00+00:00,-1.5920358263738426,-0.4387122392465852,-1.1284513485090126,0.0,0.0,0.9732044933421918,1.665255112159657,3.6942585927788634,5.020376016284415,0.6238805970149254,0.0,335.0,0.0,0.0,336.0,0.0,0.15524869883699968,0.6901397635466904,-0.012798299168146737,0.058967806912816945,0.8337668854214624,-0.14349250128825375,0.06244484458303212,0.052606273668973226,,,,,,,,
2022-12-01 00:00:00+00:00,-2.024027679172599,-0.4597534395203984,-1.1494925487828258,0.0,0.0,0.9608903788634784,1.6105582441563344,3.751903519382735,5.0990622568392245,0.5940298507462687,0.0,335.0,0.0,0.0,336.0,0.0,0.3033783755255552,0.35933844511700597,-0.0033918725418827108,0.04428242192480543,1.0962117936051552,-0.0474678829510804,0.036650185358089615,0.0524148015161641,,,,,,,,
2023-01-01 00:00:00+00:00,-2.426916912388766,-0.45595786575225444,-1.145696975014682,0.0,0.0,0.9661861136226669,1.6617099185428745,4.024771068062811,4.919567388142736,0.6179104477611941,0.0,335.0,0.0,0.0,336.0,0.0,0.4299442331869194,0.15112424407241792,0.002561964555617454,0.035028723325874034,1.012978655676957,0.006100832075761176,0.043959851978305764,0.05241272486010815,,,,,,,,
2023-02-01 00:00:00+00:00,-1.8170255335339887,-0.4081644229447205,-1.097903532207148,0.0,0.0,0.9557960972105425,1.7058621069390711,4.5829547213704664,4.998407737743877,0.5880597014925373,0.0,335.0,0.0,0.0,336.0,0.0,0.4516221148255766,0.06517793550447301,0.0049891242788502365,0.031218506088291173,0.8884190805911056,0.026753080619833725,0.27738452466780217,0.037571600604406924,,,,,,,,
2023-03-01 00:00:00+00:00,-1.7540770238087475,-0.49211281781106553,-1.181851927073493,0.0,0.0,0.9686224961871762,1.741525898963986,3.9181011181537984,4.80372079313514,0.6119402985074627,0.0,335.0,0.0,0.0,336.0,0.0,0.4483948674897073,0.07745486297346242,0.004642288493256599,0.0317628139912709,0.9116088218392451,-0.0651795911568609,0.19980141628855996,0.03747519253608957,,,,,,,,
2023-04-01 00:00:00+00:00,-1.6659612851052725,-0.4082394708266962,-1.0979785800891237,0.0,0.0,0.9663410550821222,1.7720143272251214,3.7120366955094792,4.806822985141516,0.582089552238806,0.0,335.0,0.0,0.0,336.0,0.0,0.4829482561167128,0.04372751633683963,0.005620715113043045,0.03025949240492873,0.8424037728091729,0.04615816064161393,0.17654413876143416,0.036766102211449804,,,,,,,,
2023-05-01 00:00:00+00:00,-1.6744596462596248,-0.41870569447595135,-1.1084448037383787,0.0,0.0,1.0092803900022833,1.8071475114420152,3.6317361949883233,4.636583633408146,0.6059701492537314,0.0,335.0,0.0,0.0,336.0,0.0,0.46779326485792005,0.025000014934956308,0.006129780965430421,0.029435439077291754,0.7919285515524559,0.08652595800570317,0.12400857045894931,0.03568112617321866,,,,,,,,
2023-06-01 00:00:00+00:00,-1.2808383631623,-0.31287421056110964,-1.0026133198235372,0.0,0.0,1.0227956660959168,1.8150105381451473,3.5858065554406067,4.616411668113468,0.5761194029850746,0.0,335.0,0.0,0.0,336.0,0.0,0.49670771293485083,0.03143445150786004,0.005978496669677256,0.02971119380983664,0.8107333070237583,0.0791149780455136,0.14013128679302334,0.03610214679209204,,,,,,,,
2023-07-01 00:00:00+00:00,-1.115778589041732,-0.2465277732566574,-0.9362668825190849,0.0,0.0,0.98038692683526,1.8476992355348703,3.5013344746076194,4.608548951564369,0.6,0.0,335.0,0.0,0.0,336.0,0.0,0.46665255115336945,0.026255506116027304,0.006093504304330228,0.02949135453588829,0.7955829429750145,0.11219618059968894,0.12232817131645213,0.03551719107303138,,,,,,,,
2023-08-01 00:00:00+00:00,-1.1348624623750991,-0.30234847920600416,-0.9920875884684316,0.0,0.0,1.0212232422787095,1.8968240312192044,3.3032871729487407,4.573362553734222,0.5701492537313433,0.0,335.0,0.0,0.0,336.0,0.0,0.48645794421468447,0.025873419910740873,0.006123932286532918,0.02946828425272894,0.7953035430320112,0.09563156935825212,0.11920742184465105,0.03555375191003834,,,,,,,,
2023-09-01 00:00:00+00:00,-1.072595540598482,-0.264809976731183,-0.9545490859936104,0.0,0.0,0.9996247625420149,1.954513696781586,3.3347980248532663,4.526400047487205,0.5940298507462687,0.0,335.0,0.0,0.0,336.0,0.0,0.47918050488702013,0.01855506824057133,0.006321515294527752,0.029146681458158838,0.7723754250779133,0.0841324970420203,0.11648537296805905,0.035530015476035334,,,,,,,,
