datetime,rtadf,bsadf,bsadf_gap,bubble_flag,bubble_age,ssa_noise_vol,cusum,cusum_sq,chow_f,qlr_f,qlr_loc,bp_nbreaks,bp_since,bp_dmean,rup_ncp,rup_since,rup_lvr,hmm_p_bull,hmm_p_bear,hmm_mu,hmm_sig,hmm_entropy,mom_7,mom_35,vol_35,fwd_ret,dir_up,bubble_ends_h,fold,proba_up,tau,tau_lb,tau_ub
2025-07-11 13:30:00+00:00,,,,,0.0,,,,,,,,,,,,,,,,,,,,,-0.08565414922387626,0.0,,,,,,
2025-07-11 14:30:00+00:00,,,,,0.0,,,,,,,,,,,,,,,,,,,,,-0.08575243011811651,0.0,,,,,,
2025-07-11 15:30:00+00:00,,,,,0.0,,,,,,,,,,,,,,,,,,,,,-0.07677180525005811,0.0,,,,,,
2025-07-11 16:30:00+00:00,,,,,0.0,,,,,,,,,,,,,,,,,,,,,-0.07229622697710214,0.0,,,,,,
2025-07-11 17:30:00+00:00,,,,,0.0,,,,,,,,,,,,,,,,,,,,,-0.07598160911744589,0.0,,,,,,
2025-07-11 18:30:00+00:00,,,,,0.0,,,,,,,,,,,,,,,,,,,,,-0.07759202596825965,0.0,,,,,,
2025-07-11 19:30:00+00:00,,,,,0.0,,,,,,,,,,,,,,,,,,,,,-0.08417905914636936,0.0,,,,,,
2025-07-14 13:30:00+00:00,,,,,0.0,,,,,,,,,,,,,,,,,,-0.048380586339721976,,,0.0005056684289979074,1.0,,,,,,
2025-07-14 14:30:00+00:00,,,,,0.0,,,,,,,,,,,,,,,,,,-0.052939927973800316,,,0.0032227765482697457,1.0,,,,,,
2025-07-14 15:30:00+00:00,,,,,0.0,,,,,,,,,,,,,,,,,,-0.03030782625130124,,,0.0016800822727480735,1.0,,,,,,
2025-07-14 16:30:00+00:00,,,,,0.0,,,,,,,,,,,,,,,,,,-0.039292231828691904,,,0.004386747952917602,1.0,,,,,,
2025-07-14 17:30:00+00:00,,,,,0.0,,,,,,,,,,,,,,,,,,-0.040896374807097846,,,0.005225488152917901,1.0,,,,,,
2025-07-14 18:30:00+00:00,,,,,0.0,,,,,,,,,,,,,,,,,,-0.05065835385229134,,,0.004896541635779794,1.0,,,,,,
2025-07-14 19:30:00+00:00,,,,,0.0,,,,,,,,,,,,,,,,,,-0.04372101132279038,,,-0.011490499889253769,0.0,,,,,,
2025-07-15 13:30:00+00:00,,,,,0.0,,,,,,,,,,,,,,,,,,-0.019580118403419444,,,0.010944011327744807,1.0,,,,,,
2025-07-15 14:30:00+00:00,,,,,0.0,,,,,,,,,,,,,,,,,,-0.01973130031627468,,,0.04257409046571414,1.0,,,,,,
2025-07-15 15:30:00+00:00,,,,,0.0,,,,,,,,,,,,,,,,,,-0.03891809252101597,,,0.04779065049824638,1.0,,,,,,
2025-07-15 16:30:00+00:00,,,,,0.0,,,,,,,,,,,,,,,,,,-0.034053153711699036,,,0.05678901464461639,1.0,,,,,,
2025-07-15 17:30:00+00:00,,,,,0.0,,,,,,,,,,,,,,,,,,-0.028455809202931004,,,0.052336051355736934,1.0,,,,,,
2025-07-15 18:30:00+00:00,,,,,0.0,,,,,,,,,,,,,,,,,,-0.030068409796831563,,,0.05662523291449606,1.0,,,,,,
2025-07-15 19:30:00+00:00,,,,,0.0,,,,,,,,,,,,,,,,,,-0.04326113038120827,,,0.06289244279992134,1.0,,,,,,
2025-07-16 13:30:00+00:00,,,,,0.0,,,,,,,,,,,,,,,,,,-0.017693444480734843,,,0.1033283710183035,1.0,,,,,,
2025-07-16 14:30:00+00:00,,,,,0.0,,,,,,,,,,,,,,,,,,-0.013081201828041511,,,0.10679912008477643,1.0,,,,,,
2025-07-16 15:30:00+00:00,,,,,0.0,,,,,,,,,,,,,,,,,,-0.007545886477740904,,,0.09663839681121367,1.0,,,,,,
2025-07-16 16:30:00+00:00,,,,,0.0,,,,,,,,,,,,,,,,,,0.001049158563288799,,,0.09464267900973233,1.0,,,,,,
2025-07-16 17:30:00+00:00,,,,,0.0,,,,,,,,,,,,,,,,,,-0.006629425107417042,,,0.08967717936816166,1.0,,,,,,
2025-07-16 18:30:00+00:00,,,,,0.0,,,,,,,,,,,,,,,,,,0.0031347376808632532,,,0.07791372228885063,1.0,,,,,,
2025-07-16 19:30:00+00:00,,,,,0.0,,,,,,,,,,,,,,,,,,0.0028030825576292884,,,0.08063465038038542,1.0,,,,,,
2025-07-17 13:30:00+00:00,,,,,0.0,,,,,,,,,,,,,,,,,,0.037779231313152195,,,0.05603428368652574,1.0,,,,,,
2025-07-17 14:30:00+00:00,,,,,0.0,,,,,,,,,,,,,,,,,,0.03603527869258594,,,0.0707638413921905,1.0,,,,,,
2025-07-17 15:30:00+00:00,,,,,0.0,,,,,,,,,,,,,,,,,,0.048144061271504945,,,0.05810734728760636,1.0,,,,,,
2025-07-17 16:30:00+00:00,,,,,0.0,,,,,,,,,,,,,,,,,,0.03739074310132784,,,0.056933913050720264,1.0,,,,,,
2025-07-17 17:30:00+00:00,,,,,0.0,,,,,,,,,,,,,,,,,,0.04031072246326595,,,0.05319968091542693,1.0,,,,,,
2025-07-17 18:30:00+00:00,,,,,0.0,,,,,,,,,,,,,,,,,,0.031830213751748104,,,0.07070947390738747,1.0,,,,,,
2025-07-17 19:30:00+00:00,,,,,0.0,,,,,,,,,,,,,,,,,,0.02896754793432521,,,0.08187129851778163,1.0,,,,,,
2025-07-18 13:30:00+00:00,,,,,0.0,,,,,,,,,,,,,,,,,,-0.009141775504672545,-0.05701669341539661,0.012321822607609563,0.08192477413885646,1.0,,,,,,
2025-07-18 14:30:00+00:00,,,,,0.0,,,,,,,,,,,,,,,,,,0.019620013601169717,-0.030097137824360853,0.013048793786849137,0.05618003123087556,1.0,,,,,,
2025-07-18 15:30:00+00:00,,,,,0.0,,,,,,,,,,,,,,,,,,0.007192475704482337,-0.02143526827407083,0.012906377192904795,0.06156537717971888,1.0,,,,,,
2025-07-18 16:30:00+00:00,,,,,0.0,,,,,,,,,,,,,,,,,,0.01834911297999975,-0.016556370895774553,0.01297736236503708,0.051698156721371014,1.0,,,,,,
2025-07-18 17:30:00+00:00,,-1.8461518853972374,-1.9997485494637735,0.0,0.0,,,,,,,,,,,,,,,,,,0.01865475399988803,-0.017016132654291916,0.01297490198051275,0.05599342048027989,1.0,,,,,,
2025-07-18 18:30:00+00:00,,-1.5734062191607916,-1.6968307949648882,0.0,0.0,,,,,,,,,,,,,,,,,,0.021660281481884702,-0.02410153073462684,0.012889745873667093,0.05171353328744477,1.0,,,,,,
2025-07-18 19:30:00+00:00,,-1.5561377101034957,-1.7290469532602968,0.0,0.0,,,,,,,,,,,,,,,,,,0.031121812307966845,-0.024089698904077306,0.012889777648145391,0.05668232575013521,1.0,,,,,,
2025-07-21 13:30:00+00:00,,-0.8051359164323713,-0.7592933471457957,0.0,0.0,,,,,,,,,,,,,,,,,,0.07469091520982385,0.06605480813414921,0.012304093915089877,0.005047194098944718,1.0,,,,,,
2025-07-21 14:30:00+00:00,,-0.7403416339238135,-0.7738390670083289,0.0,0.0,,,,,,,,,,,,,,,,,,0.05114382779102078,0.07398661794046024,0.01219648125045444,0.007544825728952098,1.0,,,,,,
2025-07-21 15:30:00+00:00,,-1.073349601879768,-1.3078909022532827,0.0,0.0,,,,,,,,,,,,,,,,,,0.041301859835226384,0.050174417812456795,0.012388461663682055,0.010657891167311195,1.0,,,,,,
2025-07-21 16:30:00+00:00,,-0.2163190974258724,-0.7039595463008432,0.0,0.0,,,,,,,,,,,,,,,,,,0.038902822928404746,0.0616386838613221,0.012349487420382574,0.0009534016025343206,1.0,,,,,,
2025-07-21 17:30:00+00:00,,-0.16478276158840469,-0.5248151923365737,0.0,0.0,,,,,,,,,,,,,,,,,,0.030711702905007687,0.05459194505781362,0.012427726715108374,0.004470688821398561,1.0,,,,,,
2025-07-21 18:30:00+00:00,,-0.3777268311553138,-0.8043684877836477,0.0,0.0,,,,,,,,,,,,,,,,,,0.024423227055217822,0.05098005017288232,0.012468998497692873,0.016589963171444566,1.0,,,,,,
2025-07-21 19:30:00+00:00,,-0.4972000218028,-0.8978418710350019,0.0,0.0,,,,,,,,,,,,,,,,,,0.020545290138093364,0.04017660255680644,0.01245074057553842,0.02832333454964653,1.0,,,,,,
2025-07-22 13:30:00+00:00,,-0.264878262657944,-0.6843100886017661,0.0,0.0,,,,,,,,,,,,,,,,,,-0.009514856018625562,0.0761200705189431,0.011858947782657388,0.0003186308490485956,1.0,,,,,,
2025-07-22 14:30:00+00:00,,-0.06420796053325435,-0.4020209937742981,0.0,0.0,,,,,,,,,,,,,,,,,,0.0,0.09371791825673492,0.011797918593614004,-0.03076182930930793,0.0,,,,,,
2025-07-22 15:30:00+00:00,,-0.16053079259882003,-0.5786889318922681,0.0,0.0,,,,,,,,,,,,,,,,,,0.009613011747897637,0.0987055220813704,0.011683824875644809,-0.03340242400764781,0.0,,,,,,
2025-07-22 16:30:00+00:00,,-0.30538398341415146,-0.6842570432267439,0.0,0.0,,,,,,,,,,,,,,,,,,-0.00031802285768423033,0.0953738147153369,0.011726837543290618,-0.011564698703251164,0.0,,,,,,
2025-07-22 17:30:00+00:00,,-0.3921177078359553,-0.7648493806364621,0.0,0.0,,,,,,,,,,,,,,,,,,0.003833224010531211,0.08688097827127583,0.011742708400193723,-0.013481188921894205,0.0,,,,,,
2025-07-22 18:30:00+00:00,,-0.11638487625823271,-0.6084836321190535,0.0,0.0,,,,,,,,,,,,,,,,,,0.02462596537028494,0.10567442533999882,0.01190683900198679,-0.030595152080800325,0.0,,,,,,
2025-07-22 19:30:00+00:00,,-0.06609165758432836,-0.5430832617381983,0.0,0.0,,,,,,,,,,,,,,,,,,0.030204196071721423,0.11364192900973613,0.011809568920280764,-0.03473346264148569,0.0,,,,,,
2025-07-23 13:30:00+00:00,,-0.11207672704941155,-0.49688084288448175,0.0,0.0,,,,,,,,,,,,,,,,,,0.016748714947658172,0.11056222994733611,0.011827117478852059,-0.042900309588440155,0.0,,,,,,
2025-07-23 14:30:00+00:00,,-0.19111720360255197,-0.6108072951998509,0.0,0.0,,,,,,,,,,,,,,,,,,0.005036203439854781,0.11183532352463121,0.011809071486472285,-0.03742640754912907,0.0,,,,,,
2025-07-23 15:30:00+00:00,,-0.1911956846227693,-0.6279413420290401,0.0,0.0,,,,,,,,,,,,,,,,,,0.010650505596594861,0.11690191415570617,0.011757529391694176,-0.024269612036265098,0.0,,,,,,
2025-07-23 16:30:00+00:00,,-0.2477356920016022,-0.5903760028787657,0.0,0.0,,,,,,,,,,,,,,,,,,0.013113356650650498,0.1074380128026986,0.01175850764132049,-0.028821317416907632,0.0,,,,,,
2025-07-23 17:30:00+00:00,,-0.163073226891595,-0.48562652444635157,0.0,0.0,,,,,,,,,,,,,,,,,,0.02144849356474099,0.11495889694343386,0.011739854281779476,-0.0432042217827564,0.0,,,,,,
2025-07-23 18:30:00+00:00,,-0.23688547819937036,-0.4701820752545153,0.0,0.0,,,,,,,,,,,,,,,,,,0.002664340861942005,0.10520402852107757,0.01177385302825443,-0.04138301456491744,0.0,,,,,,
2025-07-23 19:30:00+00:00,,-0.1664717676538674,-0.4301145414705018,0.0,0.0,,,,,,,,,,,,,,,,,,0.005932839540320423,0.11677168599242727,0.01167251786762826,-0.04521617638006248,0.0,,,,,,
2025-07-24 13:30:00+00:00,,-0.34191181913295604,-0.557203895756228,0.0,0.0,,,,,,,,,,,,,,,,,,-0.002186664830087892,0.07059633380409602,0.010225629142018976,-0.03907935304069188,0.0,,,,,,
2025-07-24 14:30:00+00:00,,-0.3371380292855146,-0.5884080308300182,0.0,0.0,,,,,,,,,,,,,,,,,,0.0025086222890973175,0.0783086671211426,0.010155063102483028,-0.059353120571337126,0.0,,,,,,
2025-07-24 15:30:00+00:00,,-0.5181298055634014,-0.8636352819045354,0.0,0.0,,,,,,,,,,,,,,,,,,-0.009605626177181303,0.05915222670701992,0.010307842982363034,-0.04134958195568661,0.0,,,,,,
2025-07-24 16:30:00+00:00,,-0.6144597978817922,-0.9237512656332386,0.0,0.0,,,,,,,,,,,,,,,,,,-0.011841932190431947,0.058205337510938815,0.010321364207333452,-0.02835238758312375,0.0,,,,,,
2025-07-24 17:30:00+00:00,,-0.6725147274472454,-1.058729794129181,0.0,0.0,,,,,,,,,,,,,,,,,,-0.02081102875387364,0.05383714572629428,0.010351677413767838,-0.026310953142318017,0.0,,,,,,
2025-07-24 18:30:00+00:00,,-0.6100451798118716,-0.726615728110588,0.0,0.0,,,,,,,,,,,,,,,,,,-0.01070034306078238,0.06267347170854709,0.01037431462981321,-0.03035645297346745,0.0,,,,,,
2025-07-24 19:30:00+00:00,,-0.5151234346660611,-0.8209785688407811,0.0,0.0,,,,,,,,,,,,,,,,,,-0.007813701062395317,0.07999043699570674,0.010258457219323733,-0.0459076042241815,0.0,,,,,,
2025-07-25 13:30:00+00:00,,-0.7082968588992361,-1.2397496034337978,0.0,0.0,,,,,,,,,,,,,,,,,,-0.014243419268521684,0.06549469004024688,0.010666218492292712,-0.04146597251429762,0.0,,,,,,
2025-07-25 14:30:00+00:00,,-0.9624206345575089,-1.4448749141237922,0.0,0.0,,,,,,,,,,,,,,,,,,-0.03830665503826003,0.02038199848171285,0.010656318654457516,-0.029389580796985726,0.0,,,,,,
2025-07-25 15:30:00+00:00,,-1.012780134628614,-1.3610306956594835,0.0,0.0,,,,,,,,,,,,,,,,,,-0.03444730342706137,0.01751244757547621,0.010700863780343524,-0.014683150996673167,0.0,,,,,,
2025-07-25 16:30:00+00:00,,-0.9709853003960417,-1.4480016811122687,0.0,0.0,,,,,,,,,,,,,,,,,,-0.012836123163469715,0.02702010136746935,0.011020557176270648,-0.03165892307995177,0.0,,,,,,
2025-07-25 17:30:00+00:00,,-0.9917943107634304,-1.5740856550425586,0.0,0.0,,,,,,,,,,,,,,,,,,-0.014118653732761555,0.021063737993644693,0.011052519666642491,-0.03938229333780896,0.0,,,,,,
2025-07-25 18:30:00+00:00,,-1.0111647327029805,-1.4454545002200336,0.0,0.0,,,,,,,,,,,,,,,,,,-0.02255914988195995,0.018454040344702438,0.01105748358784926,-0.035576872455738595,0.0,,,,,,
2025-07-25 19:30:00+00:00,,-1.02995831855455,-1.3006819654775323,0.0,0.0,,,,,,,,,,,,,,,,,,-0.032852601119410796,0.016016023568329096,0.011065373116573513,-0.022959380695055653,0.0,,,,,,
2025-07-28 13:30:00+00:00,,-1.0680815322432946,-1.4300377118766616,0.0,0.0,,,,,,,,,,,,,,,,,,-0.02647022548983058,-0.035666450659407545,0.008352318818222206,-0.007716994706192359,0.0,,,,,,
2025-07-28 14:30:00+00:00,,-1.0705074004196684,-1.4218845553688761,0.0,0.0,,,,,,,,,,,,,,,,,,-0.001628374799966359,-0.03239020410927429,0.008386007673774993,-0.023414128028637737,0.0,,,,,,
2025-07-28 15:30:00+00:00,,-1.0392665973309672,-1.5009627901495126,0.0,0.0,,,,,,,,,,,,,,,,,,0.019783317567977576,-0.004006094691772599,0.008505615412900102,-0.030154651942016386,0.0,,,,,,
2025-07-28 16:30:00+00:00,,-1.070328922337817,-1.2994085863135698,0.0,0.0,,,,,,,,,,,,,,,,,,-0.00414326206300597,-0.016025983623941364,0.008498297276459683,-0.03501633384634317,0.0,,,,,,
2025-07-28 17:30:00+00:00,,-1.1209031832927538,-1.467427306592616,0.0,0.0,,,,,,,,,,,,,,,,,,-0.008274539296121208,-0.017922504207484202,0.008544138356700695,-0.027249667512939446,0.0,,,,,,
2025-07-28 18:30:00+00:00,,-1.135730561578423,-1.5132291666780446,0.0,0.0,,,,,,,,,,,,,,,,,,-0.008123521622175112,-0.014092708332690496,0.008507650793032633,-0.02636403084245975,0.0,,,,,,
2025-07-28 19:30:00+00:00,,-1.1421021177559196,-1.5100784798296487,0.0,0.0,,,,,,,,,,,,,,,,,,-0.004549874198256365,-0.009079140768020633,0.008498186764335678,-0.02406582102712207,0.0,,,,,,
2025-07-29 13:30:00+00:00,,-1.1552272515499373,-1.5414710947465142,0.0,0.0,,,,,,,,,,,,,,,,,,0.0016342917176603855,-0.024517302923121598,0.008194080642530669,-0.06580213508116595,0.0,,,,,,
2025-07-29 14:30:00+00:00,,-0.8485040450565441,-1.2427399251109068,0.0,0.0,,,,,,,,,,,,,,,,,,-0.019418090733110738,-0.05180829484238503,0.008456772296772799,-0.050261847850604724,0.0,,,,,,
2025-07-29 15:30:00+00:00,,-1.1181588216743101,-1.4190459766467425,0.0,0.0,,,,,,,,,,,,,,,,,,-0.026685596096602815,-0.04030470253627305,0.008583006829121914,-0.05039104170503439,0.0,,,,,,
2025-07-29 16:30:00+00:00,,-1.209537369478849,-1.4990843488878034,0.0,0.0,,,,,,,,,,,,,,,,,,-0.011373002356648065,-0.0270809631229052,0.008742092780815,-0.07039440982795098,0.0,,,,,,
2025-07-29 17:30:00+00:00,,-1.217914873785252,-1.4992582893721145,0.0,0.0,,,,,,,,,,,,,,,,,,-0.0039177601134352535,-0.025673488331450667,0.008737683126603417,-0.07292600056642051,0.0,,,,,,
2025-07-29 18:30:00+00:00,,-1.2234235857321147,-1.5160356948444673,0.0,0.0,,,,,,,,,,,,,,,,,,0.0003262185306676102,-0.03839245517230783,0.00828884264554379,-0.08045045079119362,0.0,,,,,,
2025-07-29 19:30:00+00:00,,-1.1113039062834316,-1.461509452401057,0.0,0.0,,,,,,,,,,,,,,,,,,-0.008505128906514337,-0.04778846574625639,0.008331148879105854,-0.06936841880295663,0.0,,,,,,
2025-07-30 13:30:00+00:00,,-0.8490343338812532,-1.0503820348590043,0.0,0.0,,,,,,,,,,,,,,,,,,-0.01663003874212743,-0.0578960566129072,0.008478663183142172,-0.036177024824178616,0.0,,,,,,
2025-07-30 14:30:00+00:00,,-0.6120038766658433,-0.8459959121047513,0.0,0.0,,,,,,,,,,,,,,,,,,-0.00834311526390863,-0.06518761354614844,0.008573477538485464,-0.02442452830078201,0.0,,,,,,
2025-07-30 15:30:00+00:00,,-0.9200132004541426,-1.2920192083124444,0.0,0.0,,,,,,,,,,,,,,,,,,-0.007780872468047928,-0.05873608060091584,0.008720970583633449,-0.03266673133391862,0.0,,,,,,
2025-07-30 16:30:00+00:00,,-0.9409078457081727,-1.3164782815864973,0.0,0.0,,,,,,,,,,,,,,,,,,-0.016142658660297737,-0.056336978433853435,0.008731280858001574,-0.0344628850118851,0.0,,,,,,
2025-07-30 17:30:00+00:00,,-0.5827240827746989,-1.0261632377602488,0.0,0.0,,,,,,,,,,,,,,,,,,-0.0271899939282525,-0.07431197582444415,0.008802098289779209,-0.021747353267032032,0.0,,,,,,
2025-07-30 18:30:00+00:00,,-0.6824861457935312,-1.2184066348304015,0.0,0.0,,,,,,,,,,,,,,,,,,-0.027779569364231094,-0.06883636539848093,0.008832369682306851,-0.026332945031417143,0.0,,,,,,
2025-07-30 19:30:00+00:00,,-1.0485726256793755,-1.4808978677408067,0.0,0.0,,,,,,,,,,,,,,,,,,-0.009904377590284952,-0.06362568287686177,0.009003547130285573,-0.03408463078639157,0.0,,,,,,
2025-07-31 13:30:00+00:00,,-1.219470794795612,-1.6668060873648798,0.0,0.0,,,,,,,,,,,,,,,,,,0.007278752318274684,-0.04843063946454462,0.009025967309715367,-0.040533589052290875,0.0,,,,,,
2025-07-31 14:30:00+00:00,,-0.9581644414182388,-1.4053278609560889,0.0,0.0,,,,,,,,,,,,,,,,,,0.00434707796838163,-0.06334915786686413,0.009172998739041299,-0.03290102843100273,0.0,,,,,,
2025-07-31 15:30:00+00:00,,-1.12823814880938,-1.551904358006214,0.0,0.0,,,,,,,,,,,,,,,,,,0.004311816622634357,-0.04481863780110018,0.009198015881668128,-0.02938671694807926,0.0,,,,,,
2025-07-31 16:30:00+00:00,,-0.8832663461736173,-1.158399118888689,0.0,0.0,,,,,,,,,,,,,,,,,,-0.00750067282939737,-0.05199571907281886,0.009334928536525585,-0.015002377933751365,0.0,,,,,,
2025-07-31 17:30:00+00:00,,-0.8785313392939962,-1.460145374725632,0.0,0.0,,,,,,,,,,,,,,,,,,0.0038580865287483057,-0.04964286054182221,0.009332007863441917,-0.014193687537429334,0.0,,,,,,
2025-07-31 18:30:00+00:00,,-0.8818331815638718,-1.296073361835028,0.0,0.0,,,,,,,,,,,,,,,,,,0.0010893199911037321,-0.05704670234659481,0.009219144543084363,-0.01092965750012187,0.0,,,,,,
2025-07-31 19:30:00+00:00,,-0.9902124964357079,-1.5184117228853395,0.0,0.0,,,,,,,,,,,,,,,,,,-0.005656314530322781,-0.06146829634478923,0.009107993397084676,-0.011409525155776645,0.0,,,,,,
2025-08-01 13:30:00+00:00,,0.02243786193155994,-0.41245593405917835,0.0,0.0,,,,,,,,,,,,,,,,,,-0.0564508486573132,-0.09063806885333614,0.011414573728332298,0.048009213988885246,1.0,,,,,,
2025-08-01 14:30:00+00:00,,0.08749286404455496,-0.3316876574256768,0.0,0.0,,,,,,,,,,,,,,,,,,-0.046265810555077724,-0.07130831338368182,0.01094304713027933,0.04392741977605663,1.0,,,,,,
2025-08-01 15:30:00+00:00,,-0.26405439577604223,-0.7288441055290897,0.0,0.0,,,,,,,,,,,,,,,,,,-0.04692198585962082,-0.05729332023365963,0.011029909364946548,0.03878034941350483,1.0,,,,,,
2025-08-01 16:30:00+00:00,,0.07809086852023744,-0.3980553277770008,0.0,0.0,,,,,,,,,,,,,,,,,,-0.04675107833825587,-0.08591067424760501,0.010598444808686658,0.04557924102145128,1.0,,,,,,
2025-08-01 17:30:00+00:00,,0.15791975044374315,-0.3540331961276397,0.0,0.0,,,,,,,,,,,,,,,,,,-0.04959409316691632,-0.08511829997597697,0.010595222017139926,0.04321178943242243,1.0,,,,,,
2025-08-01 18:30:00+00:00,,0.2589547510267273,-0.2174779456840304,0.0,0.0,,,,,,,,,,,,,,,,,,-0.053760201418066256,-0.08824775388270112,0.01059994091761931,0.04729091388951767,1.0,,,,,,
2025-08-01 19:30:00+00:00,,0.07361202608371785,-0.3621401973416778,0.0,0.0,,,,,,,,,,,,,,,,,,-0.0538077266823489,-0.08242342190772733,0.010654853915988097,0.03969458629838485,1.0,,,,,,
2025-08-04 13:30:00+00:00,,-0.6720079301540479,-1.0670819844713233,0.0,0.0,,,,,,,,,,,,,,,,,,0.012995071514859902,-0.05117277184864566,0.011383900226018394,0.0148656977219499,1.0,,,,,,
2025-08-04 14:30:00+00:00,,-0.7569152866480877,-1.3388290203818816,0.0,0.0,,,,,,,,,,,,,,,,,,0.017494204285914083,-0.05218573429780138,0.011371954850016394,0.008888890032632268,1.0,,,,,,
2025-08-04 15:30:00+00:00,,-0.766028219247839,-1.3041912581528452,0.0,0.0,,,,,,,,,,,,,,,,,,0.009943437903067842,-0.06713319989856936,0.01101402063570151,0.028002408618176045,1.0,,,,,,
2025-08-04 16:30:00+00:00,,-0.7590514721513424,-1.37854522528706,0.0,0.0,,,,,,,,,,,,,,,,,,0.019788866155768137,-0.061978546028830905,0.010990618168799196,0.026794854425339132,1.0,,,,,,
2025-08-04 17:30:00+00:00,,-0.781469518895204,-1.4493517840810295,0.0,0.0,,,,,,,,,,,,,,,,,,0.02398865337113598,-0.052855107308719784,0.010935940472789452,0.03111512613594991,1.0,,,,,,
2025-08-04 18:30:00+00:00,,-0.752843688104054,-1.4639677680428893,0.0,0.0,,,,,,,,,,,,,,,,,,0.02633793639554538,-0.05378629586498063,0.01093655749226811,0.035014142474025345,1.0,,,,,,
2025-08-04 19:30:00+00:00,,-0.8125575432587314,-1.5342853306805773,0.0,0.0,,,,,,,,,,,,,,,,,,0.025379410426280113,-0.052494137283190856,0.010949735139739817,0.033088820602960034,1.0,,,,,,
2025-08-05 13:30:00+00:00,,-0.8227149886632323,-1.446381257354755,0.0,0.0,,,,,,,,,,,,,,,,,,0.0029221880901624253,-0.04988487547614362,0.01095084193673745,0.04036877702362007,1.0,,,,,,
2025-08-05 14:30:00+00:00,,-0.760681224530835,-1.2137917178503161,0.0,0.0,,,,,,,,,,,,,,,,,,-0.004129422161839091,-0.03689706572652973,0.010606116888566138,0.04236560234914233,1.0,,,,,,
2025-08-05 15:30:00+00:00,,-0.9485423113590431,-1.450913795233185,0.0,0.0,,,,,,,,,,,,,,,,,,0.007591831008473715,-0.03285577279349283,0.010724604098121385,0.023245126945043104,1.0,,,,,,
2025-08-05 16:30:00+00:00,,-1.0089939913658572,-1.5300130843962996,0.0,0.0,,,,,,,,,,,,,,,,,,0.011959834248736367,-0.03864570942344647,0.010607752417364698,0.0220047101825811,1.0,,,,,,
2025-08-05 17:30:00+00:00,,-1.0195529539575525,-1.5536174610239424,0.0,0.0,,,,,,,,,,,,,,,,,,0.011411752258351004,-0.037525594936933526,0.010609824723656696,0.021064394514709317,1.0,,,,,,
2025-08-05 18:30:00+00:00,,-1.0594807156636616,-1.670943316781788,0.0,0.0,,,,,,,,,,,,,,,,,,0.016492607522399005,-0.03761990687324923,0.01060878775952566,0.020182363694817962,1.0,,,,,,
2025-08-05 19:30:00+00:00,,-1.1036571637766481,-1.6697088373283455,0.0,0.0,,,,,,,,,,,,,,,,,,0.01701879110029214,-0.02697021727638438,0.010580590455544344,0.017065839686099427,1.0,,,,,,
2025-08-06 13:30:00+00:00,,-1.233085620011836,-1.939743790793059,0.0,0.0,,,,,,,,,,,,,,,,,,0.03209195438386292,-0.0011628823501532715,0.010763478867124445,-0.01811518844923654,0.0,,,,,,
2025-08-06 14:30:00+00:00,,-1.2026998293254347,-1.7450686351520437,0.0,0.0,,,,,,,,,,,,,,,,,,0.03056263765198164,0.0020086871893605363,0.010697411764816386,-0.013129270927530357,0.0,,,,,,
2025-08-06 15:30:00+00:00,,-1.2212391337203155,-2.019680253412292,0.0,0.0,,,,,,,,,,,,,,,,,,0.021245080501963276,-0.0038298198234816283,0.010612256580008124,-0.006695668013115164,0.0,,,,,,
2025-08-06 16:30:00+00:00,,-1.208593014593866,-1.9558228478369384,0.0,0.0,,,,,,,,,,,,,,,,,,0.013830540616946774,-0.008672510146201962,0.01063119155182607,-0.015360245191106792,0.0,,,,,,
2025-08-06 17:30:00+00:00,,-1.1830754001400425,-1.799572300036977,0.0,0.0,,,,,,,,,,,,,,,,,,0.007811383802935445,-0.0025242172057455825,0.01048053961598229,-0.00914016352265623,0.0,,,,,,
2025-08-06 18:30:00+00:00,,-1.1878126724495544,-1.7549064288893503,0.0,0.0,,,,,,,,,,,,,,,,,,0.004460369971573286,-0.005379967537444852,0.010472240006582279,-0.007954704347151509,0.0,,,,,,
2025-08-06 19:30:00+00:00,,-1.1655195770817404,-1.801898680993256,0.0,0.0,,,,,,,,,,,,,,,,,,-0.002703615228187406,-0.019769454914286833,0.01031595014255682,-0.00832555769134169,0.0,,,,,,
2025-08-07 13:30:00+00:00,,-1.1527957415052916,-1.8328248651586394,0.0,0.0,,,,,,,,,,,,,,,,,,-0.020148444752075445,-0.0285900794205034,0.010247077635331458,0.05285247125149084,1.0,,,,,,
2025-08-07 14:30:00+00:00,,-1.1274803851696278,-1.7401434800637618,0.0,0.0,,,,,,,,,,,,,,,,,,-0.01754432545751028,-0.019882716236531373,0.01006910784070704,0.05560665834520995,1.0,,,,,,
2025-08-07 15:30:00+00:00,,-1.3007585415048522,-1.8148733976547848,0.0,0.0,,,,,,,,,,,,,,,,,,-0.0008345028922609465,-0.008976139338376932,0.010505876219476807,0.03800620772504404,1.0,,,,,,
2025-08-07 16:30:00+00:00,,-1.2941764375379168,-1.709557157520789,0.0,0.0,,,,,,,,,,,,,,,,,,0.0010044795596559908,-0.00016735775714860068,0.010345672605206606,0.03744284032761991,1.0,,,,,,
2025-08-07 17:30:00+00:00,,-1.3229724394866509,-1.6524117092418242,0.0,0.0,,,,,,,,,,,,,,,,,,0.011891990074663461,0.005509686340169573,0.010379392870166568,0.03661732812668639,1.0,,,,,,
2025-08-07 18:30:00+00:00,,-1.3378832039157884,-1.607057444336323,0.0,0.0,,,,,,,,,,,,,,,,,,0.014061164980053054,0.00759187745150447,0.010381961109660765,0.038798689563547484,1.0,,,,,,
2025-08-07 19:30:00+00:00,,-1.3488560561963343,-1.705179133521876,0.0,0.0,,,,,,,,,,,,,,,,,,0.0187736447308553,0.004660504346891248,0.010362947029384706,0.04131335779630518,1.0,,,,,,
2025-08-08 13:30:00+00:00,,-1.3313438416698082,-1.7035033895010376,0.0,0.0,,,,,,,,,,,,,,,,,,0.028425267391832598,0.0562860366286424,0.00696177253199951,0.038167643847939026,1.0,,,,,,
2025-08-08 14:30:00+00:00,,-1.3566005754147596,-1.9126591330591962,0.0,0.0,,,,,,,,,,,,,,,,,,0.02934729015467097,0.05573038447321732,0.006970683300067357,0.04807382672350746,1.0,,,,,,
2025-08-08 15:30:00+00:00,,-1.376346274259994,-1.7506830324370433,0.0,0.0,,,,,,,,,,,,,,,,,,0.0028345493353407747,0.04078039585658466,0.0070564642324369275,0.043655144094767895,1.0,,,,,,
2025-08-08 16:30:00+00:00,,-1.2185219504712392,-1.6327889469298107,0.0,0.0,,,,,,,,,,,,,,,,,,0.007169690005978335,0.053753410587085604,0.006742632039640024,0.042130329225921415,1.0,,,,,,
2025-08-08 17:30:00+00:00,,-1.27102844227837,-1.6894034060062308,0.0,0.0,,,,,,,,,,,,,,,,,,0.0013610206371104105,0.0564648001441963,0.00669835522786297,0.04642962033392006,1.0,,,,,,
2025-08-08 18:30:00+00:00,,-1.0683629019142105,-1.6999669803118962,0.0,0.0,,,,,,,,,,,,,,,,,,0.0016608287431916224,0.06301290761276235,0.00661102730489158,0.04953272434482381,1.0,,,,,,
2025-08-08 19:30:00+00:00,,-1.0858256409098548,-1.5831145720074564,0.0,0.0,,,,,,,,,,,,,,,,,,0.0009958101834315336,0.05946404121267168,0.006605394553923159,0.05140941822046319,1.0,,,,,,
2025-08-11 13:30:00+00:00,,-1.3500502226594615,-1.9727216663538543,0.0,0.0,,,,,,,,,,,,,,,,,,-0.026392011088993694,0.016898954024788804,0.006589496902423217,0.03962749037842439,1.0,,,,,,
2025-08-11 14:30:00+00:00,,-1.3503207165287876,-1.9531469546031963,0.0,0.0,,,,,,,,,,,,,,,,,,-0.024932235624691046,0.013303944562612191,0.006583879611004391,0.04699739985271245,1.0,,,,,,
2025-08-11 15:30:00+00:00,,-1.4282359642873805,-1.9099663167007723,0.0,0.0,,,,,,,,,,,,,,,,,,-0.008695714456194992,0.022141243497321828,0.006734039752314497,0.035149188347920024,1.0,,,,,,
2025-08-11 16:30:00+00:00,,-1.3306266927931267,-1.7553212933832512,0.0,0.0,,,,,,,,,,,,,,,,,,-0.023534414756741118,0.01043012967457635,0.007096954648869125,0.05267862868530271,1.0,,,,,,
2025-08-11 17:30:00+00:00,,-1.337417478493016,-1.8546493655737009,0.0,0.0,,,,,,,,,,,,,,,,,,-0.022393174234430102,0.01008297253863022,0.007096637148616902,0.053789749325491965,1.0,,,,,,
2025-08-11 18:30:00+00:00,,-1.35076300427437,-1.9040863686686706,0.0,0.0,,,,,,,,,,,,,,,,,,-0.023676698070396185,0.012998273146820782,0.0070832432159404456,0.05953452941910209,1.0,,,,,,
2025-08-11 19:30:00+00:00,,-1.3162351880072793,-1.7294162854979747,0.0,0.0,,,,,,,,,,,,,,,,,,-0.028095012605628522,0.0059896181807630455,0.007108035373237254,0.06617935793904905,1.0,,,,,,
2025-08-12 13:30:00+00:00,,-1.2843248979000539,-1.668264084282318,0.0,0.0,,,,,,,,,,,,,,,,,,0.050819214948651936,0.06479598088327831,0.012195801221944786,-0.0007370678271527709,0.0,,,,,,
2025-08-12 14:30:00+00:00,,-1.1860813287223768,-1.5226722174650598,0.0,0.0,,,,,,,,,,,,,,,,,,0.051191603815230025,0.06862497053968131,0.012154508126328997,0.0020937408280619074,1.0,,,,,,
2025-08-12 15:30:00+00:00,,-1.1116933168255867,-1.5015316845804378,0.0,0.0,,,,,,,,,,,,,,,,,,0.043867372845898256,0.05841678533474637,0.012036926649389866,0.003049556018364097,1.0,,,,,,
2025-08-12 16:30:00+00:00,,-1.1896271667379745,-1.5931030014144998,0.0,0.0,,,,,,,,,,,,,,,,,,0.05380756507838269,0.05227786050422267,0.012055636595751774,0.006106354442822592,1.0,,,,,,
2025-08-12 17:30:00+00:00,,-1.05999606151142,-1.435008013416814,0.0,0.0,,,,,,,,,,,,,,,,,,0.05764948172400608,0.056320702004285295,0.012061644070391009,0.0028850846576786715,1.0,,,,,,
2025-08-12 18:30:00+00:00,,-0.9411482823484246,-1.2973169838166194,0.0,0.0,,,,,,,,,,,,,,,,,,0.060814558890752046,0.05732022451517382,0.012065839744344314,0.0019169164201096045,1.0,,,,,,
2025-08-12 19:30:00+00:00,,-0.8378248961868704,-1.118060118504319,0.0,0.0,,,,,,,,,,,,,,,,,,0.06841256021850217,0.057383387298973076,0.012066123243211387,-0.004151344378262589,0.0,,,,,,
2025-08-13 13:30:00+00:00,,-0.7086535273315786,-1.0586768724263917,0.0,0.0,,,,,,,,,,,,,,,,,,0.013740439988280784,0.04644446648769618,0.011847619955449884,-0.05177780737675919,0.0,,,,,,
2025-08-13 14:30:00+00:00,,-0.46726797372989143,-0.799361518731712,0.0,0.0,,,,,,,,,,,,,,,,,,0.021814458532968484,0.05987679142066815,0.011820754744287431,-0.05620459197999583,0.0,,,,,,
2025-08-13 15:30:00+00:00,,-0.8638682805811784,-1.1424139526557968,0.0,0.0,,,,,,,,,,,,,,,,,,0.00848348570506463,0.04565519053784772,0.012040925100309404,-0.04966719633715844,0.0,,,,,,
2025-08-13 16:30:00+00:00,,-0.8610544389663474,-1.1118200410962793,0.0,0.0,,,,,,,,,,,,,,,,,,0.011857178904279841,0.05030449879155574,0.012006143963329212,-0.047932107016599446,0.0,,,,,,
2025-08-13 17:30:00+00:00,,-0.7828241265097584,-0.9281315056721385,0.0,0.0,,,,,,,,,,,,,,,,,,0.011173312844344085,0.059682631045693935,0.01194251891278453,-0.059345696099772915,0.0,,,,,,
2025-08-13 18:30:00+00:00,,-0.662684458694049,-0.7968915218559348,0.0,0.0,,,,,,,,,,,,,,,,,,0.012394863524467947,0.06525471806806848,0.011949318564323857,-0.07015546162000241,0.0,,,,,,
2025-08-13 19:30:00+00:00,-1.8672493246619228,-0.6094925092621206,-0.9927909442751965,0.0,0.0,,,,,,,,,,,,,,,,,,0.011091870607589538,0.07117887313475002,0.011909845394178251,-0.06847525790656261,0.0,,,,,,
2025-08-14 13:30:00+00:00,-2.073833693753959,-1.3234456194683484,-1.6412511748430827,0.0,0.0,,,,,,,,,,,,,,,,,,-0.02493216455850833,0.041660746681263294,0.01320562534434437,-0.022510162882242835,0.0,,,,,,
2025-08-14 14:30:00+00:00,-2.047801284296513,-1.2542404081281269,-1.5531395076236285,0.0,0.0,,,,,,,,,,,,,,,,,,-0.026008662495486057,0.051412454382692374,0.013208846489314252,-0.03621200059460561,0.0,,,,,,
2025-08-14 15:30:00+00:00,-2.067230166908537,-1.2860498515954737,-1.7490579036328369,0.0,0.0,,,,,,,,,,,,,,,,,,-0.017201670203042863,0.029288023227065807,0.012867817668810878,-0.03834546396638849,0.0,,,,,,
2025-08-14 16:30:00+00:00,-2.081307612696049,-1.236192892773883,-1.5785508826926098,0.0,0.0,,,,,,,,,,,,,,,,,,-0.012986115297359824,0.036313903934539926,0.012874283729196702,-0.041010302776447016,0.0,,,,,,
2025-08-14 17:30:00+00:00,-2.077969453740661,-1.218908940802957,-1.5392780904533085,0.0,0.0,,,,,,,,,,,,,,,,,,-0.0150330452428582,0.03275759572817227,0.012856050108531974,-0.04279787897608811,0.0,,,,,,
2025-08-14 18:30:00+00:00,-1.8505188795730432,-1.1390930234434482,-1.6662064846399267,0.0,0.0,,,,,,,,,,,,,,,,,,-0.013674892996117904,0.03751866009189753,0.012889121940490293,-0.050400485446354004,0.0,,,,,,
2025-08-14 19:30:00+00:00,-1.8183780512439873,-1.1003988158409381,-1.83085074325166,0.0,0.0,,,,,,,,,,,,,,,,,,-0.013325072887042655,0.039080155516852066,0.012891556596222714,-0.04775266566305403,0.0,,,,,,
2025-08-15 13:30:00+00:00,-1.8339122016718565,-1.213307520763003,-1.9086995681562875,0.0,0.0,,,,,,,,,,,,,,,,,,0.010454656743074775,0.02369013603250547,0.01293753346840771,-0.059093558764315546,0.0,,,,,,
2025-08-15 14:30:00+00:00,-1.847735719094281,-1.1950660417529548,-1.628830197007351,0.0,0.0,,,,,,,,,,,,,,,,,,0.0062879447905794805,0.028353109018600886,0.012928117987123587,-0.05193082332070453,0.0,,,,,,
2025-08-15 15:30:00+00:00,-1.8321301165926067,-1.1670180151606888,-1.7917356852425628,0.0,0.0,,,,,,,,,,,,,,,,,,0.011767740516342329,0.03822121440806736,0.012849719200831335,-0.06351340672450556,0.0,,,,,,
2025-08-15 16:30:00+00:00,-1.8379595914673243,-1.1638124174140823,-1.653444519647108,0.0,0.0,,,,,,,,,,,,,,,,,,0.007235290835902575,0.036379504764464166,0.012848979200157437,-0.05804122313594018,0.0,,,,,,
2025-08-15 17:30:00+00:00,-1.7979889388816537,-1.1542998840546572,-1.8889345898303072,0.0,0.0,,,,,,,,,,,,,,,,,,0.006744817056192787,0.03814139214725465,0.012845007119159231,-0.06172554385988205,0.0,,,,,,
2025-08-15 18:30:00+00:00,-1.908385080387515,-1.1190343385340558,-1.9613047880251402,0.0,0.0,,,,,,,,,,,,,,,,,,0.0031969458917595617,0.039054777240465466,0.012847761826425424,-0.0642619603479826,0.0,,,,,,
2025-08-15 19:30:00+00:00,-1.9982208081055197,-1.1527690746684978,-1.8662259788539712,0.0,0.0,,,,,,,,,,,,,,,,,,-0.0019181420988094722,0.03616620323461106,0.012862215777576753,-0.0627268169110402,0.0,,,,,,
2025-08-18 13:30:00+00:00,-2.3210997725561096,-1.5843672445047037,-2.252627821443813,0.0,0.0,,,,,,,,,,,,,,,,,,-0.037300299561325634,0.012781847560173532,0.014496241528021774,-0.02128096355923148,0.0,,,,,,
2025-08-18 14:30:00+00:00,-2.3616214290461564,-1.5937566981588402,-2.342738087275831,0.0,0.0,,,,,,,,,,,,,,,,,,-0.036483874275089256,0.016801470368202676,0.014500898236763793,-0.027361931676828988,0.0,,,,,,
2025-08-18 15:30:00+00:00,-2.2953821129944045,-1.5474405095402213,-2.24699702430141,0.0,0.0,,,,,,,,,,,,,,,,,,-0.0442332666504579,0.0026836622138044497,0.014459756717032675,-0.02133146979477507,0.0,,,,,,
2025-08-18 16:30:00+00:00,-2.3561959747372208,-1.5680398013125911,-2.5586687226957463,0.0,0.0,,,,,,,,,,,,,,,,,,-0.0421812825551422,0.017732636966063087,0.014292150522425565,-0.019946364004988393,0.0,,,,,,
2025-08-18 17:30:00+00:00,-2.427264780073796,-1.4409249836633955,-2.337699726859268,0.0,0.0,,,,,,,,,,,,,,,,,,-0.0510574679131075,0.00947709846857725,0.014362927223773943,-0.007608469774293969,0.0,,,,,,
2025-08-18 18:30:00+00:00,-2.3968338800261653,-1.331534964642122,-2.174561049598651,0.0,0.0,,,,,,,,,,,,,,,,,,-0.05967751451564407,0.0030539607952175807,0.014398537066557833,-0.0006778021048332583,0.0,,,,,,
2025-08-18 19:30:00+00:00,-2.4834719008170723,-1.3770219887286186,-2.2787828179580263,0.0,0.0,,,,,,,,,,,,,,,,,,-0.05323204292071049,0.011029172919529096,0.014393648178822362,-0.0037193180225290057,0.0,,,,,,
2025-08-19 13:30:00+00:00,-2.636972630594291,-1.5992925872836887,-2.360767913725179,0.0,0.0,,,,,,,,,,,,,,,,,,0.004335479936008024,-0.03370188745247038,0.010509059248455407,0.020767871767169765,1.0,,,,,,
2025-08-19 14:30:00+00:00,-2.5334518503260095,-1.5122961324277056,-2.2972285379799446,0.0,0.0,,,,,,,,,,,,,,,,,,-0.006016071110095833,-0.04040620455712318,0.010564027271120853,0.0449035232995918,1.0,,,,,,
2025-08-19 15:30:00+00:00,-2.558991344695359,-1.4484773772346469,-2.180663519491075,0.0,0.0,,,,,,,,,,,,,,,,,,-0.005879937832272919,-0.047063648464366725,0.010575723782745669,0.05459032701077193,1.0,,,,,,
2025-08-19 16:30:00+00:00,-2.504515473099809,-0.8422095958340736,-1.8069579347913454,0.0,0.0,,,,,,,,,,,,,,,,,,-0.006064311057207394,-0.042139239169527,0.01058941195107397,0.060031073075686336,1.0,,,,,,
2025-08-19 17:30:00+00:00,-2.6114815733014147,-0.7625071572092063,-1.8029792661106936,0.0,0.0,,,,,,,,,,,,,,,,,,0.0015147718808266042,-0.046657611374602226,0.010549284994566113,0.07404790229357472,1.0,,,,,,
2025-08-19 18:30:00+00:00,-2.1773019411415597,-0.7478308048974119,-1.5850043658647377,0.0,0.0,,,,,,,,,,,,,,,,,,0.006080083177530504,-0.05168051491800396,0.01051086737372013,0.07461345487033366,1.0,,,,,,
2025-08-19 19:30:00+00:00,-2.240931728310084,-0.876892278352793,-1.5386935327599405,0.0,0.0,,,,,,,,,,,,,,,,,,0.007397519356465931,-0.049985867942507145,0.010538388233881882,0.06013185233255891,1.0,,,,,,
2025-08-20 13:30:00+00:00,-2.071354667888182,-0.4513045279162299,-1.1334962232360737,0.0,0.0,,,,,,,,,,,,,,,,,,-0.026128739138997936,-0.0735710665797491,0.010919419579109182,0.09149573299363079,1.0,,,,,,
2025-08-20 14:30:00+00:00,-2.135968008874639,-0.6204314384279613,-1.3255698750556735,0.0,0.0,,,,,,,,,,,,,,,,,,-0.009430877935519444,-0.07165154102561111,0.010973391624632732,0.07306808568842271,1.0,,,,,,
2025-08-20 15:30:00+00:00,-2.052172428523641,-0.4305118088036166,-1.0791491214673308,0.0,0.0,,,,,,,,,,,,,,,,,,-0.013400202241774739,-0.0689473364112061,0.010911445092652173,0.08413268145112518,1.0,,,,,,
2025-08-20 16:30:00+00:00,-2.097613118574774,-0.5574078040965657,-1.0616305051667898,0.0,0.0,,,,,,,,,,,,,,,,,,-0.009795629523590588,-0.06379204759739743,0.01098224131449112,0.07928152378492781,1.0,,,,,,
2025-08-20 17:30:00+00:00,-2.1282248640655608,-0.5425084986503135,-1.0488728709480801,0.0,0.0,,,,,,,,,,,,,,,,,,-0.012182847827601151,-0.07001377204654746,0.010943869730657918,0.07996411968606232,1.0,,,,,,
2025-08-20 18:30:00+00:00,-2.1367383040492367,-0.5634975454376027,-1.0966195005111756,0.0,0.0,0.016359627910459692,,,,,,,,,,,,,,,,,-0.010664529009869028,-0.07473990745234094,0.010883097561979778,0.08169609515070064,1.0,,,,,,
2025-08-20 19:30:00+00:00,-1.9667966776356014,-0.5664341916668486,-0.9893360220418486,0.0,0.0,0.014368250426912574,,,,,,,,,,,,,,,,,-0.01689229334679565,-0.07797003189689233,0.01085884582970234,0.08048812970069674,1.0,,,,,,
2025-08-21 13:30:00+00:00,-1.954046482509643,-0.5403164346102348,-1.088137895161743,0.0,0.0,0.014224764860180863,,,,,,,,,,,,,,,,,0.0005122956437584314,-0.04812660637748234,0.009554551712524909,0.09658182857073605,1.0,,,,,,
2025-08-21 14:30:00+00:00,-1.9017338922709932,-0.48688738367960155,-1.098726024027583,0.0,0.0,0.013968013008353508,,,,,,,,,,,,,,,,,-0.01191498263121371,-0.057557861161338764,0.009462718444252413,0.09187956614377013,1.0,,,,,,
2025-08-21 15:30:00+00:00,-1.894757103031703,-0.5160967025790603,-1.1738409216642602,0.0,0.0,0.013848083395120805,,,,,,,,,,,,,,,,,-0.002051329720727413,-0.053796995928890645,0.009467334621117384,0.09509234376812215,1.0,,,,,,
2025-08-21 16:30:00+00:00,-1.9223556111359732,-0.6322441393008864,-1.2236407386508485,0.0,0.0,0.013660176497233126,,,,,,,,,,,,,,,,,-0.004086423424190411,-0.054892355724228015,0.009447379758488058,0.08899830962830046,1.0,,,,,,
2025-08-21 17:30:00+00:00,-1.9566490349564853,-0.7636404113871644,-1.377999465488228,0.0,0.0,0.01355592506314705,,,,,,,,,,,,,,,,,0.003059606172480578,-0.051921120631208684,0.00948857123037679,0.0844198070020803,1.0,,,,,,
2025-08-21 18:30:00+00:00,-2.074792990791612,-0.8202748558256117,-1.398386687954828,0.0,0.0,0.013383966061437885,,,,,,,,,,,,,,,,,0.003906643727505266,-0.05715837072871777,0.009401084098058078,0.0761884529886312,1.0,,,,,,
2025-08-21 19:30:00+00:00,-2.1085357042895874,-0.8557521319069201,-1.629213846482493,0.0,0.0,0.013246589804965842,,,,,,,,,,,,,,,,,0.005775455967800713,-0.058869503042048965,0.00938307775067786,0.07847800104516978,1.0,,,,,,
2025-08-22 13:30:00+00:00,-2.1561372814218287,-1.2709833982712884,-2.064299655713024,0.0,0.0,0.01578385317246171,,,,,,,,,,,,,,,,,0.04638431526240927,-0.012196947858147844,0.011516603020535112,0.03268619759133928,1.0,,,,,,
2025-08-22 14:30:00+00:00,-2.2235598865969104,-1.1636402533593082,-1.9227024904896406,0.0,0.0,0.019444206420313047,,,,,,,,,,,,,,,,,0.06624938386632495,0.002403577914406707,0.01187015397564831,0.010838491293767571,1.0,,,,,,
2025-08-22 15:30:00+00:00,-2.1485773653047944,-1.0852788337758783,-1.871317976852662,0.0,0.0,0.02277250746766208,,,,,,,,,,,,,,,,,0.07004185897327408,0.004477122528041111,0.011887312418272384,0.012367349371597669,1.0,,,,,,
2025-08-22 16:30:00+00:00,-2.041342396945984,-0.9158835564779529,-1.6775176990371914,0.0,0.0,0.026105840790619336,,,,,,,,,,,,,,,,,0.07391312602346733,0.011785479463336745,0.01195479017127283,0.004738584756661446,1.0,,,,,,
2025-08-22 17:30:00+00:00,-1.8744119004824604,-0.5923154166414363,-1.2614144925406916,0.0,0.0,0.02985481448145222,,,,,,,,,,,,,,,,,0.08317114394869529,0.02450520626129382,0.01216579453257095,-0.009099498281501806,0.0,,,,,,
2025-08-22 18:30:00+00:00,-1.9519018227280285,-0.6230685572512928,-1.3349890002274845,0.0,0.0,0.03275278709340423,,,,,,,,,,,,,,,,,0.08137134015269742,0.021016023532220096,0.012161728929085033,-0.003926971298882087,0.0,,,,,,
2025-08-22 19:30:00+00:00,-2.133166022491448,-0.8776768582557714,-1.4622919474268288,0.0,0.0,0.03448472309279239,,,,,,,,,,,,,,,,,0.07124868971155385,0.014297328768314355,0.012265608965960746,0.003778308368224792,1.0,,,,,,
2025-08-25 13:30:00+00:00,-1.9434275006956412,-0.5690372520796405,-1.098206178005043,0.0,0.0,0.03558897702882226,,,,,,,,,,,,,,,,,0.04459912208746308,0.06970247379064087,0.009750577721414966,-0.004996854475079804,0.0,,,,,,
2025-08-25 14:30:00+00:00,-1.9990402843670763,-0.782709712465288,-1.4519978131571505,0.0,0.0,0.035787786134733164,,,,,,,,,,,,,,,,,0.018733684453311472,0.057621136642807436,0.009925966508958405,-0.012343922956445041,0.0,,,,,,
2025-08-25 15:30:00+00:00,-1.948333874347696,-0.7394197689515479,-1.289859028694054,0.0,0.0,0.03543605644094478,,,,,,,,,,,,,,,,,0.016142152198578508,0.06485254137707752,0.009851122388934505,-0.010637219392927388,0.0,,,,,,
2025-08-25 16:30:00+00:00,-2.0764780097555366,-0.0707116486791982,-0.7724185939514221,0.0,0.0,0.034873573599067335,,,,,,,,,,,,,,,,,0.009454821185650886,0.06342158320412983,0.009851872469598554,-0.015069024285762733,0.0,,,,,,
2025-08-25 17:30:00+00:00,-2.124548207811983,-0.17906280844117017,-0.8390994659702117,0.0,0.0,0.034102500509605345,,,,,,,,,,,,,,,,,-0.0062666304351135516,0.06929604373928777,0.009730569904653088,-0.003936702915713131,0.0,,,,,,
2025-08-25 18:30:00+00:00,-2.0947865461106505,-0.16010280285671882,-0.8695148269070001,0.0,0.0,0.03303555746399169,,,,,,,,,,,,,,,,,-0.0035818887295020474,0.07711164931836212,0.00963735373301871,0.0012225376401229227,1.0,,,,,,
2025-08-25 19:30:00+00:00,-2.098026813597467,-0.25871028826772513,-0.8911692844952003,0.0,0.0,0.03213907443283418,,,,,,,,,,,,,,,,,0.0034639840213421813,0.07099335571036702,0.009661339726766825,0.0037653273122737474,1.0,,,,,,
2025-08-26 13:30:00+00:00,-1.9412569881257347,0.06904217815176555,-0.5672473102002937,0.0,0.0,0.03178832085176585,,,,,,,,,,,,,,,,,0.0055983912208636966,0.07096538507549655,0.009660315030645733,-0.005283560790948716,0.0,,,,,,
2025-08-26 14:30:00+00:00,-2.012175296925635,-0.17020464520921544,-0.8232639376380515,0.0,0.0,0.031330779470530465,,,,,,,,,,,,,,,,,0.006896497824133707,0.07053370557703698,0.009672904684707469,0.006849380078246536,1.0,,,,,,
2025-08-26 15:30:00+00:00,-2.0294598244425575,-0.10800152740338605,-0.862026268307962,0.0,0.0,0.03081084805377891,,,,,,,,,,,,,,,,,0.008908332596269553,0.07964081180562,0.009595014284509052,0.0030606023150707706,1.0,,,,,,
2025-08-26 16:30:00+00:00,-2.020345788917183,-0.1945640897798128,-0.9650599239379378,0.0,0.0,0.030503407163341174,,,,,,,,,,,,,,,,,0.005630362419182244,0.07511625668051947,0.009626654264465424,0.0026477418178023626,1.0,,,,,,
2025-08-26 17:30:00+00:00,-2.0923278421557616,-0.24019126954004813,-0.9666407016476919,0.0,0.0,0.030302582344140298,,,,,,,,,,,,,,,,,0.007515293488498553,0.07529656534695972,0.00962533484881593,-0.0001560273975851345,0.0,,,,,,
2025-08-26 18:30:00+00:00,-2.0753115950628622,-0.4241711929120447,-1.0487991874188614,0.0,0.0,0.030299201142944147,,,,,,,,,,,,,,,,,-0.0016009984345641826,0.06943056770626743,0.009735451147009137,0.00813522097968189,1.0,,,,,,
2025-08-26 19:30:00+00:00,-2.071641814971547,-0.39271750089003604,-1.043414682346655,0.0,0.0,0.03038524321392066,,,,,,,,,,,,,,,,,0.0037653273122737474,0.06736116366617484,0.009721578907037594,0.008420459959793014,1.0,,,,,,
2025-08-27 13:30:00+00:00,-2.036092292597783,-0.5437148533252598,-1.2070767457119747,0.0,0.0,0.0302478358658058,,,,,,,,,,,,,,,,,-0.017511315716987497,0.07958280849750698,0.009132877231454197,-0.03727937518226465,0.0,,,,,,
2025-08-27 14:30:00+00:00,-2.0490975498637587,-0.6512649073600287,-1.3168326089846971,0.0,0.0,0.03051533264422874,,,,,,,,,,,,,,,,,-0.014791690983677608,0.06517289252887881,0.00912930674512987,-0.03599199676487164,0.0,,,,,,
2025-08-27 15:30:00+00:00,-1.957986153583355,-0.5856891908505433,-1.1763625931634805,0.0,0.0,0.030404401365575772,,,,,,,,,,,,,,,,,-0.012683135423250391,0.08035787862414434,0.008948188069128235,-0.031047439089927575,0.0,,,,,,
2025-08-27 16:30:00+00:00,-2.0138727844715105,-0.6011852891956647,-1.1792003617421214,0.0,0.0,0.03042915156449403,,,,,,,,,,,,,,,,,-0.010346598848171684,0.07456528735593837,0.008935172477438023,-0.024243619354463064,0.0,,,,,,
2025-08-27 17:30:00+00:00,-2.094916224657174,-0.6214080969498902,-1.228923075293751,0.0,0.0,0.03037278962125598,,,,,,,,,,,,,,,,,-0.010348161334886807,0.07713125183967406,0.008904648961707163,-0.029265730350042318,0.0,,,,,,
2025-08-27 18:30:00+00:00,-1.8941846655811,-0.5680109843890792,-1.1364889332178683,0.0,0.0,0.0302069775860257,,,,,,,,,,,,,,,,,0.0012559158651841429,0.0813510125813206,0.008907244018082988,-0.032366357825200254,0.0,,,,,,
2025-08-27 19:30:00+00:00,-1.7073362993120094,-0.6088343589229491,-1.203254903357533,0.0,0.0,0.030012585537649798,,,,,,,,,,,,,,,,,-0.0034510029653911367,0.08080245404757935,0.008913784803995475,-0.02804515091295645,0.0,,,,,,
2025-08-28 13:30:00+00:00,-1.6194076566848117,-0.5759841862991899,-1.3859512563276413,0.0,0.0,0.029681152192406406,,,,,,,,,,,,,,,,,0.006916070021043996,0.08598658287479255,0.008882306438482035,-0.03864447033106533,0.0,,,,,,
2025-08-28 14:30:00+00:00,-1.8443780566269428,-0.8278187331507614,-1.6010801162132344,0.0,0.0,0.02959509871899528,,,,,,,,,,,,,,,,,-0.004448729796901141,0.07263914536319138,0.009398438046007852,-0.020755325392865398,0.0,,,,,,
2025-08-28 15:30:00+00:00,-1.7998166216730116,-0.8026855445423776,-1.5895804364635202,0.0,0.0,0.02940388233981665,,,,,,,,,,,,,,,,,-0.00686241656594655,0.0755467917789252,0.00939863393934444,-0.011264958496684407,0.0,,,,,,
2025-08-28 16:30:00+00:00,-1.8142766933777006,-0.8475912731963052,-1.5917946801669554,0.0,0.0,0.029404122291634093,,,,,,,,,,,,,,,,,-0.010352787856773293,0.06829892292335549,0.009442112542260732,-0.0029722850302693615,0.0,,,,,,
2025-08-28 17:30:00+00:00,-1.721202672966771,-0.7663627930270795,-1.3970741806639078,0.0,0.0,0.02929264418088801,,,,,,,,,,,,,,,,,-0.0011038350693248766,0.07296781059786861,0.009510781692308087,-0.010308576304046912,0.0,,,,,,
2025-08-28 18:30:00+00:00,-1.610987843841297,-0.6931514314404513,-1.463979201025468,0.0,0.0,0.0291016048935559,,,,,,,,,,,,,,,,,0.0015676202095029623,0.0790119890633183,0.009548805423636132,-0.02345914368545632,0.0,,,,,,
2025-08-28 19:30:00+00:00,-1.6039200066991852,-0.7001876739493021,-1.3148587272479002,0.0,0.0,0.028930729840087325,,,,,,,,,,,,,,,,,0.0034510029653911367,0.07847800104516978,0.00955155116224824,-0.026338184833245126,0.0,,,,,,
2025-08-29 13:30:00+00:00,-1.5740747990766548,-0.6388283797575781,-1.254558900540623,0.0,0.0,0.028745625795722658,,,,,,,,,,,,,,,,,0.0053116849049947845,0.044913952517378064,0.0071909677321882,-0.03843576189743603,0.0,,,,,,
2025-08-29 14:30:00+00:00,-1.4889955299522246,-0.5828465216348745,-1.2555426033661907,0.0,0.0,0.028016843869231402,,,,,,,,,,,,,,,,,0.026089800858825285,0.032479562355691716,0.006692319265490524,-0.04181793041681292,0.0,,,,,,
2025-08-29 15:30:00+00:00,-1.4335178284670154,-0.5966239884956575,-1.5244949512030455,0.0,0.0,0.02702496729236886,,,,,,,,,,,,,,,,,0.02260615430426771,0.02811108710991883,0.006664860390894732,-0.04176479628171181,0.0,,,,,,
2025-08-29 16:30:00+00:00,-1.4545807089886322,-0.6644992061400008,-1.529551750480753,0.0,0.0,0.025540668719103356,,,,,,,,,,,,,,,,,0.02334712852274734,0.017732925422635493,0.006582613302231628,-0.04047206613411802,0.0,,,,,,
2025-08-29 17:30:00+00:00,-1.489222544642141,-0.7342166478709192,-1.5526575828633717,0.0,0.0,0.022959285447012062,,,,,,,,,,,,,,,,,0.01129596900662655,0.0010926356557998673,0.006192503025715867,-0.0329874190687538,0.0,,,,,,
2025-08-29 18:30:00+00:00,-1.4634253167749036,-0.7320892912694885,-1.4196721834565078,0.0,0.0,0.020236212269567892,,,,,,,,,,,,,,,,,0.0053116849049947845,0.0029523338156156598,0.0061947961728862425,-0.03021186420107691,0.0,,,,,,
2025-08-29 19:30:00+00:00,-1.3957531202232085,-0.6944214081214454,-1.4461861387755772,0.0,0.0,0.01830463608699728,,,,,,,,,,,,,,,,,0.008420459959793014,0.015649771293408943,0.005999252898795777,-0.02834840307308939,0.0,,,,,,
2025-09-02 13:30:00+00:00,-1.8882095043525986,-1.205322118470224,-1.8504782315872768,0.0,0.0,0.01717641470509552,,,,,,,,,,,,,,,,,-0.04950713010830343,-0.04919229967838845,0.010601234755801318,0.02426125717175287,1.0,,,,,,
2025-09-02 14:30:00+00:00,-1.9179807857596998,-1.2222230738204694,-1.9009744251378575,0.0,0.0,0.017493348440258696,,,,,,,,,,,,,,,,,-0.05763306782679578,-0.04388718992441554,0.010525969303996876,0.028353459373524625,1.0,,,,,,
2025-09-02 15:30:00+00:00,-1.9089827162432265,-1.2831595606249957,-1.872590412050422,0.0,0.0,0.017269679557372228,,,,,,,,,,,,,,,,,-0.04679117682824874,-0.034822241916908414,0.010715312677906236,0.02630885433326613,1.0,,,,,,
2025-09-02 16:30:00+00:00,-1.901812885603762,-1.3132590167528806,-1.9648726867631225,0.0,0.0,0.01695025560530306,,,,,,,,,,,,,,,,,-0.03723796002043711,-0.028959855783452504,0.010792015616576221,0.017444631784255815,1.0,,,,,,
2025-09-02 17:30:00+00:00,-1.9080412718157118,-1.3158212198046282,-1.8691733519757125,0.0,0.0,0.017200071299925294,,,,,,,,,,,,,,,,,-0.03945786428734399,-0.03209859819643057,0.010815411731819357,0.03172131385130017,1.0,,,,,,
2025-09-02 18:30:00+00:00,-1.9015743179116906,-1.3272939410469957,-1.9302503084470894,0.0,0.0,0.017394937362053775,,,,,,,,,,,,,,,,,-0.039245662939698,-0.03271144039458029,0.010810924728194884,0.03409058108366825,1.0,,,,,,
2025-09-02 19:30:00+00:00,-1.910171811690901,-1.338590636389015,-2.025651753838849,0.0,0.0,0.017573854359093494,,,,,,,,,,,,,,,,,-0.0399166138381406,-0.02773082656607384,0.010826147249033538,0.02804515091295645,1.0,,,,,,
2025-09-03 13:30:00+00:00,-1.9088079015773531,-1.3371951377287197,-1.9820182147990208,0.0,0.0,0.01782180781218029,,,,,,,,,,,,,,,,,0.005550974872243319,-0.04923971602700883,0.010566361229103857,0.009327956264340465,1.0,,,,,,
2025-09-03 14:30:00+00:00,-1.9030816862630813,-1.3489430371823954,-2.0504190294359086,0.0,0.0,0.018033503540792115,,,,,,,,,,,,,,,,,0.010787941575105098,-0.03999574617344415,0.010517799942318723,0.03921450661190695,1.0,,,,,,
2025-09-03 15:30:00+00:00,-1.9087567551500184,-1.3692185962464025,-2.229441103931676,0.0,0.0,0.01786260584453939,,,,,,,,,,,,,,,,,0.012920064027296618,-0.03081051048588135,0.010759083826570167,0.026288130701001666,1.0,,,,,,
2025-09-03 16:30:00+00:00,-1.8847773291602732,-1.372418715893259,-2.328272506490194,0.0,0.0,0.017858537375240697,,,,,,,,,,,,,,,,,0.010918546467420409,-0.02367167173521434,0.010798261493128958,0.020860423312722087,1.0,,,,,,
2025-09-03 17:30:00+00:00,-1.8297061990346637,-1.3757524189160433,-2.301585649868432,0.0,0.0,0.01802935226062438,,,,,,,,,,,,,,,,,0.01785331897667053,-0.021760572708258596,0.010805799229112583,0.01722682125698949,1.0,,,,,,
2025-09-03 18:30:00+00:00,-1.8391043116441714,-1.409769284687269,-2.254912492483773,0.0,0.0,0.018208868315950345,,,,,,,,,,,,,,,,,0.010474834349246898,-0.020635607610769213,0.010787792589499998,0.023302516108135496,1.0,,,,,,
2025-09-03 19:30:00+00:00,-1.8807920100427566,-1.428671308232361,-2.082060637460229,0.0,0.0,0.018392717608438056,,,,,,,,,,,,,,,,,0.005157969045102462,-0.026338184833245126,0.010772910503443867,0.030089328110919578,1.0,,,,,,
2025-09-04 13:30:00+00:00,-1.894926810540108,-1.4501354934011226,-2.060579997893102,0.0,0.0,0.018452317492439654,,,,,,,,,,,,,,,,,0.0055203933386240855,-0.026208006971397246,0.010770630841492167,0.04619616088787337,1.0,,,,,,
2025-09-04 14:30:00+00:00,-1.9296963116492536,-1.4587164684716332,-2.1526670394089704,0.0,0.0,0.01846969588160986,,,,,,,,,,,,,,,,,0.005027195834877762,-0.020176859354888776,0.010747847905649921,0.03246626507683814,1.0,,,,,,
2025-09-04 15:30:00+00:00,-1.9345944298482565,-1.467644701900384,-2.1532591144984368,0.0,0.0,0.01854187299726628,,,,,,,,,,,,,,,,,-0.007893683480759695,-0.02602105854339065,0.010687805518749567,0.02064894643082349,1.0,,,,,,
2025-09-04 16:30:00+00:00,-1.943442821607765,-1.4761721114527082,-2.242422761195979,0.0,0.0,0.018571058078622846,,,,,,,,,,,,,,,,,-0.014152652581101322,-0.027477725468143976,0.01068766146919057,0.02052009733284832,1.0,,,,,,
2025-09-04 17:30:00+00:00,-1.9165687549648667,-1.4846284792016067,-2.112372160408688,0.0,0.0,0.018633014096266505,,,,,,,,,,,,,,,,,-0.011382873758080336,-0.022795285131452125,0.010724988757772088,0.01647112925717531,1.0,,,,,,
2025-09-04 18:30:00+00:00,-2.219763897899154,-1.4907821796502263,-2.0058022752403453,0.0,0.0,0.018732056761235103,,,,,,,,,,,,,,,,,-0.001441035610625807,-0.023332559086579163,0.010717692276757328,0.007360018575655047,1.0,,,,,,
2025-09-04 19:30:00+00:00,-2.250817962485156,-1.4880131955993308,-2.208021848366993,0.0,0.0,0.018906596677159427,,,,,,,,,,,,,,,,,0.0064102417199487505,-0.01647694014790524,0.010763243757323557,-0.0007990290153432333,0.0,,,,,,
2025-09-05 13:30:00+00:00,-2.1766286681167997,-1.4985563635920438,-2.182610374449965,0.0,0.0,0.019025430506724637,,,,,,,,,,,,,,,,,0.013189888960885465,-0.019934188031555777,0.010745001623659293,0.024154600019387296,1.0,,,,,,
2025-09-05 14:30:00+00:00,-2.363416981873712,-1.5065977241330855,-2.160907259678009,0.0,0.0,0.019052529587436445,,,,,,,,,,,,,,,,,0.012538321963541765,-0.0031898075944458704,0.010385028433170785,0.007638537391347011,1.0,,,,,,
2025-09-05 15:30:00+00:00,-2.4099101310023823,-1.4717135127567862,-2.1987086782825225,0.0,0.0,0.01932365547501981,,,,,,,,,,,,,,,,,0.021282473786729206,0.002123831809285104,0.010478875999779052,-0.0034893171543362023,0.0,,,,,,
2025-09-05 16:30:00+00:00,-2.5525545543395807,-1.4925652839909016,-2.125621554292014,0.0,0.0,0.0194614429359219,,,,,,,,,,,,,,,,,0.020678737897936728,0.0035538002865660445,0.010467404921288793,-0.004930388653107798,0.0,,,,,,
2025-09-05 17:30:00+00:00,-2.4689052817627752,-1.4319609890721103,-2.0277050365266684,0.0,0.0,0.019936044515989706,,,,,,,,,,,,,,,,,0.025250868632709977,0.0035594185705827286,0.010467546881639547,-0.015623090844751442,0.0,,,,,,
2025-09-05 18:30:00+00:00,-2.0863317400867745,-1.408129567550856,-2.1910703380797165,0.0,0.0,0.020476520334117936,,,,,,,,,,,,,,,,,0.025056782345047157,0.00015660304896503163,0.010415047406661514,-0.030047557808114522,0.0,,,,,,
2025-09-05 19:30:00+00:00,-2.087303574918241,-1.448661253500774,-2.103601099849235,0.0,0.0,0.02081952659738563,,,,,,,,,,,,,,,,,0.01647694014790524,-0.0034510029653911367,0.010429743066327102,-0.028691787132265834,0.0,,,,,,
2025-09-08 13:30:00+00:00,-2.3086352565910957,-1.6531556070361886,-2.315545573400568,0.0,0.0,0.020694952924440263,,,,,,,,,,,,,,,,,-0.009382326035169086,-0.03462819897171965,0.011278463255574215,0.02586442806702305,1.0,,,,,,
2025-09-08 14:30:00+00:00,-2.136124225553885,-1.4553882986881335,-2.158977802286369,0.0,0.0,0.020839633136485104,,,,,,,,,,,,,,,,,0.021648988813487424,-0.007630619639783731,0.01251052011656989,-0.010528925447102822,0.0,,,,,,
2025-09-08 15:30:00+00:00,-2.1341063853467395,-1.4485598698227335,-2.2017624844042043,0.0,0.0,0.020864235182199077,,,,,,,,,,,,,,,,,0.012899340395032155,-0.007582982099950453,0.012510559292396162,-0.0015641872991154493,0.0,,,,,,
2025-09-08 16:30:00+00:00,-2.192123825336661,-1.461994441940232,-2.016543197227501,0.0,0.0,0.020847092778919277,,,,,,,,,,,,,,,,,0.014334337995886681,-0.0054589902402946144,0.01250306150189238,-0.0016936460391705488,0.0,,,,,,
2025-09-08 17:30:00+00:00,-2.198557738301954,-1.4884201231320422,-2.1147296693538005,0.0,0.0,0.020794502100562037,,,,,,,,,,,,,,,,,0.0033588263823598474,-0.0043777240536839734,0.012497264426844932,-0.00047016346220507543,0.0,,,,,,
2025-09-08 18:30:00+00:00,-2.220468678440239,-1.4936608501941262,-2.143489831329865,0.0,0.0,0.02068774022497429,,,,,,,,,,,,,,,,,-0.0003132306262858542,-0.005468312482315607,0.012495101414918415,0.005078683365183689,1.0,,,,,,
2025-09-08 19:30:00+00:00,-2.269813088353315,-1.4590346192690073,-2.0885320788638575,0.0,0.0,0.020550125248213022,,,,,,,,,,,,,,,,,0.007202146243065588,-0.004669316682118563,0.012502558788250588,0.007460453561445757,1.0,,,,,,
2025-09-09 13:30:00+00:00,-2.0494977553128813,-1.3708402582624823,-1.9534791951074602,0.0,0.0,0.019647672269791843,,,,,,,,,,,,,,,,,0.04238859796215699,0.05726752909874078,0.008577055961755276,0.01579906754978344,1.0,,,,,,
2025-09-09 14:30:00+00:00,-2.1344050975285884,-1.495902686804798,-2.1452455470811853,0.0,0.0,0.018065467417510646,,,,,,,,,,,,,,,,,-0.0017210457001910484,0.048281402486821,0.008873115739260728,0.03023054203438713,1.0,,,,,,
2025-09-09 15:30:00+00:00,-2.2656300060619663,-1.6165633438371831,-2.2801758284248015,0.0,0.0,0.017169295266240944,,,,,,,,,,,,,,,,,-0.013532867750937871,0.025675326977360413,0.00897807662062709,0.04779383549348415,1.0,,,,,,
2025-09-09 16:30:00+00:00,-2.2688284499474163,-1.6354804319070457,-2.204869695211955,0.0,0.0,0.01666681195460981,,,,,,,,,,,,,,,,,-0.01449297856097509,0.017285991219167407,0.008923067854517488,0.053298592825300695,1.0,,,,,,
2025-09-09 17:30:00+00:00,-2.244672596125908,-1.6398396831661248,-2.236216782221913,0.0,0.0,0.015845693777713284,,,,,,,,,,,,,,,,,-0.012138565757894515,0.022941574475765503,0.008868344066463751,0.05176902915210979,1.0,,,,,,
2025-09-09 18:30:00+00:00,-2.134982914443994,-1.6666833297053207,-2.3731411524134773,0.0,0.0,0.0153267669072544,,,,,,,,,,,,,,,,,-0.017383533143106256,0.016393817314276138,0.008919797736154754,0.05552504531913183,1.0,,,,,,
2025-09-09 19:30:00+00:00,-2.2005951254746225,-1.684270227151805,-2.2913320003998274,0.0,0.0,0.015145010371939712,,,,,,,,,,,,,,,,,-0.02447811540631406,0.010769181749707979,0.008928126671421989,0.060934976326935786,1.0,,,,,,
2025-09-10 13:30:00+00:00,-2.0750399035002625,-1.5907451316127037,-2.1518704155927346,0.0,0.0,0.013535566958094795,,,,,,,,,,,,,,,,,-0.008851671907600611,0.042864882318896846,0.00971985807867562,0.05137903958322054,1.0,,,,,,
2025-09-10 14:30:00+00:00,-2.188751335508668,-1.6613446095328368,-2.179744316206589,0.0,0.0,0.012526758231345742,,,,,,,,,,,,,,,,,-0.012289405721949365,0.02520405518976654,0.010155705586768224,0.06742751630251886,1.0,,,,,,
2025-09-10 15:30:00+00:00,-2.2768745100149252,-1.6889576511398199,-2.2726700920557183,0.0,0.0,0.012518064246761967,,,,,,,,,,,,,,,,,-0.002855789798430486,0.009899473151633309,0.009934838992614173,0.0692046675918121,1.0,,,,,,
2025-09-10 16:30:00+00:00,-2.318236956490066,-1.7091703903756295,-2.37037424511511,0.0,0.0,0.012750205337660931,,,,,,,,,,,,,,,,,-0.00477174808801939,0.0015956966637276082,0.009922879580017622,0.07743917410891443,1.0,,,,,,
2025-09-10 17:30:00+00:00,-2.383860212604749,-1.7216132235478627,-2.26409036774258,0.0,0.0,0.012942000784247615,,,,,,,,,,,,,,,,,-0.006843351469216774,-0.0017550959701218005,0.00992206536404018,0.07058850327487454,1.0,,,,,,
2025-09-10 18:30:00+00:00,-2.462789386851304,-1.746529205776525,-2.3660311518029093,0.0,0.0,0.013462553406533994,,,,,,,,,,,,,,,,,-0.012350794038722412,-0.006431811073693172,0.010034281646040564,0.07896751881262576,1.0,,,,,,
2025-09-10 19:30:00+00:00,-2.5364610218877583,-1.6772651465842785,-2.243068620326425,0.0,0.0,0.013957469024747196,,,,,,,,,,,,0.23946148300901915,0.7528326769927831,-0.00011042546314248301,0.006448324656700986,0.593510653861081,-0.011415817969017361,-0.005804605264411844,0.010030461800677662,0.08342043371015029,1.0,,,,,,
2025-09-11 13:30:00+00:00,-2.293097825025752,-1.7449231718128038,-2.357140292112428,0.0,0.0,0.014010582441017345,,,,,,,,,,,,1.1317995238143287e-12,0.01871751936281983,-0.00013689216876586408,0.026891084736460135,0.09300506321022534,-0.007672497987533333,0.029671990992739428,0.011049934632617126,0.05593512798905431,1.0,,,,,,
2025-09-11 14:30:00+00:00,-2.32324160149288,-1.7582348952436582,-2.393171570832534,0.0,0.0,0.014011897757167031,,,,,,,,,,,,0.002570535574939521,0.9597109801814064,-0.00030542866486699913,0.007919258219288957,0.17842233683857062,0.0034815259750375915,0.023658385329926368,0.01109462423520527,0.05732357652647391,1.0,,,,,,
2025-09-11 15:30:00+00:00,-2.235546845720629,-1.7065025306543755,-2.2723107700655643,0.0,0.0,0.01412770384209812,,,,,,,,,,,,0.04762893539874255,0.9490140640364251,-0.00027352155273906533,0.00706365136349705,0.2137848055706328,0.014824470250252908,0.03261762688264591,0.01118539594405293,0.040646615338172154,1.0,,,,,,
2025-09-11 16:30:00+00:00,-2.225796126282753,-1.7104263224005676,-2.4001861668231816,0.0,0.0,0.014210060232891343,,,,,,,,,,,,0.3274381870141299,0.6692954152483674,-3.67916715593313e-05,0.006036829628096515,0.6530094177151006,0.01757108060982393,0.03331942985465286,0.011181616485439146,0.04724637264206066,1.0,,,,,,
2025-09-11 17:30:00+00:00,-2.2287489484152774,-1.7188939391871796,-2.3366031116052115,0.0,0.0,0.014274718789198981,,,,,,,,,,,,0.53679930493746,0.44265489969773164,0.00014347474201734626,0.0056171520397207105,0.7745301009513645,0.018511753764906214,0.02813953155286475,0.01116720634576927,0.050140392955465796,1.0,,,,,,
2025-09-11 18:30:00+00:00,-2.1382700933302448,-1.6786037502592877,-2.4205160142719047,0.0,0.0,0.014443684188949292,,,,,,,,,,,,0.5019835593755875,0.43134611342658896,0.00012236212083608747,0.006671634917524673,0.8891989239587677,0.03481301054701236,0.029822235083944992,0.011185079756976723,0.04413664392276706,1.0,,,,,,
2025-09-11 19:30:00+00:00,-2.094948896206902,-1.6216924903676089,-2.268319424317953,0.0,0.0,0.014770840475348313,,,,,,,,,,,,0.3946799792691935,0.5247890363056749,3.408038692650857e-05,0.007343262620548521,0.9081551820153311,0.04335438693677718,0.031139539952416584,0.011202639314612423,0.03619061882506314,1.0,,,,,,
2025-09-12 13:30:00+00:00,-1.9650037636254043,-1.1688719264778133,-1.7346945156849685,0.0,0.0,0.015935854726080903,,,,,,,,,,,,0.00015044799655959445,0.47300102650605275,-0.00021898194498221632,0.01775796491375206,0.6930668653417436,0.032323237444917385,0.04880533947677135,0.011539461328205193,0.020932914260334723,1.0,,,,,,
2025-09-12 14:30:00+00:00,-1.9158282331486518,-0.933472087620242,-1.487242578542152,0.0,0.0,0.01701416434309377,,,,,,,,,,,,0.16120871448226004,0.8235319017088837,-0.00017526843526908755,0.006886781630480167,0.5179293131926372,0.039038421781298904,0.05015848514768351,0.01153802060040896,0.010729216526962126,1.0,,,,,,
2025-09-12 15:30:00+00:00,-1.8320122349264796,-0.6316513594352895,-1.1609811569535515,0.0,0.0,0.01816949903816612,,,,,,,,,,,,0.2505780533468834,0.7298490329995498,-9.887273235405006e-05,0.006646089894746912,0.6536306873999743,0.03582515504166173,0.04716030813757843,0.01149194569293839,0.004370452552683535,1.0,,,,,,
2025-09-12 16:30:00+00:00,-1.7487038878876564,-0.4199027202443211,-0.9771920973994723,0.0,0.0,0.019346680042043592,,,,,,,,,,,,0.4197636656293548,0.5587913942268539,4.461370255296889e-05,0.00606394826766858,0.7719835483018056,0.040499260303496154,0.053139952260212286,0.011484238475267946,-0.00044842931669819563,0.0,,,,,,
2025-09-12 17:30:00+00:00,-1.751769912849377,-0.4541215504496876,-1.0427531976309479,0.0,0.0,0.02006360952837591,,,,,,,,,,,,0.5871304037825271,0.38582138174166625,0.000187236254810202,0.005563454887961354,0.7777483778079546,0.04010062685642035,0.042989289776575124,0.01141518199240714,0.01997973639140138,1.0,,,,,,
2025-09-12 18:30:00+00:00,-1.9460015549812664,-0.5421823778933534,-1.0025263792497188,0.0,0.0,0.020418045298958406,,,,,,,,,,,,0.6888011387987069,0.2735017477264314,0.00027518636154071134,0.005405019774289825,0.7349451113115819,0.03306282881084188,0.03782828154973972,0.011413935567616216,-0.003196116357179868,0.0,,,,,,
2025-09-12 19:30:00+00:00,-1.9422147190460421,-0.48167748731051363,-1.048550224005193,0.0,0.0,0.020758153807869124,,,,,,,,,,,,0.7585735440707418,0.1964957522045014,0.0003355294253516904,0.005294799013163166,0.6687302520770131,0.02899640735917597,0.04365900716368731,0.01139072713584867,-0.011041529984708642,0.0,,,,,,
2025-09-15 13:30:00+00:00,-1.6062180343478802,0.019091228168798855,-0.5406762629596937,0.0,0.0,0.02139808258152274,,,,,,,,,,,,0.002954297342130105,0.2789871936388572,-0.00018201553136516703,0.021590360700394693,0.6111833938803004,0.02672830012583649,0.08491596563777692,0.010574552510987741,-0.024600002085517936,0.0,,,,,,
2025-09-15 14:30:00+00:00,-1.7484009867858532,0.07082725326303083,-0.4842957694854214,0.0,0.0,0.02176306415829582,,,,,,,,,,,,0.10354492041651632,0.8751677535759383,-0.00022296711551716568,0.007219157426320071,0.4334571805175641,0.024907568546182368,0.05341706488037845,0.009304590984940103,-0.027950738036033318,0.0,,,,,,
2025-09-15 15:30:00+00:00,-1.7747641597973312,-0.018041381253186446,-0.5695163515893175,0.0,0.0,0.021953447905443818,,,,,,,,,,,,0.3733657636961222,0.6193359380512695,2.797055394118389e-06,0.005949614540014564,0.7004756505975787,0.018555042299897462,0.05281601004244374,0.009307747865312948,-0.023855251193395155,0.0,,,,,,
2025-09-15 16:30:00+00:00,-1.695449881816227,0.09053197374560126,-0.5685735710900933,0.0,0.0,0.022232680525885,,,,,,,,,,,,0.46143327564596537,0.502502342973579,8.251528734690155e-05,0.00620510438667139,0.8225022929807217,0.019368833195594348,0.058174447459919953,0.009315672771970778,-0.031629601766537174,0.0,,,,,,
2025-09-15 17:30:00+00:00,-1.9112227271898596,-0.22139940442041292,-0.8948659953315165,0.0,0.0,0.022267930533194175,,,,,,,,,,,,0.10556317943466229,0.7769776260700335,-0.00020385986852215746,0.00914448983951541,0.6849766612491217,0.011976122653547971,0.05160658604776325,0.009454213053694076,-0.025317813806477574,0.0,,,,,,
2025-09-15 18:30:00+00:00,-1.247437884608577,-0.35562634992637365,-1.109402754084098,0.0,0.0,0.022254353505378372,,,,,,,,,,,,0.30277138656668556,0.6861186687425136,-5.624315223833553e-05,0.006284817850857434,0.6702022833207185,0.01109167945477152,0.04923319163079709,0.009472436961926445,-0.02249080294882777,0.0,,,,,,
2025-09-15 19:30:00+00:00,-1.1683069423809191,-0.3242793311752117,-1.0651938810296944,0.0,0.0,0.022246254011169572,,,,,,,,,,,,0.5109982036692471,0.46798957022009796,0.00012172884863784634,0.005721040636192333,0.7795903881140405,0.011069639414197141,0.047526500334818866,0.009461910061835608,-0.026531585369803157,0.0,,,,,,
2025-09-16 13:30:00+00:00,-1.140686359061005,-0.32474803984297,-1.0368058988598714,0.0,0.0,0.02225120165456298,,,,,,,,,,,,0.6714294662230625,0.2982325674941899,0.00025915677900276087,0.005320762217407425,0.7343295376414711,-0.003116409581699564,0.03941095809392037,0.009367903500283672,-0.033968208260593435,0.0,,,,,,
2025-09-16 14:30:00+00:00,-1.1998007215806006,-0.44978085341103546,-1.2007684049574308,0.0,0.0,0.022234209154979912,,,,,,,,,,,,0.6384604943672187,0.29722423054291264,0.00023740901176213497,0.006124362320410288,0.8235655363118338,-0.006622413801007365,0.048515696779562134,0.009093388872226856,-0.03082162372821129,0.0,,,,,,
2025-09-16 15:30:00+00:00,-1.3118797057668214,-0.6592635111159783,-1.313744084633317,0.0,0.0,0.022101006390182157,,,,,,,,,,,,0.2366368167050702,0.5986500049035638,-8.440933859441897e-05,0.009613982674310028,0.9452704087365225,-0.013733582003387035,0.052615295789994576,0.008945662043806878,-0.017130673611001068,0.0,,,,,,
2025-09-16 16:30:00+00:00,-1.2184058377789313,-0.5125247503136166,-1.1031669767295025,0.0,0.0,0.021775264515642347,,,,,,,,,,,,0.2748374982909035,0.6896972411508011,-7.547157085497203e-05,0.006876604210899126,0.7296232623052996,-0.012621720857029839,0.060045705163865204,0.008958362570491112,-0.026805521764912132,0.0,,,,,,
2025-09-16 17:30:00+00:00,-1.1699425502641658,-0.47916399957039807,-1.0363482704929516,0.0,0.0,0.021429946597177174,,,,,,,,,,,,0.49379610646262884,0.4867963572797312,0.00010688385116836263,0.005751806805488952,0.775394226723372,-0.0019363565545025274,0.061808795251155235,0.008956143403682336,-0.029198055083293095,0.0,,,,,,
2025-09-16 18:30:00+00:00,-1.163513244510679,-0.4989848044365942,-1.1260788160724933,0.0,0.0,0.020897254026603113,,,,,,,,,,,,0.6526852845506914,0.31756994624071333,0.00024319002694058592,0.005377504917151633,0.7473016314238061,-1.7864342846340975e-05,0.066598860431057,0.008884636422304458,-0.028869178999328948,0.0,,,,,,
2025-09-16 19:30:00+00:00,-1.1805563110955748,-0.5447320910655138,-1.319824414951516,0.0,0.0,0.020291277696418353,,,,,,,,,,,,0.7300395509166513,0.22842307629849373,0.00031077291986596157,0.005331130762509804,0.699128250299021,-0.003875427948309973,0.06812918779282295,0.008864181199601617,-0.03124776528719453,0.0,,,,,,
2025-09-17 13:30:00+00:00,-1.134401986986295,-0.526684874858548,-1.3588486818942491,0.0,0.0,0.02044647340684724,,,,,,,,,,,,0.7907905830457329,0.1643499238845812,0.0003627753399364547,0.0051753500418420416,0.6216458590419789,-0.0026789762838022035,0.045583653717718775,0.007937766073501032,-0.04355798485265794,0.0,,,,,,
2025-09-17 14:30:00+00:00,-1.2449782534562734,-0.6863869343046151,-1.4757685997083314,0.0,0.0,0.020524624175349684,,,,,,,,,,,,0.21907483286358487,0.46983040310910434,-7.27848725332996e-05,0.012620085328340035,1.0507848289045394,-0.0075559382182128765,0.05324916428329862,0.0075363444806162815,-0.029903053493538057,0.0,,,,,,
2025-09-17 15:30:00+00:00,-1.2540023568243983,-0.7250511301252693,-1.3715866284558642,0.0,0.0,0.020612568731998876,,,,,,,,,,,,0.40269070277663915,0.5746383445533747,3.0390101655228067e-05,0.006151128829399164,0.7704873795223461,-0.00045100774382689224,0.05502007784459817,0.00751639172247747,-0.027746841383198273,0.0,,,,,,
2025-09-17 16:30:00+00:00,-1.2611472073660246,-0.7507566556969196,-1.3283897107572393,0.0,0.0,0.02068376098666707,,,,,,,,,,,,0.5795023353605507,0.3947100282718771,0.00018055408900996686,0.005566064818656691,0.777419665267262,-0.007195541655262705,0.05762191159662189,0.007477504208440364,-0.026232015489981997,0.0,,,,,,
2025-09-17 17:30:00+00:00,-1.0154330271576482,-0.5017569524522016,-1.1546917568960837,0.0,0.0,0.020340422410260777,,,,,,,,,,,,1.2052585208955477e-05,0.1837353283841857,-0.00016673949283515987,0.02357450463640966,0.47715664584787365,0.009939970292355937,0.07859211701272795,0.008029829007393489,-0.045451991435923045,0.0,,,,,,
2025-09-17 18:30:00+00:00,-1.2807367960386442,-0.795394251937709,-1.460310776308224,0.0,0.0,0.0202449205929526,,,,,,,,,,,,3.002767307879488e-11,0.15672241165380316,-0.00016186028077549104,0.024117658266467615,0.43419470285238004,-0.014269931469105046,0.06467972300067437,0.00897313820540112,-0.019246083384935275,0.0,,,,,,
2025-09-17 19:30:00+00:00,-1.377743353343261,-0.9505839700531602,-1.6198044027905523,0.0,0.0,0.020311913263602013,,,,,,,,,0.0,336.0,0.0,0.019376357366142367,0.9475272678526082,-0.00029204552012807613,0.0077648063157086675,0.24028929638019836,-0.01823574145059581,0.061309264311244505,0.009032857666710973,-0.007480347158552281,0.0,,,,,,
2025-09-18 13:30:00+00:00,-1.3803161602955192,-0.9590509713634845,-1.6102042502467566,0.0,0.0,0.020981988924608227,,,,,,,,,0.0,336.0,0.0,0.3106787374292178,0.6871521157581331,-5.117033857304997e-05,0.0060761720722301025,0.63430565421863,-0.018804616220016168,0.03445153548523594,0.007754805258476098,-0.015765212011896956,0.0,,,,,,
2025-09-18 14:30:00+00:00,-1.393406119227545,-0.9839277746614138,-1.76982722799722,0.0,0.0,0.021648886852466916,,,,,,,,,0.0,336.0,0.0,0.39934507429957533,0.5737068877188806,2.833318794810362e-05,0.006249339370181987,0.7827291860770653,-0.013772386016813076,0.035995252291447954,0.007723846824782504,-0.022968339056400833,0.0,,,,,,
2025-09-18 15:30:00+00:00,-1.3559884411564256,-0.9824953893208019,-1.7412533142878996,0.0,0.0,0.02209810194534806,,,,,,,,,0.0,336.0,0.0,0.5341929117037606,0.4335522570639217,0.00014338789723444925,0.005862011399124233,0.8080421695966034,-0.009670661446181228,0.030524946148164034,0.007609778817565242,-0.0412269729909891,0.0,,,,,,
2025-09-18 16:30:00+00:00,-1.3582729418459198,-1.0024670487582656,-1.7562048732858728,0.0,0.0,0.022551063693376967,,,,,,,,,0.0,336.0,0.0,0.5777888557439779,0.37754113471577483,0.00018252055143006457,0.005951812797950723,0.8235525015192111,-0.01181233925424463,0.028238491732553328,0.007633932755876635,-0.048683601178506564,0.0,,,,,,
2025-09-18 17:30:00+00:00,-1.370079511208028,-1.0232751122564625,-1.6583067072012974,0.0,0.0,0.02297552087190052,,,,,,,,,0.0,336.0,0.0,0.6519767035149034,0.3062274986349077,0.00024477079278322747,0.005622285071385572,0.7739785718953799,-0.033321427544330984,0.02675893570349075,0.007646352222956347,-0.05200037629852128,0.0,,,,,,
2025-09-18 18:30:00+00:00,-1.3833717205955487,-1.0334402069417046,-1.6239408445244519,0.0,0.0,0.0232558234271176,,,,,,,,,0.0,336.0,0.0,0.7550862152883209,0.20724444923719035,0.0003312650598506833,0.005161645168005905,0.661808639237542,-0.008203007136876383,0.02166370531678563,0.0075978639625923355,-0.04157855778601638,0.0,,,,,,
2025-09-18 19:30:00+00:00,-1.3913067244756596,-1.0466979681410828,-1.7044613872942822,0.0,0.0,0.02338728032761068,,,,,,,,,0.0,336.0,0.0,0.7886149301504899,0.1628226972499555,0.0003616044547495508,0.005257735139805275,0.6297130380442542,-0.004420415970897373,0.013534461403569953,0.007533542389649939,-0.0375112047765942,0.0,,,,,,
2025-09-19 13:30:00+00:00,-1.4334171129682594,-1.0630096295552078,-1.5542358803717384,0.0,0.0,0.02305963161407852,,,,,,,,,0.0,336.0,0.0,0.4595723008520462,0.3591962689846134,0.00010720462203267496,0.009129282859975378,1.0346145108817444,-0.012484615756775064,-0.010356317716456509,0.007016261994461402,-0.027009472163098902,0.0,,,,,,
2025-09-19 14:30:00+00:00,-1.4394121750221427,-1.0713138484312326,-1.6402701979489784,0.0,0.0,0.022535897614143305,,,,,,,,,0.0,336.0,0.0,0.6025585427231219,0.3645634400065222,0.00020134472391714176,0.0056240974295385035,0.7853796228450391,-0.009493299493185337,-0.012536468983036286,0.007007944203592002,-0.020830850438609883,0.0,,,,,,
2025-09-19 15:30:00+00:00,-1.3986715067603037,-1.0918166463609884,-1.656479946758091,0.0,0.0,0.02148935759114314,,,,,,,,,0.0,336.0,0.0,0.5103832696227807,0.40368107562977734,0.00013295462595393196,0.007028032200361495,0.9203711900346345,-0.007009004420992948,-0.012309213314490641,0.007014023133263605,-0.028380625646942992,0.0,,,,,,
2025-09-19 16:30:00+00:00,-1.4126834286002754,-1.09822430479295,-1.7436752594779006,0.0,0.0,0.020197466954491494,,,,,,,,,0.0,336.0,0.0,0.5003349497558999,0.44777990586965627,0.00011829227033568374,0.0063805425046375265,0.8597547653666451,-0.007797640855404797,-0.020058409426347623,0.00699752776887493,-0.028175283472342993,0.0,,,,,,
2025-09-19 17:30:00+00:00,-1.4207245792832017,-1.0479322914456994,-1.677333133927285,0.0,0.0,0.018948004888247987,,,,,,,,,0.0,336.0,0.0,0.6544546066711667,0.31472345192736323,0.0002448819323476036,0.0053926709911179364,0.7485433447860601,-0.005816597831318049,-0.01915828898424765,0.006997363727548874,-0.043839263610958135,0.0,,,,,,
2025-09-19 18:30:00+00:00,-1.615537926788316,-0.9005547786262628,-1.517338187643674,0.0,0.0,0.017846926886339945,,,,,,,,,0.0,336.0,0.0,0.7548482264457216,0.20743411817253748,0.0003310724399066036,0.005163488036782815,0.6621985755808425,-0.006396240393347519,-0.01779536388740377,0.0069966598172223286,-0.04412659604547686,0.0,,,,,,
2025-09-19 19:30:00+00:00,-1.6597528374200288,-0.6710414463023432,-1.3137071185707234,0.0,0.0,0.01677196430489061,,,,,,,,,0.0,336.0,0.0,0.6962347821141054,0.22902493178190667,0.00028817788069866263,0.006122229866374842,0.783506585168815,-0.008591607865701345,-0.02405355382130736,0.006996525447200315,-0.03800114901640805,0.0,,,,,,
2025-09-22 13:30:00+00:00,-1.7969245782845438,-0.22252380862678417,-0.8183443877843197,0.0,0.0,0.014915958038684968,,,,,,,,,0.0,336.0,0.0,0.24811642221266708,0.5086831396582603,-9.694563551288582e-05,0.009333698577720635,1.0335266812419572,-0.012268752875866706,-0.049353370718159706,0.006616408341760072,-0.017905291019355563,0.0,,,,,,
2025-09-22 14:30:00+00:00,-1.7746096384972863,-0.36816348104710034,-0.8420812642426838,0.0,0.0,0.013136293389379085,,,,,,,,,0.0,336.0,0.0,0.6344017887856452,0.30100073621929874,0.0005276026196762113,0.006094456016154165,0.8270632360681123,-0.006637367983539644,-0.0440814055127583,0.006705395404701211,-0.0367519950743076,0.0,,,,,,
2025-09-22 15:30:00+00:00,-1.8912288811501734,-0.5498197794221581,-1.0134180326221007,0.0,0.0,0.01159852874641691,,,,,,,,,0.0,336.0,0.0,0.3584355319568183,0.590784331628391,-0.00023440574525680836,0.005983331855628134,0.8300269786245335,-0.011067175516024097,-0.0419314311304122,0.006722903391575749,-0.02403091461404916,0.0,,,,,,
2025-09-22 16:30:00+00:00,-2.010726651170151,-0.6113773055885702,-1.2067082863336442,0.0,0.0,0.009449040787996413,,,,,,,,,0.0,336.0,0.0,0.6155733752930177,0.3421373719071032,0.0004278963122552751,0.005720450325441518,0.7994042296621053,-0.006622035380332569,-0.04604927800227454,0.0066517098766504,-0.025032631995892007,0.0,,,,,,
2025-09-22 17:30:00+00:00,-1.9892632291687922,-0.6398492367368162,-1.2383586466169578,0.0,0.0,0.008283156943951066,,,,,,,,,0.0,336.0,0.0,0.3643037025911206,0.5888863503309697,-0.00022772533050927993,0.005912566047586218,0.8230064462259172,-0.006313966060274012,-0.037448377698069635,0.006538437879513682,-0.023287785535478722,0.0,,,,,,
2025-09-22 18:30:00+00:00,-1.7885724479968783,-0.7170829993389853,-1.2750620761714875,0.0,0.0,0.007587120494261049,,,,,,,,,0.0,336.0,0.0,0.6352766415236336,0.3212931646150783,0.0004826465810223881,0.005731032631390202,0.78924149213628,-0.004646835854711373,-0.03353387919688666,0.006551711787431291,-0.03136263445739251,0.0,,,,,,
2025-09-22 19:30:00+00:00,-1.8623061482347387,-0.9457133761354855,-1.6104452853434632,0.0,0.0,0.007270696098971643,,,,,,,,,0.0,336.0,0.0,0.4369386620196777,0.46409631064640383,8.11953035930914e-05,0.006773916198686278,0.9469434530161903,0.005531676678046438,-0.029591516557458064,0.006646371985704758,-0.036833135934120964,0.0,,,,,,
2025-09-23 13:30:00+00:00,-2.0090007633294045,-0.8160738919315211,-1.484345105659603,0.0,0.0,0.006849422777599402,,,,,,,,,0.0,336.0,0.0,0.275057742035136,0.6308683254343438,-0.00035861812892278705,0.0067638539818742184,0.8680121945836013,0.008988156620744814,-0.03724880451571533,0.006713184150253873,-0.013356319353658996,0.0,,,,,,
2025-09-23 14:30:00+00:00,-2.065914462974178,-0.5163093871369584,-1.1813835173858376,0.0,0.0,0.006630237100507449,,,,,,,,,0.0,336.0,0.0,0.22277702126805055,0.5005221642264008,-8.92622819009989e-05,0.00991979417063733,1.036441792546209,-0.0068376715796758525,-0.044296663291426785,0.006896357820163965,0.011318879957042505,1.0,,,,,,
2025-09-23 15:30:00+00:00,-2.128286629007549,0.007376908859749815,-0.7095904325071564,0.0,0.0,0.00707508237815837,,,,,,,,,0.0,336.0,0.0,0.04358212952990337,0.3227535523340277,0.00023319931621174162,0.016123528939319353,0.7906390499196397,-0.023150793053972052,-0.05134864218099722,0.007182616832479149,0.02129067292097231,1.0,,,,,,
2025-09-23 16:30:00+00:00,-2.164437523894716,0.46291979188153426,-0.23710878496173865,0.0,0.0,0.008090656173009646,,,,,,,,,0.0,336.0,0.0,0.11831526981168468,0.6574718926756604,-0.00048324880599668804,0.00906724848673654,0.8634793415334451,-0.0342639249427692,-0.0676914820880139,0.007224385150874271,0.03538813334673474,1.0,,,,,,
2025-09-23 17:30:00+00:00,-2.085020678158073,0.6848169500255548,0.12813001740314722,1.0,1.0,0.009236190651639104,,,,,,,,,0.0,336.0,0.0,0.5174665342709233,0.40490317005353826,0.0002468992840849768,0.006371297423284374,0.905395586671129,-0.03986981240692922,-0.07538183355049632,0.007210667465899608,0.04756452525999455,1.0,1.0,,,,,
2025-09-23 18:30:00+00:00,-2.504964697398608,-0.08392281300068025,-0.7995365381861194,0.0,0.0,0.009459548248383761,,,,,,,,,0.0,336.0,0.0,0.4356911116553482,0.26070382959159577,0.0005349222603986835,0.010284115408777337,1.0743697283241482,-0.030535481537957487,-0.06405149639199781,0.0075430995164814715,0.039746570751697075,1.0,,,,,,
2025-09-23 19:30:00+00:00,-2.404632768294311,-0.32180203505865185,-1.1282882654377224,0.0,0.0,0.00953340163493857,,,,,,,,,0.0,336.0,0.0,0.36684277865376713,0.5782560575041056,-0.00020292776531219105,0.006050174664857616,0.8439463819597679,-0.03445127358893929,-0.06016736219808738,0.007578958797727768,0.036899943810636326,1.0,,,,,,
2025-09-24 13:30:00+00:00,-2.647724834811877,-0.5240964157404168,-1.1937380049487345,0.0,0.0,0.009428037450902255,,,,,,,,,0.0,336.0,0.0,0.6604902687603186,0.2868431260132237,0.000570076084858168,0.005877941531103239,0.7872074025234043,-0.02372887590797701,-0.058298704139890134,0.007613076142823248,0.05156975242124995,1.0,,,,,,
2025-09-24 14:30:00+00:00,-2.6002803818331968,-0.7574432924819459,-1.3762325598688836,0.0,0.0,0.009460970492173891,,,,,,,,,0.0,336.0,0.0,0.39689871904178947,0.5163807197905652,-5.223331094559122e-05,0.006582179502667055,0.920082866138217,-0.007355810875394386,-0.044096535948608295,0.007614875992144063,0.054414420999752355,1.0,,,,,,
2025-09-24 15:30:00+00:00,-2.716092777913499,-0.7256950299673512,-1.4897630401788389,0.0,0.0,0.009503115424580239,,,,,,,,,0.0,336.0,0.0,0.49810393236790346,0.45612697707103467,0.0001244425618229777,0.00583369916781961,0.8463627770568531,0.005837342923053157,-0.04506029151411717,0.007613607348044054,0.05255096324327457,1.0,,,,,,
2025-09-24 16:30:00+00:00,-2.773648194413919,-0.6302796395259532,-1.2161963689877857,0.0,0.0,0.009524355120360962,,,,,,,,,0.0,336.0,0.0,0.36824652251541784,0.5757842067524231,-0.00019682321018017613,0.006067852839816117,0.8470817448367691,0.012710676850758773,-0.04778526358199242,0.007623451474239078,0.05438288418960768,1.0,,,,,,
2025-09-24 17:30:00+00:00,-2.812537505684143,-0.16995544021551592,-0.7477118362883051,0.0,0.0,0.008988029414417474,,,,,,,,,0.0,336.0,0.0,0.025561446171977503,0.20520490590407559,0.00048822840736549935,0.018456796397398056,0.6205344330680729,0.0023445148562450946,-0.08297728898660717,0.007111136028804894,0.07839050040502027,1.0,,,,,,
2025-09-24 18:30:00+00:00,-2.9300215283125493,-0.19216607634943036,-0.735040663563361,0.0,0.0,0.009049494765405978,,,,,,,,,0.0,336.0,0.0,0.32077295789858873,0.6311080290617388,-0.0003401327886577533,0.005954867872330777,0.8012079340086926,-0.008944278652808002,-0.058725843575700765,0.005982636298451398,0.07627144193758717,1.0,,,,,,
2025-09-24 19:30:00+00:00,-3.1088907663748944,-0.320202100306079,-0.7900084752265246,0.0,0.0,0.008971082717782389,,,,,,,,,0.0,336.0,0.0,0.6843209510405073,0.2716599251979328,0.0006139006504266597,0.005718767624606323,0.7510881344801414,-0.0090815521055152,-0.05101317285300677,0.0059869945099147144,0.08112558366535527,1.0,,,,,,
2025-09-25 13:30:00+00:00,-3.2488182445859586,-0.7148274755255397,-1.2603668709351017,0.0,0.0,0.009103891090615006,,,,,,,,,0.0,336.0,0.0,0.35136674274700136,0.402311256428259,0.00018357896186111164,0.009340149727335791,1.0789449380426173,-0.003164571732123367,-0.04265865965199733,0.006269088915712809,0.028434969076353234,1.0,,,,,,
2025-09-25 14:30:00+00:00,-3.167227261935836,-0.25515319315634255,-0.9414995919684679,0.0,0.0,0.009027246253860534,,,,,,,,,0.0,336.0,0.0,0.04810089658188284,0.44773197869632664,-4.4040781081432394e-05,0.013900557393043836,0.8510172867279933,-0.02255851261923736,-0.05288266255103258,0.006607517180358019,0.029290381538238375,1.0,,,,,,
2025-09-25 15:30:00+00:00,-3.2232148990481235,-0.6409289705010671,-1.292399964591321,0.0,0.0,0.009406178751740749,,,,,,,,,0.0,336.0,0.0,0.24694776854430783,0.09286287396051637,0.0008312391413076814,0.016485701022797034,0.8402061285466516,-0.006717464483130264,-0.042107094551066204,0.0070886205601165195,0.02649844872374274,1.0,,,,,,
2025-09-25 16:30:00+00:00,-3.291123983208016,-0.6780790575855388,-1.2962085567066355,0.0,0.0,0.00981951054241351,,,,,,,,,0.0,336.0,0.0,0.19026299932586047,0.7596966183322192,-0.0006816168926611546,0.006047335339939223,0.6743717736692555,-0.0034793839038815833,-0.039452308231629374,0.007082572987275081,0.01898845427073237,1.0,,,,,,
2025-09-25 17:30:00+00:00,-3.3852104273309047,-0.7329485311879841,-1.3911725892473294,0.0,0.0,0.010369285293359029,,,,,,,,,0.0,336.0,0.0,0.7846187331250088,0.17555478657494802,0.0008702675831350665,0.005601124641143158,0.6241156326781114,0.0142375120152054,-0.03541834942707078,0.007098502463944076,0.02282411545654428,1.0,,,,,,
2025-09-25 18:30:00+00:00,-2.5009885094733595,-0.6000898021645377,-1.2843829216627953,0.0,0.0,0.01065402869882237,,,,,,,,,0.0,336.0,0.0,0.09279049630585304,0.8277576804928303,-0.000874176155434983,0.006596198933050099,0.5782962191082561,0.008117125733372976,-0.042405710705451405,0.007149607980150996,0.03532455554994973,1.0,,,,,,
2025-09-25 19:30:00+00:00,-2.1590719311611015,-0.6231033568143391,-1.2143602805053915,0.0,0.0,0.010995329785638332,,,,,,,,,0.0,336.0,0.0,0.8332182451230953,0.1290115297946005,0.000994435582099761,0.005543696852361356,0.539969543253342,0.006699689760333527,-0.03989306712177587,0.0071589620704533095,0.04537755091347284,1.0,,,,,,
2025-09-26 13:30:00+00:00,-2.179582463019207,-1.0105599233097757,-1.5734430250913918,0.0,0.0,0.012256348850624424,,,,,,,,,0.0,336.0,0.0,0.021614754409440905,0.05711072515815629,0.0008173320322619793,0.021066137083291164,0.3219156027986657,0.01353712828644138,-0.01663691560878089,0.007701293799910258,0.05712370163898184,1.0,,,,,,
2025-09-26 14:30:00+00:00,-2.152873471835335,-1.2574192015791283,-1.703255696752104,0.0,0.0,0.014433435579967697,,,,,,,,,0.0,336.0,0.0,0.10874708795899267,0.19172461430750168,0.0005529455408822861,0.017223396804167575,0.8079268604770817,0.04123320345167425,-0.0021561596061729915,0.008079215574904432,0.03871057235752584,1.0,,,,,,
2025-09-26 15:30:00+00:00,-2.0871575692697952,-1.2302894181306956,-1.7491832928560822,0.0,0.0,0.015882546211744102,,,,,,,,,0.0,336.0,0.0,0.1969516951452709,0.7393623618441212,-0.0006334204796782996,0.006278310094302008,0.7186474196854308,0.022170794481049416,-0.01292729564902384,0.00804129053556148,0.04260486959557852,1.0,,,,,,
2025-09-26 16:30:00+00:00,-2.071886081033053,-1.2525501467342914,-1.881722060287343,0.0,0.0,0.017304205949671796,,,,,,,,,0.0,336.0,0.0,0.7866036529455089,0.168101225698189,0.0008877398357896582,0.0056940081037785304,0.628733619353102,0.02615684039985755,-0.005497826976367026,0.008045311157559598,0.036478702100541494,1.0,,,,,,
2025-09-26 17:30:00+00:00,-2.049979726992775,-1.2849342693016534,-1.8285361441429557,0.0,0.0,0.018891950393264034,,,,,,,,,0.0,336.0,0.0,0.2583210753141313,0.6209180930439229,-0.00034335941276819273,0.007229173609270816,0.9008348604038863,0.030982498388544055,0.0013807467927913208,0.008128980039373679,0.03642783990125098,1.0,,,,,,
2025-09-26 18:30:00+00:00,-2.0135012811151016,-1.2959726383056471,-1.843586684600245,0.0,0.0,0.02036399387788504,,,,,,,,,0.0,336.0,0.0,0.6954727303466217,0.25751789811636916,0.0006501246157760706,0.005764965697084872,0.7456629285023616,0.0405737236711321,0.004564253359028214,0.008146670394778302,0.040430673673460316,1.0,,,,,,
2025-09-26 19:30:00+00:00,-2.0287399159831967,-1.3052894697047634,-1.8337729944323145,0.0,0.0,0.021486589194806664,,,,,,,,,0.0,336.0,0.0,0.270318846370322,0.6816238139187369,-0.0004739444632674511,0.005976818369286621,0.7607407639534622,0.039281806155818,0.007980346899743473,0.008119579071465944,0.03455358116965579,1.0,,,,,,
2025-09-29 13:30:00+00:00,-1.8560079783202974,-0.9254898883218455,-1.3455698222954249,0.0,0.0,0.023243321365680105,,,,,,,,,0.0,336.0,0.0,0.0368459382605727,0.007187046829838885,0.0009351661610290605,0.021654176714767118,0.2001492781246642,0.041197195866931935,0.03682903313401775,0.008483703662006027,0.03073076445722167,1.0,,,,,,
2025-09-29 14:30:00+00:00,-1.7338828722862012,-0.7184886674024735,-1.2072324252584536,0.0,0.0,0.02512565725455203,,,,,,,,,0.0,336.0,0.0,0.2106842688412228,0.591435124857328,-0.0002973339048081597,0.008573521460735914,0.9593268893130624,0.035739730167315464,0.04022093854468212,0.008550691523514571,0.02090460583085907,1.0,,,,,,
2025-09-29 15:30:00+00:00,-1.7661699436359697,-0.8373499055154179,-1.4687133896792424,0.0,0.0,0.026334666899059483,,,,,,,,,0.0,336.0,0.0,0.527939496572962,0.4182343975196767,0.00022148349921991106,0.0059582734086617555,0.8590939751005602,0.03709763324535542,0.03523751311235568,0.00858259203310532,0.029124036783044982,1.0,,,,,,
2025-09-29 16:30:00+00:00,-1.7836304734605366,-0.6912875357791658,-1.102379378040753,0.0,0.0,0.027106618572206122,,,,,,,,,0.0,336.0,0.0,0.3894631341623348,0.5627568525893967,-0.00015890103226405168,0.0059177296700318885,0.8360975983230697,0.031705427693631716,0.03282963609759726,0.008595464254285505,0.029611093036175262,1.0,,,,,,
2025-09-29 17:30:00+00:00,-1.655547927451881,-0.31831322413919416,-0.7239920532109796,0.0,0.0,0.02791035455255379,,,,,,,,,0.0,336.0,0.0,0.6474402654545592,0.23177179424656277,0.0006876397871748418,0.007052191418796824,0.875623472462182,0.033170490001270814,0.04086520285433615,0.008680814923546578,0.03554638460194237,1.0,,,,,,
2025-09-29 18:30:00+00:00,-1.6494466096858345,-0.4874153486004261,-0.9013466287321146,0.0,0.0,0.028361806230937526,,,,,,,,,0.0,336.0,0.0,0.21273242971034756,0.7364175920231607,-0.0006202779127070046,0.00605097355661507,0.7060388263426325,0.027580592533082093,0.03679168174682168,0.008700781265967954,0.03720617517087099,1.0,,,,,,
2025-09-29 19:30:00+00:00,-1.5265236251575587,-0.1821907411038407,-0.68128144153465,0.0,0.0,0.028857830308274733,,,,,,,,,0.0,336.0,0.0,0.7820407300268204,0.1345233008002399,0.0009608325091035078,0.006350214459247559,0.6693475444077176,0.035144087749203745,0.03759275797090078,0.008716458450201412,0.02765423563882541,1.0,,,,,,
2025-09-30 13:30:00+00:00,-2.090191106647131,-1.4302826333360168,-1.952400842969639,0.0,0.0,0.028965684188934054,,,,,,,,,0.0,336.0,0.0,1.2511104846295037e-17,3.8762922007666566e-12,0.0009358868810822175,0.02242615655410892,1.0573069383145297e-10,-0.02629935507702008,0.0015415214362528573,0.011390127359763006,0.06384510408147204,1.0,,,,,,
2025-09-30 14:30:00+00:00,-2.241732240767382,-1.5894330840283757,-2.240194546688021,0.0,0.0,0.029395927451943853,,,,,,,,,0.0,336.0,0.0,0.01683337005868306,0.6239666593291637,-0.00045064345470275735,0.01142859131232662,0.7308294010789163,-0.04768255208075134,-0.0006239419563933701,0.01145590711062734,0.0830508177595779,1.0,,,,,,
2025-09-30 15:30:00+00:00,-2.21696640726102,-1.550978346755305,-2.24095581747035,0.0,0.0,0.029224213374128356,,,,,,,,,0.0,336.0,0.0,0.581845794589348,0.11805804870638589,0.0009143102376149566,0.010157286990987884,0.9285502553976377,-0.0327699790026621,0.025618327163665633,0.011330998734806141,0.07728667596013317,1.0,,,,,,
2025-09-30 16:30:00+00:00,-2.2291089572151828,-1.531216273327619,-2.0861652474134202,0.0,0.0,0.029051760799522486,,,,,,,,,0.0,336.0,0.0,0.06348172590806939,0.8308690203585852,-0.0008933193267576258,0.0070588572080398015,0.566425815543007,-0.0388738138227569,0.02821974721760956,0.011263500087975489,0.08218074520927088,1.0,,,,,,
2025-09-30 17:30:00+00:00,-2.2140805547421576,-1.4514150093552778,-2.340335161853836,0.0,0.0,0.028541835408937222,,,,,,,,,0.0,336.0,0.0,0.8573475556248117,0.08591873811280532,0.001100716203623299,0.0058579220276040985,0.5056218736854683,-0.04132887293327059,0.039406142327994775,0.01123939786375546,0.07041382971813182,1.0,,,,,,
2025-09-30 18:30:00+00:00,-2.222245465606943,-1.4380555183642512,-2.214773261596293,0.0,0.0,0.02838248339055181,,,,,,,,,0.0,336.0,0.0,0.14602534936405503,0.7399675609825466,-0.0006559609704846879,0.007164554539098351,0.7513553521537917,-0.03282976065426446,0.034497402630514706,0.011142355581980335,0.06212730209207207,1.0,,,,,,
2025-09-30 19:30:00+00:00,-2.1952461465419377,-1.3789504692742116,-2.0721703135488823,0.0,0.0,0.028068347193405348,,,,,,,,,0.0,336.0,0.0,0.6716963845245357,0.09303758003759932,0.0010075736709916651,0.009004459488151878,0.8286809354445432,-0.029048342991548903,0.04299568856829117,0.01126911753642766,0.04718276571858615,1.0,,,,,,
2025-10-01 13:30:00+00:00,-1.946988258968448,-1.0258533544829367,-1.7085960190260003,0.0,0.0,0.02774375065813515,,,,,,,,,0.0,336.0,0.0,7.892202086720194e-07,4.3257661224838725e-06,0.000935877548523329,0.022426068470913902,6.963246653055144e-05,0.042225860849069985,0.06749625819329985,0.012168673224517618,0.03082528380496985,1.0,,,,,,
2025-10-01 14:30:00+00:00,-1.9768404481297952,-1.1579548913330757,-1.8476940005955031,0.0,0.0,0.02755523755487671,,,,,,,,,0.0,336.0,0.0,0.08871940679210297,0.8371131032971098,-0.0010383987704536764,0.006952841192239723,0.556679866459139,0.050653394270961716,0.05738526318996273,0.01219719397325912,0.023599492384732912,1.0,,,,,,
2025-10-01 15:30:00+00:00,-1.9788013094975583,-1.177651142873545,-1.8673902521359724,0.0,0.0,0.02736674372003105,,,,,,,,,0.0,336.0,0.0,0.8341916076366535,0.13533082520256953,0.001196205272341901,0.005777727334717854,0.5282885102978668,0.0382772153528852,0.05805819959349767,0.012192767307321667,0.02448620429480819,1.0,,,,,,
2025-10-01 16:30:00+00:00,-1.9866260961800921,-1.2160733134955368,-1.9058124227579643,0.0,0.0,0.027117242801741433,,,,,,,,,0.0,336.0,0.0,0.18888835279908853,0.7506030415847084,-0.0007562450664734127,0.006663973410326044,0.6998577298544835,0.043647088229666675,0.05915615859651746,0.012180179963447077,0.02120224417159866,1.0,,,,,,
2025-10-01 17:30:00+00:00,-1.8916636473039103,-1.0323649876175005,-1.722104096879928,0.0,0.0,0.02644868865464454,,,,,,,,,0.0,336.0,0.0,0.8310796294675945,0.11767529623582743,0.0012347421622238065,0.006128793043309129,0.557835138054142,0.044586222833250755,0.08164785030500044,0.011817233172264161,0.008683494706469563,1.0,,,,,,
2025-10-01 18:30:00+00:00,-1.7687092233824848,-0.9076994678798308,-1.5974385771422583,0.0,0.0,0.02588123848176568,,,,,,,,,0.0,336.0,0.0,0.3063889515179258,0.5594339857032604,-0.00021672004325140663,0.00783336592414855,0.9568707359888917,0.045679841794642684,0.08912152307796539,0.011836574188603604,-0.002056698099397014,0.0,,,,,,
2025-10-01 19:30:00+00:00,-1.9084571459442203,-1.062106874769905,-1.7518459840323324,0.0,0.0,0.025326425751730462,,,,,,,,,0.0,336.0,0.0,0.4215296840118561,0.5016155609040915,1.0825161520186297e-05,0.006801407129884796,0.9074168637044866,0.028457836412000947,0.08053507708580732,0.011928246187444067,-0.0019215863596437899,0.0,,,,,,
2025-10-02 13:30:00+00:00,-1.6507985299078465,-0.7333054735609233,-1.423044582823351,0.0,0.0,0.025315046210196198,,,,,,,,,0.0,336.0,0.0,0.358726399788403,0.11016151501453243,0.0008702647164323085,0.014477319037298344,0.946838005523504,0.014804258685171767,0.08546508861059499,0.012048806257931994,0.004500226060151213,1.0,,,,,,
2025-10-02 14:30:00+00:00,-1.6792879448438445,-0.7871094393580439,-1.4768485486204712,0.0,0.0,0.024819650049358297,,,,,,,,,0.0,336.0,0.0,0.20952241882498926,0.7308974648324549,-0.0006937400837318634,0.006636169362594048,0.7246327469919123,0.017933763640648692,0.09787753944984878,0.011737680423863042,0.013081328698219874,1.0,,,,,,
2025-10-02 15:30:00+00:00,-1.5275493033914165,-0.6883613860490022,-1.3781004953114295,0.0,0.0,0.024827905739473122,,,,,,,,,0.0,336.0,0.0,0.8170105466639346,0.14216835672206934,0.0011664136528381443,0.005961815019669007,0.5730230525410014,0.023616800432821883,0.08839246450944982,0.011569564852838108,0.011530762091020996,1.0,,,,,,
2025-10-02 16:30:00+00:00,-1.492266747462007,-0.744646692085065,-1.4343858013474924,0.0,0.0,0.024771854674951566,,,,,,,,,0.0,336.0,0.0,0.21916562988859906,0.7228481383391122,-0.0006672259238544292,0.006603669363930307,0.7324010089308927,0.024837818629265485,0.08747336112966453,0.011577409265802925,0.02678287873608154,1.0,,,,,,
2025-10-02 17:30:00+00:00,-1.2205267075986375,-0.40965514258694063,-1.099394251849368,0.0,0.0,0.02499649329080112,,,,,,,,,0.0,336.0,0.0,0.5604608696049083,0.07210180825275037,0.001121886667418292,0.01160577415663115,0.8819881001710204,0.032289034701962205,0.09969937299175724,0.011742049425354673,0.0012872251897122489,1.0,,,,,,
2025-10-02 18:30:00+00:00,-1.1978019243847455,-0.4708577474277373,-1.1605968566901648,0.0,0.0,0.024978356999382025,,,,,,,,,0.0,336.0,0.0,0.17804829370727715,0.7610906683526903,-0.0007893966298042721,0.006676304196312419,0.6853978023134806,0.02435609403049277,0.10536049137508519,0.011649858573389201,0.010134619518626042,1.0,,,,,,
2025-10-02 19:30:00+00:00,-1.221514541182279,-0.5441400516008613,-1.2338791608632889,0.0,0.0,0.024857722604953184,,,,,,,,,0.0,336.0,0.0,0.7385305040969291,0.22350945237873834,0.000913816839808685,0.005960069195751585,0.6829035935367405,0.028244742218373364,0.10208012954384715,0.011679778858957315,0.019898238726863138,1.0,,,,,,
2025-10-03 13:30:00+00:00,-1.337177130122675,-0.7141364710330631,-1.4038755802954905,0.0,0.0,0.024856017028078936,,,,,,,,,0.0,336.0,0.0,0.16289941245286874,0.7482061077718719,-0.0007716865047091256,0.00715666549204323,0.7277899213787603,0.006814984547230285,0.07874294487138389,0.011534311186582597,0.05510114618548201,1.0,,,,,,
2025-10-03 14:30:00+00:00,-1.218119698405916,-0.5650269517195557,-1.254766060981983,0.0,0.0,0.02477408119503237,,,,,,,,,0.0,336.0,0.0,0.8308420712559802,0.1205845364422677,0.0012277854022954458,0.00608400628943885,0.5559719304283283,0.014463659847967492,0.07110799584614202,0.011377199356213603,0.052039730132553697,1.0,,,,,,
2025-10-03 15:30:00+00:00,-1.1064619708296588,-0.4647734234970584,-1.1545125327594858,0.0,0.0,0.024752879104319357,,,,,,,,,0.0,336.0,0.0,0.3042068324972106,0.5916979590553398,-0.0002935058565666922,0.007328797546403765,0.9080295134273794,0.015392660174426087,0.08161433020282649,0.011334621610243971,0.05607120465227755,1.0,,,,,,
2025-10-03 16:30:00+00:00,-1.14567206513061,-0.5532872525741511,-1.2430263618365784,0.0,0.0,0.024697532974720653,,,,,,,,,0.0,336.0,0.0,0.5674209597701546,0.3852766912629078,0.00039930932298479227,0.006218260700360441,0.8333343719745088,0.013695838350338718,0.0750123590801457,0.011367790395890875,0.05812842251065442,1.0,,,,,,
2025-10-03 17:30:00+00:00,-1.2420050082565797,-0.694448121501874,-1.3841872307643013,0.0,0.0,0.024640238821266123,,,,,,,,,0.0,336.0,0.0,0.2864130849543142,0.6351619779359721,-0.0004089581053371112,0.006907637808734703,0.8460319068291775,-0.0064614278170811446,0.06225544678613204,0.01142095029162809,0.05792638248963389,1.0,,,,,,
2025-10-03 18:30:00+00:00,-1.5154806080515961,-0.7385876475955743,-1.4283267568580018,0.0,0.0,0.024621810223960632,,,,,,,,,0.0,336.0,0.0,0.6308449326376835,0.327162958341173,0.0005857225860485348,0.006091492836935115,0.7892918577539471,-0.007908633733063386,0.0568781339708897,0.011437228985726116,0.06348232713212365,1.0,,,,,,
2025-10-03 19:30:00+00:00,-1.6397731909189017,-0.8146066222808863,-1.5043457315433137,0.0,0.0,0.024768789055351452,,,,,,,,,0.0,336.0,0.0,0.30957442319811707,0.6296230994364095,-0.0003773504578216086,0.006597614236817981,0.8245330878348646,-0.009519812911788161,0.05327851047624099,0.011471235895410463,0.07198358456495368,1.0,,,,,,
2025-10-06 13:30:00+00:00,-1.3016853656890768,-0.6078991427010901,-1.2976382519635177,0.0,0.0,0.02415643035013991,,,,,,,,,0.0,336.0,0.0,0.6451952701768369,0.1259386935171752,0.001065220176888851,0.009225493524501626,0.8811560471470061,0.009206040572567797,0.04675178957701975,0.011235629601352656,0.06967993639391024,1.0,,,,,,
2025-10-06 14:30:00+00:00,-1.3851973035814982,-0.8140762576093677,-1.503815366871795,0.0,0.0,0.023485679535181193,,,,,,,,,0.0,336.0,0.0,0.042492550519865106,0.7195148630869751,-0.0008023345977635492,0.009735040701079343,0.71270023726841,-0.008797931103883272,0.02657033457494329,0.011373326620682963,0.0880007763707833,1.0,,,,,,
2025-10-06 15:30:00+00:00,-1.4751954532984974,-0.8100655632357836,-1.499804672498211,0.0,0.0,0.023059909207875533,,,,,,,,,0.0,336.0,0.0,0.7618764267109958,0.20460860278446993,0.0009766434722832153,0.00587152799077234,0.6456606658019167,-0.01452325631243978,0.02999344064503129,0.011352285512276059,0.08467763318156418,1.0,,,,,,
2025-10-06 16:30:00+00:00,-1.5635743439090537,-0.9021042976907778,-1.5918434069532053,0.0,0.0,0.022977951033141486,,,,,,,,,0.0,336.0,0.0,0.16988107524264245,0.7507338022769413,-0.0007719185588223786,0.006992631047468102,0.7174970979610266,-0.017331412808005542,0.02597551857850844,0.01140008221917826,0.07896627376306009,1.0,,,,,,
2025-10-06 17:30:00+00:00,-1.6297375148394844,-0.9843825544469121,-1.6741216637093395,0.0,0.0,0.022863019759716798,,,,,,,,,0.0,336.0,0.0,0.6161172299239568,0.317011829995825,0.0005974174061618568,0.006518557251188477,0.8434702786255339,-0.017144112178411497,0.01194084460644973,0.011377207819540047,0.07642908885455313,1.0,,,,,,
2025-10-06 18:30:00+00:00,-1.7953424717020008,-1.0289736526390192,-1.7187127619014466,0.0,0.0,0.023038255495443957,,,,,,,,,0.0,336.0,0.0,0.3136644059947804,0.6274012211081187,-0.0003688768734714787,0.006563783775195231,0.82301016206261,-0.018504158396826398,0.010793383040981208,0.011386916157679764,0.0849626947895965,1.0,,,,,,
2025-10-06 19:30:00+00:00,-1.8721026732955781,-1.0928443039369582,-1.7825834131993856,0.0,0.0,0.023236084797478986,,,,,,,,,0.0,336.0,0.0,0.48477824229653455,0.4421469750765031,0.00020024693485964963,0.0067004759350669015,0.9030357064573957,-0.020646515666228993,-0.0025120929391917457,0.01137017668533953,0.09060510427313906,1.0,,,,,,
2025-10-07 13:30:00+00:00,-1.4808296858032914,-0.8918978848691115,-1.581636994131539,0.0,0.0,0.02312983470548547,,,,,,,,,0.0,336.0,0.0,0.013785378183362954,0.006151642555544628,0.000833189972833887,0.02223068376438849,0.11011376271155021,-0.011520799059646869,0.061530345594392966,0.00924322538868568,0.059328726474245475,1.0,,,,,,
2025-10-07 14:30:00+00:00,-1.3169181354461605,-0.83697719249239,-1.5267163017548175,0.0,0.0,0.022308168907850798,,,,,,,,,0.0,336.0,0.0,0.21521723353807506,0.6307165048467354,-0.0004561908923312289,0.008221687371461613,0.9094545558923652,0.007415599954135654,0.08166848660983028,0.00892742779411319,0.03359758971790239,1.0,,,,,,
2025-10-07 15:30:00+00:00,-1.2470763355052321,-0.8033264610429336,-1.493065570305361,0.0,0.0,0.021736692675347436,,,,,,,,,0.0,336.0,0.0,0.7410946899142841,0.21873942975134553,0.0009269816873971644,0.005995647715995785,0.6836310322278687,0.01066135822903469,0.07342477787672808,0.008782390492140572,0.02105789647742773,1.0,,,,,,
2025-10-07 16:30:00+00:00,-1.0853710496038227,-0.5805272710452489,-1.2702663803076764,0.0,0.0,0.02065084190214231,,,,,,,,,0.0,336.0,0.0,0.23531886541179925,0.2135480840119391,0.0005300782437857693,0.014886901089447173,0.9985115437166978,0.030418453193748363,0.0952677855950137,0.008827269854850535,0.004230656754523832,1.0,,,,,,
2025-10-07 17:30:00+00:00,-1.3031212158778818,-0.7987437252689527,-1.48848283453138,0.0,0.0,0.019519252532961422,,,,,,,,,0.0,336.0,0.0,0.07125792720667774,0.6994264045975932,-0.0007323642793131712,0.009572134836723048,0.7759684691232351,0.02489276518520489,0.07816248272492521,0.009124071417683371,0.014192688035342904,1.0,,,,,,
2025-10-07 18:30:00+00:00,-1.2736927053603757,-0.6360495970893942,-1.3257887063518217,0.0,0.0,0.01858565462919334,,,,,,,,,0.0,336.0,0.0,0.7984976985344068,0.1280163206360231,0.0011843508252390173,0.006522046240958341,0.6346774900311298,0.036547411648515826,0.0801705553437615,0.009155512355897646,-0.0018646496642351629,0.0,,,,,,
2025-10-07 19:30:00+00:00,-1.1485169068155276,-0.5177774099120281,-1.2075165191744555,0.0,0.0,0.018204716583335414,,,,,,,,,0.0,336.0,0.0,0.3199817762697012,0.5408044852127648,-0.00016241079749580378,0.00791003225226801,0.9715415433815767,0.05006456730488029,0.07660081735723745,0.009074713437176737,-0.014172573313933512,0.0,,,,,,
2025-10-08 13:30:00+00:00,-0.6192960385876543,0.03275522862117236,-0.6569838806412551,0.0,0.0,0.019432346302708944,,,,,,,,,0.0,336.0,0.0,4.229425168964352e-05,2.2690439111000275e-05,0.0008363284572541087,0.02257297202046293,0.0007335637691642112,0.05741590467256108,0.07672038941788406,0.009084910628844051,-0.019611259665855307,0.0,,,,,,
2025-10-08 14:30:00+00:00,-0.5607781522440323,0.048136816544802515,-0.6416022927176249,0.0,0.0,0.02060207409549964,,,,,,,,,0.0,336.0,0.0,0.1830364118524201,0.7348069216475168,-0.0007242472970561874,0.007031465304017164,0.7425575590652436,0.053422061282301314,0.08443715362116988,0.009012579164743753,-0.0031401945428291,0.0,,,,,,
2025-10-08 15:30:00+00:00,-0.2878891693924061,0.28319574371021766,-0.40654336555220977,0.0,0.0,0.02204156908932344,,,,,,,,,0.0,336.0,0.0,0.7893878444846167,0.10343414022846292,0.001234143878011099,0.007093994800576625,0.6607185465995964,0.05993310273568264,0.09508066525952552,0.009082312244129415,-0.009084167871480364,0.0,,,,,,
2025-10-08 16:30:00+00:00,-0.27547714379449445,0.5433810465215168,-0.14635806274091068,0.0,0.0,0.023064915513222674,,,,,,,,,0.0,336.0,0.0,0.1930243170189281,0.7475952604949729,-0.000745906892222185,0.006642558327410137,0.7026617654686244,0.0450413821249116,0.09666207949025862,0.009059365303312425,-0.013464982689372018,0.0,,,,,,
2025-10-08 17:30:00+00:00,-0.4012815715784007,0.016970179781802798,-0.6727689294806246,0.0,0.0,0.023534057339368523,,,,,,,,,0.0,336.0,0.0,0.595782861270106,0.3317194382061804,0.0005467762147043352,0.0066251905391238874,0.8648329656481797,0.050177729482840494,0.08375398937451495,0.009157617184247839,-0.0057259621705427755,0.0,,,,,,
2025-10-08 18:30:00+00:00,-0.3571503254577638,0.0643052569241528,-0.6254338523382746,0.0,0.0,0.023841229260504405,,,,,,,,,0.0,336.0,0.0,0.4954885790564179,0.4466899870787119,0.00019834382994575572,0.006437647430910238,0.8727346890317987,0.04543907388043422,0.07992978742955303,0.009121107938670247,-0.013915594997237601,0.0,,,,,,
2025-10-08 19:30:00+00:00,-0.2736857697907768,0.14516854255807604,-0.5445705667043514,0.0,0.0,0.024120411979333792,,,,,,,,,0.0,336.0,0.0,0.6118938881046778,0.3308872278905627,0.000561738810106101,0.006358743058381625,0.8302098189272318,0.042565532926302385,0.09070851387153889,0.00900810300915201,-0.022503527301584114,0.0,,,,,,
2025-10-09 13:30:00+00:00,0.015348894473525769,0.4180748104981276,-0.2716642987642998,0.0,0.0,0.024317012726499193,,,,,,,,,0.0,336.0,0.0,0.5048182880680371,0.3148672181400993,0.0005124068821529715,0.008491983260928992,1.0178220836828564,0.023784830780996025,0.08570096151370832,0.00884675093765736,-0.05735634243077525,0.0,,,,,,
2025-10-09 14:30:00+00:00,0.12879011152086517,0.5917553096497361,-0.09798379961269132,0.0,0.0,0.024538528616832072,,,,,,,,,0.0,336.0,0.0,0.518148572474908,0.38910881926921626,0.00035055666041491456,0.0070114957318503195,0.9284927199754316,0.027163115134346327,0.09366650511486752,0.00884966327221394,-0.055365162686531466,0.0,,,,,,
2025-10-09 15:30:00+00:00,0.09942896178231987,0.33815354966704186,-0.35158555959538557,0.0,0.0,0.02450070103441894,,,,,,,,,0.0,336.0,0.0,0.3849576845519042,0.5601085936297331,-0.000154757333519109,0.006454388846420558,0.8515389576926701,0.014083172216846851,0.08554703704355049,0.008894848061266447,-0.04241988160796373,0.0,,,,,,
2025-10-09 16:30:00+00:00,-0.18187357245980793,0.006692197401005281,-0.6830469118614222,0.0,0.0,0.024435449286953296,,,,,,,,,0.0,336.0,0.0,0.18697770583940315,0.5610726101071655,-0.00031708715866507714,0.00988438241520077,0.9850836384487672,0.0035064384444001284,0.07533069930539327,0.009184439520365155,-0.02535924099703024,0.0,,,,,,
2025-10-09 17:30:00+00:00,-0.43097169513598277,-0.20701451792485032,-0.8967536271872778,0.0,0.0,0.024283036647169673,,,,,,,,,0.0,336.0,0.0,0.33238931679093736,0.5467722963104977,-0.000166254522637624,0.007593701331116939,0.9515765071265376,0.0013585941865077444,0.05282354885906049,0.009109096724373537,-0.01325610365021701,0.0,,,,,,
2025-10-09 18:30:00+00:00,-0.5460799914043172,-0.10624679217213623,-0.7959859014345636,0.0,0.0,0.02417026081451957,,,,,,,,,0.0,336.0,0.0,0.6954980664618322,0.2515619027413331,0.0008137919010306745,0.00623739663346741,0.7552955713934684,0.0029762092606464563,0.05854990265970672,0.00911937499743591,-0.017991485895229253,0.0,,,,,,
2025-10-09 19:30:00+00:00,-0.32488322068084896,-0.13029147959583756,-0.820030588858265,0.0,0.0,0.02413382713572588,,,,,,,,,0.0,336.0,0.0,0.3399234916455229,0.6070933024019262,-0.00030042286615943124,0.006448194952406519,0.8254260121423589,-0.0020249959580436183,0.060438775695121905,0.009100778032359313,-0.03408800927590283,0.0,,,,,,
2025-10-10 13:30:00+00:00,-0.5424130010921758,-0.33759342081749794,-1.0273325300799254,0.0,0.0,0.024528314794691173,,,,,,,,,0.0,336.0,0.0,0.2821445126775622,0.5401518779019435,-0.00019148885837055993,0.008579633464276638,0.9966973267977258,-0.02187200897931163,0.0570139679871664,0.0092109682691175,-0.009049885697108628,0.0,,,,,,
2025-10-10 14:30:00+00:00,-0.8977982778241165,-0.673772309944482,-1.3635114192069095,0.0,0.0,0.025706115261737127,,,,,,,,,0.0,336.0,0.0,0.009955464233928953,0.1406625518837558,0.0005173235414714416,0.02003541005056137,0.4604438201547052,-0.046987586698745254,0.03221525856815477,0.009774608632437032,0.007756343346270622,1.0,,,,,,
2025-10-10 15:30:00+00:00,-1.0565843964554837,-0.8000101612604752,-1.4897492705229025,0.0,0.0,0.027274813370055436,,,,,,,,,0.0,336.0,0.0,0.04335969780554785,0.9072019994211824,0.00011881640112756802,0.007949013507018982,0.37308746401206694,-0.052958378475101764,0.017195998394022638,0.009880030816781302,0.012064693694900264,1.0,,,,,,
2025-10-10 16:30:00+00:00,-1.0963220299966279,-0.8298553129072295,-1.519594422169657,0.0,0.0,0.028887768373260753,,,,,,,,,0.0,336.0,0.0,0.006492451672310215,0.6671401373514461,0.0001479271019419985,0.006473394475192287,0.6681755073984199,-0.0443171638147879,0.017317697140266652,0.009878786416570312,0.010359962321857541,1.0,,,,,,
2025-10-10 17:30:00+00:00,-1.0886504908360946,-0.8457842438289959,-1.5355233530914232,0.0,0.0,0.03038684302302905,,,,,,,,,0.0,336.0,0.0,0.025762438031678915,0.4345161208330716,0.0002291664187941608,0.006093808368286243,0.7892867859612371,-0.037343635634005334,0.021941341042136298,0.009819679571687348,0.015660313603867326,1.0,,,,,,
2025-10-10 18:30:00+00:00,-1.1187798249076262,-0.9268944112605912,-1.6166335205230187,0.0,0.0,0.03206472521476608,,,,,,,,,0.0,336.0,0.0,0.12624714502485562,0.5383860040132202,0.0002980842936285117,0.00834672031155744,0.9610262226895826,-0.05027993280531584,0.016178603587454266,0.009915680100876293,0.03815760704497784,1.0,,,,,,
2025-10-10 19:30:00+00:00,-1.2585406327109743,-0.9689766230463858,-1.658715732308813,0.0,0.0,0.03369287144746714,,,,,,,,,0.0,336.0,0.0,0.04720562172939286,0.5528160501911406,0.00021797937566898134,0.006883532430655536,0.8383189491283585,-0.05471311028219228,0.015245478324717787,0.009929014365278738,0.040422250213261623,1.0,,,,,,
2025-10-13 13:30:00+00:00,-1.1148806724478086,-0.7628887508943505,-1.452627860156778,0.0,0.0,0.03420926331038499,,,,,,,,,0.0,336.0,0.0,0.8726677821812373,0.12732197017068744,0.0011285635618012515,0.021281044969016453,0.3813905707869764,-0.021524081467539702,0.026283845947058904,0.01047094773072888,0.04058767548294773,1.0,,,,,,
2025-10-13 14:30:00+00:00,-0.9360873998233239,-0.5996405921301925,-1.2893797013926198,0.0,0.0,0.03420419199699459,,,,,,,,,0.0,336.0,0.0,0.5604943124022207,0.43948359985968594,0.0007434596834029599,0.016322274477382045,0.6860508150688058,0.016684277021569827,0.05769746669360787,0.010718733296213133,0.020169962875265846,1.0,,,,,,
2025-10-13 15:30:00+00:00,-0.9068393966499178,-0.5805424580397878,-1.2702815673022152,0.0,0.0,0.034142786343466944,,,,,,,,,0.0,336.0,0.0,0.03194439019958242,0.8207167751741838,0.00013110378269313403,0.007453052095947557,0.5543205638232591,0.02979103838677455,0.06151029309323697,0.010722376990888413,0.007598478651303697,1.0,,,,,,
2025-10-13 16:30:00+00:00,-1.05776315702288,-0.6686949999091325,-1.35843410917156,0.0,0.0,0.03400708501323497,,,,,,,,,0.0,336.0,0.0,0.01981512979008042,0.6879439461241701,0.00015517035483539722,0.006794695423883197,0.6945332431561939,0.02734574268101575,0.061994852629287944,0.010712626237221953,0.018182372729598217,1.0,,,,,,
2025-10-13 17:30:00+00:00,-1.0751854913354002,-0.6416681275270274,-1.3314072367894547,0.0,0.0,0.03373325639134206,,,,,,,,,0.0,336.0,0.0,0.023397723343316246,0.44925125646325725,0.0002229172391194299,0.006096002240140122,0.7847859378835979,0.030259079276954814,0.06934453249750261,0.010630669412550761,0.0030034318919009984,1.0,,,,,,
2025-10-13 18:30:00+00:00,-0.9041629970265512,-0.714162898167551,-1.4039020074299784,0.0,0.0,0.033386011878491904,,,,,,,,,0.0,336.0,0.0,0.06414916078031536,0.39637218811206787,0.0002764560984084566,0.006704344142249105,0.8759323474361447,0.033388128547431783,0.06807089053171245,0.01065222384803159,0.013373503682987398,1.0,,,,,,
2025-10-13 19:30:00+00:00,-1.1653443869327604,-0.7652852434853538,-1.455024352747781,0.0,0.0,0.03288570514973496,,,,,,,,,0.0,336.0,0.0,0.0598961007751265,0.3625808164650382,0.0002814567180650163,0.006514518357888037,0.8535213776334186,0.03423457893865178,0.07012657292959856,0.010612451457029746,0.024255158190069626,1.0,,,,,,
2025-10-14 13:30:00+00:00,-1.4870200605870922,-1.0573197279267241,-1.7470588371891516,0.0,0.0,0.03324309410874837,,,,,,,,,0.0,336.0,0.0,0.9647303344615427,0.0352693137434763,0.0012421321731165866,0.02274344820591049,0.1526122293221631,-0.013960251983923921,0.02384439302278185,0.011022363755668963,0.02684756874321481,1.0,,,,,,
2025-10-14 14:30:00+00:00,-1.4180502168457387,-0.9385312600154302,-1.6282703692778577,0.0,0.0,0.03339955567247253,,,,,,,,,0.0,336.0,0.0,0.09454922626188261,0.90110165909643,0.00016982057721145474,0.008907044137539595,0.3404948268153072,-0.02506185300935604,0.025220013730116175,0.01104897189512466,0.012540244035899928,1.0,,,,,,
2025-10-14 15:30:00+00:00,-1.3634045042337033,-0.8659810055491793,-1.5557201148116069,0.0,0.0,0.03343007342183723,,,,,,,,,0.0,336.0,0.0,0.013101662986466731,0.9019393493438547,9.105668595941735e-05,0.007354221483246871,0.3593570224247773,-0.019252541519636512,0.031596393344565765,0.011146431570912973,-0.0009724206912018474,0.0,,,,,,
2025-10-14 16:30:00+00:00,-1.4616890498985093,-0.8248692247755508,-1.5146083340379781,0.0,0.0,0.03333179449736444,,,,,,,,,0.0,336.0,0.0,0.010854835117772871,0.6965329230378369,0.00014421666691677573,0.006651171903532273,0.6605855259930542,-0.008387819863258095,0.023188579572281487,0.010945846610942462,-0.015025350456108644,0.0,,,,,,
2025-10-14 17:30:00+00:00,-1.46167799717839,-0.7936272008418217,-1.4833663101042491,0.0,0.0,0.03333080259762665,,,,,,,,,0.0,336.0,0.0,0.027775285080098543,0.48993568629352047,0.00021618001765723188,0.006310358837225545,0.80078643161091,-0.0061715472931664905,0.03828022001913123,0.010753459149485481,-0.012040872534331282,0.0,,,,,,
2025-10-14 18:30:00+00:00,-1.1096037045933076,-0.7979927754824926,-1.4877318847449201,0.0,0.0,0.033273695480779804,,,,,,,,,0.0,336.0,0.0,0.036418411632278956,0.3200689674765576,0.0002702682865665914,0.005929507669986143,0.7689402935818241,-0.0010996816373451956,0.030423797245851425,0.010684004916182835,-0.010090564782557987,0.0,,,,,,
2025-10-14 19:30:00+00:00,-1.423106375711592,-0.9854110171594316,-1.6751501264218591,0.0,0.0,0.03334024395186058,,,,,,,,,0.0,336.0,0.0,0.6592301940192667,0.3362295877213981,0.0008664803560969372,0.017876128238852106,0.6656603194921926,-0.013609477932362335,0.006452527692355936,0.011011764966108378,0.00641126535964931,1.0,,,,,,
2025-10-15 13:30:00+00:00,-1.1427376789345058,-0.8047559297281582,-1.4944950389905856,0.0,0.0,0.0321887706784501,,,,,,,,,0.0,336.0,0.0,0.2044584838171826,0.7930717219936668,0.00030490191618207747,0.01065894209550745,0.5232501593608889,0.026434447754354995,-0.007137063895424234,0.010190112700786173,0.021260069825658867,1.0,,,,,,
2025-10-15 14:30:00+00:00,-1.2027664717966013,-0.8352074826809003,-1.5249465919433276,0.0,0.0,0.030848455890767904,,,,,,,,,0.0,336.0,0.0,0.009565362073485175,0.7096905081583872,0.00013942923705113726,0.0066688311666842975,0.6444792417181777,0.016133919334056834,-0.012068128218128304,0.010174648696111923,0.028427569413198128,1.0,,,,,,
2025-10-15 15:30:00+00:00,-1.275872231355332,-0.8891131310262645,-1.578852240288692,0.0,0.0,0.02894333121671023,,,,,,,,,0.0,336.0,0.0,0.03275614744668009,0.5738565871947419,0.00019837873372916738,0.006675191632057304,0.7977031978193851,0.0015261968277622273,-0.02681051256335465,0.01004227986886717,0.03875144764145855,1.0,,,,,,
2025-10-15 16:30:00+00:00,-1.2786500947769053,-0.9350642694168279,-1.6248033786792553,0.0,0.0,0.02710119713454251,,,,,,,,,0.0,336.0,0.0,0.04616480239616769,0.4869182902371372,0.00023472540229651378,0.006651871087177965,0.8480024613606177,-0.008597960495900114,-0.030450763048530227,0.010063020167417336,0.05183631622585905,1.0,,,,,,
2025-10-15 17:30:00+00:00,-1.1880384670796043,-0.8970186510829521,-1.5867577603453795,0.0,0.0,0.025696692555780852,,,,,,,,,0.0,336.0,0.0,0.046984074654208736,0.37936060382659265,0.0002644862464584276,0.006321847023343314,0.8301724000911923,-0.008427218379920998,-0.020324727843630264,0.010049825539112114,0.050717378156509785,1.0,,,,,,
2025-10-15 18:30:00+00:00,-0.9115388804880928,-0.7630101486205887,-1.4527492578830161,0.0,0.0,0.024381408171710254,,,,,,,,,0.0,336.0,0.0,0.473684384747073,0.4978917299735557,0.0006440182804925671,0.014852060372000582,0.8023636549078101,0.005869160134891249,-0.009146116499691548,0.010352882394482196,0.0592193333204194,1.0,,,,,,
2025-10-15 19:30:00+00:00,-0.956389905861902,-0.8045161135273406,-1.494255222789768,0.0,0.0,0.023044895473108677,,,,,,,,,0.0,336.0,0.0,0.02689812954494692,0.7710064751849494,0.00013962732383195143,0.007196916943328149,0.6209159774977174,0.019797149206972176,-0.016315856026974274,0.010324842128814045,0.06616509809949944,1.0,,,,,,
2025-10-16 13:30:00+00:00,-0.6310087169691806,-0.5267721470356641,-1.2165112562980915,0.0,0.0,0.022165220130477743,,,,,,,,,0.0,336.0,0.0,0.7380823095491347,0.2619067984489045,0.000962534838873086,0.019143214371204347,0.5751739868506206,0.028113479712516654,-0.002808414963903605,0.010953066734933906,-0.028940234049894542,0.0,,,,,,
2025-10-16 14:30:00+00:00,-0.6490973304463797,-0.5590126605339576,-1.248751769796385,0.0,0.0,0.021257317363313297,,,,,,,,,0.0,336.0,0.0,0.03762077709777664,0.8517154469757262,0.00012822786693011465,0.007661085860093925,0.503705935449954,0.02909789655056505,-0.010133346801909582,0.010890386761227213,-0.009831112060313174,0.0,,,,,,
2025-10-16 15:30:00+00:00,-0.7879623844949603,-0.6849615508667775,-1.3747006601292049,0.0,0.0,0.020573951701540614,,,,,,,,,0.0,336.0,0.0,0.026900989204760146,0.8463234117595329,0.00011934334301570583,0.007439026478491464,0.5003095039096412,0.025324823343177982,-0.015568861437023518,0.010971248525294578,0.010488179381335172,1.0,,,,,,
2025-10-16 16:30:00+00:00,-0.7126669606373699,-0.6084286959642998,-1.2981678052267274,0.0,0.0,0.02091525142683452,,,,,,,,,0.0,336.0,0.0,0.016096905674304322,0.6599337170211066,0.0001591295459872842,0.006633663667073703,0.7058930389155964,0.035168153088756426,0.0012109515958260708,0.010838784570497152,0.0036238767152916296,1.0,,,,,,
2025-10-16 17:30:00+00:00,-0.889682843147147,-0.7862034435798475,-1.475942552842275,0.0,0.0,0.021083531398485997,,,,,,,,,0.0,336.0,0.0,0.2046496249542628,0.7733166028181242,0.0003104073029705449,0.01059910322165113,0.607524365786063,0.017602197564988487,-0.0040811244651495215,0.010995427446893772,0.01555453696786202,1.0,,,,,,
2025-10-16 18:30:00+00:00,-0.7560903910225704,-0.7091103992131883,-1.3988495084756156,0.0,0.0,0.021396558897075122,,,,,,,,,0.0,336.0,0.0,0.015831128816520445,0.7701122832480221,0.00012919648817640326,0.006982681615522788,0.5967716683081843,0.008604025185441344,-0.00351830057489666,0.011003554780737314,0.0028427323897313173,1.0,,,,,,
2025-10-16 19:30:00+00:00,-0.6829866629695821,-0.6385366213774337,-1.3282757306398612,0.0,0.0,0.021923727608719645,,,,,,,,,0.0,336.0,0.0,0.033747242933521965,0.6705324834267983,0.00017329461874797657,0.007004818657521958,0.7426533083184357,0.018067486915459785,0.0037766268465291297,0.011066521004492295,0.0026889579897231286,1.0,,,,,,
2025-10-17 13:30:00+00:00,-0.953782281866514,-0.8990727519574817,-1.5888118612199091,0.0,0.0,0.02194960658593995,,,,,,,,,0.0,336.0,0.0,0.7594886965511604,0.24049916564809865,0.0009889427706015895,0.019483241010395766,0.551800812096319,-0.027700358723656837,-0.008636764708248812,0.011588271835129095,0.010510489517252086,1.0,,,,,,
2025-10-17 14:30:00+00:00,-1.000633039326014,-0.9517504353548983,-1.6414895446173259,0.0,0.0,0.021549410949529613,,,,,,,,,0.0,336.0,0.0,0.052139913385694646,0.8945634382526042,0.00013068720442517838,0.008076083185699679,0.4099434039065124,-0.032691571848721956,0.004162668048113716,0.011191763374372138,0.005247868061259542,1.0,,,,,,
2025-10-17 15:30:00+00:00,-1.0466841877120778,-0.9840772343085019,-1.6738163435709295,0.0,0.0,0.02067018051093314,,,,,,,,,0.0,336.0,0.0,0.007908743738080683,0.6925091847491355,0.00014245961025612805,0.006581974829233297,0.6538341997716184,-0.027823440862142057,0.009566076175936189,0.0110970246729814,-0.001530017900363223,0.0,,,,,,
2025-10-17 16:30:00+00:00,-1.1162451723127675,-1.049927005103211,-1.7396661143656384,0.0,0.0,0.0196161625616666,,,,,,,,,0.0,336.0,0.0,0.06816893169325951,0.737086405040659,0.00018856035939378304,0.007876108627529407,0.7265492676219822,-0.041595543048964956,0.003932572361649012,0.011184628531027916,0.002380201335915544,1.0,,,,,,
2025-10-17 17:30:00+00:00,-1.0571938724411656,-1.001886221132449,-1.6916253303948765,0.0,0.0,0.01830383112027432,,,,,,,,,0.0,336.0,0.0,0.033844243208191425,0.6811500202290395,0.00017052830351442464,0.007040794033661047,0.7338914628184019,-0.02121585171939877,0.012046659449457042,0.011236157535701964,0.0025031344672941103,1.0,,,,,,
2025-10-17 18:30:00+00:00,-1.0435596997286996,-0.9928514638795362,-1.6825905731419635,0.0,0.0,0.01625421547270887,,,,,,,,,0.0,336.0,0.0,0.02453944244595892,0.46563597746381513,0.00021960492501486498,0.006170464711877828,0.7903517061739218,-0.02456375010289058,0.0221978821275286,0.011147068911089596,-0.007250509504398206,0.0,,,,,,
2025-10-17 19:30:00+00:00,-1.0549923331834583,-0.9970284986060092,-1.6867676078684366,0.0,0.0,0.013434943026147391,,,,,,,,,0.0,336.0,0.0,0.03818965642045388,0.3025820291148267,0.00027668639757699335,0.005907135703739309,0.7610947114648015,-0.03145337076278265,0.027036366365938758,0.011107133041636802,-0.00921156057194139,0.0,,,,,,
2025-10-20 13:30:00+00:00,-0.8266654181573623,-0.7579224191843478,-1.4476615284467753,0.0,0.0,0.01333047149521144,,,,,,,,,0.0,336.0,0.0,0.9971311574208972,0.0028688419340502265,0.001282102758696887,0.023258121551772704,0.019658498443950515,0.02084694883679905,0.03373426559608994,0.01155259033128607,0.07517643047033973,1.0,,,,,,
2025-10-20 14:30:00+00:00,-0.7759654947883526,-0.7225204589530562,-1.4122595682154837,0.0,0.0,0.014397296324635678,,,,,,,,,0.0,336.0,0.0,0.06964967410699864,0.9295422496324188,0.0001381499176077449,0.008522906420298211,0.25923539867660833,0.032021244711355035,0.019499635737898924,0.011114094983699889,0.08023872583309899,1.0,,,,,,
2025-10-20 15:30:00+00:00,-0.7125343070803364,-0.6634030494067241,-1.3531421586691517,0.0,0.0,0.01577323981185766,,,,,,,,,0.0,336.0,0.0,0.004450841945228082,0.7586628362324704,0.00012130663193016391,0.006728540368447032,0.5747985638904213,0.04125006516042262,0.021025102949584262,0.011130801401944185,0.08876584583495406,1.0,,,,,,
2025-10-20 16:30:00+00:00,-0.6172115808130081,-0.568141106367182,-1.2578802156296094,0.0,0.0,0.01752039904430347,,,,,,,,,0.0,336.0,0.0,0.049940252646331014,0.7295099087208193,0.00017302354988023717,0.00750362128350279,0.713131973657753,0.058263706186067576,0.03485053586670084,0.011159567474379128,0.07782261721804717,1.0,,,,,,
2025-10-20 17:30:00+00:00,-0.5979312801696758,-0.5373357828779037,-1.2270748921403312,0.0,0.0,0.01918707681666759,,,,,,,,,0.0,336.0,0.0,0.021102090822983154,0.523177288405546,0.00020079151062104086,0.006289744231266847,0.7784920458431808,0.05433103231092007,0.0361186124834223,0.011163327700009988,0.0872091183549899,1.0,,,,,,
2025-10-20 18:30:00+00:00,-0.2813360653201907,-0.2406975695333962,-0.9304366787958236,0.0,0.0,0.02222579454954354,,,,,,,,,0.0,336.0,0.0,0.8903050742556508,0.10968378874937047,0.0011503217227854525,0.02156120240893787,0.34599057308485703,0.07517905823786863,0.06398881181796545,0.01171566749235745,0.04251132324823059,1.0,,,,,,
2025-10-20 19:30:00+00:00,-0.2816184352124657,-0.1843663430799018,-0.8741054523423293,0.0,0.0,0.024874869976169854,,,,,,,,,0.0,336.0,0.0,0.05583941985713253,0.9070882775336233,0.0001308809789444814,0.008186990242920243,0.37171624411592796,0.07955098194682231,0.07235276937410928,0.011678700079377699,0.02908278579592949,1.0,,,,,,
2025-10-21 13:30:00+00:00,-1.2908911441772228,-1.134661637354673,-1.8244007466171004,0.0,0.0,0.024179378963475582,,,,,,,,,0.0,336.0,0.0,0.9999999999999999,7.05592312880566e-17,0.0012856418534810512,0.02330369180288577,2.0606459121064937e-15,-0.022086824163036756,0.025607693416977106,0.01653495776407282,0.06665579757418882,1.0,,,,,,
2025-10-21 14:30:00+00:00,-1.0425548462735421,-0.9387084652704424,-1.6284475745328697,0.0,0.0,0.02385922390361718,,,,,,,,,0.0,336.0,0.0,0.48928367215638213,0.5107163265068488,0.0006556060359262943,0.015191197087952487,0.6929175113603627,-0.009160784922946252,0.03540070382430871,0.01675423068268241,0.07217271010748672,1.0,,,,,,
2025-10-21 15:30:00+00:00,-0.8911348109012106,-0.8364368189886263,-1.5261759282510536,0.0,0.0,0.02386385658869823,,,,,,,,,0.0,336.0,0.0,0.08345097156109428,0.8955993589826111,0.0001606008053436641,0.008677402289505767,0.38698454921605374,-0.002938444916945393,0.03733919955227538,0.016787197540965016,0.05085180239797227,1.0,,,,,,
2025-10-21 16:30:00+00:00,-1.0013146234311685,-0.8482967401866284,-1.5380358494490558,0.0,0.0,0.023818602668220324,,,,,,,,,0.0,336.0,0.0,0.4449536114622395,0.49491349526028644,0.0001833259311437095,0.006995170024288249,0.8774707937083783,-0.013044286421810991,0.03019406930814794,0.016774657544446243,0.058036307121287045,1.0,,,,,,
2025-10-21 17:30:00+00:00,-1.0373806710704685,-0.8673908834898102,-1.5571299927522375,0.0,0.0,0.023713122246986358,,,,,,,,,0.0,336.0,0.0,0.570832053777486,0.3850243999062649,0.00035939728988333973,0.0066901097777926745,0.825270308280668,-0.017560643623659278,0.02472951615292951,0.016772698267937994,0.06633197883228048,1.0,,,,,,
2025-10-21 18:30:00+00:00,-1.0998864986427626,-0.9371266498984309,-1.6268657591608582,0.0,0.0,0.023598335569555182,0.9007441342104168,2.635760535972963,0.509719918128098,16.129837205995333,0.6417910447761194,3.0,120.0,0.0014367124501900494,0.0,336.0,0.0,0.36299846378747036,0.537083763610026,0.00011513411172490363,0.007687803624121385,0.931850202764012,-0.04777257574524674,0.01731591771006391,0.01682503815565439,0.07485113683763522,1.0,,,,,,
2025-10-21 19:30:00+00:00,-1.067207417891658,-0.8785883740767987,-1.568327483339226,0.0,0.0,0.0228305827250915,1.0564332674232102,2.6470534979915685,0.3823000320096131,15.801552690422936,0.6358208955223881,3.0,120.0,0.0014367124501900494,0.0,336.0,0.0,0.6815861958529298,0.25835391886541587,0.0005617199994656269,0.006925977390955982,0.779850003811559,-0.04540865319431653,0.04055359411215509,0.016591479578695365,0.05714345814874422,1.0,,,,,,
2025-10-22 13:30:00+00:00,-1.1703299050645641,-1.0061957492048945,-1.695934858467322,0.0,0.0,0.02306616980658728,1.2053358130333873,2.6758253040973696,0.26269604356997833,15.66553594827873,0.6358208955223881,3.0,120.0,0.0014367124501900494,0.0,336.0,0.0,0.09177066442669818,0.40607394876766384,0.00031723479965900634,0.014530462355563517,0.931060326303672,0.011750364843489791,0.010923610506111903,0.016621002053219317,0.09361011926183638,1.0,,,,,,
2025-10-22 14:30:00+00:00,-1.2763831548141913,-1.107597425411762,-1.7973365346741894,0.0,0.0,0.023781648221198035,1.3521053713463056,2.718000872639595,0.16018473788458265,15.558087084515293,0.6298507462686567,3.0,120.0,0.0014367124501900494,0.0,336.0,0.0,0.47713077900070294,0.3442476967800487,0.0004221288705999867,0.008978648034144743,1.0278366260772822,-0.01761259172714924,0.0016541927631026354,0.016726768032102365,0.10217369128988185,1.0,,,,,,
2025-10-22 15:30:00+00:00,-1.3565612777187395,-1.191879215141234,-1.8816183244036615,0.0,0.0,0.024980633704627827,1.5020078789941702,2.7638677279865043,0.08146602923634913,15.58678854762687,0.6298507462686567,3.0,120.0,0.0014367124501900494,0.0,336.0,0.0,0.2967367971356221,0.5077473261611056,0.00016028713057267136,0.00931458626180669,1.0237491518228725,-0.03984163814384045,-0.004028635419327298,0.016803018700883524,0.10508216968030881,1.0,,,,,,
2025-10-22 16:30:00+00:00,-1.3808648301303978,-1.2270749068024123,-1.9168140160648397,0.0,0.0,0.026299605095432662,1.668668165212867,2.805334767079686,0.02865441137543264,15.67191602750212,0.6238805970149254,3.0,120.0,0.0014367124501900494,0.0,336.0,0.0,0.6028733721745104,0.34643843373848593,0.00042099674986648654,0.006790973653061648,0.8234803911681546,-0.04283921842834104,-0.0040471886242929855,0.016803164169880574,0.10466105753723287,1.0,,,,,,
2025-10-22 17:30:00+00:00,-1.3690135460717945,-1.1860078743080837,-1.8757469835705112,0.0,0.0,0.027260607385171384,1.875648152140142,2.8259379347910274,0.0040591177429251555,15.923339782130942,0.6238805970149254,3.0,120.0,0.0014367124501900494,0.0,336.0,0.0,0.4732841378805308,0.42874513318543406,0.0002884650301759536,0.007623382732079017,0.9447402024678451,-0.03426725421996668,-0.0011105196871161738,0.01683107385848212,0.10160342848955084,1.0,,,,,,
2025-10-22 18:30:00+00:00,-1.4494628270036838,-1.2320924452778514,-1.9218315545402789,0.0,0.0,0.02867635481053872,2.018002723835435,2.867545666628896,0.014470097281748785,16.18168613651158,0.6179104477611941,3.0,120.0,0.0014367124501900494,0.0,336.0,0.0,0.42035362813662663,0.48186714700476185,0.00020349640053498737,0.0076353645713148795,0.9434490095582269,-0.0346569919970201,-0.023210234421847442,0.016680988862473888,0.11038570291482364,1.0,,,,,,
2025-10-22 19:30:00+00:00,-1.4688769038665523,-1.2474171870999269,-1.9371562963623543,0.0,0.0,0.029975905367166114,2.004770885623039,2.9203950414194924,0.05764852239712102,16.43670267560335,0.6179104477611941,3.0,130.0,0.0014008083269263288,0.0,336.0,0.0,0.5721706845534212,0.38295092304981265,0.00036270032814974846,0.006702083805987057,0.8263215005103758,-0.04335388932444717,-0.022597444419264257,0.016679245925600904,0.11234675398236682,1.0,,,,,,
2025-10-23 13:30:00+00:00,-0.8351894831074054,-0.5025957785672365,-1.1923348878296638,0.0,0.0,0.03181326160194807,1.9785318293716028,2.961090993386835,0.12216656376163423,16.60232603557171,0.6119402985074627,3.0,130.0,0.0014008083269263288,0.0,336.0,0.0,1.433817176797691e-76,3.703515537695283e-71,0.0009575460716023343,0.02292947880680929,1.0233231220355472e-69,0.08551288978988669,0.06832302058348194,0.02534706301517307,-0.01702972108718992,0.0,,,,,,
2025-10-23 14:30:00+00:00,-0.8132252348891421,-0.4060364102963568,-1.0957755195587842,0.0,0.0,0.03417184974054032,1.9558065944466683,3.0057122920789228,0.19587687253106778,16.725673002629584,0.6119402985074627,3.0,130.0,0.0014008083269263288,0.0,336.0,0.0,0.5038226321900546,0.2819921473598505,0.0005210513330962781,0.00956908534083509,1.032394167297927,0.10701210248319448,0.07956839869573207,0.02538409662082669,-0.027605323274385807,0.0,,,,,,
2025-10-23 15:30:00+00:00,-0.6480524466364689,-0.23672240421959895,-0.9264615134820264,0.0,0.0,0.037255021982261334,2.0531552545407803,2.8636486600034896,0.2777659041820026,16.73089471901347,0.6059701492537314,3.0,130.0,0.0014008083269263288,0.0,336.0,0.0,0.32126203866189534,0.24523370900550873,0.0005757823312570588,0.01330998658051284,1.0718252508351687,0.1315459288957399,0.10219247013323463,0.025386761876339158,-0.03249700210957762,0.0,,,,,,
2025-10-23 16:30:00+00:00,-0.7016939851890689,-0.27260151674795124,-0.9623406260103786,0.0,0.0,0.03978936935979108,1.9400145317464697,2.7549541057014446,0.36686994374195936,16.77574289095061,0.6059701492537314,3.0,130.0,0.0014008083269263288,0.0,336.0,0.0,0.4819835971324575,0.45730193291753146,0.00024347733344363363,0.006994315247593718,0.8796677018493332,0.1337061220681992,0.0944907803551498,0.025399275351190593,-0.02703202870225674,0.0,,,,,,
2025-10-23 17:30:00+00:00,-0.5651574897346058,-0.11752200037763993,-0.8072611096400674,0.0,0.0,0.04271794359482003,1.8781245308387085,2.79615397641749,0.461295759950762,16.701383803127356,0.6,3.0,130.0,0.0014008083269263288,1.0,26.0,2.0903224670336122,0.5100727900247991,0.2584054726974091,0.0005584583324394096,0.009858852517494488,1.0317979438083107,0.13903701619861586,0.1203242989465112,0.0252845671380423,-0.050822667137097266,0.0,,,,,,
2025-10-23 18:30:00+00:00,-0.9354795154762569,-0.4033273385831039,-1.0930664478455312,0.0,0.0,0.04414699301509805,1.8253527620006036,2.84265614392976,0.5575096017616125,16.572192643714594,0.6,3.0,130.0,0.0014008083269263288,1.0,26.0,2.0903224670336122,0.006007627169617377,0.03579027820195965,0.0009010721569203017,0.02222480389424229,0.19082375797848505,0.12494089099049743,0.09312663138320865,0.025632549762442423,-0.026531436716634715,0.0,,,,,,
2025-10-23 19:30:00+00:00,-1.0283253707264017,-0.5320055119206477,-1.2217446211830751,0.0,0.0,0.04496727381672986,1.771745598935512,2.853676757014355,0.6571168405179992,16.012075156255257,0.5940298507462687,3.0,130.0,0.0014008083269263288,1.0,26.0,2.0903224670336122,0.3745930033435079,0.4587600467206928,0.00023918080996840777,0.008806712411983242,1.0239081818455023,0.11784532831469319,0.07718039697996915,0.02569681088669683,-0.020141648953094116,0.0,,,,,,
2025-10-24 13:30:00+00:00,-1.4081700551662606,-0.9329036710704381,-1.6226427803328656,0.0,0.0,0.0447988121574997,1.6858548687895163,2.794693059999461,0.752749861387045,14.773410077825911,0.5940298507462687,3.0,135.0,0.0014045299559910431,1.0,26.0,2.0903224670336122,5.483453332671233e-07,7.438085697519852e-06,0.0009575343219739136,0.022929344334999168,0.00010372713136864577,-0.03060745705918766,0.06541592224795112,0.026102720013835057,0.016753350007435497,1.0,,,,,,
2025-10-24 14:30:00+00:00,-1.1569221473740703,-0.6767349464975142,-1.3664740557599417,0.0,0.0,0.044597915648891484,1.558989862130106,2.6526935771651243,0.8494980422616675,12.818105866781558,0.5880597014925373,3.0,135.0,0.0014045299559910431,1.0,26.0,2.0903224670336122,0.005720264118814987,0.0032555319863455793,0.000952505059501294,0.022776882577553857,0.05711908346959677,-0.017226800648558527,0.0950331698958955,0.026330506856020633,0.0025151494205322145,1.0,,,,,,
2025-10-24 15:30:00+00:00,-1.2548106866619742,-0.7639771725284887,-1.4537162817909162,0.0,0.0,0.044218559312947964,1.400432816359634,2.5802302097339394,0.9767485539613411,10.886463802909814,0.582089552238806,3.0,135.0,0.0014045299559910431,1.0,26.0,2.219568235988149,0.34107419915052484,0.46753782944353917,0.00022468142306947993,0.00923242947952635,1.0387865252401174,-0.040852488353927185,0.0891634226414495,0.026391490968517187,0.013511155058327784,1.0,,,,,,
2025-10-24 16:30:00+00:00,-1.2013513848899247,-0.7104079624420543,-1.4001470717044817,0.0,0.0,0.04364928603181646,1.3868605632106807,2.1658319737150578,1.2146428789271189,12.441431769707732,0.7731343283582089,3.0,135.0,0.0014045299559910431,1.0,26.0,2.219568235988149,0.6565867758230641,0.2867552284534007,0.0005163533001745418,0.006875945290717761,0.7970691871063611,-0.03283059651857112,0.10325572688554363,0.026325180194515053,0.0037855319876047844,1.0,,,,,,
2025-10-24 17:30:00+00:00,-1.1140490992362375,-0.6464204310079491,-1.3361595402703765,0.0,0.0,0.043286819263850036,1.2771971381376548,2.3882775232614817,1.470066841780596,15.426573942220127,0.8029850746268656,3.0,135.0,0.0014045299559910431,1.0,26.0,2.219568235988149,0.411039610001161,0.483907483717078,0.00020009787998824405,0.007760367137137627,0.9534058354231634,-0.0384377831463687,0.10310236751954127,0.026324549447704855,-0.011622235422046323,0.0,,,,,,
2025-10-24 18:30:00+00:00,-1.1568669385333101,-0.6332070071317973,-1.3229461163942249,0.0,0.0,0.04320029387606342,1.1352008012146622,3.2480165767332005,1.9537382678187185,25.13359908082,0.8029850746268656,3.0,135.0,0.0014045299559910431,1.0,26.0,2.219568235988149,0.6137030290025219,0.34425109662412534,0.00042465578424785786,0.006642518265696111,0.799983874146237,-0.015432762155842106,0.10225761933025712,0.02632561662113313,-0.024761655584878195,0.0,,,,,,
2025-10-24 19:30:00+00:00,-1.3391839978874325,-0.7465507268284233,-1.4362898360908507,0.0,0.0,0.043607478413223565,1.0057701286655787,3.3477948693632293,2.3517708063120457,25.117426537996806,0.7970149253731343,3.0,135.0,0.0014045299559910431,1.0,26.0,2.219568235988149,0.23497158214193664,0.5425718907593718,0.00010408340547702327,0.009785409117892063,1.0064118358307923,-0.017347980841501798,0.09128578690125,0.026426562144031347,-0.013018745358043926,0.0,,,,,,
2025-10-27 13:30:00+00:00,-1.2516370696008507,-0.5299717543865887,-1.2197108636490162,0.0,0.0,0.04386626986311965,0.8775172755335666,3.346771840689914,2.6751959476877736,21.589667329098088,0.7611940298507462,3.0,135.0,0.0014045299559910431,1.0,36.0,1.9652773367456582,0.0510568569932753,0.01329101835766134,0.0009374793295943564,0.021832623795154844,0.271542444665049,0.038704686531137344,0.08327365994228941,0.02621763703383699,-0.08206085289827358,0.0,,,,,,
2025-10-27 14:30:00+00:00,-1.380614975991533,-0.5498606127978223,-1.2395997220602497,0.0,0.0,0.04413281164895473,1.02199249131376,3.355647531010184,2.842782576715336,16.316505600148275,0.7671641791044777,3.0,30.0,0.0024569995686987076,1.0,36.0,1.9652773367456582,0.48015506673299996,0.4500969245506757,0.0002548347240198065,0.007146764811821617,0.8973024791770193,0.012388389455245896,0.07540031463978636,0.0262237320042308,-0.07633946671750236,0.0,,,,,,
2025-10-27 15:30:00+00:00,-1.533260888889194,-0.6333971828928832,-1.3231362921553105,0.0,0.0,0.044435919037901034,1.2072239125651052,3.4210783104733573,2.9566205622625303,11.968537763346365,0.755223880597015,3.0,30.0,0.0024569995686987076,1.0,36.0,1.9652773367456582,0.4267846199870062,0.47613892183307904,0.00021267210672063882,0.007621698484219035,0.9431207620749325,0.014388729138496092,0.06230208661952297,0.02626825241479648,-0.05963830050304164,0.0,,,,,,
2025-10-27 16:30:00+00:00,-1.5045757033438107,-0.6892040326565549,-1.3789431419189824,0.0,0.0,0.044597152752058764,1.4183433182626415,3.5523621039374498,3.061289388754037,8.199662625923168,0.7611940298507462,3.0,30.0,0.0024569995686987076,1.0,36.0,1.9652773367456582,0.5184871565006025,0.42076758646698986,0.00030191587016227604,0.006984348592052642,0.8749624387553767,0.0037855319876047844,0.04877755268708084,0.026265976931361294,-0.05069693209481718,0.0,,,,,,
2025-10-27 17:30:00+00:00,-1.4743356962340182,-0.6558506496861842,-1.3455897589486117,0.0,0.0,0.044499393892001,1.6008208869223437,3.709317533083731,3.2269393851666504,8.393185017667033,0.5582089552238806,3.0,30.0,0.0024569995686987076,1.0,36.0,1.9652773367456582,0.5489637867830063,0.3938164759375053,0.000345091326293195,0.006916303661431255,0.8599094187641856,0.0010041954373036788,0.04977553064592488,0.026268060174841134,-0.06505722474563846,0.0,,,,,,
2025-10-27 18:30:00+00:00,-1.4531610305689178,-0.6452359620371694,-1.334975071299597,0.0,0.0,0.04363670741250768,1.7265814534398214,3.859044813708691,3.4457695768778636,9.035269944774141,0.5522388059701493,3.0,30.0,0.0024569995686987076,1.0,36.0,1.9083959604345138,0.5015883305614708,0.44573381339362145,0.00026213031992297446,0.006853526160836947,0.8613119019288932,0.0008775740801683085,0.027956135172556795,0.025996619377369065,-0.07545844949417191,0.0,,,,,,
2025-10-27 19:30:00+00:00,-1.426945393104599,-0.6473114112260674,-1.3370505204884948,0.0,0.0,0.042529707579279166,1.783023513630824,3.9740677216538063,3.720859569623757,9.636564879507024,0.5522388059701493,3.0,30.0,0.0024569995686987076,1.0,36.0,1.9083959604345138,0.539477105132841,0.41364586274251874,0.00031356468027365106,0.006745086695975372,0.8415391847471878,0.01184940650917543,0.023584211463603122,0.025989447940227513,-0.08196611031105228,0.0,,,,,,
2025-10-28 13:30:00+00:00,-1.591760787919137,-0.792976166211161,-1.4827152754735884,0.0,0.0,0.0426438724447926,1.794557855423429,4.020723556463042,4.048362955790681,10.042376164661507,0.5462686567164179,3.0,30.0,0.0024569995686987076,1.0,36.0,1.9083959604345138,0.14386140153061378,0.34500001065336205,0.0004147600455581271,0.014666578841868646,0.9891188552822957,-0.025126950559139605,0.08023353354618656,0.02292666193145743,-0.06572667501916296,0.0,,,,,,
2025-10-28 14:30:00+00:00,-1.6500748134132128,-0.798431769132059,-1.4881708783944865,0.0,0.0,0.04277335598085291,1.7994926030044909,4.003077494527329,4.437922563820471,10.397429398150953,0.5462686567164179,3.0,30.0,0.0024569995686987076,1.0,36.0,1.9083959604345138,0.6469617328146998,0.30974858828436924,0.00047982176982859303,0.006653883888906036,0.7806775122228331,-0.022766912081073176,0.061794187481659435,0.022755928969656534,-0.07144951626067453,0.0,,,,,,
2025-10-28 15:30:00+00:00,-1.7623973673713274,-0.7210919041192484,-1.4108310133816757,0.0,0.0,0.04275422851205223,1.8056193286827034,3.962390760616872,4.838274900459452,10.54023865863206,0.5462686567164179,3.0,155.0,0.002780508694578682,1.0,36.0,1.9083959604345138,0.41553477926429094,0.42534738267119915,0.0002927661826504652,0.008668330048249535,1.0210019990224393,-0.006033242894146529,0.05920728864232183,0.02272687691060292,-0.07294493596796192,0.0,,,,,,
2025-10-28 16:30:00+00:00,-1.777684960594873,-0.6946880172009754,-1.384427126463403,0.0,0.0,0.04275315686209192,1.799691190593356,3.9127111791770353,5.254733894992463,10.703642188252784,0.5402985074626866,3.0,155.0,0.002780508694578682,1.0,46.0,1.7355988265627882,0.5933650361308423,0.35665112565983853,0.0004046739325351805,0.006781858878140913,0.82716488037588,0.0020130358287095973,0.06383487493760143,0.02272058537268533,-0.07990656222831172,0.0,,,,,,
2025-10-28 17:30:00+00:00,-1.88170104399878,-0.7997124194794325,-1.48945152874186,0.0,0.0,0.0428748858393016,1.796155939522297,3.858241303123752,5.685807147273659,10.704035379992987,0.5402985074626866,3.0,155.0,0.002780508694578682,1.0,46.0,1.7355988265627882,0.2286228315691537,0.518065707065294,0.00014271056528116307,0.010306145147719659,1.0259130412761492,-0.013389079428032247,0.05394709484155191,0.02282746333458976,-0.06732303569028453,0.0,,,,,,
2025-10-28 18:30:00+00:00,-1.7932072179864291,-0.7805951246422738,-1.4703342339047012,0.0,0.0,0.04294559347646705,1.8084420557633833,3.8035422766435354,6.14242127515639,10.772015668543272,0.5343283582089552,3.0,155.0,0.002780508694578682,1.0,46.0,1.7355988265627882,0.7170442120161648,0.24686859213368934,0.0005805360361601619,0.006512625015373424,0.7037209701284822,-0.011976248640960918,0.06375246227684261,0.022777920203295,-0.06645961843402759,0.0,,,,,,
2025-10-28 19:30:00+00:00,-2.002134940995076,-0.8041344649168037,-1.493873574179231,0.0,0.0,0.04308480064178201,1.8292687041426925,3.7500641759294653,6.651703300290816,10.749468093339695,0.5343283582089552,3.0,155.0,0.002780508694578682,1.0,46.0,1.7355988265627882,0.2920771046728413,0.6341064598518431,-3.9576154174656896e-05,0.007269205965186093,0.8407085529714385,-0.014643074620767749,0.0543497900371519,0.022773702779899166,-0.06623546307479389,0.0,,,,,,
2025-10-29 13:30:00+00:00,-1.8658284767296711,-0.7840210443591594,-1.473760153621587,0.0,0.0,0.04302191618560397,1.8592363683147983,3.6980012578857213,7.248439579756144,10.863068200951515,0.5283582089552239,3.0,155.0,0.002780508694578682,1.0,46.0,1.7355988265627882,0.7457241681836291,0.22425624269141126,0.0006168184912351222,0.006402343771967548,0.6592963708101164,0.003175614035437757,0.07165878273813453,0.022598942325350545,-0.06944592751057899,0.0,,,,,,
2025-10-29 14:30:00+00:00,-1.835955723662323,-0.7040280311232028,-1.3937671403856302,0.0,0.0,0.042764800293811495,1.843036270279963,4.3813001582128654,7.1884670519531255,9.487379958574278,0.5223880597014925,3.0,155.0,0.002780508694578682,1.0,46.0,1.677701222211776,0.30464944646512027,0.48531579329290536,0.0001958986479468642,0.009556489509148553,1.0407215823850384,0.012893672046359494,0.09230045125516817,0.02251968620473884,-0.07862034706552246,0.0,,,,,,
2025-10-29 15:30:00+00:00,-1.8422301867837763,-0.6922161962978778,-1.381955305560305,0.0,0.0,0.042100135277040256,1.8951855666943662,4.351219422670604,7.801448561637584,9.775825352338648,0.5223880597014925,3.0,155.0,0.002780508694578682,1.0,46.0,1.677701222211776,0.660544241894334,0.30068410262482564,0.0004944047872403592,0.006573999487121497,0.7612629005074281,0.00515566881397822,0.1042045956001405,0.02240467358714084,-0.07539198209093945,0.0,,,,,,
2025-10-29 16:30:00+00:00,-1.986717751007028,-0.7304610125860594,-1.4202001218484868,0.0,0.0,0.041262142813370685,1.9757417239840531,4.343636388849292,8.462622978171375,10.058236863113398,0.5164179104477612,3.0,30.0,0.001433381890640334,1.0,46.0,1.677701222211776,0.32976351430885886,0.5938309609630826,2.4799168315844282e-05,0.007301924627001984,0.8718062795491335,-0.0020130358287095973,0.10466105753723287,0.022400263121808976,-0.07585338246792839,0.0,,,,,,
2025-10-29 17:30:00+00:00,-2.086608952007939,-0.8101143540192851,-1.4998534632817124,0.0,0.0,0.04083021189078639,2.0577953042092503,4.342243769147602,9.197520376156103,10.485924167288697,0.5164179104477612,3.0,30.0,0.001433381890640334,1.0,46.0,1.677701222211776,0.5440546779199724,0.36148747242721996,0.0003961132493489519,0.007543977308158113,0.9218755662336495,0.0007626485686822448,0.08897699763020084,0.02247796081442786,-0.06347169895821114,0.0,,,,,,
2025-10-29 18:30:00+00:00,-2.019220487468455,-0.9110278939289332,-1.6007670031913608,0.0,0.0,0.04042772066724931,2.0613490555996403,4.319273370120911,9.985041451240072,10.915121346038564,0.5164179104477612,3.0,30.0,0.001433381890640334,1.0,46.0,1.677701222211776,0.24307873813416878,0.4998472517825524,0.00017178242723922633,0.010365271018567547,1.0396307677931336,-0.013662981024085585,0.08474647324977713,0.022544980763998516,-0.04792912354312806,0.0,,,,,,
2025-10-29 19:30:00+00:00,-1.9002593906699747,-0.9087360805775161,-1.5984751898399434,0.0,0.0,0.03990961974312443,2.024066411464222,4.305724399841081,10.773294609102251,11.453174739331908,0.5104477611940299,3.0,30.0,0.001433381890640334,1.0,56.0,1.5298648931629368,0.6890003059923179,0.27531560869498856,0.000535040622918161,0.006513900251495488,0.7307111230956013,-0.010225077246451608,0.08747860211514746,0.022534088013449135,-0.044930692516981896,0.0,,,,,,
2025-10-30 13:30:00+00:00,-2.195742854627811,-1.2350001382986833,-1.9247392475611107,0.0,0.0,0.04133070857821056,1.961579910278199,4.302038836545635,11.510801986969922,11.943828805477088,0.5104477611940299,3.0,30.0,0.001433381890640334,1.0,56.0,1.5298648931629368,6.753013229677727e-14,1.9501305313929732e-11,0.0009575460715715036,0.022929478806480167,5.02347431701062e-10,-0.060109516374571736,-0.0739636234263239,0.013836518972416714,-0.015062373306550025,0.0,,,,,,
2025-10-30 14:30:00+00:00,-2.182709828951788,-1.222334246383717,-1.9120733556461444,0.0,0.0,0.04138620942591293,1.8956891044626802,4.306071558572643,12.168100638519524,12.409944978726909,0.5044776119402985,3.0,30.0,0.001433381890640334,1.0,56.0,1.5298648931629368,0.5533247599269305,0.37524570417760916,0.00037453303147363297,0.007154028876091186,0.8837750809155972,-0.06646622668278868,-0.08117787791081499,0.01369494543544091,-0.025834224572379494,0.0,,,,,,
2025-10-30 15:30:00+00:00,-2.130362096857007,-1.1770734876071578,-1.8668125968695852,0.0,0.0,0.039457763382555466,1.8482217165445256,4.322106319827525,12.642372005617226,12.73773524715924,0.5044776119402985,3.0,30.0,0.001433381890640334,1.0,56.0,1.5298648931629368,0.4990371838297419,0.36418222288851554,0.00039101807961186027,0.008268683133257742,0.9868370917395812,-0.05876072642287333,-0.08610205971847273,0.013546745128056346,-0.04369140943927885,0.0,,,,,,
2025-10-30 16:30:00+00:00,-2.120887983905467,-1.156414249564785,-1.8461533588272123,0.0,0.0,0.03676907061573271,1.8010767595782093,4.365876281614332,12.887300913272288,12.887300913272288,0.49850746268656715,3.0,30.0,0.001433381890640334,1.0,56.0,1.5298648931629368,0.5273429340784701,0.41048830861154156,0.000318331861908902,0.0070057452297515605,0.8756497287733456,-0.05069693209481718,-0.07974199662578352,0.013589558251134944,-0.05704537740405735,0.0,,,,,,
2025-10-30 17:30:00+00:00,-2.182273284139096,-0.7042536791235188,-1.3939927883859462,0.0,0.0,0.03242769535171945,1.7555271264561925,4.453754183617337,12.818999743851544,12.818999743851544,0.49850746268656715,3.0,35.0,0.00040542056482341057,1.0,56.0,1.624429018728481,0.6188769215085812,0.06273120153213797,0.0006446601915770651,0.010438283789992958,0.835054274447776,-0.05243079388628846,-0.10249081245470348,0.013421683346531285,-0.04926569433228334,0.0,,,,,,
2025-10-30 18:30:00+00:00,-2.0622565048059136,-0.4368161410848423,-1.1265552503472698,0.0,0.0,0.029354257420970947,1.709977036586461,4.597513993257529,12.418051155831925,12.495337986930348,0.4925373134328358,3.0,35.0,0.00040542056482341057,1.0,56.0,1.624429018728481,0.6397319978448801,0.022190235966152636,0.0007749097891291014,0.009245630435091698,0.7369131381302623,-0.049819219829125405,-0.0900136375698457,0.013071631655260433,-0.04618539944598021,0.0,,,,,,
2025-10-30 19:30:00+00:00,-2.021776783993539,-0.25312592535410045,-0.9428650346165279,0.0,0.0,0.026654773033224718,1.6545506200079716,4.813422235902327,11.696205662929756,12.117639965405674,0.4925373134328358,3.0,35.0,0.00040542056482341057,1.0,56.0,1.624429018728481,0.4447574240688136,0.014075503085343805,0.000509020121442915,0.007794545927494235,0.7526538254001905,-0.05709795844383292,-0.08746468464337864,0.013041505564502422,-0.041802858359496486,0.0,,,,,,
2025-10-31 13:30:00+00:00,-2.0650755225676876,-0.31644068775197565,-1.006179797014403,0.0,0.0,0.026122177466189764,1.5640857889767077,5.103982353299512,10.79424106759055,11.823591600403308,0.48656716417910445,3.0,35.0,0.00040542056482341057,1.0,56.0,1.624429018728481,0.23922422912106017,0.011153973967412313,0.00021488291727475857,0.0064482229509366775,0.6083540000777646,-0.008792772680028982,-0.05214893904716522,0.011823751768813432,-0.03245018585402004,0.0,,,,,,
2025-10-31 14:30:00+00:00,-2.1004902262429104,-0.21030156266917124,-0.9000406719315986,0.0,0.0,0.024585302610512293,1.4403258156252594,5.424214394775436,9.88973118723017,11.838496082252753,0.48656716417910445,3.0,35.0,0.00040542056482341057,1.0,56.0,1.624429018728481,0.2653816295361075,0.026785882492343947,0.00021479768403020555,0.007116282072413889,0.6936033106307715,-0.017876961624245347,-0.08182803888650181,0.010979227920188067,-0.02490448417756852,0.0,,,,,,
2025-10-31 15:30:00+00:00,-2.052486885764223,-0.4509426347489989,-1.1406817440114263,0.0,0.0,0.02375374000308622,1.3425297431936223,5.6929175279768005,9.025621469414903,12.076334709516479,0.48059701492537316,3.0,35.0,0.00040542056482341057,1.0,66.0,1.51958777340981,0.43940105299109844,0.036057341482542485,0.0004471222747220928,0.008477449229370172,0.8195942542111445,-0.01933987835906681,-0.06458944972361236,0.011029705606658863,-0.027577749141953323,0.0,,,,,,
2025-10-31 16:30:00+00:00,-2.0909833374181757,0.08809189941359719,-0.6016472098488302,0.0,0.0,0.02302880296421604,1.2120518821195059,5.901990795028001,8.1389295491853,12.435589724004666,0.48059701492537316,3.0,35.0,0.00040542056482341057,1.0,66.0,1.51958777340981,0.2865236952074479,0.014140431619620322,0.0002768832984976671,0.006833378009136699,0.6684552129370451,-0.027196594304784938,-0.07410799441199734,0.010958401113502885,-0.026487936016424296,0.0,,,,,,
2025-10-31 17:30:00+00:00,-2.0542919705627662,0.03296665860816359,-0.6567724506542638,0.0,0.0,0.02230689435369791,1.0430998455173122,6.052811088994114,7.230312236750558,12.871175059653705,0.4746268656716418,3.0,35.0,0.00040542056482341057,1.0,66.0,1.51958777340981,0.19717696684377842,0.014018916816730587,0.0001461960610113056,0.006285505549574041,0.5671044177773414,-0.01565489037267831,-0.0797079196810131,0.010868606750328984,-0.02367291382952086,0.0,,,,,,
2025-10-31 18:30:00+00:00,-2.4551960205843115,-0.11640987338925628,-0.8061489826516837,0.0,0.0,0.022101141779660726,0.8461488012801385,6.146478228099432,6.31140806078174,13.179696660211071,0.4746268656716418,3.0,35.0,-0.0037887234059962947,1.0,66.0,1.51958777340981,0.21513007364034217,0.019411047748364475,0.00015925880827769172,0.006570313367443131,0.6116583774602232,-0.0029774175808165992,-0.0775582929948202,0.010895925180300761,-0.024838293142363188,0.0,,,,,,
2025-10-31 19:30:00+00:00,-2.6345192174338385,-0.11783254935972491,-0.8075716586221523,0.0,0.0,0.022178270883953317,0.641433579219285,6.192248580460115,5.500540772195847,13.517125785464843,0.46865671641791046,3.0,35.0,-0.0037887234059962947,1.0,66.0,1.51958777340981,0.18776663756107462,0.01676710632054163,0.00012564335086370814,0.006317672057923235,0.5646237062391407,0.0010875726154906395,-0.0690291311863862,0.01078919364040536,-0.029507165219262,0.0,,,,,,
2025-11-03 14:30:00+00:00,-2.5460953303379084,-0.12993752507644,-0.8196766343388674,0.0,0.0,0.022032002850989146,0.743254907674033,6.202340607044377,4.825610868121054,13.688717059122007,0.46865671641791046,3.0,35.0,-0.0037887234059962947,1.0,66.0,1.4527191410892941,0.1688892959428498,0.015550338541696466,0.00010095996822079365,0.0061631463113568236,0.5313944482276349,-0.0005436384559782681,-0.09139726403428083,0.0099694945605414,0.004340751607977644,1.0,,,,,,
2025-11-03 15:30:00+00:00,-2.7065416997078153,-0.17579535752335443,-0.8655344667857818,0.0,0.0,0.021991703490822023,0.9112018815341009,6.181885713617862,4.331611107913331,13.929155332267635,0.4626865671641791,3.0,35.0,-0.0037887234059962947,1.0,66.0,1.4527191410892941,0.16627394616696137,0.015895596476855386,9.62768961619893e-05,0.006158463000627302,0.5286160680989143,0.005722841241511567,-0.08849358710023614,0.00998371886761061,-0.00983078973743945,0.0,,,,,,
2025-11-03 16:30:00+00:00,-2.691711301058575,-0.3102548270143634,-0.9999939362767909,0.0,0.0,0.022189615171120617,1.039460498050844,6.145960345627378,4.019180959495956,13.98143438121659,0.4626865671641791,3.0,35.0,-0.0037887234059962947,1.0,66.0,1.4527191410892941,0.23841468890152476,0.02356313685898859,0.00018318657013229942,0.0068472143700478785,0.6543393096225987,0.002708622691000695,-0.07626955617110776,0.010014308037617879,-0.01553798940484441,0.0,,,,,,
2025-11-03 17:30:00+00:00,-2.673653202656021,-0.2681884973559882,-0.9579276066184157,0.0,0.0,0.022296706264060887,1.0970238943447237,6.089767585202212,3.8587113844861287,14.141159121680458,0.45671641791044776,3.0,35.0,-0.0037887234059962947,1.0,66.0,1.4527191410892941,0.237530533147682,0.021553735355632195,0.00018683073404981756,0.0067764256365716235,0.6463237550788382,0.0020401439316737324,-0.07585338246792839,0.010011075919806316,-0.002448651873545593,0.0,,,,,,
2025-11-03 18:30:00+00:00,-2.5877933898389145,-0.34148107950536527,-1.0312201887677928,0.0,0.0,0.022341542758983052,1.0983845330880786,6.031551936479025,3.837689621800402,14.100482362602113,0.45671641791044776,3.0,35.0,-0.0037887234059962947,1.0,66.0,1.4527191410892941,0.23145206660847498,0.01832088202329673,0.00018586783777055962,0.0066341919391648295,0.6275809712544471,0.00461398530075563,-0.07609812981756114,0.010006890524796207,-0.002440021599085629,0.0,,,,,,
2025-11-03 19:30:00+00:00,-2.3021848111422982,-0.45201564971646335,-1.1417547589788908,0.0,0.0,0.022337223217693145,1.0898730688049232,5.975701014010616,3.9933904503619853,14.180437316503088,0.4507462686567164,3.0,35.0,-0.0037887234059962947,1.0,76.0,1.3582540069757791,0.23456588493125707,0.01916470824159118,0.0001883581685457431,0.006680614607530221,0.6343249458204425,0.004867513866813944,-0.07356835320817456,0.010041457284730585,-0.004867513866813944,0.0,,,,,,
2025-11-03 20:30:00+00:00,-2.376162498667887,-0.5487613752518857,-1.2385004845143133,0.0,0.0,0.02232456419529768,1.0840529838185995,5.9217161874122555,4.294729426425836,14.066503368900948,0.4507462686567164,3.0,40.0,-0.005870784792420943,1.0,76.0,1.3582540069757791,0.23563305531429637,0.01903505144132315,0.0001902414624120686,0.006682890889710134,0.6350817777198003,0.011079693311360383,-0.06979884438420125,0.010084786546978258,-0.013119837243034116,0.0,,,,,,
2025-11-04 14:30:00+00:00,-2.4192639692197346,-0.31812637518002984,-1.0078654844424573,0.0,0.0,0.02224238041112748,1.079566299699415,5.871331925965286,4.7465747389187785,14.081532932044206,0.44477611940298506,3.0,40.0,-0.005870784792420943,1.0,76.0,1.3582540069757791,0.7366005298088422,0.2490326021785067,0.0003592018421182256,0.017219083026366506,0.6323400231190319,-0.0057259621705427755,-0.071996275645684,0.010175541462541633,0.010607998186408008,1.0,,,,,,
2025-11-04 15:30:00+00:00,-2.4736074587204877,-0.15112328278622886,-0.8408623920486563,0.0,0.0,0.02206786951873295,1.0783308662376294,5.826128447564343,5.208743548660516,13.901710928731596,0.44477611940298506,3.0,40.0,-0.005870784792420943,1.0,76.0,1.3582540069757791,0.6986532986066717,0.0006880558582015788,0.0009141567353200265,0.008904427923506056,0.6168731712497859,-0.013680104189645714,-0.07940677920880868,0.010208524541993126,0.0041237591326015455,1.0,,,,,,
2025-11-04 16:30:00+00:00,-2.4205978983895364,0.028342175399372962,-0.6613969338630544,0.0,0.0,0.021584360091302365,1.0790667358551205,5.787077895396385,5.594632387113966,13.848980942866344,0.4388059701492537,3.0,40.0,-0.005870784792420943,1.0,76.0,1.3582540069757791,0.5952258639540817,0.019614315087093267,0.0007159951907642377,0.00889084339722338,0.7534051044627639,-0.027060153771212736,-0.09729646704817396,0.010068498449586996,0.015087155194659196,1.0,,,,,,
2025-11-04 17:30:00+00:00,-2.3483748160583238,0.23737529229216692,-0.4523638169702605,0.0,0.0,0.020991635815609457,1.0809790040184006,5.754356883723939,5.8857575681090815,13.603533938082533,0.43283582089552236,3.0,40.0,-0.005870784792420943,1.0,76.0,1.3056294024902437,0.6209941336161625,0.029248289178939988,0.0007300861712693168,0.009361300153259106,0.7665911121609972,-0.031888927030946146,-0.10975534532758413,0.010077608688428887,0.02916787843717694,1.0,,,,,,
2025-11-04 18:30:00+00:00,-2.420683130733764,0.29727964106788546,-0.39245946819454197,0.0,0.0,0.02078517907017911,1.0823043022665777,5.72670181534333,6.015067299731497,13.485290579068876,0.43283582089552236,3.0,40.0,-0.005870784792420943,1.0,76.0,1.3056294024902437,0.30924118668361306,0.008415787129823866,0.00032426285706553635,0.00678533772094152,0.6639505959817239,-0.03822478926036066,-0.10093383964988956,0.009968620353416485,0.04792577087454131,1.0,,,,,,
2025-11-04 19:30:00+00:00,-2.275306761824207,0.4075883481530886,-0.28215076110933884,0.0,0.0,0.02055081322293727,1.0823277682978616,5.7008662244083235,5.994522750768934,13.190784079757368,0.42686567164179107,3.0,40.0,-0.005870784792420943,1.0,76.0,1.3056294024902437,0.30031168413322895,0.026145464294423625,0.00026758113880212645,0.007308080495084968,0.7227180064476839,-0.04807549573197756,-0.1096676002991912,0.009934844221772182,0.05130735781238194,1.0,,,,,,
2025-11-04 20:30:00+00:00,-2.292626266372128,0.42737009947942317,-0.26236900978300426,0.0,0.0,0.020386412447520656,1.0785811861480388,5.677761550890382,5.811616456337312,16.30108849444188,0.844776119402985,3.0,40.0,-0.005870784792420943,1.0,76.0,1.3056294024902437,0.20986722113338116,0.014566956627147907,0.00016345307183549966,0.006380598919559713,0.5863848845691675,-0.05397012428634751,-0.10912589404978101,0.009936014292145851,0.057323806497858065,1.0,,,,,,
2025-11-05 14:30:00+00:00,-2.315365847165062,0.0880656345352257,-0.6016734747272017,0.0,0.0,0.020154766502826212,1.0701243248147745,5.660843730114968,5.48945461870464,23.323185666586472,0.844776119402985,3.0,50.0,-0.003838604367204018,1.0,76.0,1.3056294024902437,0.6204830602432342,0.07236611467850156,0.0006233261805124611,0.010761679021089602,0.8487303847267,-0.026180585227498998,-0.10135247490862076,0.010153617780831617,0.0761810019573459,1.0,,,,,,
2025-11-05 15:30:00+00:00,-2.347761823113183,-0.056868653998082275,-0.7466077632605097,0.0,0.0,0.0201175283872139,1.054100652642612,5.654182208618774,5.081669994636646,27.67864827542117,0.844776119402985,3.0,50.0,-0.003838604367204018,2.0,56.0,-2.176909092373637,0.3358587476645272,0.006904949538003239,0.0003669998909256512,0.006898199827053516,0.6766490199056963,-0.016947221229434373,-0.10924767248460254,0.00995081734899868,0.07188398900127213,1.0,,,,,,
2025-11-05 16:30:00+00:00,-2.2698380830139118,-0.2069056526594113,-0.8966447619218387,0.0,0.0,0.020247368026921134,1.0299888119600227,5.648149397588398,4.611387140616362,30.480261057561332,0.844776119402985,3.0,50.0,-0.003838604367204018,2.0,56.0,-2.176909092373637,0.29976907189304647,0.02005785971879033,0.0002817528079593392,0.007106625005209826,0.7016976571951898,-0.0032262180617412817,-0.10567835392389346,0.010016386671992278,0.07666491276565557,1.0,,,,,,
2025-11-05 17:30:00+00:00,-2.2747881717503162,-0.20005001964432648,-0.8897891289067539,0.0,0.0,0.020463202091618053,0.9921608040443489,5.641564652798194,4.076525865893491,31.18465176796555,0.844776119402985,3.0,50.0,-0.003838604367204018,2.0,56.0,-2.176909092373637,0.21539821755793512,0.015694729073830634,0.00016878896720138402,0.006450979153851859,0.5979537699475006,0.0033608470828481174,-0.10438146241602642,0.010014488965653035,0.08505222018246927,1.0,,,,,,
2025-11-05 18:30:00+00:00,-2.3131186592596134,-0.2902322004375197,-0.9799713096999472,0.0,0.0,0.02100342616382049,0.9357531569878217,5.633181361500932,3.499758606342905,31.969165832989518,0.8388059701492537,3.0,50.0,-0.003838604367204018,2.0,56.0,-2.176909092373637,0.2276836765671802,0.019563745317128615,0.0001772874824541172,0.006651706408272299,0.6276869306400905,0.00993789013008417,-0.09175859808848763,0.010024055078265072,0.08256272262674669,1.0,,,,,,
2025-11-05 19:30:00+00:00,-2.3802401770990147,-0.37198496289121946,-1.061724072153647,0.0,0.0,0.021692769797732332,0.8629223290909597,5.618401227315419,2.9414350341125712,32.33628839911613,0.8388059701492537,3.0,50.0,-0.003838604367204018,2.0,56.0,-2.176909092373637,0.202725347921962,0.016387950481404467,0.00014850564217456003,0.006396394810772867,0.5840372822799339,0.018369688722800426,-0.07763493055230519,0.009929244070575653,0.08135647374220767,1.0,,,,,,
2025-11-05 20:30:00+00:00,-2.318661564155571,-0.2839666168755001,-0.9737057261379276,0.0,0.0,0.022134436170919144,0.8127290763523508,5.57429965709311,2.460322131640403,32.56456179514476,0.8328358208955224,3.0,50.0,-0.003838604367204018,2.0,60.0,-2.3479054412385576,0.31772121420456956,0.03772315813195811,0.0002646389757945194,0.0077909199521876285,0.7710150947125167,0.013383265755725127,-0.08551755104760428,0.00994882616918279,0.08217184583045167,1.0,,,,,,
2025-11-06 14:30:00+00:00,-2.377567874399235,-0.7824665337534843,-1.4722056430159118,0.0,0.0,0.022596793306925836,0.7993086176383218,5.519494697176408,2.088019862304142,32.158695636152366,0.8328358208955224,3.0,50.0,-0.003838604367204018,2.0,60.0,-2.3479054412385576,0.23695704530475475,0.763042954342479,-0.0016370569176675789,0.030908493012638243,0.5475469279574606,0.03624729900601942,-0.004995659528029606,0.008494288387473629,0.017709072219127986,1.0,,,,,,
2025-11-06 15:30:00+00:00,-2.3781495455381427,-0.7265837197092296,-1.4163228289716572,0.0,0.0,0.022138296471476936,0.8027897301600202,5.465360339154048,1.8742988989151725,31.391547194338788,0.826865671641791,3.0,35.0,-0.005331127799501902,2.0,60.0,-2.3479054412385576,0.9900984665285696,3.3485360500608074e-11,0.0013431190736088467,0.01065626583642054,0.055548578262916024,0.020796535681640638,-0.02198491012017323,0.008769137582904358,0.04218491386335854,1.0,,,,,,
2025-11-06 16:30:00+00:00,-2.4336533352395775,-0.7009042199657656,-1.390643329228193,0.0,0.0,0.021979357151119528,0.8255374162257924,5.418188350369169,1.8228548463317327,30.216193920568013,0.826865671641791,3.0,35.0,-0.005331127799501902,2.0,60.0,-2.3479054412385576,0.3772398304732269,0.00022168974345820454,0.0004440979253104519,0.0069325750679172515,0.6646787151001572,0.014748382428109608,-0.032169245072910524,0.00860474398648127,0.04275419481889475,1.0,,,,,,
2025-11-06 17:30:00+00:00,-2.4815679021021544,-0.7996841895920548,-1.4894232988544822,0.0,0.0,0.022268435047315717,0.8707372183559352,5.387558234218796,1.9053003384453306,28.819633742470504,0.8208955223880597,3.0,35.0,-0.005331127799501902,2.0,60.0,-2.3479054412385576,0.5247832590707323,0.037181211705840767,0.0005695329385478294,0.009033813602761056,0.8223419540428549,0.026079428074552435,-0.0276051022466568,0.00871406837452375,0.03519470570437466,1.0,,,,,,
2025-11-06 18:30:00+00:00,-2.539443732072578,-0.8601370335477373,-1.5498761428101648,0.0,0.0,0.022082838912310256,0.9511619625956391,5.380995752598098,2.0683232419802247,27.42490997160992,0.8208955223880597,3.0,35.0,-0.005331127799501902,2.0,66.0,-2.0607248488334076,0.32767917464917845,0.011141299678920871,0.0003445926854497671,0.006986298623323702,0.6892515225609577,0.02584687753119086,-0.013480926671008309,0.008572762198815939,0.027310946373440004,1.0,,,,,,
2025-11-06 19:30:00+00:00,-2.463924039925563,-0.8875779427452467,-1.577317052007674,0.0,0.0,0.02137908763951296,1.0037211942439377,5.387352772064072,2.2453633734530816,26.031980423361716,0.8149253731343283,3.0,35.0,-0.005331127799501902,2.0,66.0,-2.0607248488334076,0.20988914563336816,0.013547162937183438,0.0001659925083960202,0.006347537988737814,0.5823228258621825,0.024838293142363188,-0.0029774175808165992,0.008439827495809406,0.016667024283205212,1.0,,,,,,
2025-11-06 20:30:00+00:00,-2.5795608178539227,-0.8697626616648231,-1.5595017709272505,0.0,0.0,0.020177273537145022,1.1475516068159302,5.4495272756788316,2.379153616697296,24.92114523272618,0.8149253731343283,3.0,35.0,-0.005331127799501902,2.0,66.0,-2.0607248488334076,0.21946723513197616,0.0220995573362129,0.00015900721868761374,0.0066842280505050805,0.626788621522061,0.027467021287588267,-0.0009525713161830929,0.008401359720264782,0.0203497646455153,1.0,,,,,,
2025-11-07 14:30:00+00:00,-2.606452366522743,-0.919649274344864,-1.6093883836072913,0.0,0.0,0.019352188496384787,1.2910873647590533,5.544854365904107,2.4648580844195482,23.832975281262414,0.808955223880597,3.0,35.0,-0.005331127799501902,2.0,66.0,-2.0607248488334076,0.339447473623195,0.030212516369439498,0.00031495645187272687,0.007678710914005425,0.7633792962955841,0.0005412844078875878,0.004338397559886964,0.008469335475116168,0.06113383486943702,1.0,,,,,,
2025-11-07 15:30:00+00:00,-2.6704864634855716,-0.8406984025644034,-1.5304375118268307,0.0,0.0,0.01827193168793834,1.3201574963532599,5.516228443187981,2.5079049316206037,23.073991404226327,0.808955223880597,3.0,35.0,-0.005331127799501902,2.0,66.0,-2.0607248488334076,0.7868093265688694,0.12118179281620771,0.000747147720960252,0.013363181295199183,0.6639237397744971,0.00027444468039528047,-0.0038335038155326018,0.00874346599707987,0.08288760034234777,1.0,,,,,,
2025-11-07 16:30:00+00:00,-2.7632921048641745,-0.8447078224722192,-1.5344469317346467,0.0,0.0,0.01783750612090278,1.3155216074038303,5.480651188347349,2.4992450527666388,22.345924600300563,0.8029850746268656,3.0,45.0,-0.004379045966918434,2.0,70.0,-2.2072683531353054,0.4302713487630422,0.002209800477846586,0.0005169562967034047,0.0073201289023775385,0.6978661350093376,0.0035649908282908704,-0.009264375885552845,0.008649888597887845,0.08648155971483718,1.0,,,,,,
2025-11-07 17:30:00+00:00,-2.849247028140539,-0.9034013250136051,-1.5931404342760325,0.0,0.0,0.017444118749767874,1.29100165714357,5.44144853082514,2.457418538441217,23.166112024223953,0.844776119402985,3.0,45.0,-0.004379045966918434,2.0,70.0,-2.2072683531353054,0.3145091600068215,0.016510439160842837,0.0003120841775263838,0.007080889471043758,0.7004913649724096,-0.00027239672022361106,-0.0006809046620954717,0.00866427429601236,0.08597764374550021,1.0,,,,,,
2025-11-07 18:30:00+00:00,-2.9865228576984832,-1.0302748875702974,-1.7200139968327248,0.0,0.0,0.01733515484614561,1.245460745324621,5.403218570522359,2.400667245373705,23.3792769429616,0.844776119402985,3.0,45.0,-0.004379045966918434,2.0,70.0,-2.2072683531353054,0.8540433561013431,0.12545350663623708,0.0008352130281913338,0.013911527466705728,0.47486349024930424,0.012141003213266277,0.014314966914936278,0.009074806667647635,0.07302515230471407,1.0,,,,,,
2025-11-07 19:30:00+00:00,-2.79133724916242,-1.0429842160680938,-1.7327233253305212,0.0,0.0,0.01731201865125007,1.1790319484453218,5.369643165574334,2.3458951811667372,23.520680604573695,0.844776119402985,3.0,45.0,-0.004379045966918434,2.0,70.0,-2.2072683531353054,0.44653912431701914,0.0005266107611993701,0.0005449438672074837,0.00736437441557521,0.6916103550509982,0.008099375947218324,0.008099375947218324,0.009072746756980735,0.08155148588924899,1.0,,,,,,
2025-11-07 20:30:00+00:00,-2.748139296645295,-1.057933910250201,-1.7476730195126284,0.0,0.0,0.01734359229987799,1.3096913151202016,5.168484633900867,2.4420434218321763,23.710543643714725,0.844776119402985,3.0,45.0,-0.004379045966918434,2.0,70.0,-2.2072683531353054,0.29078135739748057,0.014461965133888964,0.0002823346756549294,0.006869763382335779,0.6734585677098992,0.01647351945454467,0.01443337552287094,0.009081006298993756,0.06969794254406914,1.0,,,,,,
2025-11-10 14:30:00+00:00,-2.7050008085299355,-0.21609696442558185,-0.9058360736880093,0.0,0.0,0.01853778157698975,1.0803446603352997,5.224830641682546,2.3729501644156574,23.92429481627806,0.844776119402985,3.0,45.0,-0.004379045966918434,2.0,76.0,-1.9969741205439173,0.4062905609282074,0.5937093537321542,-0.0009724784830072715,0.026427518662606272,0.6754814013799265,0.03939241854343889,0.04427445455930412,0.010306749668761784,0.03514065042600789,1.0,,,,,,
2025-11-10 15:30:00+00:00,-2.617494761043181,-0.1681699116493609,-0.8579090209117883,0.0,0.0,0.019457806700703205,0.8383884691169579,5.288520609287266,2.299576236934349,24.22108754323043,0.844776119402985,3.0,45.0,-0.004379045966918434,2.0,76.0,-1.9969741205439173,0.6894493049567127,2.5599676093471453e-09,0.0009023549679339415,0.00882600044881163,0.6195406277055331,0.05081300863923621,0.041256663582192044,0.01032556738254734,0.014625315912660142,1.0,,,,,,
2025-11-10 16:30:00+00:00,-2.6853479508391134,0.22735501706307254,-0.4623840921993549,0.0,0.0,0.02082220343155291,0.9622013749595596,5.343240862310156,2.2244375410149284,24.577493335359353,0.844776119402985,3.0,45.0,-0.004379045966918434,2.0,76.0,-1.9969741205439173,0.7291598771108968,0.020859748525755888,0.0009092859320122048,0.0097467340794245,0.6576059431926438,0.05835153950925509,0.04637854093270155,0.010411549080745236,0.003480112755725795,1.0,,,,,,
2025-11-10 17:30:00+00:00,-2.614258649807724,0.4496646764554037,-0.24007443280702373,0.0,0.0,0.0222421312236269,1.1264256402724935,5.395674813610381,2.175391379765804,24.569737565882868,0.844776119402985,3.0,50.0,-0.0031429860433621866,2.0,76.0,-1.9969741205439173,0.4706359809886131,0.008337502511447846,0.0005610667702827557,0.0077653145528646566,0.7343014380628483,0.05924518882814045,0.056524140234371245,0.010382670277970907,-0.017248504602504156,0.0,,,,,,
2025-11-10 18:30:00+00:00,-2.563271662809621,0.4380644027353564,-0.251674706527071,0.0,0.0,0.023464082337075767,1.3295092044770458,5.439543335900427,2.147629538256552,23.80075393214885,0.8388059701492537,3.0,50.0,-0.0031429860433621866,2.0,76.0,-1.9969741205439173,0.24485216822797112,0.010837339963480951,0.0002239121942035786,0.006472177749722972,0.6133606393747972,0.04457484188228955,0.0542758234964702,0.01037745024269402,-0.025977049243230965,0.0,,,,,,
2025-11-10 19:30:00+00:00,-2.384335482600222,0.39285345977552494,-0.2968856494869025,0.0,0.0,0.024464337048800928,1.4059142430048317,5.419216999564765,2.1365468511754093,23.013109710886354,0.8388059701492537,3.0,50.0,-0.0031429860433621866,2.0,80.0,-2.155572297667643,0.04054371035768814,0.5147871399692565,5.2236825793463856e-05,0.007281595943295812,0.8321482472236962,0.04841880465262616,0.05165066673303054,0.010370320378099722,-0.0306956162005374,0.0,,,,,,
2025-11-10 20:30:00+00:00,-2.404418590253479,0.050114675418797855,-0.6396244338436295,0.0,0.0,0.024963184860475898,1.3755001418548296,5.397491388103358,2.0921383099122313,21.55237819601836,0.8328358208955224,3.0,50.0,-0.0031429860433621866,2.0,80.0,-2.155572297667643,0.045498120388573544,0.4520088430461852,0.0001790416062134221,0.007369481587200237,0.8453146356172024,0.038231305088318734,0.04158498729982929,0.010444146698773192,-0.015065267555628203,0.0,,,,,,
2025-11-11 14:30:00+00:00,-2.527466611963524,-0.9835822645827901,-1.6733213738452175,0.0,0.0,0.024803366284529147,1.3340613411124942,5.391617564125936,1.9727644260145427,19.86014897466119,0.8328358208955224,3.0,50.0,-0.0031429860433621866,2.0,80.0,-2.155572297667643,0.9992821033132984,0.0006558868483267463,0.0022136764000169162,0.027740692867220574,0.006125741000832608,-0.02222463073219849,0.027775785997648406,0.011383614167001161,-0.01015772580289065,0.0,,,,,,
2025-11-11 15:30:00+00:00,-2.490723532484743,-0.7948083086708334,-1.484547417933261,0.0,0.0,0.024443463705249142,1.3156240041554286,5.397490967080277,1.781163841202152,18.0261500081864,0.8149253731343283,3.0,50.0,-0.0031429860433621866,2.0,80.0,-2.155572297667643,0.15907751961295363,0.33939470910823105,0.0005345518725772088,0.009777878396988461,1.0052918303525016,-0.008902539456272951,0.04603422831556481,0.011414908452532025,0.00026040053160469867,1.0,,,,,,
2025-11-11 16:30:00+00:00,-2.499646706878551,-0.793650736135266,-1.4833898453976935,0.0,0.0,0.02386977078069138,1.3328709697965422,5.404946793200986,1.5533699760134838,16.46148307715709,0.8149253731343283,3.0,50.0,-0.0031429860433621866,2.0,80.0,-2.155572297667643,0.038853016878179415,0.5007792263441334,7.711130478801526e-05,0.007241091701334786,0.8296482045233738,-0.019162335518651208,0.05427635918526308,0.01128498565712591,-0.0006583246969689149,0.0,,,,,,
2025-11-11 17:30:00+00:00,-2.4922423091173123,-0.7408708395781561,-1.4306099488405835,0.0,0.0,0.023006019505155594,1.3754721379216426,5.409583863016701,1.3100489484132565,15.254777524669144,0.7611940298507462,3.0,50.0,-0.0031429860433621866,2.0,86.0,-1.9754190754912222,0.029959690231455297,0.3823246479190649,0.00029406526634489995,0.007014748165593034,0.7850730857104469,-0.023778086403542176,0.06463498086177522,0.011122994664199625,-0.010708082792997509,0.0,,,,,,
2025-11-11 18:30:00+00:00,-2.4941612915197466,-0.808685927225842,-1.4984250364882694,0.0,0.0,0.022328984876009757,1.431027806810249,5.402809213384954,1.1875422225097576,14.495630315126574,0.755223880597015,3.0,30.0,0.005533441734472137,2.0,86.0,-1.9754190754912222,0.04639582813249452,0.5555990839070378,-1.9101868106278193e-05,0.007419518906980122,0.8356690171705241,-0.029404898722115824,0.06309571403471503,0.011144967411385038,-0.008088628638376338,0.0,,,,,,
2025-11-11 19:30:00+00:00,-2.5012965492692434,-0.956038352015842,-1.6457774612782694,0.0,0.0,0.022004601070930798,1.4865890181620538,5.38096269461523,1.2825570865702391,13.894635975177641,0.755223880597015,3.0,30.0,0.005533441734472137,2.0,86.0,-1.9754190754912222,0.06970905203003465,0.4446700041326363,0.00022276788688446958,0.007887808114442504,0.8968126404043264,-0.03985115631663927,0.059875006148368826,0.011224865456771366,0.00039989883590729747,1.0,,,,,,
2025-11-11 20:30:00+00:00,-2.5013475856877445,-0.9917457243751798,-1.6814848336376071,0.0,0.0,0.021922205958009387,1.5225270638754844,5.336370893649471,1.6656637252374011,13.475329795438567,0.7492537313432835,3.0,30.0,0.005533441734472137,2.0,86.0,-1.9754190754912222,0.03331854408833155,0.4406158948425084,0.0001860581933087151,0.007104255671314127,0.8123658794472005,-0.034355059897348106,0.061200051688828694,0.011213776749148674,0.0029306164786784272,1.0,,,,,,
2025-11-12 14:30:00+00:00,-2.403020681183703,-0.5379349923781005,-1.227674101640528,0.0,0.0,0.021292796522034318,1.5307988475225538,5.283000716424065,2.3440768513043984,13.168247770100052,0.7492537313432835,3.0,30.0,0.005533441734472137,2.0,86.0,-1.9754190754912222,0.999999999814328,1.0021345940380284e-10,0.0022158159262186806,0.027755932108448594,4.474144286032503e-09,0.04396604705819662,0.09792241828334403,0.013529726627370444,-0.06492888935554264,0.0,,,,,,
2025-11-12 15:30:00+00:00,-2.359756959323661,-0.4034318580353369,-1.0931709672977643,0.0,0.0,0.020879417143157403,1.5301101139988817,5.229953051607508,3.206282166694296,13.07308710103047,0.7432835820895523,3.0,30.0,0.005533441734472137,2.0,90.0,-1.9120786899349451,0.0905677865724121,0.38442906048977854,0.00036414411714325484,0.008318369337570325,0.9233116884967076,0.040977131159384506,0.10395858070438369,0.01355538068957966,-0.08055837866144255,0.0,,,,,,
2025-11-12 16:30:00+00:00,-2.3070793272576653,-0.2895177299500556,-0.979256839212483,0.0,0.0,0.020774495545273112,1.5229966348882173,5.177987054443092,4.135218487976392,12.921166961110206,0.7432835820895523,3.0,30.0,0.005533441734472137,2.0,90.0,-1.9120786899349451,0.053324006487880576,0.41645327655088843,0.00025699919631881434,0.0075271779503211685,0.8575215991547386,0.04729235572423329,0.10479493297123765,0.013559709661906227,-0.0797970591257835,0.0,,,,,,
2025-11-12 17:30:00+00:00,-2.2543807567716305,-0.22096596288861944,-0.9107050721510469,0.0,0.0,0.02073386701064977,1.5139148840256151,5.12432181291791,4.984553234290842,12.917628778043674,0.7373134328358208,3.0,30.0,0.005533441734472137,2.0,90.0,-1.9120786899349451,0.04263949988668993,0.41943421224253624,0.00023819815496212425,0.007298359207009387,0.8324837948630952,0.050510541320901936,0.11178467509982903,0.013522516697086137,-0.08734094962810213,0.0,,,,,,
2025-11-12 18:30:00+00:00,-2.215111856798856,-0.16138432602751518,-0.8511234352899426,0.0,0.0,0.020875894013329482,1.5059118186434692,5.068268314472906,5.7094478972442,12.798064385623453,0.7373134328358208,3.0,30.0,0.005533441734472137,2.0,90.0,-1.9120786899349451,0.039008862086203605,0.4330904214992922,0.00020749190571398523,0.007224357256678448,0.8262051073292727,0.05785520914454034,0.1110130330491712,0.013522182790836463,-0.1110130330491712,0.0,,,,,,
2025-11-12 19:30:00+00:00,-2.165111749822961,-0.02663619248723387,-0.7163753017496614,0.0,0.0,0.02120592842022775,1.5060662704949768,5.011958488964443,4.930416706262097,12.805759405772804,0.7313432835820896,3.0,30.0,0.0054834525847970465,2.0,90.0,-1.9120786899349451,0.049895860241846425,0.39219790129871807,0.00029945825957652803,0.0074462800191280355,0.8422456784490845,0.0729838375532621,0.1144891549788305,0.013528845753799305,-0.128058660418505,0.0,,,,,,
2025-11-12 20:30:00+00:00,-2.2713683818216257,-0.28118142237657834,-0.9709205316390057,0.0,0.0,0.02118982107100999,1.5166869167554173,4.962171952384375,5.382773581443231,12.611307567080951,0.7313432835820896,3.0,30.0,0.0054834525847970465,2.0,96.0,-1.8412357137901456,0.07182978637537468,0.5728749812810169,-2.1222790958863206e-05,0.007971442737743238,0.8759639370859705,0.06582169735309851,0.11363848328620207,0.01354879648634991,-0.1118209748155512,0.0,,,,,,
2025-11-13 14:30:00+00:00,-2.352113642118372,-0.4546808097067577,-1.1444199189691853,0.0,0.0,0.020929554836990025,1.5351479850562229,4.924846621748791,5.667778027963346,12.477539882729246,0.7253731343283583,3.0,30.0,0.0054834525847970465,2.0,96.0,-1.8412357137901456,0.03437363218451724,0.3735466751314006,0.000316346922480868,0.007107037647416431,0.7940084312889691,0.01339923410000976,0.07507435337733437,0.012564887008001091,-0.10029493851576099,0.0,,,,,,
2025-11-13 15:30:00+00:00,-2.5423254028736095,-0.9202155243554593,-1.6099546336178867,0.0,0.0,0.021215392937931597,1.5415874681263744,4.909682423127999,5.687417899608755,11.973197511466042,0.7253731343283583,3.0,30.0,0.0054834525847970465,2.0,96.0,-1.8412357137901456,0.9249250362503942,0.06456227880851129,0.0019998193517192747,0.026161073381231387,0.2969793488388265,-0.017449275790451413,0.06571276923229163,0.013002545854829831,-0.06010279806802821,0.0,,,,,,
2025-11-13 16:30:00+00:00,-2.573822210328395,-0.9496226260633254,-1.6393617353257528,0.0,0.0,0.021668625195687123,1.5212581130343712,4.907298830093089,5.434021458504219,11.693483382751479,0.7194029850746269,3.0,30.0,0.0054834525847970465,2.0,96.0,-1.8412357137901456,0.04438369377900327,0.45843354687401183,0.00016532158930653102,0.007347429203168808,0.8432307660766462,-0.02464990744985629,0.06539664309327176,0.01300478333481186,-0.069526078355032,0.0,,,,,,
2025-11-13 17:30:00+00:00,-2.710892195823372,-1.1140502763418014,-1.8037893856042289,0.0,0.0,0.022905948108089606,1.4605861796179809,4.9118486356523015,4.963724907875643,11.036400555813916,0.7194029850746269,3.0,30.0,0.0054834525847970465,2.0,96.0,-1.8412357137901456,0.30973505979996063,0.46846152703994137,0.0004705706790470004,0.013055120557005168,1.0522841571998134,-0.043980959519863916,0.04172428750541268,0.01326379550832079,-0.04172428750541268,0.0,,,,,,
2025-11-13 18:30:00+00:00,-2.7980092183504817,-1.1833616848834319,-1.8731007941458593,0.0,0.0,0.024667148379609698,1.3536121905443406,4.915622790775939,4.375415153597503,10.8043082292879,0.7134328358208956,3.0,30.0,0.0054834525847970465,2.0,100.0,-1.9356253606703442,0.052112409892389105,0.39905937406299746,0.00028897211041704467,0.007495968974684278,0.8498326854271929,-0.054427359665655484,0.030738795852324863,0.01333650226981993,-0.03782131836245073,0.0,,,,,,
2025-11-13 19:30:00+00:00,-2.644950940962387,-1.2112848249820924,-1.9010239342445199,0.0,0.0,0.02666347292644873,1.214922048761032,4.910482610610669,3.7339086221275353,10.212219696305986,0.7134328358208956,3.0,30.0,0.0054834525847970465,2.0,100.0,-1.9356253606703442,0.04182313619242385,0.52239645079953,3.916617012058949e-05,0.0073113598342649634,0.8339328496484284,-0.06382829743716023,0.02582256439930708,0.013357192972482524,-0.03480827531410169,0.0,,,,,,
2025-11-13 20:30:00+00:00,-2.5089117564979,-1.183345561776344,-1.8730846710387714,0.0,0.0,0.028091691656385715,1.0775105742275288,4.901687308074751,3.075694629591822,10.197088521789098,0.7074626865671642,3.0,40.0,0.005997165391601757,2.0,100.0,-1.9356253606703442,0.07078523712361746,0.2841214279059949,0.0005328769505871788,0.00786330604616021,0.8277552268865678,-0.046531905011378605,0.0396395569872352,0.013402463811595877,-0.04441607217646526,0.0,,,,,,
2025-11-14 14:30:00+00:00,-2.512810757853632,-1.2556472759904433,-1.9453863852528708,0.0,0.0,0.031091110150080734,1.0292201399336027,4.847094001975092,2.4679445843322223,9.749348383704199,0.7074626865671642,3.0,40.0,0.005997165391601757,2.0,100.0,-1.9356253606703442,0.9862724080664147,0.012663180291044851,0.00217467060674434,0.02746456387502556,0.07624533915082451,-0.06752300696109703,0.007010062008349749,0.014141305891943706,-0.009176856360769037,0.0,,,,,,
2025-11-14 15:30:00+00:00,-2.5149691660892426,-1.2043491874823418,-1.8940882967447692,0.0,0.0,0.03233402154597011,1.0170760211732783,4.787369409984417,1.958000825446656,10.32411598734439,0.7014925373134329,3.0,40.0,0.005997165391601757,2.0,100.0,-1.9356253606703442,0.8986245751722212,0.037564351288159145,0.0020195794749849486,0.025587636081836673,0.39492597852366185,-0.023267454837328394,0.04217086971456796,0.014357798513649895,-0.039267024368940806,0.0,,,,,,
2025-11-14 16:30:00+00:00,-2.515141113589807,-1.2154090665376174,-1.9051481758000448,0.0,0.0,0.033311568673209314,1.0231908210958518,4.797659026110014,1.5675477885218518,10.659852424962505,0.7014925373134329,3.0,40.0,0.005997165391601757,2.0,106.0,-1.7795354910453154,0.046936160826393555,0.495957305756449,9.627164222770454e-05,0.00741343820160661,0.8492146066330708,-0.023300772971345918,0.03853087929363497,0.014363617479785583,-0.039763452737951344,0.0,,,,,,
2025-11-14 17:30:00+00:00,-2.54815943727079,-1.2550241615638147,-1.9447632708262421,0.0,0.0,0.03433830967893605,1.0385159135147903,4.848927106625123,1.3148271884761882,11.594111582170065,0.6955223880597015,3.0,40.0,0.005997165391601757,2.0,106.0,-1.7795354910453154,0.07526084601376463,0.49497469351266526,0.0001328039089661193,0.008022091228686266,0.905718497106391,-0.01723766459403553,0.024759019631600765,0.014452093434159928,-0.030497499034316977,0.0,,,,,,
2025-11-14 18:30:00+00:00,-2.5729754534244034,-1.2707815022538262,-1.9605206115162537,0.0,0.0,0.0350654421805594,1.0624523010389566,4.918836300846123,1.1564960905183657,12.039920769325857,0.6955223880597015,3.0,40.0,0.005997165391601757,2.0,106.0,-1.7795354910453154,0.030674879387653512,0.4025396128265298,0.0002560593029525528,0.0070361220926125,0.7949827526067204,-0.011516478117261197,0.007081314521797388,0.014210664495945744,-0.031787330814144976,0.0,,,,,,
2025-11-14 19:30:00+00:00,-2.722848782736241,-1.2822650264791409,-1.9720041357415683,0.0,0.0,0.035548140163428825,1.133156764572448,4.979132817810986,1.0427675438223636,12.8034650434991,0.6895522388059702,3.0,40.0,0.005997165391601757,2.0,106.0,-1.7795354910453154,0.03699857863284222,0.4961585976738393,8.373038055169642e-05,0.007199852592018535,0.8253406826616396,-0.00875564128019457,0.008967547171894186,0.014202965810386258,-0.018993395268206648,0.0,,,,,,
2025-11-14 20:30:00+00:00,-2.690879607015897,-1.2925076225879522,-1.9822467318503796,0.0,0.0,0.03577795062924023,1.2276907521269929,5.010653831735353,0.939678722012973,13.032399472281222,0.6895522388059702,3.0,40.0,0.005997165391601757,2.0,106.0,-1.7795354910453154,0.03096856305116933,0.3786998247741406,0.00030227100546447626,0.007035362070642536,0.7864774581645139,-0.016359175863041475,0.006806861669649056,0.014191391950369616,-0.023144214266715757,0.0,,,,,,
2025-11-17 14:30:00+00:00,-2.6127866674832774,-1.2827156467592167,-1.972454756021644,0.0,0.0,0.03575468065321534,1.3398504419281498,5.013727935127941,0.851574806950989,13.433683572019453,0.6835820895522388,3.0,50.0,0.0037766545085190376,2.0,110.0,-1.9020286438211156,0.8067526746101121,0.16019892052640322,0.0016713455315791005,0.023648896104023737,0.579306946400667,-0.010805116494455369,-0.04318747302954451,0.013682863450590622,0.02943746158289695,1.0,,,,,,
2025-11-17 15:30:00+00:00,-2.5687553715096016,-1.2666858432624126,-1.95642495252484,0.0,0.0,0.03581571654102506,1.4748984527357591,5.0068224606921605,0.8024990219778357,13.389590717712007,0.6835820895522388,3.0,50.0,0.0037766545085190376,2.0,110.0,-1.9020286438211156,0.07533406139670394,0.48444728880099885,0.00015314145241064416,0.008020541528502362,0.907094336415555,-0.03984164803366275,-0.048483786958331,0.013726201115069682,0.016693111170527963,1.0,,,,,,
2025-11-17 16:30:00+00:00,-2.573554697532878,-1.3110600067581712,-2.0007991160205987,0.0,0.0,0.035089567529242895,1.6183145716660934,4.989903001861612,0.7878487192597116,13.502848857700057,0.6776119402985075,3.0,50.0,0.0037766545085190376,2.0,110.0,-1.9020286438211156,0.047439569216216115,0.32797426170207605,0.0004199793387157192,0.0073744161772371355,0.8042137464798562,-0.03184637870458129,-0.051667038920201414,0.013660769419337089,-0.014103148942847366,0.0,,,,,,
2025-11-17 17:30:00+00:00,-2.5632196633578213,-1.0498690003929994,-1.7396081096554268,0.0,0.0,0.034003340188451185,1.745417309437799,4.963347100011076,0.8456366897949672,13.302171019267597,0.6776119402985075,3.0,50.0,0.0037766545085190376,2.0,110.0,-1.9020286438211156,0.046666453739671376,0.5894454728167953,-8.386969934802779e-05,0.0074353800605755525,0.8224427747110199,-0.026122325514202682,-0.06060849471074237,0.013609275442847612,-0.0010920261626017336,0.0,,,,,,
2025-11-17 18:30:00+00:00,-2.5681599155540744,-0.5865867656124624,-1.2763258748748898,0.0,0.0,0.03333562481332178,1.8426419211554832,4.932334262580067,0.9276102589815306,13.414292006060723,0.6716417910447762,3.0,50.0,0.0037766545085190376,2.0,110.0,-1.9020286438211156,0.771063807690168,0.15257675724011385,0.0016423566314228062,0.02287936931907548,0.6837416752707272,-0.045069195266254525,-0.08256272262674669,0.013967697668706137,0.0051399031550025676,1.0,,,,,,
2025-11-17 19:30:00+00:00,-2.425144476092342,-0.34551644151430055,-1.035255550776728,0.0,0.0,0.032821911968656275,1.8813907341361897,4.9000429684700055,0.9650068604594176,13.387997307415874,0.6716417910447762,3.0,50.0,0.0037766545085190376,2.0,116.0,-1.7938953588399538,0.14771928286515074,0.5154222859391314,0.0001820956994039499,0.009585922470229536,0.9906434132880808,-0.0554747217011502,-0.09492597918188217,0.014032305037568346,0.010368565285423514,1.0,,,,,,
2025-11-17 20:30:00+00:00,-2.4826798651276527,-0.6034060895317739,-1.2931451987942013,0.0,0.0,0.03208113624912089,1.889636961173594,4.877603297054878,0.7505436866749143,13.663041609142038,0.6656716417910448,3.0,50.0,0.0037766545085190376,2.0,116.0,-1.7938953588399538,0.054574628996406714,0.2640223882252447,0.0005517083618606552,0.00750883477970132,0.7717045752180811,-0.04892989394113112,-0.0803543373598008,0.014138606358828004,0.000977414726591963,1.0,,,,,,
2025-11-18 14:30:00+00:00,-2.54776698596233,-0.7867792510165033,-1.4765183602789307,0.0,0.0,0.03214532522939029,1.8971832896373237,4.8761134504179395,0.7258264813635934,13.806952225858458,0.6656716417910448,3.0,50.0,0.0037766545085190376,2.0,116.0,-1.7938953588399538,0.07369708513595011,0.5413457048935151,4.170317335759295e-05,0.008002231774024749,0.8918980537976104,-0.02196681506020859,-0.04292965735755461,0.013280729499382865,-0.007524083316390762,0.0,,,,,,
2025-11-18 15:30:00+00:00,-2.6744518827734396,-1.1679282827227937,-1.8576673919852211,0.0,0.0,0.03180884858805499,1.9039940975682064,4.8870985747831375,0.7033114555492457,14.145966711847183,0.6597014925373135,3.0,55.0,0.0038963105148295597,2.0,116.0,-1.7938953588399538,0.43420836224612075,0.14274026467641307,0.0012492865748704343,0.015634488308701712,1.0040414089012737,0.0030063048029629336,-0.036574942699095114,0.013492408551919601,-0.014430306892171174,0.0,,,,,,
2025-11-18 16:30:00+00:00,-2.603097420915898,-0.9570028270584706,-1.6467419363208982,0.0,0.0,0.03159789445031566,1.9061278326958306,4.898040633409249,0.6758401286602868,14.286204897275686,0.6597014925373135,3.0,55.0,0.0038963105148295597,2.0,116.0,-1.7938953588399538,0.14700572082919644,0.6325189885100735,-4.399622876152864e-05,0.009605327241864879,0.9049258155281978,-0.014378926679104787,-0.04688363008065499,0.013592954447502123,0.01029168603654762,1.0,,,,,,
2025-11-18 17:30:00+00:00,-2.573759224008695,-0.9603971687760816,-1.650136278038509,0.0,0.0,0.031561517754396744,1.9037557903940938,4.901429057414385,0.6415086089904474,14.580884204809786,0.6537313432835821,3.0,55.0,0.0038963105148295597,2.0,120.0,-1.8991851046396129,0.09935924551852815,0.15625219697735226,0.0008137629018731053,0.00843966885245159,0.7392078977659544,0.0016357026028255284,-0.03519470570437466,0.01379225746411623,-0.008480356006844936,0.0,,,,,,
2025-11-18 18:30:00+00:00,-2.572103380133062,-0.9246326605944218,-1.6143717698568492,0.0,0.0,0.03166376015248789,1.896984164680573,4.898486173748924,0.6065527869716999,14.686899588101387,0.6537313432835821,3.0,55.0,0.0038963105148295597,2.0,120.0,-1.8991851046396129,0.059008019787053716,0.7334614356858018,-0.00034577007625380255,0.007743441029449029,0.7206930508265004,0.018764355021064993,-0.03439346888356587,0.013787209295681635,0.006267891679593518,1.0,,,,,,
2025-11-18 19:30:00+00:00,-2.4903074185649445,-0.9264551470634314,-1.616194256325859,0.0,0.0,0.03184648977840781,1.885958452078234,4.88424643120821,0.5706701884576127,14.960654201486063,0.6477611940298508,3.0,55.0,0.0038963105148295597,2.0,120.0,-1.8991851046396129,0.014609817008084372,0.18882565296449916,0.000647460075128461,0.006627329609349391,0.5576776721389134,0.02942208766724308,-0.02565273519799982,0.013711306223744757,0.0035494167890042227,1.0,,,,,,
2025-11-18 20:30:00+00:00,-2.4860652729081383,-0.932538974651184,-1.6222780839136113,0.0,0.0,0.03204640936150467,1.8707017140888713,4.854629815074421,0.5455282243413434,15.03697564668856,0.6477611940298508,3.0,55.0,0.0038963105148295597,2.0,120.0,-1.8991851046396129,0.053135646927648265,0.7122635317082651,-0.00031218103123866766,0.007610902570885288,0.7377650725977145,0.020872997627707335,-0.025126279834745358,0.013711519169217534,-0.005487003319815109,0.0,,,,,,
2025-11-19 14:30:00+00:00,-2.529080738094219,-1.04456127483506,-1.7343003840974873,0.0,0.0,0.03201205643075406,1.844023598192187,4.814951508517986,0.5358964049164141,15.283454267108503,0.6417910447761194,3.0,55.0,0.0038963105148295597,2.0,120.0,-1.8991851046396129,0.03587153775960331,0.15263871584942612,0.0007430646416694881,0.007073691931670103,0.5757927108827843,0.02359507519389492,-0.06330062922185631,0.01105098589721753,0.031231636606421365,1.0,,,,,,
2025-11-19 15:30:00+00:00,-2.4867889869305233,-0.9408959496884002,-1.6306350589508276,0.0,0.0,0.03149757363478824,1.7810915433058654,4.806640666677887,0.5294811023864079,15.284457783933425,0.6417910447761194,3.0,55.0,0.0038963105148295597,2.0,126.0,-1.8180724603313483,0.10897731272076613,0.7629865625540572,-0.00034144288243772057,0.008826477896313733,0.7111309440462494,-0.002431681138240993,-0.07998375499672061,0.010981305435347704,0.04908192997357075,1.0,,,,,,
2025-11-19 16:30:00+00:00,-2.5105218706871595,-0.9209293727291905,-1.610668481991618,0.0,0.0,0.030665840789918124,1.7467725049183458,4.746741175493902,0.5335628612906997,15.47509407862954,0.6358208955223881,3.0,65.0,0.003613845026908668,2.0,126.0,-1.8180724603313483,0.012762685489544427,0.15552631997253336,0.0007092475836548341,0.006577737914943853,0.4983457999167388,0.006461852645734734,-0.08771413315915355,0.01089156126009114,0.05141660443878626,1.0,,,,,,
2025-11-19 17:30:00+00:00,-2.495422641478088,-0.9331230720244804,-1.6228621812869077,0.0,0.0,0.029546609110480435,1.6899632907473678,4.699961016386732,0.5477301385429876,15.45132826749881,0.6358208955223881,3.0,65.0,0.003613845026908668,2.0,126.0,-1.8180724603313483,0.05611458927238367,0.7455183602359536,-0.0003724986866794478,0.0076848135484181256,0.7014563935340098,-0.006010876122939823,-0.09171612314821642,0.010840634533440072,0.05750851806648338,1.0,,,,,,
2025-11-19 18:30:00+00:00,-2.45907951548465,-0.9107589314738406,-1.6004980407362681,0.0,0.0,0.028054998002933738,1.605854740005689,4.678138385451738,0.5822347981499473,15.68504031605947,0.6298507462686567,3.0,65.0,0.003613845026908668,2.0,126.0,-1.8180724603313483,0.015953106153551427,0.19886328491935776,0.0006297969894092769,0.006659187022065219,0.577094156525766,-0.005482490568955445,-0.09773116859706166,0.01079656703083791,0.060527612062899916,1.0,,,,,,
2025-11-19 19:30:00+00:00,-2.5715650461779953,-1.041150513822177,-1.7308896230846045,0.0,0.0,0.026315598072285496,1.488666734187187,4.688343883207133,0.6411016085025242,15.73757961818603,0.6298507462686567,3.0,65.0,0.003613845026908668,2.0,126.0,-1.8180724603313483,0.24222907260827134,0.4944732937583745,0.000337977843466252,0.011611546288261285,1.0430513428309005,0.007059238765700471,-0.09157733398556145,0.010989678017280123,0.05008391802431689,1.0,,,,,,
2025-11-19 20:30:00+00:00,-2.5864404700185264,-1.030625570484895,-1.7203646797473224,0.0,0.0,0.024857246002719116,1.3322999410152625,4.7453925130247585,0.7139145829606268,15.996754634091346,0.6238805970149254,3.0,65.0,0.003613845026908668,2.0,130.0,-1.957915771643288,0.032523676239931854,0.3328406621453051,0.00031954181549237443,0.007066943548562125,0.7661458389272808,0.004912682046708028,-0.08603529514113584,0.010950244503527181,0.05327885393666332,1.0,,,,,,
2025-11-20 14:30:00+00:00,-2.6824954162794605,-1.191789429554459,-1.8815285388168865,0.0,0.0,0.025306635990484716,1.1393995927681524,4.800152977321351,0.7849714772291961,16.333422002316922,0.6238805970149254,3.0,65.0,0.003613845026908668,2.0,130.0,-1.957915771643288,0.9997967732913042,0.00012368257795089825,0.0015414562897344366,0.026995659751076498,0.00206690902970764,0.02780920144921062,-0.04889066187265545,0.012377676661316981,0.039301865815168924,1.0,,,,,,
2025-11-20 15:30:00+00:00,-2.7150233634197303,-1.1386659132761587,-1.8284050225385862,0.0,0.0,0.02576783057796083,0.9285407914448851,4.847472940304476,0.8299534222388644,16.951755542316356,0.6179104477611941,3.0,65.0,0.003613845026908668,2.0,130.0,-1.957915771643288,0.8337377624921789,0.13435711862274835,0.0011799448217047759,0.02360865152770929,0.5312054756146315,0.016118487505806023,-0.04641599170046318,0.012257187260915398,0.058040265588240825,1.0,,,,,,
2025-11-20 16:30:00+00:00,-2.6524993760936666,-1.1036613778640394,-1.7934004871264668,0.0,0.0,0.025722831232125532,0.8383292225162716,4.795338318427529,0.805518023601096,16.924031381158038,0.6179104477611941,3.0,65.0,0.003613845026908668,2.0,130.0,-1.957915771643288,0.9640089647742477,0.03019041641186351,0.0014613072858358136,0.02626622293424652,0.1708808411282481,-0.006186074909477313,-0.06925030061877457,0.012855130409734307,0.08406533587774057,1.0,,,,,,
2025-11-20 17:30:00+00:00,-2.6746179472866496,-1.167510643731343,-1.8572497529937704,0.0,0.0,0.02601476841852719,0.8492000362589314,4.809314830131233,0.7987475947643412,17.425917388516915,0.6119402985074627,3.0,30.0,-0.005475583457677886,2.0,130.0,-1.957915771643288,0.12953005030977538,0.31225284940085296,0.0004169387999164511,0.009071249808519758,0.9536278709330932,0.0032831473575125614,-0.044452016270839945,0.01278865920198728,0.07496603358920462,1.0,,,,,,
2025-11-20 18:30:00+00:00,-2.6104144395494475,-1.0362102701477838,-1.7259493794102112,0.0,0.0,0.02589830689790444,1.0241787164561846,4.814963157158865,0.7746567416627941,17.49487519220424,0.6119402985074627,3.0,30.0,-0.005475583457677886,2.0,136.0,-1.7500127210538872,0.29845797066628754,0.5376495081142989,7.2487647153307e-05,0.012677785226208922,0.9909177884553189,-0.008141961297106981,-0.051445770228513155,0.012941789019920252,0.08687536640607352,1.0,,,,,,
2025-11-20 19:30:00+00:00,-2.4223381384403293,-0.9759608715985245,-1.665699980860952,0.0,0.0,0.025539981641376577,1.1846910074445167,4.810532629495784,0.7407150890547055,17.920028878427114,0.6059701492537314,3.0,30.0,-0.005475583457677886,2.0,136.0,-1.7500127210538872,0.039464861399278885,0.3027577706314135,0.00038280643016342405,0.00719763255299694,0.7648412862320288,-0.026112761147520036,-0.053861797695921254,0.012959695963174913,0.09741157913013687,1.0,,,,,,
2025-11-20 20:30:00+00:00,-2.3790827171341227,-0.9642603334604429,-1.6539994427228704,0.0,0.0,0.025329333212779925,1.334515954330962,4.796606462762157,0.7086280283190809,17.876093860417285,0.6059701492537314,3.0,30.0,-0.005475583457677886,2.0,136.0,-1.7500127210538872,0.04905132806820326,0.579178290284267,-0.00015548521257569055,0.007519573921531276,0.8320584794784529,-0.0248082649478234,-0.06431165507758063,0.012821468195376195,0.09014621053409178,1.0,,,,,,
2025-11-21 14:30:00+00:00,-2.343911864216629,-0.9404059759257635,-1.630145085188191,0.0,0.0,0.02387447351024045,1.4711939856439622,4.771967528358754,0.6851833392980042,18.20288700152469,0.6,3.0,30.0,-0.005475583457677886,2.0,136.0,-1.7500127210538872,0.028752189822920788,0.3303475802096327,0.0003222357908192684,0.006987553523936844,0.7530636064800665,-0.0589283599594963,-0.04029601487105472,0.01209876436659101,0.12561552553530486,1.0,,,,,,
2025-11-21 15:30:00+00:00,-2.3926370576462164,-1.077272377575019,-1.7670114868374465,0.0,0.0,0.02352250036917486,1.5794938959833453,4.7352306830882345,0.6723453082982546,18.02642335851979,0.6,3.0,30.0,-0.005475583457677886,2.0,136.0,-1.7500127210538872,0.14234428041971922,0.4236405077540297,0.0002052755337746383,0.009386772399031231,1.0036152102066302,-0.028117113259736204,-0.05126565012287099,0.011634124790889995,0.13739986583447772,1.0,,,,,,
2025-11-21 16:30:00+00:00,-2.4676604510598024,-1.2475638508261107,-1.937302960088538,0.0,0.0,0.02358113667455657,1.6520565578770732,4.688131288797314,0.663624963248328,18.262485587760008,0.5940298507462687,3.0,30.0,-0.005475583457677886,0.0,336.0,0.0,0.24737577469809327,0.2567957113902274,0.000595168812133889,0.011492586215023916,1.042489415526631,0.0100159083002902,-0.03593361934713846,0.011919923418003839,0.12351798291637461,1.0,,,,,,
2025-11-21 17:30:00+00:00,-2.472214107731871,-1.2115937663982808,-1.9013328756607082,0.0,0.0,0.023290686120740825,1.66361085356316,4.628216483514929,0.6591966251497645,18.034832277521446,0.5940298507462687,3.0,30.0,-0.005475583457677886,0.0,336.0,0.0,0.06928478424078922,0.584045535137519,-0.00015319723656860533,0.007941704790802554,0.8662995958183206,-0.005752627241417674,-0.03296697891822209,0.011871062567282945,0.1351478602272831,1.0,,,,,,
2025-11-21 18:30:00+00:00,-2.5275354731784874,-1.2867561555853368,-1.9764952648477643,0.0,0.0,0.023428274588990404,1.651239719647072,4.571417040131494,0.6643984178918652,18.233297127959926,0.5880597014925373,3.0,40.0,-0.005142890839707625,0.0,336.0,0.0,0.0941921293936409,0.2164617201602968,0.0005847044377651186,0.008295163462894375,0.8102264698125818,0.019892343545655944,-0.020036948565596013,0.012045746589314926,0.1268875136691512,1.0,,,,,,
2025-11-21 19:30:00+00:00,-2.3642128514059486,-1.2827778884759153,-1.9725169977383428,0.0,0.0,0.023518893009927426,1.6396411354767342,4.517971018577927,0.6865020512404167,17.96304176956801,0.5880597014925373,3.0,40.0,-0.005142890839707625,0.0,336.0,0.0,0.059528609593152364,0.660851971882393,-0.0003100506442818069,0.007773372647348214,0.7980158857170596,0.022602939170823788,-0.022503217244902896,0.012054321816489013,0.13421256077142862,1.0,,,,,,
2025-11-21 20:30:00+00:00,-2.3324829926332216,-1.2444809750084322,-1.9342200842708597,0.0,0.0,0.02349016253939444,1.6273676763282467,4.468174424765716,0.6950672253646735,18.092831621322674,0.582089552238806,3.0,40.0,-0.005142890839707625,0.0,336.0,0.0,0.05920273553412887,0.3385399616452462,0.00032397237405860707,0.007623229517254955,0.8394175536045717,0.014408579581300263,-0.033543899633238894,0.012134574661050392,0.1343048814277945,1.0,,,,,,
2025-11-24 14:30:00+00:00,-2.409124321646287,-1.4006762063563178,-2.0904153156187455,0.0,0.0,0.02461291575597647,1.612094098958845,4.422550909714892,0.7427016214182673,17.755437803175326,0.582089552238806,3.0,40.0,-0.005142890839707625,0.0,336.0,0.0,0.9999999986118947,1.1307788543223336e-09,0.0015418188330262518,0.026999822877380616,3.036449947680367e-08,0.06235079511670705,0.0328598967401077,0.014004711274405736,0.08811679409216655,1.0,,,,,,
2025-11-24 15:30:00+00:00,-2.4248857735116816,-1.4169523277362608,-2.1066914369986884,0.0,0.0,0.025591832252472167,1.59016829346638,4.3850554097695715,0.8236657320498889,17.771764335469122,0.5761194029850746,3.0,40.0,-0.005142890839707625,0.0,336.0,0.0,0.12059268620212818,0.3290720963271464,0.0003786024950494024,0.008893227823735987,0.9495260959181233,0.06108055572750093,0.04965655363829269,0.013985263082573654,0.08233400424717896,1.0,,,,,,
2025-11-24 16:30:00+00:00,-2.424846803188907,-1.4192368505715993,-2.1089759598340265,0.0,0.0,0.026380840546430598,1.5630909759683487,4.35753389175014,0.9344688854432024,17.30091134409088,0.5761194029850746,3.0,40.0,-0.005142890839707625,0.0,336.0,0.0,0.04479623098068589,0.49920894900983487,-6.24613697943231e-07,0.007395681049079163,0.8440170746468925,0.047586771047973375,0.04349953040541621,0.013957547806034547,0.08409988852581085,1.0,,,,,,
2025-11-24 17:30:00+00:00,-2.415891215996061,-1.1915836125304908,-1.8813227217929183,0.0,0.0,0.026908974676105594,1.5281383416089382,4.336531923090257,1.0650214211279043,17.17255389516307,0.5701492537313433,3.0,40.0,-0.005142890839707625,0.0,336.0,0.0,0.04885930237779127,0.32165840700578124,0.0003511246730150558,0.00740103148295237,0.8037035301256528,0.059977997950388495,0.05313334454636909,0.013958189280369312,0.07906938578855227,1.0,,,,,,
2025-11-24 18:30:00+00:00,-2.4037342282276613,-0.9495624408507289,-1.6393015501131565,0.0,0.0,0.025915244364836346,1.4915396902235114,4.317765178397091,1.2020207680967065,16.617045117669125,0.5701492537313433,3.0,40.0,-0.005142890839707625,0.0,336.0,0.0,0.0469063673846054,0.543750259904458,-8.703123591154642e-05,0.007459293083164061,0.8404288117305104,0.04877722981435095,0.07380947651500946,0.013418339244690807,0.07535459581713955,1.0,,,,,,
2025-11-24 19:30:00+00:00,-2.4325127249490928,-0.8562247067595969,-1.5459638160220244,0.0,0.0,0.023734911328101266,1.4511048586391648,4.297802516958065,1.33730191937632,16.466532349389933,0.564179104477612,3.0,45.0,-0.003708770852777644,0.0,336.0,0.0,0.029932777443226612,0.3229563549322505,0.0003374718405293179,0.007008769846301098,0.7516927463235439,0.053593740001013135,0.08656524445726044,0.013217830545622776,0.07655915742900232,1.0,,,,,,
2025-11-24 20:30:00+00:00,-2.463169250231443,-0.8076271607235567,-1.4973662699859842,0.0,0.0,0.02189263591033128,1.4081930116293797,4.277357768667739,1.4418600523454914,15.933026760219603,0.564179104477612,3.0,45.0,-0.003708770852777644,0.0,336.0,0.0,0.04769227489194422,0.5426856456261369,-8.447552143315092e-05,0.007475131792729298,0.8424259993374208,0.06367853930318645,0.07906453361107868,0.013181747403098536,0.07721905916951455,1.0,,,,,,
2025-11-25 14:30:00+00:00,-2.4404050008421456,-0.2931153054718388,-0.9828544147342662,0.0,0.0,0.021102789885066118,1.363829408352352,4.260742662158063,1.4811992718732718,15.777724219188467,0.5582089552238806,3.0,45.0,-0.003708770852777644,0.0,336.0,0.0,0.5242109552062214,0.1338224181704495,0.0009994848236261988,0.017183874072673272,0.9746612697410157,0.03587943065795818,0.09070614245827446,0.013430368481566542,0.05763723199633386,1.0,,,,,,
2025-11-25 15:30:00+00:00,-2.4854742475019203,-0.3179602771799263,-1.0076993864423538,0.0,0.0,0.021075923834529494,1.3195639037639109,4.248773196688154,1.4787047968236733,15.178671191447478,0.5582089552238806,3.0,45.0,-0.003708770852777644,0.0,336.0,0.0,0.05348602523727127,0.5293783247685744,-5.4893114010730515e-05,0.007589467185360199,0.8580570731667909,0.0250768231204761,0.07172707195580585,0.013204331272343004,0.05365276266215835,1.0,,,,,,
2025-11-25 16:30:00+00:00,-2.4400085550773642,-0.3040174508811539,-0.9937565601435814,0.0,0.0,0.020640412097280077,1.278392374455953,4.2195129207874755,1.4504975878324968,15.161530411562838,0.5522388059701493,3.0,45.0,-0.003708770852777644,0.0,336.0,0.0,0.03112816188962232,0.3304568329040763,0.00032341412711036125,0.007036917809888858,0.7604109926880912,0.02646265652947699,0.08434111361399799,0.013013005688238294,0.05476093725544873,1.0,,,,,,
2025-11-25 17:30:00+00:00,-2.5002218328138235,-0.3186598823179463,-1.0083989915803737,0.0,0.0,0.020658012277795384,1.2345168636230992,4.216357249178149,1.3180493021607902,14.445347473193753,0.5522388059701493,3.0,45.0,-0.003708770852777644,0.0,336.0,0.0,0.04679344182002876,0.5376255299836117,-7.504581173125681e-05,0.007454224636618285,0.8418411531562444,0.020740662880233796,0.07223830482377736,0.01289425006635857,0.05281265319436912,1.0,,,,,,
2025-11-25 18:30:00+00:00,-2.5434511188243634,-0.2716790155908766,-0.961418124853304,0.0,0.0,0.020502736866434043,1.191548371377017,4.212754332035968,1.134204642419944,14.120620036993529,0.5462686567164179,3.0,45.0,-0.003708770852777644,0.0,336.0,0.0,0.0324895912049167,0.37197974723806726,0.00024250775565401979,0.007083646954409109,0.7878581327217008,0.01820579304606662,0.07325091454001109,0.012882419603837826,0.04919891714003688,1.0,,,,,,
2025-11-25 19:30:00+00:00,-2.036366739444781,-0.21927917257364152,-0.9090182818360689,0.0,0.0,0.02040697229069924,1.1590954756729563,4.2127918434081275,0.9279057723965848,13.358656205015864,0.5462686567164179,3.0,45.0,-0.003708770852777644,0.0,336.0,0.0,0.05420862195651562,0.45358348695276,9.46723142441702e-05,0.007570748356774787,0.8655093156841259,0.02121489995829995,0.0783580567483173,0.012880563415823418,0.05305638399263746,1.0,,,,,,
2025-11-25 20:30:00+00:00,-2.104191182807495,-0.44047526428721145,-1.1302143735496388,0.0,0.0,0.02031777500229772,1.1432321383391766,4.208248208948131,0.7356802345078827,13.058978727336328,0.5402985074626866,3.0,95.0,0.00392090786014971,0.0,336.0,0.0,0.07609986378436188,0.5158616425931689,-1.5035141263066819e-05,0.008052827259425284,0.9032316772919315,0.012059091649605058,0.0702506276329764,0.012999427599982733,0.05916833763252827,1.0,,,,,,
2025-11-26 14:30:00+00:00,-2.013305278679603,0.20035183566638645,-0.48938727359604095,0.0,0.0,0.020711427209875077,1.1319117012399984,4.199804654725277,0.5949642667464838,12.289173630506246,0.5402985074626866,3.0,95.0,0.00392090786014971,0.0,336.0,0.0,0.9998904256252715,4.627670143973758e-05,0.001541663520889519,0.026997569165565054,0.0011833907116308967,0.027385299760639636,0.09449636702501918,0.01399062495251401,0.026415000626657914,1.0,,,,,,
2025-11-26 15:30:00+00:00,-1.7503484560323197,0.702184383649706,0.012445274387278604,1.0,1.0,0.021733497641197683,1.1162894452480163,4.185325129906931,0.47989980063887966,12.006638534699945,0.5343283582089552,3.0,95.0,0.00392090786014971,0.0,336.0,0.0,0.9327558989011279,0.026025557380616664,0.0014511751247193087,0.025615681457590026,0.2913300519160438,0.05124248698650069,0.12540124008054754,0.014215365310631695,0.003853565775470358,1.0,1.0,,,,,
2025-11-26 16:30:00+00:00,-1.8904748263738953,0.6564535184510042,-0.03328559081142324,0.0,0.0,0.022373678931696384,1.1000932260244245,4.164488089211016,0.3903512894835045,11.284115985757508,0.5343283582089552,3.0,95.0,0.00392090786014971,0.0,336.0,0.0,0.05182861191710467,0.4266466882545802,0.000146280236728799,0.007509366125592914,0.8563321051716344,0.04946855533892425,0.1273478163071875,0.014196901359926201,0.00048003467184321025,1.0,,,,,,
2025-11-26 17:30:00+00:00,-1.5230868212320068,0.671969033134884,-0.017770076127543444,0.0,0.0,0.02294404714826965,1.083639384595524,4.139079764470068,0.32517254784789523,11.10659179765223,0.5283582089552239,3.0,95.0,0.00392090786014971,0.0,336.0,0.0,0.052506821643971864,0.38669164058219935,0.00022529759448813082,0.007505669196424815,0.8464951725575482,0.0544291993966608,0.13267838034337798,0.014186822767368351,0.05140009705499393,1.0,,,,,,
2025-11-26 18:30:00+00:00,-1.3247889000225683,0.6410393322406939,-0.04869977702173356,0.0,0.0,0.02321507799446147,1.0662329769206744,4.111718656008426,0.30217571620530415,10.43455552619763,0.5283582089552239,3.0,95.0,0.00392090786014971,0.0,336.0,0.0,0.045596436229178694,0.44729449012076283,0.00010199684662595371,0.007389196160274288,0.8450057112672723,0.05990449080873361,0.13863789591770015,0.014138366229482464,0.0547092886333278,1.0,,,,,,
2025-11-26 19:30:00+00:00,-0.893668831661063,0.6356228283402074,-0.054116280922219984,0.0,0.0,0.023619141834878614,1.0486407605436314,4.085356719859562,0.37623571623908325,10.268127460062784,0.5223880597014925,3.0,95.0,0.00392090786014971,0.0,336.0,0.0,0.04365899848361428,0.3839897867271334,0.00022542551495599597,0.007320821835540495,0.8236165375011646,0.05940392081211554,0.13070273879473238,0.014069204286774665,0.06034421840230664,1.0,,,,,,
2025-11-26 20:30:00+00:00,-1.211109411925705,0.28618405387375706,-0.40355505538867037,0.0,0.0,0.02337305615852962,1.034743394371387,4.066218090328611,0.658207784779044,9.517580877934144,0.5223880597014925,3.0,95.0,0.00392090786014971,0.0,336.0,0.0,0.09759647908791476,0.582974597160112,-0.0001344874583778786,0.008528866034567519,0.9062173268507048,0.058567250475002997,0.12390519606127137,0.0142029441900303,0.06664089043938048,1.0,,,,,,
2025-11-28 14:30:00+00:00,-1.1678583201338542,0.16085597019069772,-0.5288831390717297,0.0,0.0,0.02339072081639188,1.0230468887528177,4.056174676073067,1.2799247462273853,9.24426012045574,0.5164179104477612,3.0,105.0,0.004448028993439754,0.0,336.0,0.0,0.02573158295555304,0.2882249344282347,0.0004033492834990084,0.006906119695520369,0.7112453727943899,0.024852063673568736,0.0915392292493773,0.013330003670178106,0.07161244605141492,1.0,,,,,,
2025-11-28 15:30:00+00:00,-1.144538534704062,0.1849103480874003,-0.5048287611750271,0.0,0.0,0.023286311512635053,1.012899543527874,4.057312419753208,2.107905642870686,8.724640901610728,0.844776119402985,3.0,105.0,0.004448028993439754,0.0,336.0,0.0,0.0572260525954807,0.5531547064532627,-9.948473754226687e-05,0.007677672041576022,0.8584911938827537,0.00601469414020217,0.11529744671494369,0.012707901482002399,0.070941935236565,1.0,,,,,,
2025-11-28 16:30:00+00:00,-1.142505474613668,0.1915775987097663,-0.4981615105526611,0.0,0.0,0.02238951495972887,1.002761271608403,4.058376272467675,3.0174653314536193,11.491704218251092,0.844776119402985,3.0,105.0,0.004448028993439754,0.0,336.0,0.0,0.029607340113683798,0.3053603578060989,0.0003719046839951227,0.006994187554628593,0.7377272871997201,0.008168676657409613,0.14170256787407443,0.011774161605104154,0.05404202094135524,1.0,,,,,,
2025-12-01 14:30:00+00:00,-1.12286459563,0.17604984224505332,-0.513689267017374,0.0,0.0,0.02195960061353172,0.9914540753870795,4.057399060642697,3.8616100125628963,14.326723380825289,0.844776119402985,3.0,105.0,0.004448028993439754,0.0,336.0,0.0,0.049780900969026924,0.5558759008754274,-0.0001092052101881039,0.007524350959065312,0.8427145044696364,0.0038995235116576765,0.1332947564975231,0.011743166141487241,0.05906004749419491,1.0,,,,,,
2025-12-01 15:30:00+00:00,-1.0844385458096217,0.06090301304133693,-0.6288360962210905,0.0,0.0,0.021142925439249123,0.9879131282938926,4.046546672873206,5.82553769773145,16.679749612063656,0.844776119402985,3.0,105.0,0.004448028993439754,0.0,336.0,0.0,0.033875862970638854,0.3685638323949101,0.0002500421943837901,0.007110900859594132,0.7902342243270541,-0.0027556880376606863,0.14402416917714644,0.011387322160514888,0.0609703521962941,1.0,,,,,,
2025-12-01 16:30:00+00:00,-1.2019891767640234,0.0744427833558848,-0.6152963259065426,0.0,0.0,0.020151901083915912,0.985677940925831,4.023076276621119,6.778501404878383,18.2145086101784,0.844776119402985,3.0,105.0,0.004448028993439754,0.0,336.0,0.0,0.047267354822795926,0.47477002056080014,4.8913036323843975e-05,0.007436100139487385,0.8507677352572178,-0.004059663341413167,0.15275583660083925,0.011254619363828428,0.06035710672855732,1.0,,,,,,
2025-12-01 17:30:00+00:00,-1.1564498769149043,0.07644075885724405,-0.6132983504051834,0.0,0.0,0.019235775053324432,0.9778431072932725,3.983242728290819,7.159042762374843,18.364286655269716,0.844776119402985,3.0,105.0,0.004448028993439754,0.0,336.0,0.0,0.03526000528156417,0.3842354724120209,0.00022001675681241595,0.007146601592877879,0.8011778906166158,0.006592717044906493,0.15530617805400126,0.011226315631263908,0.055989536225203196,1.0,,,,,,
2025-12-01 18:30:00+00:00,-1.1015221930355368,0.020704839391980142,-0.6690342698704473,0.0,0.0,0.018356995699157115,0.9642140063654621,3.9377801479034176,6.87584360043823,17.690196568255814,0.844776119402985,3.0,105.0,0.004448028993439754,0.0,336.0,0.0,0.04317966380672189,0.508432095838958,-1.9721006157613695e-05,0.007366230456852196,0.8392529600805967,0.005399868562125487,0.15586745777099908,0.011216900506905474,0.046759337301034876,1.0,,,,,,
2025-12-01 19:30:00+00:00,-1.1331473073933407,-0.10845343185895184,-0.7981925411213793,0.0,0.0,0.01847930400322538,0.9444962307187995,3.8913615221322453,6.277050620704694,16.789930740575656,0.844776119402985,3.0,30.0,0.005338522895423607,0.0,336.0,0.0,0.046923276452520944,0.44097138765778476,0.00011521691368528064,0.0074139232526476,0.8473197685334204,-0.003604418464544512,0.13981014151013538,0.011298963498449352,0.05046237104310469,1.0,,,,,,
2025-12-01 20:30:00+00:00,-1.112536638282386,-0.09134669693744478,-0.7810858061998722,0.0,0.0,0.01904501855227996,0.9223725342548447,3.847520201670193,5.515304635305038,15.834193658831996,0.844776119402985,3.0,30.0,0.005338522895423607,0.0,336.0,0.0,0.040594280480794456,0.4002758718555016,0.00019158213994713565,0.007264455340740646,0.8216256821501171,-0.0028762947408851325,0.1288103648328991,0.011168009258191704,0.05487541051456368,1.0,,,,,,
2025-12-02 14:30:00+00:00,-1.1316959799938042,-0.12793649865241272,-0.8176756079148402,0.0,0.0,0.019465853844998098,0.9420804671842344,3.807318722260324,4.789542312485528,14.884419288698622,0.844776119402985,3.0,30.0,0.005338522895423607,0.0,336.0,0.0,0.04148373722186438,0.4880890470189676,1.9313537787946485e-05,0.007321980269330354,0.836861328392626,-0.005516069713949356,0.1335313140249914,0.01107374863283143,0.06918523844374302,1.0,,,,,,
2025-12-02 15:30:00+00:00,-1.2068863320595993,-0.24287759000081705,-0.9326166992632445,0.0,0.0,0.02047574306526284,0.9724990720055777,3.770847520152042,4.168898187923227,13.962691822206875,0.844776119402985,3.0,30.0,0.005338522895423607,0.0,336.0,0.0,0.05136243778869105,0.4651164409413536,7.030983899831048e-05,0.007516803338558937,0.8598743890519525,-0.007949885631036047,0.11618194000045445,0.011121625737312816,0.07517005051799375,1.0,,,,,,
2025-12-02 16:30:00+00:00,-0.9862859254214369,-0.14496714795574464,-0.834706257218172,0.0,0.0,0.020914598336583236,1.004831100883723,3.7381563752061315,3.686644959580058,13.093930812146569,0.8388059701492537,3.0,30.0,0.005338522895423607,0.0,336.0,0.0,0.07390375648795804,0.3287351549882411,0.00035188626078898664,0.007924002332977907,0.8660179143763295,-0.002287873478064917,0.12786502395195054,0.011093467196350328,0.054501967153744335,1.0,,,,,,
2025-12-02 17:30:00+00:00,-1.000167558602815,-0.17937446369096943,-0.8691135729533969,0.0,0.0,0.02108425780082339,1.0386461222512353,3.710672550128102,3.3714524741239424,12.519564887657948,0.8388059701492537,3.0,30.0,0.005338522895423607,0.0,336.0,0.0,0.04789917473410851,0.5510797000284499,-0.00010087119262744233,0.007483160270210088,0.8403537515467836,-0.005991629887381222,0.13490596858531978,0.010913861739758243,0.054497334347117565,1.0,,,,,,
2025-12-02 18:30:00+00:00,-1.0344620199907515,-0.1927389112554792,-0.8824780205179066,0.0,0.0,0.021537978098152104,1.0753243642787422,3.689233952070639,3.210940364631729,11.938263986763763,0.8388059701492537,3.0,30.0,0.005338522895423607,0.0,336.0,0.0,0.030246783898104757,0.3301790583727553,0.00038574105768627724,0.006912989672817417,0.7575517755922316,-0.0038369316090363093,0.08967973104525573,0.008136945025713327,0.053559027034590034,1.0,,,,,,
2025-12-02 19:30:00+00:00,-1.0513247316045904,-0.21441419476274523,-0.9041533040251727,0.0,0.0,0.021762856419926126,1.1145995748907918,3.6725520003836847,3.1453451326385236,11.655345188307225,0.8328358208955224,3.0,30.0,0.005338522895423607,0.0,336.0,0.0,0.048150960825412835,0.5614470973223581,-3.535927909589682e-05,0.0072777132690888344,0.8373539068575935,0.0014432900998126996,0.08017287588244715,0.008073250622012421,0.05324455119859417,1.0,,,,,,
2025-12-02 20:30:00+00:00,-1.0193065698561763,-0.27622323463330306,-0.9659623438957305,0.0,0.0,0.022148479942280284,1.154499791201108,3.659444742722103,3.1445302144681495,11.391329112011533,0.8328358208955224,3.0,120.0,0.004527615379079088,0.0,336.0,0.0,0.03457861637608387,0.36727326210985894,0.0003198035676471835,0.007000440649351754,0.7916177862776776,-0.00481234724468127,0.07641124654024445,0.008124167037530359,0.053876831473617326,1.0,,,,,,
2025-12-03 14:30:00+00:00,-0.30835671879450954,0.39804582895752527,-0.29169328030490216,0.0,0.0,0.02222006915521224,1.193615990940086,3.651839940557442,3.1931202032896633,11.344079266542545,0.826865671641791,3.0,120.0,0.004527615379079088,0.0,336.0,0.0,0.9999999999999984,1.839216343570781e-16,0.002080924854882523,0.026127674484741754,4.387697663405928e-14,0.05301664325728561,0.12656995933188853,0.012240180673972926,-0.007436697011049986,0.0,,,,,,
2025-12-03 15:30:00+00:00,-0.18782351393481614,0.518798600834328,-0.17094050842809938,0.0,0.0,0.022623982510521896,1.2313330224987913,3.6497829498222996,3.277616363661803,11.32157756731253,0.844776119402985,3.0,120.0,0.004527615379079088,0.0,336.0,0.0,0.11273618739048254,0.3109009081919876,0.0005131505553390051,0.008547804212457986,0.9268756603662442,0.06541486230202453,0.13281957248812803,0.012231456254949508,-0.01139224002214867,0.0,,,,,,
2025-12-03 16:30:00+00:00,-0.02761590767141559,0.6607175528732231,-0.02902155638920434,0.0,0.0,0.023331015677225488,1.264411088905944,3.660457174915429,3.5077930812994427,12.509136787496955,0.844776119402985,3.0,120.0,0.004527615379079088,0.0,336.0,0.0,0.13930476470915137,0.38790182168788884,0.0003955950259481432,0.009077848204840686,0.9960945935960897,0.06669175522178472,0.14096303917272213,0.012264928195262932,-0.018112318450159925,0.0,,,,,,
2025-12-03 17:30:00+00:00,-0.12389696435374248,0.5671369392750036,-0.12260216998742379,0.0,0.0,0.02388665229985736,1.295329776598685,3.669628472421534,3.632200702876469,13.429645819119457,0.844776119402985,3.0,120.0,0.004527615379079088,0.0,336.0,0.0,0.047418028534801746,0.4786578161596535,0.00012162524375522549,0.00725970295596955,0.851109182743283,0.06603980328185521,0.13726723256398854,0.012309584501583006,-0.006320535355792689,0.0,,,,,,
2025-12-03 18:30:00+00:00,-0.05606726264768572,0.5960158349278483,-0.09372327433457917,0.0,0.0,0.024288764476185568,1.3207860622147496,3.690554809879552,4.483292544307525,14.701669037565182,0.844776119402985,3.0,120.0,0.004527615379079088,0.0,336.0,0.0,0.04499494853932331,0.3554001174410355,0.0003538818152680721,0.007206480042005932,0.8138924045208695,0.07004950909832575,0.1238498094856233,0.012067767551870279,-0.0033658218555223662,0.0,,,,,,
2025-12-03 19:30:00+00:00,0.005457184914709847,0.6003442228604924,-0.08939488640193505,0.0,0.0,0.0248206522613758,1.3380748460760044,3.71847802329048,4.55546514647476,16.23028167293728,0.844776119402985,3.0,120.0,0.004527615379079088,0.0,336.0,0.0,0.05007566353380891,0.493363092327058,9.651919232384689e-05,0.007313017015731108,0.8564622806294134,0.07310306360129681,0.12819911636326786,0.012033772915983293,-0.014516666234850373,0.0,,,,,,
2025-12-03 20:30:00+00:00,-0.21950176973863764,0.2798841652427208,-0.4098549440197066,0.0,0.0,0.024850734187895705,1.3453852473340424,3.7505043497279247,4.706152888772671,17.876079419132015,0.844776119402985,3.0,120.0,0.004527615379079088,0.0,336.0,0.0,0.31364850789905385,0.40478340810316954,0.0005550469066220315,0.01253549664655602,1.086611329015002,0.06173066292692164,0.1116792529376891,0.012427475119373558,0.007905231271534863,1.0,,,,,,
2025-12-04 14:30:00+00:00,-0.07454258666730353,0.3287840092417448,-0.36095510002068265,0.0,0.0,0.024977681708061597,1.3429515338313063,3.79049671046328,4.980034047029059,19.583288065211196,0.844776119402985,3.0,45.0,0.004139615509931339,0.0,336.0,0.0,0.06191381261430003,0.27931152046752705,0.0005174970070188321,0.007538756229916379,0.8034418223645136,0.011559473950858656,0.11738877040251339,0.012428682284573169,-0.004856849282081743,0.0,,,,,,
2025-12-04 15:30:00+00:00,-0.10808510701053037,0.27575179661678295,-0.4139873126456445,0.0,0.0,0.025028519046156453,1.3011741789099822,3.804229309283161,5.433555828414239,21.47718987646251,0.844776119402985,3.0,45.0,0.004139615509931339,0.0,336.0,0.0,0.05351934657999817,0.6089827570882517,-0.00012005808556489876,0.007386155917959428,0.8253124338138587,0.0035053755253056096,0.11811915496736702,0.012419113429991385,0.002142442569923908,1.0,,,,,,
2025-12-04 16:30:00+00:00,0.002466165237537929,0.27376920766194834,-0.4159699016004791,0.0,0.0,0.02504983964809426,1.228270254863382,3.8098790340247524,5.987244537133113,23.336396746034126,0.844776119402985,3.0,45.0,0.004139615509931339,0.0,336.0,0.0,0.027373239918314977,0.2682005128316304,0.0005007090750177946,0.006853408820193355,0.6982624268538241,-0.004046775015162485,0.1157013641992597,0.012419050187485268,0.0007903843430714375,1.0,,,,,,
2025-12-04 17:30:00+00:00,-0.06108015915386254,0.199824182357484,-0.4899149269049434,0.0,0.0,0.024914703159708937,1.152458661215359,3.8114146318203073,6.595451775133779,25.03094844296411,0.844776119402985,3.0,45.0,0.004139615509931339,0.0,336.0,0.0,0.057084687647144,0.6461972244329877,-0.0001870672647214455,0.007458413727542104,0.8061127408341592,-0.004058637169270796,0.12114950374511269,0.012301849419009709,0.004283682423885882,1.0,,,,,,
2025-12-04 18:30:00+00:00,-0.22490185841336005,0.0015701156392840963,-0.6881689936231433,0.0,0.0,0.024967087790862038,1.0804440794796872,3.802373738882851,7.192513781048543,26.407218652396722,0.844776119402985,3.0,45.0,0.004139615509931339,0.0,336.0,0.0,0.09600255483864262,0.3415184092564331,0.00043640342971625144,0.008217290863552017,0.9155333104623435,-0.01945324018825456,0.0770112695367291,0.01138847383321568,0.009547742132675285,1.0,,,,,,
2025-12-04 19:30:00+00:00,-0.26426157185160154,-0.05943484357642087,-0.7491739528388484,0.0,0.0,0.02461936026366471,1.0050833354097082,3.78804923110894,7.804973191955694,27.4323749979539,0.844776119402985,3.0,45.0,0.004139615509931339,0.0,336.0,0.0,0.04895962618817371,0.5348758946291156,1.617225553051649e-05,0.0072926316176073445,0.8472231114537284,-0.02408398265800482,0.05287264671876235,0.010868142140829451,0.005478253403825573,1.0,,,,,,
2025-12-04 20:30:00+00:00,-0.19859558022172621,0.0173174330680029,-0.6724216761944245,0.0,0.0,0.024252928595377258,0.9334922904586971,3.7648131621112673,8.438735893424969,28.108596234301626,0.844776119402985,3.0,45.0,0.004139615509931339,0.0,336.0,0.0,0.055917853868696396,0.27634899923921324,0.00051655299427228,0.0074197421463281805,0.786344952248851,-0.0020429051676766896,0.06016779243108816,0.010908247754629005,-0.012345769602486456,0.0,,,,,,
2025-12-05 14:30:00+00:00,-0.054025145466421134,0.1683759787531419,-0.5213631305092855,0.0,0.0,0.023644664384571714,0.8635047546978395,3.7337607555360774,9.072791089481395,28.19298966388166,0.8388059701492537,3.0,45.0,0.004139615509931339,0.0,336.0,0.0,0.2939158482781661,0.34327790769032296,0.0006505829304658386,0.012141648129170263,1.0947708874193083,0.0046091212355987565,0.06756869224145134,0.01105381109758107,-0.030519337442715955,0.0,,,,,,
2025-12-05 15:30:00+00:00,-0.08816428046508616,0.15692733914749676,-0.5328117701149306,0.0,0.0,0.023023248933867337,0.7968214003373751,3.6949178413276007,9.708671386547628,28.63655591195277,0.8388059701492537,3.0,55.0,0.004204694884997186,0.0,336.0,0.0,0.04662659216918751,0.41523023636454076,0.00024164352341229036,0.00724134588353714,0.841342784661689,0.006249812690663603,0.06446447684929701,0.011057922592850978,-0.03081819589424928,0.0,,,,,,
2025-12-05 16:30:00+00:00,-0.28624425864051933,-0.040675430078827284,-0.7304145393412547,0.0,0.0,0.022542871824393095,0.7351455063252704,3.6483900214337495,10.254701659015742,28.491835243335974,0.8328358208955224,3.0,55.0,0.004204694884997186,0.0,336.0,0.0,0.19116388548428004,0.5139886532183731,0.00021228310990037256,0.010111422403069743,1.01848799741443,-0.008143013052877901,0.04815443033426625,0.011302669846278987,-0.027632357664348017,0.0,,,,,,
2025-12-05 17:30:00+00:00,-0.37094279942392916,-0.10101310254076888,-0.7907522118031963,0.0,0.0,0.02257427170590648,0.6927237815129392,3.5931114570556133,10.585067171373352,28.61799266657608,0.8328358208955224,3.0,55.0,0.004204694884997186,0.0,336.0,0.0,0.03576538782152275,0.329670674332631,0.00039277567725138187,0.0070223928303874816,0.7735597755009184,-0.007483831765466853,0.055098421504642836,0.011171431417538862,-0.021629895383172393,0.0,,,,,,
2025-12-05 18:30:00+00:00,-0.36013780530671113,-0.12340886421972717,-0.8131479734821546,0.0,0.0,0.022745316079311097,0.6786606691452983,3.534950107976039,10.638961635193816,28.103755781048978,0.826865671641791,3.0,55.0,0.004204694884997186,0.0,336.0,0.0,0.048180477239706386,0.5589670797497956,-3.0600110585902074e-05,0.007278194357617778,0.8383036020715878,0.0029627581245188495,0.05512196398767921,0.011171304726493558,-0.006624086049910272,0.0,,,,,,
2025-12-05 19:30:00+00:00,-0.4047491493061279,-0.14740348760917973,-0.8371425968716072,0.0,0.0,0.022983965633304307,0.6924106108036132,3.4784654699311943,10.381525153683764,27.92298910641197,0.826865671641791,3.0,55.0,0.004204694884997186,0.0,336.0,0.0,0.030452599032433556,0.3430600630706805,0.00036141705441974285,0.0069176116951914874,0.7663127397562676,0.004225470255302177,0.05108342283386236,0.011174420614344765,0.009639978042950581,1.0,,,,,,
2025-12-05 20:30:00+00:00,-0.44991716242437946,-0.19339303374812178,-0.8831321430105492,0.0,0.0,0.023355315242708095,0.7306231416161284,3.424228996964552,9.926201221009558,27.219185368812244,0.826865671641791,3.0,55.0,0.004204694884997186,0.0,336.0,0.0,0.050394784816163024,0.5719588761583564,-5.292767476658258e-05,0.007322646016330223,0.8378705324264144,-0.005810926285627627,0.046188189488050924,0.011196055301039528,0.02024842509766067,1.0,,,,,,
2025-12-08 14:30:00+00:00,-0.5064406549946154,-0.26355331461128273,-0.9532924238737102,0.0,0.0,0.02392649677581221,0.8002838142236939,3.3771269162026614,9.332457711759622,26.943074696452204,0.8208955223880597,3.0,55.0,0.004204694884997186,0.0,336.0,0.0,0.03927761637084253,0.3717693793826051,0.00031639913247363957,0.007093802668759703,0.8068014929057268,-0.0236052921975074,0.04006387653228627,0.011245752429159385,0.07092028818775464,1.0,,,,,,
2025-12-08 15:30:00+00:00,-0.507026174694482,-0.25321104790520765,-0.9429501571676351,0.0,0.0,0.024391473880371932,0.899163453047887,3.341748476003636,8.64737871191844,26.195203130885602,0.8208955223880597,3.0,55.0,0.004204694884997186,0.0,336.0,0.0,0.04779442262845118,0.48392867212545937,0.00011199309770973142,0.007267387608644072,0.8518590882779905,-0.021147428238117882,0.04607273664883982,0.011215209254726993,0.06862621804261382,1.0,,,,,,
2025-12-08 16:30:00+00:00,-0.48976391028835053,-0.23211387155129976,-0.9218529808137272,0.0,0.0,0.024724660120171736,1.027417814550154,3.318715075755872,7.8891369537700164,25.903187675492845,0.8149253731343283,3.0,60.0,0.0038901355274241025,0.0,336.0,0.0,0.03932070618825528,0.3684555928207618,0.000322762320632242,0.007094517872770322,0.8053696826806349,-0.00592253038211954,0.04629156329355988,0.011216096200425718,0.07639814396539046,1.0,,,,,,
2025-12-08 17:30:00+00:00,-0.401983418232683,-0.14868523740654266,-0.83842434666897,0.0,0.0,0.024815940492907567,1.1637732070314426,3.3017666294052095,7.15863963871131,25.223318411413864,0.8149253731343283,3.0,60.0,0.0038901355274241025,0.0,336.0,0.0,0.10779495065940332,0.38956703567666856,0.0003577877870768378,0.008453132232196455,0.9531254224038038,0.0052219335789449595,0.0537276380386813,0.01128847588423126,0.07069734904998715,1.0,,,,,,
2025-12-08 18:30:00+00:00,-0.3068129758400604,-0.07612453311064998,-0.7658636423730774,0.0,0.0,0.024759150314351573,1.2932810032017898,3.2871324128267916,6.516437398975338,25.05210150894091,0.808955223880597,3.0,60.0,0.0038901355274241025,0.0,336.0,0.0,0.07942275033393606,0.36518555221111293,0.0003730722387799289,0.007889535717016286,0.8956606987251186,0.013124660208213346,0.06284675563376707,0.011317429628429009,0.06071716427639373,1.0,,,,,,
2025-12-08 19:30:00+00:00,-0.44248054290321465,-0.18305330153655197,-0.8727924107989794,0.0,0.0,0.024686259026792643,1.368280745074907,3.267853666884958,5.986617911916733,24.550859253736675,0.808955223880597,3.0,60.0,0.0038901355274241025,0.0,336.0,0.0,0.0968372204243297,0.5638544688451866,1.3565112498885146e-05,0.008243179954355941,0.9158937831495421,0.005341846167852271,0.06002968746625914,0.011382580584077515,0.06664751348780884,1.0,,,,,,
2025-12-08 20:30:00+00:00,-0.3542148891798114,-0.11183508676567815,-0.8015741960281055,0.0,0.0,0.024551988105432108,1.3879786778763747,3.1992615718939077,5.594213303641687,24.548681468494173,0.8029850746268656,3.0,60.0,0.0038901355274241025,0.0,336.0,0.0,0.05445782565550045,0.23194985255287998,0.000599569647429984,0.00738892731492375,0.7382202645135183,0.01575906272483918,0.06482354695377524,0.011425826915832455,0.06151087536526001,1.0,,,,,,
2025-12-09 14:30:00+00:00,-0.4199178246294968,-0.19141462095678322,-0.8811537302192106,0.0,0.0,0.02446769248835856,1.3998960400598444,3.1188501037584264,5.317012098841462,24.243936379053995,0.8029850746268656,3.0,60.0,0.0038901355274241025,0.0,336.0,0.0,0.08362953951493944,0.6834317465946285,-0.00022885713518540677,0.007986316920941204,0.8070354800548989,0.0141393216798269,0.059719267926062525,0.011501424301942344,0.08004271431842458,1.0,,,,,,
2025-12-09 15:30:00+00:00,-0.3593411761187501,-0.14925634004066654,-0.838995449303094,0.0,0.0,0.02414649575121774,1.406142671704355,3.0552866815072033,5.160955499558513,24.402142329860794,0.7970149253731343,3.0,60.0,0.0038901355274241025,0.0,336.0,0.0,0.0269355363100958,0.17299577878005407,0.0006816810082147855,0.00684073088502049,0.5793338586304416,0.017040058117378187,0.07106268039725405,0.011433192688477343,0.054493716419731,1.0,,,,,,
2025-12-09 16:30:00+00:00,-0.4447342345782314,-0.1496604539031908,-0.8393995631656183,0.0,0.0,0.0240290944674679,1.414463616144963,3.014906741459268,5.160779266093578,24.332610423150474,0.7970149253731343,3.0,60.0,0.0038901355274241025,0.0,336.0,0.0,0.06278584805415569,0.7102334467183615,-0.0003028491327418692,0.007574147827071044,0.753394898919697,0.014855927778068878,0.06343536454969367,0.011380434347401274,0.048225021257254586,1.0,,,,,,
2025-12-09 17:30:00+00:00,-0.4945696707471585,-0.155598987468067,-0.8453380967304944,0.0,0.0,0.023861330221753435,1.4324259609273329,3.0050359889475335,5.2937332011454306,24.717218763864732,0.7910447761194029,3.0,70.0,0.003490416630229839,0.0,336.0,0.0,0.01907469834467172,0.1947050718198412,0.0006316646324404636,0.00668577574926112,0.5832145336160315,0.006545580610407775,0.0662648485364703,0.011360620443129098,0.0542921571852073,1.0,,,,,,
2025-12-09 18:30:00+00:00,-0.6340686509532144,-0.22980814092207816,-0.9195472501845056,0.0,0.0,0.02379785862694434,1.457522671346559,3.0292615685710764,5.5500564236453815,24.902548543964897,0.7910447761194029,3.0,70.0,0.003490416630229839,0.0,336.0,0.0,0.07823879117565051,0.7300263691351381,-0.0003235881118889259,0.007881384746894564,0.7457497029410968,-0.00653967620005691,0.06014401104274647,0.01142990494554997,0.04879014362053491,1.0,,,,,,
2025-12-09 19:30:00+00:00,-0.79557023161543,-0.3093466479226954,-0.9990857571851228,0.0,0.0,0.023866554757943886,1.4390768305797923,3.015244630238819,5.823687451093692,25.403209114495713,0.7850746268656716,3.0,70.0,0.003490416630229839,0.0,336.0,0.0,0.029406547056061192,0.22024369574236952,0.000594346018177454,0.006891711438214892,0.6524488953598764,-0.004089063019328876,0.054497334347117565,0.011501485195162673,0.04821545196872368,1.0,,,,,,
2025-12-09 20:30:00+00:00,-0.952741269303542,-0.42324199662709394,-1.1129811058895214,0.0,0.0,0.024116254976821027,1.3848168492099944,3.0023469028674667,5.906191173123675,25.530650867141457,0.7850746268656716,3.0,70.0,0.003490416630229839,0.0,336.0,0.0,0.16142800714962902,0.6733469050858205,-0.0001241253500084296,0.009528504355501469,0.8581796340901182,-0.02229390604169801,0.0473419881567585,0.011654237235887197,0.05939244764198115,1.0,,,,,,
2025-12-10 14:30:00+00:00,-1.0844879566339687,-0.4811524816735554,-1.170891590935983,0.0,0.0,0.024087945853267987,1.325351728398564,2.9859010984785823,6.082510373550011,25.892612672400386,0.7791044776119403,3.0,70.0,0.003490416630229839,0.0,336.0,0.0,0.03171954206965065,0.22392427460632122,0.0005898734014853159,0.006937728788459804,0.6643098472890223,-0.021053366925035455,-0.014350742256258542,0.0066964572578891305,0.06382997845460503,1.0,,,,,,
2025-12-10 15:30:00+00:00,-1.1377024334780919,-0.4920877767209479,-1.1818268859833754,0.0,0.0,0.02361298696220266,1.27371042014657,2.9619720577277877,6.174926735190855,25.943987079923758,0.7791044776119403,3.0,70.0,0.003490416630229839,0.0,336.0,0.0,0.05702540727483307,0.6664758374442301,-0.00022578192546202034,0.007458090089906873,0.7892116866268252,-0.026710825773509583,-0.021063007678280066,0.006595477777747125,0.06103278804512735,1.0,,,,,,
2025-12-10 16:30:00+00:00,-1.1353819997688657,-0.5650872416856205,-1.254826350948048,0.0,0.0,0.022889771032993524,1.2310534520492875,2.9305323951856708,6.195027445526429,26.112536045987554,0.7731343283582089,3.0,70.0,0.003490416630229839,0.0,336.0,0.0,0.06065662101715461,0.3142412537674941,0.00044954175494318996,0.00751529546560061,0.8274537935141024,-0.036565755060297356,-0.0398221457323884,0.006495607155025909,0.06671768884802631,1.0,,,,,,
2025-12-10 17:30:00+00:00,-1.1106291066651222,-0.5454336668907429,-1.2351727761531703,0.0,0.0,0.02192571176457278,1.2021998728443277,2.891002439709201,6.146522929173034,26.02258922786066,0.7731343283582089,3.0,70.0,0.003490416630229839,0.0,336.0,0.0,0.05878967375398111,0.5105844327124335,7.327447268124896e-05,0.007486524361677463,0.8726210301936039,-0.03339740957252513,-0.03317236431791004,0.006539019701887905,0.056305089265790365,1.0,,,,,,
2025-12-10 18:30:00+00:00,-0.9744977101946279,-0.4491902348287391,-1.1389293440911665,0.0,0.0,0.020009764596403454,1.1821121733874564,2.846140373421995,6.064981619850283,26.028161475769327,0.7671641791044777,3.0,75.0,0.0030512231055293887,0.0,336.0,0.0,0.27851025239195826,0.17703089489516782,0.0009505043777920122,0.011829198306993048,0.9935473385923068,-0.013209070058066708,-0.023114568113645984,0.006990453849584003,0.04153705839660082,1.0,,,,,,
2025-12-10 19:30:00+00:00,-0.8855036929108936,-0.33619712590875533,-1.0259362351711827,0.0,0.0,0.017624360271846665,1.1615087629445087,2.7999399196977452,5.990153510267754,25.87564656304901,0.7671641791044777,3.0,75.0,0.0030512231055293887,0.0,336.0,0.0,0.5354377580734254,0.20903571384897085,0.0011719030337677611,0.01692497727622384,1.0103132422524324,0.008387194894427186,-0.010218534359752063,0.007488046977622183,0.027606420910419427,1.0,,,,,,
2025-12-10 20:30:00+00:00,-0.7986060058046928,-0.27265544036214345,-0.9623945496245709,0.0,0.0,0.01655251024063298,1.1434008230273607,2.7515275630661735,5.9193246317426365,25.81839854608737,0.7611940298507462,3.0,75.0,0.0030512231055293887,0.0,336.0,0.0,0.11053447495539173,0.3196631798789629,0.0004940303536302237,0.008504516060685738,0.9285103296941333,0.0267832684145195,0.012394593644356355,0.007173409984165537,0.018638216982674205,1.0,,,,,,
2025-12-11 14:30:00+00:00,-0.3293015313667407,0.1549042160511944,-0.534834893211233,0.0,0.0,0.01837547762687852,1.135103036585233,2.698600466732911,5.861446467713132,25.62954868011128,0.7611940298507462,3.0,75.0,0.0030512231055293887,0.0,336.0,0.0,0.999999999540621,7.593126512765815e-11,0.002080924854232887,0.026127674475636273,1.054251098290225e-08,0.0778343334329632,0.051924117225846,0.010475429023615108,-0.01846213533030827,0.0,,,,,,
2025-12-11 15:30:00+00:00,-0.4050150223523848,0.14351365729698418,-0.5462254519654433,0.0,0.0,0.0203861486151844,1.1429232120523622,2.6434559049883855,5.799852598680518,25.512647417756412,0.755223880597015,3.0,75.0,0.0030512231055293887,0.0,336.0,0.0,0.0756331875294951,0.38761669622231076,0.0003261549412551121,0.007815337351051197,0.8966115740668853,0.07829698569874521,0.05372860249515954,0.010463203837868638,-0.014221308897361062,0.0,,,,,,
2025-12-11 16:30:00+00:00,-0.017944775134078585,0.27353193740896564,-0.4162071718534618,0.0,0.0,0.02315723600348429,1.169817601319815,2.587359387692914,5.733991855500167,25.277645917136244,0.755223880597015,3.0,75.0,0.0030512231055293887,0.0,336.0,0.0,0.1494294126612138,0.32252192908983435,0.0005313324914374044,0.009275856477361047,0.9862100931613352,0.09810797124761894,0.06233260053039302,0.010578332943119769,-0.029753514887806976,0.0,,,,,,
2025-12-11 17:30:00+00:00,-0.12433965486961668,0.2977247581213873,-0.3920143511410401,0.0,0.0,0.025942191001890977,1.2190488360177154,2.5286360810312067,5.643724251863147,25.140987538954622,0.7492537313432835,3.0,75.0,0.0030512231055293887,0.0,336.0,0.0,0.05480271618293351,0.46594209927808916,0.00015397719072308296,0.007405594612152202,0.8674878485216679,0.0975491780121045,0.06843545086346525,0.010548603579965381,-0.03270546224010884,0.0,,,,,,
2025-12-11 18:30:00+00:00,-0.1975119649656321,0.24160748268754587,-0.4481316265748816,0.0,0.0,0.02825107878758567,1.3029001998515826,2.4847448327445845,5.492771258642177,24.869751885753544,0.7492537313432835,3.0,75.0,0.0030512231055293887,0.0,336.0,0.0,0.04006077533782036,0.44312556233803974,0.000181260436476066,0.007112328650763168,0.8306853590683104,0.08046591053451735,0.07680458260912593,0.010341347919056127,-0.0212717708721728,0.0,,,,,,
2025-12-11 19:30:00+00:00,-0.2026712941775115,0.1843992598843566,-0.5053398493780709,0.0,0.0,0.02998255228794703,1.4113735695726994,2.531514888552789,5.2922394707628335,24.732092757683695,0.7432835820895523,3.0,85.0,0.0029516435003992137,0.0,336.0,0.0,0.03532848303401779,0.4430380695238032,0.00022389175089768855,0.00714703785666341,0.8182564540594851,0.06234938161271053,0.07621482991096329,0.010348957969860028,-0.012592208523426685,0.0,,,,,,
2025-12-11 20:30:00+00:00,-0.17138561938934252,0.20164099796077245,-0.488098111301655,0.0,0.0,0.031521677255057154,1.5298957832973379,2.5715311910106924,5.040224295485186,24.425564910272595,0.7432835820895523,3.0,85.0,0.0029516435003992137,0.0,336.0,0.0,0.03777663499430361,0.418914836703976,0.00027548041065626077,0.0071927603844561955,0.8197118526853089,0.05702151299243852,0.07145901180447156,0.010310906628737876,-0.015026698007460038,0.0,,,,,,
2025-12-12 14:30:00+00:00,-0.03338480233413432,0.3422701443715075,-0.34746896489091994,0.0,0.0,0.03334994402284283,1.6399712002456615,2.6048545084798436,4.76048134943438,24.30155796675585,0.7373134328358208,3.0,85.0,0.0029516435003992137,0.0,336.0,0.0,0.16549525890885133,0.3153321722251506,0.0007592923810106985,0.009815860971776247,1.0019563390943196,0.023261747810496836,0.07057674380074408,0.010284704311852855,-0.0040844104239701196,0.0,,,,,,
2025-12-12 15:30:00+00:00,-0.35698276423265,0.057335975678908975,-0.6324031335835184,0.0,0.0,0.034004583547313144,1.7081658963975317,2.635688813947696,4.474919581308232,23.938473268399544,0.7373134328358208,3.0,85.0,0.0029516435003992137,0.0,336.0,0.0,0.800603707025831,0.1589358562201377,0.002479538151716216,0.022933645800167737,0.600143165871836,0.002907556494495367,0.0503863462989913,0.01095498936378035,-0.00013013237019565693,0.0,,,,,,
2025-12-12 16:30:00+00:00,-0.4144338762361332,-0.03799526823827739,-0.7277343775007048,0.0,0.0,0.03430215275562522,1.7100836332630334,2.6722930216868113,4.216059884838907,23.863513291245717,0.7313432835820896,3.0,85.0,0.0029516435003992137,0.0,336.0,0.0,0.0778720863728044,0.3721740221710754,0.00045455169508657183,0.008013317370332725,0.8954664809280527,-0.013317194930067,0.057158418653203924,0.0107642276985941,0.01595948369079636,1.0,,,,,,
2025-12-12 17:30:00+00:00,-0.4590069139603899,0.028491064693248868,-0.6612480445691785,0.0,0.0,0.034586725450089235,1.6861014577898796,2.7132452741353226,4.00921563499976,23.523258073698923,0.7313432835820896,3.0,85.0,0.0029516435003992137,0.0,336.0,0.0,0.06551058655535906,0.4160304573720183,0.0003430593195330215,0.007766400814429715,0.8839821292274953,-0.00985961125437207,0.06605967137456004,0.010774356239432008,0.003828169358717659,1.0,,,,,,
2025-12-12 18:30:00+00:00,-0.5934042758818916,-0.10907458727495177,-0.7988136965373792,0.0,0.0,0.034511673785619444,1.6803669543872746,2.760088422433276,3.8436122816857203,23.537952210934886,0.7253731343283583,3.0,85.0,0.0029516435003992137,0.0,336.0,0.0,0.12990227101026922,0.5439703255857928,0.00024261243823056115,0.009125978609166445,0.9617441477915429,-0.018466696855915732,0.055375127628691345,0.010991921079813954,0.017937703974491015,1.0,,,,,,
2025-12-12 19:30:00+00:00,-0.6564652528003936,-0.19877817349548305,-0.8885172827579104,0.0,0.0,0.034284672043505535,1.6901898452349695,2.8110027037967553,3.7299620086066394,23.245935374515366,0.7253731343283583,3.0,85.0,0.0029516435003992137,0.0,336.0,0.0,0.04730487514802612,0.37729344756721017,0.00037636011274857394,0.007381474181804861,0.8301108681025953,-0.02252112453841404,0.04946823511724707,0.011074531496711464,0.021672388764554018,1.0,,,,,,
2025-12-12 20:30:00+00:00,-0.5525150264078299,-0.20134337522503137,-0.8910824844874587,0.0,0.0,0.03394334047832587,1.705440149120627,2.864518958703599,3.6742711960770627,23.362312469625888,0.7194029850746269,3.0,95.0,0.0030469399770592614,0.0,336.0,0.0,0.04015164884798616,0.49610461206867495,0.0001332523052306866,0.007257827812642626,0.8331963553924409,-0.024412333764976868,0.05285760432512232,0.011051951827692114,0.015594196081804679,1.0,,,,,,
2025-12-15 14:30:00+00:00,-0.6004511794009417,-0.21854026503532378,-0.9082793742977512,0.0,0.0,0.03340398297826785,1.7276371288623493,2.918888572671797,3.6774395757009537,23.152180175855634,0.7194029850746269,3.0,95.0,0.0030469399770592614,0.0,336.0,0.0,0.031691529225283455,0.4049253038537969,0.0002886026599580071,0.0070638873590043675,0.7987302506499995,-0.037266102788855004,0.056915933209396474,0.01100362496838367,0.044534752101859976,1.0,,,,,,
2025-12-15 15:30:00+00:00,-0.6254851058594953,-0.25914236974361293,-0.9488814790060404,0.0,0.0,0.03289172946129908,1.7567257835022736,2.973631489301764,3.7382235119016407,23.36780591156073,0.7134328358208956,3.0,95.0,0.0030469399770592614,0.0,336.0,0.0,0.04203554132763133,0.5208472879669307,9.017427201054803e-05,0.007301928242723758,0.8347066203855974,-0.02017175414811323,0.051362020388995955,0.011033715221811978,0.055154997735591405,1.0,,,,,,
2025-12-15 16:30:00+00:00,-0.49210557737647154,-0.29980082834338606,-0.9895399376058135,0.0,0.0,0.032472723510012146,1.795464803525592,3.027854718461825,3.8489606197359914,23.26078405698305,0.7134328358208956,3.0,95.0,0.0030469399770592614,0.0,336.0,0.0,0.03389563997543834,0.40889777605060124,0.00028594210652588265,0.007110341584850625,0.8062570884092607,-0.01807308746952563,0.045007861565797835,0.011060432381997063,0.04994918228032397,1.0,,,,,,
2025-12-15 17:30:00+00:00,-0.5829866868097213,-0.36907919521658544,-1.058818304479013,0.0,0.0,0.03237695623007593,1.8435938805321472,3.0808648586165566,3.9876317261340715,23.55609272729905,0.7074626865671642,3.0,95.0,0.0030469399770592614,0.0,336.0,0.0,0.05922697174475635,0.5494531882937487,7.396856997599805e-05,0.007663768200297962,0.8635758422990062,-0.031384477491942064,0.029453260303673012,0.011059203600029899,0.06109017036817166,1.0,,,,,,
2025-12-15 18:30:00+00:00,-0.5535909591284841,-0.3776476170413365,-1.067386726303764,0.0,0.0,0.03243928189739934,1.8785760230690305,3.1342380563980132,4.12046818002604,23.478188351374875,0.7074626865671642,3.0,95.0,0.0030469399770592614,0.0,336.0,0.0,0.02775055196283601,0.3401736746537872,0.00040355161647290114,0.006968957376217824,0.7562429998479823,-0.020462155282000793,0.021788312138477206,0.011000326676373703,0.0588247324677047,1.0,,,,,,
2025-12-15 19:30:00+00:00,-0.527391982944241,-0.3709078711450095,-1.060646980407437,0.0,0.0,0.032342900570719015,1.8718711726740818,3.1885702502036852,4.251380363468847,23.781590004577822,0.7014925373134329,3.0,95.0,0.0030469399770592614,0.0,336.0,0.0,0.0441397287814938,0.5324861769679808,7.263625413625738e-05,0.007347891977310828,0.8371949510671068,-0.012221836163877065,0.03190455278551774,0.010883757779053602,0.05790839075450904,1.0,,,,,,
2025-12-15 20:30:00+00:00,-0.54113098396148,-0.38625667436719513,-1.0759957836296226,0.0,0.0,0.032426181877722955,1.8564666563450738,3.24261227975909,4.330204277215168,23.70131832261465,0.7014925373134329,3.0,95.0,0.0030469399770592614,0.0,336.0,0.0,0.02936540329612364,0.3721699841844977,0.00034600665883145277,0.007008980725220796,0.7786983218857044,-0.013970962244787444,0.023127579355495698,0.010824208731803477,0.05765894367541202,1.0,,,,,,
2025-12-16 14:30:00+00:00,-0.47352928195491006,-0.31961841070534563,-1.0093575199677731,0.0,0.0,0.03228040067189646,1.8325053992742808,3.2966786341900636,4.3640180961213,23.972118757021427,0.6955223880597015,3.0,100.0,0.0028958918535273476,0.0,336.0,0.0,0.09165312661362751,0.41220477955763285,0.0004088760497037669,0.008306897104156968,0.9320803138101087,-0.0044577803519501025,0.03831883117761947,0.010831316095221973,0.09405133537648513,1.0,,,,,,
2025-12-16 15:30:00+00:00,-0.4705224274062165,-0.290471153816986,-0.9802102630794134,0.0,0.0,0.03219440853951148,1.8079202758409976,3.3512200275007014,4.3240017087495515,23.850803045790645,0.6955223880597015,3.0,100.0,0.0028958918535273476,0.0,336.0,0.0,0.04544924449997317,0.4006749302616001,0.0003275152582685821,0.007347867149953072,0.8341880831020487,0.0030428887562568008,0.03736485102787457,0.010821891423615152,0.09416525095424166,1.0,,,,,,
2025-12-16 16:30:00+00:00,-0.6475371059966291,-0.3398113124784167,-1.0295504217408442,0.0,0.0,0.032188611373413716,1.7845792899235093,3.405987450873477,4.207401686675032,24.05788969042023,0.6895522388059702,3.0,100.0,0.0028958918535273476,0.0,336.0,0.0,0.0480647369506829,0.5337043891047435,7.909146984514255e-05,0.007429410487693673,0.8455873327204367,0.0016367675117856528,0.03178870129951461,0.010867043597929298,0.1087781392433178,1.0,,,,,,
2025-12-16 17:30:00+00:00,-0.6072848238287589,-0.34474845955480815,-1.0344875688172355,0.0,0.0,0.032197135186857316,1.770675946611917,3.4610770665391386,3.9817815604981255,23.862793966753973,0.6895522388059702,3.0,100.0,0.0028958918535273476,0.0,336.0,0.0,0.028789887185055617,0.3552226252703105,0.00037711246708820945,0.006993575331010586,0.7682615229733694,0.008538626506205294,0.03144630619947053,0.010867520062158638,0.11285362133592436,1.0,,,,,,
2025-12-16 18:30:00+00:00,-0.5494721297581793,-0.272660706560054,-0.9623998158224814,0.0,0.0,0.032001546433540556,1.7698775903352315,3.515969948868356,3.6406208221586414,23.969793737660904,0.6835820895522388,3.0,100.0,0.0028958918535273476,0.0,336.0,0.0,0.09937472503865433,0.423317314158803,0.00040491528663621134,0.008469061534488833,0.9463535126492157,0.017657081265743724,0.04598506960427784,0.010888081225531707,0.10337065785190447,1.0,,,,,,
2025-12-16 19:30:00+00:00,-0.5078735470195048,-0.2224282771502554,-0.9121673864126828,0.0,0.0,0.03160858721999082,1.7877355297597004,3.5706139395005327,3.222726712728693,23.6691556912629,0.6835820895522388,3.0,100.0,0.0028958918535273476,0.0,336.0,0.0,0.054063652973662744,0.3673664330185632,0.00041046036202372824,0.0075193715021563065,0.8422059043917385,0.02215075217886442,0.05814436798371103,0.010837537396768186,0.10161639006938783,1.0,,,,,,
2025-12-16 20:30:00+00:00,-0.5497698327529877,-0.2267586692522225,-0.91649777851465,0.0,0.0,0.030909140085847192,1.825185235403713,3.624274256541936,2.7541280572603277,23.733227548955384,0.6776119402985075,3.0,100.0,0.0028958918535273476,0.0,336.0,0.0,0.040615864061316606,0.5083162338800314,0.00011094946461319396,0.007269953674327171,0.83318181603329,0.023356598002304274,0.06877808339949798,0.01063294039617347,0.09567135330379051,1.0,,,,,,
2025-12-17 14:30:00+00:00,-0.40419870713180583,-0.007413932896330571,-0.697153042158758,0.0,0.0,0.03002167929936642,1.8903498665437346,3.674227009079504,2.233502702338812,23.40022617652225,0.6776119402985075,3.0,100.0,0.0028958918535273476,0.0,336.0,0.0,0.9240602215057911,0.019302691478724543,0.0030227201164532386,0.0254610765766503,0.3117882876621019,0.03763947271683499,0.09701167081948991,0.01112476941069626,0.10349078013390667,1.0,,,,,,
2025-12-17 15:30:00+00:00,-0.5848096104935412,-0.17167100908475558,-0.861410118347183,0.0,0.0,0.02895155863895161,1.9288168274194442,3.7149961709569546,1.7569888286892525,23.56655207604323,0.6716417910447762,3.0,110.0,0.002810736682474213,0.0,336.0,0.0,0.5875013437727764,0.27015972108936953,0.0017900408824303342,0.0185442394320975,0.9435437042178934,0.016998733021660772,0.08107440982304492,0.011577985540089186,0.12253668605788715,1.0,,,,,,
2025-12-17 16:30:00+00:00,-0.1784085394518589,-0.06617578397308928,-0.7559148932355167,0.0,0.0,0.02730682040621029,1.985310237252828,3.756801382873636,1.3719647593053237,23.35082624509161,0.6716417910447762,3.0,110.0,0.002810736682474213,0.0,336.0,0.0,0.1453446565278861,0.22057853293576443,0.0008953127856609371,0.009379131966503789,0.9025993747695293,0.03239580364853634,0.1007502600083483,0.011486449099920585,0.11794722247042522,1.0,,,,,,
2025-12-17 17:30:00+00:00,-0.19227108474015306,-0.12515753255431775,-0.8148966418167451,0.0,0.0,0.02576832826637499,1.978851845306818,3.7946662579531707,1.10169779823682,23.777638858823746,0.6656716417910448,3.0,110.0,0.002810736682474213,0.0,336.0,0.0,0.06739603583184235,0.6549510115526755,-0.00010940202686335835,0.007854630343943436,0.8147302522716029,0.02667402034445443,0.09151773611645009,0.011572044592432114,0.12270024320336992,1.0,,,,,,
2025-12-17 18:30:00+00:00,-0.1548257138224059,-0.10268819501532718,-0.7924273042777547,0.0,0.0,0.024925679594379104,1.8843243172972592,3.8301804246043596,0.9369008185930519,23.788153426425954,0.6597014925373135,3.0,110.0,0.002810736682474213,0.0,336.0,0.0,0.022277911267423803,0.21893185513606866,0.0006230501234390346,0.0068306834381434665,0.6267538727486798,0.020742777990748085,0.07993691765309263,0.011384848486900674,0.12123386767478195,1.0,,,,,,
2025-12-17 19:30:00+00:00,-0.18225860269028984,-0.13834750069896526,-0.8280866099613927,0.0,0.0,0.02468501280980775,1.72161947169546,3.8677190240188035,0.8602345123989276,24.303526588268948,0.6597014925373135,3.0,110.0,0.002810736682474213,0.0,336.0,0.0,0.0549977291856502,0.7003633042798872,-0.00022395069053527102,0.007607272032827903,0.7534022999327317,0.011743472749566664,0.06150064583885051,0.011181552871872471,0.13427406569829747,1.0,,,,,,
2025-12-17 20:30:00+00:00,-0.23960114509348562,-0.19987104388426466,-0.8896101531466921,0.0,0.0,0.024752978074573304,1.5179722202087615,3.9078390720011065,0.8468657531230656,24.349371767707716,0.6537313432835821,3.0,110.0,0.002810736682474213,0.0,336.0,0.0,0.0261764173359931,0.2567118670985666,0.0005595605769094775,0.006919180891659886,0.6828916183778939,0.006208560324287848,0.04820337530926633,0.011193653718519587,0.13672767757248172,1.0,,,,,,
2025-12-18 14:30:00+00:00,0.029906963049596304,0.06498701395939875,-0.6247520953030287,0.0,0.0,0.02415247032826882,1.3105760892644194,3.950935156727427,0.8669987232948259,24.741199990606837,0.6537313432835821,3.0,110.0,0.002810736682474213,0.0,336.0,0.0,0.9979324832320229,0.001036063474748473,0.00322295376260652,0.02698684838244261,0.016278628924496732,0.01135305973697509,0.030530397123501807,0.00938597397653389,0.10417698152928478,1.0,,,,,,
2025-12-18 15:30:00+00:00,0.07382414334534664,0.13253594955419642,-0.557203159708231,0.0,0.0,0.02359328850392969,1.121032443923486,3.9958229024166245,0.8839229560450244,24.6613334847865,0.6477611940298508,3.0,110.0,0.002810736682474213,0.0,336.0,0.0,0.11749697184232523,0.288208833718826,0.0007037218232561858,0.008816467152601133,0.9194125242812684,0.03511337595767383,0.03789080008197354,0.009448105938792925,0.09770067243331804,1.0,,,,,,
2025-12-18 16:30:00+00:00,-0.04375120043633976,0.031773386930817105,-0.6579657223316103,0.0,0.0,0.02233410116304895,1.134533316423651,4.048774424324884,0.8363856185303465,24.6174066857913,0.6477611940298508,3.0,120.0,0.0028751707404219462,0.0,336.0,0.0,0.09405805749381305,0.6218108520144165,1.360993333212311e-05,0.008399847024322792,0.8753005497294547,0.015916611120001978,0.01855889988073134,0.009431598262411875,0.10941417611936055,1.0,,,,,,
2025-12-18 17:30:00+00:00,-0.07789246750585115,0.06984036226130426,-0.6198987470011231,0.0,0.0,0.020820366372675047,1.1819236796478383,4.098703635661568,0.7448931197124514,24.447394100330932,0.6417910447761194,3.0,120.0,0.0028751707404219462,0.0,336.0,0.0,0.027521377871312654,0.22211109591619385,0.0006287075316480484,0.006939904518903271,0.6485616379764868,0.025877523517511936,0.019846081621857525,0.009444694387952608,0.10625985730493692,1.0,,,,,,
2025-12-18 18:30:00+00:00,-0.12837476971624506,0.0359572236241998,-0.6537818856382276,0.0,0.0,0.019367000522237103,1.2262426757283573,4.153432911970238,0.6001650309393052,24.514834796344,0.6417910447761194,3.0,120.0,0.0028751707404219462,0.0,336.0,0.0,0.05359212345047018,0.6909766920361214,-0.00020915439920885366,0.0075762362228536375,0.7608615059485162,0.02042487321121289,0.019895880329788174,0.009444217053375477,0.10681825304032344,1.0,,,,,,
2025-12-18 19:30:00+00:00,-0.22032176612977322,0.03312894722805904,-0.6566101620343684,0.0,0.0,0.018056850211482126,1.2167421711265434,4.206637983213354,0.44622650774101064,24.243604995774106,0.6358208955223881,3.0,120.0,0.0028751707404219462,0.0,336.0,0.0,0.018381322991383543,0.2137547824250352,0.000624225607600024,0.00674893827876078,0.6060929637819614,0.02401416582607796,0.02316543005221794,0.009427625883754747,0.1062615654996244,1.0,,,,,,
2025-12-18 20:30:00+00:00,-0.3002397310717013,0.010712817079736304,-0.6790262921826912,0.0,0.0,0.016564905077445458,1.1862503443799801,4.258599188468274,0.3010841845977823,24.116357210653817,0.6358208955223881,3.0,120.0,0.0028751707404219462,0.0,336.0,0.0,0.052524519433510504,0.6948633391155588,-0.00021897265039810387,0.00755493159076112,0.7552893499517844,0.0280937853488199,0.01927564766564771,0.009427739701458495,0.10732999536325227,1.0,,,,,,
2025-12-19 14:30:00+00:00,0.1084589093840039,0.47491599807406837,-0.21482311118835906,0.0,0.0,0.015896658381773964,1.1438615117732704,4.307135016529917,0.19097791649282625,23.69660633228959,0.6298507462686567,3.0,120.0,0.0028751707404219462,0.0,336.0,0.0,0.9999999951971128,6.924204402931943e-10,0.003229560997887022,0.02702944311435174,9.877860896296911e-08,0.045058802922675056,0.05232745223568003,0.011930110972333645,0.05518376445457829,1.0,,,,,,
2025-12-19 15:30:00+00:00,0.20842178910613407,0.7827786522575791,0.09303954299515171,1.0,1.0,0.016981991300346957,1.118242786692495,4.348980116910339,0.12836551837665625,23.32979691724723,0.6298507462686567,3.0,120.0,0.0028751707404219462,0.0,336.0,0.0,0.08257592843488694,0.3225805854325199,0.000559872951448151,0.008100500157023852,0.879911428277157,0.04205314197490706,0.07703638556238523,0.011314332883718352,0.05176718250872492,1.0,1.0,,,,,
2025-12-19 16:30:00+00:00,0.12007552293399848,1.0483111515215224,0.358572042259095,1.0,2.0,0.018742773199766923,1.1934309727960508,4.38504491617459,0.10513712649480532,22.765710089273828,0.6238805970149254,3.0,120.0,0.0028751707404219462,0.0,336.0,0.0,0.12522196224375964,0.4097569427147608,0.000488678381371599,0.009001439282380558,0.9818049641970958,0.06046572447477949,0.09234181928557783,0.011304569689514002,0.04287734035035795,1.0,1.0,,,,,
2025-12-19 17:30:00+00:00,0.27248888906994406,1.0735532181819383,0.38381410891951084,1.0,3.0,0.02022140005850152,1.2801877275781206,4.415247209945369,0.1128888177157503,22.23002800581167,0.6238805970149254,3.0,125.0,0.004206546897257538,0.0,336.0,0.0,0.04571089047703874,0.38587069033295074,0.00035639811581692084,0.0073502365266374685,0.8295818768511818,0.06030207747395799,0.09000777035018759,0.011287215924680323,0.05493808576126824,1.0,1.0,,,,,
2025-12-19 18:30:00+00:00,0.21395776990152546,0.8919096253415804,0.20217051607915293,1.0,4.0,0.021493086475796504,1.3817001121734203,4.437541842156545,0.19350011846942242,23.730454274695838,0.2,3.0,125.0,0.004206546897257538,0.0,336.0,0.0,0.03931096844323796,0.5024855859056648,0.00011917414472639269,0.007241735211456525,0.8306261104135202,0.06220300664994349,0.1005655838356474,0.011048487586653897,0.05201403245048253,1.0,1.0,,,,,
2025-12-19 19:30:00+00:00,0.16840980329793098,0.9793713014848009,0.28963219222237346,1.0,5.0,0.02260772769844221,1.4951184434833307,4.448784832397245,0.40134119124724454,23.189292804877145,0.19402985074626866,3.0,125.0,0.004206546897257538,0.0,336.0,0.0,0.037518914926621565,0.34566529534574825,0.0004149152967555061,0.007172342990542232,0.7884020988625349,0.0658587514937432,0.11154530608437518,0.010923786101537976,0.05188971988529678,1.0,1.0,,,,,
2025-12-19 20:30:00+00:00,0.03846459182032936,0.6171350851121127,-0.07260402415031475,0.0,0.0,0.023113301425171495,1.612021102848756,4.448397467330183,0.7613406641756489,24.772680528891357,0.19402985074626866,3.0,125.0,0.004206546897257538,0.0,336.0,0.0,0.0585293186477158,0.5970885743938732,-1.864458130871353e-05,0.007659130823120153,0.8411445326074509,0.06136900763068276,0.10505698906130734,0.01102270243347495,0.053666491211263434,1.0,,,,,,
2025-12-22 14:30:00+00:00,0.3897797365922782,1.4285278150107612,0.7387887057483338,1.0,1.0,0.02471996519181603,1.716500390131988,4.43150391940787,1.2627008331622838,23.970806802727626,0.1880597014925373,3.0,125.0,0.004206546897257538,0.0,336.0,0.0,0.9991124938322795,0.00015909124264876004,0.003227270773986856,0.027011100063188485,0.007541064823222804,0.04707891747425652,0.13667247249879155,0.011952516458473426,0.022270942721053455,1.0,0.0,,,,,
2025-12-22 15:30:00+00:00,0.4017495227206101,1.5067115794641786,0.8169724702017511,1.0,2.0,0.02580520667514666,1.8063029905814112,4.397301190220146,1.836623533912168,25.181717515096036,0.1880597014925373,3.0,125.0,0.004206546897257538,0.0,336.0,0.0,0.07312186994444114,0.3411463095021785,0.0005032286332937821,0.007908575391108594,0.8714472794016211,0.045370168125306254,0.14257830783580472,0.011889917295026396,0.022581889032261326,1.0,0.0,,,,,
2025-12-22 16:30:00+00:00,0.2747131015058987,1.49714571725326,0.8074066079908326,1.0,3.0,0.026572130025525106,1.8366878094076182,4.361537639731901,2.390482658535976,24.17334640196812,0.18208955223880596,3.0,125.0,0.004206546897257538,0.0,336.0,0.0,0.06423115339227374,0.4546798910358872,0.00026632025844450127,0.007747867513108352,0.886707185642316,0.04156488687564375,0.1519797936307472,0.01182258894648702,0.01766667556283119,1.0,0.0,,,,,
2025-12-22 17:30:00+00:00,0.14843603133424374,1.303000320460679,0.6132612111982516,1.0,4.0,0.02661416125863362,1.8970165140839008,4.330986550811846,2.874449789990007,25.238383776522998,0.18208955223880596,3.0,125.0,0.004206546897257538,0.0,336.0,0.0,0.034484402841647784,0.42986865096359717,0.00024717525933741084,0.007126849652097147,0.813438831068787,0.03652064221189999,0.15791289005402964,0.01170175984499392,0.004682972084664172,1.0,1.0,,,,,
2025-12-22 18:30:00+00:00,0.17097763899042584,1.175566929910423,0.48582782064799557,1.0,5.0,0.026293760640575696,1.9553019097974187,4.308348338718945,3.2859976126787105,24.035948889875346,0.1761194029850746,3.0,75.0,-0.001638429091125476,0.0,336.0,0.0,0.03705653037751834,0.443067648939455,0.0002277023964374847,0.007182823342996126,0.8228691090136471,0.038605987813625564,0.15963372693127376,0.011684897336625654,0.0035576240802441816,1.0,1.0,,,,,
2025-12-22 19:30:00+00:00,0.22437468343873826,1.3489451164752702,0.6592060072128427,1.0,6.0,0.025960083102987884,2.0044441598596143,4.292248543217872,3.542846915454369,25.083453154549158,0.1761194029850746,3.0,75.0,-0.001638429091125476,0.0,336.0,0.0,0.1035719229346281,0.33021688084982015,0.0005922634636213177,0.00853679659078757,0.9227845663670975,0.04440114837847631,0.16816829062672856,0.011708990107060785,-0.005210331757262487,0.0,1.0,,,,,
2025-12-22 20:30:00+00:00,-0.0716151374844613,1.1717542629482813,0.4820151536858539,1.0,7.0,0.025151296210634416,2.0228899168605134,4.276931472031739,3.6351222784894595,24.18044004500809,0.1701492537313433,3.0,75.0,-0.001638429091125476,1.0,280.0,-1.2552183037744766,0.0484526857792158,0.5049486714906584,0.0001982419056029653,0.007282189905159848,0.8517059869980134,0.04726488459297906,0.16629283589907384,0.011741047867399788,-0.0001862075068594926,0.0,1.0,,,,,
2025-12-23 14:30:00+00:00,-0.3264990293364509,0.9566523834336793,0.2669132741712519,1.0,8.0,0.024452526162938526,1.9198073092786414,4.259272608406866,3.682140476940121,25.54512438953724,0.1701492537313433,3.0,75.0,-0.001638429091125476,1.0,280.0,-1.2552183037744766,0.04235115228418339,0.42318398035089955,0.0003144971238546222,0.007148484302851685,0.8326569991633996,0.012039261132353207,0.15316951398309486,0.011822286730708441,0.004756825977451751,1.0,1.0,,,,,
2025-12-23 15:30:00+00:00,-0.2941236458296108,0.9413121720903885,0.2515730628279611,1.0,9.0,0.02382955593067673,1.8351029804306842,4.248988324938033,3.847049889123285,24.685876500246902,0.16417910447761194,3.0,75.0,-0.001638429091125476,1.0,280.0,-1.2552183037744766,0.04051477713419482,0.4500697446995973,0.0002652299829405993,0.007115939317336985,0.832804690392331,0.010277362333104723,0.14981278141265264,0.011837024155284197,0.003779658684309073,1.0,1.0,,,,,
2025-12-23 16:30:00+00:00,-0.2336448995162308,0.9592060628842536,0.26946695362182616,1.0,10.0,0.022931122432607986,1.853965875330638,4.256451670868226,4.127420604536875,25.511627508577096,0.16417910447761194,3.0,75.0,-0.001638429091125476,1.0,280.0,-1.2552183037744766,0.04253525684436094,0.40366771238917776,0.00034695904404250113,0.007149233047921777,0.8277645103098157,0.007383564768937312,0.15772659088789887,0.011733885730092949,0.0015817465159564392,1.0,1.0,,,,,
2025-12-23 17:30:00+00:00,-0.06782070144961834,0.954416482105399,0.26467737284297155,1.0,11.0,0.022022507599083804,1.811263570183839,4.2536546789293155,4.659841254949528,25.123253470826874,0.1582089552238806,3.0,75.0,-0.001638429091125476,1.0,280.0,-1.2552183037744766,0.04259829576583742,0.4641060790233029,0.00024824948334055923,0.0071595212573787054,0.8392907862298343,0.009437137619078939,0.1588114011669033,0.011723652994317414,0.010453907775612059,1.0,1.0,,,,,
2025-12-23 18:30:00+00:00,-0.27064916465889677,0.9069240602794909,0.21718495101706348,1.0,12.0,0.021700852424983534,1.8173330898027138,4.276017434189366,5.12480639793109,26.062235841703504,0.1582089552238806,3.0,75.0,-0.001638429091125476,1.0,286.0,-1.359969472960716,0.0383791035373264,0.4394412498161931,0.00027648465107677286,0.007071828274081371,0.8257391692936698,0.006009258576754384,0.14798590424228442,0.011747988283891888,0.017153121540629535,1.0,1.0,,,,,
2025-12-23 19:30:00+00:00,-0.19785309056963005,0.8843727805105128,0.1946336712480854,1.0,13.0,0.02181692894305174,1.8259503506617276,4.308482110952954,5.586710916650077,25.20616370890348,0.15223880597014924,3.0,85.0,-0.0012768851569311679,1.0,286.0,-1.359969472960716,0.038829431859868285,0.44481420634817465,0.00026898711502698283,0.007081597613395879,0.8277736894599865,-0.003998334372595114,0.14201920407526902,0.01176432390205375,0.017272817810825902,1.0,1.0,,,,,
2025-12-23 20:30:00+00:00,-0.29494910181500367,0.8594644923570324,0.16972538309460494,1.0,14.0,0.022177456226555637,1.8349588199868394,4.349001587353053,6.028563734168624,26.151061922207695,0.15223880597014924,3.0,85.0,-0.0012768851569311679,1.0,286.0,-1.359969472960716,0.03841529264982575,0.4430081405358986,0.00027075239427852533,0.0070730819250824474,0.8264220433316462,-0.001303896860409548,0.14163234103636002,0.01176832571343131,0.01865068019027394,1.0,1.0,,,,,
2025-12-24 14:30:00+00:00,-0.45167265050912525,0.7494894916479342,0.059750382385506784,1.0,15.0,0.02365332386809368,1.8447763949946399,4.398097707138838,6.471004357476597,23.385707603426184,0.15223880597014924,3.0,85.0,-0.0012768851569311679,1.0,286.0,-1.359969472960716,0.06636787381821885,0.5043572922012638,0.00025068099918563926,0.007638803448258929,0.8882629341213246,-0.00393441415203144,0.11159562711422844,0.011441545388403876,0.023377657029889143,1.0,1.0,,,,,
2025-12-24 15:30:00+00:00,-0.5027793191354619,0.738455515088053,0.04871640582562553,1.0,16.0,0.024934386304046995,1.856749383474873,4.451299564433494,6.896933284613971,18.50313232226659,0.15223880597014924,3.0,85.0,-0.0012768851569311679,1.0,286.0,-1.359969472960716,0.033916099432706924,0.3648502726081596,0.0003857096683031319,0.006971818932841481,0.7885251009253218,-0.0038803479496860582,0.1289337004413058,0.010932514643346871,0.02188921208216721,1.0,1.0,,,,,
2025-12-24 16:30:00+00:00,-0.4431621578664142,0.732055697170826,0.04231658790839854,1.0,17.0,0.026484170737695028,1.8689366368950961,4.505442901366588,7.277299337565408,14.099772156173628,0.15223880597014924,3.0,85.0,-0.0012768851569311679,1.0,290.0,-1.4530570117863137,0.04546927715146639,0.50882615183655,0.00018332596004972583,0.007223368009728842,0.8444939388853344,-0.006071111294223108,0.11925967594513942,0.010874356394375962,0.01874768851356512,1.0,1.0,,,,,
2025-12-26 14:30:00+00:00,-0.39496329330258534,0.90356174282268,0.21382263356025255,1.0,18.0,0.02718567084783754,1.8813023496807513,4.5590221891710865,7.565992656723088,10.49375759066562,0.15223880597014924,3.0,85.0,-0.0012768851569311679,1.0,290.0,-1.4530570117863137,0.4406380238051574,0.1556713053344491,0.0018965109442070415,0.015038627936145903,1.0168570900342349,0.008980305930289312,0.14111768675273817,0.010974723290737306,-0.014108240498334368,0.0,1.0,,,,,
2025-12-26 15:30:00+00:00,-0.5144730617138185,0.8521896675204764,0.162450558258049,1.0,19.0,0.02818878265394862,1.8860418629333988,4.610389517845665,7.746671192399263,10.312424519638077,0.5522388059701493,3.0,85.0,-0.0012768851569311679,1.0,290.0,-1.4530570117863137,0.06688271831495692,0.5643970724077902,0.00015392168086814708,0.007658027800043243,0.8716174096897291,0.00739878606010258,0.1346419123116389,0.01104754467055262,-0.009852344650194578,0.0,1.0,,,,,
2025-12-26 16:30:00+00:00,-0.5232464692552532,0.8810333412698037,0.19129423200737627,1.0,20.0,0.0290022342155809,1.8944789658639938,4.658513578397879,7.813113987819935,10.361026388788833,0.5462686567164179,3.0,85.0,-0.0012768851569311679,1.0,290.0,-1.4530570117863137,0.03489720706746231,0.28502337741169836,0.0005191430938718217,0.006979422502227849,0.7370507896956339,0.011486905879415588,0.14176263720511795,0.010983746474161914,-0.014566288970987884,0.0,1.0,,,,,
2025-12-26 17:30:00+00:00,-0.67030095078111,0.8166569421531807,0.1269178328907533,1.0,21.0,0.029930142120805955,1.9105937612716524,4.702777108855479,7.787206269686179,10.493158560661447,0.5462686567164179,3.0,30.0,0.003119955113225551,1.0,290.0,-1.4530570117863137,0.059561692016196405,0.6290623289412688,2.7081098614459643e-05,0.007521926675653328,0.8228935001589139,0.00770550347869392,0.1431292841907661,0.010951443205652866,-0.020083752816928424,0.0,1.0,,,,,
2025-12-26 18:30:00+00:00,-0.5958031785623705,0.7887696821401261,0.09903057287769867,1.0,22.0,0.03124700411553422,1.92960184035437,4.742583458861958,7.679370668615628,10.599453764543489,0.5402985074626866,3.0,30.0,0.003119955113225551,1.0,296.0,-1.572802615628864,0.02464236822157241,0.27278611497895877,0.0005097031915486289,0.0067734136587695075,0.6936387182014737,0.014166095740731688,0.11440866311798503,0.010148045324396277,-0.01981368666129857,0.0,1.0,,,,,
2025-12-26 19:30:00+00:00,-0.6433187622269555,0.8055063735683912,0.11576726430596374,1.0,23.0,0.03237333726956755,1.9501641730831418,4.779112606592017,7.5376161143169815,10.78404432323053,0.5402985074626866,3.0,30.0,0.003119955113225551,1.0,296.0,-1.572802615628864,0.05935980047706198,0.5837003059214068,0.00010072345934701082,0.007511127126555944,0.8496007561061811,0.016184874648842662,0.11000519913247464,0.010123092715126509,-0.0265477973188748,0.0,1.0,,,,,
2025-12-26 20:30:00+00:00,-0.3064775607710906,0.8032769492220642,0.11353783995963673,1.0,24.0,0.033460331216532274,1.9729222082013225,4.813804896060434,7.241463388022218,10.913289365374112,0.5343283582089552,3.0,30.0,0.003119955113225551,1.0,296.0,-1.572802615628864,0.027991527951893008,0.2972229147769488,0.0004793414726612096,0.006843749702259962,0.7261399684852372,0.016354222088116988,0.11969728691325443,0.009923418886597125,-0.020861231853910756,0.0,1.0,,,,,
2025-12-29 14:30:00+00:00,-0.7703474591292905,0.6311620208492709,-0.058577088413156564,0.0,0.0,0.03517318532541745,2.0000213979548156,4.845070561067495,7.430485710716137,11.130977779324837,0.5343283582089552,3.0,30.0,0.003119955113225551,1.0,296.0,-1.572802615628864,0.29237288876726536,0.5387280068857876,0.0008437694871756338,0.012143833232248746,0.9931448025027859,-0.013734471464704079,0.10150569177052216,0.01033535682812322,0.035342667041445175,1.0,,,,,,
2025-12-29 15:30:00+00:00,-1.121152581666215,0.613058321403729,-0.07668078785869847,0.0,0.0,0.036778267629419895,2.031481118885801,4.873291711849158,7.697277908735308,11.28237682601366,0.5283582089552239,3.0,30.0,0.003119955113225551,1.0,296.0,-1.572802615628864,0.029629527987087574,0.24237396260878216,0.0005737926942726335,0.006868165568032729,0.6788850739931237,-0.009850420556612782,0.10436661854381324,0.010302773232616677,0.03775918601548067,1.0,,,,,,
2025-12-29 16:30:00+00:00,-1.0466480072544848,0.6140968174767347,-0.0756422917856927,0.0,0.0,0.038226430867897586,2.0720895922710096,4.892168898858063,8.095748983437405,11.559680195833462,0.5283582089552239,3.0,30.0,0.003119955113225551,1.0,300.0,-1.6553440808204534,0.05692640468782648,0.6299877767923808,1.799551243200272e-05,0.007469594871735959,0.817819418789153,-0.012698903264082961,0.10504956811495703,0.01029881812380628,0.041836422752155045,1.0,,,,,,
2025-12-29 17:30:00+00:00,-1.2955819829680135,0.6233792867744307,-0.06635982248799677,0.0,0.0,0.03949146393707662,2.122277174341117,4.903605359372223,8.62530706726821,11.761626898213654,0.5223880597014925,3.0,30.0,0.003119955113225551,1.0,300.0,-1.6553440808204534,0.025285145569969948,0.25209777420478047,0.0005454006806529275,0.006783119671791063,0.6751230791516805,-0.006587814125143865,0.10844768471680233,0.01027259360588204,0.03745754947902391,1.0,,,,,,
2025-12-29 18:30:00+00:00,-1.4599421850433891,0.6165600251693131,-0.07317908409311435,0.0,0.0,0.04001561652426375,2.182267912726331,4.907642662843917,9.293956568820475,12.100913914201188,0.5223880597014925,3.0,240.0,0.00502350117172487,1.0,300.0,-1.6553440808204534,0.05471729319721756,0.6299794458447906,1.1662227114101412e-05,0.007425608917597204,0.8140080682498378,-0.005474855611248497,0.06387500458406148,0.007233771697879577,0.04262552436030509,1.0,,,,,,
2025-12-29 19:30:00+00:00,-1.5603625037848639,0.603179883929203,-0.08655922533322447,0.0,0.0,0.04032165798701997,2.257483724120507,4.9049469869049656,10.072889245211025,12.323771895236309,0.5164179104477612,3.0,240.0,0.00502350117172487,1.0,300.0,-1.6553440808204534,0.02440966326092827,0.269615930559851,0.0005142217457539359,0.006768306553046925,0.6898320865959505,-0.008524868014847531,0.05942718914272005,0.007227088713104068,0.050292164883464,1.0,,,,,,
2025-12-29 20:30:00+00:00,-1.6698943463820142,0.6002850681283917,-0.08945404113403577,0.0,0.0,0.04016815848868685,2.301532864131995,4.903218627265476,10.878942742059902,12.701718468793343,0.5164179104477612,3.0,240.0,0.00502350117172487,1.0,300.0,-1.6553440808204534,0.05379410392390394,0.6080315039416477,4.492158433254531e-05,0.007403947355277463,0.8263777377166897,-0.00870136427793744,0.0505301981605375,0.007087875985312542,0.050488766957693,1.0,,,,,,
2025-12-30 14:30:00+00:00,-1.462653629356417,0.6915122902138479,0.0017731809514204278,1.0,1.0,0.039477546035574504,2.3643027231286102,4.893577259474659,11.624423155514052,12.936709354443538,0.5164179104477612,3.0,240.0,0.00502350117172487,1.0,306.0,-1.837385576388977,0.07919602457248606,0.20912337803154218,0.0007706057521381698,0.007850094061721989,0.7701314313471808,0.015208073310026826,0.05641168760659099,0.007225804920101631,0.09417166541920974,1.0,1.0,,,,,
2025-12-30 15:30:00+00:00,-1.2557777115319333,0.7314975381178741,0.04175842885544667,1.0,2.0,0.038697185409597136,2.378566350133201,4.890417725351473,12.27749494813999,13.31318477615111,0.5104477611940299,3.0,240.0,0.00502350117172487,1.0,306.0,-1.837385576388977,0.07748987796757971,0.6019007955622584,0.00012303224641153503,0.00787482786194427,0.8684546265181371,0.019604756037139737,0.06176836793100948,0.007234644862928509,0.0898699576519224,1.0,1.0,,,,,
2025-12-30 16:30:00+00:00,-1.421454100324418,0.7221072982008584,0.032368188938430964,1.0,3.0,0.03777073447764894,2.361821233909983,4.893367149964208,12.90079396180862,13.537515124120642,0.5104477611940299,3.0,240.0,0.00502350117172487,1.0,306.0,-1.837385576388977,0.02627758805817768,0.281632169817359,0.0004999271584830675,0.006807293971340729,0.7072124801248606,0.018484815195493276,0.057675631816707096,0.0072259046631922294,0.100209931764212,1.0,1.0,,,,,
2025-12-30 17:30:00+00:00,-1.3083093622123967,0.7198433810048402,0.030104271742412814,1.0,4.0,0.03712091537194221,2.3378260031719167,4.900358320339117,13.485792683880465,13.859255856114409,0.5044776119402985,3.0,240.0,0.00502350117172487,1.0,306.0,-1.837385576388977,0.05298411522537338,0.5932462750378629,6.678637464137719e-05,0.007385610216039174,0.83302107526896,0.017532990836723883,0.06461166792284345,0.007108733612680191,0.10837684487977395,1.0,1.0,,,,,
2025-12-30 18:30:00+00:00,-1.462695051844738,0.6816538110413263,-0.008085298221101156,0.0,0.0,0.035111989399856075,2.3139245524806062,4.910432554912549,13.982017877552588,14.056292198202119,0.5044776119402985,3.0,240.0,0.00502350117172487,1.0,306.0,-1.837385576388977,0.029177095953784857,0.3218384586016146,0.00044247115313466543,0.006871034076916134,0.7485789058902957,0.014686416900405952,0.03148250401021091,0.0050565889641157585,0.10809841438920165,1.0,,,,,,
2025-12-30 19:30:00+00:00,-1.71107113377175,0.6612489226277327,-0.028490186634694714,0.0,0.0,0.03301978506514875,2.2965252605292887,4.921949565087003,14.346207618651935,14.346207618651935,0.49850746268656715,3.0,40.0,0.0015721332348288953,1.0,310.0,-1.9667375219234697,0.04838470899277874,0.567602880164512,9.553031570381376e-05,0.007290200692707166,0.8355196916833313,0.014229205448172078,0.028286226465585873,0.005052980703165538,0.1196976184745,1.0,,,,,,
2025-12-30 20:30:00+00:00,-1.0721001370011913,0.6254372225534379,-0.06430188670898951,0.0,0.0,0.030641826352751582,2.28683794650647,4.933121892224733,14.545023051207684,14.545023051207684,0.49850746268656715,3.0,40.0,0.0015721332348288953,1.0,310.0,-1.9667375219234697,0.030852456539162628,0.3452371574539947,0.000408999068918471,0.006907888641340353,0.7688181736787385,0.011094830703385572,0.020060141988279323,0.004994314060130585,0.1221460019238938,1.0,,,,,,
2025-12-31 14:30:00+00:00,-1.196411487955957,0.442628912520239,-0.24711019674218843,0.0,0.0,0.028792721851804523,2.2216948395056564,4.955204386290873,14.601251074374787,14.834667359476443,0.4925373134328358,3.0,40.0,0.0015721332348288953,1.0,310.0,-1.9667375219234697,0.5005294880110925,0.37480440268761034,0.001710032174916922,0.01626385366036515,0.9737948346281486,-0.015581842343657115,0.004309203051033883,0.005766988758312074,0.17531285541459152,1.0,,,,,,
2025-12-31 15:30:00+00:00,-1.2388467318693346,0.431527173475473,-0.25821193578695445,0.0,0.0,0.026874074198166197,2.2278090904719017,4.960553343595355,14.419042535199853,15.084580907753628,0.4925373134328358,3.0,40.0,0.0015721332348288953,1.0,310.0,-1.9667375219234697,0.04106128953034962,0.29155873140881444,0.0005261595917100759,0.007103129777801715,0.7603317117799977,-0.019606680130721532,0.003555699986662386,0.005763098967388503,0.1808259631478859,1.0,,,,,,
2025-12-31 16:30:00+00:00,-1.2106507740611903,0.4171562582699677,-0.2725828509924597,0.0,0.0,0.02422072368608311,2.251210101615569,4.957260313526339,14.034819142225198,15.481143814755086,0.48656716417910445,3.0,40.0,0.0015721332348288953,1.0,310.0,-1.9667375219234697,0.05081364047574919,0.5921001489775787,6.242578221271521e-05,0.007342223488235699,0.8294309186595228,-0.0203522009023982,-0.00707771746416741,0.005496079975173117,0.1872935473256967,1.0,,,,,,
2025-12-31 17:30:00+00:00,-1.3636044819896869,0.3191013960124951,-0.37063771324993233,0.0,0.0,0.022148341915279843,2.291170457520725,4.941197495618592,13.516354291072439,15.864587360893283,0.48656716417910445,3.0,40.0,0.0015721332348288953,1.0,316.0,-1.9024619894608197,0.07833299728006007,0.3820975058033656,0.0004851018883859081,0.007858763248452139,0.9000111434639714,-0.031028929528508442,-0.013682146198644052,0.005703503583275357,0.1787310743326822,1.0,,,,,,
2025-12-31 18:30:00+00:00,-1.398199324957491,0.3029437790702317,-0.38679533019219575,0.0,0.0,0.020504638723945073,2.3451597909014326,4.914744879075724,12.973463928004202,16.40531113100312,0.48059701492537316,3.0,40.0,0.0015721332348288953,1.0,316.0,-1.9024619894608197,0.04314435432873668,0.4850861108386066,0.00021549032303773397,0.007173529262427866,0.8409605761816933,-0.029025247950456023,-0.00958200507259832,0.0056590294502446604,0.17973814690905687,1.0,,,,,,
2025-12-31 19:30:00+00:00,-1.477135574260252,0.2620032703737875,-0.4277358388886399,0.0,0.0,0.019049469996658488,2.4051888528304053,4.8789069380812045,12.505246327788491,16.88684336387317,0.48059701492537316,3.0,40.0,0.0015721332348288953,1.0,316.0,-1.9024619894608197,0.041355850801555495,0.4373493450162307,0.00028845985745187434,0.007130784408466644,0.8330307901975491,-0.032252134752199346,-0.014243270619718196,0.0056857646390698745,0.18658630318140323,1.0,,,,,,
2025-12-31 20:30:00+00:00,-1.2086832209745528,0.31121281920085025,-0.3785262900615772,0.0,0.0,0.01721748632340818,2.4489982748051613,4.83256246880341,12.118046643621875,17.495815752721406,0.4746268656716418,3.0,45.0,0.0005895894301217643,1.0,316.0,-1.9024619894608197,0.06569860661580189,0.37596345323733854,0.0004588391682636475,0.007606288309440904,0.8720616404920529,-0.023254698279358887,-0.010578121060016876,0.005785660124390906,0.1792426027080718,1.0,,,,,,
2026-01-02 14:30:00+00:00,-0.8266317898236238,0.6478243953743696,-0.041914713888057786,0.0,0.0,0.01607804019964861,2.4388231250801264,4.7945624139516445,11.692091416455114,17.95496824327754,0.4746268656716418,3.0,45.0,0.0005895894301217643,1.0,316.0,-1.9024619894608197,0.9999999887445078,3.95290483477297e-09,0.0037583061814123312,0.026152587128663418,2.2455376191486143e-07,0.035716436075075464,0.030588501507030408,0.009261765675630529,0.12346920750758361,1.0,,,,,,
2026-01-02 15:30:00+00:00,-0.8328663094153915,0.6741038941669278,-0.01563521509549959,0.0,0.0,0.015830733636206226,2.4079160854178423,4.769406851583067,11.16497360797298,18.434873357832,0.46865671641791046,3.0,45.0,0.0005895894301217643,1.0,320.0,-2.074529439862753,0.07601874230207065,0.393182606082085,0.0004603151863839599,0.007814341840545433,0.8991050427823477,0.03776111010906247,0.03530755151897047,0.009254138423058715,0.11732318538228981,1.0,,,,,,
2026-01-02 16:30:00+00:00,-0.813409869975913,0.7154865357518723,0.025747426489444836,1.0,1.0,0.016479716513454368,2.3933456740956394,4.7581378407325055,11.11756835568616,18.760691362721406,0.46865671641791046,3.0,45.0,0.0005895894301217643,1.0,320.0,-2.074529439862753,0.059094126674763,0.41584634351457606,0.00037460675881332233,0.0074807500928273,0.8703012968111066,0.04370380845905997,0.04062442536748767,0.009281792492880392,0.11242090430774265,1.0,1.0,,,,,
2026-01-02 17:30:00+00:00,-0.9334327876537595,0.6814774135235199,-0.00826169573890756,0.0,0.0,0.017350383678588682,2.403845324489615,4.757123250574226,10.354088229567653,19.0999405431267,0.4626865671641791,3.0,45.0,0.0005895894301217643,1.0,320.0,-2.074529439862753,0.04284206469422426,0.48075818035645657,0.0002217032873971176,0.007166863649171318,0.8403149154742492,0.05095348817080847,0.038575238832573966,0.009297594032851703,0.11394983445011686,1.0,,,,,,
2026-01-02 18:30:00+00:00,-0.8538598111431496,0.7241449763144472,0.034405867052019756,1.0,1.0,0.0189910298226086,2.4614018691534647,4.766817023341053,9.549143794438258,19.264912276130506,0.4626865671641791,3.0,45.0,0.0005895894301217643,1.0,320.0,-2.074529439862753,0.05074643445457605,0.35081610200311114,0.0004570273217529261,0.007304823266058565,0.8260058963615924,0.05696435541035516,0.05131676448978828,0.009215751735723861,0.10991542936253662,1.0,0.0,,,,,
2026-01-02 19:30:00+00:00,-0.9352944479380353,0.7871466985779894,0.09740758931556193,1.0,2.0,0.021069500598969837,2.6017816295011444,4.773430856332667,8.756036252589881,19.63190475257522,0.844776119402985,3.0,45.0,0.0005895894301217643,1.0,320.0,-2.074529439862753,0.08876478071828699,0.43746155946000054,0.00042448509460712893,0.008074740856760644,0.9305670484211409,0.06831509418749127,0.05795217151745913,0.009272644709709564,0.09882071230807554,1.0,0.0,,,,,
2026-01-02 20:30:00+00:00,-0.5178624719428467,0.7874797713071117,0.09774066204468423,1.0,3.0,0.022974682946601845,2.7323674170131644,4.81111365247948,8.01533664111654,19.710245484363487,0.844776119402985,3.0,45.0,0.0005895894301217643,1.0,320.0,-2.069720935599664,0.03924666575495951,0.41368656125399617,0.0003211176385700183,0.0070852526739698385,0.8221975632971334,0.06264863453366631,0.058141624767872546,0.009272268237965769,0.10313051485522173,1.0,0.0,,,,,
2026-01-05 14:30:00+00:00,0.4177729778399388,1.3123065741142628,0.6225674648518353,1.0,4.0,0.029033431937303948,2.7451904741194526,4.87143197534419,7.259763912632864,19.781740669485895,0.8388059701492537,3.0,55.0,0.00016033970719158243,1.0,320.0,-2.069720935599664,0.9999999999999726,1.008375425216489e-14,0.0037583062202178105,0.026152587352175544,7.825187249582502e-13,0.07403707168779139,0.09564526726453249,0.0125926798345121,0.009918008001605472,1.0,0.0,,,,,
2026-01-05 15:30:00+00:00,0.36748810719858493,1.2876008006256048,0.5978616913631773,1.0,5.0,0.03372166214500195,2.7073121293214046,4.906412070670332,6.532052132366231,19.70736210717134,0.8388059701492537,3.0,55.0,0.00016033970719158243,1.0,320.0,-2.069720935599664,0.06984338191017055,0.4166130388539138,0.00040423556198098385,0.0076948886760650455,0.8929093829412587,0.07171552767358147,0.09962429313244936,0.012552575093456456,0.01189918226029718,1.0,0.0,,,,,
2026-01-05 16:30:00+00:00,0.5314710394892971,1.385465482710294,0.6957263734478665,1.0,6.0,0.038231985828196494,2.6602678754439064,4.94060559885195,5.895050542882905,19.6341070002244,0.8328358208955224,3.0,55.0,0.00016033970719158243,1.0,320.0,-2.069720935599664,0.13571786463666724,0.33031858499695776,0.0007346941175368667,0.008993590872789515,0.9719692606001558,0.07685832420755023,0.10599584369562232,0.012618117682465716,0.003968614997157616,1.0,0.0,,,,,
2026-01-05 17:30:00+00:00,0.6438172126250721,1.4695164061913433,0.7797772969289158,1.0,7.0,0.04244115252865064,2.6072936639146063,4.97787250703851,5.3231129424988275,19.379401053595053,0.8328358208955224,3.0,55.0,0.00016033970719158243,1.0,320.0,-2.069720935599664,0.12241767738079692,0.3926101333678885,0.0005945589458981945,0.008738086364848935,0.9751388574700507,0.08845228623747392,0.11932202159135397,0.012598947700457257,-0.003235869396933211,0.0,0.0,,,,,
2026-01-05 18:30:00+00:00,0.575092683599226,1.4174707844233445,0.7277316751609171,1.0,8.0,0.045562523320744605,2.623347457902426,5.037057342109647,4.7622402929632965,19.068523490814272,0.826865671641791,3.0,55.0,0.00016033970719158243,0.0,336.0,0.0,0.04104486971476763,0.43938257087091204,0.0003358725948141276,0.007004010583399955,0.8325909940600168,0.08015930692930251,0.1173099756783591,0.012622570739114342,0.006889195916038204,1.0,0.0,,,,,
2026-01-05 19:30:00+00:00,0.604979918897856,1.5214705164815825,0.8317314072191551,1.0,9.0,0.04862629397227674,2.5295063127577277,5.05715813262655,4.160833135590145,18.58576102887424,0.4388059701492537,3.0,55.0,0.00016033970719158243,0.0,336.0,0.0,0.15265044946760586,0.31431133098594616,0.0009208525890956097,0.009221404194237346,0.9860648709137128,0.08363465903920808,0.12540195590782455,0.012689059896740877,-0.007762403087139269,0.0,0.0,,,,,
2026-01-05 20:30:00+00:00,0.53924407114971,1.5035665908642628,0.8138274816018354,1.0,10.0,0.05097743937243498,2.3743077463501465,5.05348785461307,3.509249042223561,18.60792784942581,0.43283582089552236,3.0,55.0,0.00016033970719158243,0.0,336.0,0.0,0.04734019029621693,0.5174351996337897,0.00023108450314482634,0.007143732990285621,0.8473896700338522,0.08275206566958637,0.12453946834934193,0.012694846519026502,-0.005876138901648176,0.0,0.0,,,,,
2026-01-06 14:30:00+00:00,1.082961199985462,2.187302607600443,1.4975634983380157,1.0,11.0,0.05438718784175695,2.1129927167204023,4.968052749321811,2.84646727867988,18.914412199588423,0.43283582089552236,3.0,55.0,0.00016033970719158243,0.0,336.0,0.0,0.9999981096348777,4.892185786691693e-07,0.00433374428844573,0.026165937816089058,2.788389353350659e-05,0.06555934765172466,0.17493908638096123,0.013508016979781984,-0.009769947721185446,0.0,0.0,,,,,
2026-01-06 15:30:00+00:00,1.126234663023036,2.163710184341784,1.4739710750793567,1.0,12.0,0.05710869106836686,1.838928715535321,4.769651726443124,2.1977488026385164,19.947778743953013,0.42686567164179107,3.0,60.0,0.001020006903178987,0.0,336.0,0.0,0.10314575944757805,0.4084221073073984,0.0005988288290367781,0.008244487220594447,0.9500187589221707,0.07134932536524197,0.1808240390543041,0.01348539183596096,-0.01976054994101517,0.0,0.0,,,,,
2026-01-06 16:30:00+00:00,1.1555703801841946,2.0541479908049203,1.3644088815424928,1.0,13.0,0.059227469799072736,1.6031003336296332,4.551669339657551,1.6038645454510496,20.821098107074747,0.4208955223880597,3.0,60.0,0.001020006903178987,0.0,336.0,0.0,0.0607595761816897,0.38802615559463643,0.00048658259199529436,0.0073906689439772605,0.8658355388349628,0.0667314146590865,0.18542616161879177,0.01346905942905652,-0.023523057634744937,0.0,0.0,,,,,
2026-01-06 17:30:00+00:00,0.7027256924504799,1.7150334081063174,1.02529429884389,1.0,14.0,0.059853358622708186,1.3704306347510968,4.3495888484476986,1.0676095060824786,21.7265577864118,0.4208955223880597,3.0,60.0,0.001020006903178987,0.0,336.0,0.0,0.6783506703096425,0.23745627011424347,0.002846961758649936,0.01975423920304133,0.8130174064911408,0.039325299924399815,0.16523513564089765,0.014032849313085417,-0.001739194904883945,0.0,0.0,,,,,
2026-01-06 18:30:00+00:00,0.6573106096485211,1.6794346879563695,0.9896955786939421,1.0,15.0,0.059974353302191995,1.394582625813475,4.182207123175817,0.6405095950466596,22.126754164011,0.41492537313432837,3.0,60.0,0.001020006903178987,0.0,336.0,0.0,0.0483426441662567,0.37561422476343975,0.00046412149345107087,0.007139437157931112,0.831979578814313,0.0426144845693992,0.1653993158590068,0.014031412282788177,0.000788320673987819,1.0,0.0,,,,,
2026-01-06 19:30:00+00:00,0.6485656019676045,1.6867262201811675,0.99698711091874,1.0,16.0,0.059713818214582846,2.151242553921842,3.758449181086379,0.40571300876999594,24.964003421313215,0.41492537313432837,3.0,60.0,0.001020006903178987,0.0,336.0,0.0,0.048919423957503205,0.47038088654482013,0.0003126755479808974,0.007167316364551776,0.8545040187778614,0.03463654995470389,0.16856337387737597,0.01400962856396497,0.0024343139401334923,1.0,0.0,,,,,
2026-01-06 20:30:00+00:00,0.5525487681652113,1.6522072948006938,0.9624681855382664,1.0,17.0,0.05908159823840163,2.331087774409904,3.7191999470547987,0.23238290362104289,25.555708752493885,0.408955223880597,3.0,60.0,0.001020006903178987,0.0,336.0,0.0,0.03599716619314701,0.4190722944963322,0.0003514544256039716,0.006899253504598198,0.814963719973239,0.03384190250481911,0.16708273513209848,0.014023936069892995,0.0018861830537311164,1.0,0.0,,,,,
2026-01-07 14:30:00+00:00,0.21673281563744365,1.46152044289977,0.7717813336373425,1.0,18.0,0.058349729622922855,2.3477555704335358,3.6640034515237434,0.14209391131408813,25.712304897344474,0.16417910447761194,3.0,60.0,0.001020006903178987,0.0,336.0,0.0,0.2517600830712561,0.4890976259098067,0.0009775513657701192,0.011239719517394674,1.0469866424247616,-0.016127211831932442,0.14360380123900196,0.014316474528745493,0.03061699163978826,1.0,0.0,,,,,
2026-01-07 15:30:00+00:00,0.12842135485986164,1.388145073377217,0.6984059641147895,1.0,19.0,0.057660685571949755,2.330905396926862,3.612882936279493,0.07878301654004909,25.494630065070297,0.1582089552238806,3.0,60.0,0.001020006903178987,0.0,336.0,0.0,0.037636802999462114,0.3499406921758858,0.0004689945593895523,0.006920249333992491,0.7911658331747599,-0.02574166765653363,0.13547761536063074,0.014371089089351004,0.04259302017848743,1.0,0.0,,,,,
2026-01-07 16:30:00+00:00,0.060140191813822734,1.3685069143377657,0.6787678050753383,1.0,20.0,0.05697449414578875,2.313889973247382,3.5872819931429842,0.042023871948359305,24.536852697007003,0.1582089552238806,3.0,50.0,4.2404794293195245e-05,0.0,336.0,0.0,0.04575185534940572,0.5268696695424203,0.00021036699210085606,0.0071134930188131995,0.842049979717462,-0.031168834558894076,0.13577251186440442,0.014368950853959126,0.03950351685098408,1.0,0.0,,,,,
2026-01-07 17:30:00+00:00,-0.07217536397475077,1.3372107548905046,0.6474716456280771,1.0,21.0,0.05637488571910748,2.2863168326165373,3.57278193895127,0.021321734174995936,24.916552447872622,0.844776119402985,3.0,50.0,4.2404794293195245e-05,0.0,336.0,0.0,0.0319161369323176,0.37144824587766234,0.000414568941229761,0.0068091884178209106,0.7859335950574766,-0.013827751711756875,0.1338743930924169,0.014383330113871601,0.04643268428621994,1.0,0.0,,,,,
2026-01-07 18:30:00+00:00,-0.02188873422414718,1.3321505720027407,0.6424114627403132,1.0,22.0,0.05576538703554507,2.231883988915867,3.5674718642730747,0.013719725653085922,24.443446042713006,0.844776119402985,3.0,50.0,4.2404794293195245e-05,0.0,336.0,0.0,0.04546954440017732,0.4966596452136114,0.0002583080371658489,0.0071026307275228176,0.8457948157868628,-0.012858362136165091,0.13785453682243576,0.014348511192044212,0.04712260928500189,1.0,0.0,,,,,
2026-01-07 19:30:00+00:00,-0.15283912286307705,1.2732510332202034,0.583511923957776,1.0,23.0,0.05530685229096667,2.1307196913146713,3.5608996327307536,0.013276511334455256,23.267547179973327,0.844776119402985,3.0,50.0,4.2404794293195245e-05,0.0,336.0,0.0,0.03930576346017052,0.4258963235918036,0.0003517459032428238,0.006966801554902063,0.8254483414137557,-0.019450496685836427,0.13488367174336746,0.01438458990238654,0.051786178340506694,1.0,0.0,,,,,
2026-01-07 20:30:00+00:00,-0.13203043483573793,1.3090937096553679,0.6193546003929404,1.0,24.0,0.05477996395689807,1.9621685593369398,3.558870901684066,0.014994431031684451,21.683244972185097,0.8388059701492537,3.0,50.0,4.2404794293195245e-05,0.0,336.0,0.0,0.05615766023721841,0.40171331572885677,0.0004486520072115214,0.007300705435191166,0.859999542544425,-0.013463453319183749,0.14252445110952916,0.014347878857511634,0.04612126236466807,1.0,0.0,,,,,
2026-01-08 14:30:00+00:00,-0.6753879937642479,0.8701956154547065,0.18045650619227904,1.0,25.0,0.05511839044848036,1.7909450591172862,3.482050009075389,0.010557632196342641,19.80498708781574,0.8388059701492537,3.0,50.0,4.2404794293195245e-05,0.0,336.0,0.0,0.9999997108588111,2.7213156042965517e-07,0.004333750127628225,0.026165969900849975,4.707242076865754e-06,-0.03951412781818675,0.11967151576447232,0.015761993918951063,0.08105009159984267,1.0,0.0,,,,,
2026-01-08 15:30:00+00:00,-0.7303193790399432,0.8640501900991973,0.17431108083676983,1.0,26.0,0.05554967600399824,1.9037762959636073,3.347654094084569,0.003212078189134217,17.694683924102634,0.8328358208955224,3.0,50.0,4.2404794293195245e-05,0.0,336.0,0.0,0.07043103638749573,0.45514886482933126,0.00041106025293747173,0.007596239081601184,0.8988808123305662,-0.03370847544841116,0.12137582004294112,0.01575612878472309,0.08629278877670199,1.0,0.0,,,,,
2026-01-08 16:30:00+00:00,-0.159164168308034,0.874467977482712,0.18472886822028456,1.0,27.0,0.05598854955060644,1.934029982812774,3.3963989349717867,0.00011583220957332858,17.650189130730162,0.37910447761194027,3.0,50.0,4.2404794293195245e-05,0.0,336.0,0.0,0.03990438215262025,0.3932251307052958,0.00040669059237842043,0.006973188030901453,0.8173379972949719,-0.031593965103034805,0.12453074766376782,0.015741421997140067,0.0859725583871338,1.0,0.0,,,,,
2026-01-08 17:30:00+00:00,-0.11742072779067016,0.8800191512391874,0.19028004197675996,1.0,28.0,0.056076287909029084,1.9733203719400854,3.4446722277936077,0.0071991833471280915,17.936971397251405,0.37910447761194027,3.0,210.0,0.0051775414678095375,0.0,336.0,0.0,0.044436207744830605,0.46778380955969445,0.0003015151725896145,0.007076931726553389,0.8439321236176408,-0.02873341760957615,0.13616990501134918,0.015577836810765317,0.08201707743571873,1.0,0.0,,,,,
2026-01-08 18:30:00+00:00,0.007762946565644417,0.9341694469799551,0.24443033771752765,1.0,29.0,0.05595385995239532,2.023655949213656,3.4875940956130296,0.02952239224046808,18.490781094963587,0.373134328358209,3.0,210.0,0.0051775414678095375,0.0,336.0,0.0,0.06906343135920345,0.3417993727626582,0.0005898805880188906,0.007549297218589802,0.8632304849824636,-0.022866926517195907,0.14401285825569587,0.015571043775886051,0.06922711977905305,1.0,0.0,,,,,
2026-01-08 19:30:00+00:00,-0.09117808564015736,0.8896458961812521,0.19990678691882469,1.0,30.0,0.05593796648642189,2.081826348517475,3.5250113857541803,0.03902026254055577,19.104800409500854,0.373134328358209,3.0,210.0,0.0051775414678095375,0.0,336.0,0.0,0.05222067221832786,0.5610742532463513,0.00017716139504966345,0.0072491501003586626,0.8458215956512443,-0.02294845635600673,0.14418735013956008,0.01556847040348764,0.06962149966433895,1.0,0.0,,,,,
2026-01-08 20:30:00+00:00,-0.06861755509061415,0.8937420282193066,0.20400291895687916,1.0,31.0,0.05622005978878714,2.1424527954743566,3.56048423472894,0.08537862070757125,19.87905158000535,0.36716417910447763,3.0,210.0,0.0051775414678095375,0.0,336.0,0.0,0.030417968176464256,0.31186776190869864,0.0005058923561579162,0.0067688804525240015,0.7451945424443677,-0.026254588087283537,0.1395245613016045,0.015564869162554227,0.06795003741828687,1.0,0.0,,,,,
2026-01-09 14:30:00+00:00,0.2649230680099393,1.1656769409115224,0.475937831649095,1.0,32.0,0.056606582231327994,2.212558588800363,3.5931089066803916,0.14243439423217286,20.601987273773492,0.36716417910447763,3.0,210.0,0.0051775414678095375,0.0,336.0,0.0,0.9999690513945529,1.3939898602202199e-05,0.004333622923777033,0.0261653571940772,0.0003735926881975145,0.04587139192893375,0.1298264716183306,0.014933142664603556,0.05081004308092485,1.0,0.0,,,,,
2026-01-09 15:30:00+00:00,0.07981570006474721,1.1292990492268233,0.4395599399643959,1.0,33.0,0.057146379822945015,2.8216585989231833,3.4337460735061485,0.2610538891847985,26.489848464362048,0.3611940298507463,3.0,210.0,0.0051775414678095375,0.0,336.0,0.0,0.07524733977277231,0.5144924443565769,0.00033149231567545915,0.007703071306653804,0.9021084170464579,0.039689593163929615,0.12330430309780827,0.014985527178446647,0.037837491724684646,1.0,0.0,,,,,
2026-01-09 16:30:00+00:00,0.10817811097692268,1.131040618100589,0.44130150883816155,1.0,34.0,0.057690412190608824,2.8064230584562697,3.4359269951703566,0.2840976254552342,26.92412362137539,0.3611940298507463,3.0,210.0,0.0051775414678095375,0.0,336.0,0.0,0.03393396440499966,0.34327880466305827,0.0004670894348803485,0.006844820319762834,0.7767691340861851,0.039239742027183944,0.12006668123189179,0.014983705948923143,0.03166411326903429,1.0,0.0,,,,,
2026-01-09 17:30:00+00:00,0.09332353575468184,1.1493459870518543,0.4596068777894269,1.0,35.0,0.0581321268364758,2.7889988992480874,3.441004195999966,0.32281943046746403,27.176265438248382,0.35522388059701493,3.0,210.0,0.0051775414678095375,0.0,336.0,0.0,0.05480103361905502,0.5009326281644734,0.00028337124565734167,0.00729056487539397,0.8658783444146322,0.04082197441644908,0.1260383912569898,0.014950159299278006,0.036633005051878165,1.0,0.0,,,,,
2026-01-09 18:30:00+00:00,0.10479079728559933,1.163355675138197,0.4736165658757696,1.0,36.0,0.058539602216898266,2.7626248843766135,3.4480814088676865,0.4248646042462486,27.269963442339712,0.35522388059701493,3.0,215.0,0.004957089194037996,0.0,336.0,0.0,0.03752626244321449,0.3531558198830966,0.00046341057590840407,0.006918585075066751,0.7926340915532707,0.03651360932734882,0.12356211217268953,0.01494611774709462,0.03355208960654643,1.0,0.0,,,,,
2026-01-09 19:30:00+00:00,0.09295124506394623,1.1919566140500657,0.5022175047876383,1.0,37.0,0.05886197159615527,2.7230792652943294,3.4556684810704286,0.6182926927615569,27.20374982003201,0.3492537313432836,3.0,215.0,0.004957089194037996,0.0,336.0,0.0,0.05984951692684506,0.47757080495406795,0.00033849512664343984,0.007387822045308431,0.8780963935113615,0.04483326698197665,0.12070552293404546,0.01493118147395221,0.026928242572240357,1.0,0.0,,,,,
2026-01-09 20:30:00+00:00,-0.054060069569548966,1.165308833823875,0.47556972456144764,1.0,38.0,0.05919427168365803,2.6678077975036554,3.461628197927839,0.8820149125906722,27.113438582404285,0.3492537313432836,3.0,215.0,0.004957089194037996,0.0,336.0,0.0,0.03573118975145013,0.4137081460751569,0.00035922716835231147,0.006892994637991154,0.8127678504740246,0.0416042244601984,0.1184801512281366,0.014946090889267537,0.013956745394319903,1.0,0.0,,,,,
2026-01-12 14:30:00+00:00,0.0665840154473407,1.2945431740767366,0.6048040648143092,1.0,39.0,0.05844649453657091,2.598384574976113,3.470567644342382,1.166358675950491,26.916913901092926,0.34328358208955223,3.0,215.0,0.004957089194037996,0.0,336.0,0.0,0.44568981337558783,0.20713279945252866,0.0020986766344100664,0.015081616283403584,1.0535708017488634,0.024259727529041264,0.08004912745958048,0.012307841011766088,-0.013229216985958026,0.0,0.0,,,,,
2026-01-12 15:30:00+00:00,0.18593975282050215,1.3610194498195385,0.671280340557111,1.0,40.0,0.057594589558688826,2.5061125596714446,3.4747340000323366,1.459487277015613,26.599726563048733,0.34328358208955223,3.0,215.0,0.004957089194037996,0.0,336.0,0.0,0.125867082793626,0.3985910020519271,0.00069261564079028,0.008698607369047158,0.9809653369301314,0.03661190246296897,0.08820067788719577,0.012349511420745477,-0.011564387011039123,0.0,0.0,,,,,
2026-01-12 16:30:00+00:00,0.2233901234438677,1.3188789595857584,0.629139850323331,1.0,41.0,0.056407540524252266,2.3908583887716293,3.466197861576684,1.771492944683629,26.022130588936296,0.3373134328358209,3.0,215.0,0.004957089194037996,0.0,336.0,0.0,0.04385448885514721,0.4761267287446744,0.0002860147134948332,0.007066697613075075,0.8427477960728798,0.03185773992683494,0.0750660969511765,0.012298565953102084,-0.00965295766883667,0.0,0.0,,,,,
2026-01-12 17:30:00+00:00,0.24934698290205495,1.3592641687565685,0.6695250594941411,1.0,42.0,0.05483523168134969,2.252055808143197,3.4351983277825324,2.0889382667065965,25.227291623420655,0.3373134328358209,3.0,215.0,0.004957089194037996,0.0,336.0,0.0,0.05499665790265551,0.3493681521171375,0.0005294173245078616,0.00726840648803774,0.8355371690890996,0.03434412747934701,0.07193023249886288,0.012256517512590936,-0.021775179097742736,0.0,0.0,,,,,
2026-01-12 18:30:00+00:00,0.12628693938671456,1.3640491344884917,0.6743100252260643,1.0,43.0,0.053393014962346025,2.0902479762615376,3.3717996720346575,2.424496855105025,24.189524307961708,0.33134328358208953,3.0,215.0,0.004957089194037996,0.0,336.0,0.0,0.04876851849853729,0.5014018081462078,0.00026193697588421653,0.007169627458315987,0.8528178436042577,0.03347592647484898,0.076878731718236,0.01222904143121653,-0.023751901771739803,0.0,0.0,,,,,
2026-01-12 19:30:00+00:00,0.06876228594074386,1.3559783500177922,0.6662392407553648,1.0,44.0,0.05154133914434502,1.9063938877850781,3.2710522870301193,2.733034645943075,23.12398246696411,0.33134328358208953,3.0,35.0,0.0018933019125842924,0.0,336.0,0.0,0.033989755290565866,0.3742732552783596,0.0004171021096060788,0.006851273389126741,0.7932474873680054,0.029901367714536775,0.06697223160937416,0.012132387308178305,-0.027394710478425566,0.0,0.0,,,,,
2026-01-12 20:30:00+00:00,0.007518829018586604,1.3339122578297917,0.6441731485673643,1.0,45.0,0.04976761326623898,1.7067930534493039,3.1395367886425567,2.9680083543425346,22.05981102322118,0.3253731343283582,3.0,35.0,0.0018933019125842924,0.0,336.0,0.0,0.0435605453705746,0.5119960450418362,0.0002269366012050684,0.007066973586551141,0.8396649030164418,0.030771625991753204,0.06649971155030343,0.012134562258882384,-0.02849719723905242,0.0,0.0,,,,,
2026-01-13 14:30:00+00:00,-0.10908270102245121,1.2696179582579676,0.5798788489955402,1.0,46.0,0.045995229403870644,1.5040968168899873,2.984958441662617,3.089590953564252,21.15512400762596,0.3253731343283582,3.0,35.0,0.0018933019125842924,0.0,336.0,0.0,0.04145199510220337,0.42141435700996294,0.00036635757695355567,0.007009085758826899,0.8299442876632941,0.010918972141867656,0.025408751949723474,0.010557373149149705,-0.06052897451570605,0.0,1.0,,,,,
2026-01-13 15:30:00+00:00,-0.09566543959230737,1.32447147134628,0.6347323620838525,1.0,47.0,0.041741473103494305,1.332864895625201,2.814074545622919,3.0806203001905326,20.332072932176423,0.3194029850746269,3.0,35.0,0.0018933019125842924,0.0,336.0,0.0,0.07975593236490461,0.37833421188874045,0.0005673778670462836,0.007770086553189782,0.901421922331159,0.009991293149803404,0.026842645671757204,0.010582235039013415,-0.06627541043750096,0.0,1.0,,,,,
2026-01-13 16:30:00+00:00,-0.17036262723859205,1.3300728222123936,0.6403337129499662,1.0,48.0,0.036958848389801485,1.2169903320690856,2.6853135630750873,2.9548436884781992,19.713112555196837,0.3194029850746269,3.0,35.0,0.0018933019125842924,0.0,336.0,0.0,0.045787574062134406,0.4638477062719551,0.0003125189501916185,0.007103364091850103,0.8469611961116668,0.01487507643311492,0.02320975872520492,0.01054809690901056,-0.08630268065531688,0.0,1.0,,,,,
2026-01-13 17:30:00+00:00,-0.22658710397876355,1.2931158036313222,0.6033766943688947,1.0,49.0,0.03367178910869616,1.1875137965004665,2.601775629891148,2.7593062629870784,19.184239575221635,0.31343283582089554,3.0,35.0,0.0018933019125842924,0.0,336.0,0.0,0.037928631251835,0.4398207949997026,0.00032448313055838336,0.006941571203577684,0.8246258637178462,0.0068509755399226435,0.03945590811438571,0.010041576049183388,-0.08086491380577598,0.0,1.0,,,,,
2026-01-13 18:30:00+00:00,-0.3150676742054189,1.2207277081672907,0.5309885989048633,1.0,50.0,0.030535706710060978,1.199412543289636,2.5544177949601345,2.5117658240580067,18.83145209209394,0.31343283582089554,3.0,35.0,0.0018933019125842924,0.0,336.0,0.0,0.05272620789234735,0.49764865449764445,0.00028157698056001455,0.0072483766997185044,0.8618477965485588,-0.0007624160231447519,0.03350183112569205,0.010100518185018904,-0.08048762676970078,0.0,1.0,,,,,
2026-01-13 19:30:00+00:00,-0.3146272420948168,1.1690590352995314,0.47931992603710394,1.0,51.0,0.027408412102129524,1.2438934651616849,2.5293616258467484,2.214136850672159,18.49985193193907,0.3074626865671642,3.0,35.0,0.0018933019125842924,0.0,336.0,0.0,0.03820213999466992,0.41906625346538134,0.00035902111169963566,0.0069434863978780235,0.8208828919130717,-0.005113135032174476,0.02722254662249579,0.010117620895055286,-0.07991796677552987,0.0,1.0,,,,,
2026-01-13 20:30:00+00:00,-0.28341247805465475,1.1549911991092223,0.4652520898467949,1.0,52.0,0.02462454166531654,1.3154145681412854,2.521843269440214,1.9150793830827062,18.36353536912223,0.3074626865671642,3.0,40.0,0.001288847822120633,0.0,336.0,0.0,0.0401109220188097,0.4606807044573563,0.00029819110186062525,0.0069889398842153385,0.8328674995372595,-0.004425813033664738,0.028231996011819582,0.010115161553824406,-0.0847890729766263,0.0,1.0,,,,,
2026-01-14 14:30:00+00:00,-0.2442316323607236,1.280291877542605,0.5905527682801777,1.0,53.0,0.023359884610509335,1.4031391405357898,2.5269670084155433,1.669222222131228,18.21130991264346,0.30149253731343284,3.0,40.0,0.001288847822120633,0.0,336.0,0.0,0.4346535207851085,0.18532119905770025,0.002096164890864451,0.014856463882158225,1.0422264735364433,0.01563134341001593,0.057167307191671846,0.010110423459449102,-0.0835813808283028,0.0,1.0,,,,,
2026-01-14 15:30:00+00:00,-0.4004692541518271,1.117952724391349,0.42821361512892153,1.0,54.0,0.022515128715629683,1.454540961508251,2.550923773617939,1.4875638791850407,18.298169057727428,0.30149253731343284,3.0,40.0,0.001288847822120633,0.0,336.0,0.0,0.5963931357618268,0.30746184103019497,0.0024527404932357852,0.01812213812429314,0.8960325083746346,-0.008765703888087728,0.043818609440203105,0.010546459166921159,-0.057185392329950346,0.0,1.0,,,,,
2026-01-14 16:30:00+00:00,-0.5643248048313272,1.0538230992947735,0.36408399003234604,1.0,55.0,0.02197430274493121,1.4484466763305246,2.577425028395791,1.387319467525252,18.342455804008925,0.2955223880597015,3.0,40.0,0.001288847822120633,0.0,336.0,0.0,0.05276177489571324,0.38670621095691254,0.0004613093830187446,0.007229998071325311,0.8471037433058541,-0.01506870309091557,0.03930989019318343,0.010583638075251577,-0.055428872091103365,0.0,1.0,,,,,
2026-01-14 17:30:00+00:00,-0.47226876612738955,1.1142454373089783,0.42450632804655086,1.0,56.0,0.021726334087228346,1.4326703387279351,2.601032161585738,1.3559322375924998,19.420999014114045,0.844776119402985,3.0,40.0,0.001288847822120633,0.0,336.0,0.0,0.10116415398486484,0.39054178190260724,0.0006209848442135766,0.008201657241630234,0.9429236068352438,-0.004562097967391487,0.048721561858751095,0.01065268271784973,-0.06811142022423766,0.0,1.0,,,,,
2026-01-14 18:30:00+00:00,-0.5102241247957098,1.102741207003119,0.41300209774069163,1.0,57.0,0.02160954551142495,1.4138693054320992,2.6228263626739534,1.3802981604298192,22.33831878275515,0.844776119402985,3.0,40.0,0.001288847822120633,0.0,336.0,0.0,0.041613764511193384,0.46658656119419256,0.00029378035767651893,0.007020104717392894,0.8370103242215956,0.0008385791548422006,0.04719877241669934,0.01065492229280442,-0.06395445555618462,0.0,1.0,,,,,
2026-01-14 19:30:00+00:00,-0.5732907401679179,1.0698569459530234,0.38011783669059596,1.0,58.0,0.02161514652070404,1.3939837614737536,2.6460197163352053,1.4425841232376913,25.209556261017624,0.844776119402985,3.0,40.0,0.001288847822120633,0.0,336.0,0.0,0.03822743107891184,0.40197583154135447,0.00042925087397140474,0.0068162860063660045,0.815911807413265,0.0021400098898780584,0.04881305319821028,0.010636701050737466,-0.05154241459973452,0.0,1.0,,,,,
2026-01-14 20:30:00+00:00,-0.8213938832579618,0.925929762073036,0.23619065281060858,1.0,59.0,0.02163508632839453,1.3717886709218796,2.6696883731736496,1.5246098721633454,27.978706994900264,0.844776119402985,3.0,40.0,0.001288847822120633,0.0,336.0,0.0,0.344907168167648,0.4557439064759751,0.0013505567011216398,0.012889743812632352,1.0467711131308957,-0.012389067563768563,0.029306381767234768,0.010925807624150737,-0.03843739758008091,0.0,1.0,,,,,
2026-01-15 14:30:00+00:00,-1.0464109069817191,0.7995205214923704,0.10978141222994298,1.0,60.0,0.02083770657480671,1.3454033511698222,2.6916404308099295,1.6120589796662823,30.31895952370786,0.844776119402985,3.0,50.0,0.0009120071446303184,0.0,336.0,0.0,0.17978152103760717,0.42101771974600966,0.0008627493291827328,0.009617650345439757,1.0393039726905147,-0.03977953253784161,0.056901902472016985,0.008711402215547347,-0.00235470488830547,0.0,1.0,,,,,
2026-01-15 15:30:00+00:00,-1.1294278323038855,0.8704582554892955,0.18071914622686802,1.0,61.0,0.019692912738758943,1.304978219388758,2.711951471928969,1.703678136014514,32.26446082588558,0.844776119402985,3.0,50.0,0.0009120071446303184,0.0,336.0,0.0,0.13784330196647776,0.3228877232759004,0.0008664490659178304,0.008756303718971613,0.9711847138111305,-0.0127899762727548,0.06473710861585946,0.008833076636122159,-0.011542814937785195,0.0,1.0,,,,,
2026-01-15 16:30:00+00:00,-1.2580440300067528,0.8559249551559764,0.166185845893549,1.0,62.0,0.018420968369002533,1.247248726580658,2.7252909672822776,1.8797947269319277,33.381201868718634,0.844776119402985,3.0,50.0,0.0009120071446303184,0.0,336.0,0.0,0.04991834521097036,0.5263734007257659,0.0002895813808777529,0.007089331461773074,0.8512633587279088,-0.00945933101103602,0.06144452428518221,0.008842440210251847,-0.00974698644909111,0.0,1.0,,,,,
2026-01-15 17:30:00+00:00,-1.376490931416416,0.7933791462071236,0.10364003694469615,1.0,63.0,0.01713393512540827,1.170234580854622,2.7348652167438408,2.0495560420231,33.695724237805855,0.8388059701492537,3.0,50.0,0.0009120071446303184,0.0,336.0,0.0,0.05362412289064953,0.4148095631493643,0.00046102626999323574,0.0071246398604318945,0.8578081533238435,-0.024064056670273892,0.05339092279805335,0.008938530250288708,-0.007052189103653461,0.0,1.0,,,,,
2026-01-15 18:30:00+00:00,-1.5572643340555183,0.7820080521816418,0.09226894291921439,1.0,64.0,0.0161284794766331,1.0733021104272253,2.7422763760954036,2.2610135161876763,34.825859714880984,0.8388059701492537,3.0,50.0,0.0009120071446303184,0.0,336.0,0.0,0.04311667443312402,0.45374528309928996,0.0003712037463089451,0.00693038958571431,0.8397112832295602,-0.02382806490343725,0.046237634030458,0.00888030806835262,0.0004775120321447446,1.0,1.0,,,,,
2026-01-15 19:30:00+00:00,-1.595591497171928,0.7504828666116832,0.060743757349255745,1.0,65.0,0.014740033706443502,0.9892631927630832,2.7508710577861994,2.5319069722046823,35.07802530720306,0.8328358208955224,3.0,50.0,0.0009120071446303184,0.0,336.0,0.0,0.04322378039433625,0.44753283005725314,0.00038042766437161905,0.006930396088609329,0.8392527626752704,-0.024421585336129148,0.04733992421808786,0.008864272541683644,0.0010165169200302415,1.0,1.0,,,,,
2026-01-15 20:30:00+00:00,-1.4765817775249792,0.7277293062491773,0.03799019698674988,1.0,66.0,0.013375158230386984,1.1306313868175162,2.7580128754862896,2.8694660745032805,36.183916931621056,0.8328358208955224,3.0,50.0,0.0009120071446303184,0.0,336.0,0.0,0.04139903083833194,0.4418278818739286,0.0003826391201562792,0.006892431464879242,0.8338840268434966,-0.011682316641619117,0.04387865321289919,0.008874641073479343,0.0007047757690656908,1.0,1.0,,,,,
2026-01-16 14:30:00+00:00,-1.5784915059273312,0.42438962177227657,-0.26534948749015086,0.0,0.0,0.016413730243506106,1.2915611644815395,2.75575035684523,3.2861043896619706,36.47026292239295,0.826865671641791,3.0,50.0,0.0009120071446303184,0.0,336.0,0.0,0.999997199208962,2.694500646023959e-06,0.004133702762612237,0.02566945245873451,3.90625799355319e-05,-0.036380785387880366,-0.025350274844797127,0.009345742221259862,0.04813990695193748,1.0,,,,,,
2026-01-16 15:30:00+00:00,-1.52260594547996,0.4206074256636653,-0.2691316835987621,0.0,0.0,0.018612229061955768,1.485075245844012,2.7376246694451547,3.7605228782028908,37.704595029884636,0.826865671641791,3.0,60.0,0.0005247376788930103,0.0,336.0,0.0,0.06812691977203675,0.5651270510367212,0.00029347822421236434,0.0074620004025732324,0.8734133484336788,-0.04471973027665843,-0.019672214824728584,0.009341312869318127,0.039276810349083036,1.0,,,,,,
2026-01-16 16:30:00+00:00,-1.1772282659504052,0.2916110143829013,-0.3981280948795261,0.0,0.0,0.021913344745324966,1.7014700516050194,2.6936742157788203,4.3178796390064065,38.06298228177819,0.8208955223880597,3.0,60.0,0.0005247376788930103,0.0,336.0,0.0,0.6406517765621123,0.21941702702048138,0.002650712962178775,0.018648848083299956,0.8932594332938975,-0.06177464655336529,-0.03956986429536702,0.009767503142123721,0.05045924246062139,1.0,,,,,,
2026-01-16 17:30:00+00:00,-1.1748586638178014,0.3044138937598388,-0.38532521550258864,0.0,0.0,0.024319459985649453,1.9406684672747279,2.5949765556738833,4.887335819409762,39.38143890781014,0.8208955223880597,3.0,60.0,0.0005247376788930103,0.0,336.0,0.0,0.05865936160680057,0.4403606486496305,0.00044091078658978536,0.007232728638136129,0.873797074501765,-0.052238759168110604,-0.03966981078650633,0.009766081012875166,0.04613110263590414,1.0,,,,,,
2026-01-16 18:30:00+00:00,-1.1246827999977487,0.26679645397878354,-0.4229426552836439,0.0,0.0,0.026632917038320648,2.0890094043204255,2.602155099735948,5.454840008269859,39.739791270632615,0.8149253731343283,3.0,60.0,0.0005247376788930103,0.0,336.0,0.0,0.05497914866738289,0.47931504957734566,0.0003732815160856534,0.00717328445685517,0.8678634369080167,-0.05749814102110573,-0.04777411631799655,0.009757434018462371,0.04682802080089754,1.0,,,,,,
2026-01-16 19:30:00+00:00,-1.1308130322707528,0.2829589973244488,-0.40678011193797864,0.0,0.0,0.028666249679836196,2.0733420880689986,2.6697895063257495,5.971628655950189,41.019142232028955,0.8149253731343283,3.0,60.0,0.0005247376788930103,0.0,336.0,0.0,0.04121109696374654,0.4222219542703163,0.0004100371932898247,0.006882067406015976,0.8295213501474893,-0.05763639132927878,-0.05512973409316757,0.009701640019536568,0.04741374139930432,1.0,,,,,,
2026-01-16 20:30:00+00:00,-1.1991886254812292,0.48381163330839133,-0.2059274759540361,0.0,0.0,0.030586435071149626,1.9978744270144393,2.7003458454291995,6.403154794162726,41.19258460892672,0.808955223880597,3.0,60.0,0.0005247376788930103,0.0,336.0,0.0,0.05382583958181617,0.49557678320118476,0.00034629586361994497,0.007156031584841143,0.8643981354777341,-0.06071768877123862,-0.058443260018537835,0.009713014055950025,0.05024390066162354,1.0,,,,,,
2026-01-20 14:30:00+00:00,-1.1737879757575291,0.22392962125836316,-0.4658094880040643,0.0,0.0,0.031134557924703488,1.9060272248292318,2.718211339136129,6.730486716887419,42.274060344211044,0.808955223880597,3.0,60.0,0.0005247376788930103,0.0,336.0,0.0,0.577848120009431,0.1449194926011826,0.0025527418094449745,0.017383545502253836,0.9525018064228984,-0.007421062902580822,-0.05703106527641921,0.009788761168716721,-0.01409576241289301,0.0,,,,,,
2026-01-20 15:30:00+00:00,-1.1232860195912437,0.2777110403816953,-0.4120280688807321,0.0,0.0,0.030978059940719303,1.8117930152774995,2.723355572119489,6.93117290233412,42.1871503463829,0.8029850746268656,3.0,60.0,0.0005247376788930103,0.0,336.0,0.0,0.17358796311586241,0.4475441128255766,0.0008046952110939779,0.00950436410885528,1.0314983474682595,0.0003243142194628845,-0.05595980306823467,0.009823372300980454,-0.005201567196740697,0.0,,,,,,
2026-01-20 16:30:00+00:00,-1.0485082760855968,0.25646587654961306,-0.43327323271281437,0.0,0.0,0.030845548844543127,1.7250364458296132,2.718567873951799,7.032208699478222,43.12390847926347,0.8029850746268656,3.0,65.0,-0.0002297735155607013,0.0,336.0,0.0,0.04111849952113997,0.4144069040083363,0.0004209006832546287,0.006877587029451756,0.8272798782396005,0.015805105473297942,-0.055622498748904015,0.009822516902141877,0.00962202547388813,1.0,,,,,,
2026-01-20 17:30:00+00:00,-1.2975402776307425,0.2212767457508095,-0.46846236351161796,0.0,0.0,0.03050604245871747,1.6578496145178845,2.6891766258863243,7.073983698666563,42.950879602793655,0.7970149253731343,3.0,65.0,-0.0002297735155607013,0.0,336.0,0.0,0.0527464520086313,0.4995291040165214,0.00033713645989602104,0.0071360609603873665,0.8616927822993882,0.008191395614146835,-0.0658225426517065,0.00973772375285146,0.014899031374935312,1.0,,,,,,
2026-01-20 18:30:00+00:00,-1.3760556626654303,0.24129083295330767,-0.44844827630911976,0.0,0.0,0.029905038166827425,1.6129913313815867,2.637253603328103,7.125253724562123,43.89841860354575,0.7970149253731343,3.0,65.0,-0.0002297735155607013,0.0,336.0,0.0,0.04421521017693624,0.34530532219777604,0.0005297002169147571,0.00691527963465244,0.8063436925568521,0.017371750368358363,-0.06387829242448717,0.009767708300087436,0.007607080818186063,1.0,,,,,,
2026-01-20 19:30:00+00:00,-1.2801393862081056,0.3019062890823108,-0.3878328201801166,0.0,0.0,0.029126349713193132,1.596099517425401,2.5669318718182503,7.285681013131807,43.72529097797784,0.7910447761194029,3.0,65.0,-0.0002297735155607013,0.0,336.0,0.0,0.17645987591494722,0.4051749622208084,0.000874572217959326,0.00954669005850969,1.0367116352263754,0.030515562065673407,-0.05451553974203094,0.009977328686337628,-0.0012870309249413125,0.0,,,,,,
2026-01-20 20:30:00+00:00,-1.4455987706084863,0.28897603595849375,-0.4007630733039337,0.0,0.0,0.02836844307140252,1.610256488221522,2.4918077782066828,7.521932624490385,44.59947607678713,0.7910447761194029,3.0,65.0,-0.0002297735155607013,0.0,336.0,0.0,0.04241742167658105,0.4398660109307527,0.00038875637646327627,0.006911873218363239,0.8361297580049751,0.033962607832776825,-0.055252278177514214,0.009975218855557941,0.0006435153958488371,1.0,,,,,,
2026-01-21 14:30:00+00:00,-1.4144726518389232,0.4425868959007185,-0.24715221336170895,0.0,0.0,0.028197731298275804,1.6671327825252389,2.427510371810573,7.8379013807736,44.30448117331321,0.7850746268656716,3.0,65.0,-0.0002297735155607013,0.0,336.0,0.0,0.9878588580428529,0.005342955145714565,0.004086567994831227,0.0254316003008946,0.07395177907433576,0.04144714340215572,-0.02650289401613115,0.010876813693975704,-0.043823714247989365,0.0,,,,,,
2026-01-21 15:30:00+00:00,-1.4430094705128895,0.4327966944005228,-0.2569424148619046,0.0,0.0,0.027908357178791074,1.7815799479325998,2.380069212612877,8.216604239236464,44.91322847067142,0.7850746268656716,3.0,65.0,-0.0002297735155607013,0.0,336.0,0.0,0.0655210648871953,0.571268097544202,0.0002762238842079932,0.007412633338010573,0.8662708241183128,0.03285260111941035,-0.03309849509862772,0.010782807107101142,-0.0661505587932334,0.0,,,,,,
2026-01-21 16:30:00+00:00,-1.494673780617216,0.406553303505958,-0.28318580575646946,0.0,0.0,0.027702695275595497,1.8991331021037618,2.3613561909457426,8.612724795242093,44.382926386319554,0.7791044776119403,3.0,65.0,-0.0002297735155607013,0.0,336.0,0.0,0.030306544536097206,0.30486493454956465,0.0005422076029957795,0.006626937462385208,0.7395088463094953,0.036222554630976234,-0.0342750205510427,0.010774304805868723,-0.05608041659850027,0.0,,,,,,
2026-01-21 17:30:00+00:00,-1.611532877909636,0.36306908143126915,-0.3266700278311583,0.0,0.0,0.027586803753217856,2.02167091204005,2.3554072792775878,9.003308107885111,44.56570581541637,0.7791044776119403,3.0,75.0,-0.0005160245402867321,0.0,336.0,0.0,0.059515272645807554,0.5980551545175032,0.00021840847519345207,0.007303142882660425,0.8423453559901095,0.03699517445031031,-0.03567834374131884,0.010780421077049795,-0.05261665062586385,0.0,,,,,,
2026-01-21 18:30:00+00:00,-1.658974496320966,0.40900999556785,-0.2807291136945774,0.0,0.0,0.0280661365192712,2.096675999455002,2.380935337265267,9.397718468254922,43.88049296737364,0.7731343283582089,3.0,75.0,-0.0005160245402867321,0.0,336.0,0.0,0.05713215336175197,0.24314991855225349,0.0007176825710205987,0.007135649904987346,0.7572209964313352,0.04060390268489211,-0.022511973716450306,0.010855235493719965,-0.07818178252423902,0.0,,,,,,
2026-01-21 19:30:00+00:00,-1.8274945005693117,0.3871226141165396,-0.30261649514588784,0.0,0.0,0.028626062705435548,2.091869557888415,2.417020586995998,9.81506818523271,43.76624376820404,0.7731343283582089,3.0,75.0,-0.0005160245402867321,0.0,336.0,0.0,0.060341191338751335,0.6399876058443595,0.00016119032602316159,0.007333680246032708,0.8161775985084128,0.028137346183635614,-0.021265058526220848,0.010848613530221122,-0.08605261836336187,0.0,,,,,,
2026-01-21 20:30:00+00:00,-1.9121417990514733,0.3617843453211146,-0.32795476394131284,0.0,0.0,0.029163820740941305,2.062034152263533,2.4500713201243403,10.238129721707686,43.084785488449924,0.7671641791044777,3.0,75.0,-0.0005160245402867321,0.0,336.0,0.0,0.026041385514993128,0.27005867114858223,0.0005780516654044664,0.00653091264347971,0.695691576440088,0.027459856707527486,-0.02336660843632199,0.010848352791900768,-0.08713945394714173,0.0,,,,,,
2026-01-22 14:30:00+00:00,-1.8755632585057338,0.4077497192017469,-0.2819893900606805,0.0,0.0,0.029787165898189773,2.0198363332606117,2.4870716312726797,10.670885519671872,42.786718990604655,0.7671641791044777,3.0,75.0,-0.0005160245402867321,0.0,336.0,0.0,0.2236471113283655,0.4531955613069949,0.0009595440074885478,0.010494670438050021,1.0586700654058836,0.014113826452362588,-0.028020410973784493,0.010669754632848805,-0.08117892075847344,0.0,,,,,,
2026-01-22 15:30:00+00:00,-2.0075407623297687,0.35221862130210485,-0.3375204879603226,0.0,0.0,0.030575387118278924,1.963872446116814,2.525804960809444,11.137403651752521,42.22709274564622,0.7611940298507462,3.0,75.0,-0.0005160245402867321,0.0,336.0,0.0,0.06736026249591226,0.44035307080914027,0.0004692395910653501,0.0074045202423146505,0.8917665202228382,0.006099895010209799,-0.018232896200330195,0.010364618865151604,-0.06873670323573577,0.0,,,,,,
2026-01-22 16:30:00+00:00,-1.9920187961066507,0.2943486917010162,-0.39539041756141124,0.0,0.0,0.031172913665774408,1.8966681843607531,2.570684315703018,11.638868459327167,41.79600350375706,0.7611940298507462,3.0,75.0,-0.0005160245402867321,0.0,336.0,0.0,0.06838286827925945,0.49134158993075716,0.0003997237607676149,0.007442014319564875,0.8937832081732409,-0.0015684176436527864,-0.020774735103779918,0.010398770508242014,-0.06534456074912676,0.0,,,,,,
2026-01-22 17:30:00+00:00,-1.9951710944748915,0.2789955325839276,-0.4107435766784998,0.0,0.0,0.03160318943888531,1.8166443805124677,2.61445085854129,12.183467278512262,41.37428512333505,0.755223880597015,3.0,75.0,-0.0005160245402867321,0.0,336.0,0.0,0.036783389338330336,0.38979390538347203,0.000441954622943024,0.006783640224914841,0.80762292776764,0.0009445325714469988,-0.030171713202480355,0.010274674997023276,-0.06255077125862663,0.0,,,,,,
2026-01-22 18:30:00+00:00,-2.158383408791333,0.22535488689853858,-0.4643842223638889,0.0,0.0,0.03190338442892008,1.7221056838182354,2.647166224381333,12.777284836570733,40.90309874630958,0.755223880597015,3.0,85.0,-0.0008922459071259803,0.0,336.0,0.0,0.056108517472851706,0.5249784887509377,0.000311720755056481,0.0072110794024193335,0.8644067113184226,-0.011147632252352935,-0.03449818512364544,0.010289071053060388,-0.06316177321558492,0.0,,,,,,
2026-01-22 19:30:00+00:00,-2.2443423560597484,0.2026987670930135,-0.48704034216941394,0.0,0.0,0.03219003674744887,1.6118001128273027,2.6570977865627317,13.509511605000739,40.77436843980418,0.7492537313432835,3.0,85.0,-0.0008922459071259803,0.0,336.0,0.0,0.035982275179285886,0.37503296545655823,0.0004604353164856214,0.006762813463618438,0.7992236539567503,-0.0112391668500047,-0.03464423526610361,0.010289485256287615,-0.05926212101013206,0.0,,,,,,
2026-01-22 20:30:00+00:00,-2.186209457288319,0.18394247413622763,-0.5057966351261998,0.0,0.0,0.03261035295581926,1.4928559545561804,2.6443671280045495,14.392137146255488,40.44107022693187,0.7492537313432835,3.0,85.0,-0.0008922459071259803,0.0,336.0,0.0,0.04810360779831406,0.5141967600097911,0.0003010711116175881,0.00704936830573526,0.8496203330991418,-0.01117856387868077,-0.022156104751234196,0.010035964515526585,-0.057009410442568687,0.0,,,,,,
2026-01-23 14:30:00+00:00,-2.2988130987896107,-0.12930439409021527,-0.8190435033526426,0.0,0.0,0.032707796088886146,1.366454545297444,2.6057384961512136,15.441555700733407,40.62557123083488,0.7432835820895523,3.0,85.0,-0.0008922459071259803,0.0,336.0,0.0,0.999999999949432,5.0137408459638124e-11,0.004133715727298218,0.025669506843328006,1.2515382512017874e-09,-0.06965673226741131,-0.057897610703354196,0.01267324973180022,-0.02215970651196031,0.0,,,,,,
2026-01-23 15:30:00+00:00,-2.329542925833153,-0.025590048160570224,-0.7153291574229976,0.0,0.0,0.032701320939883344,1.2500666218668164,2.5523770916668314,16.606803841330517,40.3608555940676,0.7432835820895523,3.0,85.0,-0.0008922459071259803,0.0,336.0,0.0,0.8531964572407561,0.0841759395595367,0.0035356717389845907,0.022799522868840356,0.5172934680338287,-0.04415406332636085,-0.049596983253936244,0.012977303144854867,-0.03720581403433254,0.0,,,,,,
2026-01-23 16:30:00+00:00,-2.0034773777422727,0.037628059652581564,-0.6521110496098459,0.0,0.0,0.03283146480544509,1.1544173220792147,2.506365818236013,17.826715918775296,40.66900059762014,0.7373134328358208,3.0,85.0,-0.0008922459071259803,0.0,336.0,0.0,0.32294697886209806,0.3476130733672565,0.001433564544106747,0.012419457788579958,1.0981243500725433,-0.025032111513435318,-0.036347515606179215,0.013190386995458294,-0.042661039280424085,0.0,,,,,,
2026-01-23 17:30:00+00:00,-2.263952335218292,0.02236614274396238,-0.667372966518465,0.0,0.0,0.0330069581907547,1.1351705475368863,2.471651122607156,19.04850009393007,40.16655763254069,0.7373134328358208,3.0,85.0,-0.0008922459071259803,0.0,336.0,0.0,0.04519256738749482,0.4317766519726231,0.00040934511914871,0.00696392165673833,0.841563694935707,-0.023040675646821995,-0.029148332179028458,0.013166967809132157,-0.04143498825422309,0.0,,,,,,
2026-01-23 18:30:00+00:00,-2.19026704833258,-0.035474108730676523,-0.7252132179931039,0.0,0.0,0.03314202242256601,1.2190747690566486,2.4572724439026867,20.218131960428515,40.4080103661414,0.7313432835820896,3.0,85.0,-0.0008922459071259803,0.0,336.0,0.0,0.04681323978994242,0.4726498374812057,0.00035622688252296574,0.007009791495538112,0.8496889843389129,-0.021849189614353115,-0.032519309834561305,0.013170674783065956,-0.046606314428248474,0.0,,,,,,
2026-01-23 19:30:00+00:00,-2.323408597134708,-0.07842412589140896,-0.7681632351538363,0.0,0.0,0.03330880814337218,1.2401840484617164,2.4623680497475653,21.27939224624615,39.58024142091168,0.7253731343283583,3.0,90.0,-0.0012523454899855573,0.0,336.0,0.0,0.03938756564536963,0.3911611041774925,0.00044847695440392395,0.006835522124904015,0.8151969812546646,-0.018185210258572226,-0.028407860188546685,0.013174582931742684,-0.035056815397175534,0.0,,,,,,
2026-01-23 20:30:00+00:00,-2.344904660889213,-0.08228889358275683,-0.7720280028451842,0.0,0.0,0.033300526985812845,1.172120119497026,2.619945799314906,18.705272197619955,38.46233878488237,0.7253731343283583,3.0,90.0,-0.0012523454899855573,0.0,336.0,0.0,0.04589525030748504,0.47404639858656067,0.00035124401445108065,0.006992140265804448,0.8475629796636177,-0.01563777743299788,-0.026111565542612958,0.01317763857385995,-0.035772201925601266,0.0,,,,,,
2026-01-26 14:30:00+00:00,-2.5222208948840903,-0.3436884618511815,-1.033427571113609,0.0,0.0,0.032733985469529464,1.1940753332940326,2.5751277078902977,19.471318472988695,38.28235553604144,0.7253731343283583,3.0,90.0,-0.0012523454899855573,0.0,336.0,0.0,0.858174443220603,0.10572734624819986,0.0035210840036083856,0.022905123904646874,0.4887145033000931,0.011719191567059362,-0.00979763374841447,0.012123693614293803,-0.015378563990792848,0.0,,,,,,
2026-01-26 15:30:00+00:00,-2.7027257177143498,-0.4718677454785281,-1.1616068547409555,0.0,0.0,0.03276822929862704,1.209323762780722,2.544878100829074,20.19075224889943,38.3976177675154,0.7194029850746269,3.0,90.0,-0.0012523454899855573,0.0,336.0,0.0,0.9304588062927889,0.05887168717453163,0.0038232805673679504,0.024316435371659808,0.28225645196523436,-0.028096390477082345,-0.03297364345436016,0.012621135778256578,0.01174771806067021,1.0,,,,,,
2026-01-26 16:30:00+00:00,-2.3208992053905666,-0.42202447032058743,-1.1117635795830147,0.0,0.0,0.031677353965237874,1.2535078727852806,2.519588880618757,20.88543969707597,38.004905231689904,0.7194029850746269,3.0,90.0,-0.0012523454899855573,0.0,336.0,0.0,0.24220408786585151,0.392088636605653,0.0011072391189280771,0.010840329954649827,1.0784120421407914,-0.029479887441412167,-0.004052756494226095,0.012433474976388697,0.009403676968014807,1.0,,,,,,
2026-01-26 17:30:00+00:00,-2.2628129797509726,-0.42571501324478067,-1.115454122507208,0.0,0.0,0.03070563630880804,1.2955118759652837,2.4988641861444214,21.51685396342575,37.99215942357851,0.7134328358208956,3.0,90.0,-0.0012523454899855573,0.0,336.0,0.0,0.04195004474829312,0.4228607862171658,0.00041152951702871265,0.006896874288141009,0.8315621110656521,-0.03052050755048885,-0.0074300805614067045,0.012417339050945898,0.007676791192172239,1.0,,,,,,
2026-01-26 18:30:00+00:00,-2.4630643104130843,-0.5759397130908797,-1.265678822353307,0.0,0.0,0.029984485099084524,1.3408044870632698,2.486339722013418,22.087254782278606,37.27402011766498,0.7134328358208956,3.0,90.0,-0.0012523454899855573,0.0,336.0,0.0,0.6773822448639107,0.23921665754053908,0.0027419696019092854,0.019380788748082193,0.8132018443685813,-0.04518496065753297,-0.020206129470988543,0.012744112732524376,0.029912549932732624,1.0,,,,,,
2026-01-26 19:30:00+00:00,-2.4461463876140184,-0.46432585724177494,-1.1540649665042024,0.0,0.0,0.02946973996678446,1.3955450631576387,2.4824258755199637,22.737577964547278,36.98039395122455,0.7074626865671642,3.0,90.0,-0.0012523454899855573,0.0,336.0,0.0,0.14429700570953496,0.5103521683165894,0.0006196349571044017,0.008947345738009087,0.9898075718743865,-0.05662824125478494,-0.027399710114052844,0.012836010453405966,0.03317441967828039,1.0,,,,,,
2026-01-26 20:30:00+00:00,-2.5434552792135525,-0.4034409814619727,-1.0931800907244003,0.0,0.0,0.028735703680849024,1.4717362721735314,2.4912538276095453,23.40627241524299,35.71621325958519,0.7074626865671642,3.0,100.0,-0.001211083738245106,0.0,336.0,0.0,0.04250573648025203,0.35750261922707344,0.00039852632685659855,0.006793130124064492,0.8084692133329634,-0.06032311263546308,-0.02571698940683742,0.012825163672350145,0.0350795407974962,1.0,,,,,,
2026-01-27 14:30:00+00:00,-2.6038390348758793,-0.6371014481084702,-1.3268405573708977,0.0,0.0,0.028188197817777916,1.6195998636340212,2.551607606741375,24.150359953435128,35.13511528609682,0.7014925373134329,3.0,100.0,-0.001211083738245106,0.0,336.0,0.0,0.6954683604260018,0.1691258725021765,0.00211926439822196,0.019206071617839233,0.8238697330575185,-0.023241380058121486,-0.025617950903955133,0.012829165399650332,-0.02491307917069374,0.0,,,,,,
2026-01-27 15:30:00+00:00,-2.6958970104497246,-0.6174368364045371,-1.3071759456669645,0.0,0.0,0.027860189293158463,1.8398953721626703,2.677693161461828,24.95125589057148,34.53876725246815,0.7492537313432835,3.0,100.0,-0.001211083738245106,0.0,336.0,0.0,0.09045867383678138,0.46514671264648616,0.00039506767206262406,0.007761943059154295,0.9338069897803399,0.0035137505677074188,-0.029784207106115623,0.012748664119069594,-0.045097298674340536,0.0,,,,,,
2026-01-27 16:30:00+00:00,-2.0648672054565225,-0.6362973312137709,-1.3260364404761984,0.0,0.0,0.027506563242409073,2.1154908820620815,2.890485718958983,25.717234038763507,35.940731826963564,0.7492537313432835,3.0,100.0,-0.001211083738245106,0.0,336.0,0.0,0.04856365768035571,0.4133293826251377,0.0003529588697702225,0.006935411019386151,0.8455438320610693,-0.010832561794279272,-0.03069042376180331,0.01275255540594491,-0.042792768777767165,0.0,,,,,,
2026-01-27 17:30:00+00:00,-2.0421657013111147,-0.6329746595386984,-1.3227137688011257,0.0,0.0,0.027004038680460533,2.4199641623179424,3.1504736418031425,26.329660977466723,37.30025438087083,0.7432835820895523,3.0,100.0,-0.001211083738245106,0.0,336.0,0.0,0.05019078326204942,0.43345756393746954,0.00033523344455886427,0.0069760448498575565,0.8538123163985079,-0.008989588061315779,-0.024611064236869318,0.012749176278405912,-0.0588911435675028,0.0,,,,,,
2026-01-27 18:30:00+00:00,-1.9458717859292878,-0.6592775385286517,-1.3490166477910792,0.0,0.0,0.026695832643687797,2.528178149871406,3.080019550579007,26.635774335067,39.04674774244958,0.7432835820895523,3.0,100.0,-0.001211083738245106,0.0,336.0,0.0,0.061777274666458236,0.4665721730897413,0.0003268039612541563,0.007213478293035519,0.882142701558911,0.0038723770563011684,-0.03370550278304574,0.01273828272045494,-0.04309306961742454,0.0,,,,,,
2026-01-27 19:30:00+00:00,-1.921847348327403,-0.6568273985568972,-1.3465665078193245,0.0,0.0,0.026608822282148274,2.4888553446170225,3.0217490212309013,26.63845399609037,40.594472740146585,0.7373134328358208,3.0,100.0,-0.001211083738245106,0.0,336.0,0.0,0.04431875483068799,0.3831019275696109,0.00037538628633952453,0.006839900078204195,0.8249539070798843,0.015551330503225103,-0.04236394167650115,0.012592252769887135,-0.05286055216948249,0.0,,,,,,
2026-01-27 20:30:00+00:00,-1.9638786705076285,-0.6589459292023004,-1.348685038464728,0.0,0.0,0.026534845275942943,2.393655386948347,2.987446066803621,26.389488556571358,42.43491943063632,0.7373134328358208,3.0,100.0,-0.001211083738245106,0.0,336.0,0.0,0.05112925440211444,0.47145566740625905,0.00029680736063261953,0.007011910731650278,0.8595153031469596,0.018951479625892276,-0.04072811761372197,0.01259622510070108,-0.04947764698297519,0.0,,,,,,
2026-01-28 14:30:00+00:00,-1.9330360761004688,-0.7173181484372199,-1.4070572576996474,0.0,0.0,0.02643314453038856,2.2580921533500997,2.90804159678103,25.925034415303372,43.68648199215785,0.7313432835820896,3.0,60.0,-0.00487768644419072,0.0,336.0,0.0,0.2606668238056947,0.43555864409244255,0.0008227558397839188,0.011006824308032686,1.0744118687604347,-0.010637518020898185,-0.07770261232700904,0.011928591466638527,-0.03173227374218701,0.0,,,,,,
2026-01-28 15:30:00+00:00,-2.0515135899216665,-0.7085373390431763,-1.3982764483056038,0.0,0.0,0.026246304267452055,2.1136695853189833,2.867466521019348,25.20247346382091,44.81206978878119,0.7313432835820896,3.0,60.0,-0.00487768644419072,0.0,336.0,0.0,0.04952087624028644,0.3507526213940491,0.0004220641802854252,0.006924263127776182,0.8229316400666884,-0.012623174124957615,-0.07525998235048359,0.011955695034638237,-0.029682291486611945,0.0,,,,,,
2026-01-28 16:30:00+00:00,-1.68601592996179,-0.6840166880541633,-1.3737557973165906,0.0,0.0,0.026053436543727305,1.994055917487096,2.904387424110468,24.450805184441446,45.33678251236663,0.7253731343283583,3.0,60.0,-0.00487768644419072,0.0,336.0,0.0,0.09861296967914267,0.4580610609936313,0.0004216150129792561,0.007914728329843274,0.9466980590319718,-0.0023485900447326458,-0.06926156843751219,0.012046272548045191,-0.03312582975341538,0.0,,,,,,
2026-01-28 17:30:00+00:00,-1.6784732427274296,-0.6782524600315328,-1.3679915692939604,0.0,0.0,0.02595306318785952,1.9117075095777976,2.990072909262477,23.60032220857204,46.07668313713791,0.7253731343283583,3.0,60.0,-0.00487768644419072,0.0,336.0,0.0,0.04595006735423487,0.3778589784975573,0.00038478559174512746,0.006868663777446046,0.8269440679369433,-0.0019248926424184631,-0.06353113132959809,0.012066741193528472,-0.03365030269738334,0.0,,,,,,
2026-01-28 18:30:00+00:00,-1.6254540922608989,-0.7175838749120637,-1.407322984174491,0.0,0.0,0.025475437919424734,1.8837870935236645,3.1210109966192245,22.610612768563175,46.192455828951175,0.7194029850746269,3.0,60.0,-0.00487768644419072,0.0,336.0,0.0,0.11316224089620118,0.5348352719246521,0.0003734192819222372,0.008229451893647726,0.9488027364548794,-0.005293730827016674,-0.07960313629495452,0.011994025022826831,-0.02049382510848652,0.0,,,,,,
2026-01-28 19:30:00+00:00,-1.659889112898144,-0.667596226096016,-1.3573353353584434,0.0,0.0,0.025236853278469525,1.9113864602011355,3.257347856075788,21.59982808207854,46.40475534093477,0.7194029850746269,3.0,60.0,-0.00487768644419072,0.0,336.0,0.0,0.25737260385920485,0.24427703852482055,0.0010195194856339835,0.010853655581809776,1.040687823853153,0.006020095354384303,-0.06448119250575246,0.012274712587151355,-0.030813335087248817,0.0,,,,,,
2026-01-28 20:30:00+00:00,-1.6644991869620274,-0.6704282828334647,-1.360167392095892,0.0,0.0,0.02500490806062065,1.9504906608642216,3.3368778510429182,20.59480469284797,45.77710970929435,0.7194029850746269,3.0,60.0,-0.00487768644419072,0.0,336.0,0.0,0.061776113242687225,0.5503753682011443,0.0002372379408979746,0.007252928987394076,0.8680057097066771,0.005599431083969542,-0.06258854323727991,0.012279786230473278,-0.03020406205731163,0.0,,,,,,
2026-01-29 14:30:00+00:00,-1.5729926853487297,-0.6744789503907277,-1.364218059653155,0.0,0.0,0.02423223400595561,1.9388758181199572,3.3266571285472963,19.676337143643252,45.29495560776352,0.7134328358208956,3.0,60.0,-0.00487768644419072,0.0,336.0,0.0,0.035147961634848575,0.3204130591896311,0.00042104400045352136,0.0066347877212710555,0.7655087720347653,0.018500334088226822,-0.0733161046911448,0.012084102546849705,0.015050310938615752,1.0,,,,,,
2026-01-29 15:30:00+00:00,-1.622653814994712,-0.6537405984450761,-1.3434797077075036,0.0,0.0,0.023873913677575995,1.8798427000389553,3.296708553031288,18.89826392933804,44.225319144713154,0.7134328358208956,3.0,65.0,-0.004733474344298233,0.0,336.0,0.0,0.08726120618182148,0.49891275162691434,0.0003515404031229103,0.007716628566985427,0.9248456452149452,0.020857141617920405,-0.060502735742772984,0.012127788585058336,0.008002299767817078,1.0,,,,,,
2026-01-29 16:30:00+00:00,-1.68766256784715,-0.6189041407658898,-1.3086432500283172,0.0,0.0,0.02404147887357314,1.8034735927180296,3.263474918839956,18.319673629714163,43.46497834568927,0.7074626865671642,3.0,65.0,-0.004733474344298233,0.0,336.0,0.0,0.09947526456639277,0.31683934047582046,0.0005745499767028407,0.007864719720692364,0.9079884408282917,0.022584828807026724,-0.04510832198683268,0.012225775897279398,-0.011726997027587949,0.0,,,,,,
2026-01-29 17:30:00+00:00,-1.7033959510124503,-0.6306835971603889,-1.3204227064228165,0.0,0.0,0.02407810119040677,1.7237326484092135,3.214489287718353,17.936002673980507,42.33074481758871,0.7014925373134329,3.0,65.0,-0.004733474344298233,0.0,336.0,0.0,0.05819725416298353,0.5358773085248426,0.00024440467164517696,0.00717757901984226,0.8657918555417083,0.01859127189590648,-0.04588439200513861,0.012225539235999635,-0.021947837262803027,0.0,,,,,,
2026-01-29 18:30:00+00:00,-1.6851253317260593,-0.6153042113268492,-1.3050433205892766,0.0,0.0,0.02435476771013504,1.6254065804139908,3.1671586113713497,17.660537369094875,41.62337909832999,0.7014925373134329,3.0,65.0,-0.004733474344298233,0.0,336.0,0.0,0.04623103962755683,0.31224246597547156,0.0004555659941496907,0.006843136642672003,0.790338209118534,0.03133390370344813,-0.03712160033915346,0.012253269357815616,-0.01867361612862073,0.0,,,,,,
2026-01-29 19:30:00+00:00,-1.7013711671188652,-0.6507622004967272,-1.3405013097591545,0.0,0.0,0.024367836434390677,1.624383239777237,3.141191388038206,17.44739659960784,40.59898929805785,0.6955223880597015,3.0,65.0,-0.004733474344298233,0.0,336.0,0.0,0.09441023544267686,0.5851337536701628,0.0002760285493882184,0.007894116173968482,0.9010822220462518,0.011602993820670982,-0.04163903183507678,0.012287772709507096,0.0006589936815846187,1.0,,,,,,
2026-01-29 20:30:00+00:00,-1.7488678274570606,-0.6606098556928794,-1.3503489649553069,0.0,0.0,0.02433508175957598,1.7040870989407417,3.1404229023530674,17.27172949390339,40.04596113990373,0.6955223880597015,3.0,65.0,-0.004733474344298233,0.0,336.0,0.0,0.0321932885852855,0.2900611933899646,0.00044660668333615627,0.006563921015206287,0.7332459234530594,0.010528630087634383,-0.04088134927096476,0.012287728638673641,0.011642323473099125,1.0,,,,,,
2026-01-30 14:30:00+00:00,-1.723577016698689,-0.7947337090610348,-1.4844728183234621,0.0,0.0,0.024303465180541838,1.801430797992282,3.194302332549311,17.06544944536376,39.32098620456587,0.6955223880597015,3.0,65.0,-0.004733474344298233,0.0,336.0,0.0,0.9999999950307102,4.952510900515729e-09,0.003008645804872016,0.024956995207715108,1.0009429195454726e-07,-0.03277589523802238,-0.036435267661755866,0.011808281318660034,0.040081297888187706,1.0,,,,,,
2026-01-30 15:30:00+00:00,-1.6971875694789205,-0.6102442959473053,-1.2999834052097328,0.0,0.0,0.02500843447300928,1.903517020983468,3.287757876770719,16.82212939735231,39.11482453491125,0.6895522388059702,3.0,65.0,-0.004733474344298233,0.0,336.0,0.0,0.5211114937128777,0.3882708551385699,0.0014793364557878774,0.015971043716742704,0.9245629857679429,-0.053331266167303326,-0.06967993858371546,0.01151641325537721,0.03662662696908647,1.0,,,,,,
2026-01-30 16:30:00+00:00,-1.7975616666833187,-0.6028109616872017,-1.2925500709496291,0.0,0.0,0.025575548071082536,1.9941469811985317,3.3970849336107767,16.53546214522537,38.64799882577551,0.6895522388059702,3.0,65.0,-0.004077623795953613,0.0,336.0,0.0,0.04428823698719963,0.3518248539277872,0.00040874214247414687,0.0068245836727161,0.8101533841302379,-0.06302900754006124,-0.0831052180134586,0.01123802541399192,0.0087063060362631,1.0,,,,,,
2026-01-30 17:30:00+00:00,-1.7166157549520624,-0.30969997338022764,-0.9994390826426551,0.0,0.0,0.026603466388249404,2.065855636216985,3.5126053366520043,16.14975751519207,38.532190351805674,0.6835820895522388,3.0,65.0,-0.004077623795953613,0.0,336.0,0.0,0.3999104095018614,0.43710465360544704,0.0011451168708434098,0.013673520478592478,1.0239345669599877,-0.07555752282099082,-0.09840123917930743,0.0113910565480336,0.02140803657999424,1.0,,,,,,
2026-01-30 18:30:00+00:00,-1.7914557241588889,-0.5534186559279298,-1.2431577651903574,0.0,0.0,0.027023576867963462,2.1351021945885966,3.661120680935824,15.662313771805195,38.20456219122819,0.6835820895522388,3.0,65.0,-0.004077623795953613,0.0,336.0,0.0,0.16462294105323233,0.2774875949804015,0.0007682021148517862,0.009093506507887728,0.9783103238336683,-0.069133242493856,-0.08440565321865634,0.011625360020287299,0.010992016148038353,1.0,,,,,,
2026-01-30 19:30:00+00:00,-1.5556292740455149,-0.3856243326439464,-1.0753634419063738,0.0,0.0,0.02753069399168545,2.2119017762437085,3.8884525677770707,15.091735807282515,38.141457444456364,0.6776119402985075,3.0,65.0,-0.004077623795953613,0.0,336.0,0.0,0.1203675175250548,0.5865395911037371,0.0003349274631915542,0.00839175838947943,0.9274733606252126,-0.07048364134453777,-0.09393746292104233,0.01163999078633754,0.03218539779718643,1.0,,,,,,
2026-01-30 20:30:00+00:00,-1.6387489999680274,-0.4779256891077194,-1.1676647983701467,0.0,0.0,0.028014071489973934,2.1644860596851414,3.8923725026254212,14.538311038615104,37.983321173826425,0.6776119402985075,3.0,65.0,-0.004077623795953613,0.0,336.0,0.0,0.03767736342894041,0.2589278526674158,0.0004926411261874508,0.0066542551093629375,0.7208777268198786,-0.06560570815457911,-0.090849279992546,0.011680102810379359,0.02384177565906409,1.0,,,,,,
2026-02-02 14:30:00+00:00,-1.634648826052336,-0.5944822588910401,-1.2842213681534675,0.0,0.0,0.02817265156954425,2.100855959928071,3.899171985271214,14.046062968255804,38.10052166147629,0.6716417910447762,3.0,65.0,-0.004077623795953613,0.0,336.0,0.0,0.08761681066514843,0.5641918329683653,0.00028260190917421356,0.0077541847106977375,0.9035921970334535,-0.017456712592391455,-0.06561117182120668,0.01133896402514794,-0.020624779437203422,0.0,,,,,,
2026-02-02 15:30:00+00:00,-1.7282714123669383,-0.7096223422227317,-1.3993614514851591,0.0,0.0,0.027672160547143644,2.068972415802424,3.8897077101727695,13.660537565185997,38.338703381012365,0.6716417910447762,3.0,65.0,-0.004077623795953613,0.0,336.0,0.0,0.04855080176051056,0.27897395504865424,0.0004965191583276312,0.0068718808654958064,0.769853065416776,0.0027918330627709764,-0.03879171504386214,0.01088994432132551,-0.01333116249810562,0.0,,,,,,
2026-02-02 16:30:00+00:00,-1.7695282388695674,-0.7800964845370483,-1.4698355937994756,0.0,0.0,0.027457961878718913,2.0553065493052225,3.870567218615773,13.404848951683878,38.90773559560205,0.6656716417910448,3.0,65.0,-0.004077623795953613,0.0,336.0,0.0,0.07250619396092067,0.5518915856722536,0.0002605859032450209,0.007459082072722557,0.88610760888501,0.007318348979619138,-0.0463069815924273,0.010713432561214042,-0.008630870724497086,0.0,,,,,,
2026-02-02 17:30:00+00:00,-1.7602730463515028,-0.815518941464914,-1.5052580507273414,0.0,0.0,0.027259204008813362,2.0474196077147644,3.8687436048026482,13.24997171522066,39.64122668072359,0.6656716417910448,3.0,70.0,-0.00391388471278282,0.0,336.0,0.0,0.036187960486231366,0.307175018850782,0.0004376119719155879,0.006648464242169414,0.7588763275165559,0.023315948227701,-0.04456478340111758,0.01072459469181056,-0.012203791256729879,0.0,,,,,,
2026-02-02 18:30:00+00:00,-1.7889574304512237,-0.893754680311025,-1.5834937895734524,0.0,0.0,0.02660503830012719,2.03170120011439,3.9041141505842503,13.206170570656942,40.651671101333555,0.6597014925373135,3.0,70.0,-0.00391388471278282,0.0,336.0,0.0,0.07887665159506341,0.5184766965868368,0.00031112128548587564,0.007565312263663303,0.9071891539923393,0.017305513681921347,-0.021915178879202024,0.010380625551486718,-0.014502431124292059,0.0,,,,,,
2026-02-02 19:30:00+00:00,-1.9944264520431187,-0.8906710082487284,-1.5804101175111558,0.0,0.0,0.025636258578036617,2.0193766049129342,3.842972586914092,13.208785657305786,41.64917770084936,0.6597014925373135,3.0,70.0,-0.00391388471278282,0.0,336.0,0.0,0.04130079540376145,0.3288604699430062,0.00042633332206473294,0.00675656922516877,0.7885223571996071,0.028067312436617975,-0.009241909229639411,0.010270505926867807,-0.03161561719448791,0.0,,,,,,
2026-02-02 20:30:00+00:00,-2.014554078153938,-0.8916026802030491,-1.5813417894654767,0.0,0.0,0.024649169992687486,2.0491456029965485,3.6724514455994717,13.46814456215623,43.07712667713711,0.6537313432835821,3.0,70.0,-0.00391388471278282,0.0,336.0,0.0,0.0568592474436485,0.5231845169727102,0.00025485640961673124,0.007145982893308756,0.8663114825223774,0.024873016009633098,-0.005653151347449814,0.01026308027708428,-0.031854009639352476,0.0,,,,,,
2026-02-03 14:30:00+00:00,-2.1381139228804167,-0.7276194332526821,-1.4173585425151094,0.0,0.0,0.026516461347943374,2.068780370360631,3.6898799098212627,12.819069208768648,44.185820157184224,0.6537313432835821,3.0,70.0,-0.00391388471278282,0.0,336.0,0.0,0.9999999998909642,1.0065082155852196e-10,0.003008645821366947,0.02495699529848457,2.63980858930843e-09,0.06528291876902959,0.02291312700594439,0.012545104821994056,-0.027711315304100204,0.0,,,,,,
2026-02-03 15:30:00+00:00,-2.1477236332532645,-0.7353544093230273,-1.4250935185854547,0.0,0.0,0.02833259060368279,2.0679643419167753,3.6792447209387737,12.060523657625708,44.33594850054243,0.6477611940298508,3.0,70.0,-0.00391388471278282,0.0,336.0,0.0,0.07716018804499947,0.5944770139707567,0.00022590303755318786,0.007568246350074641,0.8725227736629761,0.05854173287234943,0.01623626726077987,0.012519571809886481,-0.0249596990116272,0.0,,,,,,
2026-02-03 16:30:00+00:00,-2.1788042924256885,-0.7860952273122163,-1.4758343365746436,0.0,0.0,0.02940088507478827,2.0562588750209567,3.6911539435924094,11.142135909150037,44.03755645516234,0.6477611940298508,3.0,70.0,-0.00391388471278282,0.0,336.0,0.0,0.1406520033335438,0.36320402898447646,0.000620814804118007,0.00867493126858669,0.9914757145044834,0.04398366153285416,0.00850924173470613,0.012653110321866928,-0.0046627691948648575,0.0,,,,,,
2026-02-03 17:30:00+00:00,-2.203758114437198,-0.8380950052629734,-1.5278341145254009,0.0,0.0,0.029969809432474064,2.0343530297636456,3.7308156241750705,10.097944040756802,43.40757715191283,0.6417910447761194,3.0,70.0,-0.00391388471278282,0.0,336.0,0.0,0.23805602264431105,0.49665758546772765,0.0007048430526948494,0.010602695026955747,1.041278283533927,0.030293737330486792,-0.00528145800931501,0.012810259714870495,0.00544870382827245,1.0,,,,,,
2026-02-03 18:30:00+00:00,-2.2433848023023293,-0.8125311266263633,-1.5022702358887907,0.0,0.0,0.030735374729426022,2.002724359728054,3.807814552645674,8.9750075335572,42.539240121761054,0.7074626865671642,3.0,90.0,-0.0047424601702906344,0.0,336.0,0.0,0.07739952677602786,0.28931830414184584,0.0005525934337810441,0.00742909307327787,0.8461766616163453,0.03315411268331392,0.007366556747810726,0.012851802981672508,-0.002254451535891988,0.0,,,,,,
2026-02-03 19:30:00+00:00,-2.1595820834853336,-0.7662904110079606,-1.4560295202703881,0.0,0.0,0.03196456472046866,1.9673219141674916,3.928145563547428,7.834513949810356,41.64240008274591,0.7074626865671642,3.0,90.0,-0.0047424601702906344,0.0,336.0,0.0,0.3430311434259539,0.38446298104478716,0.0010690214234602066,0.012559710602463374,1.0888154031220485,0.04307532258950442,0.018282082856639903,0.01302396692428685,-0.028905186722784748,0.0,,,,,,
2026-02-03 20:30:00+00:00,-2.1382069260911623,-0.7283750069593339,-1.4181141162217612,0.0,0.0,0.033477361971592366,1.9162146531726443,4.05513915712862,6.740551750246145,40.368319734250235,0.7074626865671642,3.0,90.0,-0.0047424601702906344,0.0,336.0,0.0,0.15483211674034295,0.3333137933584172,0.0006857559729253977,0.008932345885598483,0.9978248538033363,0.05237501561804514,0.02777038464470305,0.013125499793712171,-0.03635554495251636,0.0,,,,,,
2026-02-04 14:30:00+00:00,-2.171389413395049,-0.7943693790302533,-1.4841084882926807,0.0,0.0,0.034065169136240164,1.807476406642381,4.098720713465571,5.766492323202613,39.04274151878198,0.7014925373134329,3.0,90.0,-0.0047424601702906344,0.0,336.0,0.0,0.44855293988699757,0.4011437129531264,0.0012967384386875966,0.014587895655066596,1.0108764554678906,-0.007744908288450425,0.02580573673839215,0.013188736018920713,0.012984008515695145,1.0,,,,,,
2026-02-04 15:30:00+00:00,-2.1695116858626355,-0.87146971677682,-1.5612088260392474,0.0,0.0,0.034159831736460124,1.6852239177005557,4.1468991645305895,4.953418458526989,37.598228542549606,0.7014925373134329,3.0,90.0,-0.0047424601702906344,0.0,336.0,0.0,0.7564427410071571,0.16321790475647066,0.0022674629722951234,0.020370708841853057,0.7095800737244647,-0.02470693896603393,0.004152502419703552,0.013556071507297101,0.04019849672691489,1.0,,,,,,
2026-02-04 16:30:00+00:00,-2.1280487668359314,-0.9745764060469397,-1.6643155153093672,0.0,0.0,0.034256124566624885,1.5564923122762906,4.20204276495644,4.252757785787185,36.26485655026288,0.6955223880597015,3.0,90.0,-0.0047424601702906344,0.0,336.0,0.0,0.9993191899473642,0.0006392294430219133,0.003006378442421802,0.024944261550474287,0.005801728816672851,-0.042595704476210194,-0.03173787269677142,0.014347119969767765,0.07028654469840312,1.0,,,,,,
2026-02-04 17:30:00+00:00,-2.160544115963151,-0.9813476706807476,-1.671086779943175,0.0,0.0,0.03439485115665102,1.4218973676680007,4.259756129456157,3.6517137036854996,35.09434841338686,0.6955223880597015,3.0,90.0,-0.0047424601702906344,0.0,336.0,0.0,0.077576911780175,0.5954871523843341,0.00022579316497877534,0.007576700768263113,0.8725216213512254,-0.03220164897819355,-0.0355582143450901,0.014335496189926166,0.07554543987520823,1.0,,,,,,
2026-02-04 18:30:00+00:00,-2.219430088180337,-0.9831796204197223,-1.6729187296821497,0.0,0.0,0.03457421310672083,1.2890441700951434,4.308228484431065,3.156153859191996,33.95444734365048,0.6895522388059702,3.0,90.0,-0.0047424601702906344,0.0,336.0,0.0,0.031078214890985927,0.2774741133288711,0.0004574641985612873,0.0065366429729896,0.7187316078299051,-0.03946761021719691,-0.026807322642369513,0.014282185663535767,0.07719558657888648,1.0,,,,,,
2026-02-04 19:30:00+00:00,-2.5773993086420273,-0.9465937288561024,-1.6363328381185298,0.0,0.0,0.03454586226277556,1.1667746635178062,4.335867353945884,2.7700379535641457,33.04037944613905,0.6895522388059702,3.0,85.0,-0.0034993777723068293,0.0,336.0,0.0,0.3906691988481952,0.3756791020501168,0.0011892605772797055,0.013467654950552436,1.07469676940514,-0.03895723722893596,-0.02669524972668036,0.014285412030158012,0.07184266204964906,1.0,,,,,,
2026-02-04 20:30:00+00:00,-2.569046907252819,-0.9638738985863484,-1.6536130078487759,0.0,0.0,0.03457781215147113,1.0641926250059903,4.335920235547501,2.4826701284742625,32.16804430817813,0.6895522388059702,3.0,85.0,-0.0034993777723068293,0.0,336.0,0.0,0.05921789424395753,0.42440750705912655,0.0003659112119460945,0.007144615830655944,0.8724081957363503,-0.05340625596861415,-0.03123530240788064,0.01429655353117651,0.06981794882639303,1.0,,,,,,
2026-02-05 14:30:00+00:00,-2.3214302644137947,-0.9292106890775395,-1.6189497983399668,0.0,0.0,0.035798813663241794,1.1186659822459775,4.314411813872582,2.2800976996040734,31.684582965903306,0.6835820895522388,3.0,85.0,-0.0034993777723068293,0.0,336.0,0.0,0.9999995557997707,4.4196613637413683e-07,0.002605139665470095,0.025090812484489605,6.955564891469722e-06,-0.07816278991778258,-0.07085738726761726,0.01570297297499219,0.09522078749794094,1.0,,,,,,
2026-02-05 15:30:00+00:00,-2.6566955273026136,-1.0447519320522063,-1.7344910413146337,0.0,0.0,0.0363485708595436,1.2023889295185524,4.285359188760115,2.1787646181548888,31.422109819374537,0.6835820895522388,3.0,85.0,-0.0034993777723068293,0.0,336.0,0.0,0.4015962853179437,0.42088421318526925,0.0010274969573923413,0.013829798983847648,1.0374851287913867,-0.04716595640442112,-0.06387059560263797,0.015850370891321987,0.09365529404660311,1.0,,,,,,
2026-02-05 16:30:00+00:00,-2.785482415334125,-1.027192775641175,-1.7169318849036024,0.0,0.0,0.03641492517461223,1.2156500370085923,4.240023252622024,2.16506098836519,31.51868920676807,0.6776119402985075,3.0,85.0,-0.0034993777723068293,0.0,336.0,0.0,0.09591774303406486,0.32846490691016017,0.000556253077380683,0.007885530862359718,0.9084652864045553,-0.010018827781141049,-0.06434152928493919,0.015841262802442937,0.09426848811594457,1.0,,,,,,
2026-02-05 17:30:00+00:00,-2.9039081739620167,-1.034765928834469,-1.7245050380968965,0.0,0.0,0.036521228991041155,1.1939477609492692,4.189229238804636,2.231118205267078,31.715409035511634,0.6776119402985075,3.0,85.0,-0.0034993777723068293,0.0,336.0,0.0,0.05766201222549412,0.526898401519834,0.00026867137119114884,0.007272677240466305,0.86705724992809,-0.010295879609023117,-0.0644453658500197,0.015841219092904937,0.0849555392393837,1.0,,,,,,
2026-02-05 18:30:00+00:00,-2.8673817359472804,-1.0310244389862562,-1.7207635482486836,0.0,0.0,0.03639395063413514,1.1803770729627268,4.132113320235992,2.354108652203383,32.19430326048215,0.6716417910447762,3.0,85.0,-0.0034993777723068293,0.0,336.0,0.0,0.04003709642456985,0.32759016416089837,0.00045266600564955727,0.006808867083946935,0.7842267420212037,-0.008188933590409064,-0.0663301599362267,0.01582217671103627,0.0849024733395165,1.0,,,,,,
2026-02-05 19:30:00+00:00,-2.0363297048247353,-1.0498589244919037,-1.739598033754331,0.0,0.0,0.0367477432998674,1.18348247665321,4.075624203647181,2.5153120661239554,32.63842811300795,0.6656716417910448,3.0,85.0,-0.0034993777723068293,0.0,336.0,0.0,0.40275803252280207,0.46116808667453346,0.0009858173470677876,0.013877314692427475,0.9946238130564584,-0.03573370255505637,-0.07403194610240771,0.015942212682725113,0.09450325677207605,1.0,,,,,,
2026-02-05 20:30:00+00:00,-2.0422724192052355,-1.0656922147322518,-1.7554313239946793,0.0,0.0,0.03697207340590526,1.2032679880264134,4.0240574754455745,2.7034447213589496,33.29168633004634,0.6656716417910448,3.0,95.0,-0.003606068784978915,0.0,336.0,0.0,0.039830467395109044,0.3224977168588278,0.0004578230823099326,0.006801709455413819,0.7802446683348785,-0.03082276928878347,-0.07258670178429849,0.01594752539804081,0.09089083959180311,1.0,,,,,,
2026-02-06 14:30:00+00:00,-2.4456451723457953,-0.9383363906770426,-1.62807549993947,0.0,0.0,0.036979014110311945,1.2225989966447415,3.976951358286498,2.9210391422480106,33.972932480904014,0.6597014925373135,3.0,95.0,-0.003606068784978915,0.0,336.0,0.0,0.9999999999948058,5.171507848700871e-12,0.002605140977570703,0.025090820762692895,1.402147793111499e-10,0.058196382902132804,0.020114890872537927,0.016624852329761245,0.04609031668890484,1.0,,,,,,
2026-02-06 15:30:00+00:00,-2.5048722110500616,-0.9376935697832274,-1.6274326790456548,0.0,0.0,0.036731254195322235,1.230020750272348,3.9365015384770867,3.127090697333624,34.882578626055,0.6597014925373135,3.0,95.0,-0.003606068784978915,0.0,336.0,0.0,0.08294388652619328,0.6249935130169553,0.0002091815230160431,0.007820767935434843,0.8597189421725053,0.04691319635882785,0.0363738669234932,0.01641252168746414,0.05419137178847766,1.0,,,,,,
2026-02-06 16:30:00+00:00,-2.5043639884080764,-0.9092041372632714,-1.5989432465256987,0.0,0.0,0.03666415075936034,1.3627492007972593,3.889717710965258,3.1994109695328263,35.39838020844327,0.6537313432835821,3.0,95.0,-0.003606068784978915,0.0,336.0,0.0,0.07965820996880935,0.23414392263647624,0.0006285130576401144,0.007513542944142297,0.7998854917215228,0.047951763062486386,0.04663924131760844,0.016468950611285157,0.04981500833724084,1.0,,,,,,
2026-02-06 17:30:00+00:00,-2.4388348364387813,-0.9190478889507542,-1.6087869982131817,0.0,0.0,0.03604637839831238,1.3435480939132916,3.85000857679518,3.3741477116352354,36.48101309450164,0.6537313432835821,3.0,95.0,-0.003606068784978915,0.0,336.0,0.0,0.06763463038938701,0.6242660326097128,0.0001813335029337629,0.007525496901151193,0.8390593790305321,0.04794623241548912,0.05905838938646024,0.016259351863974893,0.04543262935714765,1.0,,,,,,
2026-02-06 18:30:00+00:00,-2.4577375865767657,-0.9225378971115357,-1.612277006373963,0.0,0.0,0.03582139469300954,1.30869693532931,3.8098916155611438,3.502211477982472,37.55591705337696,0.6477611940298508,3.0,95.0,-0.003606068784978915,0.0,336.0,0.0,0.02891740616288335,0.2584336517124392,0.0005071473971911154,0.0065515659111699985,0.6935756414786796,0.04540209227171399,0.04820517482934328,0.01618106875943778,0.05457303326057161,1.0,,,,,,
2026-02-06 19:30:00+00:00,-1.9063985075961227,-0.9734209499269044,-1.6631600591893319,0.0,0.0,0.03495129690414725,1.2693670430687163,3.769345710495669,3.600124327410335,38.483609338352935,0.6477611940298508,3.0,95.0,-0.003606068784978915,0.0,336.0,0.0,0.3880800440470429,0.5021668448862029,0.00091372715998915,0.013620243954016566,0.9557406055970132,0.04578575306120758,0.042237448303337644,0.016312833344829948,0.06861983373580305,1.0,,,,,,
2026-02-06 20:30:00+00:00,-1.9316611211682286,-1.0144390488986024,-1.7041781581610298,0.0,0.0,0.034270184171048386,1.304057432121577,3.7277011711486097,3.630376623868784,39.54521877350967,0.5701492537313433,3.0,95.0,-0.003606068784978915,0.0,336.0,0.0,0.038968794740840675,0.28142150674847644,0.0005009265966976217,0.006759477870336731,0.745758469827009,0.047873480304881255,0.040892486675161877,0.016307513218643398,0.06527785724204183,1.0,,,,,,
2026-02-09 14:30:00+00:00,-2.038219668295418,-0.9301178594126084,-1.6198569686750357,0.0,0.0,0.03488203159222752,1.369095086808094,3.680731268003502,3.6573413055491883,40.120354457625375,0.5701492537313433,3.0,105.0,-0.0036502908349386907,0.0,336.0,0.0,0.9999911319837166,8.29421183608753e-06,0.002605115358584104,0.025090655164447095,0.00011415599338059616,0.03295041553134492,0.0705220189962743,0.017258648496362557,0.027778420683689298,1.0,,,,,,
2026-02-09 15:30:00+00:00,-2.0336025172677696,-1.0337479570652017,-1.7234870663276292,0.0,0.0,0.035908008382613196,1.4179545156772366,3.620465964776617,3.7193857094019185,40.50664733700482,0.564179104477612,3.0,105.0,-0.0036502908349386907,0.0,336.0,0.0,0.19591853284051675,0.5464983544989953,0.0005059797529228832,0.009947376345380617,0.9989547038498725,0.04045125677250816,0.07403329063323039,0.017290226412623674,-0.04416492422176166,0.0,,,,,,
2026-02-09 16:30:00+00:00,-2.0389748828522816,-1.0486169817576738,-1.7383560910201012,0.0,0.0,0.036848904014256494,1.437772250149039,3.565614000076239,3.762916717754273,40.246669358700146,0.564179104477612,3.0,105.0,-0.0036502908349386907,0.0,336.0,0.0,0.03469564877050848,0.28965635724860583,0.00048396811802696915,0.006682327883683362,0.7404287144973875,0.03235360941705778,0.07167450175504708,0.01728865528549658,-0.03645649469804724,0.0,,,,,,
2026-02-09 17:30:00+00:00,-2.025464379951711,-1.1386095368006162,-1.8283486460630436,0.0,0.0,0.0377545332141068,1.4301098311034757,3.524923761462336,3.8020218231972347,39.95003157162398,0.5582089552238806,3.0,105.0,-0.0036502908349386907,0.0,336.0,0.0,0.07190406469436032,0.5433616118552415,0.0002773930177967525,0.007557218229169317,0.8882208090112963,0.03789508706874223,0.07363752822750147,0.01729137191331524,-0.04384822639923858,0.0,,,,,,
2026-02-09 18:30:00+00:00,-2.0220141845718813,-1.1740958190989594,-1.8638349283613869,0.0,0.0,0.03858132905301483,1.407898003546845,3.49235449234143,3.857273674887144,39.06336168011451,0.5582089552238806,3.0,105.0,-0.0036502908349386907,0.0,336.0,0.0,0.037387547182606375,0.3129941860117004,0.0004635984920077045,0.006748733393218724,0.766662029589203,0.03998242789758155,0.07088208904500348,0.017284415003860163,-0.029256896352857886,0.0,,,,,,
2026-02-09 19:30:00+00:00,-2.064040345517538,-1.145235951607702,-1.8349750608701294,0.0,0.0,0.03898683004829808,1.3442639433318198,3.7899227596840714,4.324426870985435,31.390532903451085,0.5522388059701493,3.0,105.0,-0.0036502908349386907,0.0,336.0,0.0,0.11764444296255937,0.49402556003974385,0.00041666946639106584,0.008407267078856858,0.967461798428297,0.06179061154349785,0.07596074741021752,0.017312760267804424,-0.0356891206129486,0.0,,,,,,
2026-02-09 20:30:00+00:00,-2.0976498799140892,-1.177837778295039,-1.8675768875574665,0.0,0.0,0.03908651834942175,1.3832960746152745,3.8328643382782106,4.3938667308097665,30.463796823924508,0.5462686567164179,3.0,105.0,-0.0036502908349386907,0.0,336.0,0.0,0.06647182686426095,0.41455435321131406,0.00040744998004593736,0.007372211391531452,0.885635808830879,0.05276723781029524,0.06878670847582402,0.01737110793112975,-0.030035241135898616,0.0,,,,,,
2026-02-10 14:30:00+00:00,-2.1734279478353664,-1.2927825836991427,-1.98252169296157,0.0,0.0,0.038585036781024304,1.358803125461781,3.8881929698356408,4.608186028963596,30.062236117003962,0.5462686567164179,3.0,105.0,-0.0036502908349386907,0.0,336.0,0.0,0.3572889723313977,0.4425776951334307,0.0009209930890103126,0.012990094004186435,1.0504567638085034,0.004073989064463213,0.009313089291707932,0.015827088098018978,-0.02665395001334847,0.0,,,,,,
2026-02-10 15:30:00+00:00,-2.0418158325961113,-1.2511650793507854,-1.9409041886132128,0.0,0.0,0.03803057459788488,1.4688894496599358,3.98069126495966,5.106955443388875,29.76006421174554,0.5402985074626866,3.0,110.0,-0.003071291163213288,0.0,336.0,0.0,0.1755385619368727,0.3039398335896586,0.0007319025292966215,0.009403515956367858,1.007249625774969,0.006290840915267104,0.021782398676148063,0.015934259975048184,-0.031857581678981006,0.0,,,,,,
2026-02-10 16:30:00+00:00,-2.040731514911981,-1.2416733434856868,-1.9314124527481142,0.0,0.0,0.03771425320756753,1.6207713313396523,4.124348237599237,5.926763056223845,29.793412383050295,0.5402985074626866,3.0,110.0,-0.003071291163213288,0.0,336.0,0.0,0.1405628724506209,0.46304732431382023,0.0004932672213232728,0.008829281930877857,0.9991128091904484,0.013963115636400403,0.04165395585859333,0.015865298661907213,-0.05278059525807599,0.0,,,,,,
2026-02-10 17:30:00+00:00,-2.0866220428990356,-1.3680729077870313,-2.057812017049459,0.0,0.0,0.03760748068768977,1.8096645714009179,4.271694895104056,7.166356084287281,29.994489435696764,0.5343283582089552,3.0,110.0,-0.003071291163213288,0.0,336.0,0.0,0.1727914044194341,0.4622292439445077,0.0005544496520507823,0.009449410112349774,1.02793237212089,-0.0008857802448476448,0.04245801065216703,0.015846533568359546,-0.04861294226820867,0.0,,,,,,
2026-02-10 18:30:00+00:00,-2.07892704192597,-1.3718124086868821,-2.06155151794931,0.0,0.0,0.03735533614999707,2.020114668579973,4.397536422337266,8.885828099228414,30.365551625131012,0.5343283582089552,3.0,110.0,-0.003071291163213288,0.0,336.0,0.0,0.04496714025716943,0.35910769671323983,0.0004275790013596663,0.006923478943656443,0.8157289567708808,-0.000482046829779037,0.03724592953191053,0.015807383282595004,-0.04679933640828793,0.0,,,,,,
2026-02-10 19:30:00+00:00,-2.0257656643044535,-1.3555299626296664,-2.045269071892094,0.0,0.0,0.03681867765502845,2.226139159200001,4.4767879071198395,11.104410023134509,30.829923671577312,0.5283582089552239,3.0,110.0,-0.003071291163213288,0.0,336.0,0.0,0.06896943255011047,0.5342464932074061,0.0002818257272477786,0.007495015487428204,0.8861211632416243,-0.013073107832629383,0.019812316988083722,0.015702249405897532,-0.04010915762767997,0.0,,,,,,
2026-02-10 20:30:00+00:00,-2.0205861990923886,-1.330102606887885,-2.0198417161503124,0.0,0.0,0.03594558686889495,2.3496996672436965,4.472714805783771,13.607244417908746,30.955535826508964,0.5283582089552239,3.0,110.0,-0.003071291163213288,0.0,336.0,0.0,0.04172739382313868,0.35646552321803865,0.0004243944770930082,0.0068594406144669665,0.8058603248848205,-0.00974987852337339,0.006661814334405491,0.015623090306355522,-0.029749936530664378,0.0,,,,,,
2026-02-11 14:30:00+00:00,-2.0161109906962573,-1.2730591870366896,-1.962798296299117,0.0,0.0,0.03551536973643142,2.4097025989225673,4.430986471967203,16.376188792382866,31.084175941797024,0.5223880597014925,3.0,110.0,-0.003071291163213288,0.0,336.0,0.0,0.0699537745028083,0.47205810030584777,0.00035136538210476555,0.007475156099556814,0.8980718473640585,0.009065912093096706,0.026123909673255064,0.015425718938854263,-0.109937167644798,0.0,,,,,,
2026-02-11 15:30:00+00:00,-1.9963577634621987,-1.1612676725440085,-1.851006781806436,0.0,0.0,0.035430728991884285,2.431511291697995,4.3781831058625205,19.192770435499593,31.037223794104026,0.5223880597014925,3.0,110.0,-0.003071291163213288,0.0,336.0,0.0,0.12263651621696237,0.34652679840624945,0.0005865753604633231,0.008411339290101813,0.9607832070082332,0.007449274100702397,0.05393861174288439,0.015139432228897073,-0.09740316122089965,0.0,,,,,,
2026-02-11 16:30:00+00:00,-1.9882833284138712,-1.1145058371615166,-1.804244946423944,0.0,0.0,0.03531280576500749,2.4269327152344125,4.323611107074745,21.8777371934665,31.063189448152322,0.5164179104477612,3.0,130.0,-0.0037366297634258915,0.0,336.0,0.0,0.07134391542951138,0.46256152272446555,0.0003643039624735571,0.007495999294948941,0.9007900742009713,0.003498283283782655,0.08774794361858618,0.014196157662685931,-0.10206632492898127,0.0,,,,,,
2026-02-11 17:30:00+00:00,-1.9988244660338088,-1.1285671994600603,-1.8183063087224878,0.0,0.0,0.03509844386191381,2.414991639298687,4.270939831107044,24.259837741025404,30.930238549790246,0.5164179104477612,3.0,130.0,-0.0037366297634258915,0.0,336.0,0.0,0.06838319267110654,0.4491991130264521,0.0003733114569839471,0.007430643140823642,0.8945917484331001,0.008423322533253064,0.08308298216361365,0.014255577724277116,-0.09171385288811074,0.0,,,,,,
2026-02-11 18:30:00+00:00,-1.9777151733675238,-0.9028307252340821,-1.5925698344965096,0.0,0.0,0.03485926033332291,2.4052666506117912,4.228910982221835,26.367818370759974,30.878785123476035,0.5104477611940299,3.0,130.0,-0.0037366297634258915,0.0,336.0,0.0,0.1162063307791322,0.36675378067916087,0.0005525269614379501,0.008300135227133434,0.9590565618097203,0.015072652192769098,0.09178619194187654,0.01429814620120424,-0.1026028143225961,0.0,,,,,,
2026-02-11 19:30:00+00:00,-1.9150331530860378,-0.9242504914531929,-1.6139896007156205,0.0,0.0,0.0347940109107071,2.354189446311152,4.1974610918903394,28.17363009036245,30.704504606345274,0.5104477611940299,3.0,130.0,-0.0037366297634258915,0.0,336.0,0.0,0.05170461704578048,0.47205683006981103,0.00031722695903978296,0.00712372338165548,0.8608031723557721,0.019902330024934578,0.07867188424195426,0.014182206638233533,-0.10521985766718966,0.0,,,,,,
2026-02-11 20:30:00+00:00,-1.9188469232074021,-0.9470270324482648,-1.6367661417106922,0.0,0.0,0.03458772605875924,2.3116663131735846,4.138662363964085,29.393079009557024,30.57826424769331,0.5044776119402985,3.0,130.0,-0.0037366297634258915,0.0,336.0,0.0,0.04273975922673714,0.39528825121091515,0.0003840260098595793,0.006903167629637728,0.8254916069891299,0.022260497955119973,0.08232856825813961,0.01414605080113182,-0.09409137970285464,0.0,,,,,,
2026-02-12 14:30:00+00:00,-1.9249677953538962,-0.9989179023523804,-1.6886570116148079,0.0,0.0,0.03262071005690203,2.2642212550682737,4.0776858271774294,29.988727407285307,30.331373392042035,0.5044776119402985,3.0,130.0,-0.0037366297634258915,0.0,336.0,0.0,0.05485400496374995,0.4848885728144603,0.0003091500950981513,0.007192381523224904,0.8673710968853632,0.014638519526129379,0.11892521911716702,0.012188315728122168,-0.044076446510421974,0.0,,,,,,
2026-02-12 15:30:00+00:00,-2.0337009520404963,-1.4605858708157402,-2.1503249800781674,0.0,0.0,0.03270598451478711,2.2203001810275653,4.017955584394112,30.048000273582545,30.048000273582545,0.49850746268656715,3.0,130.0,-0.0037366297634258915,0.0,336.0,0.0,1.0,1.2785890572162048e-18,0.0026051409775860496,0.025090820762789692,3.5328910263525103e-17,-0.05790503923773116,0.04319952890957435,0.01643575472322021,0.029330519700058844,1.0,,,,,,
2026-02-12 16:30:00+00:00,-2.026039563600689,-1.46479667880095,-2.1545357880633773,0.0,0.0,0.03261319884568873,2.1770825274024146,3.963140489344299,29.969698033446562,29.969698033446562,0.49850746268656715,3.0,130.0,-0.0037366297634258915,0.0,336.0,0.0,0.19243447305015754,0.5485390337323619,0.0004972404307289556,0.009881556000893755,0.9964273313299983,-0.053917893618230295,0.04384887778149693,0.016444390710506945,0.019835606229713143,1.0,,,,,,
2026-02-12 17:30:00+00:00,-2.009401923665123,-1.4636350824199673,-2.1533741916823947,0.0,0.0,0.03248405616414513,2.1321590164208524,3.9088896091947003,29.60119457137425,29.942625501333982,0.4925373134328358,3.0,130.0,-0.0030934925056410253,0.0,336.0,0.0,0.04099797094545583,0.32285612488933235,0.00045961703960386023,0.006824416279372918,0.7837077437790696,-0.051385768687643996,0.04199309308499277,0.01645706249289563,0.012203419962665052,1.0,,,,,,
2026-02-12 18:30:00+00:00,-2.065309132990831,-1.5245840902563057,-2.2143231995187334,0.0,0.0,0.03179316361341131,2.075031066586718,3.8542255703578023,28.964475262601443,29.908068719976985,0.4925373134328358,3.0,130.0,-0.0030934925056410253,0.0,336.0,0.0,0.6578714157575178,0.21426942473970412,0.0017318469230429997,0.018636040156048504,0.8685514787293824,-0.04384750171584795,0.056127623816437655,0.01666524087693836,-0.010641926108382549,0.0,,,,,,
2026-02-12 19:30:00+00:00,-2.0862874759497276,-1.545956921503177,-2.235696030765604,0.0,0.0,0.03024904521465445,2.1295246074246075,3.846844097322241,28.511870878112795,30.362126915116146,0.48656716417910445,3.0,130.0,-0.0030934925056410253,0.0,336.0,0.0,0.06234502641102836,0.48651813450637366,0.0003213900650285119,0.007337656467494734,0.8826369845714138,-0.042518342805253795,0.07188724399175683,0.016434992666030535,-0.012547442600378211,0.0,,,,,,
2026-02-12 20:30:00+00:00,-2.0781865401942547,-1.5662102644975253,-2.255949373759953,0.0,0.0,0.028720944009796044,2.0727685700182357,3.8024388467258543,27.60050912426709,30.3584097956034,0.48656716417910445,3.0,130.0,-0.0030934925056410253,0.0,336.0,0.0,0.0413347171411909,0.3804009477440298,0.00039760380752899583,0.006866818119380521,0.8160926644738357,-0.0425458605676452,0.07060547697927788,0.016439707114773463,-0.005136247907373104,0.0,,,,,,
2026-02-13 14:30:00+00:00,-2.0681853926154203,-1.582540897116112,-2.2722800063785393,0.0,0.0,0.029748582826682968,2.012966300161082,3.777990312850462,25.501561630783975,29.225455428821316,0.48059701492537316,3.0,130.0,-0.0030934925056410253,0.0,336.0,0.0,0.17704355315175688,0.5374822658412287,0.0004804840833955088,0.00957826524072401,0.9980985042839199,-0.050358381632574556,0.010370454582459665,0.014323582557956164,-0.030915942247509598,0.0,,,,,,
2026-02-13 15:30:00+00:00,-2.101307871224615,-1.6057883496101106,-2.295527458872538,0.0,0.0,0.030392542580604247,1.993852541199371,3.7456284671928093,24.921352219143284,29.46526554282466,0.48059701492537316,3.0,130.0,-0.0030934925056410253,0.0,336.0,0.0,0.053692878803732205,0.28549422257189705,0.0005240382818747449,0.0070455679429609385,0.7886646102575073,0.018598183458047757,0.014884516008794257,0.014355970667173115,-0.03703191635353065,0.0,,,,,,
2026-02-13 16:30:00+00:00,-2.080256486070597,-1.5959327017620792,-2.285671811024507,0.0,0.0,0.031239036378029886,2.0052331315788066,3.73632009956006,24.602471626339018,29.915478580829287,0.4746268656716418,3.0,130.0,-0.0030934925056410253,0.0,336.0,0.0,0.2579584764281743,0.5658147608505036,0.0006010138291531345,0.011154162855427864,0.9776743564756751,-0.002360984923628351,-0.006463870204617805,0.014417210261521323,-0.022030378217123392,0.0,,,,,,
2026-02-13 17:30:00+00:00,-2.0873133015683565,-1.5881779798398992,-2.277917089102327,0.0,0.0,0.03206984184242874,2.060828428664542,3.761791268081387,24.535992524646872,30.487897558525766,0.4746268656716418,3.0,130.0,-0.0030934925056410253,0.0,336.0,0.0,0.06027976447706567,0.32706185893411444,0.0004911103049266043,0.0071983591604166995,0.8350082221454718,-0.005650496113817738,-0.011603635444314087,0.0144589059531672,-0.01108968812172062,0.0,,,,,,
2026-02-13 18:30:00+00:00,-2.106608960467079,-1.6194417079059358,-2.309180817168363,0.0,0.0,0.03240829816675524,2.1762916230006635,3.8401635687907114,24.757681294764716,31.344910523437637,0.46865671641791046,3.0,30.0,0.002143697579047217,0.0,336.0,0.0,0.07014739276401076,0.49799111845622984,0.0003234969527791325,0.007495070950952128,0.8961912494979712,-0.01802448688520908,-0.0072989553404854135,0.014480832263430018,-0.008201282140121613,0.0,,,,,,
2026-02-13 19:30:00+00:00,-2.225002090469539,-1.6415435848250648,-2.3312826940874922,0.0,0.0,0.03266677358391137,2.297833006339251,3.911122042687849,25.024471554895186,32.06634821392283,0.46865671641791046,3.0,30.0,0.002143697579047217,0.0,336.0,0.0,0.04140816870633058,0.3523020983997035,0.0004283295810088128,0.006850694529719546,0.8027857136298504,-0.017493144847360753,0.0086083460831885,0.014287184587656003,-0.0026926951174912617,0.0,,,,,,
2026-02-13 20:30:00+00:00,-2.3291145189250915,-1.643599716714856,-2.3333388259772834,0.0,0.0,0.032625982739447223,2.4203193668775635,3.966161538262648,25.376109317460656,32.82571579028336,0.4626865671641791,3.0,30.0,0.002143697579047217,0.0,336.0,0.0,0.09987998437140161,0.4626452891833688,0.00041759692959507773,0.008045583010992357,0.9483828678636093,-0.009464573918139152,0.013267422756257474,0.014332437973472284,-0.0036770458659916017,0.0,,,,,,
2026-02-17 14:30:00+00:00,-1.8895669920691731,-0.6493230737062925,-1.33906218296872,0.0,0.0,0.03439672651182523,2.524965184430551,3.991566904502427,25.80413741869487,33.329375978162595,0.4626865671641791,3.0,30.0,0.002143697579047217,0.0,336.0,0.0,1.0,5.910135551327472e-27,0.0026051409775860496,0.025090820762789692,1.6330308558826295e-25,-0.07421730553835282,-0.09679726648723808,0.01814324453518312,0.08215759054945515,1.0,,,,,,
2026-02-17 15:30:00+00:00,-2.098655674911518,-0.8190128598010967,-1.5087519690635243,0.0,0.0,0.033800676936117664,2.616758439439754,3.996997133753831,26.198799738452113,33.87943645339484,0.45671641791044776,3.0,30.0,0.002143697579047217,0.0,336.0,0.0,6.773770074469423e-10,1.7576558447781667e-07,0.000547250423789864,0.010032349155908537,2.9246223165611106e-06,-0.058096305441216245,-0.08366304620493015,0.01852769945946057,0.05297695030056371,1.0,,,,,,
2026-02-17 16:30:00+00:00,-2.1494585201478267,-0.8856849616360373,-1.5754240708984648,0.0,0.0,0.03272400136687501,2.6963648928954393,3.9898927544788116,26.650841833391087,34.22258270025664,0.45671641791044776,3.0,30.0,0.002143697579047217,0.0,336.0,0.0,8.7432376007239e-06,0.5526753509265738,0.00031320685843607473,0.006959107213620478,0.6876910282720348,-0.04578744638712262,-0.08460492600879821,0.01852287449696087,0.04387044284212127,1.0,,,,,,
2026-02-17 17:30:00+00:00,-2.2202377953115193,-0.6833788948372583,-1.3731180040996858,0.0,0.0,0.030911251301562415,2.7536944439133584,3.970425336794797,27.168380224751125,34.656726806013225,0.4507462686567164,3.0,30.0,0.002143697579047217,0.0,336.0,0.0,0.027448662728053796,0.6814311760734966,0.00032251559973698604,0.006868575686184703,0.7193075773590308,-0.034677588086649,-0.08417631059970532,0.018527295306840923,0.042976991886957805,1.0,,,,,,
2026-02-17 18:30:00+00:00,-2.2272617727802446,-0.5740879829514075,-1.2638270922138348,0.0,0.0,0.02872554577414327,2.7892307001949157,3.9474724586167342,27.767661963303198,34.90591006785486,0.4507462686567164,3.0,30.0,0.002143697579047217,0.0,336.0,0.0,0.02537352024879136,0.7808806595071469,0.00027556990728053925,0.006268232365703305,0.6043383001420252,-0.04073082572153908,-0.08801220895960604,0.018510768693256047,0.05045099636355932,1.0,,,,,,
2026-02-17 19:30:00+00:00,-2.1828495501385046,-0.5449207276428348,-1.2346598369052622,0.0,0.0,0.026926650278947376,2.7979601887232612,3.9172130465849557,28.420808721733973,35.28641416013195,0.44477611940298506,3.0,145.0,-0.0034848902060909915,0.0,336.0,0.0,0.030687309145143886,0.8031780802119624,0.00027848909364089195,0.0062653617116141865,0.5811557956202973,-0.04520837001457512,-0.09839063547488447,0.01842161543217455,0.055740960277900875,1.0,,,,,,
2026-02-17 20:30:00+00:00,-2.3709737241019724,-0.7453381731627677,-1.4350772824251952,0.0,0.0,0.025469089971150546,2.786517671583408,3.8794650602766483,29.0808358651781,35.462792420614925,0.44477611940298506,3.0,145.0,-0.0034848902060909915,0.0,336.0,0.0,0.15701713037800363,0.3278074008284871,0.0007737165899884737,0.011788553051698344,0.9980036405565902,-0.04208094521707029,-0.08158076027110805,0.0185462939244992,0.050884300711690145,1.0,,,,,,
2026-02-18 14:30:00+00:00,-2.7289092688569725,-1.440910666427109,-2.1306497756895366,0.0,0.0,0.02623116615790278,2.7651337401768865,3.8361686677456324,29.783599355943398,35.79834327202057,0.4388059701492537,3.0,145.0,-0.0034848902060909915,0.0,336.0,0.0,0.998603335516155,9.45441713914351e-23,0.0028704738956318466,0.03279515094998273,0.01057689787171652,0.0804992406605054,-0.02037201489119589,0.020226319293193646,-0.021982618361029438,0.0,,,,,,
2026-02-18 15:30:00+00:00,-2.7876340165422224,-1.578794947793867,-2.2685340570562946,0.0,0.0,0.027745765747885284,2.744729170926876,3.7880714359637135,30.453501927154537,35.963143990727254,0.4388059701492537,3.0,145.0,-0.0034848902060909915,0.0,336.0,0.0,2.8413733815629948e-08,0.0004939044683316228,0.0005470413888806535,0.01002960414981075,0.004254482517709203,0.06882864168322733,-0.02112524543696992,0.0202136802005018,-0.03641113744120261,0.0,,,,,,
2026-02-18 16:30:00+00:00,-2.769852290510311,-1.599224517100626,-2.2889636263630537,0.0,0.0,0.02925845738319363,2.727440713141544,3.736758642797887,30.978974927656285,36.246704148493905,0.43283582089552236,3.0,145.0,-0.0034848902060909915,0.0,336.0,0.0,2.8343290410104743e-05,0.5521296264817075,0.0003134835776192145,0.006962588777746465,0.6880046567954556,0.06798403754046412,-0.030584004104734497,0.02014508942894156,-0.02968366584162574,0.0,,,,,,
2026-02-18 17:30:00+00:00,-2.7742201787671683,-1.5672148788660463,-2.2569539881284735,0.0,0.0,0.030527176640011824,2.7188605435139284,3.680108842473149,31.29625169042138,36.23560849186804,0.43283582089552236,3.0,145.0,-0.0034848902060909915,0.0,336.0,0.0,0.11029495066719916,0.19283771778864217,0.0007221798325930114,0.011474107878865328,0.8122295081231303,0.05253150416313179,-0.03075902619172588,0.020147692908667362,-0.006919304154610728,0.0,,,,,,
2026-02-18 18:30:00+00:00,-2.8134700182700407,-1.5907473454582182,-2.280486454720646,0.0,0.0,0.03145665806914608,2.7238204651579685,3.6224745351965733,31.330184544632214,36.21037129185101,0.42686567164179107,3.0,145.0,-0.0034848902060909915,0.0,336.0,0.0,0.013162111634756975,0.40430018513725113,0.0004066462958596112,0.008084051685729456,0.7379115442569326,0.04811338649836561,-0.0394167756314614,0.020157191654917406,-0.0023430870911944623,0.0,,,,,,
2026-02-18 19:30:00+00:00,-3.035130140846094,-1.6113124823141765,-2.301051591576604,0.0,0.0,0.03232012169971441,2.7306105064524067,3.56705675291871,31.083399145178078,35.82432004183446,0.42686567164179107,3.0,145.0,-0.0034848902060909915,0.0,336.0,0.0,0.014891034966732065,0.7010272879139482,0.000285001456592957,0.006473354621323691,0.6691722910664679,0.05015407226155766,-0.03516345538069743,0.020148009110363966,-0.001255021687136093,0.0,,,,,,
2026-02-18 20:30:00+00:00,-2.9044932550789695,-1.6461192961454367,-2.335858405407864,0.0,0.0,0.03329812670311962,2.733312353471206,3.514467092768249,30.614118038952242,35.39099274416444,0.4208955223880597,3.0,155.0,-0.003561382422648599,0.0,336.0,0.0,0.05571929364865959,0.6120999251027102,0.00041764898425926096,0.007898547379295054,0.8274291452458985,0.046409271227836335,-0.02542161051989833,0.0201870070013713,-0.006833926782992883,0.0,,,,,,
2026-02-19 14:30:00+00:00,-2.807781792632649,-1.5482748308976664,-2.238013940160094,0.0,0.0,0.033312935839043746,2.7323194431243487,3.462874400307946,29.929695597207694,34.66704906462961,0.4208955223880597,3.0,155.0,-0.003561382422648599,0.0,336.0,0.0,0.9772082860705404,2.380607231367548e-13,0.0028206988971648337,0.032307458558015534,0.10871362190180124,-0.03719787736966218,-0.06663580435395478,0.021036547414824965,0.04564673156325583,1.0,,,,,,
2026-02-19 15:30:00+00:00,-2.943151972845452,-1.5386719934275526,-2.22841110268998,0.0,0.0,0.03323933454096538,2.669344059888333,3.5098074485150317,27.690460019332498,32.20786981088171,0.41492537313432837,3.0,155.0,-0.003561382422648599,0.0,336.0,0.0,2.8373183957346345e-07,0.02133208466959974,0.0005382167885372712,0.009913728299991905,0.10318358873146313,-0.047764252595541734,-0.07633877213321405,0.020942815020161543,0.04792850477023247,1.0,,,,,,
2026-02-19 16:30:00+00:00,-3.0078296698014135,-1.576485801058672,-2.2662249103210996,0.0,0.0,0.03307093259575195,2.6460789569794505,3.524139599444683,26.599976405587313,31.185205907271737,0.41492537313432837,3.0,155.0,-0.003561382422648599,0.0,336.0,0.0,0.0009654612282030986,0.5163148793733034,0.0003308316890608279,0.007183116794515931,0.6995811028022108,-0.044226969370464886,-0.07830925675898204,0.020925542627869657,0.06713059110849162,1.0,,,,,,
2026-02-19 17:30:00+00:00,-3.0587755775034484,-1.626736232409888,-2.3164753416723154,0.0,0.0,0.03296416649916169,2.6298283388625645,3.5170469201361287,25.634922872204417,30.50477803775141,0.408955223880597,3.0,155.0,-0.003561382422648599,0.0,336.0,0.0,0.025061136452500278,0.6733963034323707,0.000320363940361719,0.006858835029382974,0.7201640386949923,-0.02894360419820341,-0.06812595292318235,0.020941719671453658,0.06412370633553977,1.0,,,,,,
2026-02-19 18:30:00+00:00,-2.976389679817837,-1.6981842720929106,-2.387923381355338,0.0,0.0,0.0326062157236361,2.619389988959481,3.4917807442677606,24.846782701414767,29.942526791553952,0.408955223880597,3.0,155.0,-0.003561382422648599,0.0,336.0,0.0,0.05974701476656435,0.5585780743779368,0.0004496864492180289,0.00828799424480219,0.8612633104963833,-0.015583842916948143,-0.07007327074117864,0.02091373753920458,0.05524170165450304,1.0,,,,,,
2026-02-19 19:30:00+00:00,-2.915608382248478,-1.7426319525594172,-2.4323710618218444,0.0,0.0,0.03219136881688608,2.614258418057885,3.4537501420734533,24.20788013562976,29.637499259878837,0.40298507462686567,3.0,155.0,-0.003561382422648599,0.0,336.0,0.0,0.05062401891840032,0.4752344054479646,0.0004637589921971007,0.00854351520451683,0.8584052016818751,-0.0076383973644738035,-0.06270418277010581,0.02097313600633674,0.03818963692693167,1.0,,,,,,
2026-02-19 20:30:00+00:00,-3.0677661676176027,-1.7333797685637626,-2.42311887782619,0.0,0.0,0.03178825531911199,2.614187153799114,3.4092725856805126,23.706278119567372,29.380944767415468,0.40298507462686567,3.0,155.0,-0.003561382422648599,0.0,336.0,0.0,0.033878199771370195,0.5243179708837677,0.0004040128811140212,0.00788884532893745,0.8141115279849458,-0.00800537187675765,-0.05568748035177595,0.021018020256289037,0.02774286689311367,1.0,,,,,,
2026-02-20 14:30:00+00:00,-3.113182468274114,-1.7133939749197347,-2.403133084182162,0.0,0.0,0.0316160278271885,2.6179360336240394,3.364735167080981,23.342253585869383,29.287113099452565,0.3970149253731343,3.0,160.0,-0.003259269295327812,0.0,336.0,0.0,0.0847653132893942,0.2296382820513944,0.0006472003918208771,0.010687520146158265,0.8058344147748234,0.03885622725861193,-0.04241809662147222,0.021115479176467205,0.05731491901493335,1.0,,,,,,
2026-02-20 15:30:00+00:00,-3.0863579460336275,-1.7327271402773636,-2.422466249539791,0.0,0.0,0.03118190117621309,2.6223599989212474,3.3267367921728175,22.995654927255444,29.161528576643818,0.3970149253731343,3.0,160.0,-0.003259269295327812,0.0,336.0,0.0,0.01812145091829862,0.37374306868069224,0.000431125332103585,0.008367026956461075,0.7429727141816496,0.03191256121287811,0.01347882831739522,0.01823446147119549,0.08055442554573311,1.0,,,,,,
2026-02-20 16:30:00+00:00,-3.1220778598333445,-1.754539462835077,-2.444278572097504,0.0,0.0,0.03092700270807145,2.630537536766625,3.3302598950108995,22.697300854568358,28.93967711160594,0.39104477611940297,3.0,160.0,-0.003259269295327812,0.0,336.0,0.0,0.043020791759836516,0.3176183718914715,0.0005128223839851363,0.00924670931888744,0.7856018424284059,0.020113374672122042,-0.004277988468629701,0.01823468282701409,0.09261344684435713,1.0,,,,,,
2026-02-20 17:30:00+00:00,-3.1388874365926407,-1.7513213997504051,-2.4410605090128326,0.0,0.0,0.030651469726970446,2.6339744749435283,3.3112756810023254,22.451852984841654,28.777535581934075,0.39104477611940297,3.0,160.0,-0.003259269295327812,0.0,336.0,0.0,0.014407923286105111,0.6073753057001517,0.0003235401362145081,0.006983143408936973,0.7316672267374436,0.019389091922029422,0.0026489076864910643,0.018234302133529234,0.09922522233391895,1.0,,,,,,
2026-02-20 18:30:00+00:00,-3.170878820257528,-1.7425571083934321,-2.4322962176558596,0.0,0.0,0.03078754360332546,2.6378115247111573,3.296501653006323,22.24483153188196,28.595769350890684,0.3850746268656716,3.0,160.0,-0.003259269295327812,0.0,336.0,0.0,0.0392840868569523,0.6283605614876829,0.0003725263692291023,0.007433486973844241,0.7852284488869918,0.017921452782141856,-0.008304316243188836,0.018032368687748313,0.09499171326676326,1.0,,,,,,
2026-02-20 19:30:00+00:00,-2.896902320188885,-1.7396427702831734,-2.429381879545601,0.0,0.0,0.031006489198637296,2.642886716592586,3.2852738326649407,22.06551017520747,28.362096957914417,0.3850746268656716,3.0,160.0,-0.003259269295327812,0.0,336.0,0.0,0.025822476445291186,0.7404651521619939,0.00029373079539852815,0.00650321786166074,0.6566519574455418,0.01322528538081702,-0.006960554584034995,0.01803757866962284,0.08416630514520573,1.0,,,,,,
2026-02-20 20:30:00+00:00,-2.9202800743807864,-1.7297939600334793,-2.4195330692959067,0.0,0.0,0.03134808045398223,2.651566769382667,3.2818304284844,21.78862933158733,28.03338560641638,0.37910447761194027,3.0,160.0,-0.003259269295327812,0.0,336.0,0.0,0.04673343239093827,0.6896609981908548,0.00036389567136287234,0.0072623987580630635,0.7508710404395977,0.01248040136061146,-0.0006612184235192942,0.01806424153194127,0.0705461247550927,1.0,,,,,,
2026-02-23 14:30:00+00:00,-2.8520732452634037,-1.7862508340231498,-2.475989943285577,0.0,0.0,0.031026823919295277,2.6563944115091926,3.2825012751001355,21.462493596904235,27.653581047123584,0.37910447761194027,3.0,160.0,-0.003259269295327812,0.0,336.0,0.0,0.7276122439906059,2.156152409065008e-06,0.002240019605891134,0.026617995318764194,0.5856468034445734,-0.02364096824997919,-0.015700683238876856,0.018496741951489093,0.04633108689661025,1.0,,,,,,
2026-02-23 15:30:00+00:00,-2.858634678186488,-1.7960620396462648,-2.485801148908692,0.0,0.0,0.030884371469042875,2.6204486274900356,3.261328337083917,21.024793042033725,27.141416280094713,0.373134328358209,3.0,170.0,-0.0032338225724564133,0.0,336.0,0.0,3.6076243711490223e-06,0.15275663365030528,0.000482564805815946,0.009182948683736309,0.42750931825169436,-0.020559446058538988,-0.025678801199191525,0.01846946280344466,0.08231137388309495,1.0,,,,,,
2026-02-23 16:30:00+00:00,-2.8700134207921604,-1.789412541919249,-2.4791516511816765,0.0,0.0,0.030530808584290615,2.556454814023297,3.243881221833846,20.486936739274825,26.696787574846006,0.373134328358209,3.0,170.0,-0.0032338225724564133,0.0,336.0,0.0,0.010225821382806173,0.42212907895584095,0.00039226436769142133,0.007917973065692002,0.7323601233880215,-0.005570071143282895,-0.007487074688284245,0.018400171472060235,0.05338990800959742,1.0,,,,,,
2026-02-23 17:30:00+00:00,-2.8975984496803298,-1.7711827933724649,-2.460921902634892,0.0,0.0,0.030098799942044778,2.490159810216861,3.224271235449019,19.84181969505517,26.17878035263631,0.36716417910447763,3.0,170.0,-0.0032338225724564133,0.0,336.0,0.0,0.07805481370076062,0.13668798671095986,0.0006709540515093709,0.011051455785919791,0.6609143492357038,0.0026352081215632595,0.010934611921872062,0.01846927809048579,0.052630855896616424,1.0,,,,,,
2026-02-23 18:30:00+00:00,-2.891093454676649,-1.777460736134626,-2.4671998453970536,0.0,0.0,0.029844903279362244,2.425138311501092,3.1998832771155916,19.09343904324757,25.82138928949492,0.36716417910447763,3.0,170.0,-0.0032338225724564133,0.0,336.0,0.0,0.005604179819225354,0.567633681151947,0.000319889474515837,0.007003469492084738,0.7138925708673116,-0.004680696956388175,0.005039473685632068,0.01845789222909408,0.06605066807989957,1.0,,,,,,
2026-02-23 19:30:00+00:00,-2.909433886331648,-1.7794899468299572,-2.4692290560923844,0.0,0.0,0.029705667011841096,2.3700687317314464,3.166709180538908,18.273666706181032,25.396244183189193,0.3611940298507463,3.0,170.0,-0.0032338225724564133,0.0,336.0,0.0,0.020295698655027408,0.7582846735383654,0.00027332613802124716,0.006278142138175319,0.6227474100457655,-0.00684190970347931,0.0036906805598464487,0.018455270592301187,0.06702620373285573,1.0,,,,,,
2026-02-23 20:30:00+00:00,-2.9297501076790615,-1.7804546502225846,-2.470193759485012,0.0,0.0,0.029696985876182646,2.3276780209786216,3.125814377077465,17.41840352849261,25.216355838641054,0.3611940298507463,3.0,170.0,-0.0032338225724564133,0.0,336.0,0.0,0.02680284303275819,0.8129044411291672,0.00026533277039589634,0.0061227281659161385,0.5588490140426874,-0.011308956266846693,-0.0025056007722268347,0.018413228239678846,0.059413767979463294,1.0,,,,,,
2026-02-24 14:30:00+00:00,-2.9291890828505562,-1.7469514433030298,-2.436690552565457,0.0,0.0,0.026559078202186923,2.3000435993006367,3.078906517935208,16.572002646829233,24.980900351102747,0.35522388059701493,3.0,170.0,-0.0032338225724564133,0.0,336.0,0.0,0.3719665220316323,0.020108188202346198,0.0014041044209209769,0.01839936990759083,0.7489784486153613,0.030431472554623085,0.08894809485409905,0.013156448128148574,0.03475370459208538,1.0,,,,,,
2026-02-24 15:30:00+00:00,-2.915802544970374,-1.7443513262906747,-2.4340904355531023,0.0,0.0,0.02494200509904144,2.293394225413454,3.0275830122279683,15.779126887643354,25.00871105045864,0.35522388059701493,3.0,170.0,-0.0032338225724564133,0.0,336.0,0.0,0.0009490705587590909,0.37850025918853747,0.0003891595364397649,0.00794913391283397,0.670427661191269,0.03657538961589335,0.06899289385791807,0.01270236850388691,0.025133049017057374,1.0,,,,,,
2026-02-24 16:30:00+00:00,-2.865839122950641,-1.6824067638849027,-2.37214587314733,0.0,0.0,0.024036441247920787,2.308744006443919,2.972630818279147,14.96768170144554,24.92330570884451,0.3492537313432836,3.0,175.0,-0.003129051418150154,0.0,336.0,0.0,0.2953593359803005,8.48898538052622e-05,0.0012343599769594562,0.016764486977785934,0.6077317874054343,0.052587287579652475,0.09088765927849085,0.013151466468888161,-0.00798099966036947,0.0,,,,,,
2026-02-24 17:30:00+00:00,-2.9035049419578045,-1.681993785575783,-2.3717328948382104,0.0,0.0,0.02337656703859797,2.3484200888998608,2.9173615114038425,14.155749219343628,25.00586361476782,0.3492537313432836,3.0,175.0,-0.003129051418150154,0.0,336.0,0.0,1.0575123659247345e-05,0.42333882282500535,0.00036798653654596743,0.007678392814798943,0.6814727313334974,0.042099406291947084,0.08771160630046815,0.013150329184557864,-0.010805717474635657,0.0,,,,,,
2026-02-24 18:30:00+00:00,-2.905237443844039,-1.6909838198256844,-2.380722929088112,0.0,0.0,0.022487416430761114,2.405052196735756,2.8648613607752123,13.341064213044023,24.918951219950547,0.34328358208955223,3.0,175.0,-0.003129051418150154,0.0,336.0,0.0,0.016250812295701526,0.7014553181377735,0.00028798366600610824,0.006501969964972074,0.6727289202435485,0.04200094582874936,0.0877712452359205,0.01314977667128879,-0.006770975070341301,0.0,,,,,,
2026-02-24 19:30:00+00:00,-3.12889645230667,-1.7249903112792753,-2.4147294205417027,0.0,0.0,0.02113294104536504,2.4595558782225306,2.8173677328079916,12.515292313050667,24.847057212077328,0.34328358208955223,3.0,175.0,-0.003129051418150154,0.0,336.0,0.0,0.11022825215167331,0.37703860988808774,0.0006440135934406984,0.010448241491165971,0.9533475411150529,0.03180626124959396,0.08070531182401552,0.013281844857746472,0.004692898012720548,1.0,,,,,,
2026-02-24 20:30:00+00:00,-3.1738800200960764,-1.7407419111071492,-2.4304810203695766,0.0,0.0,0.020383369532815113,2.5154618794060366,2.7778547013583843,11.692237791078634,24.561217382121004,0.3373134328358209,3.0,175.0,-0.003129051418150154,0.0,336.0,0.0,0.019128660361897008,0.5812820812372053,0.00034557356447367674,0.007235856007774952,0.7575909501184825,0.026571421799348904,0.06614676624419236,0.013245752962645095,0.010691821144130031,1.0,,,,,,
2026-02-25 14:30:00+00:00,-2.9762895845096824,-1.2341973850729189,-1.9239364943353463,0.0,0.0,0.02142138051283815,2.5632723211776223,2.748607192421829,10.874477710233657,24.243717527248354,0.3373134328358209,3.0,175.0,-0.003129051418150154,0.0,336.0,0.0,0.991501622458913,3.2453780269597513e-16,0.0028539519540754493,0.03263326997668816,0.048981408004198056,0.050524414710289456,0.0589732689038831,0.012561212221118365,-0.01991213557696092,0.0,,,,,,
2026-02-25 15:30:00+00:00,-2.826556001411336,-0.9441121760220583,-1.6338512852844858,0.0,0.0,0.02257606104999664,2.598781075138372,2.7340199130551883,10.02236752452789,23.705079315146218,0.33134328358208953,3.0,175.0,-0.003129051418150154,0.0,336.0,0.0,3.4010040903373307e-07,5.078665139991563e-05,0.0005472297791916232,0.010032075444462569,0.0005583630713593746,0.06453848198837875,0.06470273416306949,0.01271673084670211,-0.010828121045729056,0.0,,,,,,
2026-02-25 16:30:00+00:00,-2.8562716527806966,-0.8211400974032068,-1.5108792066656342,0.0,0.0,0.02341455578661029,2.6222007495054473,2.7298789451692294,9.155886730354176,23.147298016466355,0.33134328358208953,3.0,175.0,-0.003129051418150154,0.0,336.0,0.0,1.2515897385962475e-05,0.4993617262655202,0.00033579453117121865,0.007255671682909172,0.6932915079663536,0.04559623040798755,0.06849985214601428,0.012712364254229504,-0.01320538651755676,0.0,,,,,,
2026-02-25 17:30:00+00:00,-2.6777546219890485,0.055219164859437064,-0.6345199444029903,0.0,0.0,0.024802769897515668,2.6380831592380876,2.739227266348854,8.280824252839155,22.454963384995214,0.3253731343283582,3.0,195.0,-0.0037843321652460153,0.0,336.0,0.0,0.07397181190799343,0.26885108865982166,0.0006054825584775348,0.010223422745274048,0.8216741045633558,0.05449060792040861,0.08967071005774496,0.012573124252247745,-0.023067770820898836,0.0,,,,,,
2026-02-25 18:30:00+00:00,-2.614249282909378,0.05634128448059161,-0.6333978247818358,0.0,0.0,0.02596129097606513,2.642176053035759,2.755752131246987,7.447576105262872,21.77091032241196,0.3253731343283582,3.0,195.0,-0.0037843321652460153,0.0,336.0,0.0,0.010681658055408116,0.6208213786417457,0.00030917652479277817,0.006823430578282002,0.7123183185529814,0.05767146439440207,0.09732932313195697,0.012484574322019217,-0.023555714428112218,0.0,,,,,,
2026-02-25 19:30:00+00:00,-2.8125993610051885,-0.3140782786921493,-1.0038173879545766,0.0,0.0,0.026437082649986073,2.6315891444968775,2.7785975939014165,6.682746386717461,21.040224733431277,0.3194029850746269,3.0,195.0,-0.0037843321652460153,0.0,336.0,0.0,0.06681554527344266,0.4800095004391283,0.0004994058319538696,0.008886040745802334,0.8917710429508576,0.059201953599091084,0.08975319316154895,0.012606749126516223,-0.02562757887117595,0.0,,,,,,
2026-02-25 20:30:00+00:00,-2.8236830948931706,-0.5540126095645926,-1.2437517188270202,0.0,0.0,0.026406525763071585,2.6144641156380364,2.803455438743951,6.03324027136248,20.350612507470807,0.3194029850746269,3.0,195.0,-0.0037843321652460153,0.0,336.0,0.0,0.04878542493896854,0.4011019417317235,0.0004908774523910583,0.00891385770758393,0.8425353496699426,0.05528365922259049,0.07502115423894651,0.012708404337811384,-0.012561187892520032,0.0,,,,,,
2026-02-26 14:30:00+00:00,-3.2829418088606945,-1.6075060853356964,-2.2972451945981236,0.0,0.0,0.026992369939068343,2.5916922473212693,2.8379561459247498,5.484774864391844,19.645511360298755,0.31343283582089554,3.0,195.0,-0.0037843321652460153,0.0,336.0,0.0,0.9997604402624669,1.2827832617113673e-25,0.0028731658682360764,0.03282152673298423,0.0022366705603740606,-0.03462480036830229,0.061546345905242994,0.014043381686139576,-0.060427205928856864,0.0,,,,,,
2026-02-26 15:30:00+00:00,-2.9833664269927476,-0.9805932924125621,-1.6703324016749894,0.0,0.0,0.02657317890009352,2.5637348235065174,2.8809850622034645,5.078800093510366,18.950832396313317,0.31343283582089554,3.0,195.0,-0.0037843321652460153,0.0,336.0,0.0,2.954130895241721e-07,3.9501611839655175e-12,0.0005472511839214032,0.010032356851717286,4.7370243636451605e-06,-0.018802497721177147,0.09366448903743407,0.014945496571760357,-0.028318767366228847,0.0,,,,,,
2026-02-26 16:30:00+00:00,-3.0879568037819918,-1.0956204383315336,-1.785359547593961,0.0,0.0,0.02693649632376194,2.538719191051031,2.908990092669958,4.885962427105915,18.403368027020857,0.3074626865671642,3.0,195.0,-0.0037843321652460153,0.0,336.0,0.0,0.8811589731773702,0.11830603545048358,0.0019468082294332746,0.025116896667954313,0.3680339400642926,-0.0447936099780426,0.06793321153843657,0.015547585588236022,0.017496843572742726,1.0,,,,,,
2026-02-26 17:30:00+00:00,-2.998303660754923,-1.0331308790871077,-1.722869988349535,0.0,0.0,0.02703650287457269,2.520611697703798,2.9170650809630545,4.868232797835037,17.973691229099025,0.3074626865671642,3.0,195.0,-0.0037843321652460153,0.0,336.0,0.0,0.1710277045430955,0.6396132525170516,0.00048377789218810943,0.010436806473437784,0.9029750290201219,-0.043959158315739266,0.0746551559402091,0.01561678987951979,0.017621644184846907,1.0,,,,,,
2026-02-26 18:30:00+00:00,-2.9058871361201724,-0.9436856106085502,-1.6334247198709777,0.0,0.0,0.026987117535145662,2.511672128447936,2.9048241085851085,4.941171734181804,17.69781371309103,0.30149253731343284,3.0,40.0,0.0030373161182855753,0.0,336.0,0.0,0.11301644124642847,0.30819712520807435,0.0006656590414211426,0.008605295181300465,0.9256467736965109,-0.033621742143251865,0.07929142390565325,0.015681232341742287,-0.008189674104883693,0.0,,0.0,0.6814499785957229,0.0554697694424504,0.028692564362097484,0.08224697452280327
2026-02-26 19:30:00+00:00,-2.5877331019408754,-0.9273455586615172,-1.6170846679239448,0.0,0.0,0.027108272064114602,2.5006131322240663,2.88147626032094,5.009149556609441,17.442569954527777,0.30149253731343284,3.0,40.0,0.0030373161182855753,0.0,336.0,0.0,0.051844584637511654,0.48596657536460525,0.00043256067326516304,0.007565344643972651,0.860824178183068,-0.023982011115829316,0.07340957941019344,0.01565467736682397,-0.005653290945640599,0.0,,0.0,0.6567063595950631,0.0545139648906246,0.02560733099303961,0.08342059878820964
2026-02-26 20:30:00+00:00,-2.7106558044147913,-1.0131932778925568,-1.7029323871549842,0.0,0.0,0.027573242660782128,2.485540021881765,2.8559263618934896,4.9924644195759855,17.214944639072826,0.2955223880597015,3.0,40.0,0.0030373161182855753,0.0,336.0,0.0,0.06252245892921011,0.4252293201897417,0.0004971889569173055,0.007696652029258334,0.8796179182370449,-0.022441313042476096,0.06058521307322806,0.015701423097469976,0.0011026179608286668,1.0,,0.0,0.6344897287912481,0.05305801152870576,0.025363278095087302,0.08075274496232421
2026-02-27 14:30:00+00:00,-2.7923087061931753,-1.1240665804595595,-1.813805689721987,0.0,0.0,0.02844527438232331,2.4653492771808256,2.8344955562346423,4.9162420242944265,16.949007400777298,0.2955223880597015,3.0,40.0,0.0030373161182855753,0.0,336.0,0.0,0.09913690099907693,0.5182248022361085,0.0004760198944631294,0.008656216107011198,0.9373708618279322,0.01885409025009821,0.04154420889672927,0.01571873240474452,0.02092090522816381,1.0,,0.0,0.5652057543576593,0.04795569660740111,0.011644231051991243,0.08426716216281083
2026-02-27 15:30:00+00:00,-2.842562906007601,-1.2057762662148863,-1.8955153754773137,0.0,0.0,0.029440441682921283,2.4419005266928915,2.8183599232807417,4.783011870659823,16.652369887668264,0.28955223880597014,3.0,40.0,0.0030373161182855753,0.0,336.0,0.0,0.06706363182309727,0.4155970081138569,0.0005116206838188839,0.007779880430001751,0.8870797310211509,-0.020602935250144228,0.041148992574411736,0.015724885770843064,0.013834981404840185,1.0,,0.0,0.6157006909887844,0.044374790292599706,0.009450872683554774,0.07929870790164462
2026-02-27 16:30:00+00:00,-2.889931114797585,-1.2845068256447907,-1.9742459349072181,0.0,0.0,0.03070263671444587,2.416101358221392,2.8027547646642224,4.670797541997648,16.3803882794211,0.28955223880597014,3.0,40.0,0.0030373161182855753,0.0,336.0,0.0,0.1574291774119199,0.5612657243362497,0.0005269445906973506,0.010006363321661087,0.9720005433711894,-0.008783620090314415,0.03903621677600011,0.015768123774198412,0.02074643926161368,1.0,,0.0,0.5770363333898741,0.04344230135675777,0.011014294706070259,0.07587030800744538
2026-02-27 17:30:00+00:00,-2.907885160601258,-1.3097385887890995,-1.999477698051527,0.0,0.0,0.03188940181419843,2.389625099233346,2.791949808254485,4.533061028195392,16.04192223365529,0.2835820895522388,3.0,40.0,0.0030373161182855753,0.0,336.0,0.0,0.02973967451390682,0.2858584089728846,0.000561357929797845,0.006742651182933711,0.7220437600660968,-0.021337167079304997,0.033928896938874686,0.015769932909363103,-0.005936148649885453,0.0,,0.0,0.6887025269952022,0.04132422809755723,0.01206668103142192,0.07058177516369255
2026-02-27 18:30:00+00:00,-2.9054551136931637,-1.3211013959592919,-2.0108405052217195,0.0,0.0,0.03279222040640558,2.3603532745430624,2.782896391643957,4.4069066290497005,15.778718333923868,0.2835820895522388,3.0,40.0,0.0030373161182855753,0.0,336.0,0.0,0.05721497349210678,0.5123686754795146,0.00041917113793425807,0.007727663141906402,0.8691570404993171,-0.030820697321491508,0.030549273802019883,0.01574976202468704,-0.0034027268342722294,0.0,,0.0,0.6453415968640631,0.038910714388663795,0.01144402824660221,0.06637740053072537
2026-02-27 19:30:00+00:00,-2.8098324895595046,-1.3322192200383345,-2.021958329300762,0.0,0.0,0.03342068339838651,2.334059940142301,2.7777664580529913,5.89217110469307,15.411199946056954,0.27761194029850744,3.0,215.0,-0.003881610015753298,0.0,336.0,0.0,0.03403761588273751,0.3113033104550719,0.0005471647382136165,0.006879850468224348,0.7556842852959548,-0.03052704447054122,0.029657249558835197,0.015747221237115784,0.00314325787098646,1.0,,0.0,0.742271019952625,0.03812320267651985,0.004469366855685539,0.07177703849735417
2026-02-27 20:30:00+00:00,-2.7344412515772456,-1.3420531900310526,-2.03179229929348,0.0,0.0,0.033767156901965904,2.303996980753803,2.7814857121744425,5.891008481711974,15.15477513162683,0.27761194029850744,3.0,215.0,-0.003881610015753298,0.0,336.0,0.0,0.05330537030986587,0.4875096826215727,0.00043346249021220944,0.0075999642002208614,0.8639099414667109,-0.02215052503598436,0.025954286676632243,0.01572651052551544,-0.008576840235429373,0.0,,0.0,0.6387777352349174,0.038652429622136414,0.006893557321913289,0.0704113019223595
2026-03-02 14:30:00+00:00,-2.688991156286762,-1.3219230809626432,-2.0116621902250706,0.0,0.0,0.033781170534576035,2.273111316932491,2.7922181728567064,5.862873782534332,14.74511457959838,0.2716417910447761,3.0,215.0,-0.003881610015753298,0.0,336.0,0.0,0.09325903460211755,0.3913939594525888,0.0005695967151979403,0.00831299398093515,0.9300199487194134,-0.004141425458756842,0.06104375168795162,0.015102132999543808,-0.012366662731746914,0.0,,0.0,0.5897650760449131,0.049734070307887464,0.01944140230682717,0.08002673830894762
2026-03-02 15:30:00+00:00,-2.515862643321205,-1.1647544726486412,-1.8544935819110686,0.0,0.0,0.03371032250476818,2.243424334562178,2.802509436903451,5.841571654004394,14.662621053965115,0.34328358208955223,3.0,215.0,-0.003881610015753298,0.0,336.0,0.0,0.9684157023261488,0.030464398794761743,0.0021457455781424975,0.026880486283335368,0.14504655315994744,0.02857731192559232,0.09028575055854304,0.015584039319807385,-0.08050288755319368,0.0,,0.0,0.6218728452646561,0.0526184363715114,0.018974530871435268,0.0862623418715874
2026-03-02 16:30:00+00:00,-2.490249633924615,-1.150123725010185,-1.8398628342726124,0.0,0.0,0.033766745515225294,2.2154115724190393,2.8037193902377995,5.794238180868639,14.68232663907048,0.34328358208955223,3.0,215.0,-0.003881610015753298,0.0,336.0,0.0,0.06684414082902014,0.7228058492313773,0.00026372771585593107,0.008294432480094852,0.7434048984774286,0.04037184355080026,0.08497813147008326,0.01557324620192636,-0.08235802641543977,0.0,,0.0,0.629254324650601,0.05253861457990872,0.019689168395436663,0.08538806076438084
2026-03-02 17:30:00+00:00,-2.477233215758991,-1.1514990024807905,-1.841238111743218,0.0,0.0,0.033960067190924176,2.1929786030895353,2.7927998373661898,5.681444024689959,14.654579320080781,0.3373134328358209,3.0,215.0,-0.003881610015753298,0.0,336.0,0.0,0.017225604556698533,0.16293079295943508,0.0006420430890894186,0.0062606058838531025,0.528440946445753,0.04222855457414543,0.07352224339145685,0.015494745624846406,-0.08242909615344018,0.0,,0.0,0.6465208500972283,0.0522578146716131,0.0194455803767224,0.08507004896650376
2026-03-02 18:30:00+00:00,-2.4578024956975866,-1.1417050665932904,-1.8314441758557178,0.0,0.0,0.03418013179958527,2.173804480928587,2.76965317003208,5.492382499491746,14.663444805614013,0.3373134328358209,3.0,215.0,-0.003881610015753298,0.0,336.0,0.0,0.0687709288457147,0.6453542316341033,0.00032897345771910376,0.008205716651839775,0.8247075178302087,0.040886725036631155,0.07611669579503921,0.01548318108690522,-0.08183003936998645,0.0,,0.0,0.603742681466821,0.05159716858620235,0.021469314695014747,0.08172502247738998
2026-03-02 19:30:00+00:00,-2.480242069595896,-1.269296941654143,-1.9590360509165705,0.0,0.0,0.03422422424622323,2.144877073815298,2.7433384649046832,5.242848227241949,14.566647013822045,0.3373134328358209,3.0,215.0,-0.003881610015753298,0.0,336.0,0.0,0.09190332725375377,0.3760265920952309,0.0005799897867208915,0.008257305999594977,0.9228904015426395,0.028881476715194587,0.0653806359775091,0.015619616241402687,-0.0630391164680697,0.0,,0.0,0.5548078905108599,0.04805212264925402,0.022084999061913614,0.07401924623659446
2026-03-02 20:30:00+00:00,-2.403617724012982,-1.222012376878849,-1.9117514861412763,0.0,0.0,0.03431670254073177,2.1106125841291865,2.7160669246995575,4.948585192552978,14.442653344083896,0.33134328358208953,3.0,30.0,0.0017180932759992354,0.0,336.0,0.0,0.05770982416603245,0.434103116087567,0.0004829698174264001,0.007606192637162625,0.8708494489883192,0.032030650185940424,0.06929389312941936,0.01562848672010829,-0.05972283674496648,0.0,,0.0,0.4862957365430522,0.05642189724462266,0.02576007049010042,0.08708372399914488
2026-03-03 14:30:00+00:00,-2.8813531109885546,-1.6322916150445252,-2.322030724306953,0.0,0.0,0.037048421821428035,2.066406675377133,2.6990734013865265,4.641144178079185,14.16065168416358,0.33134328358208953,3.0,30.0,0.0017180932759992354,0.0,336.0,0.0,1.0,9.257339146748944e-36,0.002216681771594567,0.027521103609954654,2.5578973344113204e-34,-0.07513987072019823,-0.0445275915868697,0.022798574022218132,0.02203872482177438,1.0,,0.0,0.6124842098699211,0.04176163338127015,0.014626101530718211,0.06889716523182204
2026-03-03 15:30:00+00:00,-2.688318681190436,-1.6140949393356583,-2.3038340485980857,0.0,0.0,0.03716359529858899,2.013240095290401,2.6958400521904147,4.372061274511595,13.828001904557118,0.3253731343283582,3.0,30.0,0.0017180932759992354,0.0,336.0,0.0,0.999999999999998,1.9634729162528273e-15,0.002216681771594563,0.027521103609954613,5.625116305399034e-14,-0.03629314404167694,0.017417216900972754,0.025344785913684897,-0.04564438796202186,0.0,,0.0,0.595198713423781,0.04141840183825256,0.013895715691300221,0.06894108798520486
2026-03-03 16:30:00+00:00,-2.688334986897984,-1.7850489144297765,-2.474788023692204,0.0,0.0,0.036716927619430476,1.956090188478201,2.694098250920143,4.187504849878516,13.470318908124312,0.3253731343283582,3.0,30.0,0.0017180932759992354,0.0,336.0,0.0,0.9134352919280387,0.08551617127629733,0.0020206347742197065,0.025768747150608104,0.3001867969816243,-0.014091379887743116,0.01829946400268767,0.025367481433220818,-0.06818222250538675,0.0,,0.0,0.5528956570110172,0.039347767454509644,0.010182629045458687,0.0685129058635606
2026-03-03 17:30:00+00:00,-2.6094498124742285,-1.7285884645991707,-2.418327573861598,0.0,0.0,0.03626156165933715,1.9033624827581872,2.677720719517739,4.0464770562255445,13.251909199045329,0.3194029850746269,3.0,30.0,0.0017180932759992354,0.0,336.0,0.0,0.1803817578514781,0.6588051904859874,0.0004820493672294849,0.01067423130084555,0.8777615546441377,-0.0032697433099935225,0.028153093789516248,0.025428947797784835,-0.07159189140287481,0.0,,0.0,0.47420591814813273,0.03822727499183285,0.009934936807888393,0.06651961317577727
2026-03-03 18:30:00+00:00,-2.6767321723404907,-1.807381543716775,-2.4971206529792025,0.0,0.0,0.03586118842182706,1.8360201700925391,2.78285346959347,3.4308874926026642,13.152282195144043,0.3194029850746269,3.0,30.0,0.0017180932759992354,0.0,336.0,0.0,0.22512606064138876,0.43751615881096667,0.0007260928013176624,0.011280624555715804,1.0639301241934174,-0.01825570182002334,0.015860048146266514,0.025547829769203497,-0.060713617532081265,0.0,,0.0,0.49739994119956454,0.032611126526851386,0.004984884181825997,0.06023736887187678
2026-03-03 19:30:00+00:00,-2.6687902141901407,-1.8063022366552177,-2.496041345917645,0.0,0.0,0.03571733195200867,1.7896979923614318,2.747165523122842,3.1745713020642863,12.991303059814134,0.31343283582089554,3.0,30.0,0.0017180932759992354,0.0,336.0,0.0,0.04409994679794676,0.3691580021485958,0.0005153192331103517,0.007198158648015519,0.8183594949931258,-0.004007723190293966,0.02956665153762117,0.025495382760216668,-0.07282471009952918,0.0,,0.0,0.5090394151183629,0.03111369674904678,0.0011028749495260864,0.06112451854856746
2026-03-03 20:30:00+00:00,-2.651213283990718,-1.8079042726171628,-2.4976433818795902,0.0,0.0,0.03566246347467563,1.7439176271348953,2.7068535809322443,2.9512019626733763,12.856060280166204,0.31343283582089554,3.0,30.0,0.0017180932759992354,0.0,336.0,0.0,0.045998092322337786,0.43742626786565225,0.00046309151960884516,0.007355166629222683,0.8445354646026544,-0.008777507189127398,0.03394496414094306,0.025481329651679027,-0.06286065002102781,0.0,,0.0,0.4735851657153142,0.02656679372428606,-0.0017226918779642726,0.0548562793265363
2026-03-04 14:30:00+00:00,-2.5509684013449454,-1.7444294698491594,-2.434168579111587,0.0,0.0,0.03474786294721388,1.7025714115833648,2.6603714942742283,2.7698950498551658,12.775348929724391,0.3074626865671642,3.0,40.0,0.001761882001674558,0.0,336.0,0.0,0.14997152740426006,0.45025126453679065,0.0006054553246489202,0.00965526163582503,1.010355097430845,0.10020220140711888,0.005150195109959732,0.024632629439796893,-0.09052707790914827,0.0,,0.0,0.38011762017468437,0.01841017583366637,-0.011064700375376102,0.04788505204270883
2026-03-04 15:30:00+00:00,-2.615866404427367,-1.8249063243268382,-2.5146454335892656,0.0,0.0,0.0330781846257153,1.6683864154293346,2.607937191384305,2.6139651784468976,12.721423883316518,0.3074626865671642,3.0,40.0,0.001761882001674558,0.0,336.0,0.0,0.31437607198804957,0.5281973673803979,0.000784091218226767,0.013389701369269398,0.9919753150569852,0.021550813520924805,-0.02557045156648119,0.024587572072602152,-0.07439958996978202,0.0,,0.0,0.42111877567447653,0.012267881801526083,-0.023125960441364404,0.047661724044416556
2026-03-04 16:30:00+00:00,-2.6551340818543427,-1.8760073061720748,-2.565746415434502,0.0,0.0,0.03134568859680546,1.6387546072464059,2.5602304756656906,2.529083368058967,12.641748811710023,0.30149253731343284,3.0,40.0,0.001761882001674558,0.0,336.0,0.0,0.03663032325805608,0.3321653060349723,0.0005341604089397309,0.006971934469174043,0.7776521881487264,-0.00553402440144346,-0.03283079080674334,0.0245831557879274,-0.061130104704118615,0.0,,0.0,0.466231645016347,0.010798518326208375,-0.028798615874884116,0.050395652527300834
2026-03-04 17:30:00+00:00,-2.7578776558992635,-1.986239536515154,-2.6759786457775814,0.0,0.0,0.02959824039906695,1.6266419312520441,2.51216000420651,2.4615632586157385,12.55565531943281,0.30149253731343284,3.0,40.0,0.001761882001674558,0.0,336.0,0.0,0.9906269347644935,0.00934864916203028,0.002195382350930887,0.027331512379421663,0.05327008759639172,-0.04489495991403736,-0.07123247404492972,0.024934253484195187,-0.03354897462445727,0.0,,0.0,0.5284647903899407,0.010569324600149284,-0.02703058115999212,0.04816923036029066
2026-03-04 18:30:00+00:00,-2.746729551151001,-2.0023876801183715,-2.692126789380799,0.0,0.0,0.027710606909432268,1.6366209883027354,2.4647437188616443,2.379331568999543,12.571022685251247,0.2955223880597015,3.0,40.0,0.001761882001674558,1.0,292.0,2.12832557144842,0.08562347197907859,0.7407381685120543,0.0002768565798948126,0.00873626786690941,0.7367491707869168,-0.026033750050880045,-0.0678451662990156,0.02495524524946717,-0.027313310733390495,0.0,,0.0,0.3468717566307178,0.016344222606614348,-0.010047221950366034,0.04273566716359472
2026-03-04 19:30:00+00:00,-2.726724499900174,-2.0218038918787404,-2.711543001141168,0.0,0.0,0.026275445591208653,1.6551542211292174,2.4168504577691836,2.280406035942859,12.812411129616702,0.21791044776119403,3.0,40.0,0.001761882001674558,1.0,292.0,2.12832557144842,0.03718538917090461,0.1829049499040238,0.0006552601519560408,0.006731760935023241,0.6269929308296529,-0.02173049565391416,-0.051365797715384076,0.02499306154993821,-0.00024142915863123449,0.0,,0.0,0.3503834785473685,0.015804479362622484,-0.010215934956326635,0.041824893681571586
2026-03-04 20:30:00+00:00,-2.7411618273451563,-2.036724368427215,-2.7264634776896424,0.0,0.0,0.02563865025334177,1.680485323183074,2.370627924841146,2.157854876943976,13.389907690950956,0.21194029850746268,3.0,40.0,0.001761882001674558,1.0,292.0,2.12832557144842,0.16131276783347923,0.6947142976306359,0.00042510586977288333,0.01031707186411788,0.8263917851223967,-0.0318299832322424,-0.05316867831388983,0.025008734974857033,-0.006522079399762681,0.0,,0.0,0.40582612460488465,0.016816567510126428,-0.011139596774276169,0.04477273179452901
2026-03-05 14:30:00+00:00,-2.722913590547796,-2.049705802460675,-2.7394449117231026,0.0,0.0,0.025683303640369137,1.7106476762955902,2.326578903302288,2.0164002202346825,13.925583898400635,0.20597014925373133,3.0,40.0,0.001761882001674558,1.0,292.0,2.12832557144842,0.025748720570652507,0.18757853159680285,0.0006346975498742584,0.006489045515773307,0.5969041690708377,-0.03742899341866757,0.002346002059594454,0.023573018501479564,-0.01653871852750033,0.0,,0.0,0.4395713072297521,0.023639837035115175,0.001431999287755989,0.045847674782474354
2026-03-05 15:30:00+00:00,-2.7705880771122904,-1.9891502977073687,-2.6788894069697964,0.0,0.0,0.027425241784177483,1.7492165565286852,2.2873156458062764,1.8640436463323289,14.802047488098781,0.20597014925373133,3.0,45.0,0.001633209863960314,1.0,292.0,2.12832557144842,0.999998666410921,1.333587513885013e-06,0.002216678738338934,0.0275210766409999,1.937391968545343e-05,-0.06576055703244155,-0.07252851087774559,0.0239728752490551,0.03448042583569766,1.0,,0.0,0.41909520384452725,0.028591108814188426,0.007322857050892466,0.04985936057748438
2026-03-05 16:30:00+00:00,-2.7738245380578523,-1.9558687360197191,-2.6456078452821465,0.0,0.0,0.028836727644172045,1.797809264831967,2.257544362459718,1.6907905153164902,15.715326752981028,0.2,3.0,45.0,0.001633209863960314,1.0,298.0,2.1566218656891807,0.07001268567283873,0.7632473952418038,0.00023579049525860704,0.008432235890503766,0.691062695051424,-0.06273262212625319,-0.050769802954953924,0.02370317688037696,0.03410411872464714,1.0,,0.0,0.42018192980088354,0.030838547271218725,0.004491893432939355,0.057185201109498096
2026-03-05 17:30:00+00:00,-2.7679733210643764,-1.8159313377960098,-2.5056704470584372,0.0,0.0,0.030021971107040617,1.8562464418777807,2.2406469683956045,1.5065571588573212,16.620273482481803,0.2,3.0,45.0,0.001633209863960314,1.0,298.0,2.1566218656891807,0.01447338466365797,0.13671891687852167,0.0006591244647415498,0.006155982004896035,0.47248714272410935,-0.034264392929409304,-0.061537708658599755,0.02360848698650672,0.04569861756117444,1.0,,0.0,0.44535948478083953,0.03169722768544177,0.0035419132823653436,0.05985254208851817
2026-03-05 18:30:00+00:00,-2.7690639466418787,-1.7289429137575945,-2.418682023020022,0.0,0.0,0.030858707247940795,1.9306893791408524,2.2468761594288655,1.3234743731151262,17.97621620688576,0.19402985074626866,3.0,45.0,0.001633209863960314,1.0,298.0,2.1566218656891807,0.07306569490303687,0.6741804463088005,0.0003120507013996479,0.008348562743643314,0.8045917764434454,-0.03754058749908307,-0.0717640116548468,0.023497335033342708,0.028245784540918528,1.0,,0.0,0.44146603885921804,0.03220296090067969,0.004288815732858036,0.0601171060685013
2026-03-05 19:30:00+00:00,-2.823051318649985,-1.8171326579435851,-2.506871767206013,0.0,0.0,0.03118339474499717,2.0111744271011047,2.2623943960007598,1.1882028391250867,19.28175244573019,0.1880597014925373,3.0,45.0,0.001633209863960314,1.0,298.0,2.1566218656891807,0.04993604067231375,0.23616335166498673,0.0006310668258966643,0.007101208999549551,0.7310900630046909,-0.03730089762386157,-0.06468468422341633,0.02356047071299698,0.026540758156565758,1.0,,0.0,0.45236124320523097,0.03248667167601978,0.003270885396614062,0.06170245795542553
2026-03-05 20:30:00+00:00,-2.898008604333311,-1.9380428843227528,-2.62778199358518,0.0,0.0,0.031230111211858563,2.101272158729394,2.284909458602075,1.0942441995236785,20.40814009145469,0.1880597014925373,3.0,45.0,0.001633209863960314,1.0,298.0,2.1566218656891807,0.11706730878109732,0.5845337639937969,0.00044891667877151615,0.009161233380071689,0.9258310799462273,-0.019115346323596683,-0.049842711595010414,0.023608892103124994,0.015696554437191423,1.0,,0.0,0.42680641647508133,0.032442423188600716,0.001800161135865879,0.06308468524133556
2026-03-06 14:30:00+00:00,-2.9134663134092995,-1.7430689248460516,-2.4328080341084792,0.0,0.0,0.03135095836512,2.2003315835895085,2.3117346269267243,1.0380458235036374,21.9453549355846,0.18208955223880596,3.0,45.0,0.001633209863960314,0.0,336.0,0.0,0.3969687561038443,0.4450582024975457,0.0009723891996747899,0.015059035734363976,1.0185680162433426,-0.04073448316667694,-0.057242571357180694,0.023707484865359185,0.08080639761575892,1.0,,0.0,0.612902877221046,0.027401697691172396,-0.007954278708468265,0.06275767409081309
2026-03-06 15:30:00+00:00,-3.0307968358658384,-1.6083765709726159,-2.2981156802350435,0.0,0.0,0.03133943097902621,2.2996232243311305,2.337859516473991,1.013508423299968,23.09103945389741,0.1761194029850746,3.0,45.0,0.001633209863960314,0.0,336.0,0.0,0.041160702608030314,0.3893106720925777,0.0004947621072657889,0.00716781951123351,0.8191947744387424,-0.0014346444505051181,-0.05336022007810648,0.02368908998465631,0.08457333917681353,1.0,,0.0,0.5793556654778057,0.027705758084393947,-0.00671130698432865,0.062122823153116555
2026-03-06 16:30:00+00:00,-2.9880675950661644,-1.5688566581479906,-2.258595767410418,0.0,0.0,0.03104612514460402,2.395742464695946,2.36413782736288,1.0047149142022647,24.19820573719827,0.1761194029850746,2.0,240.0,-0.0034630210440576414,0.0,336.0,0.0,0.04416691363294228,0.41820068745801553,0.00047589551796455595,0.007282536818942754,0.8360198463512406,8.442402230990353e-05,-0.041901758842329606,0.023635290219267743,0.0805619298146949,1.0,,0.0,0.6058009821087409,0.027197127032822704,-0.007737300124703084,0.06213155419034848
2026-03-06 17:30:00+00:00,-3.0901771296631453,-1.6517017486591434,-2.3414408579215706,0.0,0.0,0.030724642465733698,2.4801836015006558,2.3717559518751643,0.9944924845027908,25.30807515271416,0.1701492537313433,2.0,240.0,-0.0034630210440576414,0.0,336.0,0.0,0.07557456940049556,0.4234078836590502,0.0005178255942114301,0.007979589087001531,0.9053267866549675,0.007567461440571854,-0.0326330801387229,0.023681356957997828,0.08272427313676278,1.0,,0.0,0.5934123970940252,0.02712736462417617,-0.008788787342473153,0.06304351659082547
2026-03-06 18:30:00+00:00,-3.090872510476271,-1.6280629685767705,-2.3178020778391977,0.0,0.0,0.030515022462928195,2.5521715915793357,2.3644239657896646,0.9662322137970863,25.80708933163067,0.1701492537313433,2.0,240.0,-0.0034630210440576414,0.0,336.0,0.0,0.04667888460987563,0.41813909281206074,0.00047963432544399716,0.007337478556924691,0.8422065749156327,0.002860720017881846,-0.03808259431547345,0.02367651829840986,0.09200511955867174,1.0,,0.0,0.6085438418808273,0.026910707754870374,-0.008226383002348812,0.06204779851208953
2026-03-06 19:30:00+00:00,-3.0563520663037793,-1.4925955441738783,-2.182334653436306,0.0,0.0,0.030381701165649554,2.606948953343055,2.364779435249568,0.9130765227090408,26.810554361389865,0.16417910447761194,2.0,240.0,-0.0034630210440576414,0.0,336.0,0.0,0.09017235652151706,0.512212648735843,0.0004676992633381579,0.008449608260381556,0.9263445792730127,-0.013793316821753443,-0.047950956574628556,0.023698156364231476,0.10475052083724634,1.0,,0.0,0.6469842557297659,0.026829083315557133,-0.00824998903985378,0.06190815567096802
2026-03-06 20:30:00+00:00,-3.0577129609544906,-1.5476485803423445,-2.237387689604772,0.0,0.0,0.030428488031274098,2.645154025277942,2.352931407303018,0.8247746483072321,27.06417363324917,0.1582089552238806,2.0,240.0,-0.0034630210440576414,0.0,336.0,0.0,0.1043090051978403,0.38238152455408464,0.0005930879536372499,0.00853990033666362,0.9456910574297843,-0.011915320465188728,-0.03960750702421478,0.023774227640460006,0.10675101441625756,1.0,,0.0,0.6365315810922886,0.026440057242936913,-0.008051271728434235,0.06093138621430804
2026-03-09 13:30:00+00:00,-3.000200946277014,-1.378552135504871,-2.0682912447672983,0.0,0.0,0.030423778803241958,2.6618469944136227,2.3230701210307214,0.7046812915735363,27.754211267526337,0.1582089552238806,2.0,240.0,-0.0034630210440576414,0.0,336.0,0.0,0.4695855760878121,0.4632152337123642,0.001064404630952185,0.016681014386004556,0.8928796125563079,-0.012363601323803763,-0.06546474722222761,0.023837020567227432,0.10536046365104657,1.0,,0.0,0.6421641574104819,0.021575833741528733,-0.011953080576021572,0.055104748059079
2026-03-09 14:30:00+00:00,-2.998873988947708,-1.3320599295425268,-2.0217990388049545,0.0,0.0,0.029864779745074916,2.6592331208313897,2.2832168573626275,0.574132290401873,27.848095938798117,0.15223880597014924,2.0,240.0,-0.0034630210440576414,0.0,336.0,0.0,0.032287843038536365,0.33100860991090725,0.0005287150351910052,0.00687482039700749,0.7642535021470913,-0.007204388486835356,-0.08914192049053415,0.02337236477805269,0.11327404907123206,1.0,,0.0,0.6902073381006141,0.02113447406183878,-0.01616269225862056,0.05843164038229813
2026-03-09 15:30:00+00:00,-3.0143899378901082,-1.4255407681760242,-2.115279877438452,0.0,0.0,0.029166853696200895,2.6406613673840944,2.23519816285211,0.4418116181314475,28.20807030748192,0.15223880597014924,2.0,240.0,-0.0034630210440576414,0.0,336.0,0.0,0.11933627504151283,0.513164394951945,0.0005097634496708717,0.009090298388657965,0.9639277417700052,0.0015180933998246715,-0.08075550899330519,0.023451880348322,0.10494740401941716,1.0,,0.0,0.6283079917127108,0.017785861430268175,-0.023225447592158305,0.05879717045269462
2026-03-09 16:30:00+00:00,-3.0066172524595762,-1.4474792562834193,-2.1372183655458468,0.0,0.0,0.028253672228443463,2.6108751842253,2.183847992338464,0.32733021345374647,27.64695030087749,0.15223880597014924,3.0,50.0,-0.0037423116547031475,0.0,336.0,0.0,0.06082319100937295,0.0037789240907227014,0.00045212405957835943,0.007100204925950141,0.2538407902868225,-0.006852043135619823,-0.08171367784848815,0.023449480011218545,0.11036798080601606,1.0,,0.0,0.6715035135328343,0.013737904882982186,-0.015527518268816348,0.04300332803478073
2026-03-09 17:30:00+00:00,-3.0395820047806934,-1.5436490980961015,-2.233388207358529,0.0,0.0,0.027345111021454132,2.5738825808368495,2.131341589756738,0.2446072332324465,26.445998269327628,0.15223880597014924,3.0,50.0,-0.0037423116547031475,0.0,336.0,0.0,0.21817004965068346,0.01519827073540387,0.0006982471507199396,0.009899174477679747,0.5995197709268192,0.007366556747810726,-0.07160276260429388,0.023554922745656015,0.10714378302194127,1.0,,0.0,0.6502349586361591,0.018568463796797267,-0.012354306581801824,0.04949123417539637
2026-03-09 18:30:00+00:00,-2.906228035950911,-1.7586026839846667,-2.448341793247094,0.0,0.0,0.0284518041712478,2.53155548372618,2.078393954846096,0.19577594468761295,24.97551443795763,0.15223880597014924,3.0,50.0,-0.0037423116547031475,0.0,336.0,0.0,0.8881083379248857,0.11188968358782836,0.00134751610224269,0.023747447068699988,0.3504757568272313,0.05085278528698378,-0.02597964800283936,0.024347092475577255,0.06783321995648173,1.0,,0.0,0.6231091076809901,0.018799702687354786,-0.012842324481976662,0.05044172985668625
2026-03-09 19:30:00+00:00,-2.902413572332374,-1.7708659725302813,-2.4606050817927088,0.0,0.0,0.02842781835564437,2.488107402651157,2.02544921691871,0.17945682708318408,23.366480962122647,0.15223880597014924,3.0,50.0,-0.0037423116547031475,0.0,336.0,0.0,0.7300973603519917,0.02000041803902994,0.0017672914092987653,0.017706057719528087,0.6544495945963065,0.02450858738902273,-0.04712956982113248,0.024460417844821468,0.07574251315476488,1.0,,0.0,0.6336691305105344,0.01854309758649282,-0.012761372482275483,0.04984756765526111
2026-03-10 13:30:00+00:00,-2.911596529819829,-1.7988117253954554,-2.488550834657883,0.0,0.0,0.027333890347914988,2.446089090608767,1.973101580764232,0.20757221911922508,21.72339813045166,0.15223880597014924,3.0,50.0,-0.0037423116547031475,0.0,336.0,0.0,0.08490604487757254,0.0018220863559269735,0.0005205171686089508,0.00737978531021604,0.3037429900312201,0.03655936596298037,0.04623448946095099,0.017836612164092536,0.06449739000316512,1.0,,0.0,0.6541983166557581,0.024157633455591226,-0.014884673693659485,0.06319994060484191
2026-03-10 14:30:00+00:00,-2.9147369918780934,-1.8284593039236563,-2.5181984131860835,0.0,0.0,0.028216388813213904,2.4177097519520934,1.92083201632879,0.24458119581933996,20.087856701325677,0.15223880597014924,3.0,50.0,-0.0037423116547031475,0.0,336.0,0.0,0.12146640146714165,0.008048079932206187,0.0005480771664034525,0.008173656600689303,0.41561584661441575,0.04311945877303813,-0.009729317675819082,0.014161371559794295,0.04321123233812685,1.0,,0.0,0.6569223273723965,0.01766502216443757,-0.013248202468954518,0.04857824679782964
2026-03-10 15:30:00+00:00,-2.9061076672577233,-1.8514427746526023,-2.54118188391503,0.0,0.0,0.02873936815756332,2.4012398752187236,1.8725282983036702,0.2798398391142981,18.47289114091853,0.15223880597014924,3.0,50.0,-0.0037423116547031475,0.0,336.0,0.0,0.06095159883134622,0.003945294824835814,0.0004510224871621093,0.007108798004131416,0.2551048950796528,0.03250160130251256,-0.034162527803049514,0.013563174106201963,0.043813153631947266,1.0,,0.0,0.6645663362879483,0.017627538009675633,-0.012905921786751203,0.048160997806102446
2026-03-10 16:30:00+00:00,-2.8641722704351436,-1.527951562657281,-2.2176906719197085,0.0,0.0,0.029428727301133942,2.4038804648301353,1.8315450212624766,0.3030300511746895,17.018383330556038,0.15223880597014924,3.0,50.0,-0.0037423116547031475,0.0,336.0,0.0,0.24188081511802928,0.01693498701286674,0.0007352036534256961,0.010321593807478276,0.6343602967630875,0.044983199256222406,-0.033460735282272225,0.013581870809863434,0.035797271857351376,1.0,,0.0,0.6528623879761107,0.01782106058148511,-0.012384455267810759,0.04802657643078094
2026-03-10 17:30:00+00:00,-2.879970686298138,-1.602531609880886,-2.292270719143313,0.0,0.0,0.029493233089509144,2.417258076808615,1.8010089790033093,0.30368796331808307,15.665550146847368,0.15223880597014924,2.0,255.0,-0.003338434152906373,0.0,336.0,0.0,0.5894685791110614,0.04640250195410236,0.0012437277108274722,0.016675056518266496,0.8218886920355258,0.018018507775225956,-0.03532855300904458,0.013637774564452249,0.04108404437925817,1.0,,0.0,0.6385281768588889,0.02641388311194799,-0.006855157309777024,0.059682923533672994
2026-03-10 18:30:00+00:00,-2.8661250790368316,-1.6156155949542037,-2.305354704216631,0.0,0.0,0.029579651594238258,2.4305430800809256,1.7816467775482947,0.27693026792795006,14.581483956261206,0.15223880597014924,2.0,255.0,-0.003338434152906373,0.0,336.0,0.0,0.12605373157695085,0.003809401722671637,0.0005931649796387674,0.008071613538300255,0.40332283298143745,-0.01051871030866458,-0.032490635121209976,0.013677924770746608,0.024982226507240135,1.0,,0.0,0.6659952317097433,0.027695484787527147,-0.005121683258640486,0.060512652833694766
2026-03-10 19:30:00+00:00,-2.8713865923840003,-1.6397820637192624,-2.32952117298169,0.0,0.0,0.029540510024569182,2.4427269813541828,1.7680285922654402,0.22981139776255205,14.130455656034501,0.2,2.0,255.0,-0.003338434152906373,0.0,336.0,0.0,0.06306382310899751,0.004141139370257899,0.000453973566299378,0.0071480806899415494,0.2618995733244263,0.0031032875133574223,-0.03524877511864766,0.013678496765214815,0.0360356071208523,1.0,,0.0,0.6562139858811491,0.028749885008149186,-0.0037685640214372464,0.06126833403773557
2026-03-11 13:30:00+00:00,-2.8222018024940247,-1.2925584671445483,-1.9822975764069757,0.0,0.0,0.03104161079754579,2.4563555066263074,1.7453181828376798,0.170631603396167,14.02742829433826,0.2,2.0,255.0,-0.003338434152906373,0.0,336.0,0.0,0.7200201227444756,0.27997987725456874,-0.00041054584275042956,0.027999764186370478,0.5929343113097082,0.05661063297658231,0.0026429210304144135,0.015984086194155617,0.0397220748056073,1.0,,0.0,0.6381444728612922,0.03029581904311389,-0.0024335690290095274,0.06302520711523729
2026-03-11 14:30:00+00:00,-2.8226559039825023,-1.1734940187501521,-1.8632331280125796,0.0,0.0,0.03252713480092043,2.473473841883693,1.7182791041123493,0.11965073634445793,13.990546160136152,0.19402985074626866,2.0,255.0,-0.003338434152906373,0.0,336.0,0.0,0.15992574612467939,0.005149989441861109,0.0006554165143955429,0.008629249949659083,0.470917499027631,0.048658268890610756,0.01737813769386687,0.015783728331134665,0.03417568127842241,1.0,,0.0,0.6261183960868023,0.029920667074428704,-0.0034697387681976236,0.06331107291705501
2026-03-11 15:30:00+00:00,-2.852568182557831,-1.2066114039312963,-1.8963505131937237,0.0,0.0,0.03362073769458481,2.4960031483216407,1.6846661972626524,0.08041804715670677,13.940840484398384,0.19402985074626866,2.0,255.0,-0.003338434152906373,0.0,336.0,0.0,0.06837486367272831,0.004354752314682107,0.0004637061400586931,0.007235653654940691,0.27712548352613997,0.046542235112357666,0.017913731710751613,0.015779543613735292,0.025961340699516278,1.0,,0.0,0.6280058063519448,0.030058485635427946,-0.003357133279193139,0.06347410455004902
2026-03-11 16:30:00+00:00,-2.7039025439146696,-0.9787546748510949,-1.6684937841135223,0.0,0.0,0.034570606019698524,2.522221613183927,1.6490885629104477,0.05313881005016594,13.955403298802098,0.1880597014925373,2.0,255.0,-0.003338434152906373,0.0,336.0,0.0,0.1616649684501839,0.010996407825085484,0.0006106994457469332,0.008889973075568396,0.5010012362041467,0.0445931170161602,0.05602734164792533,0.015023810218782277,0.02801631014904693,1.0,,0.0,0.6304664017063718,0.0388764707254417,0.0074323430002051424,0.07032059845067826
2026-03-11 17:30:00+00:00,-2.659529905199818,-0.8022722035807721,-1.4920113128431995,0.0,0.0,0.03553644041402853,2.551361680287262,1.6133977950444638,0.03767529806505721,13.935371498517961,0.1880597014925373,2.0,255.0,-0.003338434152906373,0.0,336.0,0.0,0.09315912965759542,0.005501600744739395,0.0005078796892073991,0.007650343857907589,0.3433567519790387,0.06662005503563506,0.05732525207747052,0.015033951109965957,0.02587132228442446,1.0,,0.0,0.5500838205071312,0.0388807704732733,0.007502273237994371,0.0702592677085522
2026-03-11 18:30:00+00:00,-2.8795525024090067,-0.5473835183408389,-1.2371226276032663,0.0,0.0,0.03653400757782186,2.5848518889185277,1.5809968289408052,0.03321223342050437,13.96311426925164,0.18208955223880596,3.0,120.0,-0.0015225252502185723,0.0,336.0,0.0,0.07539961291569185,0.004879072241935493,0.0004745740277446913,0.007361196237041421,0.29784127860465825,0.06441644585892714,0.053656306391631325,0.014997549639877655,0.016864399202360048,1.0,,0.0,0.5668890265070204,0.03903819231571749,0.006962866474273625,0.07111351815716137
2026-03-11 19:30:00+00:00,-2.7154488769303335,0.18645361587158,-0.5032854933908475,0.0,0.0,0.03746659913538746,2.619804706104762,1.5633661660216218,0.033798170547229556,13.903839420372293,0.18208955223880596,3.0,120.0,-0.0015225252502185723,0.0,336.0,0.0,0.27652715206256595,0.019144639151599592,0.0007919252717730157,0.01092565786642958,0.6780665286325354,0.07913913951387741,0.07572034762747215,0.014971531096744161,0.003384329442528866,1.0,,0.0,0.5195389870706312,0.041581705298103726,0.008717701730404391,0.0744457088658031
2026-03-12 13:30:00+00:00,-2.784893589362977,-0.27121705449018907,-0.9609561637526165,0.0,0.0,0.03755535640092912,2.6564809630604236,1.5632662871170846,0.04119455770942753,13.861955432315698,0.1761194029850746,3.0,120.0,-0.0015225252502185723,0.0,336.0,0.0,0.7466631289879414,0.060633946555656126,0.0014662001667145156,0.019584725024940453,0.705387644926734,0.012190464711483884,0.052262379160565864,0.015330598440602347,0.03570467092113905,1.0,,0.0,0.6056548341799942,0.038829960547012335,0.0064970149608615455,0.07116290613316309
2026-03-12 14:30:00+00:00,-2.7367675423123554,-0.13746324330737217,-0.8272023525697996,0.0,0.0,0.03583296837550911,2.6945812772191573,1.5852479857128703,0.07204645121584376,13.739614398010351,0.1761194029850746,3.0,120.0,-0.0015225252502185723,0.0,336.0,0.0,0.20927743223408188,0.004657760068313476,0.0007663975925179267,0.009343492244115029,0.5415566236625804,0.021496321407583174,0.10463501613389159,0.013306916306243852,0.01843749341934764,1.0,,0.0,0.6118584493455843,0.04129707356309888,0.008459158360840505,0.07413498876535723
2026-03-12 15:30:00+00:00,-2.7090670213327237,-0.0956312349253647,-0.7853703441877922,0.0,0.0,0.03370712177931297,2.743120593246786,1.602485379075106,0.13769785312561392,13.806860026344411,0.1701492537313433,3.0,120.0,-0.0015225252502185723,0.0,336.0,0.0,0.0595803525426401,0.003375861540913282,0.0004527745863036784,0.007065528638682116,0.24818608362448455,0.02590356760454693,0.10654992144155173,0.013294265643414578,0.012517157270239387,1.0,,0.0,0.6245663338084892,0.04126454519937394,0.008374183484749373,0.07415490691399851
2026-03-12 16:30:00+00:00,-2.8064840030511835,-0.03534814346869411,-0.7250872527311215,0.0,0.0,0.03139042426311422,2.798465366905551,1.6338489204621576,0.25522014998383147,13.877773295095817,0.16417910447761194,3.0,120.0,-0.0015225252502185723,0.0,336.0,0.0,0.07279086981601125,0.004920197106313378,0.00046858226897429975,0.007324048001481503,0.2914821563730015,0.020791664533633458,0.1110833991109681,0.013286662109365275,0.0003036314750772817,1.0,,0.0,0.6281259350823737,0.0410719786771419,0.00866321477242208,0.07348074258186166
2026-03-12 17:30:00+00:00,-2.7579409144351645,0.14269601457629516,-0.5470430946861322,0.0,0.0,0.0291551382656447,2.86063536912436,1.676239237059717,0.43850469777366036,14.139670379855499,0.16417910447761194,3.0,120.0,-0.0015225252502185723,0.0,336.0,0.0,0.11699554695669834,0.00781820706395422,0.0005402993348055244,0.008097926683335015,0.405634956429474,0.022505220211080257,0.11737105978763385,0.013308451770347776,-0.014947141480793569,0.0,,0.0,0.6182473467374338,0.04045263815076932,0.008103010322854036,0.07280226597868458
2026-03-12 18:30:00+00:00,-2.3304469451862815,0.006907105674834086,-0.6828320035875933,0.0,0.0,0.027409099102926354,2.9374285741257626,1.7427824763226503,0.6819478190811401,14.55107987063571,0.1582089552238806,3.0,120.0,-0.0015225252502185723,0.0,336.0,0.0,0.07092487221308356,0.004779562561107746,0.0004657066766680179,0.007290645315251916,0.28597954088133853,0.013935484406219167,0.10489268842171207,0.013327452381064643,-0.013859146822770008,0.0,,0.0,0.6291379481816531,0.03968926034032708,0.007384801612504217,0.07199371906814994
2026-03-12 19:30:00+00:00,-2.342304213638928,-0.2254305657415108,-0.9151696750039382,0.0,0.0,0.026329766417743882,3.023842207534399,1.8417498879846166,0.9443624668062095,15.226645773176976,0.1582089552238806,2.0,30.0,0.0029844926405699717,0.0,336.0,0.0,0.12725071507960786,0.009958004794349393,0.0005447673685935358,0.008336410864462284,0.43557264849726546,-0.0064999138724699534,0.08833578007859888,0.013423491037066804,-0.007764401122442699,0.0,,0.0,0.6201596426680185,0.038349640451100224,0.004710502545718892,0.07198877835648156
2026-03-13 13:30:00+00:00,-2.444367278881506,-0.5527305149642965,-1.242469624226724,0.0,0.0,0.025047109073363064,3.1272769721695175,1.9642086374364007,1.1379099499227951,16.135016453029397,0.15223880597014924,2.0,30.0,0.0029844926405699717,0.0,336.0,0.0,0.5595897627754709,0.051146770405076446,0.001139664004240743,0.016421245218300504,0.8442024319663692,-0.00430370768490107,0.08869315464234173,0.013409156073304784,-0.006102945189055298,0.0,,0.0,0.5914659375155242,0.03782112484327396,0.004228417647741657,0.07141383203880625
2026-03-13 14:30:00+00:00,-2.5538777563101442,-0.77689601322266,-1.4666351224850875,0.0,0.0,0.024603437914756585,3.2128973512685923,2.0740180996989075,1.2540434196335746,17.28112971268667,0.15223880597014924,2.0,30.0,0.0029844926405699717,0.0,336.0,0.0,0.4115796401183932,0.01787667196255804,0.001094973155392813,0.012883379924886126,0.7574907592530076,-0.026943357960067083,0.07912630262432963,0.013630543454171513,0.005447036552483908,1.0,,0.0,0.6447294515606634,0.03852759846555245,0.004560998789518461,0.07249419814158643
2026-03-13 15:30:00+00:00,-2.5666954138247253,-0.8096506085899986,-1.499389717852426,0.0,0.0,0.02477139305688443,3.228958291325455,2.148179253985223,1.3558897456885437,18.566055386215258,0.15223880597014924,2.0,30.0,0.0029844926405699717,0.0,336.0,0.0,0.0648850280572973,0.002730879784043593,0.0004696136975899938,0.007118516486116473,0.2588668866667735,-0.02863264908495733,0.0778328483342845,0.013636955684192304,0.022314937702264004,1.0,,0.0,0.6347360823068422,0.038594560044791275,0.004960310304890955,0.0722288097846916
2026-03-13 16:30:00+00:00,-2.600158876619247,-0.7913776864829005,-1.481116795745328,0.0,0.0,0.02545602470603225,3.2168685366050194,2.2423986257235384,1.4340144587065513,20.016973788562503,0.15223880597014924,2.0,30.0,0.0029844926405699717,0.0,336.0,0.0,0.06646448805278421,0.0044770735313949305,0.00045855373026634755,0.007212154074685821,0.2727700725044661,-0.029587509692442282,0.07392842797795396,0.013607895802333283,0.013752932784185212,1.0,,0.0,0.6288506474731494,0.03810794402208069,0.004629352134126845,0.07158653591003453
2026-03-13 17:30:00+00:00,-2.650517902855699,-0.8810533103860962,-1.5707924196485237,0.0,0.0,0.02686416827754411,3.199706324725826,2.342844020535969,1.475258609174726,21.58132953004556,0.15223880597014924,2.0,30.0,0.0029844926405699717,0.0,336.0,0.0,0.20019235893995144,0.01675367686791116,0.000646407301137576,0.009694271330335761,0.582011526984022,-0.04804123086745715,0.06646910890229485,0.01374833038096345,0.029131357415211667,1.0,,0.0,0.6242730305726273,0.03793373343816125,0.0027476093631569817,0.07311985751316552
2026-03-13 18:30:00+00:00,-2.5560157150338068,-0.962020725633757,-1.6517598348961844,0.0,0.0,0.02866840528487823,3.1926479363877727,2.4437036848337796,1.466437549660121,23.28762486362411,0.15223880597014924,2.0,30.0,0.0029844926405699717,0.0,336.0,0.0,0.16156246031334145,0.010855816616901843,0.0006116433290243726,0.008882800792136413,0.5002254568275477,-0.05336970375790617,0.06531630148555934,0.01377392589529261,0.02460553002538468,1.0,,0.0,0.6202803455672592,0.03744936847342106,0.003309790973969183,0.07158894597287285
2026-03-13 19:30:00+00:00,-2.4917168842767587,-0.9327084144706119,-1.6224475237330394,0.0,0.0,0.030066059186029875,3.184154364179788,2.527428299628038,1.395802062399989,24.89949043620223,0.15223880597014924,2.0,30.0,0.0029844926405699717,0.0,336.0,0.0,0.1358149249499574,0.008099490378525887,0.0005787306717960713,0.008389129693296892,0.4431789284298041,-0.03660361852055516,0.06364748202323245,0.013746808913654512,0.0103287873862703,1.0,,0.0,0.6270799352702305,0.037649682215272505,0.003640503510462967,0.07165886092008204
2026-03-16 13:30:00+00:00,-2.228745669272253,-0.6064235911949671,-1.2961627004573946,0.0,0.0,0.029651660855250728,3.1684029645567424,2.5952112141460346,1.2858146456850843,26.35571618218975,0.15223880597014924,2.0,30.0,0.0038495123227930183,0.0,336.0,0.0,0.6752464025524619,0.32475359744753013,-0.000878837084308296,0.02913243430305339,0.6304007974404372,0.031835317779024486,0.13289207374516998,0.015867612181564825,-0.1742076856515924,0.0,,0.0,0.5837906172925055,0.0405023627079387,0.005234758235349142,0.07576996718052825
2026-03-16 14:30:00+00:00,-2.193296325897644,-0.6315657045734184,-1.3213048138358459,0.0,0.0,0.029308519209046695,3.143043686903168,2.6570919106193966,1.1708902506071246,27.807252309320766,0.15223880597014924,2.0,30.0,0.0038495123227930183,0.0,336.0,0.0,0.23909502084357934,0.00892087827892446,0.0007956304309356191,0.009958226960252108,0.5985661510941573,0.03962271783090632,0.1259534089420713,0.015937737159476287,-0.14779623262550956,0.0,,0.0,0.5960196125041576,0.0375495038488291,0.0018778594130687831,0.07322114828458941
2026-03-16 15:30:00+00:00,-2.2873271747562582,-0.8272188195953009,-1.5169579288577282,0.0,0.0,0.029239536090787572,3.1065235139395226,2.7102849524615085,1.0377551662068385,29.18265807982805,0.15223880597014924,2.0,30.0,0.0038495123227930183,0.0,336.0,0.0,0.26498248584502765,0.018276994707793377,0.0007741141343015048,0.010719098207859733,0.6637718486623858,0.028690422179926678,0.1050051771143865,0.016109232190593643,-0.12320456552579095,0.0,,0.0,0.6550570538811997,0.019293006975641167,-0.01759391527159511,0.05617992922287742
2026-03-16 16:30:00+00:00,-2.187075598054921,-0.6843949042574345,-1.3741340135198619,0.0,0.0,0.029068963362173805,3.0583818520354926,2.7508709516124434,0.9346032974735929,30.484074586330767,0.15223880597014924,2.0,30.0,0.0038495123227930183,0.0,336.0,0.0,0.26669952818312115,0.014164390983974954,0.0008119391785952281,0.01057942940956807,0.6498794776340615,0.036812155307855754,0.11759262642142954,0.016162257712542892,-0.14378343049834807,0.0,,0.0,0.6795264473812418,-0.019797639734219274,-0.04345604942518687,0.0038607699567485866
2026-03-16 17:30:00+00:00,-2.1081449108264003,-0.6318548010678486,-1.321593910330276,0.0,0.0,0.02906228886341475,2.9968536176474436,2.770291078376612,1.45564821533682,31.50546604315441,0.15223880597014924,2.0,30.0,0.0038495123227930183,0.0,336.0,0.0,0.0747189607498307,0.0038201220746757985,0.00048188156231560763,0.007308533896529578,0.29046182618236016,0.051407332940801354,0.11050988509528548,0.016105465763502375,-0.14268165075427852,0.0,,0.0,0.5619133895016567,-0.022753210641514143,-0.047406641063663796,0.0019002197806353878
2026-03-16 18:30:00+00:00,-2.0972429893999465,-0.6967092417046239,-1.3864483509670513,0.0,0.0,0.02872015865690876,2.91712060493492,2.771931624499473,1.436561959023936,32.235487952209475,0.15223880597014924,2.0,30.0,0.0038495123227930183,0.0,336.0,0.0,0.0721754975431417,0.005186995939514426,0.0004650367695289951,0.007325612997536483,0.29130607489718496,0.05629861855404705,0.07076213475262261,0.015125204653059995,-0.12314047591319799,0.0,,0.0,0.5517729138093798,-0.02286747439873721,-0.04689874944673732,0.001163800649262893
2026-03-16 19:30:00+00:00,-2.0986843228976264,-0.7285582590285888,-1.4182973682910163,0.0,0.0,0.02868206550869846,2.817243331218791,2.747649603885354,1.3954759058896644,32.324741477090896,0.15223880597014924,2.0,30.0,0.0038495123227930183,0.0,336.0,0.0,0.059552969758029074,0.0041040072426224445,0.00044667676210309734,0.0070943715766299854,0.2521335486290085,0.04648786183555398,0.0856267564697637,0.014807761266254453,-0.12721247081330134,0.0,,0.0,0.5561569671104534,-0.023200920606703285,-0.043265915958740124,-0.0031359252546661748
2026-03-17 13:30:00+00:00,-1.9552439874301923,-0.5518177568487636,-1.2415568661111909,0.0,0.0,0.028825312521334127,2.711897050986408,2.699880661222739,1.3268195873687398,31.458394871514855,0.15223880597014924,2.0,30.0,0.0038495123227930183,0.0,336.0,0.0,0.437904000055656,0.031986680777051725,0.0010349791792868734,0.013841716914013168,0.8081593172063222,0.008173060827015632,0.10450576860920524,0.014896698385938665,-0.1667850591332023,0.0,,0.0,0.5668090031657808,-0.022675814396183852,-0.04268368457521251,-0.0026679442171553165
2026-03-17 14:30:00+00:00,-1.972122157819267,-0.6473065319869912,-1.3370456412494187,0.0,0.0,0.02879128859901695,2.5857765732951363,2.646101297901853,1.233048579520532,29.889579682339715,0.15223880597014924,2.0,35.0,0.0029996581083499975,0.0,336.0,0.0,0.1362034547135593,0.006200947754528148,0.0005953168642945812,0.008318642353741194,0.4348017906034216,0.005758133548508404,0.08859208371754157,0.014973560283561253,-0.15564312122891355,0.0,,0.0,0.5390900492206082,-0.018770073187810432,-0.039749521639759575,0.0022093752641383635
2026-03-17 15:30:00+00:00,-2.0087461832958464,-0.7374830146922063,-1.4272221239546337,0.0,0.0,0.02876923450195182,2.436357831551841,2.582078689070752,1.0880203377903184,27.713568893161032,0.15223880597014924,2.0,35.0,0.0029996581083499975,0.0,336.0,0.0,0.07972429519018442,0.0053646470162879295,0.0004799147050526712,0.007445023865309331,0.3110447334081632,0.012459384175270038,0.08496295998714398,0.015013414735750104,-0.15227906201654484,0.0,,0.0,0.5728255484835848,0.03643984795621959,0.0019846893459074186,0.07089500656653178
2026-03-17 16:30:00+00:00,-2.058982273362975,-0.8448995843989008,-1.534638693661328,0.0,0.0,0.028720034732283094,2.2667182587487287,2.516619968884124,0.9249591355603742,25.007336328428476,0.15223880597014924,2.0,35.0,0.0029996581083499975,0.0,336.0,0.0,0.11580074032376915,0.008840748687673641,0.000529231368266918,0.008121232463195398,0.40798470909101614,-0.00692101414033619,0.06568841302487094,0.015017587070788554,-0.1547690445526575,0.0,,0.0,0.6485356665946631,0.038116923730227084,0.0023813030111650563,0.07385254444928913
2026-03-17 17:30:00+00:00,-2.1071010662581355,-0.9379339504465024,-1.62767305970893,0.0,0.0,0.02897952762483108,2.076913428591679,2.466324459482204,0.7889790574135866,21.770598018970215,0.15223880597014924,2.0,35.0,0.0029996581083499975,0.0,336.0,0.0,0.11201941769639807,0.008086829984731392,0.0005272930197614287,0.008034706715788405,0.39676428759599125,-0.01831324355413777,0.07417813376592175,0.014791090659691464,-0.15661287501457366,0.0,,0.0,0.6568825405963219,0.038901446414081345,0.0024853318161117896,0.07531756101205087
2026-03-17 18:30:00+00:00,-2.1213599760710187,-0.9762009744607946,-1.665940083723222,0.0,0.0,0.02938304835173493,1.8666216211469624,2.4064196226929013,0.6954618347215441,18.14424321624552,0.15223880597014924,2.0,35.0,0.0029996581083499975,0.0,336.0,0.0,0.06518498720641965,0.004345252443828561,0.00045687543878609045,0.00718782849264331,0.26867666499925985,-0.016788061618910888,0.0644927834423763,0.014787311914413322,-0.1609098315787767,0.0,,0.0,0.6600334543866071,0.036227908653089,0.0009302621073158032,0.07152555519886225
2026-03-17 19:30:00+00:00,-2.128809734267745,-1.0033322515522218,-1.6930713608146493,0.0,0.0,0.029889368216588455,1.645799310443367,2.3944657384708212,0.6675800864417528,14.463758010648029,0.15223880597014924,2.0,35.0,0.0029996581083499975,0.0,336.0,0.0,0.06143045290577146,0.004320133170617478,0.00044895118292930176,0.007130977639606532,0.2584425749986441,-0.01764864443744152,0.06487482451896476,0.014784195864887334,-0.14771416623889877,0.0,,0.0,0.6455018171311595,0.020675906646350384,-0.024949548125810253,0.066301361418511
2026-03-18 13:30:00+00:00,-2.2057141730478773,-1.1094892618065035,-1.799228371068931,0.0,0.0,0.03024776718682573,1.4241962830538433,2.564264990295715,0.7123580383018286,10.908390782514415,0.15223880597014924,2.0,35.0,0.0029996581083499975,0.0,336.0,0.0,0.4101049846453686,0.03851774480855105,0.00092060256602238,0.013690615862324661,0.8192368587189789,-0.046111323795095416,0.0017838118375275158,0.0125189534197663,-0.10954684644883983,0.0,,0.0,0.6255716438022422,-0.024263678202004688,-0.07316269292142637,0.024635336517417
2026-03-18 14:30:00+00:00,-2.210143010849782,-1.1326108799265142,-1.8223499891889416,0.0,0.0,0.030697474537049737,1.2607279016405049,2.7744230195089625,0.811492575136012,9.712374270552537,0.844776119402985,2.0,35.0,0.0029996581083499975,0.0,336.0,0.0,0.07262495847478317,0.0031039396996736888,0.0004832851141283986,0.007248619834640619,0.28116679847370224,-0.039933814826930814,0.0,0.01252149691702441,-0.11588353871911483,0.0,,0.0,0.6937865686669695,-0.03932567233887669,-0.06550717097481465,-0.01314417370293873
2026-03-18 15:30:00+00:00,-2.1456419206617783,-1.0625021246612822,-1.7522412339237097,0.0,0.0,0.030641852822424844,1.130944180265902,2.946567714772279,0.93021868010026,10.88897686574789,0.844776119402985,3.0,45.0,0.004348636519065791,0.0,336.0,0.0,0.5791654953669514,0.04298706339733488,0.001249734776201474,0.016384616148380774,0.8193407883508549,-0.018834868652932713,0.019585856221853604,0.012798724624821515,-0.15782273858810925,0.0,,0.0,0.6671745357212092,-0.03736806024129024,-0.061456788983841215,-0.01327933149873934
2026-03-18 16:30:00+00:00,-2.15290414875192,-1.0919845101448218,-1.7817236194072492,0.0,0.0,0.03036851194585315,1.0180945473963323,3.0751231806504356,1.0393505031269716,11.896284364132521,0.844776119402985,3.0,45.0,0.004348636519065791,0.0,336.0,0.0,0.09772059719810669,0.0032817942114464795,0.0005361689824458683,0.007629015858606054,0.34175367865964096,-0.01613820838333435,0.0049570876253763885,0.012729122239630358,-0.1467731785814852,0.0,,0.0,0.6548153283474213,-0.033070041423238786,-0.05388377910944148,-0.012256303737036109
2026-03-18 17:30:00+00:00,-2.1208315238677606,-1.0698144315410574,-1.7595535408034848,0.0,0.0,0.02962816700956297,0.9301803561811726,3.1758362361678554,1.1136582387697904,12.618660493545322,0.844776119402985,3.0,45.0,0.004348636519065791,0.0,336.0,0.0,0.02277874354699666,0.4382846853846604,0.0003777459612207314,0.007443611354935362,0.780830352102778,-0.003962731971451916,0.003595346758834772,0.01271193854513963,-0.14954166785319778,0.0,,0.0,0.6758939458483497,-0.030223922474551555,-0.05220008592445739,-0.008247759024645803
2026-03-18 18:30:00+00:00,-2.174162337824557,-1.1573844349356037,-1.8471235441980312,0.0,0.0,0.02896970938190631,0.8764304005404725,3.254999048608009,1.1471102450016832,13.131866113740383,0.844776119402985,3.0,45.0,0.004348636519065791,0.0,336.0,0.0,0.19221670601853796,0.09669200307586791,0.0007970347254666565,0.012389889548908063,0.785334675987231,-0.014905026909751484,-0.014828689326302325,0.012891215606717656,-0.13230473345925287,0.0,,0.0,0.6398275247581325,-0.028132084792868037,-0.050599461669832174,-0.00566470791590391
2026-03-18 19:30:00+00:00,-2.1812145128769207,-1.2020127770486992,-1.8917518863111267,0.0,0.0,0.02770362696553444,0.8477608296075894,3.299325665150541,1.1279914029923372,13.510727802049278,0.844776119402985,3.0,45.0,0.004348636519065791,0.0,336.0,0.0,0.02295816300578873,0.27158892617321095,0.000409470425208741,0.008048091016088377,0.6867961041020251,-0.01851043001184216,-0.03277474500675481,0.012726943742247185,-0.13595873611574127,0.0,,0.0,0.7343227857195738,-0.02494646670992163,-0.048040967413448155,-0.001851966006395117
2026-03-19 13:30:00+00:00,-2.326300198279921,-0.17050336190871662,-0.860242471171144,0.0,0.0,0.038103114793924774,0.8391655806268434,3.3175929240075526,1.0231842659824353,13.895688671946226,0.844776119402985,3.0,45.0,0.004348636519065791,0.0,336.0,0.0,1.0,4.010231943927927e-151,0.0025078912507883596,0.030452292427605228,7.629622237587068e-46,-0.1362694226835126,-0.14667607555746898,0.02540745620933665,0.003280314480769597,1.0,,0.0,0.7410987040354312,-0.018274576202891663,-0.04381674198906013,0.007267589583276782
2026-03-19 14:30:00+00:00,-2.340756588735313,-0.4667125287347171,-1.1564516379971446,0.0,0.0,0.04303435951748113,0.8455533726668651,3.32443728283653,1.0090906627215235,14.14638752460263,0.844776119402985,3.0,45.0,0.004348636519065791,0.0,336.0,0.0,0.489918358449301,1.6514768759390194e-11,0.0014390385904350348,0.019266600746062408,0.6929438882062806,-0.11362055134708715,-0.13511687275467033,0.025666018937863664,-0.012950791293897979,0.0,,0.0,0.7352074935862964,-0.018856746100038194,-0.04514516218884565,0.00743166998876927
2026-03-19 15:30:00+00:00,-2.3890515975067843,-0.8731226680112285,-1.562861777273656,0.0,0.0,0.045778096111088684,0.8605916980513633,3.327403510769931,0.962652972391364,14.224841002123208,0.844776119402985,3.0,45.0,0.004348636519065791,0.0,336.0,0.0,0.07998285677204087,0.025516266968651637,0.0005752390257871841,0.01018510965696819,0.39536436827585963,-0.11682908104812828,-0.1231467924308216,0.02581184652484746,-0.023444652787534714,0.0,,0.0,0.7498255435651134,-0.01878313185673101,-0.04458707423873036,0.007020810525268362
2026-03-19 16:30:00+00:00,-2.3204757780432814,-0.6147252001626425,-1.3044643094250699,0.0,0.0,0.04815688917120956,0.8782604184386851,3.3320731394202445,0.8902271734036404,14.109727719140027,0.844776119402985,3.0,50.0,0.003055083026946755,0.0,336.0,0.0,0.014705157378242939,0.15490876467020828,0.00041411928801437825,0.008287465896755417,0.5052808605462904,-0.12072420797467753,-0.1365587848829346,0.025787046571420585,-0.017642172998541206,0.0,,0.0,0.7760602875229395,-0.018883036586087223,-0.04388322012057684,0.00611714694840235
2026-03-19 17:30:00+00:00,-2.331737363036228,-0.6979651599133923,-1.3877042691758197,0.0,0.0,0.04928595213807798,0.8796537105267421,3.352253754882776,0.7720489559612943,13.287124726637948,0.844776119402985,3.0,50.0,0.003055083026946755,0.0,336.0,0.0,0.01567133368781887,0.37022623689560186,0.0003756516571859175,0.007532941633021331,0.7324331923480419,-0.12040567522868884,-0.13931554868093432,0.025753894336130997,-0.01872658019059692,0.0,,0.0,0.750339660340204,-0.017727395903639077,-0.04308314356145749,0.0076283517541792766
2026-03-19 18:30:00+00:00,-2.436323286882573,-0.9608315725485725,-1.650570681811,0.0,0.0,0.04940022469174702,0.8610592776348034,3.4124206705152518,0.6134026097386032,11.27501676617036,0.844776119402985,3.0,50.0,0.003055083026946755,0.0,336.0,0.0,0.19662586410477423,0.04747482542736427,0.0008155296059595498,0.012663890807375929,0.6760210366407143,-0.09144738738453562,-0.12021156111705711,0.025960462774541025,-0.0385627361800891,0.0,,0.0,0.6906377950535773,-0.015848820214646505,-0.04074736346789384,0.009049723038600868
2026-03-19 19:30:00+00:00,-2.400804283503348,-0.8922371887519954,-1.581976298014423,0.0,0.0,0.04948799835624407,0.8331722707952781,3.522447431031074,0.2298952085465561,8.724504175757403,0.8388059701492537,3.0,50.0,0.003055083026946755,0.0,336.0,0.0,0.017908677562606633,0.2540477680523418,0.00040218821832591664,0.008000554259222753,0.6512186941936445,-0.09105339636401766,-0.11732822749830252,0.025949612481078806,-0.033819243058305304,0.0,,0.0,0.708982027928667,-0.01602002952599172,-0.0410198454687283,0.008979786416744916
2026-03-20 13:30:00+00:00,-2.2955041534460525,-0.5753018687689502,-1.2650409780313776,0.0,0.0,0.05007103874292008,0.7990512365212173,3.656926116476158,0.1369149408642255,5.656033349313295,0.8328358208955224,3.0,50.0,0.003055083026946755,0.0,336.0,0.0,0.6821699686932325,5.787784545729656e-05,0.0018418821284015604,0.023482319767470207,0.6257792186551069,0.015595687345405729,-0.12677668052716218,0.026129187743734385,0.01784992537011032,1.0,,0.0,0.6492190225112976,-0.015243626185914644,-0.04050148276595055,0.010014230394121202
2026-03-20 14:30:00+00:00,-2.3098314186386517,-0.6145608049223048,-1.3042999141847322,0.0,0.0,0.05028187696474227,0.7628200833714636,3.7918470602828642,0.07171887319995526,4.9812576492778184,0.33134328358208953,3.0,50.0,0.003055083026946755,0.0,336.0,0.0,0.038383346673096584,0.12099770735039975,0.00047011309778367133,0.008928879476549422,0.5266255311151504,-0.0020887550548955858,-0.11026226984949883,0.0261035239167262,0.011090035681675658,1.0,,0.0,0.690370483514496,-0.012168855072801549,-0.041224211603439115,0.016886501457836024
2026-03-20 15:30:00+00:00,-2.2763653598979,-0.613500047996953,-1.3032391572593804,0.0,0.0,0.05033839330598896,0.7314030152992127,3.8632526542550374,0.04702601376348323,4.4403084198142855,0.33134328358208953,3.0,50.0,0.003055083026946755,0.0,336.0,0.0,0.011021896205435266,0.419973963236368,0.00035655350823639477,0.007251759858248414,0.7348819592969413,-0.01661511231548385,-0.11112925566134813,0.026101543956047198,0.02089704070743892,1.0,,0.0,0.7031718026042284,-0.011437981143485374,-0.0395577195275156,0.01668175724054484
2026-03-20 16:30:00+00:00,-2.183335262359418,-0.48789502283756214,-1.1776341320999895,0.0,0.0,0.050369065761004715,0.7271346342713804,3.898507932132173,0.057458305798600624,4.007607842994403,0.3253731343283582,3.0,50.0,0.003055083026946755,0.0,336.0,0.0,0.09274156853584473,0.2667450903120068,0.0005566092704004512,0.009595837157670118,0.8583664871336489,-0.017906628194645613,-0.12487790338513793,0.026099061232739494,0.03592683816309972,1.0,,0.0,0.6609399258595997,-0.011609689157140819,-0.03826603877613502,0.015046660461853316
2026-03-20 17:30:00+00:00,-2.0664369122167536,-0.37447398865249093,-1.0642130979149185,0.0,0.0,0.05039489815732499,0.7403170430872051,3.951124893221393,0.09392324912966614,5.106537679248373,0.844776119402985,2.0,35.0,-0.006987354841117446,0.0,336.0,0.0,0.05600969217650691,0.23670095670181168,0.0004852893546346937,0.008898574077145956,0.7474541320155648,-0.03224446781443291,-0.12351878562791008,0.026089484690820616,0.04776457162678138,1.0,,0.0,0.7106460276492174,-0.029625068039270112,-0.0580469980188964,-0.0012031380596438448
2026-03-20 18:30:00+00:00,-2.3076036052166473,-0.2947421030205036,-0.984481212282931,0.0,0.0,0.05040812226060585,0.7630978179084436,3.901574992217551,0.11951378295906845,5.781689926400312,0.844776119402985,2.0,35.0,-0.006987354841117446,0.0,336.0,0.0,0.033007523786082564,0.3297105951047392,0.0004195981448632407,0.008059074080796579,0.7655394301619776,-0.054557417284489595,-0.12139927464364053,0.026078674265251314,0.05022231649010145,1.0,,0.0,0.7234424818439916,-0.030565469455677202,-0.06193614797279986,0.0008052090614454263
2026-03-20 19:30:00+00:00,-2.3082433732323544,-0.4661529474063451,-1.1558920566687725,0.0,0.0,0.050408467692904836,0.7841693081391,4.04299980258171,0.17443813088139667,9.381282642320187,0.844776119402985,2.0,35.0,-0.006987354841117446,0.0,336.0,0.0,0.0827315381398054,0.18627389010166193,0.0005507669776226268,0.009666233936177495,0.7482765578848789,-0.03815033986303895,-0.11887494884078631,0.026116525026979278,0.039173032524409734,1.0,,0.0,0.7070728906756291,-0.02935943272931128,-0.059802062362370234,0.0010831969037476165
2026-03-23 13:30:00+00:00,-2.4897148846715345,-0.7853054397841668,-1.4750445490465942,0.0,0.0,0.050093396672143464,0.8103706100623708,4.17292560942985,0.26269578762645157,13.346612589412787,0.844776119402985,2.0,35.0,-0.006987354841117446,0.0,336.0,0.0,0.5466783917684551,0.00013365075881475435,0.0015579515001027623,0.020510822413121684,0.6900031789385458,0.01112688888926705,-0.1474851094169196,0.024714385769728404,0.018929242176613847,1.0,,0.0,0.7375546126183207,-0.028039836686236608,-0.06149738626855822,0.005417712896085017
2026-03-23 14:30:00+00:00,-2.425754380198833,-0.721337178169832,-1.4110762874322593,0.0,0.0,0.04986590437087224,0.839320096951205,4.259958327066408,0.3721999698348165,17.1189088528221,0.844776119402985,2.0,35.0,-0.006987354841117446,0.0,336.0,0.0,0.04597764364734743,0.08831869718949471,0.000492172153130257,0.009213147245356646,0.4807702668291888,-0.00017423231713209475,-0.15005921999753724,0.02472134599122478,0.017106211748671107,1.0,,0.0,0.780380246831651,-0.03303176409385086,-0.062317737091176134,-0.0037457910965255914
2026-03-23 15:30:00+00:00,-2.2566531805491143,-0.5079442380544344,-1.197683347316862,0.0,0.0,0.04952365485998991,0.8724109140437627,4.299742642264021,0.47986628630137745,20.123095150774212,0.844776119402985,2.0,35.0,-0.006987354841117446,0.0,336.0,0.0,0.5301903751315719,3.175642549338543e-05,0.0015234207803204803,0.020149620185332378,0.6916598339251203,-0.024378545224497117,-0.16419822306577192,0.02495931772944196,0.0361760504169375,1.0,,0.0,0.7857537119356014,-0.032405378833274975,-0.06193040812751491,-0.002880349539035057
2026-03-23 16:30:00+00:00,-2.2951908199756232,-0.5701998625616431,-1.2599389718240706,0.0,0.0,0.04894584361095532,0.9094617756760862,4.302551006265415,0.5693893656127945,22.182108599511974,0.844776119402985,2.0,35.0,-0.006987354841117446,0.0,336.0,0.0,0.035804599928394874,0.12801559546462637,0.00046338968121121876,0.008847046638156579,0.5319693631038187,-0.008142342412162051,-0.16983240110515574,0.02486793012495227,0.02501116310997631,1.0,,0.0,0.7871430480550448,-0.03172993474801309,-0.06226396319476214,-0.0011959063012640624
2026-03-23 17:30:00+00:00,-2.239042961445698,-0.6142185183107329,-1.3039576275731604,0.0,0.0,0.04827061001898373,0.9496276734436998,4.278831384050855,0.631272810607568,23.00788945576515,0.844776119402985,2.0,35.0,-0.006987354841117446,0.0,336.0,0.0,0.011432190104509405,0.42136122097374945,0.0003571523751181682,0.007255759489838333,0.7369087886034411,0.003108475189923965,-0.17181764337878747,0.024849130206932444,0.02279406226969538,1.0,,0.0,0.7754350071507553,-0.03226234417440784,-0.05952471341171055,-0.004999974937105158
2026-03-23 18:30:00+00:00,-1.9688137970174182,-0.6675752750707463,-1.3573143843331739,0.0,0.0,0.047858624923150225,0.9915071900829351,4.234627759651578,0.6594941051149782,22.860387739037364,0.844776119402985,2.0,30.0,-0.008110148517543474,0.0,336.0,0.0,0.03107622698190928,0.5791586971033666,0.0003686404485193449,0.007118050058439112,0.7914404355199125,0.013700071209772346,-0.16399782198791524,0.0248908992537733,0.02098347232119302,1.0,,0.0,0.7560071902078763,-0.03147931859984182,-0.05931418573659264,-0.003644451463091048
2026-03-23 19:30:00+00:00,-1.8128162126283205,-0.5912266430152779,-1.2809657522777054,0.0,0.0,0.047259399137106,1.0332431278315464,4.180209681675,0.669271833911061,21.886952026777465,0.844776119402985,2.0,30.0,-0.008110148517543474,0.0,336.0,0.0,0.1195676840259076,0.39346978653649417,0.0005889905497817986,0.00972756919615087,0.9713585742158869,-0.006754999888684665,-0.17211781056502495,0.024895302304127627,0.027010833792671107,1.0,,0.0,0.7321001226124544,-0.033031345756410355,-0.058710114138742914,-0.007352577374077698
2026-03-24 13:30:00+00:00,-1.8436995712985143,-0.6719149801036043,-1.3616540893660316,0.0,0.0,0.04630403029159511,1.0754233129076611,4.126445676118812,0.6945205008471194,20.392538667715314,0.844776119402985,2.0,30.0,-0.008110148517543474,0.0,336.0,0.0,0.059074055672946775,0.38865795621748506,0.0004631338330135148,0.008418326514382249,0.8623153063094283,-0.023442261753903182,-0.17910043199783843,0.024762457046360896,0.023703379534047997,1.0,,0.0,0.7700705636349418,-0.03351757473401857,-0.06154434073449343,-0.005490808733543805
2026-03-24 14:30:00+00:00,-1.8899935354998716,-0.7372930089383763,-1.427032118200804,0.0,0.0,0.04591447006205783,1.1150897184757025,4.076766358772811,0.7534190379875637,18.812276402746797,0.844776119402985,2.0,30.0,-0.008110148517543474,0.0,336.0,0.0,0.03624825099934245,0.5108864426100748,0.00039231734234895706,0.007477428989397951,0.8221060624038845,-0.010687803921870298,-0.16650515746791594,0.02481601543137106,0.03683309131768997,1.0,,0.0,0.7601419548784806,-0.03378757289848509,-0.06368208250308194,-0.0038930632938883117
2026-03-24 15:30:00+00:00,-1.9116801327832107,-0.7738102784920782,-1.4635493877545056,0.0,0.0,0.04587670748883066,1.1501262434126702,4.027058948698565,0.8289254934387021,17.42976975634833,0.844776119402985,2.0,30.0,-0.008110148517543474,0.0,336.0,0.0,0.034638370015244065,0.6509588822200988,0.0003626021445677313,0.006937494712818572,0.7597333352251443,0.01754900475244625,-0.1591086024885957,0.02484594665238839,0.027555684303992578,1.0,,0.0,0.7504507158562556,-0.033125578295976045,-0.06114457834113292,-0.0051065782508191715
2026-03-24 16:30:00+00:00,-1.88335953392717,-0.7622750858335187,-1.4520141950959462,0.0,0.0,0.04604648059599972,1.1797409327709047,3.977052594123484,0.9072918058869579,16.25156753182624,0.844776119402985,2.0,30.0,-0.008110148517543474,0.0,336.0,0.0,0.045917879378922284,0.719922210808582,0.0003732687214675618,0.006936395356650093,0.7179854745923826,0.008406797608266459,-0.1545045893565531,0.024841513011286842,0.025577686593210913,1.0,,0.0,0.7273906818333022,-0.03411523939895442,-0.06167965239970971,-0.006550826398199133
2026-03-24 17:30:00+00:00,-1.8799159591528105,-0.8055632153841698,-1.4953023246465973,0.0,0.0,0.04655272338892358,1.2023182233564116,3.9299392141056315,0.9813865043634195,15.22038986812293,0.844776119402985,2.0,30.0,-0.008110148517543474,0.0,336.0,0.0,0.055781316921737316,0.7410713933903392,0.00038995982548801805,0.007076499899889411,0.7068517510893957,0.010409412433912024,-0.14309498739073767,0.024877686083554056,0.016968034601043236,1.0,,0.0,0.7074318926388464,-0.03378966022539695,-0.06239089866437528,-0.005188421786418644
2026-03-24 18:30:00+00:00,-1.9442414391424105,-0.7836316640094194,-1.4733707732718468,0.0,0.0,0.04696423167323774,1.2175667906861276,3.885366929983981,1.0516351942029296,14.319656771713559,0.844776119402985,2.0,30.0,-0.008110148517543474,0.0,336.0,0.0,0.06370441101307582,0.7364087914964651,0.000407439145741953,0.007267044845146437,0.7225476678719966,0.0022946098946281523,-0.1449151504743762,0.024876526469428725,0.023522270383213417,1.0,,0.0,0.6821106203245497,-0.031791143194338047,-0.06373195499905575,0.0001496686103796413
2026-03-24 19:30:00+00:00,-1.9434638030565352,-0.7892065573557677,-1.4789456666181953,0.0,0.0,0.04736306680975451,1.2210067489857488,3.8421711113406825,1.1237616009197318,13.498312171060514,0.844776119402985,2.0,30.0,-0.008147654594245513,0.0,336.0,0.0,0.045020511292817124,0.789824082344061,0.000358242710086426,0.0066648853621808675,0.6233704918210092,0.011086096693418312,-0.14338306943416512,0.024881640246072794,0.029546827730791314,1.0,,0.0,0.6698378918096946,-0.029999473425812558,-0.06096598192796818,0.0009670350763430029
2026-03-25 13:30:00+00:00,-2.0938553431539493,-0.9935911996233375,-1.683330308885765,0.0,0.0,0.04860085152745156,1.2174249558561592,3.801253772991382,1.305503099989509,12.674834263939065,0.844776119402985,2.0,30.0,-0.008147654594245513,0.0,336.0,0.0,0.9671054402100729,1.3032902145583553e-05,0.0024389597601019004,0.029730893491365172,0.14477939020458963,0.03016529823474645,-0.10282380996799656,0.02535037095306569,0.10506842786012971,1.0,,0.0,0.5834689569985481,-0.029439302085959372,-0.05934610212084192,0.000467497948923163
2026-03-25 14:30:00+00:00,-2.071322582158055,-0.9924980223371398,-1.6822371315995672,0.0,0.0,0.04952334720324975,1.2126283269233527,3.766309736578591,1.3941077211763893,11.714692876143728,0.844776119402985,2.0,30.0,-0.008147654594245513,0.0,336.0,0.0,0.05799722683937048,0.013423243387010718,0.0005314433395311904,0.009746548812034055,0.2918105145575539,0.02195207192067805,-0.10461927072030708,0.025349137010553736,0.11188755005448403,1.0,,0.0,0.5843736557059273,-0.029975013050466175,-0.06034075573405903,0.00039072963312664424
2026-03-25 15:30:00+00:00,-2.072243059038365,-1.0439382120842555,-1.733677321346683,0.0,0.0,0.05052065970942098,1.2084337871264055,3.734853805573271,1.4413659404802197,10.701109186768818,0.8388059701492537,2.0,30.0,-0.008147654594245513,0.0,336.0,0.0,0.009626346606717852,0.18078995763699326,0.0003986097035454179,0.008082850875379,0.5249367035239372,0.027726581179489784,-0.11254715265617321,0.02520797190500234,0.10534348596309773,1.0,,0.0,0.5895813873716504,-0.031239313333478333,-0.06268742104353953,0.00020879437658291242
2026-03-25 16:30:00+00:00,-2.0646544303245165,-1.0786574072658894,-1.7683965165283169,0.0,0.0,0.05152944691363787,1.206028144941405,3.7035305095437527,1.4545510559265358,9.954610234952677,0.8388059701492537,2.0,30.0,-0.008147654594245513,0.0,336.0,0.0,0.016950621163388618,0.39568614538933067,0.00037354440165797214,0.007469272473351107,0.7485123196513883,0.03566238296699531,-0.10270399800622343,0.02524352201004627,0.0773703741344276,1.0,,0.0,0.5808315841890141,-0.031167836180560144,-0.06318063764703107,0.0008449652859107669
2026-03-25 17:30:00+00:00,-2.051904853402223,-1.099736608675456,-1.7894757179378835,0.0,0.0,0.05244299432115038,1.2040126888398222,3.6689477382459623,1.4565125173128575,9.194170983977823,0.8328358208955224,2.0,30.0,-0.008147654594245513,0.0,336.0,0.0,0.027464991401650003,0.5817553971604018,0.0003605849395143058,0.007029503504453778,0.7810532881283192,0.03424668400294539,-0.10488557141634036,0.02522629865216328,0.07287116509243496,1.0,,0.0,0.569211708486033,-0.03160066692331873,-0.06391474966289135,0.000713415816253872
2026-03-25 18:30:00+00:00,-2.003272750682373,-1.0889182287254489,-1.7786573379878763,0.0,0.0,0.053099588947206205,1.2032791706446708,3.6316654539540223,1.457027805857973,8.682720117963035,0.8328358208955224,2.0,30.0,-0.008147654594245513,0.0,336.0,0.0,0.04933956832949229,0.6418808200256303,0.00039511503438178114,0.00729258550785911,0.7958991474833652,0.03422763538570095,-0.09578248817892376,0.025160520509845862,0.06113061216522464,1.0,,0.0,0.5491491551710068,-0.03145149337628076,-0.06507449074000562,0.002171503987444104
2026-03-25 19:30:00+00:00,-2.0101076606749317,-1.0944825592298406,-1.784221668492268,0.0,0.0,0.053632341429378796,1.2023672939376044,3.5914824007992734,1.4656081439406259,8.11582335133963,0.826865671641791,2.0,30.0,-0.008147654594245513,0.0,336.0,0.0,0.03928727600146163,0.7407715635243254,0.0003554537054897373,0.006715878655125023,0.6825231662209521,0.03484193571967609,-0.09003070370264687,0.02515960461744465,0.0741809862649685,1.0,,0.0,0.566566823857572,-0.03160066692331873,-0.06391474966289135,0.000713415816253872
2026-03-26 13:30:00+00:00,-2.0432020220804574,-1.1170852499698325,-1.80682435923226,0.0,0.0,0.048588398776922934,1.2006988296389363,3.5508971189209872,1.488580431097901,7.735154460499974,0.826865671641791,3.0,30.0,-0.003625672309295917,0.0,336.0,0.0,0.055875993080514795,0.7578633447907854,0.0003870003514486637,0.007018080685744896,0.6843314990261851,0.012206205695770578,0.04565181841128663,0.011335403914795076,0.1276512462603927,1.0,,0.0,0.5503038343666231,-0.021980156653521883,-0.04677194457142625,0.0028116312643824415
2026-03-26 14:30:00+00:00,-1.9988972905831608,-1.0838695789907873,-1.7736086882532147,0.0,0.0,0.04440866829177533,1.200787602424013,3.5110770074611968,1.5154917718409897,7.252690784611748,0.8208955223880597,3.0,30.0,-0.003625672309295917,0.0,336.0,0.0,0.1862996038850827,0.47934570197081877,0.000712674556809316,0.010881567861807903,1.0318397649554836,0.005841943749863354,0.014843224376643427,0.010936116672273939,0.12254967576182718,1.0,,0.0,0.5122538800333237,-0.03522608311135149,-0.06541264384034998,-0.0050395223823531295
2026-03-26 15:30:00+00:00,-1.944995794913047,-1.0588866926255123,-1.7486258018879397,0.0,0.0,0.04081695531502731,1.1992506433468677,3.467599567707204,1.5573137696844914,6.97544112542809,0.8208955223880597,3.0,30.0,-0.003625672309295917,0.0,336.0,0.0,0.0704969776829134,0.454791596221884,0.000474633070574446,0.008430566440203405,0.8989915166613833,-0.009099535514998536,-0.004817607123043466,0.01077721861294659,0.12027121664085527,1.0,,0.0,0.5476736721488993,-0.037295137810115064,-0.06886228127001101,-0.005727994350219152
2026-03-26 16:30:00+00:00,-1.9027091355382069,-1.0380897209992563,-1.7278288302616838,0.0,0.0,0.036358032444932006,1.1942014834437975,3.4258889095131733,1.6128564968080152,7.376472960165213,0.844776119402985,3.0,30.0,-0.003625672309295917,0.0,336.0,0.0,0.04476226436497054,0.5372368557224793,0.0004052026560882983,0.007569203544013882,0.8374533640865367,-0.01905801746528546,-0.0010378074968313555,0.010706631300816888,0.12452052566181226,1.0,,0.0,0.6082917613013797,-0.037605408552247546,-0.06865119474852693,-0.00655962235596818
2026-03-26 17:30:00+00:00,-1.880196050107201,-1.0414629330426468,-1.7312020423050742,0.0,0.0,0.03229988957881016,1.1857470813001003,3.381692344854199,1.6796171232259818,8.008651303149982,0.844776119402985,3.0,30.0,-0.003625672309295917,0.0,336.0,0.0,0.03376822849339304,0.6820054634101621,0.00035494023984195217,0.006806563474050498,0.7329824812917097,-0.021862034167162037,-0.006341930354813563,0.010667643891533556,0.12949276966129109,1.0,,0.0,0.6457860572307327,-0.037456717043244825,-0.06686079323600763,-0.00805264085048205
2026-03-26 18:30:00+00:00,-1.9350353073616455,-1.0563360256281151,-1.7460751348905426,0.0,0.0,0.02977631717364401,1.1737184790917683,3.3326408409335837,1.7528904057492896,8.882166207761502,0.844776119402985,3.0,30.0,-0.003625672309295917,0.0,336.0,0.0,0.04244297495178795,0.7578575772648722,0.00035885316334413294,0.006723525876758033,0.6659301952744184,-0.015538772959136082,-0.01987387375352423,0.010327983892909703,0.1319295084962464,1.0,,0.0,0.6168303364175437,-0.03787907088416438,-0.06443325876372247,-0.011324883004606295
2026-03-26 19:30:00+00:00,-1.9319515380299124,-1.0442577249967266,-1.733996834259154,0.0,0.0,0.02759027168251182,1.1603241670973332,3.2803744829676913,1.809241258665138,10.114835497892647,0.844776119402985,3.0,30.0,-0.003625672309295917,0.0,336.0,0.0,0.054748843284213033,0.7759128412620812,0.0003812441055988432,0.006928337298866965,0.6566267098493579,-0.018917198620423292,-0.01789450595905251,0.010306861748080463,0.14081813735181292,1.0,,0.0,0.6140267586455932,-0.041694306387092525,-0.06693453852637463,-0.016454074247810514
2026-03-27 13:30:00+00:00,-1.926727356510725,-1.0706509326075648,-1.7603900418699923,0.0,0.0,0.02423861431673711,1.1433651876926652,3.226233251934053,1.8596597385676927,11.64325038418458,0.844776119402985,3.0,30.0,-0.003625672309295917,0.0,336.0,0.0,0.061158774965033025,0.7711905720155241,0.0003955638844286932,0.007085914735368505,0.670668169346536,-0.018668124396469032,0.011388006669411865,0.009406544741085005,0.16084178732006293,1.0,,0.0,0.7342683891836395,-0.04730729228780482,-0.06923176562194464,-0.025382818953665134
2026-03-27 14:30:00+00:00,-1.9714650750977216,-1.1652467098525987,-1.8549858191150261,0.0,0.0,0.02202985415060387,1.1250280197981732,3.1724957879705853,1.8955638392249967,13.462660778297904,0.844776119402985,2.0,40.0,-0.004353506080774969,0.0,336.0,0.0,0.6945264580239783,0.01919551292068747,0.00186417559591426,0.023684341873067307,0.6871278598830273,0.009039075647148564,0.025971055078687577,0.009862799734168993,0.17050894729408572,1.0,,0.0,0.7902360337465396,-0.06094899026560299,-0.0843785619289554,-0.037519418602250595
2026-03-27 15:30:00+00:00,-1.9494712846886988,-1.145263634636151,-1.8350027438985785,0.0,0.0,0.020384888733447192,1.1058056946424426,3.1206110974825063,1.9103608475599356,15.61218579808083,0.844776119402985,2.0,40.0,-0.004353506080774969,0.0,336.0,0.0,0.05427399811735061,0.08210522174521995,0.0005107252778055939,0.00941746474103966,0.4900069111515758,0.00892863863950133,0.020726143831941712,0.009938507965732932,0.19167935381299994,1.0,,0.0,0.8178505107879169,-0.06747023709278505,-0.08856566917279013,-0.04637480501277996
2026-03-27 16:30:00+00:00,-1.922421214423868,-1.1312926377428005,-1.821031747005228,0.0,0.0,0.018667858477860195,1.0866317075602403,3.0709091699851445,1.9007024921978248,18.01588157810848,0.844776119402985,2.0,40.0,-0.004353506080774969,0.0,336.0,0.0,0.012145390777013312,0.31764708207044107,0.00037815114512781907,0.007645044329252907,0.6860486988052352,0.008973321091501063,0.02584214178931532,0.009813682793361518,0.2040306476110283,1.0,,0.0,0.8482888840604103,-0.06917148326121897,-0.08668314008136346,-0.05165982644107448
2026-03-27 17:30:00+00:00,-1.8931107983053783,-1.11703074376451,-1.8067698530269374,0.0,0.0,0.01685956523603861,1.0684238548024125,3.023082984703631,1.8663907405892275,20.445778504275076,0.844776119402985,2.0,40.0,-0.004353506080774969,0.0,336.0,0.0,0.027517103566078796,0.4842400486563998,0.0003790326957543891,0.007381959167397878,0.800068035781742,0.004583384765259879,0.030485922224879225,0.00970728949639829,0.20359218192639172,1.0,,0.0,0.8444413810864816,-0.068568995976045,-0.0864735999909268,-0.05066439196116322
2026-03-27 18:30:00+00:00,-1.8614906925399362,-1.1306626747136477,-1.820401783976075,0.0,0.0,0.014145008191902118,1.0517131758552147,2.9769615833823044,1.8091790985751877,22.735670748363173,0.844776119402985,2.0,40.0,-0.004353506080774969,0.0,336.0,0.0,0.030439388575789466,0.37023818856691454,0.0004273707458491528,0.007516312222063979,0.7809932280569184,0.00483340795664855,0.039516951487613916,0.009612508217411867,0.20734868753543,1.0,,0.0,0.8530956978264821,-0.06693506615957086,-0.08453936977103373,-0.049330762548107886
2026-03-27 19:30:00+00:00,-1.8755107555044817,-1.161121799155692,-1.8508609084181193,0.0,0.0,0.012834529006712576,1.0372749647898227,2.932428154747108,1.7323312141238811,24.78127445010638,0.844776119402985,2.0,40.0,-0.004353506080774969,0.0,336.0,0.0,0.04780377947403268,0.46554874394638857,0.00035912937842887187,0.008135629750623187,0.8517754673142767,0.01362209063153852,0.03387792453552496,0.009486304384971203,0.2104932328594833,1.0,,0.0,0.8163039061439284,-0.0705320212238417,-0.08729450595131767,-0.05376953649636564
2026-03-30 13:30:00+00:00,-2.1208249832794115,-0.17022965220929911,-0.8599687614717265,0.0,0.0,0.020795151712525863,1.025683717295403,2.889224743913883,1.6419193920768531,26.50980582628738,0.844776119402985,2.0,40.0,-0.004353506080774969,0.0,336.0,0.0,1.0,1.608664634823053e-34,0.0018787314188466035,0.03204517272289488,4.4449046493243265e-33,0.11153034656082816,0.11179146434097298,0.019237700475399713,0.0828340538191501,1.0,,1.0,0.5197318889525838,0.023694788944405954,0.005000406899384597,0.04238917098942728
2026-03-30 14:30:00+00:00,-2.120053761243556,-0.1092267844028605,-0.7989658936652879,0.0,0.0,0.025876307436236035,1.0129571394886525,2.927167219135789,1.5404060384861067,27.128045001714007,0.844776119402985,2.0,40.0,-0.004353506080774969,0.0,336.0,0.0,0.06060525529473882,0.7995940559173152,6.498195137575081e-05,0.009058011706862115,0.6237923760178092,0.09700653065747211,0.12315181805329178,0.019142175946308692,0.08361572987683097,1.0,,1.0,0.5351584051525019,0.023170212389885952,0.007392989694961119,0.03894743508481078
2026-03-30 15:30:00+00:00,-2.105313630203006,-0.11891198162761059,-0.8086510908900381,0.0,0.0,0.029376407565583705,1.0055539596386875,2.9044810642775243,1.4396307771882437,28.06406658508044,0.844776119402985,2.0,50.0,-0.004270054638597589,0.0,336.0,0.0,0.009403640356208188,0.1232182022950616,0.0006316525116750575,0.0065337360545685745,0.425288426873686,0.10551438283859493,0.15061907189503376,0.018456714096780617,0.07751917113744966,1.0,,1.0,0.4867697594213277,0.03111401311765032,0.011325531346781475,0.05090249488851911
2026-03-30 16:30:00+00:00,-2.175599712753265,-0.878429744415255,-1.5681688536776823,0.0,0.0,0.030725656925448402,0.9993228231312257,2.8998484256359043,1.337884424649625,28.22217508210028,0.844776119402985,2.0,50.0,-0.004270054638597589,0.0,336.0,0.0,0.8038324322747502,0.19421628916457162,0.0014747953136916342,0.027293023412462564,0.5059813044520062,0.087455070508212,0.12143955470968937,0.019021216342328003,0.11067453008292727,1.0,,1.0,0.4999544148450277,0.03109872349480089,0.011889878957901195,0.050307568031700584
2026-03-30 17:30:00+00:00,-2.183582054732918,-0.8618996599536836,-1.5516387692161109,0.0,0.0,0.03165578618718003,0.9938928941646494,2.916440328377381,1.235830108570868,27.320543333999087,0.844776119402985,2.0,50.0,-0.004270054638597589,0.0,336.0,0.0,0.041858053237396886,0.6103220372486381,0.00021849944439762589,0.008236852864568555,0.8015154598582486,0.09014981449433712,0.11752726152929238,0.01904080327542904,0.11076401180123163,1.0,,1.0,0.5372065728101758,0.0293048909948734,0.01087880444876433,0.04773097754098246
2026-03-30 18:30:00+00:00,-2.2408805957407614,-1.166320609868566,-1.8560597191309933,0.0,0.0,0.03185881427367428,0.9885884336809425,2.9522318236858562,1.1302496494534455,25.07240943786217,0.844776119402985,2.0,50.0,-0.004270054638597589,0.0,336.0,0.0,0.2712981527643516,0.500321829794087,0.0005826477623846676,0.014001914559170957,1.0376520625933794,0.07183597716771217,0.09765285744555374,0.01932668041373832,0.13158620428691759,1.0,,1.0,0.5011138331693785,0.02938927380225131,0.007938095030352761,0.05084045257414981
2026-03-30 19:30:00+00:00,-2.255863572078478,-0.9141600482726572,-1.6038991575350847,0.0,0.0,0.032061627233170444,0.9828675591555566,3.0074218635802907,1.0212600227231716,22.600628312559717,0.8388059701492537,2.0,50.0,-0.004270054638597589,0.0,336.0,0.0,0.1272513512893583,0.437022993131524,0.00047638129102185966,0.0101487697095948,0.986070337010654,0.07947609425385327,0.1201090186780629,0.0192855115906973,0.12363602053200662,1.0,,1.0,0.579186314008957,0.032611944517406184,0.019674111327832228,0.04554977770698013
2026-03-31 13:30:00+00:00,-2.131516032959085,-0.0863449399932481,-0.7760840492556755,0.0,0.0,0.0344848909062408,0.9792089894689027,3.086756337335537,0.9030553841682086,19.7450350476973,0.8328358208955224,2.0,50.0,-0.004270054638597589,0.0,336.0,0.0,0.999999999896231,1.0376904901392146e-10,0.0018787314186319746,0.0320451727203829,2.4893007038514666e-09,0.03478902409603357,0.17002275019090973,0.021335669304950927,0.03795955100735249,1.0,,1.0,0.6892372924244596,0.037886938845016864,0.027582261281790983,0.04819161640824278
2026-03-31 14:30:00+00:00,-2.2061518239650346,-0.3801668848720034,-1.0699059941344309,0.0,0.0,0.03546795953434913,0.9832000146474502,3.1836908263134824,0.7739999472120346,16.73941152303791,0.826865671641791,2.0,50.0,-0.004270054638597589,0.0,336.0,0.0,0.24198541914359425,0.7303593909415087,0.00033646925171416497,0.013646787035952342,0.672065422926351,0.016504069457206505,0.1503436914323686,0.021591092951094158,0.06270859153537334,1.0,,1.0,0.7441399400600978,0.036858855654386055,0.02554775150491425,0.048169959803857854
2026-03-31 15:30:00+00:00,-2.273050469688305,-0.6045618964225253,-1.2943010056849529,0.0,0.0,0.03581325966358395,0.9887831447041803,3.2608680691826666,0.6203102534266026,14.012821464221293,0.8208955223880597,2.0,50.0,-0.004270054638597589,0.0,336.0,0.0,0.03241382898642021,0.27109380118789234,0.0005212784374159803,0.007392517256497073,0.7169288712556109,0.005828195162759009,0.13889826230534652,0.021706032185613844,0.07040906802130298,1.0,,1.0,0.7318362367832906,0.037098638524635665,0.027036853112902756,0.047160423936368566
2026-03-31 16:30:00+00:00,-2.2450283641310858,-0.6328016324716573,-1.3225407417340849,0.0,0.0,0.03589277907694713,0.9944421051956154,3.3193900951682753,0.4574529600154749,11.772946459276636,0.8208955223880597,3.0,30.0,0.00832741497687337,0.0,336.0,0.0,0.044834583590288746,0.5634432458037891,0.0002652391471792826,0.008231380509767431,0.8295652946662904,0.028092134062099205,0.14112489116352211,0.021688288577184647,0.07792145248090865,1.0,,1.0,0.5776492671995771,0.043501283524090696,0.032197844722869164,0.054804722325312194
2026-03-31 17:30:00+00:00,-2.1837669552304915,-0.5760329098112233,-1.2657720190736508,0.0,0.0,0.03593725773886251,0.9998226978985829,3.3638174489545087,0.29897440228162947,9.84670601256963,0.8149253731343283,3.0,30.0,0.00832741497687337,0.0,336.0,0.0,0.028604256813729998,0.2975291608628939,0.0004924836971710573,0.007340252031768336,0.7283336272200773,0.034759570401694084,0.14187741949707444,0.02168876460405222,0.07338259964701965,1.0,,1.0,0.6070071275070923,0.047313276043255484,0.0352693549374579,0.059357197149053124
2026-03-31 18:30:00+00:00,-1.9871732904816077,-0.5364182372627692,-1.2261573465251967,0.0,0.0,0.03581837058064341,1.0052966634812557,3.40320101867454,0.16150567031134547,8.143074912052885,0.808955223880597,3.0,30.0,0.00832741497687337,0.0,336.0,0.0,0.049298598305073354,0.5285148490808506,0.00030263348870613265,0.008285646015685414,0.8494623629842646,0.05526012337188568,0.15061837092281127,0.021637809801265055,0.06771810242985943,1.0,,1.0,0.6221106103273466,0.04625709355268292,0.03587256686915672,0.05664162023620911
2026-03-31 19:30:00+00:00,-2.0160805556601913,-0.4742212617972828,-1.1639603710597102,0.0,0.0,0.03559628832305282,1.0084650361570484,3.438154297961836,0.054800454794656527,10.179192833611845,0.844776119402985,3.0,30.0,0.00832741497687337,0.0,336.0,0.0,0.03369511438382256,0.3295604614519679,0.0004686975661975724,0.007529041855671339,0.767468715022274,0.047719952466421134,0.15674287445106572,0.021622338926460264,0.06819831339659732,1.0,,1.0,0.6374473531196412,0.04715970171502716,0.03614771314976987,0.05817169028028449
2026-04-01 13:30:00+00:00,-1.8494068074782222,-0.12062652031356669,-0.8103656295759941,0.0,0.0,0.035904459638506636,1.009415886676779,3.4844938144210458,0.002552508055458197,12.128657155388854,0.844776119402985,3.0,30.0,0.00832741497687337,0.0,336.0,0.0,0.883766005060379,0.10905214839401821,0.0016449597020325567,0.029218769492883833,0.3863035854638154,0.014522416663201199,0.15437986861936448,0.02155471717877358,0.06951915546739595,1.0,,1.0,0.6395722945886749,0.04866321041804548,0.039344937113895334,0.05798148372219563
2026-04-01 14:30:00+00:00,-1.6611560494330528,0.2893993367055624,-0.40033977255686504,0.0,0.0,0.03672530829021379,1.0076514194228126,3.5351801587173446,0.018991060806507375,15.22780801163154,0.844776119402985,3.0,30.0,0.00832741497687337,0.0,336.0,0.0,0.9651402749161904,0.0344665707751149,0.0018069933285782692,0.031200615717599082,0.15340310717969183,0.056998347179407105,0.18538996669109764,0.021864860336990394,0.04129718251382197,1.0,,1.0,0.6722008298800773,0.04810800417430697,0.04065042134369543,0.0555655870049185
2026-04-01 15:30:00+00:00,-1.5306297111214344,0.4798235372325238,-0.20991557202990363,0.0,0.0,0.03772903678568889,1.0032855979061255,3.5877145017735956,0.07801433148313429,18.108802437569064,0.844776119402985,3.0,30.0,0.00832741497687337,0.0,336.0,0.0,0.24077710196352597,0.6854281434196473,0.0003766214592426336,0.013536059649269103,0.794076387371847,0.080336775811646,0.19150845693750274,0.021913468584058054,0.021638353924553044,1.0,,1.0,0.6871678324574653,0.04516815523070332,0.037305096854236094,0.05303121360717056
2026-04-01 16:30:00+00:00,-1.4381282533834405,0.5312351623878625,-0.15850394687456493,0.0,0.0,0.03861390417049449,0.9967465131623643,3.6418059317651403,0.13336080129192296,20.739466121870162,0.844776119402985,3.0,30.0,0.00832741497687337,0.0,336.0,0.0,0.023736354056513784,0.21744959237844244,0.000560940688530849,0.007072405332801915,0.6300052878901576,0.08848344304071709,0.1939459512372439,0.021915616076139777,0.015015842971563664,1.0,,1.0,0.6837060031621202,0.043167478361153026,0.03580336253401847,0.050531594188287586
2026-04-01 17:30:00+00:00,-1.4447356706501875,0.34156117821270815,-0.3481779310497193,0.0,0.0,0.03901550406430064,0.9025044900752857,3.9829723265681882,0.14319429361220976,23.195914473083764,0.844776119402985,3.0,35.0,0.008575886807668822,0.0,336.0,0.0,0.061608869954682864,0.6578176209720216,0.00019718814453479963,0.0088337179073418,0.8037993030380992,0.07868279703036052,0.18631353252448957,0.0219824126826817,0.02289348284923598,1.0,,1.0,0.7123827314923771,0.04127061319886869,0.03391616635986817,0.04862506003786922
2026-04-01 18:30:00+00:00,-1.3542046569374961,0.36555262146895245,-0.324186487793475,0.0,0.0,0.03923162535164499,0.8350551001728559,4.1418435081263665,0.09796709862946215,25.60172291894935,0.844776119402985,3.0,35.0,0.008575886807668822,0.0,336.0,0.0,0.0236596197394294,0.23082290137051825,0.0005484906238432496,0.007094028024403361,0.6459328852141601,0.08025258699583215,0.19664332253294248,0.021915824727667295,0.01741232148608418,1.0,,1.0,0.7047101518734852,0.037892562034677044,0.028877320940832816,0.04690780312852124
2026-04-01 19:30:00+00:00,-1.2405740043176403,0.43956500502685253,-0.2501741042355749,0.0,0.0,0.039354871185205295,0.8091074470465635,4.198750945619246,0.04042011427231504,27.951731401893365,0.844776119402985,3.0,35.0,0.008575886807668822,0.0,336.0,0.0,0.09081144733109368,0.6165525100149697,0.0002687394060229577,0.009519334848737853,0.8756246574542167,0.08329718613920889,0.20519812487059852,0.021899998543239915,0.012479031128652451,1.0,,1.0,0.6969860489245325,0.03502612713713622,0.02581824340339485,0.044234010870877596
2026-04-02 13:30:00+00:00,-1.4432253124081382,-0.05941825101799926,-0.7491573602804267,0.0,0.0,0.03921878454826251,0.7919748864919673,4.236150334060681,0.0029127956548826908,30.008035939893087,0.844776119402985,3.0,35.0,0.008575886807668822,0.0,336.0,0.0,0.9033106856173775,0.09236043070675301,0.0016827473324548862,0.029696933079683737,0.3354240024848266,0.03352261305991533,0.17569627598350923,0.022532598442681618,-0.01440829589638426,0.0,,1.0,0.710006079270815,0.04226196394995221,0.03372655357817368,0.05079737432173073
2026-04-02 14:30:00+00:00,-1.4064200023354192,-0.04965012071595592,-0.7393892299783833,0.0,0.0,0.0388591445159306,0.779103112530866,4.25310675574455,0.009479827702740145,31.67098973329333,0.844776119402985,3.0,35.0,0.008575886807668822,0.0,336.0,0.0,0.05564160147654988,0.6975828365821309,0.0001536030262090102,0.008748949255193478,0.7572692294034314,0.010113313240217359,0.18966133618145165,0.022388680190909945,-0.0016311179249806074,0.0,,1.0,0.757902274382571,0.03829519592198144,0.028418812935844792,0.04817157890811811
2026-04-02 15:30:00+00:00,-1.4261798217893953,-0.14976201394233124,-0.8395011232047587,0.0,0.0,0.03840321469552776,0.7721970534046512,4.243263939400513,0.06757145007926997,32.75834394293138,0.844776119402985,3.0,35.0,0.008575886807668822,0.0,336.0,0.0,0.019843239905893872,0.2284142918506014,0.0005463514588978954,0.006990650834987625,0.6295769208145643,-0.008645799836955348,0.19196219261554592,0.022355390828120974,0.020430396828848174,1.0,,1.0,0.7563136620541366,0.03997155843054093,0.02982954072662681,0.05011357613445504
2026-04-02 16:30:00+00:00,-1.3371380697855948,-0.049813834335079604,-0.739552943597507,0.0,0.0,0.03760086160747304,0.7733006060834978,4.206947011884724,0.17634658905698172,33.32697387727887,0.8388059701492537,3.0,35.0,0.008575886807668822,0.0,336.0,0.0,0.11485759905459217,0.6248231216473386,0.0002886012433025204,0.01015849697373257,0.8927547410810179,-0.0059010470198890275,0.20710292168264033,0.02229265779880557,0.0059710488180551025,1.0,,1.0,0.7484952095301791,0.0366240303642148,0.02686743597555105,0.046380624752878546
2026-04-02 17:30:00+00:00,-1.3330047768377666,-0.10868833736077937,-0.7984274466232069,0.0,0.0,0.036839836933926985,0.7881075607100835,4.156078884088101,0.3366602269947474,33.39435407869731,0.8388059701492537,3.0,35.0,0.008575886807668822,0.0,336.0,0.0,0.01960511849079423,0.2563747435331836,0.0005202324246272298,0.007033841000072915,0.65985437653308,-0.0026783556308229706,0.20549721106082863,0.022307024519787545,0.011647645100341109,1.0,,1.0,0.7554002437841436,0.03684738884266451,0.025970437235595577,0.047724340449733435
2026-04-02 18:30:00+00:00,-1.2870302522165542,-0.07887335830000886,-0.7686124675624363,0.0,0.0,0.0360770161258356,1.324804842040295,4.31859400738496,1.0561439877022534,36.45880440631731,0.8328358208955224,3.0,45.0,0.009734396081941031,0.0,336.0,0.0,0.05469775346536323,0.5712298887224468,0.0002693239820425802,0.008501309595958724,0.8466435047541734,-0.003926506080800252,0.2082555894112783,0.022297155393876222,0.008255891936358672,1.0,,1.0,0.6655438745874236,0.032356798801457275,0.02042497313700265,0.04428862446591189
2026-04-02 19:30:00+00:00,-1.2426265348193013,-0.04837780914584473,-0.7381169184082722,0.0,0.0,0.03506285915259265,1.2974087175338902,4.276724327942339,1.4095758249997106,35.830636747356756,0.8328358208955224,3.0,45.0,0.009734396081941031,0.0,336.0,0.0,0.02872770384507799,0.29280554988364443,0.0004969914179321373,0.0073351169985238695,0.724808380945766,-0.007381118073623405,0.2167342054173984,0.022239761367525295,0.0030705008913471943,1.0,,1.0,0.6548499026700606,0.030902342320028604,0.017222129661715074,0.04458255497834218
2026-04-06 13:30:00+00:00,-1.4476681684335273,-0.41754250500282314,-1.1072816142652506,0.0,0.0,0.035532818353786876,1.2661633369138912,4.229288432360656,1.7242083055342041,34.738734956005906,0.826865671641791,3.0,45.0,0.009734396081941031,0.0,336.0,0.0,0.9681512597867253,0.0316757756175405,0.001813017504795724,0.03127389261341528,0.14218559973515071,-0.01008547871576404,0.18427892166421422,0.022987417970799076,0.053332874020092014,1.0,,1.0,0.6026279394815427,0.03897806478273274,0.026167690899195906,0.05178843866626958
2026-04-06 14:30:00+00:00,-1.3812745905574073,-0.3021302485168954,-0.9918693577793228,0.0,0.0,0.036320656146327894,1.228599050759692,4.17808453170974,1.9508122123213074,33.5149583293124,0.826865671641791,3.0,45.0,0.009734396081941031,0.0,336.0,0.0,0.11574181815636869,0.756406479545209,0.00016797708536351897,0.010413824180590706,0.7237318522830124,-0.004403068884251127,0.17621919165005195,0.022895515086160497,0.04997568010166553,1.0,,1.0,0.6560539399814819,0.035165062321779274,0.021935636284628482,0.04839448835893006
2026-04-06 15:30:00+00:00,-1.3765367947226383,-0.3383746566215364,-1.0281137658839639,0.0,0.0,0.037043203439755104,1.1864019213639478,4.126758117798256,2.0641211021542327,32.07472910440016,0.826865671641791,3.0,45.0,0.009734396081941031,0.0,336.0,0.0,0.01152919927934787,0.15812191266143788,0.0006018190219216991,0.006650579725313757,0.497461249448724,-0.0012819079533876732,0.18175164602265692,0.022830307536460728,0.055851002848450015,1.0,,1.0,0.6144408454964234,0.03639613445647979,0.024595055084509126,0.048197213828450484
2026-04-06 16:30:00+00:00,-1.304535651856903,-0.2893527112271938,-0.9790918204896213,0.0,0.0,0.03736593166666034,1.139635447639025,4.079412060771564,2.0527236081564073,30.72969742697573,0.8208955223880597,3.0,45.0,0.009734396081941031,0.0,336.0,0.0,0.07977520999821999,0.6807154893763641,0.0001968024353510467,0.009345992161688391,0.8058234032335873,-0.0046609435399194155,0.19346865705121985,0.02276271287200086,0.046944597358847595,1.0,,1.0,0.6457936149063994,0.03399184067903911,0.023719424096768436,0.04426425726130978
2026-04-06 17:30:00+00:00,-1.2959947798741598,-0.3089398017963842,-0.9986789110588117,0.0,0.0,0.037578521172079236,1.0865173120586633,4.038407978697773,1.924010806528557,29.34727860751507,0.8208955223880597,3.0,45.0,0.009734396081941031,0.0,336.0,0.0,0.015617475824508157,0.20539403278913582,0.0005627973929233619,0.006840242784875566,0.5846209871317962,-0.002621841752517895,0.19829198454305086,0.022714914547768694,0.04632768057916348,1.0,,1.0,0.6311780484588191,0.034699703780394095,0.025698099193299212,0.04370130836748898
2026-04-06 18:30:00+00:00,-1.2568436166093309,-0.3433822023975162,-1.0331213116599436,0.0,0.0,0.03798488974326727,1.0276158459380678,4.005225734926394,1.6854845655888666,28.079978561639162,0.8149253731343283,3.0,45.0,0.009734396081941031,0.0,336.0,0.0,0.051365199839661646,0.6375932086030995,0.00020416551591611324,0.008531942309044775,0.8026878817446789,-0.008607978485172474,0.19481420296945728,0.022738705973121467,0.04935689451963743,1.0,,1.0,0.6681917681027321,0.03267723511565634,0.023373796944893485,0.04198067328641919
2026-04-06 19:30:00+00:00,-1.20006974852734,-0.3021384324497404,-0.9918775417121679,0.0,0.0,0.038349447269318354,0.9644704822320821,3.9789257110000094,1.3602256864458384,26.849223264565822,0.8149253731343283,3.0,50.0,0.008544695877315042,0.0,336.0,0.0,0.026221061775929328,0.24787837183963674,0.0005356546667597162,0.0071906750562329555,0.6737575269235405,-0.007717754668988164,0.19539436011687172,0.022738864406179667,0.03161221039663342,1.0,,1.0,0.6813550159169002,0.032233104033471786,0.02157357417461999,0.042892633892323576
2026-04-07 13:30:00+00:00,-0.9386701122460942,-0.07675484462429276,-0.7664939538867201,0.0,0.0,0.03709328043320011,0.9025753899930885,3.9536901521879395,1.021673428986047,25.913255276949062,0.808955223880597,3.0,50.0,0.008544695877315042,0.0,336.0,0.0,0.9291843910361137,0.06856361885185304,0.0017343428926814856,0.030326935350031673,0.26572483883208453,0.046082021123244665,0.11883059622663072,0.015799192046614483,0.015666848409225942,1.0,,1.0,0.6322680606214589,0.032589090043725004,0.021288438461481318,0.04388974162596868
2026-04-07 14:30:00+00:00,-0.9333057068497698,-0.11667550274364757,-0.806414612006075,0.0,0.0,0.03577319138566801,0.8468715070105467,3.930571823041355,0.7215741721963431,24.9965906584208,0.8149253731343283,3.0,50.0,0.008544695877315042,0.0,336.0,0.0,0.04939687017147275,0.7309014775435125,0.00011565972204629825,0.008645590073538736,0.7106543000667156,0.03558693815785574,0.11479959915043558,0.01581271474847983,0.010250192502529565,1.0,,1.0,0.7814743182879386,0.030481086486669376,0.02096039727434027,0.04000177569899848
2026-04-07 15:30:00+00:00,-0.9620949828591419,-0.20273982286476347,-0.8924789321271909,0.0,0.0,0.03440582574367988,0.8025064827000689,3.907370485986005,0.510885421194559,24.134165687034265,0.808955223880597,3.0,50.0,0.008544695877315042,0.0,336.0,0.0,0.019653445397845738,0.21325375500935276,0.0005601487457081712,0.006958949478688221,0.6101561588544437,0.031566061714896065,0.10780332489895805,0.015877448607429897,0.008936525975316023,1.0,,1.0,0.8066808553557817,0.030749892606764074,0.01995216169271214,0.04154762352081598
2026-04-07 16:30:00+00:00,-0.9553625401240861,-0.21627420048259194,-0.9060133097450194,0.0,0.0,0.03402624796130857,0.8201329591933189,3.8893387330370324,0.8945693034926344,23.32521346356865,0.808955223880597,3.0,50.0,0.008544695877315042,0.0,336.0,0.0,0.04967399232722046,0.6172508084220008,0.0002210354006790872,0.008452093771190014,0.8131245375011588,0.025577833531372107,0.13159142007437996,0.015222576952566388,0.008108950163162376,1.0,,1.0,0.7701231138725411,0.029901186774515073,0.018009346166006274,0.041793027383023866
2026-04-07 17:30:00+00:00,-0.9259819191399706,-0.20882885305089352,-0.8985679623133209,0.0,0.0,0.033721789831315456,0.8452810608864719,3.876960721041758,0.719099304061217,22.50530659147015,0.8029850746268656,3.0,50.0,0.008544695877315042,0.0,336.0,0.0,0.021051998014066892,0.24985022755950345,0.0005279188201156197,0.007059899643146782,0.6581489683759242,0.028193680232576845,0.13633585028129058,0.015192873849523118,0.00999396828152399,1.0,,1.0,0.7538117396730486,0.03036743552150352,0.01821931889098967,0.042515552152017355
2026-04-07 18:30:00+00:00,-0.9270092195288022,-0.22929080907020488,-0.9190299183326323,0.0,0.0,0.033858895101158235,0.8465247862393096,3.862236929068144,0.6562280441954694,22.565642471804917,0.8029850746268656,3.0,50.0,0.008544695877315042,0.0,336.0,0.0,0.04635398640230878,0.5797796842551578,0.0002518758400261289,0.008299692648086422,0.8262468696219399,0.029946806052056907,0.15292503185380202,0.01479974514131087,0.008559643925607041,1.0,,1.0,0.7934358024238367,0.02999678005972233,0.01762222990478174,0.04237133021466288
2026-04-07 19:30:00+00:00,-0.88099486181937,-0.214050193243762,-0.9037893025061894,0.0,0.0,0.03385476286730761,0.7882923624605517,3.835940616537547,0.5947333417422186,22.171308304228464,0.8029850746268656,3.0,50.0,0.008544695877315042,0.0,336.0,0.0,0.024712522305038752,0.27992447521775604,0.000504305583065386,0.007208083104332044,0.7004972626452902,0.02757790387126402,0.14349616973428247,0.014721087925317898,0.0006849733385330126,1.0,,1.0,0.805943743818907,0.03034561415501474,0.018054653083689483,0.04263657522634
2026-04-08 13:30:00+00:00,-1.269080719803808,-0.7191516735336272,-1.4088907827960546,0.0,0.0,0.033775494749637744,0.6884910500911423,3.803047185771912,0.5627888030767731,21.808812069564393,0.7970149253731343,3.0,30.0,0.0010972680478657185,0.0,336.0,0.0,0.999999987758961,1.2241038052827637e-08,0.0018787313935280587,0.03204517242657135,2.3525407052402613e-07,-0.050404838303864885,0.03363673382673227,0.014719881298091021,0.05499403199012942,1.0,,1.0,0.7685421151395861,0.02046006407458026,0.004283698861170023,0.03663642928799049
2026-04-08 14:30:00+00:00,-1.1527954997350152,-0.5736182052016954,-1.2633573144641228,0.0,0.0,0.033739116476053724,0.6654210834011447,3.7617393475979464,0.4914581032074494,21.43637871600524,0.7970149253731343,3.0,30.0,0.0010972680478657185,0.0,336.0,0.0,0.3963976785953722,0.5736037101323709,0.0006580114923249596,0.01738056563028732,0.7908132455075895,-0.03281498719858522,0.06548054249464386,0.01470531932386581,0.041296027712350636,1.0,,1.0,0.8097892985647068,0.027446913616170448,0.010844711088373392,0.0440491161439675
2026-04-08 15:30:00+00:00,-1.0456170943187493,-0.470547591247278,-1.1602867005097055,0.0,0.0,0.033587437769014024,0.693885610397602,3.707114705568717,0.42492728335967744,21.105764041294506,0.7910447761194029,3.0,30.0,0.0010972680478657185,0.0,336.0,0.0,0.32036018276840394,0.39869209960621305,0.0007327179591816561,0.015096749402731797,1.0879801069060364,-0.009853756932660218,0.09212137280353883,0.014816082604800627,0.037367052872595785,1.0,,1.0,0.7728290323388708,0.029983558251451,0.017556246607371075,0.04241086989553091
2026-04-08 16:30:00+00:00,-1.0577217611963678,-0.5182253842390145,-1.207964493501442,0.0,0.0,0.033694398566814845,0.7006706589758516,3.6549548955274522,0.37548917783455416,20.756052368747106,0.7910447761194029,3.0,30.0,0.0010972680478657185,0.0,336.0,0.0,0.03878541176687585,0.4686236239953155,0.00034597054980853867,0.007906823144661717,0.8300290678500408,-0.01494584117339759,0.08855344483888317,0.014852372928805447,0.03563703681570818,1.0,,1.0,0.8100223686897796,0.029678823243760883,0.01949324603176575,0.03986440045575601
2026-04-08 17:30:00+00:00,-1.0409846547198345,-0.5014352928540978,-1.1911744021165251,0.0,0.0,0.03367022583060591,0.6980883142441563,3.6045636235970155,0.3460029713455508,21.30941221417467,0.844776119402985,3.0,30.0,0.0010972680478657185,0.0,336.0,0.0,0.0336624695103313,0.37087468894315867,0.00043046935406817197,0.007601150157593335,0.7907268656011408,-0.013924193379717842,0.08765208649987866,0.01484894953218609,0.01968629153472712,1.0,,1.0,0.8081703154436353,0.030803769365517143,0.017839083313266314,0.043768455417767964
2026-04-08 18:30:00+00:00,-1.0265838644399894,-0.5074435911465339,-1.1971827004089612,0.0,0.0,0.03360713925336745,0.6869913558193508,3.5564046512561247,0.32977125700897114,22.46631495729129,0.844776119402985,3.0,30.0,0.0010972680478657185,0.0,336.0,0.0,0.03678358632358988,0.45646901922828537,0.00035491631100091343,0.007833365553019016,0.8239218196796241,-0.01308293563052576,0.08458197285139057,0.014847369809248853,0.01713219362875318,1.0,,1.0,0.8048600144988708,0.03077913557966996,0.020408921190805604,0.04114934996853432
2026-04-08 19:30:00+00:00,-1.095765922519858,-0.5223651676550964,-1.2121042769175239,0.0,0.0,0.033499480804346095,0.6702055047732126,3.5102052059378575,0.3309570823080739,23.89468117621575,0.844776119402985,3.0,30.0,0.0010972680478657185,0.0,336.0,0.0,0.06333588837250717,0.0035819451187959557,0.0004640108978448604,0.007228302271724842,0.25956304264655705,-0.016789648310928662,0.07898656895693268,0.014842259035244354,0.021369744413357594,1.0,,1.0,0.7695173833643043,0.031271581136239644,0.018567807825004397,0.043975354447474885
2026-04-09 13:30:00+00:00,-0.9522619058046029,-0.3649736507410359,-1.0547127600034634,0.0,0.0,0.03263882512114845,0.6808007177327684,3.4647870356370967,0.34924892196131435,25.63601488884983,0.844776119402985,3.0,30.0,0.0010972680478657185,0.0,336.0,0.0,0.8933662623046167,0.06797293400151845,0.0019436862653389722,0.022402293504839868,0.4092507450992433,0.057655691200712234,0.0767700083642433,0.014750018759932001,-0.01774097156624599,0.0,,1.0,0.7210536162626763,0.03100765124871117,0.018425635592813117,0.04358966690460918
2026-04-09 14:30:00+00:00,-0.9074298244859507,-0.3303238914373657,-1.020063000699793,0.0,0.0,0.030726981733975322,0.7386947046282925,3.419190430162441,0.39678409340340665,27.752187037574068,0.844776119402985,3.0,30.0,-0.0022637491492229138,0.0,336.0,0.0,0.15419514135154996,0.0013076719254457325,0.000695379225644482,0.008438513282105358,0.4396874561004605,0.04720372914239501,0.055685924457631764,0.014091796830304978,-0.02870874079588326,0.0,,1.0,0.7241626950956029,0.020907267896721177,0.0039033207175763612,0.03791121507586598
2026-04-09 15:30:00+00:00,-0.872315154476697,-0.3092472663866872,-0.9989863756491146,0.0,0.0,0.02823691706451335,0.8066697945747118,3.372339420229604,0.48796358679540136,30.01044891248921,0.844776119402985,3.0,30.0,-0.0022637491492229138,0.0,336.0,0.0,0.08030107657646779,0.003961805825250805,0.0005012233735674972,0.007493174697895292,0.30503867930244843,0.03413869806621417,0.045923295058106994,0.013927356315080438,-0.033720286170999536,0.0,,1.0,0.7169558613616519,0.01408152611383379,-0.005342109945481215,0.033505162173148806
2026-04-09 16:30:00+00:00,-0.8661374986793421,-0.34852785544165604,-1.0382669647040834,0.0,0.0,0.025443606908954607,0.8851866546110475,3.32669437229021,0.6368912002499142,28.947266632691107,0.844776119402985,3.0,30.0,-0.0022637491492229138,0.0,336.0,0.0,0.0675199764522599,0.003824588673941043,0.0004720797331024986,0.00730083018423301,0.2720143237369501,0.03631260500087308,0.03638260679903915,0.01389840290095267,-0.033375347310261816,0.0,,1.0,0.7349918999586419,0.00943324479278309,-0.0069993107582831445,0.02586580034384932
2026-04-09 17:30:00+00:00,-0.847745218942753,-0.3697591727104834,-1.0594982819729108,0.0,0.0,0.023392200923442217,0.9729876075414085,3.285423594847415,0.8216978982273773,30.000242443434338,0.844776119402985,3.0,30.0,-0.0022637491492229138,0.0,336.0,0.0,0.06356081787270125,0.003586626537710352,0.0004645069135399689,0.007231796868242698,0.2601937228128633,0.032058193726304474,0.04102748319582261,0.013862001421832975,-0.035902357357061376,0.0,,1.0,0.6806217642308054,0.008388679518379162,-0.007748301089659444,0.024525660126417763
2026-04-09 18:30:00+00:00,-0.8889065036151159,-0.3737745548820019,-1.0635136641444294,0.0,0.0,0.021391889332423534,1.0300848151783741,3.2315746840715724,1.0377780584345906,30.502721121951463,0.844776119402985,3.0,30.0,-0.0022637491492229138,0.0,336.0,0.0,0.06496715518686083,0.0036362915636519665,0.00046745636175314804,0.007254632516019236,0.26423076143906504,0.03249302409810628,0.0368224099536647,0.013838691318033407,-0.028598738601391283,0.0,,1.0,0.6276532424664646,0.006819750888839381,-0.0073447763763739935,0.020984278154052755
2026-04-09 19:30:00+00:00,-0.9936547156634573,-0.491443534580958,-1.1811826438433854,0.0,0.0,0.0188131561440673,1.0384902725001102,3.175956280689739,1.277884210170523,30.387813231404216,0.844776119402985,3.0,30.0,-0.0022637491492229138,0.0,336.0,0.0,0.2623440860775629,0.01881197912010999,0.0008203290124457617,0.010856345254296886,0.663085387432006,0.020823954836298064,0.016513337654021853,0.01393660532881113,-0.019709829337902995,0.0,,1.0,0.6229111453739753,0.003864784931467482,-0.01110220813911994,0.0188317780020549
2026-04-10 13:30:00+00:00,-0.932186857896897,-0.4255003276344529,-1.1152394368968803,0.0,0.0,0.018687099954063837,1.0328922091011623,3.1216116836051166,1.534311210846009,30.45902608023834,0.8388059701492537,3.0,30.0,-0.0022637491492229138,0.0,336.0,0.0,0.18635224292909194,0.0077910875003128575,0.0007230139611880417,0.009219264173119239,0.5248611392233083,0.008415995512378593,0.05166339081670657,0.01325955574810576,-0.043229887180602056,0.0,,1.0,0.619002535511689,0.005762932649355777,-0.008856409956225782,0.020382275254937333
2026-04-10 14:30:00+00:00,-0.9515789141052111,-0.48858464200952123,-1.1783237512719487,0.0,0.0,0.018521047432478434,1.023187404123545,3.067111833578279,1.8072008002178652,30.35987106325743,0.8388059701492537,3.0,30.0,-0.0022637491492229138,0.0,336.0,0.0,0.0993353848930596,0.005127184707686864,0.000537472131451177,0.007826095500593638,0.35523301421314313,-0.004138549441280226,0.04143406177613418,0.0133074069123045,-0.041930160350180934,0.0,,1.0,0.6338161366921314,0.0022837333124717217,-0.012941140337341998,0.017508606962285435
2026-04-10 15:30:00+00:00,-1.0167249499626683,-0.5570061100664173,-1.2467452193288446,0.0,0.0,0.01852600306807262,1.0097049918622898,3.013511893455419,2.0483897687254937,30.414326950981884,0.8328358208955224,3.0,40.0,-0.002066358589561692,0.0,336.0,0.0,0.10608893157746319,0.006316257993590807,0.0005445603457930767,0.007981722653332706,0.37583438373580424,-0.015348415158237927,0.039220679736824415,0.013339957280662703,-0.033826043416754104,0.0,,1.0,0.6244346237299754,-0.0009624234264320713,-0.014949666908226116,0.01302482005536197
2026-04-10 16:30:00+00:00,-1.0544835773322525,-0.5714829441684798,-1.2612220534309073,0.0,0.0,0.018466308876966455,0.992380087928982,2.9613925692041363,2.255804429420921,30.31305619843737,0.8328358208955224,3.0,40.0,-0.002066358589561692,0.0,336.0,0.0,0.06486358499029231,0.003449758293887666,0.0004686004074108088,0.00724410774446379,0.2629155168415832,-0.013257813664313112,0.029025840154615068,0.013248518791313215,-0.03687723575913893,0.0,,1.0,0.5913001846118227,-0.0037038222970940393,-0.018988631848253636,0.011580987254065553
2026-04-10 17:30:00+00:00,-0.9955824209641323,-0.5498161653621719,-1.2395552746245992,0.0,0.0,0.018625072129884224,0.9715642310405513,2.911218682775228,2.428376541738991,30.347112547244876,0.826865671641791,3.0,40.0,-0.002066358589561692,0.0,336.0,0.0,0.08135908944928005,0.00451482099489448,0.0004996039793655204,0.007535288907771848,0.31057862951878756,-0.008140032065062641,0.03556580676158294,0.0132580238370764,-0.03514245396047411,0.0,,1.0,0.5833739687375057,-0.005120022354857415,-0.01788668750303786,0.00764664279332302
2026-04-10 18:30:00+00:00,-1.0740404006252169,-0.5719596916578785,-1.261698800920306,0.0,0.0,0.018753738864839054,0.9669608563205129,2.8671240978233863,2.551570179180892,30.25946907935889,0.826865671641791,3.0,40.0,-0.002066358589561692,0.0,336.0,0.0,0.06494160106732016,0.003621874028110762,0.0004675033695526657,0.007253564048612187,0.26408272571515645,-0.01085044454197348,0.029898471492491474,0.013247860432574686,-0.03659498234876146,0.0,,1.0,0.5693523376091375,-0.0059891757190015564,-0.018440609215469608,0.00646225777746648
2026-04-10 19:30:00+00:00,-1.1055565643581633,-0.6160847439696443,-1.3058238532320718,0.0,0.0,0.018797300395074337,0.9132304428352233,2.829331187082796,2.623277403118924,30.286796153429336,0.8208955223880597,3.0,40.0,-0.002066358589561692,0.0,336.0,0.0,0.07778869287968128,0.0046386340417459634,0.0004902557674539595,0.007489398097610659,0.3025113336540677,-0.0033493331868363896,0.02054512254080887,0.013252260041117566,-0.03717694062504684,0.0,,1.0,0.5524240185145678,-0.007536542592012013,-0.021503359234683505,0.00643027405065946
2026-04-13 13:30:00+00:00,-1.0647234552678897,-0.6153532065930583,-1.3050923158554857,0.0,0.0,0.018283119541328666,0.8437839259365171,2.79507456760525,2.662698269936839,30.237676746568145,0.8208955223880597,3.0,40.0,-0.002066358589561692,0.0,336.0,0.0,0.06625605639280047,0.003624658133539327,0.000470584928712296,0.007272797704330184,0.267584739530928,-0.011077654722961405,0.0506712148095092,0.01226866210914162,-0.03236396115105045,0.0,,1.0,0.5373593155104365,-0.0076858768578122036,-0.019266502515172788,0.0038947487995483736
2026-04-13 14:30:00+00:00,-1.0556184431927642,-0.6033543308141235,-1.293093440076551,0.0,0.0,0.018032582431454943,0.7581759454186274,2.7632742499583696,2.6634869314718035,30.277635415455038,0.8149253731343283,3.0,40.0,-0.002066358589561692,0.0,336.0,0.0,0.07163101549201907,0.003968516655038878,0.00048071096544725634,0.007367523260184398,0.2834460177381377,-0.0017691519887641505,0.044067978671621155,0.012183528886215123,-0.030775893475465388,0.0,,1.0,0.5279223328094219,-0.011227342213336702,-0.024688623264081624,0.002233938837408217
2026-04-13 15:30:00+00:00,-0.9361239222600526,-0.5199279395807954,-1.2096670488432228,0.0,0.0,0.017953909681081594,0.834771157151516,2.733565713251593,2.6416063425250034,30.27264635155626,0.8149253731343283,3.0,40.0,-0.002066358589561692,0.0,336.0,0.0,0.3827190711341838,0.02295620110862279,0.0010735813486574286,0.012805788816742766,0.7634692708255136,0.018576769964619544,0.05907935765483163,0.012354470897059695,-0.04226182545817103,0.0,,1.0,0.4964026142097072,-0.007102382262791735,-0.02012700227871453,0.005922237753131047
2026-04-13 16:30:00+00:00,-0.8517191647066467,-0.5688927129861174,-1.2586318222485449,0.0,0.0,0.017779160946235998,0.9163795349063781,2.7051102480657905,2.6137328247360125,30.312846610181808,0.808955223880597,3.0,45.0,-0.0031225279774794007,0.0,336.0,0.0,0.11315952162476632,0.004187052964539817,0.0005770968582373115,0.007981499657884038,0.379672135433527,0.012582245479148213,0.046269029173682696,0.012389880206606361,-0.03689846155863652,0.0,,1.0,0.5405877575337802,-0.012214413587746801,-0.02587691818826403,0.0014480910127704274
2026-04-13 17:30:00+00:00,-0.9822335121228973,-0.6480656008113029,-1.3378047100737303,0.0,0.0,0.01732807276348417,0.994757828654657,2.6761930824903652,2.5954506626151077,30.33657787213698,0.808955223880597,3.0,45.0,-0.0031225279774794007,0.0,336.0,0.0,0.2822814051071977,0.01913368303357553,0.0008649889954156545,0.011161590529079909,0.6833239420782609,-0.004231870126514714,0.03395577838758612,0.012591559583319718,-0.02255054757005137,0.0,,1.0,0.5259230563694061,-0.0140170757646873,-0.025749487486928548,-0.002284664042446042
2026-04-13 18:30:00+00:00,-1.0075600621790843,-0.6628055656022551,-1.3525446748646826,0.0,0.0,0.016731472841069583,1.0722102187188502,2.6514976781201116,2.5752012570488145,30.350831211771155,0.8029850746268656,3.0,45.0,-0.0031225279774794007,0.0,336.0,0.0,0.07345398070603872,0.002990000738235216,0.000492297107132697,0.007346694373923702,0.282619437586539,-0.004510385927379623,0.033996064050284325,0.01259133752404369,-0.01727158650866034,0.0,,1.0,0.5330237424303775,-0.013907214804462045,-0.024817720449510736,-0.002996709159413361
2026-04-13 19:30:00+00:00,-0.9666146011895098,-0.6455900930623358,-1.3353292023247634,0.0,0.0,0.01634550457917534,1.2150142668514035,2.654592943096726,2.5913985296997772,30.512683500901968,0.8029850746268656,3.0,45.0,-0.0031225279774794007,0.0,336.0,0.0,0.07662514510899064,0.0042078539303448395,0.0004907162132587855,0.007451661195451128,0.2973315539263958,0.0038951227638959196,0.03215799997369295,0.012573242406877292,-0.04164074289588893,0.0,,1.0,0.5310519366260412,-0.013172355213042159,-0.02670551016616836,0.0003607997400840307
2026-04-14 13:30:00+00:00,-1.067284773213395,-0.7373079793262585,-1.427047088588686,0.0,0.0,0.016468771299582314,1.2287320116009295,2.5972153737753154,2.5837985053850394,30.490025269298194,0.7970149253731343,3.0,45.0,-0.0031225279774794007,0.0,336.0,0.0,0.6677753399044573,0.05764072416255835,0.0014881719244250785,0.01862484008059327,0.7890285745398525,-0.015079312355663177,-0.01049011866939864,0.012172242378743495,-0.07563394802352885,0.0,,1.0,0.5473172348792097,-0.01593832273147333,-0.030409184688092908,-0.0014674607748537578
2026-04-14 14:30:00+00:00,-1.0668562427991013,-0.7656481067463813,-1.4553872160088086,0.0,0.0,0.016680183365675467,1.2237184517699977,2.545352285974332,2.550995558148667,30.54142822437727,0.7970149253731343,3.0,45.0,-0.0031225279774794007,0.0,336.0,0.0,0.11198845956508548,0.0021808632314688986,0.0005892663352637771,0.007867473957843664,0.365936168668342,-0.022801039365838882,-0.014319998852073468,0.012191117711099023,-0.10047960029836212,0.0,,1.0,0.5887646104846112,-0.01582111059561121,-0.030968787181443524,-0.0006734340097788987
2026-04-14 15:30:00+00:00,-1.114438346947888,-0.7724466089581628,-1.4621857182205902,0.0,0.0,0.016878302448241927,1.2163609020769282,2.493159835568018,2.481430278156671,30.4768654715061,0.7910447761194029,3.0,45.0,-0.0031225279774794007,0.0,336.0,0.0,0.06389883871518179,0.0034145086313586565,0.0004665858680099063,0.007228385473352605,0.26013946803397525,-0.03694864097738115,-0.009435345037445586,0.012161371559050243,-0.09368736062044025,0.0,,1.0,0.6584558026192775,-0.015404456749188241,-0.029290291922318187,-0.0015186215760583013
2026-04-14 16:30:00+00:00,-1.1103414146860433,-0.7846933776590505,-1.474432486921478,0.0,0.0,0.017099121031727206,1.2105150938639317,2.4394976360115397,2.371006679281043,30.527890640393387,0.7910447761194029,3.0,45.0,-0.0031225279774794007,0.0,336.0,0.0,0.0659776401031057,0.003807529247507471,0.0004685666057290111,0.007277595129081049,0.2678585823357208,-0.03269977912509692,-0.012008583482786328,0.012162747466002063,-0.0907257204162768,0.0,,1.0,0.6583204271252063,-0.015660877107342455,-0.02981334190915036,-0.001508412305534555
2026-04-14 17:30:00+00:00,-1.1342146827802282,-0.8010101947872287,-1.4907493040496562,0.0,0.0,0.017352562724184516,1.2057398782778637,2.387474295753684,2.2153432257679566,30.4474604493316,0.7850746268656716,3.0,55.0,-0.0029456206594133828,0.0,336.0,0.0,0.06976445283414454,0.004064178953143612,0.00047559356365637576,0.007345027906303066,0.2791661239554918,-0.02353045516548402,-0.017768357010474745,0.012155668355651062,-0.08319901167571864,0.0,,1.0,0.6159219289209046,-0.016119093793374444,-0.029398812872595347,-0.0028393747141535475
2026-04-14 18:30:00+00:00,-0.9850197686745782,-0.7684131169723397,-1.458152226234767,0.0,0.0,0.017399013844387152,1.1978862592614024,2.4334569974453832,2.0242938736890412,30.521625145835543,0.7850746268656716,3.0,55.0,-0.0029456206594133828,0.0,336.0,0.0,0.1473438300246147,0.00828170895095287,0.000627297103564103,0.008676196347974154,0.464695229983326,-0.013237908132038179,-0.00918865013381076,0.012259414725711319,-0.09761718289040555,0.0,,1.0,0.5509432393056908,-0.014958515978273117,-0.029708221788011142,-0.00020881016853510626
2026-04-14 19:30:00+00:00,-0.9958452820053274,-0.7833771604913089,-1.4731162697537363,0.0,0.0,0.01746486068945985,1.183165782463772,2.479380434091654,1.8347722178977388,30.46776087472649,0.7791044776119403,3.0,55.0,-0.0029456206594133828,0.0,336.0,0.0,0.07262356369120446,0.003749403418751316,0.0004846845041890858,0.007371349664853357,0.2847769118567935,-0.020255618914962525,-0.015675522812533593,0.01224667030917344,-0.09048465210624546,0.0,,1.0,0.5871250655984128,-0.015799942960285585,-0.02922350499248608,-0.002376380928085087
2026-04-15 13:30:00+00:00,-1.0601646635705646,-0.84597825912662,-1.5357173683890473,0.0,0.0,0.015595443954818503,1.159222916029374,2.5232519980201618,1.640985445959255,30.575322303543587,0.7791044776119403,3.0,55.0,-0.0029456206594133828,0.0,336.0,0.0,0.4084255447505691,0.03126637592157769,0.0010723940562085788,0.013581145851763878,0.7986363206275038,-0.017072920101977473,0.02284179953248877,0.008641410968588647,-0.06539516771088394,0.0,,1.0,0.687382266986852,-0.01580941537337189,-0.033777836577649614,0.0021590058309058358
2026-04-15 14:30:00+00:00,-1.0742415214424292,-0.8693404340378944,-1.5590795433003217,0.0,0.0,0.015073889595367988,1.1254514935156976,2.5665825641885873,1.4675878745187916,30.53908345043697,0.7731343283582089,3.0,55.0,-0.0029456206594133828,0.0,336.0,0.0,0.09903986983462713,0.003373626387670839,0.0005498275168994258,0.007737007595471867,0.34518556356380314,-0.0173599689955779,0.0011350193509338524,0.008192899472933309,-0.055537518221520976,0.0,,1.0,0.7032522413805598,-0.016308539302846165,-0.0308507249189973,-0.0017663536866950498
2026-04-15 15:30:00+00:00,-1.0653234780587455,-0.8686412275920562,-1.5583803368544835,0.0,0.0,0.015311326362409405,1.0819470571580265,2.6100607259132755,1.307158572049312,30.64183890769128,0.7731343283582089,3.0,55.0,-0.0029456206594133828,0.0,336.0,0.0,0.06521908465807305,0.0034860754118691936,0.0004691691010030912,0.007251029282787137,0.26406490347808786,-0.015454172403992494,-0.015035760508777862,0.007604511911055412,-0.061682608064410616,0.0,,1.0,0.7109505983139935,-0.01750759531871746,-0.03318918330842103,-0.001826007329013897
2026-04-15 16:30:00+00:00,-1.0748344321412127,-0.8830951680587861,-1.5728342773212134,0.0,0.0,0.01545842766263246,1.0278091663962274,2.6527438113465767,1.1541482744379468,30.601104195237028,0.7671641791044777,3.0,55.0,-0.0029456206594133828,0.0,336.0,0.0,0.07120818470344865,0.004175355504737894,0.00047817339879016965,0.007371381313265061,0.28348543131539805,-0.016759702113190222,-0.013822444422578961,0.007588944374129232,-0.05248261714739311,0.0,,1.0,0.7170794067603943,-0.017258813895642055,-0.02926808425201025,-0.005249543539273866
2026-04-15 17:30:00+00:00,-1.0521154186831665,-0.8651065659620936,-1.554845675224521,0.0,0.0,0.015439462659062654,0.9600645650922331,2.6946172772174286,0.999476749623096,30.690057736851678,0.7671641791044777,3.0,55.0,-0.0029456206594133828,0.0,336.0,0.0,0.10115317532843328,0.005583188594923937,0.0005383680257253438,0.007874558251909991,0.3615453582238104,-0.007380128668475372,-0.011224292299232275,0.00764553641217452,-0.05831687192716384,0.0,,1.0,0.7337428187161579,-0.016963661257671903,-0.02878531239234854,-0.005142010122995269
2026-04-15 18:30:00+00:00,-1.0571503045914235,-0.8771924335779387,-1.5669315428403663,0.0,0.0,0.015522012858266461,0.8794045256220107,2.7351449614888783,0.8199929294895141,30.634645707316313,0.7611940298507462,3.0,60.0,-0.0039041801543416633,0.0,336.0,0.0,0.0698640803342675,0.003853478350163965,0.0004773970745972531,0.007336286974355698,0.27827425632855046,-0.01884668828934366,-0.01495240279262866,0.007649908092570356,-0.059520119138858796,0.0,,1.0,0.7783457627224781,-0.01573569724681899,-0.027704747845265956,-0.0037666466483720264
2026-04-15 19:30:00+00:00,-1.0771189414822508,-0.8415338782871514,-1.531272987549579,0.0,0.0,0.015760253455110385,0.8247074118956003,2.7762202710206423,0.625214649031775,30.668074232652096,0.7611940298507462,3.0,60.0,-0.0039041801543416633,0.0,336.0,0.0,0.08270382156091366,0.0049476749151505075,0.000499555715158007,0.007575758697396167,0.31609748235619495,-0.020816444473980233,-0.019702318975585165,0.007684162161007055,-0.0559719731384174,0.0,,1.0,0.81958266995193,-0.015138446693608133,-0.0265089537505103,-0.0037679396367059567
2026-04-16 13:30:00+00:00,-1.0530259251527263,-0.8795989446610254,-1.569338053923453,0.0,0.0,0.015878619848662463,0.8274410121684347,2.817349280393898,0.4232234844800002,30.534555673974708,0.755223880597015,3.0,60.0,-0.0039041801543416633,0.0,336.0,0.0,0.10391763015259295,0.005642413597822693,0.0005444516443699309,0.00791758961692573,0.3678253778473859,-0.00021172869340979616,-0.03502562036163326,0.006735797165274562,-0.057016701047359675,0.0,,1.0,0.8131062195751197,-0.013290701553812038,-0.025655349866021835,-0.0009260532416022534
2026-04-16 14:30:00+00:00,-1.0359349678601208,-0.8665273861805252,-1.5562664954429526,0.0,0.0,0.015676386529008393,0.8280231164928483,2.8570116932279834,0.25984756982378066,30.491810485490902,0.755223880597015,3.0,60.0,-0.0039041801543416633,0.0,336.0,0.0,0.08434910406929133,0.00442087200085784,0.0005073601185511791,0.007574190860423865,0.31725297743239916,0.009385114885951396,-0.036683594905509764,0.006686003694889575,-0.07645556052049951,0.0,,1.0,0.8281954551412023,-0.011818149732580892,-0.0245703496333059,0.0009340501681441155
2026-04-16 15:30:00+00:00,-1.0298591620165687,-0.8619728559356358,-1.5517119651980633,0.0,0.0,0.01522003526460334,0.8485815926852655,2.897894289365414,0.1246549916749698,30.30625849934336,0.7492537313432835,3.0,60.0,-0.0039041801543416633,0.0,336.0,0.0,0.06727163013284403,0.003644688988218454,0.0004728327106144094,0.0072885225861924864,0.2703704143227946,0.010140987923202616,-0.039033470651789415,0.006639322167196259,-0.08044433455521371,0.0,,1.0,0.8338116304906842,-0.010369058513282587,-0.02376361324861624,0.0030254962220510537
2026-04-16 16:30:00+00:00,-1.029383217389392,-0.8678280651048424,-1.5575671743672699,0.0,0.0,0.014789463687818506,0.8786388990074535,2.9400631631228578,0.03694442047650538,30.21662462498183,0.7492537313432835,3.0,60.0,-0.0039041801543416633,0.0,336.0,0.0,0.06387138188907024,0.0036219464993624577,0.0004649769756991262,0.007238017273856385,0.26122339596807453,0.01256101967965062,-0.03757402974380142,0.0066371566749122415,-0.08255874623046378,0.0,,1.0,0.8381197265183615,-0.009458372536021017,-0.021826591409595402,0.0029098463375533627
2026-04-16 17:30:00+00:00,-1.0141186723095206,-0.8624656891097912,-1.5522047983722187,0.0,0.0,0.014332011067752117,0.9239589150620547,2.983815566284578,0.013031677147805534,29.990988664931216,0.7432835820895523,3.0,60.0,-0.0039041801543416633,1.0,44.0,-1.993870876606502,0.06712365444194811,0.0037417042832144976,0.0004717613230867852,0.007291063716819855,0.27051802062815716,0.008360036263908022,-0.03492244976162873,0.006661684485473013,-0.07433406053102942,0.0,,1.0,0.8121325184514316,0.0032109727217570954,-0.011812826025897723,0.018234771469411902
2026-04-16 18:30:00+00:00,-0.9939666352688448,-0.8510806836315948,-1.5408197928940224,0.0,0.0,0.013828531475829757,0.9918773505385392,3.0294368568622474,0.04526351544744272,29.870064861181213,0.7432835820895523,3.0,60.0,-0.0039041801543416633,1.0,44.0,-1.993870876606502,0.07458038387920682,0.004123188135162081,0.0004865205355603345,0.007417856774104837,0.29176435337767853,0.014813009912721498,-0.032632416978013445,0.0066992921315258535,-0.07249281893174331,0.0,,1.0,0.8225636322778894,0.005097399921295671,-0.007537260408458746,0.01773206025105013
2026-04-16 19:30:00+00:00,-1.0730001883337574,-0.8781251431734428,-1.5678642524358701,0.0,0.0,0.013701668041224186,1.0843098796302062,3.075142911650954,0.09709417333692273,29.62558072365577,0.7373134328358208,3.0,70.0,-0.003840873966873724,1.0,44.0,-1.993870876606502,0.8319779507186863,0.08295775304017085,0.0016872605387761963,0.02223491907596339,0.5691868180908438,-0.0005686795069461681,-0.0410949533188294,0.007229892150812916,-0.04612730334442183,0.0,,1.0,0.8256810844980221,0.0070278441202300855,-0.007222605563433465,0.021278293803893622
2026-04-17 13:30:00+00:00,-1.2292621819783518,0.08977098649468326,-0.5999681227677441,0.0,0.0,0.01616863084056782,1.206330267297988,3.118214340821809,0.14744609299269584,29.486296744482512,0.7373134328358208,3.0,70.0,-0.003840873966873724,1.0,44.0,-1.993870876606502,0.8009222520435584,0.19907774795632283,0.0007496108631299355,0.027398712634454845,0.4991212496969636,-0.05834929922814158,-0.10179091510215343,0.010904367977562293,0.013008400760590177,1.0,,1.0,0.7806026442542477,0.0075954284117417895,-0.005529611536923201,0.020720468360406773
2026-04-17 14:30:00+00:00,-1.270586068462523,0.21694114925358804,-0.4727979600088394,0.0,0.0,0.020917685558128854,1.3527643357479195,3.1568198507096414,0.20628403640559045,29.18683948292405,0.7313432835820896,3.0,70.0,-0.003840873966873724,1.0,44.0,-1.993870876606502,0.9557188459928396,0.044106304048869574,0.0022685007094610803,0.022154194984782674,0.18246117580721008,-0.09250474618873561,-0.12504979165296515,0.011766530834555089,0.04474650396266888,1.0,,1.0,0.7649603613705853,0.010029245403760555,-0.006657401941586719,0.02671589274910783
2026-04-17 15:30:00+00:00,-1.2828608547340883,-0.6304649646392817,-1.3202040739017091,0.0,0.0,0.023841825995542333,1.5709010493123763,3.191872192917771,0.2667969170875111,28.972929886081555,0.7313432835820896,3.0,70.0,-0.003840873966873724,0.0,336.0,0.0,0.138713096260352,0.0006596808614167665,0.0006636630208288095,0.008182225358013292,0.40801274650943736,-0.08837417613965037,-0.11205923163320186,0.01187211189166549,0.040359435179295744,1.0,,1.0,0.8473310210788016,0.00024061084570572874,-0.014114756453262243,0.014595978144673692
2026-04-17 16:30:00+00:00,-1.295889107484038,-0.5619762262069451,-1.2517153354693726,0.0,0.0,0.025947180884529325,1.8332066839895207,3.219392234349244,0.3212370390733768,28.563874227256118,0.7253731343283583,3.0,70.0,-0.003840873966873724,0.0,336.0,0.0,0.06445744576665155,0.0032888909818769053,0.00046883930350539587,0.007230427735022171,0.26092736981431575,-0.0865270379827372,-0.1108432540622255,0.011883324653881882,0.04207518786306874,1.0,,1.0,0.8569948830593854,0.005444156615223999,-0.014920818798254024,0.025809132028702015
2026-04-17 17:30:00+00:00,-1.2836968716572,-0.7190881989285981,-1.4088273081910256,0.0,0.0,0.027122464431427094,1.7468555544705435,3.2360726606511583,0.36006169328494225,28.19777682757786,0.7253731343283583,3.0,70.0,-0.003840873966873724,0.0,336.0,0.0,0.08030147249519998,0.004459799961599291,0.0004975174240246567,0.00751726117296911,0.30772004011129245,-0.08417891927115129,-0.11096133696771737,0.011880998843489685,0.04552333254189911,1.0,,1.0,0.8456690620591253,0.0031591090151463414,-0.012548794546912266,0.01886701257720494
2026-04-17 18:30:00+00:00,-1.223807263292318,-0.4528008697257113,-1.1425399789881387,0.0,0.0,0.028228794813061356,1.7182319349331288,3.2601734340267927,0.37972870738159126,27.648735011817713,0.7194029850746269,3.0,70.0,-0.003840873966873724,0.0,336.0,0.0,0.09059569358598259,0.005413600991200803,0.000514713363250003,0.007712957614593261,0.33704995043303465,-0.09358350451378339,-0.11536547694982335,0.011881644462775988,0.051163204391872164,1.0,,1.0,0.8523721891088114,0.0036517217540667953,-0.007841537944447922,0.015144981452581512
2026-04-17 19:30:00+00:00,-1.2269295870632346,-0.6199962420992488,-1.309735351361676,0.0,0.0,0.028874058172456498,1.6984637192400789,3.277550388374379,0.3813157228895794,27.08341634648525,0.7194029850746269,3.0,70.0,-0.003840873966873724,0.0,336.0,0.0,0.0786643263981458,0.004197941076448632,0.0004956027300270041,0.00748081114870655,0.30231544123753323,-0.06909952812531905,-0.10684514825731206,0.011950343232798383,0.04316890355210479,1.0,,1.0,0.8464910117619584,0.006450397743081633,-0.00922821152813449,0.02212900701429775
2026-04-20 13:30:00+00:00,-1.2210280102840994,-0.9318900087437699,-1.6216291180061972,0.0,0.0,0.02883946837151697,1.6783508038675514,3.2831293386715834,0.36875048615852823,26.415364490762347,0.7134328358208956,3.0,70.0,-0.0052081221132999275,0.0,336.0,0.0,0.07737694531092605,0.3527077841020085,0.0005269587520428326,0.008654720434314114,0.8860198234928843,-0.006834139789332561,-0.09754740016852459,0.012165434404307549,0.002032170772755748,1.0,,1.0,0.8816814763092864,0.0025487824422690945,-0.007996103567939526,0.013093668452477709
2026-04-20 14:30:00+00:00,-1.225900895374598,-0.9986065411996256,-1.688345650462053,0.0,0.0,0.02845133925177476,1.6580755294629352,3.2832171633983203,0.3450449827648224,25.61914207379063,0.7134328358208956,3.0,70.0,-0.0052081221132999275,0.0,336.0,0.0,0.048616660609589385,0.47597004166380147,0.00040064424113353775,0.008126921986063662,0.8538702794267155,0.027582113081263238,-0.09569852658293776,0.012197112686146282,0.006126792526489844,1.0,,1.0,0.881741660775868,0.002146411727690618,-0.0069848141837548575,0.011277637639136091
2026-04-20 15:30:00+00:00,-1.2296661812696352,-0.8516988114483383,-1.5414379207107656,0.0,0.0,0.02743675800942482,1.6360951268123547,3.284003081373534,0.31079587517810536,24.943379093394558,0.7074626865671642,3.0,70.0,-0.0052081221132999275,0.0,336.0,0.0,0.03857485430597618,0.4075461298269105,0.0004401704666838911,0.007738799989407315,0.8186176986782482,0.016550580152037142,-0.11408542144578426,0.011858417612677197,0.003232537523607526,1.0,,1.0,0.9010588017737304,-0.0014003607499531554,-0.011119899436040899,0.008319177936134577
2026-04-20 16:30:00+00:00,-1.2230433529503288,-0.9905583468579527,-1.68029745612038,0.0,0.0,0.026515723713654408,1.6171580357602233,3.2935800930700583,0.2634816118449534,24.031354380579586,0.7074626865671642,3.0,70.0,-0.0052081221132999275,0.0,336.0,0.0,0.04767215480267614,0.4347857442492058,0.0004304337861080734,0.008026868958187449,0.8481062442809982,0.02148340115569347,-0.10194209838568025,0.011951265837224764,-0.009927819766941681,0.0,,1.0,0.9009539197807114,-0.0007873647843899519,-0.01023536444574977,0.008660634876969865
2026-04-20 17:30:00+00:00,-1.2219310551665816,-0.9737698206064251,-1.6635089298688526,0.0,0.0,0.026013130573475988,1.271110769269674,3.2149495084027944,0.07686086737486406,25.480933698160783,0.7014925373134329,3.0,70.0,-0.0052081221132999275,0.0,336.0,0.0,0.032061628011875586,0.3926809257602802,0.0004436622879177156,0.007541036678727813,0.795438126425819,0.017502011080079427,-0.08922745576112323,0.01186086476807102,-0.0059254518995048855,0.0,,1.0,0.9081196231682727,-0.0056356601575038075,-0.014253271030323655,0.0029819507153160327
2026-04-20 18:30:00+00:00,-1.2356778769640742,-0.8925499888200102,-1.5822890980824376,0.0,0.0,0.025520256867602727,1.132578460912457,3.2117164170766475,0.062113178043552424,24.91131122912462,0.6895522388059702,3.0,70.0,-0.0052081221132999275,0.0,336.0,0.0,0.041867129409260094,0.46764861766933274,0.00039894829866598196,0.007934937080306225,0.8376881999180007,0.019250375462203095,-0.09160471556024063,0.011860712782469035,-0.011930986709477231,0.0,,1.0,0.904579065083979,-0.008499232260798337,-0.016642120686701938,-0.0003563438348947387
2026-04-20 19:30:00+00:00,-1.230014398075941,-0.8789158891314122,-1.5686549983938396,0.0,0.0,0.024845145335857067,0.9699373342423007,3.2128129572008723,0.07637345236196387,24.351342063581225,0.6955223880597015,3.0,70.0,-0.0052081221132999275,0.0,336.0,0.0,0.03061420222592302,0.37474242188369694,0.00045541893063902377,0.007470323794271541,0.7836375596452105,0.013696234493847825,-0.09704403652736016,0.011803751809990909,-0.017895538684737033,0.0,,1.0,0.914234137282199,-0.0064963412459696016,-0.013913139667775359,0.0009204571758361568
2026-04-21 13:30:00+00:00,-1.221834770375923,-0.986345701332098,-1.6760848105945254,0.0,0.0,0.024821626128710566,0.7753424021641303,3.2212570273071,0.12449444592565705,24.174546028675195,0.6835820895522388,3.0,70.0,-0.0052081221132999275,0.0,336.0,0.0,0.048674009919881814,0.46055773471069056,0.00041227555279126673,0.008100238266299112,0.853521442623923,0.008166737970114468,-0.07430134984274694,0.011618695197701284,-0.014818736328459536,0.0,,1.0,0.8979525974697726,-0.008630036376017888,-0.016070987821449747,-0.0011890849305860283
2026-04-21 14:30:00+00:00,-1.2238181980639977,-0.6892807457724763,-1.3790198550349038,0.0,0.0,0.024721129026487692,0.8976244297645891,3.2362203669439245,0.18904784358029306,23.17549560970591,0.6895522388059702,3.0,80.0,-0.005391925069534123,0.0,336.0,0.0,0.2230701502392071,0.5725121635352113,0.0005334191693261486,0.012872326449858945,0.9784989072327468,-0.011532927413027139,-0.08443041463012602,0.011799531874727156,-0.000910157226972963,0.0,,1.0,0.8868006179948268,-0.0077950375959212085,-0.015337122220879965,-0.00025295297096245613
2026-04-21 15:30:00+00:00,-1.2215819485508992,-0.7021804838063482,-1.3919195930687756,0.0,0.0,0.024629756061861362,1.1517191814000856,3.2610179797943126,0.26472497117802757,23.261305660457655,0.6776119402985075,3.0,80.0,-0.005391925069534123,0.0,336.0,0.0,0.024124711251400702,0.28909552557208223,0.0005120461639845954,0.007143738181375004,0.7066716737158871,-0.008620738567600483,-0.0857575190360036,0.011795066683218506,0.0034117851033217406,1.0,,1.0,0.9083538684718407,-0.007960461054841035,-0.01589108189234255,-2.98402173395107e-05
2026-04-21 16:30:00+00:00,-1.2214366447999176,-0.6512181380155025,-1.34095724727793,0.0,0.0,0.024558679940785935,1.3341708618427768,3.2936420423415034,0.3654712007804071,21.76006193598887,0.6835820895522388,3.0,80.0,-0.005391925069534123,0.0,336.0,0.0,0.04742870155820568,0.5531690394327039,0.0003413244438419489,0.008236989665131927,0.8386803612461498,-0.01751510940342005,-0.08675742866400338,0.011794691479119707,0.0059230089237134464,1.0,,1.0,0.9037143239084917,-0.007826230727106823,-0.01658935524027652,0.0009368937860628687
2026-04-21 17:30:00+00:00,-1.2205474293848113,-0.8680377529958129,-1.5577768622582404,0.0,0.0,0.02475717467432655,1.3693077545006436,3.3335822683844736,0.4844823928635704,21.989356894169575,0.6716417910447762,3.0,80.0,-0.005391925069534123,0.0,336.0,0.0,0.07405158408256723,0.37412093657173784,0.0005069808290687082,0.008606790748144749,0.888654944823295,-0.0076571523399575625,-0.07335415293559677,0.0119998551261472,-0.006274366548603361,0.0,,1.0,0.8970959551288442,-0.006497332558937021,-0.015414791249129936,0.0024201261312558836
2026-04-21 18:30:00+00:00,-1.2243745859177615,-0.9409782250124589,-1.6307173342748862,0.0,0.0,0.025010653701340608,1.3461474187365718,3.37391071409727,0.6179944262932663,20.124469536759282,0.6776119402985075,3.0,80.0,-0.005391925069534123,0.0,336.0,0.0,0.04907768145054768,0.46049021233052867,0.0004128010555563635,0.008110686740343029,0.8544481782815583,0.0018403101198369853,-0.07652649730836547,0.011925926867018388,-0.0124048050810881,0.0,,1.0,0.8901691207426448,-0.0035962274648689957,-0.0117827151390011,0.004590260209263114
2026-04-21 19:30:00+00:00,-1.2216698503321808,-1.023204100145504,-1.7129432094079313,0.0,0.0,0.025629601733640848,1.316849658180346,3.413535332793309,0.7635612403707052,20.57635366479835,0.6656716417910448,3.0,80.0,-0.005391925069534123,0.0,336.0,0.0,0.04344742245421094,0.39060015559028577,0.00045861665338970043,0.007835419730347069,0.8256175304294602,0.009275990287049396,-0.06751242732534823,0.01200976527168495,-0.01750149297403869,0.0,,1.0,0.8907121762505824,-0.0024068193909370546,-0.013346957376842699,0.00853331859496859
2026-04-22 13:30:00+00:00,-1.2029573860437444,-1.1187493192444697,-1.8084884285068972,0.0,0.0,0.02683654031269258,1.3282000181851719,3.4545757580501726,0.8954388391569958,18.555282513560922,0.6656716417910448,3.0,80.0,-0.005391925069534123,0.0,336.0,0.0,0.06464951060886792,0.4710127059912764,0.00042322324670396387,0.008537748524223945,0.8878853659854368,0.01167580257980827,-0.0455526271609612,0.011940658343707323,-0.026039598375910522,0.0,,1.0,0.8325182318938604,-0.0007784002212288623,-0.011755867296879385,0.01019906685442165
2026-04-22 14:30:00+00:00,-1.2039517592121773,-1.1341979133255622,-1.8239370225879896,0.0,0.0,0.028138791046460443,1.3436036634009558,3.4985629104381353,0.9680713366090006,19.330388510649332,0.6597014925373135,3.0,80.0,-0.005391925069534123,0.0,336.0,0.0,0.030996026367150892,0.36036979599675284,0.00046665185104355936,0.007454039254223507,0.7776891734838537,0.028697318294432783,-0.03837312734011533,0.011944035970501669,-0.026879369761126704,0.0,,1.0,0.7943373143466573,0.0007492426084288427,-0.009989228724856157,0.011487713941713839
2026-04-22 15:30:00+00:00,-1.1998878442354355,-1.1529747547935632,-1.8427138640559906,0.0,0.0,0.029468799858819734,1.3604488154119903,3.543934922088931,0.9668424082456313,17.441912601053716,0.6597014925373135,3.0,85.0,-0.0057385668256088075,0.0,336.0,0.0,0.0385362484161639,0.4580247211502721,0.0004022509755588091,0.007830102998296723,0.828626963306977,0.032429593594859085,-0.037873753037152014,0.011947511303890263,-0.024185426581595948,0.0,,1.0,0.7817127218086973,0.0026602848705321817,-0.0067267008084990415,0.012047270549563394
2026-04-22 16:30:00+00:00,-1.2031448767982484,-1.1801033045551053,-1.8698424138175327,0.0,0.0,0.030846264724756132,1.3720052655717845,3.5912015276146034,0.8944298324589826,18.336993666684677,0.6537313432835821,3.0,85.0,-0.0057385668256088075,0.0,336.0,0.0,0.0324018753051254,0.3724806998921608,0.00045921874859402694,0.00751300588183213,0.7878381640977374,0.03810689611079532,-0.03189083044001784,0.01196029618349534,-0.025468152613274953,0.0,,1.0,0.8116828009527887,0.002797446851768361,-0.009359764264741034,0.014954657968277735
2026-04-22 17:30:00+00:00,-1.1936725741054053,-1.1895654114749254,-1.8793045207373529,0.0,0.0,0.03252510301602039,1.374217883680014,3.640624797556063,0.7676641020890834,16.629455223837976,0.6477611940298508,3.0,85.0,-0.0057385668256088075,0.0,336.0,0.0,0.06778019650363826,0.488004338116979,0.00041415706854480895,0.008650813539922635,0.8929954924141981,0.035678473801777244,-0.030295550465344157,0.011992689193930038,-0.024140108503151403,0.0,,1.0,0.7947222807023235,0.0036585845812656514,-0.005977297023692685,0.013294466186223975
2026-04-22 18:30:00+00:00,-1.639894484303927,-1.193168147470245,-1.8829072567326723,0.0,0.0,0.034056476466988714,1.3114239230815727,3.680549515429006,0.617743132929032,17.643142065800003,0.6477611940298508,3.0,85.0,-0.0057385668256088075,0.0,336.0,0.0,0.028351771110869513,0.3492585102643926,0.00047187819692816714,0.007364467457180197,0.7635494898441908,0.030072518809832083,-0.027607290209189728,0.011990239001034814,-0.018788147415052414,0.0,,1.0,0.8670029040196566,0.014461657901426356,-2.0123890712485035e-05,0.028943439693565193
2026-04-22 19:30:00+00:00,-1.5061821236937,-1.203669126627853,-1.8934082358902804,0.0,0.0,0.03526261960076797,1.3222760762565409,3.734114441218372,0.4556996551501143,16.15626357042807,0.6417910447761194,3.0,85.0,-0.0057385668256088075,0.0,336.0,0.0,0.045064783481286626,0.5058917806878959,0.00037401587532948517,0.008088620266603558,0.8439365344566321,0.020196678771207566,-0.026499304080160435,0.01198093222065327,-0.016777427248056753,0.0,,1.0,0.8559722846502716,0.013447967186808182,-0.00393050299869737,0.030826437372313734
2026-04-23 13:30:00+00:00,-1.4807282768040688,-0.9904740133131353,-1.6802131225755628,0.0,0.0,0.03546213912349811,1.3349004259712487,3.792038047290909,0.2864101659038943,17.2551020847922,0.6417910447761194,3.0,85.0,-0.0057385668256088075,0.0,336.0,0.0,0.9866871723479146,0.013235270453989081,0.0018512908523817802,0.03184828533925293,0.07119868002805896,-0.01781036977716699,-0.0631512682447184,0.01287579540519116,-0.025664851942499567,0.0,,1.0,0.881209101231723,0.020002038296051603,0.0025836572587031627,0.03742041933340004
2026-04-23 14:30:00+00:00,-1.5593168564723803,-1.126831353668824,-1.8165704629312514,0.0,0.0,0.03580713725116044,1.3810791850900652,3.835974739673553,0.1621693808150447,15.860111471450699,0.6358208955223881,3.0,85.0,-0.0057385668256088075,0.0,336.0,0.0,0.1327552186333153,0.7836656612813249,0.00026875285242248896,0.010893175756796599,0.6665422871197368,-0.0110375983549158,-0.05879584058098253,0.012964226463944822,-0.048767813276800354,0.0,,1.0,0.9035199341489081,0.018881253522692237,-0.0009295110974204893,0.03869201814280497
2026-04-23 15:30:00+00:00,-1.5345483077738904,-1.009343720776296,-1.6990828300387235,0.0,0.0,0.03593398766004032,1.4441377523860621,3.876249131442005,0.06783123506901381,16.880602331900388,0.6358208955223881,3.0,85.0,-0.0057385668256088075,0.0,336.0,0.0,0.023916457620103252,0.19519866366649538,0.0005822519944191119,0.0069665677168596766,0.601322348624064,-0.020576317503651076,-0.0685910584640057,0.012982752319287864,-0.04607700446111007,0.0,,1.0,0.9112815907296845,0.018420966157559386,-0.0056319347877026756,0.04247386710282144
2026-04-23 16:30:00+00:00,-1.4406617154645507,-0.9369814203859186,-1.626720529648346,0.0,0.0,0.035937578390496494,1.483334014920744,3.921285617207408,0.016657196940799503,15.556253914814977,0.6298507462686567,3.0,95.0,-0.005544687721937978,0.0,336.0,0.0,0.08125138460051204,0.6912367982289884,0.00027751800927182184,0.009375284095841667,0.7960561190989882,-0.03051960647431695,-0.07497145659398541,0.013009305026720897,-0.0331980662464062,0.0,,1.0,0.9129996937707865,0.0169658300386957,0.003374726220216385,0.030556933857175013
2026-04-23 17:30:00+00:00,-1.4997047494143696,-1.0158152487445973,-1.7055543580070247,0.0,0.0,0.035945371649654424,1.4896319739685755,3.9705863910238177,0.04715459690522448,16.54792500550088,0.6298507462686567,3.0,95.0,-0.005544687721937978,0.0,336.0,0.0,0.019404637931497506,0.19986056304440783,0.0005734468971979883,0.006856930967931989,0.5915476415018082,-0.03394677336132457,-0.07260236009057675,0.013039661126183719,-0.035295417585225586,0.0,,1.0,0.9049430352929219,0.020309231464025367,0.0005855950936994973,0.04003286783435123
2026-04-23 18:30:00+00:00,-1.703877521601911,-0.8664265275493608,-1.5561656368117882,0.0,0.0,0.03575218052715735,1.4839083227773318,4.020885407846695,0.2097880098644381,15.267525036079977,0.6238805970149254,3.0,95.0,-0.005544687721937978,0.0,336.0,0.0,0.11694194490167409,0.7085053957253536,0.00030654435858609063,0.010341582599830616,0.7998024537295807,-0.0438438156391463,-0.08626411576105752,0.013059715486753698,-0.037775367763338785,0.0,,1.0,0.9034155712507405,0.029256859805715914,0.015078091103565833,0.04343562850786598
2026-04-23 19:30:00+00:00,-1.6725835605729322,-0.7857435448040877,-1.4754826540665151,0.0,0.0,0.03574294364163197,1.5647312527384656,4.101850492897661,0.6156960991688945,16.671963413248047,0.6238805970149254,3.0,95.0,-0.005544687721937978,0.0,336.0,0.0,0.029887162143997496,0.2536939659220815,0.0005453863467037071,0.007229912363625794,0.6918058014376061,-0.047368207742993995,-0.07329883231620826,0.012723406323959536,-0.034244543761628776,0.0,,1.0,0.8951714912602502,0.02638910060571146,0.012738939146934239,0.040039262064488684
2026-04-24 13:30:00+00:00,-1.7148196847132315,-0.9367992282211236,-1.626538337483551,0.0,0.0,0.03492435464922663,1.5438555166179029,4.148146477619823,1.125532871176341,15.37423580683939,0.6179104477611941,3.0,95.0,-0.005544687721937978,0.0,336.0,0.0,0.08983521591643524,0.5973917625868099,0.00035802712565316167,0.0094284687591369,0.8877775791687771,-0.008684169131100816,-0.013486138147677629,0.009583695445451674,-0.04951854901543751,0.0,,1.0,0.8376537582655942,0.023471111347090515,-0.007649174602433147,0.054591397296614184
2026-04-24 14:30:00+00:00,-1.8286738051579037,-0.9107330740509935,-1.6004721833134208,0.0,0.0,0.03254782475248873,1.5241647292654488,4.192483908789855,1.687550038309787,16.238907009396204,0.6179104477611941,3.0,95.0,-0.005544687721937978,0.0,336.0,0.0,0.021513368280601537,0.2654018876085726,0.0005267517615726955,0.0070320180266075175,0.6757830067247115,-0.018569877166489945,0.015139028441263136,0.008173932041954397,-0.05570427899696195,0.0,,1.0,0.8408593941128516,0.02192190140801191,-0.00427873117147011,0.04812253398749387
2026-04-24 15:30:00+00:00,-1.9399102467574927,-0.9497766249808807,-1.6395157342433082,0.0,0.0,0.030436445702484757,1.505295348779367,4.235899449075605,2.319545801259827,14.976649779098159,0.6119402985074627,3.0,95.0,-0.005544687721937978,0.0,336.0,0.0,0.04743401191302621,0.5507191529928455,0.00034316883983359577,0.008232648445146519,0.8394766916322753,-0.008441490987886269,0.0113416266877584,0.008117756212752911,-0.061978435170907176,0.0,,1.0,0.8162938067364337,0.024126070781472716,-0.005213843748748559,0.05346598531169397
2026-04-24 16:30:00+00:00,-2.039097491737047,-0.9428815090739907,-1.6326206183364183,0.0,0.0,0.02827902632081014,1.4732778103559963,4.277078307523538,3.0146459156855943,15.816662201387325,0.6119402985074627,3.0,95.0,-0.005544687721937978,0.0,336.0,0.0,0.02436189542631331,0.30126936126270426,0.0005031911379209946,0.007172213146007951,0.7176326587668467,-0.0016642807127649206,0.00989130067598687,0.008117130426658396,-0.060709790406880515,0.0,,1.0,0.8369504810671194,0.02021033887048459,-0.006694728329880804,0.047115406070849984
2026-04-24 17:30:00+00:00,-1.9445039117539225,-0.9247009635534413,-1.6144400728158688,0.0,0.0,0.026347798248239348,1.4244070494834435,4.318802478036308,3.0896655719874175,14.576903682287893,0.6059701492537314,3.0,105.0,-0.005475608227165384,0.0,336.0,0.0,0.04370352670575064,0.5297278991542256,0.00035453038673799784,0.008096560567094692,0.8368198785729645,-0.008006066989056038,0.003570492191518504,0.008085535456970818,-0.0524633768650018,0.0,,1.0,0.8122147818483683,0.029589646471667695,0.0031777739571129116,0.05600151898622248
2026-04-24 18:30:00+00:00,-1.7341425663288188,-0.9250513637057672,-1.6147904729681946,0.0,0.0,0.02396600892432527,1.3717839931427005,4.3642264669091935,3.925469223324086,15.403898292858901,0.6059701492537314,3.0,105.0,-0.005475608227165384,0.0,336.0,0.0,0.02576239197156688,0.31838003794688235,0.0004920004107188782,0.007240183065713859,0.7352977952845071,0.0013664917482261174,0.008685880500951981,0.008027421067051125,-0.05600783396132236,0.0,,1.0,0.8265206891379098,0.02006654450982423,-0.0005347563149867424,0.040667845334635196
2026-04-24 19:30:00+00:00,-1.8533033139412598,-0.9433084697476487,-1.6330475790100762,0.0,0.0,0.021838007442039904,1.3085753517111047,4.41160112070151,4.991667322054828,14.219581736339757,0.6,3.0,105.0,-0.005475608227165384,0.0,336.0,0.0,0.04104581145973049,0.4988086439507355,0.0003746028158352703,0.00797041190405057,0.8351704407609053,0.009670035997747739,0.005470731806858531,0.007997413578801725,-0.055061203930254266,0.0,,1.0,0.8116387051218468,0.0295547288741131,0.0027507990570698818,0.05635865869115629
2026-04-27 13:30:00+00:00,-2.1555887752606733,-0.9380143453986345,-1.627753454661062,0.0,0.0,0.02052999800089883,1.2249063300309313,4.4593652248668185,6.194117245653603,15.043719062834047,0.6,3.0,105.0,-0.005475608227165384,1.0,88.0,-1.34030193691203,0.027858677480425496,0.34391876490102147,0.00047530457862912114,0.007341788376702069,0.7588687359926577,0.00045494053235728416,-0.006197057825987784,0.007762703517621711,-0.046354018181910206,0.0,,1.0,0.8397758590034621,0.0413154583749219,0.02700844274516212,0.0556224740046817
2026-04-27 14:30:00+00:00,-2.100810392982015,-0.9636250446755873,-1.6533641539380146,0.0,0.0,0.01964009124541531,1.1230953277300835,4.507511594104677,7.413839868672626,13.892835833875491,0.5940298507462687,3.0,105.0,-0.005475608227165384,1.0,88.0,-1.34030193691203,0.03954376087863104,0.4735566559971909,0.00039178250906090885,0.007884893693073892,0.8321363243505544,0.0027281057602790426,-0.009714978879721059,0.007712848801012607,-0.037944081136891405,0.0,,1.0,0.8037941135611597,0.04620277198178921,0.026704246915010867,0.06570129704856756
2026-04-27 15:30:00+00:00,-2.1233163328069025,-1.0206384296173447,-1.7103775388797722,0.0,0.0,0.018609483615096577,1.0485667581374534,4.555153858950436,8.546781926736973,14.705899052655036,0.5940298507462687,3.0,105.0,-0.005475608227165384,1.0,88.0,-1.34030193691203,0.035674552404483695,0.36732475135055725,0.00046693692152277914,0.007589286594561146,0.7947486861608553,0.004832381909941397,-0.000376571554337346,0.007718400089707034,-0.041682299644759446,0.0,,1.0,0.8120442954099459,0.04321796847307401,0.023430541538079712,0.06300539540806832
2026-04-27 16:30:00+00:00,-2.1219874480606986,-1.0345192424470875,-1.724258351709515,0.0,0.0,0.018013948203888474,1.1806300341481737,4.603499196133949,9.521293054338118,13.580543777175047,0.5880597014925373,3.0,105.0,-0.005475608227165384,1.0,88.0,-1.34030193691203,0.037542311545139276,0.4516618320684275,0.00040585587754771136,0.007792435979945167,0.8253603117555366,0.00671573457380692,-0.004876365905899682,0.0076511389560456,-0.04373417361006293,0.0,,1.0,0.7892646146277931,0.04816232511079492,0.023276409067821833,0.073048241153768
2026-04-27 17:30:00+00:00,-2.287409830026239,-1.1311840921046914,-1.8209232013671188,0.0,0.0,0.0175831475050611,1.3252360344593896,4.651988425887473,10.199988074859348,14.394165034110234,0.5880597014925373,3.0,105.0,-0.005475608227165384,1.0,88.0,-1.34030193691203,0.07322989781868197,0.4390270089042571,0.00045731526014183697,0.008703969912903873,0.9030217800038699,0.017812731847229202,0.0038812129586682786,0.007822301834002138,-0.048067860534943385,0.0,,1.0,0.7707962184309382,0.04642874753236484,0.022646044832689824,0.07021145023203983
2026-04-27 18:30:00+00:00,-2.229577231081651,-1.1717819270987069,-1.8615210363611343,0.0,0.0,0.017155356243963558,1.4878358948776491,4.698795056659687,10.483441367845847,13.298287093603099,0.582089552238806,3.0,110.0,-0.0054127455065330005,1.0,94.0,-1.4010083367756287,0.04178747934486396,0.4015753548992617,0.00044842936419386606,0.007812017832810625,0.8251644347745994,0.023689176475867768,0.013124681514616654,0.007844258231274917,-0.04989828930064988,0.0,,1.0,0.6616424121360956,0.04911146108984302,0.024718743447440038,0.07350417873224595
2026-04-27 19:30:00+00:00,-2.2215432826148866,-1.1587601315352378,-1.8484992407976653,0.0,0.0,0.016743156904724353,1.728137209467727,4.7114181702375335,10.408849042174605,14.131885982626798,0.582089552238806,3.0,110.0,-0.0054127455065330005,1.0,94.0,-1.4010083367756287,0.03595334582479483,0.4358193586428347,0.0004158733748681267,0.007721849406641733,0.8186537468002575,0.020920744497189503,0.012695241810200208,0.00784713241320204,-0.05490855477320178,0.0,,1.0,0.7575370005925081,0.046904470279758456,0.018844267119505636,0.07496467344001119
2026-04-28 13:30:00+00:00,-2.190560877357647,-0.8345020132929635,-1.524241122555391,0.0,0.0,0.01760816498270469,1.7773908071029112,4.783382215286564,10.152675196237313,13.047675227021164,0.5761194029850746,3.0,110.0,-0.0054127455065330005,1.0,94.0,-1.4010083367756287,0.9998764981298051,0.00012348829711546,0.0018766432868082958,0.032169728724091774,0.0012350562783210793,-0.017435623343756035,-0.03179941913985829,0.010208627594582232,-0.02642020812378476,0.0,,1.0,0.5404468715802166,0.05050946883850097,0.031804401576269896,0.06921453610073215
2026-04-28 14:30:00+00:00,-2.2395951384995363,-0.7530285750616987,-1.4427676843241262,0.0,0.0,0.01903708964923355,1.734112031616592,4.846928047590196,10.011118082067734,13.884519026367421,0.5761194029850746,3.0,110.0,-0.0054127455065330005,1.0,94.0,-1.4010083367756287,0.252789932817713,0.7248732463559654,0.00045406219481578365,0.013929307249753158,0.6657837682868,-0.03292604187058945,-0.03110809333728337,0.01018231175637048,-0.008877054529338402,0.0,,1.0,0.7130271160794631,0.050471811124047326,0.02588805399511824,0.07505556825297642
2026-04-28 15:30:00+00:00,-2.2076151852569157,-0.7143238968592506,-1.4040630061216781,0.0,0.0,0.020785793636074138,1.681090243130291,4.906670595006074,9.982844914866453,12.854374431841295,0.5701492537313433,3.0,110.0,-0.0054127455065330005,1.0,94.0,-1.4010083367756287,0.01969433288504791,0.20271495400157713,0.0005716460176750901,0.006869737979284316,0.5964786440755336,-0.0424678953831652,-0.03422372836990206,0.010203616092903276,-0.009793143140480076,0.0,,1.0,0.5410530733843281,0.05467323420420393,0.035125551955850494,0.07422091645255728
2026-04-28 16:30:00+00:00,-2.3364782198689,-0.8322219775350996,-1.521961086797527,0.0,0.0,0.02203622953791904,1.6344573484490135,4.964195467423368,9.956768345559874,13.752979493819854,0.5701492537313433,3.0,110.0,-0.0054127455065330005,0.0,336.0,0.0,0.06703282975164804,0.6262391220270566,0.0003095604016794104,0.008884040944289033,0.8367447053737419,-0.0382495201074482,-0.025610776609927832,0.010261725855280918,-0.011236516835286814,0.0,,1.0,0.7120254778330174,0.03748985490744153,0.01671388501469659,0.05826582480018646
2026-04-28 17:30:00+00:00,-2.390326300318246,-0.8626931232460662,-1.5524322325084936,0.0,0.0,0.02329714151016389,1.5973148804991546,5.02013919747373,9.939357671612207,12.822650349024387,0.564179104477612,3.0,110.0,-0.0054127455065330005,0.0,336.0,0.0,0.020556753665344128,0.23945343885030515,0.000545095608137597,0.006959510841985692,0.6449528105571563,-0.04510208244339875,-0.03356371714477291,0.010089899199995684,-0.01207390996846236,0.0,,1.0,0.5912412319186561,0.03813501156646747,0.017995387411410272,0.05827463572152465
2026-04-28 18:30:00+00:00,-2.03175478815525,-0.6538586584073306,-1.343597767669758,0.0,0.0,0.02520279190899955,1.5741779066944048,5.07496436015217,9.942568614091563,13.8037946177653,0.564179104477612,3.0,110.0,-0.0054127455065330005,0.0,336.0,0.0,0.17107350496444987,0.6855619583334136,0.00038743402651652653,0.011717302914319208,0.8393350758558539,-0.06283103598743267,-0.051546664592653,0.010195461036299352,-0.005220320804951939,0.0,,1.0,0.7067740249403843,0.03628927020838374,0.016334669283393607,0.05624387113337386
2026-04-28 19:30:00+00:00,-2.122737885689556,-0.6308937284347764,-1.3206328376972039,0.0,0.0,0.02703122293557253,1.5654491195147244,5.133138510542875,9.952884968954589,12.969185624915431,0.5582089552238806,3.0,120.0,-0.00518759815881059,0.0,336.0,0.0,0.019736697875110155,0.22122578578403423,0.0005578071777474429,0.006904699677578874,0.6204766161863052,-0.06483532425656602,-0.061416072733415206,0.0101121855825489,-0.008428174118104259,0.0,,1.0,0.6019374422110727,0.03867199222523844,0.015748552009438595,0.06159543244103828
2026-04-29 13:30:00+00:00,-2.0119440478042594,-0.5286594086927494,-1.2183985179551768,0.0,0.0,0.028778616654266398,1.7862965266501507,5.134572764728272,10.543080215557824,14.556885957845282,0.5582089552238806,3.0,120.0,-0.00518759815881059,0.0,336.0,0.0,0.07345352433415,0.6624577135132238,0.0002899382918578636,0.009118431475350375,0.8162200676880086,-0.03253786620403876,-0.07601308792370531,0.009994829378076758,-0.005193583743869468,0.0,,1.0,0.7279253071501229,0.03360110199862909,0.010379429511337336,0.05682277448592084
2026-04-29 14:30:00+00:00,-1.9492140541328697,-0.43070180788225954,-1.120440917144687,0.0,0.0,0.03048583535311173,1.8460638442243718,5.172805213225745,10.480584013940545,13.82562832200018,0.5522388059701493,3.0,120.0,-0.00518759815881059,1.0,104.0,-1.2982561657572327,0.03431895758205169,0.29688996788529093,0.0005301396004402106,0.007373121530114988,0.7453104531894074,-0.025506342886651545,-0.0853117545183677,0.009988338339843255,-0.013651833384449752,0.0,,1.0,0.673305366955683,0.052905126558529775,0.02833559615908061,0.07747465695797892
2026-04-29 15:30:00+00:00,-1.9228457980676341,-0.3892342342337802,-1.0789733434962077,0.0,0.0,0.03192462380949819,1.8155319523831053,5.2160847054134,10.281119224979882,14.858931651521646,0.5522388059701493,3.0,120.0,-0.00518759815881059,1.0,104.0,-1.2982561657572327,0.046670323001634824,0.5072953857367435,0.00035918526132089487,0.008158693786945621,0.8474200681334867,-0.024342921697683373,-0.09099624366244452,0.009960455060845485,-0.00930391024419297,0.0,,1.0,0.7388618612989761,0.04618767609858633,0.023002065836789827,0.0693732863603828
2026-04-29 16:30:00+00:00,-2.0056273957422865,-0.4296254794718052,-1.1193645887342325,0.0,0.0,0.032771349757694454,1.770563625183649,5.268531713207818,10.01257851354861,13.92420903324332,0.5462686567164179,3.0,120.0,-0.00518759815881059,1.0,104.0,-1.2982561657572327,0.02504216385758442,0.2942885640060929,0.0005267438860902273,0.007122861163794661,0.7141464709058,-0.029176004873239236,-0.09289367759396239,0.009934976536964436,-0.006942795235231003,0.0,,2.0,0.6779722541177701,0.01935710914013667,-0.031757248548858294,0.07047146682913163
2026-04-29 17:30:00+00:00,-2.063956397764741,-0.5655751338685368,-1.255314243130964,0.0,0.0,0.03250564311768541,1.7533451064795296,5.319458696890749,9.691742585856003,14.712677130103081,0.5462686567164179,3.0,120.0,-0.00518759815881059,1.0,104.0,-1.2982561657572327,0.05857566020858146,0.49505351747829895,0.0003767544485940192,0.00844580620416337,0.8743166127893447,-0.02517402626883225,-0.0944162172153824,0.009889382325790282,-0.013354953460845032,0.0,,2.0,0.6286876455091039,0.021269091426740036,-0.032360960603665154,0.07489914345714538
2026-04-29 18:30:00+00:00,-2.004904812257861,-0.4763636787566075,-1.1661027880190349,0.0,0.0,0.03201610399691212,1.7561176946406072,5.365718277080641,9.335241336178983,13.597455864690959,0.5402985074626866,3.0,120.0,-0.00518759815881059,1.0,104.0,-1.2982561657572327,0.03252952728196271,0.34840250418270235,0.0004853792538344662,0.007438549878325708,0.7756558630678663,-0.01686597444975746,-0.09848515785224254,0.009878889663625497,-0.0034559030402219193,0.0,,2.0,0.6479782817353338,0.01573472621341595,-0.03202861497270767,0.06349806739953966
2026-04-29 19:30:00+00:00,-2.1678204929780387,-0.5320228709386846,-1.2217619802011122,0.0,0.0,0.031237089065681848,1.78084639734579,5.405516284397434,8.900916381506809,14.133678724510979,0.5402985074626866,3.0,120.0,-0.00518759815881059,1.0,108.0,-1.3440722325178582,0.03643986180425763,0.4173963489764305,0.00042923736666893546,0.007692460711025365,0.8157190310676112,-0.01114662417087775,-0.09275937567550052,0.009912126966721195,0.00016008840872228092,1.0,,2.0,0.6134825377005457,0.02093243041530681,-0.02877437229981286,0.07063923313042653
2026-04-30 13:30:00+00:00,-2.3233739563107245,-0.6772608042335138,-1.3669999134959412,0.0,0.0,0.031196089902702315,1.8306347240695524,5.437997264169938,8.395096542719054,12.876019175160332,0.5343283582089552,3.0,130.0,-0.00519643440075945,1.0,108.0,-1.3440722325178582,0.0592483684948462,0.41826809823546784,0.00044227052707780873,0.008295690736471824,0.8711893940139822,0.0036194713658845856,-0.05458324678065374,0.008868149986052714,0.007515299818945387,1.0,,2.0,0.4611977277453644,0.027590814354261257,-0.030882954908840854,0.08606458361736331
2026-04-30 14:30:00+00:00,-2.479000306605519,-0.824336933231043,-1.5140760424934703,0.0,0.0,0.03050735683432966,1.6934723438897195,3.6654546084843127,4.789104625042139,8.265931208527537,0.4507462686567164,3.0,130.0,-0.00519643440075945,1.0,108.0,-1.3440722325178582,0.0833223883682475,0.4529445770083719,0.00042740325533138725,0.009006180995596452,0.9221387527687583,0.02048830362034959,-0.05378585254310231,0.008897987637498793,-0.00031447260705164126,0.0,,2.0,0.4582385472370422,0.011519786169264697,-0.04186212649694491,0.06490169883547424
2026-04-30 15:30:00+00:00,-2.517811134789875,-0.8158207525886103,-1.5055598618510377,0.0,0.0,0.030180504240809473,1.7548317898012322,3.6374531442408133,4.327998382522065,8.43431915741098,0.6597014925373135,3.0,130.0,-0.00519643440075945,1.0,108.0,-1.3440722325178582,0.028596092040339232,0.33626758835447157,0.0004932938974809977,0.007308322044035543,0.7564232595481765,0.025128517436089126,-0.04529140872270432,0.008844787598875027,0.00015708105804268513,1.0,,2.0,0.4879487275844093,0.008152639274318793,-0.04450226759546351,0.060807546144101075
2026-04-30 16:30:00+00:00,-2.5371634471380835,-0.8111907450246112,-1.5009298542870386,0.0,0.0,0.030125941648525553,1.785317246139453,3.598402930906719,3.9514804708241242,8.617413231655123,0.6597014925373135,3.0,130.0,-0.00519643440075945,1.0,108.0,-1.3440722325178582,0.036634933593833914,0.43551638887505767,0.0004139903427499473,0.007737213491561551,0.8204204587304184,0.023691351370624503,-0.03868271974902093,0.008787995366654944,-0.006305154996404383,0.0,,2.0,0.4718606407455116,0.006702629708887853,-0.04182724044996034,0.055232499867736
2026-04-30 17:30:00+00:00,-2.6742291409336554,-0.8823172275081621,-1.5720563367705895,0.0,0.0,0.030145548838638882,1.7862516595084732,3.55263463148597,3.7065985389741933,8.722515494731983,0.6537313432835821,3.0,130.0,-0.00519643440075945,1.0,114.0,-1.3955047370593643,0.03767205368609848,0.3628458555364622,0.0004762372617923801,0.007605700417044899,0.7981138588184901,0.022208248177287615,-0.03826119567677022,0.008796541111972271,-0.014327566650033319,0.0,,2.0,0.5153588440266291,-0.016279962579276046,-0.04817818972179675,0.015618264563244638
2026-04-30 18:30:00+00:00,-2.680133561909905,-0.9199989192509747,-1.609738028513402,0.0,0.0,0.03058127944501484,1.7801309850599063,3.502154013789439,3.603419097514321,8.77805888490086,0.6537313432835821,3.0,130.0,-0.00519643440075945,1.0,114.0,-1.3955047370593643,0.03845341046613271,0.4102386611520059,0.0004365225304981631,0.007729899485365342,0.8191051348764959,0.02979872113654025,-0.024842621076555993,0.008699956353213599,-0.01815306749173473,0.0,,2.0,0.5219038407021638,-0.015807611350587898,-0.046765967629664874,0.015150744928489071
2026-04-30 19:30:00+00:00,-2.428698541058714,-0.8379898255957055,-1.5277289348581329,0.0,0.0,0.03093716490418665,1.7804314381075557,3.4489192405523728,3.63400661351494,8.772717084271475,0.6477611940298508,3.0,130.0,-0.00519643440075945,1.0,114.0,-1.3955047370593643,0.05379669637948558,0.47109949882073965,0.00039418050015117763,0.008267450591649263,0.8653958333481495,0.02107339365424199,-0.024317774278264537,0.008688945632667571,-0.011352966548189514,0.0,,2.0,0.5220046687955594,-0.01572734231204105,-0.04981879869193171,0.018364114067849595
2026-05-01 13:30:00+00:00,-2.5410767210251985,-0.73270087888351,-1.4224399881459373,0.0,0.0,0.030918082341540306,1.7938837237624747,3.394253649066963,3.769825991503481,8.749315076885418,0.6477611940298508,3.0,130.0,-0.00519643440075945,1.0,114.0,-1.3955047370593643,0.09306775358126745,0.5205262616130353,0.00037598214356229787,0.009410839874139784,0.9282625858116317,0.0024981867143694103,-0.04340089093518351,0.008676908745503026,-0.002696673056725274,0.0,,2.0,0.5115376166743053,-0.016791544303033066,-0.04995088604470639,0.016367797438640235
2026-05-01 14:30:00+00:00,-2.6878564280508987,-0.8079473855610414,-1.4976864948234687,0.0,0.0,0.03099490146270823,1.8150735289037112,3.3393289831223285,3.9976774291703503,8.680754887957487,0.6417910447761194,3.0,135.0,-0.005610557307342199,1.0,114.0,-1.3955047370593643,0.027538467230449233,0.2907142046209772,0.0005312820808987145,0.007180860358775784,0.7192502657073815,-0.003859015263036447,-0.03907499063964881,0.008718016409773311,-0.003240498051343188,0.0,,2.0,0.5320659059379532,-0.015247255612001359,-0.04756949154625385,0.017074980322251118
2026-05-01 15:30:00+00:00,-2.758790649194566,-0.7248208601168866,-1.414559969379314,0.0,0.0,0.03091221808236172,1.8424534263860863,3.285035016713352,4.2795518072205345,8.628591998985318,0.6417910447761194,3.0,135.0,-0.005610557307342199,1.0,118.0,-1.4228163608283708,0.058096859957903674,0.5498170235767235,0.0003300288472975503,0.008552894585718472,0.8613068173915144,-0.01057873887888583,-0.04742865661370388,0.008728278947559912,0.002140537913748908,1.0,,2.0,0.5356494274243755,-0.019435288849121067,-0.04817759009473531,0.009307012396493196
2026-05-01 16:30:00+00:00,-2.8171388716514145,-0.7991401935228913,-1.4888793027853189,0.0,0.0,0.030925443054670532,1.864604955100722,3.229524092632153,4.5867262986343205,8.551733996470126,0.6358208955223881,3.0,135.0,-0.005610557307342199,1.0,118.0,-1.4228163608283708,0.026666916949381236,0.27186106342907784,0.0005467422601177696,0.0071166703326404545,0.6994629613797474,-0.00575186333267208,-0.04277030236892809,0.008780161044493836,7.897362266984231e-05,1.0,,2.0,0.5612011321706882,-0.0162149674262507,-0.044989561732408104,0.012559626879906666
2026-05-01 17:30:00+00:00,-2.80303014072477,-0.817642715485553,-1.5073818247479804,0.0,0.0,0.031011738820243277,1.869721010982031,3.1735348926604923,4.90551693778494,8.49443516185375,0.6358208955223881,3.0,135.0,-0.005610557307342199,1.0,118.0,-1.4228163608283708,0.04189254680166953,0.4842469925603683,0.00037584410860060346,0.007982349157079826,0.837965995069618,-0.009108131876917724,-0.03936326056463191,0.0087948211839764,-0.0033183104633609517,0.0,,2.0,0.5343358994098222,-0.019074982719796137,-0.04794695567425114,0.00979699023465885
2026-05-01 18:30:00+00:00,-1.333637891315952,-0.7492524384218966,-1.438991547684324,0.0,0.0,0.030997806169366246,1.8670018422271772,3.118630817332455,5.220632371466635,8.40013691331931,0.6298507462686567,3.0,135.0,-0.005610557307342199,1.0,118.0,-1.4228163608283708,0.039336885685624524,0.38325887278907,0.0004599333957732005,0.00769421440033896,0.8119582165199781,-0.01815306749173473,-0.04436218031651684,0.00882290385176663,0.00884264997554407,1.0,,2.0,0.4924977726669178,-0.025821594310772106,-0.04743772258077797,-0.004205466040766288
2026-05-01 19:30:00+00:00,-1.3595999285763964,-0.6772998537332754,-1.3670389629957027,0.0,0.0,0.030870215998692194,1.8636397736662957,3.064044279370022,5.422658150403533,8.338513670419799,0.6298507462686567,3.0,135.0,-0.005610557307342199,1.0,118.0,-1.4228163608283708,0.05792311299645616,0.49764495884736465,0.00037416302194665836,0.008434267240970848,0.8727085083352402,-0.0183549436014685,-0.052342753877480774,0.008861966612733333,0.010010428766464408,1.0,,2.0,0.5001462805710978,-0.02565304559284106,-0.04757236576854708,-0.003733725417135035
2026-05-04 13:30:00+00:00,-1.3204073987785705,-0.6534671142042878,-1.3432062234667153,0.0,0.0,0.030723858870890085,1.8584126151967477,3.0093944356355644,4.569207564134079,8.248455064733458,0.6238805970149254,3.0,135.0,-0.005610557307342199,1.0,124.0,-1.4860286875294044,0.03042120187494187,0.33649211037136206,0.000494205562711362,0.007356930113421829,0.7621644930845957,-0.011311241824123464,-0.05516707329166426,0.008865069082256653,0.01904367220802783,1.0,,2.0,0.539987168689249,-0.02996792881190933,-0.05043496941822828,-0.009500888205590387
2026-05-04 14:30:00+00:00,-1.305392954671081,-0.44661087211852674,-1.136349981380954,0.0,0.0,0.030543509921013352,1.8516922380016758,2.953967674723984,4.287890295604122,8.205751860128546,0.6238805970149254,3.0,135.0,-0.005610557307342199,1.0,124.0,-1.4860286875294044,0.2709674868439613,0.6219638706212484,0.00039738892547811855,0.014322735512291988,0.888393436416355,-0.030281121741762895,-0.07208421814169075,0.009135874844992356,0.04165772509490129,1.0,,2.0,0.663035451579616,-0.027448276277434503,-0.04581380643855571,-0.009082746116313302
2026-05-04 15:30:00+00:00,-1.3203565320684205,-0.5027213202402487,-1.1924604295026762,0.0,0.0,0.030243008239338925,1.8400545668428516,2.898435312964776,3.8422614656865726,8.126459048715516,0.6238805970149254,3.0,145.0,-0.005597896196927538,1.0,124.0,-1.4860286875294044,0.019004439576164146,0.22262807977655819,0.0005838623671274522,0.006807034541078627,0.6195145437756957,-0.023853688801396267,-0.07611472732504154,0.009073601685475012,0.02828826657875716,1.0,,2.0,0.6240005729105068,-0.026702259237023067,-0.048152342529057,-0.005252175944989144
2026-05-04 16:30:00+00:00,-1.5067846937789,-0.5628325061248103,-1.2525716153872377,0.0,0.0,0.02987511378851375,1.8226193322402764,2.9490140977568915,3.264500655026517,8.103401052356835,0.6179104477611941,3.0,145.0,-0.005597896196927538,1.0,124.0,-1.4860286875294044,0.04893654038370127,0.5324756344548705,0.0003392021728017887,0.008273483753638823,0.8477636201228054,-0.024882283273183425,-0.07436832021591844,0.009099624766353375,0.018620117834475813,1.0,,2.0,0.6236076437166898,-0.027852349151939598,-0.04862889238976699,-0.007075805914112204
2026-05-04 17:30:00+00:00,-1.3542987501802493,-0.56442368074271,-1.2541627900051373,0.0,0.0,0.02918597524632875,1.7975790671761374,3.0018852143722214,2.6256817196752498,8.130541961457704,0.3970149253731343,3.0,145.0,-0.005597896196927538,1.0,124.0,-1.4860286875294044,0.023509955177426416,0.2784510069942582,0.0005392480907705704,0.007047845495110201,0.6951046436724605,-0.026455069761214922,-0.08363106217307603,0.008883549480649488,0.022345068392486844,1.0,,2.0,0.6809931019188372,-0.024880821004118068,-0.04213731177514468,-0.007624330233091413
2026-05-04 18:30:00+00:00,-0.9121955281852588,-0.6609671670305531,-1.3507062762929807,0.0,0.0,0.028268908966997346,1.7649871614213826,3.051799890637959,1.969912244942726,8.376691477744554,0.3970149253731343,3.0,145.0,-0.005597896196927538,1.0,128.0,-1.5063700509106852,0.05554688804525583,0.5008840167287122,0.0003699816510736684,0.008378700838724887,0.8674394384427488,-0.01510155668502744,-0.08315291347741205,0.008896393075421345,0.0135142789847702,1.0,,2.0,0.5633116147971821,-0.03527708811285213,-0.05627431762375676,-0.014279858601947498
2026-05-04 19:30:00+00:00,-1.1491266031935512,-0.7345666964532265,-1.424305805715654,0.0,0.0,0.027486994730563874,1.7203708219535883,3.0974082005592156,1.3368811694308704,8.757105616025344,0.39104477611940297,3.0,145.0,-0.005597896196927538,1.0,128.0,-1.5063700509106852,0.034620304376235006,0.3188674480273527,0.0005116858475001286,0.007429108405599344,0.7628828440330512,-0.0025583616440512102,-0.07582186001872149,0.009000136514142094,0.0028777047416346235,1.0,,2.0,0.5144526230480541,-0.030470475075619813,-0.05210738115246031,-0.00883356899877934
2026-05-05 13:30:00+00:00,-1.3349198461941314,-0.9283128497700923,-1.6180519590325197,0.0,0.0,0.028003740526638694,1.6502727160428354,3.1377296703728583,0.8063225642045696,9.070903861903394,0.39104477611940297,3.0,145.0,-0.005597896196927538,1.0,128.0,-1.5063700509106852,0.2853820746763411,0.5473559041040973,0.00046935633836099974,0.014539671371325,0.9868123486512771,0.01632835492869944,-0.021403095019208784,0.006950557728549747,-0.007793228089974846,0.0,,2.0,0.4922020512944906,-0.027896046937567826,-0.04821163800475267,-0.007580455870382977
2026-05-05 14:30:00+00:00,-1.3232170076618666,-0.926820035258016,-1.6165591445204435,0.0,0.0,0.02848686767982934,1.5565885013530392,3.1759700945928198,0.4514379372025741,9.604301662464108,0.3850746268656716,3.0,145.0,-0.005597896196927538,1.0,128.0,-1.5063700509106852,0.02423183019766847,0.27314558401973127,0.0005441826888405774,0.007055279531679097,0.692599702372606,0.0338256643977477,-0.005332511873353596,0.006578038198338199,-0.010671604083130504,0.0,,2.0,0.5104942252273673,-0.02617406112774219,-0.046598744575394965,-0.005749377680089422
2026-05-05 15:30:00+00:00,-1.3027694649838066,-0.9407386472840273,-1.6304777565464548,0.0,0.0,0.028864071057269874,1.4319991327664099,3.2114016739441595,0.23558404059502025,9.94177416078989,0.3850746268656716,3.0,145.0,-0.005597896196927538,1.0,128.0,-1.5063700509106852,0.04137089729790083,0.4833060446500407,0.00037632699626560074,0.007966539482378581,0.8367145459050078,0.03458950873832478,0.0009426767964484384,0.006531280481131843,-0.006301242159567622,0.0,,2.0,0.4955967270517153,-0.028283722978228135,-0.05452414946258881,-0.0020432964938674816
2026-05-05 16:30:00+00:00,-1.2159867270789804,-0.8740279664744426,-1.56376707573687,0.0,0.0,0.029065246682524675,1.281634323925695,3.2474244090776154,0.11827631719439437,10.602473517531035,0.37910447761194027,3.0,150.0,-0.005586844240806103,1.0,134.0,-1.5235030774143359,0.049325685626520926,0.41947622245568006,0.00043525453476357575,0.008036729644031121,0.8489022889159904,0.024328991609451123,-0.011789808499019117,0.006554878279922632,0.000632265286402145,1.0,,2.0,0.47224394067741576,-0.028117046569847915,-0.05303907052725239,-0.0031950226124434385
2026-05-05 17:30:00+00:00,-1.1752274881901281,-0.861859253967225,-1.5515983632296524,0.0,0.0,0.029177356472367723,1.1087441055965033,3.2854207289033526,0.06525211511961075,10.905725368483287,0.37910447761194027,3.0,150.0,-0.005586844240806103,1.0,134.0,-1.5235030774143359,0.03474480516382583,0.3918418963292922,0.00044988264125549833,0.007591910850241645,0.8027513997282677,0.021235634988099328,-0.017293344741577954,0.0065470484764818095,0.0037986412029304972,1.0,,2.0,0.4965805404939822,-0.028825551339898312,-0.049512895288106006,-0.008138207391690626
2026-05-05 18:30:00+00:00,-1.1007332003844632,-0.8697308795818086,-1.559469988844236,0.0,0.0,0.02889458529420502,0.9228732735607014,3.3283741093665933,0.056103171230921005,11.605797672752033,0.373134328358209,3.0,150.0,-0.005586844240806103,1.0,134.0,-1.5235030774143359,0.03258049357943986,0.38729595283556284,0.00045243048892823723,0.007524913545657746,0.7948182888389422,0.01510155668502744,-0.005220320804951939,0.00622033794998837,0.0018223144658371382,1.0,,2.0,0.49365011839396933,-0.02758235724091692,-0.04900732668145687,-0.0061573878003770045
2026-05-05 19:30:00+00:00,-1.0636585931130136,-0.8758819758726598,-1.5656210851350871,0.0,0.0,0.02835371996136555,1.1016624234573225,3.3687078600372296,0.07759397308070815,11.921709108165548,0.36716417910447763,3.0,150.0,-0.005586844240806103,1.0,134.0,-1.5235030774143359,0.03276642052126077,0.3892085481185757,0.000450920979050116,0.007533996210916238,0.7961174140218226,0.009560338697330195,-0.0014261970648252742,0.0061907838629378376,0.00174280003002103,1.0,,2.0,0.49919773281103536,-0.02923377792379216,-0.05253404894420549,-0.005933506903378835
2026-05-06 13:30:00+00:00,-1.0652687948062114,-0.8617851027444454,-1.5515242120068728,0.0,0.0,0.027344188540402815,1.3236180524507473,3.405075279572218,0.12061566643582218,12.647240056436425,0.36716417910447763,3.0,150.0,-0.005586844240806103,1.0,134.0,-1.5235030774143359,0.034329868760002394,0.4015921474017228,0.0004413644068454233,0.007602285225717309,0.8051012768171453,-0.00771378616130125,0.003420985023528722,0.006095202180210492,0.039324589230682605,1.0,,2.0,0.4863555376971476,-0.029115749591229402,-0.05437118673692999,-0.0038603124455288337
2026-05-06 14:30:00+00:00,-1.1317277730583175,-0.9035701735172417,-1.593309282779669,0.0,0.0,0.025812739086564368,1.5369499528554385,3.436349293082622,0.17570949201219335,12.887048079079284,0.3611940298507463,3.0,150.0,-0.005586844240806103,1.0,138.0,-1.5250775757795207,0.034534464452111904,0.3765473733347,0.0004627245599852766,0.00755293202005628,0.795827481164967,-0.006785040707327994,0.013388790305969955,0.005999549725096028,0.035156807149472336,1.0,,2.0,0.49122573933358543,-0.030118855856060403,-0.05355306792008696,-0.006684643792033838
2026-05-06 15:30:00+00:00,-1.0979949907421966,-0.8974087401372807,-1.5871478493997082,0.0,0.0,0.023765895543646786,1.70256166773137,3.486102112301149,0.2606886787198506,13.376591045329905,0.3611940298507463,3.0,150.0,-0.005586844240806103,1.0,138.0,-1.5250775757795207,0.03376523356989254,0.40131617113841755,0.00044125747868914786,0.007586795884019936,0.803421608745023,-0.008595282023179607,0.016690316470952204,0.0059593342008003635,0.02525843627436597,1.0,,2.0,0.5296065266113498,-0.02961320160961087,-0.05159055942456655,-0.0076358437946552025
2026-05-06 16:30:00+00:00,-1.1701135610115485,-0.9253903813923265,-1.615129490654754,0.0,0.0,0.021497632513398507,1.7515660679088074,3.567058288712484,0.3819193211518455,13.340735516328081,0.35522388059701493,3.0,150.0,-0.005586844240806103,1.0,138.0,-1.5250775757795207,0.03292139577377019,0.37413469216589235,0.0004637963711433254,0.007505130957771721,0.7901134838463754,0.000632265286402145,0.018018461660622265,0.005966763710842763,0.02651027773308723,1.0,,2.0,0.5474706623642631,-0.028149793356970067,-0.04975018945428179,-0.006549397259658342
2026-05-06 17:30:00+00:00,-1.2165071714990872,-0.9095232705169873,-1.5992623797794148,0.0,0.0,0.019422794882144146,1.7506578348103232,3.634295074379001,0.5616922928345718,13.623499224622273,0.35522388059701493,3.0,160.0,-0.005401772685526204,1.0,138.0,-1.5250775757795207,0.03525237378046241,0.41319043263811056,0.000432086720632153,0.0076519597127025565,0.8113059320790569,0.0019011243097546426,0.009781805837008939,0.005879249606193031,0.02129740060504215,1.0,,2.0,0.5580086925467451,-0.026722206682691808,-0.05030361124579535,-0.003140802119588261
2026-05-06 18:30:00+00:00,-1.108768751601485,-0.9811363796525602,-1.6708754889149877,0.0,0.0,0.016754096289947274,1.7408515243851943,3.689226949508029,0.837830272312658,13.427632080305232,0.3492537313432836,3.0,160.0,-0.005401772685526204,1.0,138.0,-1.5250775757795207,0.047894278173530806,0.39905569254205153,0.0004517057187924163,0.007954353252590144,0.839708704728607,0.00884264997554407,0.02048830362034959,0.005932421070380477,0.02115494339523316,1.0,,2.0,0.5407631163493544,-0.028878991927935874,-0.0492082087245988,-0.008549775131272981
2026-05-06 19:30:00+00:00,-1.1084021448181784,-0.9200463833678725,-1.6097854926303,0.0,0.0,0.01372966338673517,1.7282417070611693,3.736355375992319,1.2297731723200394,13.612571593731655,0.3492537313432836,3.0,160.0,-0.005401772685526204,1.0,144.0,-1.5782021941294562,0.04814017369286388,0.4587299258595995,0.00040125367631160797,0.008091282255357365,0.8521594686886682,0.0030084517131854227,0.012728878819237899,0.006019128662877496,0.03220313582262335,1.0,,2.0,0.5401611489555473,-0.03044041046669431,-0.050671616716823895,-0.010209204216564727
2026-05-07 13:30:00+00:00,-1.1423306277457626,-0.9845966137655743,-1.6743357230280016,0.0,0.0,0.011179765690464976,1.7124561390914492,3.7741262623089664,1.7596824791520393,13.367363248595705,0.34328358208955223,3.0,160.0,-0.005401772685526204,1.0,144.0,-1.5782021941294562,0.03827720505615357,0.35117715309955017,0.00048649709577413836,0.0075961471957735035,0.7936337140094115,0.010429103440629639,0.010230617098273775,0.005937080635961602,0.02399652195621549,1.0,,2.0,0.5534274878173899,-0.030010224832533777,-0.04986430137311071,-0.010156148291956848
2026-05-07 14:30:00+00:00,-1.267135139198067,-1.0445848865602492,-1.7343239958226766,0.0,0.0,0.011385987404302335,1.6964954169728472,3.8122159821570505,2.3774032046836036,13.534311459614333,0.34328358208955223,3.0,160.0,-0.005401772685526204,1.0,144.0,-1.5782021941294562,0.05899438229705455,0.45858168598776905,0.00040793342299435436,0.00837711900801853,0.8761448306180872,0.01461710140448158,0.007517588090101945,0.0058211441240826785,-0.01161340569536673,0.0,,2.0,0.5643099047753273,-0.02852930154694036,-0.04955116491814719,-0.007507438175733534
2026-05-07 15:30:00+00:00,-1.1452441941347944,-0.9319943967920008,-1.6217335060544282,0.0,0.0,0.011370122339117576,1.6814790373078286,3.8422607346688253,3.093817385149251,13.279204270680971,0.3373134328358209,3.0,160.0,-0.005401772685526204,1.0,144.0,-1.5782021941294562,0.15452416021325074,0.5807032431821667,0.0003620642616188916,0.01116262429628053,0.9560323827180298,0.002294039863611985,-0.0061441611015249364,0.006215574115908325,0.011001223197685484,1.0,,2.0,0.5551511830473465,-0.03128979398645654,-0.051390637761633724,-0.011188950211279362
2026-05-07 16:30:00+00:00,-1.1470579541269061,-0.8995024511802218,-1.589241560442649,0.0,0.0,0.011404933874070492,1.6686789403839606,3.870031486146663,3.846879840127157,13.407826367747496,0.3373134328358209,3.0,160.0,-0.005401772685526204,1.0,144.0,-1.5782021941294562,0.03702940207045978,0.3316108251471034,0.0005023348278152893,0.007520478621609895,0.7784296437744945,-0.006341139061377454,-0.012014028771379692,0.006302373322226792,0.031465354119618816,1.0,,2.0,0.5656584251423865,-0.02989299702844686,-0.04873447971578886,-0.011051514341104858
2026-05-07 17:30:00+00:00,-1.2295254020474793,-0.9519199139395013,-1.6416590232019286,0.0,0.0,0.01128792502622146,1.6489219295540902,3.823040615467278,4.401887733146876,13.337038699945765,0.33134328358208953,3.0,160.0,-0.005401772685526204,1.0,148.0,-1.5981820789591763,0.04179389494339832,0.4382241348991343,0.00041480943276755154,0.007879143617191517,0.8342895966995726,-0.0007916909053671262,-0.013218133245645802,0.006274606513952354,0.04279056636370715,1.0,,2.0,0.5491793633465858,-0.028115505303340317,-0.05049363074995733,-0.0057373798567233215
2026-05-07 18:30:00+00:00,-1.0150377318810808,-0.9211908672825145,-1.6109299765449419,0.0,0.0,0.010996494000476652,1.615560279507828,3.8324539670919564,5.2041936356860266,13.389073977725966,0.33134328358208953,3.0,40.0,-0.001691718115869515,1.0,148.0,-1.5981820789591763,0.033400445069616536,0.3765603601137792,0.00046202879814604016,0.007523063075275204,0.7925969440504841,-0.01042992767580131,-0.01974034519199197,0.006247749127852266,0.071563065287509,1.0,,2.0,0.5771024105034408,-0.030488049286038474,-0.046945642026119797,-0.01403045654595714
2026-05-07 19:30:00+00:00,-1.0769872961754892,-0.8813367712116489,-1.5710758804740763,0.0,0.0,0.011071060817870031,1.5408691149571383,3.822293023154977,5.960581754652198,12.978496879142387,0.3253731343283582,3.0,40.0,-0.001691718115869515,1.0,148.0,-1.5981820789591763,0.04579955005605823,0.4615110037056994,0.00039748214470326646,0.008035653316090402,0.8468482890713094,-0.009691085668880994,-0.018035600503885085,0.00620547817519787,0.07649979595888556,1.0,,2.0,0.5358436575936918,-0.02997392859011401,-0.04655496859748659,-0.013392888582741437
2026-05-08 13:30:00+00:00,-1.1211731186076386,-0.9431316853049332,-1.6328707945673606,0.0,0.0,0.011170310984035163,1.4120305518448901,3.795737555212459,6.60438245621552,12.924098235441134,0.3253731343283582,3.0,40.0,-0.001691718115869515,1.0,148.0,-1.5981820789591763,0.034784108687078846,0.3409537997954904,0.0004930567256623453,0.007481707095737371,0.7778377593405964,-0.010508545369303235,-0.00277611498539887,0.006029721150360173,0.08083666145494384,1.0,,2.0,0.5563506347777012,-0.03009294222840002,-0.05262328292138175,-0.007562601535418295
2026-05-08 14:30:00+00:00,-1.156389516908187,-0.9333328539194,-1.6230719631818276,0.0,0.0,0.011175908465561348,1.2912542025565492,3.82283315412599,7.0954374890396394,12.448820326071413,0.3194029850746269,3.0,40.0,-0.001691718115869515,1.0,148.0,-1.5981820789591763,0.036388604957535396,0.4323535266314225,0.0004165235392699484,0.00772380534498262,0.819131826477416,-0.01850366478028409,-0.007127061427145698,0.005992235137833765,0.09994064425569871,1.0,,2.0,0.5695438985785225,-0.028125817561254027,-0.04929252539403857,-0.006959109728469463
2026-05-08 15:30:00+00:00,-1.2104675079529033,-0.9928130742707142,-1.6825521835331416,0.0,0.0,0.011165490407195049,1.3055841365903855,3.76789941594078,7.435186854873682,12.396377988628123,0.3194029850746269,3.0,40.0,-0.001691718115869515,1.0,154.0,-1.6516147225455178,0.03927696076115049,0.37399016905013527,0.00045103281613334474,0.007602019415627261,0.8078106327003234,0.0,0.004434577777360893,0.005994636523084049,0.08755117451363326,1.0,,2.0,0.560590541490634,-0.027475490456447507,-0.05020790791164904,-0.004743073001245986
2026-05-08 16:30:00+00:00,-1.1998718912669022,-0.9880396229387676,-1.677778732201195,0.0,0.0,0.011081732001919066,1.2602794538002828,3.81457469488638,7.647330482292096,11.983059818150645,0.31343283582089554,3.0,40.0,-0.001691718115869515,1.0,154.0,-1.6516147225455178,0.033007206860071116,0.41226451973300243,0.0004152903259607405,0.007517096318819427,0.8047806075264551,0.006341139061377454,7.897362266984231e-05,0.005949303183625627,0.08726161988275472,1.0,,2.0,0.5613886967689278,-0.028834982767529875,-0.05070824801268578,-0.006961717522373963
2026-05-08 17:30:00+00:00,-1.25452398225233,-0.9947139819912182,-1.6844530912536455,0.0,0.0,0.010954202258079353,1.2507041216222312,3.876145850776117,7.716904439349617,12.064979474435235,0.31343283582089554,3.0,40.0,-0.001691718115869515,1.0,154.0,-1.6516147225455178,0.030374646988526318,0.3787914617857874,0.0004412452899153138,0.00737903279549583,0.7847614896058852,0.0026892077985429808,-0.0014207935701850971,0.005941252575603146,0.08353646281194127,1.0,,2.0,0.5706196326550018,-0.027365057264205996,-0.049534258805235445,-0.0051958557231765665
2026-05-08 18:30:00+00:00,-1.4549849457678494,-0.9796569694479614,-1.6693960787103888,0.0,0.0,0.010929725606114308,1.2837073392511271,3.9485744314929137,7.65557307612586,11.896578484331261,0.3074626865671642,3.0,40.0,-0.001691718115869515,1.0,154.0,-1.6516147225455178,0.035059418452841544,0.42612265078558703,0.000405173637852714,0.007599432644009359,0.8141614724832696,0.0034095921660943773,0.0018223144658371382,0.005880540383511078,0.07772001748253743,1.0,,2.0,0.5637773109050961,-0.02786706040555918,-0.04962253589138689,-0.006111584919731478
2026-05-08 19:30:00+00:00,-1.4328630544414103,-0.9873426420412492,-1.6770817513036766,0.0,0.0,0.010918814607092773,1.359855824732297,4.019021675464653,7.605886499011192,12.292652860616982,0.3074626865671642,3.0,175.0,-0.005380663088291843,1.0,154.0,-1.6516147225455178,0.02954269085241655,0.3686792831676565,0.0004490623000176775,0.007336364743206126,0.7775485116120395,0.008425433985716602,0.008744777083300015,0.005756915196349281,0.08027403122623955,1.0,,2.0,0.547877620312723,-0.02640877660784121,-0.04892287675068667,-0.003894676464995736
2026-05-11 13:30:00+00:00,-1.618693611637414,-1.2439695068587633,-1.9337086161211907,0.0,0.0,0.01252313099722116,1.440821051088724,4.061181158460226,7.407933754242233,14.443824844360666,0.844776119402985,3.0,175.0,-0.005380663088291843,1.0,158.0,-1.4533233203388427,0.9993651455885028,0.0006345463287403778,0.0013871581913435479,0.03194904001114773,0.005311182865216818,0.0394040311593562,0.047939157998080795,0.008300446738294501,0.013198934011313668,1.0,,2.0,0.6182384075884989,-0.00564135182076202,-0.036458052327377595,0.025175348685853555
2026-05-11 14:30:00+00:00,-1.620207736348203,-1.2149051802313027,-1.90464428949373,0.0,0.0,0.013140989571157523,1.5017378232263336,4.09163272823065,7.143337601055089,19.504875256892852,0.844776119402985,3.0,175.0,-0.005380663088291843,1.0,158.0,-1.4533233203388427,0.0722958990081975,0.829467317355195,9.602461429152767e-05,0.009407352361770961,0.5729533901375459,0.039043370525274845,0.06219743083989204,0.007799325383954994,0.020500787726056124,1.0,,2.0,0.6585667377362331,-0.030043271630636387,-0.05198070911316273,-0.008105834148110055
2026-05-11 15:30:00+00:00,-1.6325399958188032,-1.183316035534402,-1.8730551447968293,0.0,0.0,0.012898847276562299,1.5410519522458068,4.139921310793332,6.8329520894148,31.819899148861065,0.844776119402985,3.0,175.0,-0.005380663088291843,1.0,158.0,-1.4533233203388427,0.03766528691242337,0.20546872059330867,0.0005893124298636126,0.007211523546958238,0.6594908783014111,0.022964396410753984,0.051252662989511144,0.008060849966808814,0.03386041690485708,1.0,,2.0,0.5084479376740422,-0.016551939739535722,-0.029516513921905033,-0.0035873655571664158
2026-05-11 16:30:00+00:00,-1.668139067113907,-1.2075056402038877,-1.8972447494663152,0.0,0.0,0.01280409365956881,1.331755348220092,4.140963125350983,7.285696660699493,19.725637634629006,0.8388059701492537,3.0,175.0,-0.005380663088291843,1.0,158.0,-1.4533233203388427,0.050076282577855395,0.5646222045322233,0.0003004765632259234,0.008278593288171864,0.84014922961962,0.02651027773308723,0.051471534628940496,0.008062422224065426,0.030911450318647837,1.0,,2.0,0.6548414659914539,-0.02972451513758906,-0.0450964926521146,-0.014352537623063516
2026-05-11 17:30:00+00:00,-1.6993240348054854,-1.1783049183976675,-1.868044027660095,0.0,0.0,0.012275327195279954,1.4237288759085536,4.192603697308832,7.745713173204554,31.435724188172298,0.8388059701492537,3.0,175.0,-0.005380663088291843,1.0,158.0,-1.4533233203388427,0.04011183199893875,0.3568529228424912,0.00046574742891843617,0.007588439838210667,0.8017184789020545,0.019399883711866295,0.04443415990289612,0.008180820993450121,0.036959575340328676,1.0,,2.0,0.48397796462505493,-0.01735425843571928,-0.02857619029382201,-0.006132326577616537
2026-05-11 18:30:00+00:00,-1.2160741805687048,-1.2160741805687048,-1.9058132898311322,0.0,0.0,0.012136572556060436,1.5094504257618124,4.240173539109417,7.755305837024097,18.76821264249663,0.8328358208955224,3.0,175.0,-0.005380663088291843,1.0,164.0,-1.4306714941944938,0.05164669776933946,0.4531225957721066,0.0003936903004640662,0.00808921300433709,0.8597488761688608,0.028175278904940093,0.04509915005580467,0.008192835160625894,0.018754773162741323,1.0,,2.0,0.6358839377686255,-0.027793441704947842,-0.04634793397638025,-0.009238949433515428
2026-05-11 19:30:00+00:00,-1.5128555762439015,-1.2072774031848659,-1.8970165124472933,0.0,0.0,0.012292973274801312,1.583036346066114,4.283562880695193,7.685984808802071,28.193547716153876,0.8328358208955224,3.0,175.0,-0.005380663088291843,1.0,164.0,-1.4306714941944938,0.03662826119445744,0.36043987623295404,0.0004605051682351808,0.007504713500529346,0.7939850202850581,0.033468787505787745,0.04477192623313897,0.008187838335218304,0.010508014632651275,1.0,,2.0,0.6094911055262043,-0.02026054122781064,-0.037757182818092615,-0.0027638996375286898
2026-05-12 13:30:00+00:00,-1.61882106280497,-1.2307365638470837,-1.9204756731095112,0.0,0.0,0.01243805630055701,1.6439278534010346,4.322416885597571,7.642982988381119,16.674784550254937,0.826865671641791,3.0,185.0,-0.00535963202115365,1.0,164.0,-1.4306714941944938,0.037066655826322736,0.4457235181518795,0.00039027948630144594,0.007692462407100009,0.8233056459595685,-0.0048989638338374775,0.026711839235543877,0.007819065511646758,-0.039601426343951474,0.0,,2.0,0.6521825066568131,-0.026982302049623794,-0.04426555952193442,-0.009699044577313149
2026-05-12 14:30:00+00:00,-1.4126125463959391,-1.1078135520319075,-1.7975526612943349,0.0,0.0,0.012798245650732508,1.772393909870085,4.351820907172,7.506826187343793,22.66551534946051,0.826865671641791,3.0,185.0,-0.00535963202115365,1.0,164.0,-1.4306714941944938,0.9681061224663677,0.03176122607055531,0.0013409943913269557,0.03119554989313865,0.14212469295435093,-0.032153111440357485,-0.003781344998213143,0.009214554700427926,-0.01687396871678537,0.0,,2.0,0.7097675500217284,-0.004801230425120847,-0.0320583825430424,0.022455921692800695
2026-05-12 15:30:00+00:00,-1.5646711413738454,-1.190247432120211,-1.8799865413826384,0.0,0.0,0.012802597412418359,1.8639301919145315,4.412835436077221,7.348258819279002,14.824467807856776,0.27761194029850744,3.0,185.0,-0.00535963202115365,1.0,164.0,-1.4306714941944938,0.1436537029610732,0.7650559729461941,0.00019591338237780377,0.011141146219706749,0.7021478214900658,-0.011963173213068501,0.004699981038117862,0.009366042391090882,-0.027572620528789393,0.0,,2.0,0.6107381628780079,-0.024647217341584402,-0.03676566183656972,-0.012528772846599074
2026-05-12 16:30:00+00:00,-1.6550455145540137,-1.2710902069085017,-1.9608293161709291,0.0,0.0,0.012794036540574164,1.8802314030752636,4.480050794590385,7.157810864767124,17.381611359849387,0.8208955223880597,3.0,185.0,-0.00535963202115365,1.0,168.0,-1.3796856062217626,0.10811863210852621,0.268290788387019,0.0005834140291517796,0.009184642460985822,0.8879962553244997,-0.001386062674845867,0.025756480344643506,0.009572687609535224,-0.04354503481034211,0.0,,2.0,0.6308932641930273,-0.02497546700383872,-0.04617877551354296,-0.003772158494134474
2026-05-12 17:30:00+00:00,-1.7136654538046314,-1.3285368966380766,-2.0182760059005043,0.0,0.0,0.01310255007331726,1.8707924382229142,4.535749076092543,6.934390559693513,15.206658559818194,0.2716417910447761,3.0,185.0,-0.00535963202115365,1.0,168.0,-1.3796856062217626,0.28267065830877364,0.5693290312719611,0.00044858995120768315,0.014373676818836521,0.96060853133823,0.020701474853297874,0.043899999768094666,0.009859726365537629,-0.05682814031772221,0.0,,2.0,0.5616457397919037,-0.02506393943057649,-0.036615977103485575,-0.013511901757667416
2026-05-12 18:30:00+00:00,-2.035824431633016,-0.5766110843502181,-1.2663501936126456,0.0,0.0,0.014800311006698043,1.8490848045469832,4.586581791898094,6.6839368312325185,15.148621564634302,0.2656716417910448,3.0,185.0,-0.00535963202115365,1.0,168.0,-1.3796856062217626,0.9341049873309064,0.06262733908564917,0.001293254003025992,0.03036977945512862,0.2558901058779211,0.03997819421647453,0.06997578758725176,0.010699253750134967,-0.08467485663041341,0.0,,2.0,0.5881353536959582,-0.010036135930243507,-0.025754544486927128,0.005682272626440126
2026-05-12 19:30:00+00:00,-2.0870073194617382,-0.6646909593851759,-1.3544300686476034,0.0,0.0,0.016117669429747558,1.8129364042583311,4.630836089406839,6.447008523616926,15.350605984930489,0.2656716417910448,3.0,185.0,-0.00535963202115365,1.0,168.0,-1.3796856062217626,0.06494778606095583,0.7479690497528806,0.00015860492748550665,0.009046649128436465,0.7083730580238234,0.03460557446738122,0.06981716200318999,0.010700089952078278,-0.0786572672666308,0.0,,2.0,0.5818357254777059,-0.02572250235875208,-0.034896201859696635,-0.016548802857807524
2026-05-13 13:30:00+00:00,-2.1341972380755685,-0.1330165734355416,-0.8227556826979691,0.0,0.0,0.01771325055389186,1.7640776899159722,4.66929335452475,6.263256221775456,15.191379897365158,0.25970149253731345,3.0,185.0,-0.00535963202115365,1.0,168.0,-1.3796856062217626,0.030774669087334828,0.18923671934791111,0.0005982298314490489,0.00699769351764065,0.6159700627246556,0.04633159412942511,0.08075721952627024,0.010749668182049442,-0.08425791872436239,0.0,,2.0,0.6694323749738437,-0.022057774388221305,-0.03901197287524067,-0.005103575901201966
2026-05-13 14:30:00+00:00,-2.0193528875094677,0.6385980430072068,-0.051141066255220635,0.0,0.0,0.020272545891344973,1.6917876566018817,4.694418678218368,6.167223341834013,15.292483628124701,0.25970149253731345,3.0,190.0,-0.005225123530063766,1.0,174.0,-1.3226333053279589,0.5107248100908333,0.44680705843518875,0.0006989284876442338,0.02008699587528656,0.8372857900124284,0.09305038517078135,0.0960540808798962,0.011094593039028945,-0.11895523886121762,0.0,,2.0,0.6206241423286915,-0.026805065964878007,-0.03999539983467863,-0.013614732095077369
2026-05-13 15:30:00+00:00,-2.1169578637288873,0.12174268138418565,-0.5679964278782418,0.0,0.0,0.021740053933826897,1.593145506326649,4.701888022362915,6.137256497826117,14.989759817726597,0.2537313432835821,3.0,190.0,-0.005225123530063766,1.0,174.0,-1.3226333053279589,0.05385966505898691,0.45527219469305963,0.00039335923789595047,0.00815155392180412,0.8648714094299919,0.07654995131594777,0.08984521437724524,0.011195461437281845,-0.10484587292735625,0.0,,2.0,0.594853017923101,-0.025194284417190564,-0.04061217176882953,-0.009776397065551602
2026-05-13 16:30:00+00:00,-2.1664195362119427,0.016220882529896882,-0.6735182267325306,0.0,0.0,0.022811254754156306,1.4615656606101248,4.6792178238884325,6.142576403021919,14.92898059804893,0.2537313432835821,3.0,190.0,-0.005225123530063766,1.0,174.0,-1.3226333053279589,0.027962972975899354,0.3477262952501966,0.00046535377190265844,0.007251725350381561,0.7614542911733552,0.062137404824513354,0.08726161988275472,0.011205826801791718,-0.10110540755062392,0.0,,2.0,0.6180763611530522,-0.02289993865555784,-0.03950455283252763,-0.00629532447858808
2026-05-13 17:30:00+00:00,-2.0089523362881954,-0.19586205589132918,-0.8856011651537566,0.0,0.0,0.023368497852156115,1.326906860985893,4.6343657353952175,6.141524072130528,14.446306935545495,0.24776119402985075,3.0,190.0,-0.005225123530063766,1.0,174.0,-1.3226333053279589,0.0405884321033533,0.4697294846445607,0.00037273299682754897,0.007834222205863082,0.8346156633522219,0.0434351042467771,0.08543397970511712,0.01122960612245967,-0.11075993414060381,0.0,,2.0,0.6516139512783495,-0.027329007861622123,-0.043229847536459226,-0.011428168186785007
2026-05-13 18:30:00+00:00,-2.298527007036399,-0.5264380963657926,-1.21617720562822,0.0,0.0,0.023537498986679565,1.1923114509764488,4.568443141508303,6.0917696569314135,14.255857156338067,0.24776119402985075,3.0,190.0,-0.005225123530063766,1.0,174.0,-1.3226333053279589,0.05871916261696914,0.463095996021515,0.00039006632627651606,0.008294864312100818,0.8757538268026855,0.009566544361122808,0.0706996819728305,0.011337709015500467,-0.09022565395638082,0.0,,2.0,0.6138632622424911,-0.01735602567900736,-0.03048578467266001,-0.004226266685354732
2026-05-13 19:30:00+00:00,-2.1603760951867725,-0.4485329326874665,-1.138272041949894,0.0,0.0,0.023537580667777024,1.2215267321085197,4.484213916975656,6.079844132794841,13.56403155307542,0.2417910447761194,3.0,190.0,-0.005225123530063766,1.0,178.0,-1.362507457774281,0.02876695825999189,0.33641853501470587,0.000475228403923502,0.007249387110861407,0.7570484091471472,0.012199669253070589,0.07900837954307516,0.011258546787109932,-0.08967377150407163,0.0,,2.0,0.6627707917492903,-0.022361112252986842,-0.03943148089119321,-0.005290743614780484
2026-05-14 13:30:00+00:00,-2.2005075034179247,-1.2071726900226831,-1.8969117992851106,0.0,0.0,0.02382471089501489,1.4520862937554315,4.404076313946566,6.096797781482698,13.225971431164766,0.2417910447761194,3.0,190.0,-0.005225123530063766,1.0,178.0,-1.362507457774281,0.9914176137764604,0.008575671219181534,0.0013753986328730171,0.03175752325870132,0.04943556253949601,-0.028233696284273968,0.042094419801366634,0.01257356183945366,-0.06990834550176128,0.0,,2.0,0.5010106932625186,0.02373176740958953,-0.0005742651864440347,0.048037800005623084
2026-05-14 14:30:00+00:00,-2.226290922493106,-1.0462451529065715,-1.735984262168999,0.0,0.0,0.024110787748082115,1.6978542024746537,4.328020536662682,6.116025017228511,12.359577489661481,0.2417910447761194,3.0,190.0,-0.005225123530063766,1.0,178.0,-1.362507457774281,0.0970634133240213,0.8056296296720719,0.0001319195762238644,0.010006071639323768,0.6272254737328207,-0.04039648600436774,0.04104049347104688,0.012559441526960587,-0.07226080076097485,0.0,,2.0,0.5355533924581344,-0.002466161910788122,-0.017084173655478496,0.01215184983390225
2026-05-14 15:30:00+00:00,-2.342018366611846,-1.0226097469405593,-1.7123488562029867,0.0,0.0,0.0242966470716294,1.9199106653975495,4.280818309852522,6.0965720673745025,11.944613012743973,0.23582089552238805,3.0,200.0,-0.004925410375327302,1.0,178.0,-1.362507457774281,0.009812293935968785,0.10686637538046097,0.0006526339873339319,0.0062789984850839045,0.39393559953027124,-0.03072636119802219,0.05682481331561107,0.012327198290671922,-0.047583487906012856,0.0,,2.0,0.5240131003473717,0.00743883509245721,-0.017741644029627118,0.03261931421454152
2026-05-14 16:30:00+00:00,-2.3441494319701355,-1.0279272960113377,-1.7176664052737651,0.0,0.0,0.024411930448630242,2.1155769216316593,4.262623336514661,6.087621915905188,11.180294183441685,0.23582089552238805,3.0,200.0,-0.004925410375327302,1.0,178.0,-1.362507457774281,0.05324405018585254,0.6669666408550345,0.00021792878186699836,0.008573014885352625,0.7826622936196463,-0.02983989183101965,0.06376286711311252,0.012250901473850623,-0.04314355886288368,0.0,,2.0,0.5252820773668796,0.005128747638785065,-0.019093855055855417,0.029351350333425542
2026-05-14 17:30:00+00:00,-2.316000786143677,-1.0515474433199337,-1.741286552582361,0.0,0.0,0.024583181039021268,2.2871605158021655,4.264643276539309,6.09045900902757,10.811081015782909,0.2298507462686567,3.0,200.0,-0.004925410375327302,1.0,184.0,-1.3659683624489782,0.016061422635041796,0.196996117258257,0.0005821989972848237,0.006628790097394449,0.5749408762234534,-0.0271770037597463,0.05904866685073795,0.012252526671288141,-0.03944179294094674,0.0,,2.0,0.5161568919692604,0.007628970425138735,-0.013532632275430851,0.028790573125708315
2026-05-14 18:30:00+00:00,-2.424689249462826,-1.2156216187236206,-1.905360727986048,0.0,0.0,0.02521655330510136,2.422499737340536,4.2838943604381425,6.094518962930101,10.265812931339847,0.2298507462686567,3.0,200.0,-0.004925410375327302,1.0,184.0,-1.3659683624489782,0.1500299128189029,0.7062213312809594,0.0002487246117265165,0.011186356897567066,0.809065161078976,-0.030789965414856013,0.05033964423377579,0.012434570406556555,-0.030209973309938576,0.0,,2.0,0.5176036919227339,0.009665931275017978,-0.012786308863977512,0.032118171414013456
2026-05-14 19:30:00+00:00,-2.526962552179595,-1.2567316768668932,-1.9464707861293207,0.0,0.0,0.02589658387604778,2.482295482752672,4.3242813030523894,6.113803416314651,10.13120030639753,0.22388059701492538,3.0,200.0,-0.004925410375327302,1.0,184.0,-1.3659683624489782,0.016595436145039152,0.18675800302974122,0.0005910128183381022,0.00662159953253917,0.5625004781394776,-0.03629722908780053,0.05240223612415562,0.012408328634054354,-0.03201753851067579,0.0,,2.0,0.5203409257693365,0.01176296749725857,-0.008827255091681703,0.03235319008619884
2026-05-15 13:30:00+00:00,-2.640095372799037,-1.2445217406051352,-1.9342608498675626,0.0,0.0,0.03052070929027781,2.465269536264447,4.377809596436876,6.26222796855296,9.842691750539192,0.22388059701492538,3.0,200.0,-0.004925410375327302,1.0,184.0,-1.3659683624489782,0.999999988485847,1.151415293878148e-08,0.001388097704495604,0.0319643378050641,2.2198928662753552e-07,-0.05769932418910262,-0.00509635901843275,0.015388076217484498,0.04373645995411213,1.0,,2.0,0.5391988835606933,0.04134176731575638,0.017583507868552756,0.06510002676296006
2026-05-15 14:30:00+00:00,-2.572218248397436,-1.2509852821289174,-1.9407243913913448,0.0,0.0,0.0347508859889034,2.4353841706439994,4.427873767321308,6.4289868916213155,9.97326702998297,0.21791044776119403,3.0,200.0,-0.004925410375327302,1.0,184.0,-1.3659683624489782,0.08966714085794161,0.8376378274953368,0.00010062171479832478,0.009878723510178385,0.5552184155880502,-0.06952786788319898,-0.00998370963186801,0.0154140643148869,0.03656829305290188,1.0,,2.0,0.5326044200171838,0.020190874733683084,-0.0003161728496343767,0.040697922317000534
2026-05-15 15:30:00+00:00,-2.4271976193515203,-1.2401073308486334,-1.9298464401110609,0.0,0.0,0.0383805614228183,2.406372624714179,4.473767388921597,6.602921006801998,9.934248841602237,0.21791044776119403,3.0,200.0,-0.004925410375327302,1.0,190.0,-1.2540541046371485,0.007790266064761011,0.09081974237164626,0.0006645798459475741,0.006192928274806674,0.34926619443518,-0.07339621064671498,-0.01657139733110391,0.01537794350028387,0.04061628616756163,1.0,,2.0,0.5188668295709716,0.03305906395176489,0.01753813903000471,0.04857998887352506
2026-05-15 16:30:00+00:00,-2.487484153475328,-1.2044643583552528,-1.8942034676176802,0.0,0.0,0.04147840117780778,2.3723222592601854,4.50800357821048,6.795878321359606,10.273295634116515,0.21194029850746268,3.0,210.0,-0.00491674269985703,1.0,190.0,-1.2540541046371485,0.056597759236770635,0.6977599646905439,0.0001946606966833057,0.008724406852260764,0.7584986136667853,-0.07584254780383581,-0.018420819752100748,0.015379446106309603,0.04308262587267109,1.0,,2.0,0.5240180800379678,0.019642968112329594,-0.0008988919154214563,0.04018482814008063
2026-05-15 17:30:00+00:00,-2.656211862669008,-1.2337791628204011,-1.9235182720828286,0.0,0.0,0.043746577386999524,2.3201233868394135,4.4778623918721445,7.123852820287329,10.162855168244985,0.21194029850746268,3.0,210.0,-0.00491674269985703,1.0,190.0,-1.2540541046371485,0.014481051981307483,0.1709370325764375,0.0006027117433903434,0.006533579448357998,0.5303341384408824,-0.07308624080475301,-0.01672678175255804,0.015384839700639677,0.02983482762785794,1.0,,2.0,0.5185743599435146,0.023225879955000125,0.004788155208562878,0.04166360470143738
2026-05-15 18:30:00+00:00,-2.355591912440711,-1.1966859219679076,-1.886425031230335,0.0,0.0,0.04542533934057709,2.2472200489318666,4.359361132165924,7.555067882720309,10.404716311646174,0.20597014925373133,3.0,210.0,-0.00491674269985703,1.0,190.0,-1.2540541046371485,0.05007632131257728,0.6152316340642646,0.0002586329102512836,0.00838320275966143,0.8151269179854087,-0.0634514355766802,-0.016521383508998788,0.015384228195649536,0.02683763480105661,1.0,,2.0,0.5015893317547989,0.02027369361676678,-0.004083600943369806,0.04463098817690332
2026-05-15 19:30:00+00:00,-2.449850285162652,-1.2844044662796872,-1.9741435755421146,0.0,0.0,0.0463633883863361,2.170482647225382,4.248072658079149,7.930191146661749,10.295374388869183,0.2,3.0,210.0,-0.00491674269985703,1.0,190.0,-1.2540541046371485,0.026605512063901174,0.2453959390015387,0.0005490729827454443,0.0070046958169226875,0.672348611319891,-0.05455970743190086,-0.010582905293461842,0.015423183612843637,0.025821614118078706,1.0,,2.0,0.5164170039103405,0.025257594017576004,0.005400302687039775,0.045114885348112206
2026-05-18 13:30:00+00:00,-2.5242455746337176,-1.3273351857105848,-2.0170742949730123,0.0,0.0,0.046417839770676796,2.0839434180361796,4.123183022148409,8.260539709738827,10.534367803390857,0.2,3.0,210.0,-0.00491674269985703,1.0,194.0,-1.2908932876451549,0.04698960840842623,0.5263822844697162,0.00033007597754758215,0.008118795808057227,0.8449001847729273,0.0016751017490141962,-0.042825288428774755,0.014102686112112822,0.05292973582250404,1.0,,2.0,0.43632337926728676,0.01764348848297991,0.00357889952318265,0.03170807744277713
2026-05-18 14:30:00+00:00,-2.379006370796451,-1.0910362065324724,-1.7807753157948998,0.0,0.0,0.046540395422612214,1.9998034496025536,3.995851308562879,8.487341999089908,10.613952532795622,0.19402985074626866,3.0,210.0,-0.00491674269985703,1.0,194.0,-1.2908932876451549,0.30384468002091214,0.546091191783086,0.00048164054329786685,0.014879619606675627,0.9769454404358564,-0.009030884973650899,-0.058057965130793754,0.0143262148818611,0.06506483462853296,1.0,,2.0,0.4515777734327955,0.018844453917448597,-0.0004833277742518696,0.03817223560914906
2026-05-18 15:30:00+00:00,-2.4796281164085174,-1.2134924297645937,-1.9032315390270211,0.0,0.0,0.04645983279414174,1.926767587972971,3.8892738443646246,8.601788217399534,11.014864902240394,0.19402985074626866,3.0,210.0,-0.00491674269985703,1.0,194.0,-1.2908932876451549,0.042222753069145774,0.31771129112431373,0.0004994891050585117,0.007562762957770699,0.7835052649201635,-0.0007233010826190878,-0.04025909482447698,0.01432656826829313,0.05073227012676451,1.0,,2.0,0.42880570075018504,0.01760298039068733,-0.00718907140195332,0.04239503218332797
2026-05-18 16:30:00+00:00,-2.7148904462863808,-0.9436364525625357,-1.633375561824963,0.0,0.0,0.046178765823980124,1.8751909259429085,3.8191024423191045,8.610907813869037,11.661506538297902,0.1880597014925373,3.0,210.0,-0.00491674269985703,1.0,194.0,-1.2908932876451549,0.040637054845050084,0.4595224118217689,0.000381203940607086,0.00781439654924568,0.8340957523341188,0.004577032084231547,-0.04035406540095643,0.014325661626246287,0.05819939712689237,1.0,,2.0,0.4542604272640924,0.014882820763687755,-0.005203828194149784,0.03496946972152527
2026-05-18 17:30:00+00:00,-2.5477927068178587,-0.7375588035324036,-1.427297912794831,0.0,0.0,0.04605738446432146,1.8469814323238276,3.7654929256161704,8.553440034391619,12.29180828292302,0.1880597014925373,3.0,215.0,-0.005288140873367963,1.0,194.0,-1.2908932876451549,0.16520010313509018,0.5852946039686227,0.00035862037273809774,0.011333301203222507,0.9573481185477587,-0.010496689576104501,-0.046623355040528836,0.014437035722373348,0.07133860927349467,1.0,,2.0,0.4692548153128734,0.017318477829596935,-0.0016881943195966795,0.03632514997879054
2026-05-18 18:30:00+00:00,-2.4995434772480802,-0.9327648971770764,-1.6225040064395038,0.0,0.0,0.04580539469251567,1.8309468866791232,3.733466293280463,8.464025891434927,13.462183196858115,0.18208955223880596,3.0,215.0,-0.005288140873367963,1.0,200.0,-1.3024479698682345,0.10913319002204164,0.38203166295626356,0.000490036552597582,0.009446285904438693,0.9531458848521984,0.0040157470351553926,-0.04068091537878349,0.014567902200703354,0.05641001372404908,1.0,,2.0,0.44196918101581956,0.016671844987945383,-0.0021434710908959445,0.035487161066786684
2026-05-18 19:30:00+00:00,-2.5155095429445633,-0.965658939298251,-1.6553980485606785,0.0,0.0,0.04555284770326013,1.8055954443840772,3.7395542803529875,8.329499543013139,14.181136865581122,0.1761194029850746,3.0,215.0,-0.005288140873367963,1.0,200.0,-1.3024479698682345,0.035656745012615204,0.40426919037142095,0.000423632357994643,0.007569889897570277,0.8096765128228183,0.0011831650156297613,-0.042868527783619825,0.014543712462260635,0.05730751979809767,1.0,,2.0,0.47328391200645575,0.017435870533445773,-0.00043115936336281593,0.03530290043025433
2026-05-19 13:30:00+00:00,-2.484324610233449,-0.81916023838779,-1.5088993476502175,0.0,0.0,0.045330830357776214,1.752909447709833,3.7770427123596155,8.17197580542573,15.350388680646281,0.1761194029850746,3.0,215.0,-0.005288140873367963,1.0,200.0,-1.3024479698682345,0.12312465971467978,0.5931578940285566,0.0003246219100485094,0.010248736780005771,0.9251154854763747,-0.01388412306167286,-0.05181044765661014,0.014644104641110944,0.13057731753918933,1.0,,2.0,0.5229551651072422,0.015599060366789357,-0.0014581570835133992,0.03265627781709209
2026-05-19 14:30:00+00:00,-2.5236444477265967,-0.8727122824667326,-1.56245139172916,0.0,0.0,0.04538803867334059,1.686996486366519,3.826629254011074,8.016196261019589,16.312090287641357,0.1701492537313433,3.0,215.0,-0.005288140873367963,1.0,200.0,-1.3024479698682345,0.023225838124991696,0.24686378059906572,0.0005456506940337191,0.006919307575109423,0.6625295664106683,0.006297952095875026,-0.019606901594561243,0.01391112902130743,0.15362159320272717,1.0,,2.0,0.5128039017777515,0.01360523672640297,-0.001187437829537905,0.028397911282343834
2026-05-19 15:30:00+00:00,-2.8911274465620123,-1.185575245989279,-1.8753143552517064,0.0,0.0,0.04593450405319478,1.6279994985155979,3.88010610059837,7.8430012314376505,17.254602131355103,0.1701492537313433,3.0,215.0,-0.005288140873367963,1.0,200.0,-1.3024479698682345,0.9670862197168871,0.03263678792344545,0.0013396039538179838,0.031170675995223426,0.14632844217803093,0.02653602382332121,-0.0017598977880872724,0.014614949399406415,0.11832791456362024,1.0,,2.0,0.583616105679664,0.033350248306044494,0.00764143303030871,0.05905906358178027
2026-05-19 16:30:00+00:00,-2.8776894523463246,-1.2031080668566945,-1.892847176119122,0.0,0.0,0.04650278036138675,1.5502813053659283,3.935051230104327,7.655755415511654,18.49651815132287,0.16417910447761194,3.0,215.0,-0.005288140873367963,1.0,204.0,-1.2801394452456778,0.08516942248562659,0.7217014999383651,0.00015783506776285324,0.009213743149793664,0.762741046437126,0.028121956856720587,-0.010846045869389975,0.014435381066365778,0.11231551119101635,1.0,,2.0,0.5873920216561752,0.009844965991359197,-0.008067495999248553,0.027757427981966933
2026-05-19 17:30:00+00:00,-2.86435614825224,-1.2246439367715283,-1.9143830460339557,0.0,0.0,0.04690669370334523,1.452258767063999,3.988372062123356,7.445913091893858,19.38959109488776,0.16417910447761194,3.0,215.0,-0.005288140873367963,1.0,204.0,-1.2801394452456778,0.015505337092152328,0.1688784922043438,0.0006503631397589965,0.006548162325973862,0.531199172455968,0.04414113743991077,-0.02318369245391594,0.01419174001840663,0.11047330274061551,1.0,,2.0,0.5557114329164641,0.012715514510390371,-0.0011882190651969788,0.026619248085977723
2026-05-19 18:30:00+00:00,-3.051431224619852,-1.1952411730067165,-1.884980282269144,0.0,0.0,0.046546570466041506,1.5456683714052257,4.028824331977425,7.199017406280921,21.27479455743561,0.1582089552238806,3.0,225.0,-0.005411045873272815,1.0,204.0,-1.2801394452456778,0.058989690862597643,0.6780991902873756,0.00018719966131806455,0.008482941363536469,0.7816128341879194,0.029225715231586236,-0.05143339436367178,0.013417834829471295,0.11015836849207705,1.0,,2.0,0.5811428897745667,0.0051424353615261206,-0.014392940883378964,0.0246778116064312
2026-05-19 19:30:00+00:00,-3.178407581653953,-1.1281494161759535,-1.817888525438381,0.0,0.0,0.04602652383200265,1.7410522741089849,4.046736692405938,6.919044820271153,22.93751686650344,0.15223880597014924,3.0,225.0,-0.005411045873272815,1.0,204.0,-1.2801394452456778,0.02426625470719773,0.24596657474630915,0.0005812458317585866,0.006895870744317284,0.6651193086765421,0.02135900390559531,-0.056115098345405734,0.013426087706669696,0.10980858298478768,1.0,,2.0,0.5920053816248803,0.008826012264694885,-0.010827358430068119,0.028479382959457865
2026-05-20 13:30:00+00:00,-3.3026740985280845,-1.1545606859606896,-1.844299795223117,0.0,0.0,0.04572461725805311,1.9423680570073638,4.045512085084467,6.609382577653744,25.236079693587417,0.15223880597014924,3.0,225.0,-0.005411045873272815,1.0,204.0,-1.2801394452456778,0.8830580617014445,0.11072686020860616,0.0011032194218908117,0.02828495863476976,0.38507371030353965,0.05594548126677079,-0.04219656051926446,0.013953500082753484,0.11956449029042826,1.0,,2.0,0.5923058821966927,0.01479262053900235,-0.0005111831766828039,0.03009642425468751
2026-05-20 14:30:00+00:00,-3.3574092594648297,-1.146394648718427,-1.8361337579808543,0.0,0.0,0.0441818917105861,2.128676295065679,4.049283204717999,6.329730728439158,26.2548833549587,0.15223880597014924,3.0,225.0,-0.005411045873272815,1.0,210.0,-1.2900946886385838,0.22622418208030234,0.6780374073809918,0.0002639189048115406,0.012691451438013097,0.8242895469778249,0.03930122593067775,-0.07335606083466484,0.013646766899119608,0.12952823185746265,1.0,,2.0,0.5853964320097079,0.00971256564979991,-0.003346908068563477,0.0227720393681633
2026-05-20 15:30:00+00:00,-3.511349550796845,-1.157502437916587,-1.8472415471790145,0.0,0.0,0.04297202512681951,2.3067718508630586,4.044811586582371,6.058006567281269,26.308705569422603,0.15223880597014924,3.0,225.0,-0.005411045873272815,1.0,210.0,-1.2900946886385838,0.018470155499063525,0.1887119890065702,0.000632906214462801,0.006655509386619909,0.5724709799700592,0.014803563426859512,-0.06350628567717553,0.013652609296729241,0.1366313063096829,1.0,,2.0,0.610113858487158,0.014111279756608737,0.0007690903271914008,0.02745346918602607
2026-05-20 16:30:00+00:00,-3.7134135853656423,-1.1734753829126061,-1.8632144921750335,0.0,0.0,0.04178011292629521,2.4685800719558975,4.035301901782217,5.796841058357869,25.66830433432471,0.15223880597014924,3.0,225.0,-0.005411045873272815,1.0,210.0,-1.2900946886385838,0.05381552499108855,0.6377466372439076,0.00022311021037616538,0.008286127876649419,0.8069222218773889,0.010383636931718954,-0.06259981376218438,0.013656446412017256,0.1403114240511778,1.0,,2.0,0.6276903753995459,0.009490840593122225,-0.004407987327888194,0.023389668514132655
2026-05-20 17:30:00+00:00,-3.352303637773631,-1.1799449305659349,-1.8696840398283623,0.0,0.0,0.04062067385062202,2.61822920176579,4.034701567715335,5.5621076659853,24.747049780797948,0.15223880597014924,3.0,225.0,-0.005411045873272815,1.0,210.0,-1.2900946886385838,0.0955492558568732,0.4178055055176065,0.0004508988080962906,0.008973389401490747,0.9394873296611576,-0.00380962023594833,-0.07042841693664137,0.013747576970433821,0.15802688110224672,1.0,,2.0,0.5989550281319421,0.011267801870601751,-0.0019144404449777126,0.024450044186181224
2026-05-20 18:30:00+00:00,-2.5268469431876435,-1.1869637576917795,-1.876702866954207,0.0,0.0,0.03983650783661378,2.775242941649347,4.046952839388875,5.334837248429092,23.96513740915676,0.15223880597014924,3.0,225.0,-0.005411045873272815,1.0,210.0,-1.2900946886385838,0.04731070915007807,0.4651199257069288,0.0003838990518919643,0.007837512497541993,0.8506087010768171,-0.006403827465685019,-0.06740376619047961,0.013718620922732886,0.1496188224047641,1.0,,2.0,0.5246788547596549,0.012838706706006151,-0.0006520144878550353,0.026329427899867332
2026-05-20 19:30:00+00:00,-2.2614763776041173,-1.2206542841543124,-1.9103933934167399,0.0,0.0,0.039126422465667714,2.920421970302156,4.075065048503717,5.094370672160287,23.156973782179794,0.15223880597014924,3.0,230.0,-0.005176743349216526,1.0,214.0,-1.350182333360203,0.03910849701036854,0.37121631453961057,0.0004692253345035789,0.007476110858518139,0.8060879010105352,0.0032794451968536364,-0.06503532240162269,0.013747581084482536,0.15053595288407084,1.0,,2.0,0.5070601013869045,0.011726489513423456,-0.004255327667950202,0.027708306694797114
2026-05-21 13:30:00+00:00,-2.3242787130821143,-1.279268236468932,-1.9690073457313595,0.0,0.0,0.039616196860388656,3.0516897772972538,4.104623060035149,4.823132465692388,22.203207090359705,0.15223880597014924,3.0,230.0,-0.005176743349216526,1.0,214.0,-1.350182333360203,0.9959066481455617,0.00404603757369455,0.0012561573546248492,0.03094882487998821,0.02684988812666487,0.01086837761740611,-0.00309448661758438,0.013851075832656917,0.07679873968037132,1.0,,2.0,0.5362806989288573,0.03149820295292283,0.014025860597920478,0.04897054530792517
2026-05-21 14:30:00+00:00,-2.334948115409096,-1.2994465084653806,-1.989185617727808,0.0,0.0,0.03991977204218113,3.1378399013503446,4.168811545744329,4.520048754488283,21.337484044366626,0.15223880597014924,3.0,230.0,-0.005176743349216526,1.0,214.0,-1.350182333360203,0.08080504304624905,0.7656016082033346,0.00011418647068152168,0.009176365383824407,0.6955185828488413,0.019465656601980186,-0.013493918228316915,0.013819632158163713,0.0971300371943764,1.0,,2.0,0.559794868063686,0.009725762422838492,-0.00401389174835988,0.02346541659403685
2026-05-21 15:30:00+00:00,-2.380174898373085,-1.3447971597854411,-2.0345362690478686,0.0,0.0,0.04005947852316479,3.172723895754712,4.235500106099052,4.188920281404772,20.52446567240467,0.15223880597014924,3.0,230.0,-0.005176743349216526,1.0,214.0,-1.350182333360203,0.024587296497780894,0.20363719710114933,0.0006215508052372415,0.0068340865923414516,0.6151175763115178,0.009392682876583791,-0.023387241602569553,0.01384812154547734,0.1045088500086857,1.0,,2.0,0.5490442022956628,0.01493109694444674,0.0029255738960305977,0.026936619992862877
2026-05-21 16:30:00+00:00,-2.3066417091447136,-1.3052284849018785,-1.994967594164306,0.0,0.0,0.040361700706734026,3.1873694153283605,4.293806972711218,3.841512475436956,19.724662309749544,0.15223880597014924,3.0,230.0,-0.005176743349216526,1.0,214.0,-1.350182333360203,0.14848602557493873,0.6302614623087824,0.0002736085324654947,0.010656245302013829,0.9078922363511277,0.01969380333845283,-0.013066118592711895,0.013985068650907479,0.09455400044255757,1.0,,2.0,0.5379880497006924,0.010410508266780387,-0.000739175841804697,0.021560192375365456
2026-05-21 17:30:00+00:00,-2.3262235702920955,-1.3179630158541547,-2.007702125116582,0.0,0.0,0.04061127513028666,3.183822722686923,4.342939689278979,3.4785480232678285,18.758696027862676,0.15223880597014924,3.0,230.0,-0.005176743349216526,1.0,256.0,-1.4256126014682857,0.020025348537073162,0.23261397139283907,0.0005919693834425575,0.006767106279754575,0.6351895939565637,0.031007092069532227,-0.012244321107362843,0.013985113967744826,0.09413454724722126,1.0,,2.0,0.5538601162028157,0.011760438594167786,0.0006322473566632326,0.022888629831672364
2026-05-21 18:30:00+00:00,-2.3816683289743086,-1.3420157303874405,-2.031754839649868,0.0,0.0,0.04067846226264305,3.1522739785519978,4.375136582330775,3.1076966556006003,17.659604858900426,0.15223880597014924,3.0,230.0,-0.005176743349216526,1.0,256.0,-1.4256126014682857,0.0531962239161134,0.6113567216779211,0.00024786238870472824,0.0082269867606316,0.8233043692276631,0.03358812595814786,-0.003025674817475732,0.013853886646732413,0.0981985328489996,1.0,,2.0,0.5697734384186737,0.011237440368035067,-0.0005519909353670083,0.023026871671437146
2026-05-21 19:30:00+00:00,-2.3822107670363146,-1.3283094409837846,-2.018048550246212,0.0,0.0,0.04067647527951551,3.088130238484071,4.386303159803743,2.7010861821870162,16.535424008888356,0.15223880597014924,3.0,230.0,-0.005176743349216526,1.0,256.0,-1.4256126014682857,0.024579340678226733,0.25143519455130253,0.0005762012808640697,0.00691277565086163,0.6720469058026367,0.03266907069564873,0.0039309773818265725,0.013862616106008988,0.09863814893152778,1.0,,2.0,0.5616703969811404,0.013695735254991235,0.004159086622122055,0.023232383887860412
2026-05-22 13:30:00+00:00,-1.7986415720047104,-0.49613545252961644,-1.1858745617920439,0.0,0.0,0.04070446068344794,2.9990749567660537,4.374605580572669,2.269529781438861,15.525686180838019,0.15223880597014924,3.0,190.0,-0.0014470412435174061,1.0,256.0,-1.4256126014682857,0.9999999999998517,1.4834512470736215e-13,0.0012618722242613528,0.031045160026356065,4.247253074785216e-12,0.06376345865501243,0.11836829622653067,0.014551935594056247,0.03333873720230063,1.0,,2.0,0.5300796329970587,0.02344769155328522,0.012217408267289596,0.03467797483928087
2026-05-22 14:30:00+00:00,-1.5820989209326248,0.03189862351252682,-0.6578404857499006,0.0,0.0,0.041271098818743544,2.8816389765323334,4.335865965688063,1.8131439821229218,14.557884999149714,0.15223880597014924,3.0,190.0,-0.0014470412435174061,1.0,256.0,-1.4256126014682857,0.9784541188554985,0.021384430779855794,0.0012317081761705493,0.030538232231514122,0.10494686410510029,0.09485471067006923,0.1508886603249513,0.015003082160359773,0.023333015862951,1.0,,2.0,0.6120403225750388,0.022173304578932348,0.008793464634329812,0.03555314452353488
2026-05-22 15:30:00+00:00,-1.7717666358159825,-0.34603199673257096,-1.0357711059949983,0.0,0.0,0.040723214668889895,2.8260562375094516,4.376366982256071,1.5113571270418131,13.690406154868825,0.15223880597014924,3.0,190.0,-0.0014470412435174061,1.0,260.0,-1.2920743120028586,0.11136457385452767,0.7619180434732203,0.0001316896131017001,0.009939344874919662,0.7133894128278987,0.09413166826017694,0.14414063730432236,0.015113686050400562,0.036599733321117434,1.0,,2.0,0.6533141562401351,0.00776450072950837,-0.010343164145763,0.025872165604779725
2026-05-22 16:30:00+00:00,-1.693726834589176,0.1235654365022741,-0.5661736727601533,0.0,0.0,0.039475895222635164,2.827002703883115,4.412763485760861,1.2130812677751581,12.976310801192096,0.15223880597014924,3.0,190.0,-0.0014470412435174061,1.0,260.0,-1.2920743120028586,0.012646343945895587,0.147557528382148,0.0006692797329554398,0.006441023433557012,0.4842513789269699,0.08223807092084456,0.14501450013196848,0.01510425638749335,0.04239136390027021,1.0,,2.0,0.64112396409315,0.012120034847277085,-0.0071157708475672165,0.03135584054212138
2026-05-22 17:30:00+00:00,-1.6207756299363554,0.07780423548407675,-0.6119348737783507,0.0,0.0,0.03807423700625147,2.8536834149574366,4.43617023662306,0.8955961184434336,12.438499509875799,0.15223880597014924,3.0,190.0,-0.0014470412435174061,1.0,260.0,-1.2920743120028586,0.05813470364764356,0.6828839164782765,0.0001822684719920175,0.008469321870720425,0.7757490913280485,0.08327583090703161,0.14411775060442178,0.015108741321940516,0.05110547055929704,1.0,,2.0,0.6730589456796195,0.007877119168758084,-0.010992748033097915,0.026746986370614068
2026-05-22 18:30:00+00:00,-1.6753524907204858,-0.10156088739441131,-0.7912999966568387,0.0,0.0,0.03626569669875666,2.9024875925345364,4.444988914479692,0.5696992952707717,12.197178407826245,0.15223880597014924,3.0,190.0,-0.0014470412435174061,1.0,260.0,-1.2920743120028586,0.019252966503881044,0.2192273747210145,0.0006043151630321218,0.006725574357114443,0.61622834369721,0.08297406999961421,0.14339983075881868,0.015117677309467953,0.05408329200615203,1.0,,2.0,0.7157778349237442,0.010549609609753277,-0.005391760729634709,0.026490979949141243
2026-05-22 19:30:00+00:00,-1.6587204993860734,-0.30357115428100623,-0.9933102635434337,0.0,0.0,0.03455581393269826,2.983721828348387,4.4208850459035,0.2622095572016279,12.322934490658389,0.18208955223880596,3.0,190.0,-0.0014470412435174061,1.0,260.0,-1.2920743120028586,0.06638172636218939,0.653918562004991,0.00021352830557034788,0.008629059376730716,0.814164232706768,0.07386006709228532,0.13235075190601275,0.015191577902359877,0.05759439961103574,1.0,,2.0,0.698305077562042,0.007606703949137394,-0.01101687749534821,0.026230285393622987
2026-05-26 13:30:00+00:00,-0.9644458832741811,0.3905285192166562,-0.2992105900457712,0.0,0.0,0.034186667771297904,3.0995737888344266,4.35247555229475,0.047969859569400766,13.115984851582105,0.18208955223880596,3.0,190.0,-0.0014470412435174061,1.0,266.0,-1.345418239648034,0.9986996318213384,0.0012780924353998824,0.001260063608769321,0.031014544503807705,0.010053286279162556,0.04493265401800972,0.1616258484955262,0.01597134289813889,0.022725962091434404,1.0,,2.0,0.7299143143512004,0.021104878314978835,0.002351542485364261,0.0398582141445934
2026-05-26 14:30:00+00:00,-1.0618821744622484,0.22479586560843498,-0.4649432436539924,0.0,0.0,0.03255499128434892,3.218591615117447,4.245928316417091,0.04399400984988147,13.858557881106899,0.1761194029850746,3.0,90.0,0.002540302929794179,1.0,266.0,-1.345418239648034,0.07497575565291018,0.7620607392116426,0.00011487352979126131,0.009023821819868402,0.6969586101183894,0.015207864585413233,0.17512740988401543,0.015614048187022658,0.03546398376904403,1.0,,2.0,0.8100667293714745,-0.003143133799036617,-0.015982818436275737,0.009696550838202495
2026-05-26 15:30:00+00:00,-0.8276166803794014,0.37372136866527245,-0.316017740597155,0.0,0.0,0.031598356065048676,3.3453074648490513,4.155641118476522,0.3338980163487256,14.764083839754443,0.1761194029850746,3.0,90.0,0.002540302929794179,1.0,266.0,-1.345418239648034,0.04000266984366493,0.18814336580821947,0.0006433162145796968,0.007196456708748543,0.6429432839611529,0.03310695517292217,0.17797089355986362,0.015634827411973272,0.02969866265486054,1.0,,2.0,0.8287385588358198,-0.006647411310669167,-0.015862847767880085,0.0025680251465417447
2026-05-26 16:30:00+00:00,-0.7554795988210322,0.3579476708184955,-0.33179143844393194,0.0,0.0,0.03086253916278688,3.492417460127947,4.0894617092796866,0.8985029895212513,15.837012430882973,0.1701492537313433,3.0,90.0,0.002540302929794179,1.0,266.0,-1.345418239648034,0.0629749010544867,0.6314313255467721,0.0002333002122223877,0.008506208875937017,0.8267185017229842,0.03837954979188041,0.17881701783961734,0.015632880641826327,0.03307941052718277,1.0,,2.0,0.7583713991337593,-0.012273041985530172,-0.020536520799451678,-0.0040095631716086655
2026-05-26 17:30:00+00:00,-0.6291827867497601,0.39513496320054287,-0.29460414606188456,0.0,0.0,0.029613252968540213,3.6467117794204484,4.026916688230659,1.7005092868885479,17.087880756931394,0.1701492537313433,3.0,90.0,0.002540302929794179,1.0,266.0,-1.345418239648034,0.03035675617120755,0.24887177118933893,0.0005812815751550701,0.007053938844165377,0.6882285405560145,0.04374395812568288,0.19835839830620916,0.015310387910292355,0.03132217089485412,1.0,,2.0,0.7462151937346515,-0.016012834569172144,-0.025782164033291834,-0.00624350510505247
2026-05-26 18:30:00+00:00,-0.9531394151418995,-0.004690963062566676,-0.6944300723249941,0.0,0.0,0.02892403222049477,3.7800967623192427,3.981196043330722,2.700510535475865,18.46004151478921,0.16417910447761194,3.0,90.0,0.002540302929794179,1.0,270.0,-1.4164501137458847,0.2297668267684633,0.6584223031667611,0.0002841516757266162,0.012748231210269207,0.858047918151286,0.033056626447002024,0.1724407101706653,0.015590285522921441,0.04472154938108641,1.0,,2.0,0.6818941401671694,-0.008564633488552093,-0.0208789681352579,0.00374970115815371
2026-05-26 19:30:00+00:00,-0.7819846522441383,0.049349712278652036,-0.6403893969837754,0.0,0.0,0.028498226017002425,3.8151664187160286,3.9855732075460226,3.8580535530836206,19.971048995695718,0.16417910447761194,3.0,90.0,0.002540302929794179,1.0,270.0,-1.4164501137458847,0.025677397722567007,0.21217182977031218,0.0006139537186170746,0.006875606182426212,0.6299852391542388,0.0440068150961368,0.1751744019865198,0.015588149886398858,0.04067178566925289,1.0,,2.0,0.708979977704005,-0.01235323414567667,-0.021300811075315812,-0.003405657216037517
2026-05-27 13:30:00+00:00,-1.5655855198593651,-0.6842756289098141,-1.3740147381722414,0.0,0.0,0.02949529893454253,3.799026391471788,3.984518406222441,5.106398963080909,21.626256056045467,0.1582089552238806,3.0,90.0,0.002540302929794179,1.0,270.0,-1.4164501137458847,0.9999968625741488,3.137409050562421e-06,0.0012618678096046512,0.03104508624831691,4.2895440522952435e-05,-0.03189737299265083,0.14361259856454822,0.017375223128996236,0.07125367774139058,1.0,,2.0,0.6274987929199314,0.01884725302595465,-0.00222407357383737,0.03991857962574666
2026-05-27 14:30:00+00:00,-1.2046053017886125,-0.42755226649913164,-1.117291375761559,0.0,0.0,0.03022166395650135,3.772185193112587,3.9804684434809308,6.3430715757944425,23.154042631472624,0.1582089552238806,3.0,90.0,0.002540302929794179,1.0,270.0,-1.4164501137458847,0.45744651124927205,0.5024284224739208,0.0005365116296213686,0.0182205393655169,0.8326216524555021,-0.012932538061106058,0.15589691972703434,0.017497396970476746,0.07947045253670382,1.0,,2.0,0.7004246259162903,-0.006685169932571976,-0.020093130123969526,0.006722790258825571
2026-05-27 15:30:00+00:00,-1.2480586604052033,-0.43983752894703576,-1.1295766382094632,0.0,0.0,0.03164672489281179,3.7537661472556674,3.9935862029900804,7.189439680013745,24.737093991058988,0.15223880597014924,3.0,35.0,0.00578524203470797,1.0,270.0,-1.4164501137458847,0.028021240851973,0.30364755946452004,0.0005282452747114435,0.007085569346610154,0.7314022522787731,-0.022729773424413402,0.128705096312129,0.017030389294919696,0.08012739075563591,1.0,,2.0,0.7207486391468325,0.004007336765162711,-0.011223077721044512,0.01923775125136993
2026-05-27 16:30:00+00:00,-1.2183112414326138,-0.4457852323537573,-1.1355243416161847,0.0,0.0,0.03278991410513871,3.74160034895319,4.020941713947088,6.051617597974231,26.33520533492445,0.15223880597014924,3.0,35.0,0.00578524203470797,1.0,276.0,-1.4534658697166258,0.04377301722706843,0.5158033564230865,0.0003341940837830145,0.00783213478072409,0.8395868209151766,-0.026063620270167398,0.12463144071272936,0.017034744115318235,0.08713747632492819,1.0,,2.0,0.7150205613137578,0.004100215460035764,-0.01088540854521087,0.01908583946528239
2026-05-27 17:30:00+00:00,-1.1855644122927231,-0.4658773872652706,-1.155616496527698,0.0,0.0,0.03394509988131786,3.726599976769218,4.034791701452142,6.027103084811,26.30671867488206,0.15223880597014924,3.0,35.0,0.00578524203470797,1.0,276.0,-1.4534658697166258,0.027794525673464316,0.3317498159352778,0.0005014807859642897,0.007126245845404125,0.7510009104653285,-0.032885241785493236,0.12133201908080515,0.017047317585577506,0.0879854954181436,1.0,,2.0,0.7406239240093131,0.005637055590933939,-0.008017528226850144,0.019291639408718017
2026-05-27 18:30:00+00:00,-0.9617286939846112,-0.4632786885507615,-1.153017797813189,0.0,0.0,0.03499299092427365,3.6894159682376326,4.0393251480025745,5.718760329352541,26.85218804729571,0.15223880597014924,3.0,35.0,0.00578524203470797,1.0,276.0,-1.4534658697166258,0.04207500700984597,0.48633442846289965,0.00036137283337811976,0.007740765117536752,0.8383530129325871,-0.017832163597616635,0.12538283134146244,0.01702051773456746,0.08032797231580702,1.0,,2.0,0.6867393315301311,0.004630450600094983,-0.008276995897056074,0.01753789709724603
2026-05-27 19:30:00+00:00,-0.9503202978706018,-0.43188134328064737,-1.1216204525430749,0.0,0.0,0.035783997615270284,3.6284830305908393,4.021831497808239,5.175258169457955,26.957667787461475,0.15223880597014924,3.0,35.0,0.00578524203470797,1.0,276.0,-1.4534658697166258,0.035554981439066706,0.3516849107681973,0.0004861258046897262,0.007354447280520812,0.7862717828799047,-0.019228733256894337,0.13458666482403014,0.016960074920488892,0.06131604627159781,1.0,,2.0,0.7017615086952074,0.0053714402750088845,-0.008152823126007517,0.01889570367602528
2026-05-28 13:30:00+00:00,-0.9743406688124246,-0.4841870019239278,-1.1739261111863553,0.0,0.0,0.03648950149444661,3.533433394548093,3.944641068152126,4.528909885075126,26.324798571181518,0.15223880597014924,3.0,35.0,0.00578524203470797,1.0,276.0,-1.4534658697166258,0.04631464167731695,0.507289097943382,0.00034343663186452557,0.007882044583647885,0.8466164967228433,0.020303456176941737,0.10797057347471917,0.016661159682446882,0.1150812529893015,1.0,,2.0,0.613920967952194,0.00408843402412435,-0.0055978319618712295,0.013774700010119927
2026-05-28 14:30:00+00:00,-0.6897018186334877,-0.3173226036011173,-1.0070617128635448,0.0,0.0,0.03672823511765609,3.41924784782701,3.8381973216312355,3.845036912918661,24.75606094053936,0.15223880597014924,3.0,35.0,0.00578524203470797,0.0,336.0,0.0,0.3912616419117023,0.38873676329794377,0.0006140314313833378,0.016367290418471712,1.067559588747158,0.021057689338643826,0.13765338313500042,0.016593997133113464,0.11112985386353547,1.0,,2.0,0.6376987302067951,-0.005308531408331915,-0.01888090476354207,0.008263841946878236
2026-05-28 15:30:00+00:00,-0.631783185227249,-0.2774462852561021,-0.9671853945185296,0.0,0.0,0.03683418317825542,3.2951140379495105,3.7195527299834277,3.297139659797117,21.978885135774423,0.15223880597014924,3.0,35.0,0.00578524203470797,0.0,336.0,0.0,0.04920597499420869,0.410766954501254,0.00043633241526111797,0.007795500554078038,0.8463971112266075,0.026222551572608666,0.14012408445787816,0.016596239490463016,0.10577614277681313,1.0,,2.0,0.6782915137423499,-0.007567332155804308,-0.021325749348491532,0.006191085036882912
2026-05-28 16:30:00+00:00,-0.545329157804786,-0.2383970512962058,-0.9281361605586332,0.0,0.0,0.036853947755406714,3.1095996994834976,3.4508095339603795,2.8397737890475505,17.201077740883463,0.15223880597014924,3.0,40.0,0.004851666838343551,0.0,336.0,0.0,0.04325047183274993,0.4165789154745949,0.00042808860321504614,0.007655217239965453,0.8333033594624397,0.030075434378557198,0.1443232381595676,0.016586212177639156,0.10433233541575682,1.0,,2.0,0.7114737033307775,-0.007886612483220229,-0.020998186284534464,0.005224961318094011
2026-05-28 17:30:00+00:00,-0.3816819812425306,-0.1353386286308775,-0.825077737893305,0.0,0.0,0.036635749932532546,2.9666774129884157,3.158415106496722,2.4961908390690417,10.713269973910444,0.21194029850746268,3.0,40.0,0.004851666838343551,0.0,336.0,0.0,0.08879578870647364,0.4567187784277276,0.00041088605042531053,0.0088676573796555,0.9313387219676615,0.040246754219107395,0.16538839353586088,0.01639347989239205,0.1015140811140629,1.0,,2.0,0.5858968328446098,-0.00716615254622523,-0.019778015291310888,0.005445710198860426
2026-05-28 18:30:00+00:00,-0.3972693844461566,-0.1551055291509299,-0.8448446384133573,0.0,0.0,0.03618700830501065,2.790962431732728,2.6606472968176043,2.283167849918435,13.957962063377966,0.20597014925373133,3.0,40.0,0.004851666838343551,0.0,336.0,0.0,0.031664566067418666,0.3732638360464347,0.00046387054134489845,0.007292156766859055,0.7860498735254431,0.03885882915676664,0.1706454879639141,0.01632638906820825,0.10553227945306798,1.0,,2.0,0.4722725159093284,-0.007924054172557001,-0.01984425884836394,0.003996150503249937
2026-05-28 19:30:00+00:00,-0.4282895773490217,-0.19936875242988092,-0.8891078616923084,0.0,0.0,0.03575211620853762,2.5743825506290996,2.5827701582433558,2.221645269787173,17.87612723890545,0.2,3.0,40.0,0.004851666838343551,0.0,336.0,0.0,0.03958596061464582,0.4658351589128448,0.0003796794709829561,0.007644292464061248,0.8319041602661248,0.03281631777179328,0.1641235373989698,0.016362089015067128,0.10312195740359442,1.0,,2.0,0.5004807649328163,-0.01032006895242394,-0.02283084177257723,0.0021907038677293524
2026-05-29 13:30:00+00:00,-0.46312800682218475,-0.24541092445253362,-0.9351500337149611,0.0,0.0,0.03575388364379518,2.313328037771341,2.993373842371169,2.3304571009315835,22.33615494885678,0.2,3.0,40.0,0.004851666838343551,0.0,336.0,0.0,0.03320016038232484,0.386967054874859,0.00045157424092244985,0.007353418214968491,0.7964636760170754,0.0343198789071435,0.13142207476445655,0.01575059364146791,0.07696354337835132,1.0,,2.0,0.6713634140846318,-0.009523315701007368,-0.0253660232082228,0.006319391806208061
2026-05-29 14:30:00+00:00,-0.3036004804367423,-0.13846024929535794,-0.8281993585577854,0.0,0.0,0.0356994958969507,2.0643799395061393,3.308764424711118,2.568127147420664,26.139253393397556,0.19402985074626866,3.0,40.0,0.004851666838343551,0.0,336.0,0.0,0.09825701670746802,0.4840216061217771,0.0003893209511882922,0.009150820574864243,0.9438373411174448,0.02733883249150626,0.1455265590245265,0.015726382224771625,0.07457657522948313,1.0,,2.0,0.6600968878114957,-0.010463140465119664,-0.027736510495847827,0.006810229565608492
2026-05-29 15:30:00+00:00,-0.24924886216250508,-0.0957645942183686,-0.785503703480796,0.0,0.0,0.03552077540341444,1.82662414822019,3.5636499305702616,2.9454810870959838,29.01660793997316,0.1880597014925373,3.0,40.0,0.004851666838343551,0.0,336.0,0.0,0.03587672207844682,0.34912910136222475,0.0004886979832093136,0.007358325891171683,0.7857538333697835,0.026205884506665278,0.15693728608795965,0.015609781920366172,0.06517105994441152,1.0,,2.0,0.6587530119781354,-0.011126099292093985,-0.025195180616646412,0.002942982032458432
2026-05-29 16:30:00+00:00,-0.13975651172390458,0.007948420023347261,-0.6817906892390801,0.0,0.0,0.03548057176867207,1.7499178560001745,3.780554290582744,3.431466128813999,31.15178993123175,0.1880597014925373,3.0,40.0,0.004851666838343551,0.0,336.0,0.0,0.06950478409213415,0.4927411388966157,0.000367868663764199,0.008441635155596353,0.8957005641426519,0.029067596418792974,0.15369703123990774,0.015580080458161765,0.05424463791236267,1.0,,2.0,0.5149643068755749,-0.009570779775900337,-0.023022353071462387,0.0038807935196617065
2026-05-29 17:30:00+00:00,-0.08406138729211342,0.06038818694624683,-0.6293509223161806,0.0,0.0,0.03541607348019108,1.7793569382526253,3.6675776658922334,3.7222905666223847,31.538285220079185,0.18208955223880596,3.0,115.0,0.0031183226186181725,0.0,336.0,0.0,0.03645972833990425,0.32960252238081544,0.0005511067542926815,0.007300853883885605,0.775505027607824,0.02396065846123996,0.1583419599275686,0.015562009336695331,0.05301751896960383,1.0,,2.0,0.5716310037904666,-0.012795581691991237,-0.028213212370989137,0.0026220489870066623
2026-05-29 18:30:00+00:00,-0.10129793899340162,0.037959985568468295,-0.6517791236939592,0.0,0.0,0.03528831753649745,2.0337922324929876,3.861507677847412,3.695949324917913,33.074375467758024,0.18208955223880596,3.0,115.0,0.0031183226186181725,0.0,336.0,0.0,0.04081744463423961,0.45130575458337013,0.0004350107951928481,0.007642432060859854,0.8337188669736048,0.023694883821936408,0.16075224582770264,0.015536026305572256,0.05313646414754647,1.0,,2.0,0.5822686436960222,-0.011044797966449992,-0.02708145874103392,0.004991862808133931
2026-05-29 19:30:00+00:00,-0.08355848326700771,0.04883241672939728,-0.6409066925330301,0.0,0.0,0.03515931380293597,2.2925103632851833,4.0724703929952195,4.355536472749187,34.60900281217581,0.1761194029850746,3.0,115.0,0.0031183226186181725,0.0,336.0,0.0,0.03215942199661211,0.342810439860276,0.0005339711752403462,0.007217704278681997,0.7712750206365259,0.02708420115435395,0.158538667857675,0.015542669389290045,0.040814276182004505,1.0,,3.0,0.679344227370382,-0.004570954240793386,-0.03748980488895289,0.028347896407366104
2026-06-01 13:30:00+00:00,-0.2951306067074279,-0.1723880543916921,-0.8621271636541196,0.0,0.0,0.03452588137261013,2.5204262234115555,4.26221383152009,5.088899460317738,35.5117019061287,0.1761194029850746,3.0,115.0,0.0031183226186181725,0.0,336.0,0.0,0.18254960022732125,0.6260755752749881,0.00039703995733571387,0.011545034704134819,0.9200918440784621,0.01663034265730534,0.08428895876674947,0.012191155439080453,0.044746515379730845,1.0,,3.0,0.6067450410032539,-0.016031076738681916,-0.03644398148640881,0.004381828009044967
2026-06-01 14:30:00+00:00,0.09410933811767802,0.2090826494187723,-0.4806564598436551,0.0,0.0,0.03293520141911099,2.7034989489186625,4.417475940199664,5.8907636726945904,36.23769165682993,0.1701492537313433,3.0,115.0,0.0031183226186181725,0.0,336.0,0.0,0.9175920121025283,0.07285622835579658,0.0016421362112959098,0.02900418036602268,0.3141705845557249,0.031073930706553732,0.08174577906101099,0.012046521065654613,0.026612944392314652,1.0,,3.0,0.5568196515207748,-0.016650807225867197,-0.03464547503965543,0.0013438605879209989
2026-06-01 15:30:00+00:00,0.07493162662511454,0.19771874627871847,-0.492020362983709,0.0,0.0,0.031666430208013345,2.850883684142467,4.550303865872199,6.753753191153098,36.5705392042386,0.1701492537313433,3.0,115.0,0.0031183226186181725,0.0,336.0,0.0,0.06609006404387918,0.6976108982495287,0.00021569007982528933,0.00874812271403565,0.771653161556089,0.027698954676361964,0.09050457250414468,0.011925466502554303,0.017786246969526687,1.0,,3.0,0.5759639583865643,-0.01565158283659747,-0.03818422440332929,0.00688105873013433
2026-06-01 16:30:00+00:00,0.18392100949141074,0.3033162896098229,-0.38642281965260455,0.0,0.0,0.030551598469209046,2.9481573793135345,4.640523653404264,7.642115543158346,36.765157290218696,0.16417910447761194,3.0,115.0,0.0031183226186181725,0.0,336.0,0.0,0.03129526634519612,0.19982011702426872,0.000674417886873453,0.006923567397888892,0.6322676247159416,0.027994445527578016,0.0994534058466412,0.011942783059744812,0.005405762041410966,1.0,,3.0,0.5901894875372057,-0.011499051699102206,-0.035422577303568,0.012424473905363565
2026-06-01 17:30:00+00:00,0.17065126104664533,0.28291624253957154,-0.4068228667228559,0.0,0.0,0.02945099419601157,2.9388418131722553,4.653140088561825,8.497770423815075,36.91130158140189,0.16417910447761194,3.0,115.0,0.0031183226186181725,0.0,336.0,0.0,0.051892245062482974,0.5718560467027186,0.0003264374062162632,0.008150991987166508,0.8409045896575461,0.023778082737796247,0.09884421175833324,0.011945819410951502,0.0033959738245421534,1.0,,3.0,0.5670895896429208,-0.011963478071239198,-0.037035931751285237,0.013108975608806812
2026-06-01 18:30:00+00:00,0.12320098730158262,0.15896675550472006,-0.5307723537577074,0.0,0.0,0.028548069764936974,2.903571326451081,4.65369866852667,9.247845527207847,36.88392976654114,0.1582089552238806,3.0,30.0,-0.001689416627989241,0.0,336.0,0.0,0.039279437144098726,0.33536548270379507,0.0005480928945572819,0.007382849118976328,0.7871119494984545,0.01777425933710397,0.0955524351651924,0.012002986366680695,-0.005783508796628034,0.0,,3.0,0.5108069245246083,-0.005321856916527927,-0.03076647365578227,0.020122759822726412
2026-06-01 19:30:00+00:00,-0.10541455872547698,-0.09487991528826294,-0.7846190245506903,0.0,0.0,0.028074428064742998,2.8869487561389016,4.635207844132969,9.835610285611768,37.03450571978939,0.1582089552238806,3.0,30.0,-0.001689416627989241,0.0,336.0,0.0,0.2762872920112722,0.6067579576571063,0.0005052076195070767,0.013869135296814682,0.9095250328590367,0.0014155273454505846,0.08609412811084027,0.01228600732146817,0.003337857065268679,1.0,,3.0,0.5154524284666955,-0.00905695071898634,-0.030931646435302055,0.01281774499732937
2026-06-02 13:30:00+00:00,0.6095011357276395,0.6258723957687101,-0.06386671349371731,0.0,0.0,0.02730227456103505,2.883775444687095,4.606960937069014,10.36909290351065,37.01870684002571,0.15223880597014924,3.0,30.0,-0.001689416627989241,0.0,336.0,0.0,0.9999999863768337,1.3623155914895097e-08,0.0017924304889653238,0.030940946438064148,2.603591701295946e-07,0.06413103142485266,0.1034873361735924,0.013812418603495597,-0.09686427365696204,0.0,,3.0,0.4911867599039622,-0.0029649963647483445,-0.024763951581343643,0.018833958851846952
2026-06-02 14:30:00+00:00,0.7571834037343304,0.7597796929700886,0.0700405837076612,1.0,1.0,0.027668257240431215,2.87662077672764,4.58061453754176,10.95903143210186,37.19879822451709,0.15223880597014924,3.0,30.0,-0.001689416627989241,0.0,336.0,0.0,0.2655714535765083,0.6792150166317291,0.00042343963535954114,0.013737262208830398,0.7747744570063712,0.052717090665475475,0.11925500514107323,0.013881206653285202,-0.1206836644595306,0.0,1.0,3.0,0.5229119971903863,0.0005479988407374787,-0.02539155511974481,0.02648755280121976
2026-06-02 15:30:00+00:00,0.7224791108159054,0.7224791108159054,0.032740001553478004,1.0,2.0,0.02784125914569108,2.8635280374118146,4.5585965413642215,11.65762481944909,36.95742233162182,0.15223880597014924,3.0,30.0,-0.001689416627989241,0.0,336.0,0.0,0.016942143206981754,0.18219847147277707,0.0006781869181463411,0.006528500384044426,0.557157801360247,0.05187130359378589,0.1092689209250084,0.013836905999413316,-0.13131056315694956,0.0,1.0,3.0,0.5243990476574487,-0.0011901995637224488,-0.02417291525691772,0.021792516129472816
2026-06-02 16:30:00+00:00,0.692756683088688,0.7391723393709019,0.049433230108474446,1.0,3.0,0.028154450934542826,2.8559811586840693,4.533249500036646,12.354005364016007,36.18724057525305,0.15223880597014924,3.0,30.0,-0.001689416627989241,0.0,336.0,0.0,0.05873735224610791,0.5851971792603189,0.0003197621554299913,0.008348806877965267,0.8477416577284431,0.04727029346938583,0.10834414952414662,0.013835479044030223,-0.13461408167942945,0.0,1.0,3.0,0.5221545383987838,-0.002265443649412303,-0.026430939885363467,0.021900052586538855
2026-06-02 17:30:00+00:00,0.7530595589264886,0.8159132444327404,0.12617413517031295,1.0,4.0,0.028624562335906628,2.852578259390119,4.5066353964570345,13.073179034919189,35.01289762861837,0.15223880597014924,3.0,30.0,-0.001689416627989241,0.0,336.0,0.0,0.03732084936445405,0.26937916332505984,0.0006114230599353917,0.007207827076314721,0.7299963504275248,0.0537753399150267,0.10887559354767706,0.013839591072986173,-0.1489406611164874,0.0,1.0,3.0,0.526067804607544,-0.0011050148509728257,-0.024649790720481637,0.022439761018535977
2026-06-02 18:30:00+00:00,0.7475475307772528,0.8447423172724023,0.1550032080099749,1.0,5.0,0.029439135098493777,2.8542843189324167,4.478644735295361,13.810438112297257,33.66566470402952,0.15223880597014924,3.0,30.0,-0.001689416627989241,0.0,336.0,0.0,0.05392822204477074,0.5031713399629268,0.00039622965290558783,0.008071437932333558,0.8637689621536393,0.0640631362940276,0.12655894501221798,0.01354112227862132,-0.15989308156543292,0.0,1.0,3.0,0.5103047705757363,0.0005290319036431149,-0.028312548734399836,0.02937061254168606
2026-06-02 19:30:00+00:00,0.6004002261246207,0.733895546169414,0.04415643690698656,1.0,6.0,0.029872268374521404,2.8607760935748257,4.45002310747353,14.566411454742479,32.272920815958614,0.15223880597014924,3.0,130.0,0.0033020208799349883,0.0,336.0,0.0,0.03552777235629791,0.3525614774046173,0.0005275386724169129,0.007321114320142952,0.786679333684227,0.07462222890378989,0.11670954191849336,0.013594100942513045,-0.15303739360240787,0.0,1.0,3.0,0.5680445116734161,-0.00403810266627308,-0.03804968076244955,0.029973475429903376
2026-06-03 13:30:00+00:00,0.06227421175536416,0.21583752963103905,-0.47390157963138835,0.0,0.0,0.028683649193860353,2.878734148066411,4.418622507498117,15.265793558549044,30.8996546618219,0.15223880597014924,3.0,130.0,0.0033020208799349883,0.0,336.0,0.0,0.9776565261425093,0.022273548032301728,0.0017491913502675463,0.030420626587492398,0.10749752864933397,-0.0037978307038066816,0.13158687846243655,0.01227243709684851,-0.09982505177436973,0.0,,3.0,0.5710290505189516,-0.003682281089658428,-0.037773453920557684,0.030408891741240816
2026-06-03 14:30:00+00:00,0.16000924809970446,0.32379426699484265,-0.3659448422675848,0.0,0.0,0.027778327339835672,2.9073203891673463,4.3883789045092225,15.98378557633594,29.546679146711448,0.15223880597014924,3.0,130.0,0.0033020208799349883,0.0,336.0,0.0,0.11563230212718999,0.7465035115629625,0.0002144683944586215,0.010089036062417692,0.7408781730716543,-0.009214446142546073,0.12297309705963322,0.01209834470141835,-0.10807085996309329,0.0,,3.0,0.6474994066751822,-0.009421000393350866,-0.04438680889437756,0.0255448081076758
2026-06-03 15:30:00+00:00,0.10019919627300242,0.23444681346821927,-0.45529229579420816,0.0,0.0,0.026660333081766983,2.9407751067521986,4.3516033288298095,16.57441487883469,28.278164441693992,0.15223880597014924,3.0,130.0,0.0033020208799349883,0.0,336.0,0.0,0.019419538486230827,0.17958677372899726,0.0006831215263258898,0.0065859217490351635,0.5626517770336604,-0.014399198325736329,0.11759949602368547,0.012170926464540776,-0.10569374146790356,0.0,,3.0,0.6944318220126756,-0.03675004306075243,-0.053153206329979635,-0.02034687979152518
2026-06-03 16:30:00+00:00,0.0013042200432056064,0.16904205702936953,-0.5206970522330578,0.0,0.0,0.02588147660283503,2.9725139924633,4.30857991741824,17.001536874505195,27.64740091144469,0.7910447761194029,3.0,130.0,0.0033020208799349883,0.0,336.0,0.0,0.060595026323095665,0.6254043826225856,0.00028180468510995263,0.00847218248618255,0.8271443991421162,-0.021020101084601173,0.11338766870971284,0.012216059553665195,-0.10013518669122767,0.0,,3.0,0.6927606936692703,-0.045756769359575074,-0.05927819366950112,-0.03223534504964903
2026-06-03 17:30:00+00:00,0.028970555996738756,0.20257423328501906,-0.4871648759774084,0.0,0.0,0.024938910234570736,3.0031818746179795,4.26143234486788,17.256963804091622,27.93523190100563,0.7910447761194029,3.0,130.0,0.0033020208799349883,0.0,336.0,0.0,0.022132518241851914,0.21780122006165714,0.0006479456412641789,0.006727043406283662,0.6248310953197318,-0.024535903683219118,0.11722493164995118,0.012200160967137042,-0.10105310521744126,0.0,,3.0,0.6895619727245569,-0.04303873328077736,-0.05870317282419987,-0.027374293737354862
2026-06-03 18:30:00+00:00,0.048301676385110855,0.18821698934022246,-0.501522119922205,0.0,0.0,0.024127866215928787,3.032506327453282,4.211240628380146,17.331850272508774,27.97721756831998,0.7850746268656716,3.0,130.0,0.0033020208799349883,0.0,336.0,0.0,0.05024596246853764,0.5556523238494069,0.00034088142034546196,0.008078663048642392,0.8437514659015064,-0.0287009314835851,0.11569017712624952,0.01220895056799704,-0.10700662937345662,0.0,,3.0,0.6823769612217054,-0.04278998608449688,-0.05692116944851957,-0.02865880272047423
2026-06-03 19:30:00+00:00,-0.054279228057134955,0.03429904595397228,-0.6554400633084552,0.0,0.0,0.024262563319498102,3.066576774510026,4.156956979410915,17.153813898366263,27.99646760234582,0.7850746268656716,3.0,130.0,0.0033020208799349883,0.0,336.0,0.0,0.09619202546486308,0.4635263008336606,0.0004755621608399246,0.009060386021561067,0.9428075193241732,-0.03522348006723597,0.10071479510815173,0.012425544991179756,-0.09675762386488174,0.0,,3.0,0.6733566747903579,-0.04495775636896588,-0.0555677262837807,-0.03434778645415107
2026-06-04 13:30:00+00:00,-0.17627644805849707,-0.08439684370712212,-0.7741359529695495,0.0,0.0,0.024939758076855053,3.1056558160605787,4.100911769428808,17.090285621063423,27.75258029407012,0.7791044776119403,3.0,40.0,-0.0025015749070323016,0.0,336.0,0.0,0.07467644871543555,0.4825063151934222,0.0004363636418461069,0.008554643828086708,0.9061048234009943,-0.015586685341315132,0.09569673694417968,0.012528914785111332,-0.09117955960089663,0.0,,3.0,0.605553007492737,-0.045838293086996815,-0.055776009084167175,-0.03590057708982647
2026-06-04 14:30:00+00:00,-0.1251924262484328,-0.01359240156495633,-0.7033315108273838,0.0,0.0,0.026095072377965167,3.141689851183229,4.046585329077972,16.31047080169553,27.56349663274516,0.7791044776119403,3.0,40.0,-0.0025015749070323016,0.0,336.0,0.0,0.04394003284936362,0.33951172472908125,0.0005484257486954065,0.007508129749748359,0.8022402206120809,-0.01688970013061475,0.08502570759037464,0.01229746909071607,-0.12289050277732283,0.0,,3.0,0.6243980801784044,-0.052284658412310066,-0.06157442115715016,-0.04299489566747002
2026-06-04 15:30:00+00:00,-0.2038287983271029,-0.11320115685544611,-0.8029402661178735,0.0,0.0,0.027874265004644457,3.181213514416259,3.9928077895712906,15.47720452048319,27.179127774582266,0.7731343283582089,3.0,40.0,-0.0025015749070323016,0.0,336.0,0.0,0.07805300466238616,0.5606823609582405,0.00036233813233465774,0.00878859845804506,0.8912946556638279,-0.019685858298522874,0.07169108615255393,0.012398801939750095,-0.1315825926427765,0.0,,3.0,0.65771072031571,-0.05646172336247029,-0.06559453661374678,-0.04732891011119375
2026-06-04 16:30:00+00:00,-0.25303954664030737,-0.17136434743808296,-0.8611034567005104,0.0,0.0,0.029866288011375655,3.2039045685972374,3.9446003696599434,14.623685271406845,26.922919943480352,0.7731343283582089,3.0,40.0,-0.0025015749070323016,0.0,336.0,0.0,0.03276199613257096,0.3148645194370509,0.0005621531278179931,0.007179648646574198,0.7545114457659667,-0.020844430343373688,0.062467803987781956,0.012436205067926092,-0.1176106334764393,0.0,,3.0,0.6873032854819222,-0.05786197528487548,-0.06781356642978671,-0.04791038413996427
2026-06-04 17:30:00+00:00,-0.3133262506081786,-0.1948052141117249,-0.8845443233741523,0.0,0.0,0.03176552228810046,3.211486955567331,3.896485466028157,13.8207585809144,26.464036557744425,0.7671641791044777,3.0,40.0,-0.0025015749070323016,0.0,336.0,0.0,0.043687696068503167,0.47774029473433544,0.0004116223848334528,0.007765076092277911,0.8423565747898208,-0.025843462407265427,0.05113471502357836,0.01236799307385184,-0.10460735459419546,0.0,,3.0,0.6920699144837218,-0.060416419097658824,-0.06949604343095986,-0.05133679476435779
2026-06-04 18:30:00+00:00,-0.5182641429974191,-0.35872512005411467,-1.048464229316542,0.0,0.0,0.03426025192192922,3.226946637046025,3.862249163904639,13.07879731941614,26.233865092615847,0.7671641791044777,3.0,40.0,-0.0025015749070323016,0.0,336.0,0.0,0.2911159043316244,0.551810515450968,0.0005735854323215496,0.014137946399280135,0.9780757398035296,-0.04114571360707053,0.035685634362412344,0.012681246291794575,-0.08837403027051582,0.0,,3.0,0.682660376911005,-0.06433791051946339,-0.0775371197641813,-0.05113870127474547
2026-06-04 19:30:00+00:00,-0.5628627599463981,-0.41010002500626624,-1.0998391342686937,0.0,0.0,0.03664531624388578,3.2892068670442485,3.919593697934268,12.391276652475907,25.73826101124299,0.7611940298507462,3.0,40.0,-0.0025015749070323016,1.0,320.0,-1.8262251250875907,0.0382623000358494,0.3374044063404624,0.0005451119038108184,0.0073611150887850675,0.7855470474737468,-0.03606089177128524,0.03183758556507321,0.01272053519524664,-0.07496114783950958,0.0,,3.0,0.7595837127516587,-0.06292780096524413,-0.07276855633378565,-0.05308704559670255
2026-06-05 13:30:00+00:00,-0.9779525326453581,-0.7902351270105807,-1.4799742362730082,0.0,0.0,0.04198773702221961,3.3341104076695505,3.9565624658836924,11.685085691212535,25.496668441333096,0.7611940298507462,3.0,40.0,-0.0025015749070323016,1.0,320.0,-1.8262251250875907,0.9999999683524635,3.1647535725790524e-08,0.0017924304540287636,0.030940946018431902,5.781563671156242e-07,-0.07747975761184023,-0.01610289957480404,0.01534464875384413,-0.06196435651600307,0.0,,3.0,0.7151612353730958,-0.05556691317552223,-0.07168901967591564,-0.03944480667512883
2026-06-05 14:30:00+00:00,-1.0193686321730715,-0.8369282105318749,-1.5266673197943024,0.0,0.0,0.046844282993779705,3.3537600366580533,3.9825350258960897,10.977316750821384,24.844535868726556,0.755223880597015,3.0,50.0,-0.0031674281779906837,1.0,320.0,-1.8262251250875907,0.1731696853986024,0.7792346971252718,0.0002368115776193973,0.01160053207799689,0.6429541447888485,-0.09457951818636978,-0.0368926430875014,0.015326614461311899,-0.08983778251950003,0.0,,3.0,0.7453792653046695,-0.05532462233251142,-0.07500088186889682,-0.03564836279612607
2026-06-05 15:30:00+00:00,-1.0591911732575623,-0.6181502050075889,-1.3078893142700163,0.0,0.0,0.05122328142650006,3.3524476763517193,4.018187502757315,10.265089559236209,24.538535533661165,0.755223880597015,3.0,50.0,-0.0031674281779906837,1.0,320.0,-1.8262251250875907,0.0530223870848649,0.25755105342238493,0.0006380305044861369,0.007580758805235391,0.7615009010884054,-0.09722550653269035,-0.0517403048868017,0.015371422233116048,-0.08390220814509064,0.0,,3.0,0.7686350868363454,-0.05485191780651172,-0.07196170752763058,-0.037742128085392845
2026-06-05 16:30:00+00:00,-1.0937087258123992,-0.6339286202962585,-1.3236677295586858,0.0,0.0,0.05444747314725567,3.3344921687912388,4.069493515114277,9.53577334923422,25.114751394212817,0.15223880597014924,3.0,50.0,-0.0031674281779906837,1.0,320.0,-1.8262251250875907,0.046818666201301005,0.5173987372153243,0.0003754171302840486,0.007919475908971869,0.8462357341489114,-0.0927495502514546,-0.05934934268246561,0.015291718727942926,-0.0830736122428215,0.0,,3.0,0.8215031674247163,-0.058096628434155806,-0.07094732633441578,-0.04524593053389579
2026-06-05 17:30:00+00:00,-1.1606641446915775,-0.3086833062925736,-0.998422415555001,0.0,0.0,0.05714216624608097,3.3023860460168066,4.1317540776118005,8.81232929082678,26.22936908494898,0.15223880597014924,3.0,50.0,-0.0031674281779906837,1.0,318.0,-1.6938964868405793,0.055402306030862075,0.41152779423515945,0.00048817020153121295,0.007933999265682485,0.8610287923504276,-0.09856129502600286,-0.07138723846366446,0.01527853439699057,-0.06890379751100095,0.0,,3.0,0.8485121475073032,-0.057295544354163584,-0.06912510530731168,-0.04546598340101565
2026-06-05 18:30:00+00:00,-1.204682946514793,-0.11138572352487444,-0.8011248327873018,0.0,0.0,0.05926254256263791,3.2556317783247826,4.198943145054871,8.096068868247695,27.63193705805714,0.15223880597014924,3.0,50.0,-0.0031674281779906837,1.0,318.0,-1.6938964868405793,0.05994146963815864,0.48069894625900605,0.00042414599186476427,0.008180082798028204,0.8781631406989349,-0.09004643647477728,-0.07805568593430134,0.015293094289454448,-0.0824693222343118,0.0,,3.0,0.837502096390786,-0.051085534956710636,-0.06835000333179726,-0.033821066581624
2026-06-05 19:30:00+00:00,-1.3045676446842895,-0.1393645858427892,-0.8291036951052166,0.0,0.0,0.060504111406700666,3.192949739713538,4.257851453886695,7.328155632871288,29.064815829012765,0.15223880597014924,3.0,50.0,-0.0031674281779906837,1.0,318.0,-1.6938964868405793,0.031466647186507594,0.320196894663984,0.0005556539602722932,0.007157180975328023,0.754437737722225,-0.08175302176388666,-0.0769996373531674,0.015302458460560771,-0.09200548661180541,0.0,,3.0,0.8318417639460169,-0.027264763733116412,-0.06840456004695829,0.013875032580725463
2026-06-08 13:30:00+00:00,-1.2368876983514276,-0.7056674741375647,-1.3954065833999922,0.0,0.0,0.060749579676966196,3.1644938439650705,4.253311566787353,5.974511115033803,27.595217961880618,0.15223880597014924,3.0,50.0,-0.0031674281779906837,1.0,318.0,-1.6938964868405793,0.9385340026803722,0.059427735888098944,0.0016753049762295194,0.029506050795116853,0.2399295501375627,-0.0067586088212143736,-0.03949185105332376,0.01587175482553567,-0.094002283421454,0.0,,3.0,0.7689007295524216,-0.05204335895694631,-0.07007268828757793,-0.03401402962631478
2026-06-08 14:30:00+00:00,-1.2345185801110827,-0.6357774197024637,-1.3255165289648911,0.0,0.0,0.06024223045713777,3.0945698344488153,4.284832582184955,5.104877921395191,28.017473143546702,0.15223880597014924,3.0,50.0,-0.0031674281779906837,1.0,318.0,-1.6938964868405793,0.06711060550173835,0.7203045209510515,0.00019423967179512042,0.00881705375148594,0.7467812413380609,0.00339835835389124,-0.06456821544016389,0.015232381909791348,-0.09308715544851509,0.0,,3.0,0.8101636888789224,-0.05033456239924114,-0.06880567421411737,-0.03186345058436493
2026-06-08 15:30:00+00:00,-1.2581542796790808,-0.5910365684029103,-1.2807756776653378,0.0,0.0,0.059588128873730016,3.0258197617895304,4.290242211742915,4.292063405563102,28.143386204382534,0.15223880597014924,3.0,55.0,-0.0045914522778542875,0.0,336.0,0.0,0.0163822953708693,0.17338331513190855,0.0006863638466950772,0.006497608574976961,0.5416666865134487,0.01121762336330967,-0.068221636199854,0.01522336350649173,-0.08982264498901937,0.0,,3.0,0.7669059105227579,-0.0628687737211151,-0.0897580551181848,-0.03597949232404542
2026-06-08 16:30:00+00:00,-1.222007864307172,-0.6392446453445776,-1.328983754607005,0.0,0.0,0.0586291669121332,2.9608972894801746,4.275216678059522,3.555955148794673,27.996473336624373,0.15223880597014924,3.0,55.0,-0.0045914522778542875,0.0,336.0,0.0,0.05654550798079096,0.5939980500613349,0.00030898429568747916,0.008310366775844187,0.8392503130864872,0.013458793903600608,-0.07388499430644302,0.015144689797890394,-0.07919481311236343,0.0,,3.0,0.7884150118525144,-0.062490781075418465,-0.0890729347652294,-0.0359086273856075
2026-06-08 17:30:00+00:00,-1.1896334300000675,-0.6444132734790051,-1.3341523827414326,0.0,0.0,0.05769015200232501,2.898351405519046,4.248576263019398,2.924672221722985,27.618058767257136,0.15223880597014924,3.0,55.0,-0.0045914522778542875,0.0,336.0,0.0,0.022980920957706298,0.23759707257649054,0.0006291945083222992,0.0067861191650672135,0.6514001301688881,0.023351652215827023,-0.07181366898563368,0.015159249428388656,-0.0863347468517155,0.0,,3.0,0.7777721955008411,-0.06542951239910981,-0.09282502140716423,-0.03803400339105541
2026-06-08 18:30:00+00:00,-1.124479602259535,-0.5691891138023837,-1.2589282230648111,0.0,0.0,0.05699160046528773,2.841138434096294,4.222323219277991,2.411862262374999,26.923766234001242,0.15223880597014924,3.0,55.0,-0.0045914522778542875,0.0,336.0,0.0,0.0700205617745316,0.6089874745300665,0.0003069813145358142,0.008678304619012655,0.8529700187241078,0.024185520708391195,-0.07164442456301412,0.015157999870975701,-0.07218788703830192,0.0,,3.0,0.798942123777346,-0.06536931027579644,-0.07809681177331358,-0.05264180877827934
2026-06-08 19:30:00+00:00,-1.1248157316539014,-0.5936780054593502,-1.2834171147217777,0.0,0.0,0.05671972221419193,2.7873801849201976,4.208780665094618,2.0400980816630634,25.75816023286724,0.15223880597014924,3.0,55.0,-0.0045914522778542875,0.0,336.0,0.0,0.021189158157776708,0.2334416201436699,0.0006315971219675076,0.006733076022809202,0.6403307567142987,0.021056289670290163,-0.057358875028327816,0.015004656097688711,-0.0624434771119331,0.0,,3.0,0.7976998574610765,-0.06980701351358151,-0.08458511537294784,-0.05502891165421518
2026-06-09 13:30:00+00:00,-1.1362357235589466,-0.572418055023374,-1.2621571642858014,0.0,0.0,0.05498291888741733,2.734752021429792,4.209672934245111,1.8345683562503836,24.221935982364975,0.15223880597014924,3.0,55.0,-0.0045914522778542875,0.0,336.0,0.0,0.054210226924788114,0.5690820413260818,0.0003313808699371823,0.008204089163856525,0.8465999645741394,-0.00694119316784203,-0.11056407564601844,0.011972324642405168,-0.058203344579037086,0.0,,3.0,0.7731697242717609,-0.07196067174242034,-0.08563671818949546,-0.0582846252953453
2026-06-09 14:30:00+00:00,-1.2526942327173654,-0.24748216720347074,-0.9372212764658981,0.0,0.0,0.052547696787627454,2.690356876836384,4.208456327604462,1.7803068955899404,22.983606287606,0.16417910447761194,3.0,55.0,-0.0045914522778542875,0.0,336.0,0.0,0.930494076348686,0.06813876889487935,0.0016590582024682552,0.02932014853467311,0.2590837797747281,-0.03170934294484429,-0.14899464905048365,0.012195652093722451,-0.03840864015803902,0.0,,3.0,0.7527106974897908,-0.06817147459804793,-0.08466909317982976,-0.051673856016266104
2026-06-09 15:30:00+00:00,-1.3023279899006897,-0.06415262254207825,-0.7538917318045056,0.0,0.0,0.05011492501411269,2.6329627850407653,4.207838817405926,1.8118085197750582,22.051262195619156,0.16417910447761194,3.0,55.0,-0.0045914522778542875,0.0,336.0,0.0,0.4132279602362087,0.5667734471173009,0.0006748507761207034,0.017241988307161282,0.7652404803825137,-0.045574709473395814,-0.1656676492670357,0.012334761932964072,-0.022097616166215417,0.0,,3.0,0.7641557800529724,-0.06706856169419147,-0.08240953118848782,-0.05172759219989507
2026-06-09 16:30:00+00:00,-1.301135856183637,-0.2891491363243869,-0.9788882455868143,0.0,0.0,0.0474876148940688,2.5637989166957564,4.208648073499757,1.8912316524902524,21.3763988466868,0.1582089552238806,3.0,30.0,-0.007347644310548365,0.0,336.0,0.0,0.06342317423930216,0.3143416193559224,0.0005918082910744293,0.007950891532936018,0.8339075671319862,-0.03831987712858531,-0.15947516490441416,0.012497782293293706,-0.029045698715783885,0.0,,3.0,0.7523592709039918,-0.07896385644382739,-0.10918447419373443,-0.04874323869392025
2026-06-09 17:30:00+00:00,-1.299044436270585,-0.5029591680664445,-1.192698277328872,0.0,0.0,0.0446462903939306,2.4814100813148214,4.21595899311927,1.9977815765054816,20.793068793871075,0.1582089552238806,3.0,30.0,-0.007347644310548365,0.0,336.0,0.0,0.14527936052649496,0.5301265345927711,0.0004564138367799883,0.01042357207014733,0.9819239385100046,-0.02939771178401962,-0.15498672068468,0.01264214314118774,-0.03511381196982821,0.0,,3.0,0.7282004719709839,-0.07827261989020774,-0.11035830864641007,-0.04618693113400543
2026-06-09 18:30:00+00:00,-1.3197738080637682,-0.5141493480501872,-1.2038884573126145,0.0,0.0,0.04136969523891162,2.305513931004794,4.406305068806595,2.5053899565538478,18.57860657568999,0.15223880597014924,3.0,30.0,-0.007347644310548365,0.0,336.0,0.0,0.011214290612419325,0.7331324002804427,0.0004255666756473243,0.006999333653272696,0.6266380371551808,-0.02251311450412974,-0.15822067536117146,0.012587810552820466,-0.044711312156054284,0.0,,3.0,0.7428902573632911,-0.08041698584191911,-0.11211565114305094,-0.048718320540787306
2026-06-09 19:30:00+00:00,-1.294779931878281,-0.6336304263775641,-1.3233695356399915,0.0,0.0,0.03858417395180476,2.18959303799863,4.455141574769924,2.555508185399729,17.76634984506388,0.15223880597014924,3.0,30.0,-0.007347644310548365,0.0,336.0,0.0,0.05268770850445572,0.6699237650652011,0.0004651547814246791,0.008374612016696125,0.7791505833409362,-0.014264415745913084,-0.1462455196780308,0.012765804728176317,-0.05130060535579606,0.0,,3.0,0.7093317839452769,-0.07787269498559635,-0.10726121945021061,-0.04848417052098209
2026-06-10 13:30:00+00:00,-1.3513100756101952,-0.17395606920978707,-0.8636951784722144,0.0,0.0,0.03731119931066088,2.056087300076681,4.5242740511419095,2.601081937703858,16.799042025865237,0.15223880597014924,3.0,30.0,-0.007347644310548365,0.0,336.0,0.0,0.9646909935544574,5.47597514775472e-10,0.0010326403581232843,0.03452153624414249,0.1527379862892332,-0.04826455452694667,-0.15503079946915843,0.013323745915027349,-0.11348344594863757,0.0,,3.0,0.7017149582543706,-0.08040531195613054,-0.1165529858582601,-0.04425763805400125
2026-06-10 14:30:00+00:00,-1.3378742985888494,0.16991065849120532,-0.5198284507712221,0.0,0.0,0.03630908799123859,1.9045421566866836,4.612524453218916,2.7001719327081783,15.710780886944866,0.15223880597014924,3.0,30.0,-0.007347644310548365,0.0,336.0,0.0,0.9265895554169395,2.2516175604687888e-12,0.001020712021169591,0.03358837050224237,0.2623726844610872,-0.061526797928546983,-0.20130700083648456,0.014341585998131052,-0.07675845820742122,0.0,,3.0,0.7212547440972228,-0.08016611424147779,-0.11358472358815994,-0.04674750489479567
2026-06-10 15:30:00+00:00,-1.3539693921282585,0.09415391294620777,-0.5955851963162196,0.0,0.0,0.03554947540198646,1.7355843753780809,4.718357295751203,2.818758782424708,14.489843197694576,0.15223880597014924,3.0,30.0,-0.007347644310548365,0.0,336.0,0.0,0.033949847912281825,0.07098043662989524,0.0007113799720099175,0.011322449672162754,0.40183788265087406,-0.049545122035004496,-0.20081357297630387,0.014342768399498582,-0.05252240869968272,0.0,,3.0,0.7218730267143328,-0.08359858121332682,-0.13003872568583708,-0.03715843674081659
2026-06-10 16:30:00+00:00,-1.3201977283193753,0.012564153845677948,-0.6771749554167494,0.0,0.0,0.034855429892991646,1.5516288618146947,4.83856809214716,2.9404077974424134,13.602619683618862,0.6895522388059702,3.0,30.0,-0.007347644310548365,0.0,336.0,0.0,0.0029741795714280624,0.6802418091500991,0.00044524827266237996,0.007098358925744429,0.6435593717729738,-0.0582125290178368,-0.19666759283764979,0.01438099849744074,-0.053735104431866354,0.0,,3.0,0.7314922442526766,-0.091662856996512,-0.14815702554897975,-0.03516868844404425
2026-06-10 17:30:00+00:00,-1.3833030641595174,-0.16211427231218878,-0.8518533815746162,0.0,0.0,0.034002521086984885,1.4126387454144045,4.975711471791566,3.0602683941187934,13.156966955463703,0.6835820895522388,3.0,30.0,-0.007177049240184539,0.0,336.0,0.0,0.038355062630937575,0.7125182650138818,0.00044273993770504956,0.0077813071021717774,0.7128134016540182,-0.06285773794280836,-0.19330855494426924,0.014454619379964418,-0.05869655484962255,0.0,,3.0,0.7208443559243763,-0.08965213576325835,-0.15807084283350922,-0.02123342869300751
2026-06-10 18:30:00+00:00,-1.2870057399952772,0.20128826247252288,-0.4884508467899046,0.0,0.0,0.03331480560683818,1.2729920264481664,5.13132457138207,3.159770799842439,12.580131447044318,0.6835820895522388,3.0,30.0,-0.007177049240184539,0.0,336.0,0.0,0.4256920904267275,0.008175500961093771,0.0008604560882109689,0.021274080931998715,0.7249422903734577,-0.08414172843857326,-0.21366147231615962,0.014626665610498173,-0.029047676194581484,0.0,,3.0,0.6751599194837109,-0.09520268360945444,-0.169375839132273,-0.02102952808663587
2026-06-10 19:30:00+00:00,-1.233772495945981,0.21337136287836414,-0.4763677463840633,0.0,0.0,0.03298411818848215,1.1271348203122755,5.287444878577382,3.207734951957668,12.060099650768068,0.6776119402985075,3.0,30.0,-0.007177049240184539,0.0,336.0,0.0,0.017234735018569904,0.31952402883444625,0.0006015365996514203,0.009499366699336445,0.7068773468644569,-0.09879736053618249,-0.2098194001469773,0.014607473897773953,-0.021968788017855623,0.0,,3.0,0.7171066355451255,-0.09753270835937194,-0.16832936992351427,-0.02673604679522963
2026-06-11 13:30:00+00:00,-1.400282592207106,-0.269089091905139,-0.9588282011675664,0.0,0.0,0.032949245991963624,0.9811459810641125,5.43637907385274,3.198465931737427,11.274097137983933,0.6776119402985075,3.0,30.0,-0.007177049240184539,0.0,336.0,0.0,0.22107092203262457,0.00130800063294829,0.0007992862558796984,0.01630164008244804,0.537924321160002,-0.038796535726665304,-0.1782406498545086,0.015405337155929903,-0.06988191595875115,0.0,,3.0,0.6785271081612836,-0.09659612105691086,-0.16955795892677078,-0.023634283187050964
2026-06-11 14:30:00+00:00,-1.4311589680278074,-0.23800517482381817,-0.9277442840862455,0.0,0.0,0.03295990388122776,0.9923633089481622,5.562219318067804,3.1307200284053476,12.679335858040542,0.844776119402985,3.0,30.0,-0.007177049240184539,0.0,336.0,0.0,0.005047146675734993,0.5823555225224755,0.00048709696361072703,0.007705901282264902,0.7068240599663579,0.00014898542487618016,-0.18426831528099363,0.01530645419779591,-0.06301052238857707,0.0,,3.0,0.7693189414515189,-0.0929225317599468,-0.16160518971272503,-0.02423987380716862
2026-06-11 15:30:00+00:00,-1.410338808810879,-0.2731163321654628,-0.9628554414278903,0.0,0.0,0.03333123694090664,1.134650197511191,5.657074445884496,3.0243986106839347,14.779071558219098,0.844776119402985,3.0,30.0,-0.007177049240184539,0.0,336.0,0.0,0.017773988072869475,0.8040984280699429,0.00039775115949045134,0.006756340206661111,0.5542655285406767,0.005297186519380936,-0.17583052815840006,0.015334708059715343,-0.05979252729749174,0.0,,3.0,0.7749252816321462,-0.0912477190419081,-0.15853558287361078,-0.023959855210205494
2026-06-11 16:30:00+00:00,-1.4710450562094386,-0.4705723142731371,-1.1603114235355645,0.0,0.0,0.03444029134349733,1.2566089978672355,5.7182777837002075,2.487388876199775,16.719590973132192,0.844776119402985,3.0,30.0,-0.007177049240184539,0.0,336.0,0.0,0.168797152352586,0.3274683321971745,0.0006456422207645606,0.01316618825884023,1.0112874152094906,0.017337593034058685,-0.1584855694602174,0.01563259240053551,-0.07296727880770248,0.0,,3.0,0.7105013114351316,-0.08172672288659648,-0.1321406910524758,-0.03131275472071715
2026-06-11 17:30:00+00:00,-1.4977772405701981,-0.4001082391482483,-1.0898473484106757,0.0,0.0,0.035528583772168686,1.3580912839365746,5.751835239965883,2.4148832167911123,18.5518109982335,0.844776119402985,3.0,30.0,-0.007177049240184539,0.0,336.0,0.0,0.0196795894364563,0.6127472331303041,0.0004788862352577426,0.007891406983627409,0.7453094438095261,0.005920702875112482,-0.16154438966189133,0.015623745838084272,-0.06887695426259288,0.0,,3.0,0.7552390119093323,-0.08473968148211088,-0.1381830321947437,-0.03129633076947813
2026-06-11 18:30:00+00:00,-1.4871854898501513,-0.5204912572535559,-1.2102303665159835,0.0,0.0,0.037145588582032915,1.4367680947401438,5.766062141933666,2.369677951288489,20.18178802785903,0.844776119402985,3.0,35.0,-0.008313721528620827,0.0,336.0,0.0,0.04667922945317336,0.6101398483858232,0.0004884363873787905,0.008567502432965345,0.8115276008630455,0.034466955904401075,-0.138048802804688,0.01566389816686519,-0.07978665478862279,0.0,,3.0,0.7313981361307118,-0.0810601831489666,-0.12706420390033865,-0.03505616239759456
2026-06-11 19:30:00+00:00,-1.5195260927952892,-0.6285338954583312,-1.3182730047207585,0.0,0.0,0.0392689204007308,1.494328220160389,5.757844425911039,2.350325142489194,21.681392373088855,0.844776119402985,3.0,35.0,-0.008313721528620827,0.0,336.0,0.0,0.060179413842762416,0.5218656584039064,0.0005298169032798345,0.009400242693458054,0.873138713550637,0.05061829917016247,-0.1231402092055296,0.015825902707167352,-0.09266093340007941,0.0,,3.0,0.7056143488939751,-0.08164641756491778,-0.12864496856122168,-0.034647866568613836
2026-06-12 13:30:00+00:00,-1.4901120997509223,-0.6393293852618139,-1.3290684945242415,0.0,0.0,0.0400709019117225,1.5341053637673392,5.7320464610834,2.355610107423458,23.030316206199934,0.844776119402985,3.0,35.0,-0.008313721528620827,0.0,336.0,0.0,0.017700188125403728,0.7693294734762516,0.00041236208553583904,0.006952296709973999,0.6025320280791886,0.028857745674574886,-0.07190314656809349,0.013630551939196458,-0.09961885772744239,0.0,,3.0,0.7111071839770989,-0.08278387558521562,-0.1306971110416785,-0.03487064012875277
2026-06-12 14:30:00+00:00,-1.4955618000733109,-0.5976327391280719,-1.2873718483904995,0.0,0.0,0.04000549606550603,1.5628536813605562,5.695875745851385,2.3890737143186174,24.29737935888011,0.844776119402985,3.0,35.0,-0.008313721528620827,0.0,336.0,0.0,0.03911404394595705,0.7633237946995275,0.0004215938281412415,0.007510916602138114,0.653319396781677,0.022969172345631783,-0.06671962474899207,0.013561842536759064,-0.08067969289544408,0.0,,3.0,0.7070204329969134,-0.0800209459406701,-0.12098695085552472,-0.03905494102581548
2026-06-12 15:30:00+00:00,-1.5033407613761465,-0.6178052855661681,-1.3075443948285956,0.0,0.0,0.03934424342266963,1.584269614127437,5.653261657884835,2.4468561047873254,25.598385178783314,0.844776119402985,3.0,35.0,-0.008313721528620827,0.0,336.0,0.0,0.023881383786312403,0.8314866500423874,0.00038813566171220034,0.006750137425084576,0.5222863383551654,0.022150319349408143,-0.05645470227630156,0.013486548686394336,-0.08044304413923165,0.0,,3.0,0.6952685895319262,-0.08333051459094673,-0.12525048006829498,-0.04141054911359852
2026-06-12 16:30:00+00:00,-1.5317701321803148,-0.6543294093882195,-1.344068518650647,0.0,0.0,0.03883263114193231,1.5830773229878559,5.637602749864597,2.5130027723891284,27.125405095140973,0.844776119402985,3.0,35.0,-0.008313721528620827,0.0,336.0,0.0,0.02755308707549753,0.839224100821379,0.00038602851063925415,0.006796053154922845,0.5145994160418907,0.01182923726799423,-0.05390678194076859,0.013502760200369217,-0.0717654527250442,0.0,,3.0,0.686548440634493,-0.07979997946749286,-0.12454997949697211,-0.035049979438013676
2026-06-12 17:30:00+00:00,-1.5475286469569496,-0.7110656778795982,-1.4008047871420257,0.0,0.0,0.038205104975132284,1.5893150993268945,5.58878907300497,2.578673963148837,28.685202160859884,0.844776119402985,3.0,35.0,-0.008313721528620827,0.0,336.0,0.0,0.03842643063187187,0.7917888734939701,0.0004093977890200064,0.007332167972200076,0.6111498572380631,0.02182322309786766,-0.04115987153802081,0.013514253630671663,-0.09434316137517751,0.0,,3.0,0.6537895715883494,-0.053269028468816954,-0.10126039781643192,-0.005277659121201997
2026-06-12 18:30:00+00:00,-1.3137792774141699,-0.6335760014014893,-1.3233151106639167,0.0,0.0,0.03683139848289407,1.5960348538207165,5.535910774409654,2.6369797840099976,30.26215963258891,0.844776119402985,3.0,35.0,-0.008313721528620827,0.0,336.0,0.0,0.07393485973363635,0.6262849549024784,0.0004901738782927044,0.009143204314224404,0.8467854316628981,0.004963460378117901,-0.04303890595179283,0.013540158105615263,-0.09558687946700939,0.0,,3.0,0.5438718562474923,-0.009349120507178996,-0.05115950475369901,0.032461263739341044
2026-06-12 19:30:00+00:00,-1.3467519336951432,-0.6672531555629118,-1.3569922648253392,0.0,0.0,0.03587860510173957,1.6076604901151546,5.48642785104049,2.688892541186601,31.775123223005725,0.844776119402985,3.0,45.0,-0.007771904187409086,0.0,336.0,0.0,0.021288999308283284,0.7868734300695838,0.0004061014880774151,0.006940403389502948,0.5873016104353213,-0.0031215439897760433,-0.04450873143141898,0.013529168230653562,-0.10767357900973273,0.0,,3.0,0.6130927522427111,-0.007360732066308492,-0.04916353579998321,0.03444207166736618
2026-06-15 13:30:00+00:00,-1.078287902625984,0.2060190297707896,-0.48372007949163787,0.0,0.0,0.036019930261729394,1.6135215907197966,5.433512718237108,2.6695079191548077,33.516209488296774,0.844776119402985,3.0,45.0,-0.007771904187409086,0.0,336.0,0.0,0.9999999999999999,1.6283681932523932e-76,0.0010436944748143295,0.035386310830991106,5.261350593820409e-15,-0.10354465589654716,-0.16868919364342627,0.02075450083442119,-0.03654308806730011,0.0,,3.0,0.7442753946676314,-0.004465401571840144,-0.03745863824965549,0.028527835105975202
2026-06-15 14:30:00+00:00,-1.084028650315095,0.11871715969905967,-0.5710219495633677,0.0,0.0,0.03649572153453462,1.6157352697728211,5.378226200748441,2.611866004861955,35.2127052162894,0.844776119402985,3.0,45.0,-0.007771904187409086,0.0,336.0,0.0,0.035023869970653286,0.01509811893455165,0.000735236723666384,0.011666609887601419,0.22954395750156498,-0.09987661597792918,-0.1699945990808125,0.020747760540329972,-0.03304603821017249,0.0,,3.0,0.7446716786350254,-0.005067508510473023,-0.03859555785407684,0.0284605408331308
2026-06-15 15:30:00+00:00,-1.254340776038118,-0.22454136178676862,-0.9142804710491961,0.0,0.0,0.036549478099294555,1.609672636024172,5.316364615917057,2.509038495540337,36.78658682660909,0.844776119402985,3.0,45.0,-0.007771904187409086,0.0,336.0,0.0,0.014669790933847175,0.0078065069688648394,0.0007319335077123659,0.011209579929826416,0.12204053368979315,-0.0799699145684718,-0.14764224020808303,0.021164006647871384,-0.058439192138084906,0.0,,3.0,0.7561014751415306,-0.004565635777132433,-0.04353533399054654,0.034404062436281656
2026-06-15 16:30:00+00:00,-1.2048921811918047,-0.21630824564570592,-0.9060473549081334,0.0,0.0,0.03673515709865396,1.5904436972543923,5.2383297851515325,2.3713898323130276,38.26196571966996,0.844776119402985,3.0,45.0,-0.007771904187409086,0.0,336.0,0.0,0.0005555166979312791,0.6742590091842147,0.0004470091891694229,0.007073151817611708,0.6352172418657858,-0.08290193473391927,-0.15026751057828847,0.0211448326582938,-0.06096971138621132,0.0,,3.0,0.7935137748492834,-0.0061480873753090234,-0.03946012369516838,0.02716394894455032
2026-06-15 17:30:00+00:00,-1.1909415417552172,-0.2600305081122669,-0.9497696173746943,0.0,0.0,0.03689342310151928,1.6909578937780314,5.2425167407977,2.3655867402037196,39.46042065127036,0.844776119402985,3.0,45.0,-0.007771904187409086,0.0,336.0,0.0,0.02102119797075376,0.8195296561598868,0.00039227285153942343,0.006748097607608743,0.5370486661165262,-0.0864404808226027,-0.15095200457645053,0.021138608454426167,-0.06571471024962694,0.0,,3.0,0.7888748165676212,-0.006947351414275944,-0.04050888530497776,0.026614182476425857
2026-06-15 18:30:00+00:00,-1.2568068366271157,-0.39275792651721053,-1.082497035779638,0.0,0.0,0.03691774714888571,1.7227258775241545,5.205876818007575,2.2656360611957522,40.70116519071702,0.844776119402985,3.0,45.0,-0.007771904187409086,0.0,336.0,0.0,0.0819123442757543,0.6089104845833272,0.000499984175963987,0.009437410864889967,0.8699488650162963,-0.06847809247710046,-0.13570251913728448,0.021264475281772874,-0.08295792622006282,0.0,,3.0,0.7161201935300273,-0.006889384975523334,-0.04192418504536249,0.028145415094315902
2026-06-15 19:30:00+00:00,-1.3903854604828407,-0.40144079861068405,-1.0911799078731115,0.0,0.0,0.03688933423378457,1.7394116772550736,5.159618603410739,2.1483331607205134,41.88963828594492,0.844776119402985,3.0,45.0,-0.007771904187409086,0.0,336.0,0.0,0.020599602965367104,0.7839593754284702,0.0004071121671590283,0.006940093949227309,0.5898486307188567,-0.06946554319824205,-0.1350305642999512,0.021268191981800896,-0.07810267563227757,0.0,,3.0,0.7357432203357481,-0.006819586710308148,-0.04389161640890558,0.030252442988289267
2026-06-16 13:30:00+00:00,-1.1840416072103142,-0.139644447005157,-0.8293835562675844,0.0,0.0,0.037139300365599495,1.7416390569282316,5.10838603422793,2.050151747063272,42.940507494750086,0.844776119402985,3.0,50.0,-0.0064522143075964045,1.0,176.0,1.1902348552671451,0.6784927153804575,0.00028393508549594287,0.0009429213582736139,0.02751046326290319,0.6302808398330527,0.0048049942632211184,-0.15694300621236312,0.021558603633805982,-0.0864812882426671,0.0,,3.0,0.6550591035450432,0.010876666555967213,-0.008982530445800108,0.03073586355773451
2026-06-16 14:30:00+00:00,-1.1621746650034022,-0.2568375035581706,-0.946576612820598,0.0,0.0,0.03726054613784422,1.7376370690131493,5.057452055097451,1.9752702428943747,43.725928427781795,0.844776119402985,3.0,50.0,-0.0064522143075964045,1.0,176.0,1.1902348552671451,0.026625781781247068,0.17875289355260865,0.000663726304724343,0.010530067405020155,0.5869848990869867,0.013896921243720328,-0.12438833489224788,0.021334731513865394,-0.0802845189601129,0.0,,3.0,0.6646488204667144,0.008498047489889343,-0.01074636068976521,0.027742455669543885
2026-06-16 15:30:00+00:00,-1.1116297859884856,-0.3154430516431769,-1.0051821609056044,0.0,0.0,0.03719357143855014,1.7343437615224735,5.00503201121449,1.921196279647688,43.79779461476964,0.844776119402985,3.0,50.0,-0.0064522143075964045,1.0,176.0,1.1902348552671451,0.007425902697242463,0.6636973820988271,0.00045360540771647456,0.0073014926436279475,0.674211060946023,-0.00197293207842808,-0.1040404628131153,0.021253964279720247,-0.09133669044281767,0.0,,3.0,0.6901986695099219,0.010390774975023689,-0.007343225252694992,0.028124775202742452
2026-06-16 16:30:00+00:00,-1.0053142629158704,-0.3237313559924864,-1.0134704652549138,0.0,0.0,0.037237083578277264,1.7345783829488604,4.950874857101903,1.8653447736979065,43.88884219826435,0.8388059701492537,3.0,50.0,-0.0064522143075964045,1.0,176.0,1.1902348552671451,0.020203072575324995,0.8207955735567901,0.0003914839062113388,0.006720859924086361,0.5333009342258593,-0.001894581341777446,-0.1138422147914806,0.02114822175056347,-0.08850658770494668,0.0,,3.0,0.7084475184292908,0.009027441071394304,-0.008026105424484939,0.02608098756727352
2026-06-16 17:30:00+00:00,-1.0050009479333855,-0.3306838012762461,-1.0204229105386735,0.0,0.0,0.037229873417541734,1.740232979861537,4.895657126320242,1.7943838030212038,44.01070529873767,0.8388059701492537,3.0,50.0,-0.0064522143075964045,1.0,176.0,1.1902348552671451,0.025166425627389133,0.8486277253209434,0.00038132339819299364,0.006684112641085236,0.4931842064887101,-0.004259696537857849,-0.12581398933028876,0.020998923740408907,-0.08716947119849117,0.0,,3.0,0.7083018865022213,0.008817750356612381,-0.007239403634290813,0.024874904347515568
2026-06-16 18:30:00+00:00,-0.9664421462968932,-0.31189445834032464,-1.0016335676027521,0.0,0.0,0.037253408640055184,1.7462852056086213,4.840452784384795,1.7055635443225534,44.18316503558817,0.8328358208955224,3.0,50.0,-0.0064522143075964045,1.0,182.0,1.1761519934191644,0.02935039522652973,0.8390722427356304,0.0003866551062220752,0.00684093589457542,0.5176436943536606,-0.01627202268964023,-0.12946142732279498,0.020983910676270163,-0.09034552025899956,0.0,,3.0,0.7117068850886276,0.001207644230952945,-0.014796353749365908,0.017211642211271666
2026-06-16 19:30:00+00:00,-0.9103463200952067,-0.28643594653330373,-0.9761750557957312,0.0,0.0,0.03729924973127577,1.7474033872402241,4.785636854405285,1.608775225132739,44.35711047252076,0.8328358208955224,3.0,50.0,-0.0064522143075964045,1.0,182.0,1.1761519934191644,0.03162278357617491,0.8249805695092515,0.0003932976131314219,0.006976743050046495,0.5464401910014687,-0.02007384621206132,-0.14083999476609943,0.020884529073750668,-0.0747688325254039,0.0,,3.0,0.7149639531363764,-0.00099364579930822,-0.017425377617499717,0.015438086018883272
2026-06-17 13:30:00+00:00,-0.8859850262014755,-0.23790852734334003,-0.9276476366057674,0.0,0.0,0.037198303070102655,1.7412566520211017,4.730960572874101,1.5080416024371521,44.56809985358268,0.826865671641791,3.0,50.0,-0.0064522143075964045,1.0,182.0,1.1761519934191644,0.04303312643242085,0.7702505714440728,0.00041990533106597003,0.0075675021192051235,0.6497794609878953,-0.0008791960941163524,-0.10955764777953281,0.020092108722995154,-0.13195624202560996,0.0,,3.0,0.6976591108628901,-0.005187758803824565,-0.03139030748237605,0.021014789874726908
2026-06-17 14:30:00+00:00,-0.9700619492453041,-0.39389513977401974,-1.0836342490364472,0.0,0.0,0.03596172027978697,1.7328602218504094,4.676539747905864,1.418641020106161,44.716236649789444,0.826865671641791,3.0,60.0,-0.006652698951370838,1.0,182.0,1.1761519934191644,0.17378189051629567,0.2667242506910982,0.000672769577364198,0.013633781683192006,0.9815079066461473,0.0053000018387647785,-0.057561535124936114,0.019301116372406644,-0.1494019130830666,0.0,,3.0,0.5822572379141214,0.0035570723035319787,-0.01603317825343017,0.02314732286049415
2026-06-17 15:30:00+00:00,-0.9681157820854963,-0.3962338570111586,-1.085972966273586,0.0,0.0,0.03474691473442773,1.7238165076142982,4.622729659963713,1.3329168257967043,44.89742059305984,0.8208955223880597,3.0,60.0,-0.006652698951370838,1.0,182.0,1.1761519934191644,0.012604536114474854,0.670099198747967,0.00045253218794867047,0.007391912542257359,0.6876194541826659,0.0014998025076682353,-0.052995538270442566,0.019297867047011,-0.14051940356355708,0.0,,3.0,0.6235031301349621,0.0047617166210338555,-0.020279474012408125,0.029802907254476006
2026-06-17 16:30:00+00:00,-1.0381349093577001,-0.5115971994209529,-1.2013363086833804,0.0,0.0,0.0338133502132643,1.7157470969173847,4.568408748103318,1.2499393638520495,44.99913040146578,0.8208955223880597,3.0,60.0,-0.006652698951370838,1.0,186.0,1.1883724073898307,0.09443122429522502,0.42720997578166,0.0005803800165571349,0.010777521379471496,0.9389190789068693,0.013031063350652516,-0.042598622422991284,0.019415739962983673,-0.15018107342452502,0.0,,3.0,0.5459325868464692,0.003304645035523024,-0.024421032400431555,0.031030322471477606
2026-06-17 17:30:00+00:00,-0.9324089792362652,-0.34980722459331265,-1.03954633385574,0.0,0.0,0.03330222812220266,1.7123196014939732,4.51368221860817,1.1752448264269866,45.188152538810584,0.8149253731343283,3.0,60.0,-0.006652698951370838,1.0,186.0,1.1883724073898307,0.1694559427503402,0.03341950701214974,0.0007696117352672673,0.014854857335903061,0.5951353365810241,-0.0036429840147169656,-0.06659923540219737,0.019545752123971662,-0.14067477489630242,0.0,,3.0,0.6042384301901462,0.002058976904839291,-0.022531297474052157,0.02664925128373073
2026-06-17 18:30:00+00:00,-0.9404519474157451,-0.2787595491746244,-0.9684986584370519,0.0,0.0,0.032343646288392265,1.7097917760302341,4.458391588836462,1.1077525380522988,45.29276669960212,0.8149253731343283,3.0,60.0,-0.006652698951370838,1.0,186.0,1.1883724073898307,0.01363780589135288,0.281494943322914,0.0006164167152828306,0.00962757953301781,0.66193196970037,-0.010836764300268698,-0.05615646318449041,0.019337305523904755,-0.1294879936899429,0.0,,3.0,0.6357110931724773,0.000792337139484206,-0.022025875535799735,0.023610549814768126
2026-06-17 19:30:00+00:00,-0.8593834801830632,-0.18940687751579796,-0.8791459867782254,0.0,0.0,0.03152582843984086,1.710020515392775,4.406548345827518,1.0816215721862148,45.48668807536118,0.808955223880597,3.0,60.0,-0.006652698951370838,1.0,186.0,1.1883724073898307,0.035983513950862495,0.3418038140420402,0.0005980288214931517,0.009831828325067987,0.7817901707503014,-0.018134189599429362,-0.060176823829346304,0.019379815255944403,-0.114307268404084,0.0,,3.0,0.6435096716900927,-0.007987567188792798,-0.03855883636113218,0.022583701983546586
2026-06-18 13:30:00+00:00,-0.6642882323309489,0.07602377308687451,-0.613715336175553,0.0,0.0,0.03255784641431998,1.7130922987676247,4.357111497420473,1.0883990149527003,45.50718044899378,0.808955223880597,3.0,60.0,-0.006652698951370838,1.0,186.0,1.1883724073898307,0.5114631816732698,1.9365694575780455e-05,0.0008907411286628945,0.02342114512509792,0.6930999980050676,-0.04046888623640488,-0.11122999828927238,0.01937525757484135,-0.11736676128026247,0.0,,3.0,0.6763214321133771,-0.02954807575616221,-0.05355382257549217,-0.005542328936832222
2026-06-18 14:30:00+00:00,-0.688338823969694,0.025656891872221758,-0.6640822173902057,0.0,0.0,0.03344534013200378,1.717045394820792,4.30873679013478,1.117629362124787,45.71234262007882,0.8029850746268656,3.0,60.0,-0.006652698951370838,1.0,192.0,1.1658142266423366,0.013449754144727488,0.41488401780512635,0.0005602152346628561,0.00886426380916055,0.7426247838780127,-0.0522429612926576,-0.10995348184246989,0.019383337261733927,-0.125874430538373,0.0,,3.0,0.7163380966887268,-0.03211835003285778,-0.06640972189029666,0.00217302182458122
2026-06-18 15:30:00+00:00,-0.6419789658117184,0.07557940433231015,-0.6141597049301173,0.0,0.0,0.03441811272520299,1.7203268403804939,4.260194492005307,1.1608937850979182,45.711613674949724,0.8029850746268656,3.0,65.0,-0.005754829761467964,1.0,192.0,1.1658142266423366,0.02087176783408142,0.6729163820410482,0.00045393465839707034,0.007578366406487893,0.7097205512601199,-0.05796606256732506,-0.11625878735714856,0.01937474561319209,-0.12303122300730118,0.0,,3.0,0.7370925149534874,-0.03433931880780021,-0.0690853094013466,0.0004066717857461183
2026-06-18 16:30:00+00:00,-0.6483686434520953,0.08737447481599071,-0.6023646344464367,0.0,0.0,0.035142909621728155,1.7231705207638912,4.212172691983721,1.2206070780241645,45.96558400881478,0.7970149253731343,3.0,65.0,-0.005754829761467964,1.0,192.0,1.1658142266423366,0.024143658136509052,0.7975927036244329,0.000402483516491407,0.006949347930193773,0.577700055170624,-0.0721061933950864,-0.13204240885213636,0.019167746902990182,-0.13302858747731605,0.0,,3.0,0.7467635036268709,-0.03575323728370282,-0.06965420525617488,-0.0018522693112307947
2026-06-18 17:30:00+00:00,-0.6295474007244256,0.10082621477978454,-0.588912894482643,0.0,0.0,0.03572652225623117,1.7246910098733539,4.164406391404486,1.2956106601710682,45.92250813696661,0.7970149253731343,3.0,65.0,-0.005754829761467964,1.0,192.0,1.1658142266423366,0.028495234529140163,0.8242701575015352,0.0003926174857893767,0.006904185109713712,0.5427439588776799,-0.057812029697052125,-0.13033196797436197,0.01916784906334118,-0.12940888592101407,0.0,,3.0,0.750334269909206,-0.03624569952165789,-0.06859178800215762,-0.003899611041158234
2026-06-18 18:30:00+00:00,-0.7404982446449949,0.17142781857303374,-0.5183112906893936,0.0,0.0,0.03600371209211494,1.7247367708217114,4.116502166649666,1.381706667514266,46.23335889206779,0.7910447761194029,3.0,65.0,-0.005754829761467964,1.0,192.0,1.1658142266423366,0.0656571846836657,0.6826937497190392,0.0004638403032792155,0.008619620430639987,0.7866002274580628,-0.05584913923015389,-0.14647255831904538,0.019062028556536787,-0.12682495259083026,0.0,,3.0,0.7216073723016948,-0.034665930203662744,-0.06128972620435133,-0.008042134202974185
2026-06-18 19:30:00+00:00,-0.7949652875054292,0.08456788370371916,-0.6051712255587083,0.0,0.0,0.03528505469583642,1.7268413822938502,4.071455068732018,1.4983511147282667,46.12238290964501,0.7910447761194029,3.0,65.0,-0.005754829761467964,1.0,196.0,1.1264506267859042,0.20763951746558798,0.028241260464683785,0.00040209542589270217,0.007483002266493541,0.6327071791623702,-0.03989463982078689,-0.15068976282029567,0.01898589673048818,-0.12601175205184578,0.0,,3.0,0.6898272487343782,-0.034770949093147735,-0.06105494956537168,-0.008486948620923807
2026-06-22 13:30:00+00:00,-0.4899805371332477,0.4563420700551289,-0.23339703920729854,0.0,0.0,0.035230382085875964,1.7318417065502085,4.030298062603932,1.644983848034112,46.43937771409577,0.7850746268656716,3.0,65.0,-0.005754829761467964,1.0,196.0,1.1264506267859042,0.1168642619354503,0.8831356299833778,-0.0003117214222942516,0.03378777871189649,0.3606321684276038,-0.04513320591214587,-0.18522094987599313,0.01957018633423608,-0.087708475782875,0.0,,3.0,0.7187405515114471,-0.04442512162667143,-0.0772503606098961,-0.01159988264344676
2026-06-22 14:30:00+00:00,-0.6332672188182347,0.2709526482333564,-0.418786461029071,0.0,0.0,0.03426382944957646,1.7268351911861775,3.986357159905658,1.8025340068848401,46.257741946728466,0.7850746268656716,3.0,65.0,-0.005754829761467964,1.0,196.0,1.1264506267859042,0.9212927595247284,0.05595323919352955,0.0006581376302626753,0.0128281403984321,0.32293047543643316,-0.033341559506220086,-0.16626421369432176,0.019824471448877074,-0.09849002776375837,0.0,,3.0,0.6808129771642208,-0.04279281237266519,-0.0712789016098681,-0.014306723135462333
2026-06-22 15:30:00+00:00,-0.5413116162707144,0.34048113820298087,-0.34925797105944656,0.0,0.0,0.032968658177180435,1.7148126786665372,3.941817976267634,1.9710774289794761,46.66839700141001,0.7791044776119403,3.0,65.0,-0.005754829761467964,1.0,196.0,1.1264506267859042,0.46075680677713415,0.003438864867749337,0.0005203916675728287,0.008290163396712166,0.7108753790286925,-0.034870430383160844,-0.17327953708971755,0.019810488959598627,-0.08551754763675712,0.0,,3.0,0.6661554590412869,-0.04579337086991585,-0.07644097693145141,-0.015145764808380282
2026-06-22 16:30:00+00:00,-0.578274898863026,0.2837629802018427,-0.4059761290605847,0.0,0.0,0.03079928288014294,1.7025655863015952,3.89603335584466,2.157766128787054,46.46327562776269,0.7791044776119403,3.0,75.0,-0.00623514932982234,1.0,196.0,1.1264506267859042,0.18170351627366607,0.015280003443437417,0.0004022770915322073,0.006912964420205966,0.549928048476342,-0.029431457660512805,-0.1733031037806434,0.0198102245830408,-0.09274092028560421,0.0,,3.0,0.6688493137025999,-0.047328169242660145,-0.0717988497829774,-0.02285748870234289
2026-06-22 17:30:00+00:00,-0.5476009608488391,0.2507018563207533,-0.4390372529416741,0.0,0.0,0.027436857490307658,1.6911855388744768,3.8491255603669,2.3451934085341564,46.99749575160028,0.7731343283582089,3.0,75.0,-0.00623514932982234,0.0,336.0,0.0,0.12440674150066555,0.021352610663344773,0.0003751353680366964,0.006744656207022866,0.47600201401604675,-0.025714457486722075,-0.1778696485589517,0.019754803462082464,-0.09227873568642764,0.0,,3.0,0.6560901025713385,-0.05062632648707906,-0.07146348024328025,-0.029789172730877868
2026-06-22 18:30:00+00:00,-0.47194557788218494,0.2945903753546973,-0.39514873390773014,0.0,0.0,0.02405929862634235,1.679097994859897,3.802760798304039,2.5020410246049263,46.85317119263629,0.7671641791044777,3.0,75.0,-0.00623514932982234,0.0,336.0,0.0,0.17443934670800737,0.03946426353043609,0.00038025418503106107,0.007627663669089829,0.621359302913023,-0.02365961672857697,-0.17509563542574025,0.019746320381993736,-0.08279338595084917,0.0,,3.0,0.6233504017673521,-0.05022988360489354,-0.07313077754694139,-0.027328989662845707
2026-06-22 19:30:00+00:00,-0.6756151784972668,0.13363967770039548,-0.556099431562032,0.0,0.0,0.019253938038920088,1.6666609676664426,3.75631157722019,2.6102024140118765,47.34947965319865,0.7671641791044777,3.0,75.0,-0.00623514932982234,0.0,336.0,0.0,0.4816857415225647,0.11965942240204894,0.00043631182758624285,0.012074798218891016,0.9725300231426124,-0.01674000310518764,-0.16430822193570727,0.019933385456435988,-0.09513021550449396,0.0,,3.0,0.600302205926214,-0.048179753527722136,-0.07264514836016019,-0.02371435869528411
2026-06-23 13:30:00+00:00,-0.04063276515350171,0.7798772405290485,0.09013813126662107,1.0,1.0,0.021642907208775826,1.6526480612433612,3.710299798253274,2.6642521683620317,47.30356039585888,0.7611940298507462,3.0,75.0,-0.00623514932982234,0.0,336.0,0.0,2.0668232755062185e-05,0.9999793317672449,-0.0004499710765020029,0.03672828473465534,0.00024361444126828023,-0.046354149877059214,-0.1280304438565052,0.015283823137913813,-0.012209284274061538,0.0,1.0,3.0,0.674945247209672,-0.05437633473052555,-0.08130154489204452,-0.02745112456900671
2026-06-23 14:30:00+00:00,-0.003829579474606642,0.7929539845440394,0.103214875281612,1.0,2.0,0.023623573042713637,1.6393763931535674,3.6636903357267547,2.6499837940227016,47.73968130182625,0.7611940298507462,3.0,75.0,-0.00623514932982234,0.0,336.0,0.0,0.880233431648676,0.03639866418076954,0.0006576598590104716,0.01195602912510002,0.44001352485665113,-0.06381739228418892,-0.1302049900005815,0.01528066877052343,-0.01354125788546412,0.0,1.0,3.0,0.6196271982021403,-0.051571745611251316,-0.08028348791404323,-0.022860003308459387
2026-06-23 15:30:00+00:00,-0.18013783397369507,0.6339448500148773,-0.055794259247550104,0.0,0.0,0.02457992099170564,1.6264587640095522,3.6166593167448964,2.586411535591514,47.83867537984681,0.755223880597015,3.0,75.0,-0.00623514932982234,1.0,206.0,1.1751296386260575,0.5269251746668178,0.007380666929273829,0.0005430421862249644,0.008828894971561405,0.7297257890867113,-0.04768291061307117,-0.14099253313431692,0.014893993554530428,-0.014170397752340413,0.0,,3.0,0.6271886575824994,-0.052048991513599735,-0.08055849633015708,-0.023539486697042422
2026-06-23 16:30:00+00:00,-0.1323969970716941,0.575392631049046,-0.1143464782133814,0.0,0.0,0.025112750755432966,1.6142112002981042,3.56913649193732,2.4823576544082937,48.20014096365299,0.755223880597015,3.0,75.0,-0.00623514932982234,1.0,206.0,1.1751296386260575,0.18929690796895754,0.012798983747981751,0.0004072043857898745,0.006882576982507278,0.5509963285755128,-0.048643422368925826,-0.13904459141564995,0.014911905022590944,-0.020139796345194583,0.0,,3.0,0.6295410779381445,-0.0526175298628139,-0.08161570836814493,-0.023619351357482894
2026-06-23 17:30:00+00:00,-0.03797650305733922,0.6339039696160782,-0.05583513964634923,0.0,0.0,0.025588478914351048,1.6007297488736418,3.5219740871160767,2.362543242552655,48.44030853834452,0.7492537313432835,3.0,85.0,-0.00663395919745104,1.0,206.0,1.1751296386260575,0.24480670248219982,0.05301399711635091,0.0003969156663935959,0.008494747562590303,0.7484928793658472,-0.05714828771252822,-0.14857745544887724,0.014888696316451372,-0.015554153350981537,0.0,,3.0,0.6236984711842187,-0.053406269045060524,-0.08165825951300104,-0.02515427857712
2026-06-23 18:30:00+00:00,-0.1150005667929199,0.5849728913889166,-0.10476621787351081,0.0,0.0,0.02546495890036499,1.5843136828643023,3.476137293229588,2.267773920354682,48.67987479392578,0.7492537313432835,3.0,85.0,-0.00663395919745104,1.0,206.0,1.1751296386260575,0.15635037050350142,0.020101249892340616,0.0003885734887756491,0.006905578911705841,0.5285454251170063,-0.049979237731212045,-0.15659678067985183,0.01473215806302359,-0.025116751020759054,0.0,,3.0,0.6283625627418271,-0.05207823791125153,-0.07986184353028081,-0.024294632292222264
2026-06-23 19:30:00+00:00,-0.14495397245814298,0.4993985261056261,-0.19034058315680136,0.0,0.0,0.02497587642952715,1.5682668477419963,3.4296629439376747,2.214252871910504,49.06038349473331,0.7432835820895523,3.0,85.0,-0.00663395919745104,1.0,206.0,1.1751296386260575,0.15101055046285045,0.028521119458054092,0.00037981104992652144,0.0071367838680655125,0.5492782044022428,-0.057672625478109474,-0.1525153042155747,0.014788472622117969,-0.019524932634722436,0.0,,3.0,0.6271509708599514,-0.052698224700255106,-0.08068637057671489,-0.02471007882379516
2026-06-24 13:30:00+00:00,0.3117254724978888,0.8147203670779676,0.12498125781554015,1.0,1.0,0.025610165256493688,1.5503711976051124,3.3834198806372267,2.215398796291181,49.20734631073632,0.7432835820895523,3.0,85.0,-0.00663395919745104,0.0,336.0,0.0,0.15627058825698395,0.8437282581966885,-0.00026509495028305814,0.03279604059144709,0.4334503212870295,-0.025879405491057383,-0.1587148436107837,0.015074592963773925,0.010432239832117052,1.0,1.0,3.0,0.6300333426219961,-0.056525800104159085,-0.08340626735460585,-0.02964533285371249
2026-06-24 14:30:00+00:00,0.3839500221257204,0.8578456461563891,0.1681065368939617,1.0,2.0,0.025969980487492283,1.5298100570605078,3.3381058878809386,2.2795045436038746,49.73403565577825,0.7373134328358208,3.0,85.0,-0.00663395919745104,0.0,336.0,0.0,0.8238626549292356,0.034977255680833375,0.0006368262125651863,0.01155794950841161,0.553277104201203,-0.028715478747963985,-0.1728173899922658,0.014938361922249423,-0.004440893817712066,0.0,1.0,3.0,0.596377298296705,-0.053835673880508944,-0.0809420081225837,-0.026729339638434133
2026-06-24 15:30:00+00:00,0.40687698688061563,0.852069669693096,0.16233056043066862,1.0,3.0,0.025918574477946626,1.509175952280244,3.2923744164796154,2.433239276055347,50.02828829357963,0.7313432835820896,3.0,85.0,-0.00663395919745104,0.0,336.0,0.0,0.28107067827198673,0.005163160370011021,0.0004490187042300382,0.007217886703744016,0.6245927321043316,-0.040477882011069166,-0.179497483066958,0.014862810071871787,-0.0009457015319331852,0.0,1.0,3.0,0.5932953675390868,-0.053058532525490934,-0.08039775142273015,-0.02571931362825169
2026-06-24 16:30:00+00:00,0.5255421909534771,0.9675330843045845,0.2777939750421571,1.0,4.0,0.025891145382514084,1.4884659886841194,3.2463049126204284,2.6884608481292265,50.508251496349686,0.7313432835820896,3.0,85.0,-0.00663395919745104,0.0,336.0,0.0,0.5539890686279874,0.14220347409425613,0.0004465895839135919,0.013236758104682582,0.9665034172428236,-0.05495370744787742,-0.19210371752174993,0.01489350052506802,0.02065836994800252,1.0,1.0,3.0,0.6011451601009781,-0.05473120258259934,-0.08293017033972784,-0.02653223482547087
2026-06-24 17:30:00+00:00,0.4823430704363475,0.9211216567324716,0.23138254747004416,1.0,5.0,0.025499759269337986,1.4689504467327275,3.1996380586078406,3.075123421742699,50.99798917737997,0.7253731343283583,3.0,85.0,-0.00663395919745104,0.0,336.0,0.0,0.26333195706538953,0.011537814370195756,0.00043704883443143567,0.007307069045504858,0.6359172652408062,-0.046546140721763773,-0.19086389963278316,0.014907246100698563,0.02513125837923269,1.0,1.0,3.0,0.5855883251108143,-0.05663976660487369,-0.0852161331152538,-0.028063400094493603
2026-06-24 18:30:00+00:00,0.5941143916254674,0.9425539568486436,0.2528148475862162,1.0,6.0,0.025017054236233925,1.4513018828297812,3.15280260355178,3.6806226624101694,51.40194628710382,0.7253731343283583,3.0,55.0,0.0028560346104898743,0.0,336.0,0.0,0.1916266071460227,0.030319900731323304,0.0003942072736151335,0.007447957507357274,0.6178639288016184,-0.05318609813104125,-0.19351085612125285,0.014898706366896537,0.029003999693065552,1.0,1.0,3.0,0.5829904879238337,-0.05060315141980193,-0.07641506985366932,-0.024791232985934546
2026-06-24 19:30:00+00:00,0.46036047175556916,0.8295290762781282,0.1397899670157008,1.0,7.0,0.024406871239476605,1.4356906800909777,3.1058297772712655,4.4399595447702245,52.06430024018353,0.7194029850746269,3.0,55.0,0.0028560346104898743,0.0,336.0,0.0,0.1968777046555997,0.03427155521093219,0.00039311700067633785,0.007605098901687258,0.6376721520457289,-0.05159912346854867,-0.18404058147206204,0.01502519752402697,0.02174610994985393,1.0,1.0,3.0,0.5821451882553503,-0.04971319820418152,-0.07275919985494098,-0.02666719655342206
2026-06-25 13:30:00+00:00,0.3923353333366733,0.7264065590742547,0.036667449811827235,1.0,8.0,0.023986843825992567,1.4208390780950775,3.0578374449528947,5.274768795626411,52.51756568466292,0.7134328358208956,3.0,55.0,0.0028560346104898743,0.0,336.0,0.0,0.17876957022201725,0.029336654815688215,0.00038997856786018344,0.0073364461022648484,0.596077633623284,-0.015474920414758397,-0.17331056793142574,0.015127522333009638,0.01967952312227972,1.0,1.0,3.0,0.5241001379979066,-0.05037322946163433,-0.07346848844002224,-0.027277970483246445
2026-06-25 14:30:00+00:00,0.3509627553431015,0.6601080760977537,-0.029631033164673748,0.0,0.0,0.023048780871007677,1.40342724255159,3.0104150760982655,6.175570010641834,53.17505685629536,0.7134328358208956,3.0,55.0,0.0028560346104898743,0.0,336.0,0.0,0.13917141834236313,0.023141001845851782,0.0003794683078153356,0.006893436887841587,0.5099682080075993,-0.005957156731605462,-0.18407454856263605,0.014849843771003946,0.0028411366959759654,1.0,,3.0,0.5213650429260978,-0.05032349266793676,-0.07387395671012098,-0.02677302862575256
2026-06-25 15:30:00+00:00,0.2510677088401714,0.5631116391512866,-0.12662747011114084,0.0,0.0,0.02240071195340252,1.3825814493474524,2.9639351318854046,7.073596330056534,53.66771708344087,0.7074626865671642,3.0,55.0,0.0028560346104898743,0.0,336.0,0.0,0.17453540745192425,0.03557060287617074,0.0003833816516833001,0.007505867499318181,0.6096474075841598,0.0026432449873832198,-0.17835404058724302,0.014943300093419458,0.003012331151086567,1.0,,3.0,0.49129768867503676,-0.050537911808987784,-0.07581498337458178,-0.025260840243393742
2026-06-25 16:30:00+00:00,0.2785260545791832,0.5840903551180461,-0.10564875414438135,0.0,0.0,0.02082188137063924,1.3578942736668125,2.9193687180993897,7.875968470715419,54.15864205956396,0.7074626865671642,3.0,55.0,0.0028560346104898743,0.0,336.0,0.0,0.1733130071794674,0.031220185800246048,0.0003863579402499274,0.007361447416249614,0.5940124190421842,0.010856209531199035,-0.1942785713412034,0.01466950794838754,0.00698443479635058,1.0,,3.0,0.47592074920244953,-0.05093614744651928,-0.07548521009940044,-0.02638708479363813
2026-06-25 17:30:00+00:00,0.26574691455432775,0.5450087358874991,-0.14473037337492833,0.0,0.0,0.02067130942824141,1.3284281093608505,2.8777845564017546,8.557684520151113,54.59726472078149,0.7014925373134329,3.0,55.0,0.0028560346104898743,0.0,336.0,0.0,0.13154865719104353,0.021818419242980412,0.00037754814234660955,0.0068040728256398555,0.49124021018162894,0.011415692747864359,-0.17580522287020184,0.014571971524431723,-0.003031450698364857,0.0,,3.0,0.4406903304688919,-0.0497244439583429,-0.07279212749195739,-0.0266567604247284
2026-06-25 18:30:00+00:00,0.30215885128802844,0.4800103838696171,-0.20972872539281034,0.0,0.0,0.02148857567275991,1.2960334938954667,2.8377528316790115,9.064122923713809,54.924354886396145,0.7014925373134329,3.0,55.0,0.0028560346104898743,0.0,336.0,0.0,0.1364362337708489,0.026890896020051475,0.0003754267499658941,0.006994168635245071,0.5182009374783094,0.02037194991140412,-0.16230214190958003,0.01462244142764567,-0.015192146616597846,0.0,,3.0,0.4213866567386347,-0.050295410743612656,-0.07467279402686174,-0.02591802746036361
2026-06-25 19:30:00+00:00,0.27881394664070047,0.4562362483966404,-0.23350286086578703,0.0,0.0,0.02284597125881645,1.2614630171581203,2.796972483398681,9.376150629503082,55.32399270137474,0.6955223880597015,3.0,60.0,0.0020486181699382877,0.0,336.0,0.0,0.12096677942099485,0.022507054614055316,0.00037287900468883467,0.006759380838382853,0.47355145861685644,0.014141533442164178,-0.1517648584304685,0.014603858122896352,-0.017780385314359215,0.0,,3.0,0.4072236622078148,-0.04947755802033441,-0.0769149014087962,-0.022040214631872633
2026-06-26 13:30:00+00:00,0.0711408815527237,0.23621996724495078,-0.4535191420174767,0.0,0.0,0.026174172738419446,1.2251121113383205,2.754715320131411,9.52426055539788,55.60967725576135,0.6955223880597015,3.0,60.0,0.0020486181699382877,0.0,336.0,0.0,0.582723409876991,0.4011312811305926,0.0002522969999755491,0.021556371398308592,0.7477330540502806,0.029145041631754243,-0.10369664006326662,0.014581295983149452,-0.14388972770487074,0.0,,3.0,0.3982091351991308,-0.05047960853080727,-0.07530465723393595,-0.02565455982767861
2026-06-26 14:30:00+00:00,0.13036019033194712,0.26595703238737084,-0.4237820768750566,0.0,0.0,0.028735273370610024,1.1859333886625745,2.712398875337737,9.531329659253888,56.004818618782856,0.6895522388059702,3.0,60.0,0.0020486181699382877,1.0,226.0,1.4729393538258084,0.5448990081643568,0.01403698573956624,0.0005447621640628934,0.009150819121200094,0.7517603498343437,0.021131377594105327,-0.11070020967587313,0.01456419261145848,-0.11826417811089396,0.0,,3.0,0.34747959326726074,-0.04676697128536526,-0.07225836116985815,-0.021275581400872306
2026-06-26 15:30:00+00:00,0.04950996116849339,0.17603258497406463,-0.5137065242883628,0.0,0.0,0.03163208406575529,1.1559838533291042,2.6688658621958226,9.426295099073505,56.290704568236386,0.6895522388059702,3.0,60.0,0.0020486181699382877,1.0,226.0,1.4729393538258084,0.37543184972941146,0.02859028007828635,0.0004671892431166736,0.008545890172916983,0.7778813671635323,0.023664239271345533,-0.09672373874857243,0.014689675652585733,-0.1391657545067888,0.0,,3.0,0.3362157773215389,-0.046656385041129955,-0.07240981610274505,-0.02090295397951484
2026-06-26 16:30:00+00:00,0.0766840071926324,0.19624999463618614,-0.4934891146262413,0.0,0.0,0.03392955976413759,1.130051697167633,2.6240748522312822,9.252014307874203,56.70066130795708,0.6835820895522388,3.0,60.0,0.0020486181699382877,1.0,226.0,1.4729393538258084,0.21030676230733777,0.02263128220382453,0.00040758669332058235,0.007323372293568294,0.6170600390076777,0.023957701571483803,-0.09821467637463321,0.014692083015692053,-0.1423684280274644,0.0,,3.0,0.34933723417126894,-0.04563254574812767,-0.0726577890108167,-0.018607302485438678
2026-06-26 17:30:00+00:00,0.09467848708725878,0.2062913081647219,-0.4834478010977055,0.0,0.0,0.0358261437032101,1.1067220832840832,2.577175517339403,9.034850781800403,57.06079679566129,0.6835820895522388,3.0,60.0,0.0020486181699382877,1.0,226.0,1.4729393538258084,0.15054475875312398,0.02457590438759063,0.00038276053653490917,0.007009844728875631,0.5349380039568439,0.019576294622917878,-0.09841689855023183,0.014692142180153963,-0.13792705932168525,0.0,,3.0,0.3491657859312741,-0.04589994547105017,-0.0725477779563198,-0.019252112985780605
2026-06-26 18:30:00+00:00,0.21809039082998496,0.25810827989132257,-0.43163082937110486,0.0,0.0,0.03711173419058074,1.0865158910809152,2.5280994777926837,8.804841864927344,57.55346414850208,0.6776119402985075,3.0,60.0,0.0020486181699382877,1.0,226.0,1.4729393538258084,0.2593150122807153,0.06127015661101562,0.00039601585162984715,0.008845237273608031,0.7837048388152854,0.007697397198878075,-0.09875560548054807,0.014695610891648388,-0.12578462680629032,0.0,,3.0,0.35479962181996744,-0.045354040945748283,-0.06603372782516913,-0.024674354066327446
2026-06-26 19:30:00+00:00,0.15126830679615266,0.15775998217705547,-0.531979127085372,0.0,0.0,0.038803005022624744,1.090133590062389,2.4758764367748176,8.588408304060442,58.06463080914827,0.6776119402985075,3.0,60.0,0.0020486181699382877,1.0,232.0,1.4154501925874816,0.40922849120356947,0.06601691295430555,0.0004506541027443663,0.00993428402464779,0.8834364795056421,0.017932657391662055,-0.09393756121801955,0.014796367982173859,-0.1290585499116137,0.0,,3.0,0.3450992544198503,-0.0449517197503792,-0.06550482209831324,-0.02439861740244513
2026-06-29 13:30:00+00:00,0.14896768762440465,0.14896768762440465,-0.5407714216380228,0.0,0.0,0.039766144914843926,1.125402876229648,2.4218269201761653,8.470752481302519,58.68377562207632,0.6716417910447762,3.0,110.0,-0.005957261071443529,1.0,232.0,1.4154501925874816,0.19541468985974572,0.01595619626437103,0.00040708224331118887,0.007020178235546756,0.5723326154887265,-0.0032378813848787935,-0.061801315535999546,0.013814405024224836,-0.08253991004949857,0.0,,3.0,0.34529164069386326,-0.05173047529424111,-0.07228309766737281,-0.03117785292110951
2026-06-29 14:30:00+00:00,0.30572216725862755,0.3084089365479403,-0.3813301727144871,0.0,0.0,0.040150563504750325,1.1575907771994436,2.366736079866362,8.179503450783699,59.28819215151855,0.6716417910447762,3.0,110.0,-0.005957261071443529,1.0,232.0,1.4154501925874816,0.5182979990376951,0.477852595944559,0.00016631059461534736,0.02356423594749426,0.714901724376645,-0.01961511468021193,-0.09697376484986497,0.013954284713300095,-0.07448685158858437,0.0,,3.0,0.42635318201187333,-0.05320499269851063,-0.07337911413318329,-0.03303087126383791
2026-06-29 15:30:00+00:00,0.2783076744761687,0.2884722186978124,-0.401266890564615,0.0,0.0,0.04042544865119866,1.1875220741849624,2.311282671847611,7.986549084556686,59.90408470875922,0.6656716417910448,3.0,110.0,-0.005957261071443529,1.0,232.0,1.4154501925874816,0.48243490906169434,0.011784331150314251,0.0005222142827421306,0.008688409043677469,0.7487517684397897,-0.027253185790661938,-0.08910649415607352,0.013947262138986304,-0.08332817664166248,0.0,,3.0,0.4806875009979776,-0.051262827083917994,-0.0712214014712819,-0.0313042526965541
2026-06-29 16:30:00+00:00,0.18582501415474317,0.19394737588385405,-0.4957917333785734,0.0,0.0,0.04099953401218586,1.2157350239826854,2.2559920556232047,7.916927535494684,60.46242639979118,0.6656716417910448,3.0,110.0,-0.005957261071443529,1.0,232.0,1.4154501925874816,0.36823501103641537,0.03464243411840292,0.00045958236092652797,0.008691023341793518,0.7922665846137864,-0.014155541154680318,-0.08293875986880073,0.01405266788303457,-0.09765776625486922,0.0,,3.0,0.4149940929926858,-0.05093277288720876,-0.07124571374408524,-0.03061983203033219
2026-06-29 17:30:00+00:00,0.1313398702644802,0.1313398702644802,-0.5583992389979472,0.0,0.0,0.04172699297142837,1.2433447901966816,2.2608171789197837,7.984313791602778,61.00016965240505,0.6597014925373135,3.0,110.0,-0.005957261071443529,1.0,236.0,1.4083121262009368,0.22171179156630152,0.02327037328949362,0.0004115228305084834,0.00741496222532091,0.6336620170411302,-0.005860728991549546,-0.0785631700550593,0.01410165001711624,-0.10320656937880246,0.0,,3.0,0.4053348629360053,-0.05174412231104219,-0.07168996887564456,-0.03179827574643983
2026-06-29 18:30:00+00:00,0.04443452702251932,0.12649440663349504,-0.5632447026289324,0.0,0.0,0.042283009218464805,1.2726067173311413,2.2930544238549575,8.222597224765892,61.531814379705715,0.6597014925373135,3.0,110.0,-0.005957261071443529,1.0,236.0,1.4083121262009368,0.13887831853776667,0.02117980137941472,0.00038091054330576245,0.006829948474897355,0.5023143885450445,0.0009346525827833574,-0.07416133616918774,0.014089469056980492,-0.09746124535028189,0.0,,3.0,0.41198046018992784,-0.05254003211712527,-0.07239164784013405,-0.03268841639411649
2026-06-29 19:30:00+00:00,0.03842858252654605,0.12127383770464081,-0.5684652715577866,0.0,0.0,0.042906961881602895,1.3052941751413916,2.3253127329407692,8.667056804811885,61.98546569681834,0.6537313432835821,3.0,110.0,-0.005957261071443529,1.0,236.0,1.4083121262009368,0.12127310201664276,0.023137672511659803,0.00037249788228671944,0.006781124885245019,0.4764362455028026,-0.010328080883972302,-0.08752563899680421,0.0138681674290566,-0.09346005159548465,0.0,,3.0,0.4186172819043035,-0.05215477786139856,-0.07198162939747665,-0.032327926325320486
2026-06-30 13:30:00+00:00,-0.04330419813777897,0.08370699594181064,-0.6060321133206168,0.0,0.0,0.04190848706314836,1.3431989879256436,2.3570222682808475,9.398242380739426,62.46499026750291,0.6537313432835821,3.0,110.0,-0.005957261071443529,1.0,236.0,1.4083121262009368,0.12808069085581913,0.02551022057838805,0.00037326720045245643,0.006898384483776626,0.49794751503540446,-0.006227637124595731,-0.021674802783536062,0.00909762737176917,-0.07641293348012823,0.0,,3.0,0.35734905138163436,-0.042836960428159904,-0.06924412869891089,-0.0164297921574089
2026-06-30 14:30:00+00:00,0.027752471574267957,0.17857507089185864,-0.5111640383705688,0.0,0.0,0.040346756034903945,1.3854199795419264,2.3917300970418713,10.397432323367392,62.81085241160471,0.6477611940298508,3.0,115.0,-0.006218667403950454,1.0,236.0,1.4083121262009368,0.5573509225148443,0.22773684851914464,0.0003800193313290627,0.015946601351829688,0.9931895768354415,0.0013248737820825696,-0.03183149878359348,0.009367366230413695,-0.045070929969733164,0.0,,3.0,0.3411658952609452,-0.04980307568928785,-0.07073590191531651,-0.028870249463259213
2026-06-30 15:30:00+00:00,-0.0653136582776093,0.12048490506422525,-0.5692542041982022,0.0,0.0,0.039379465015164795,1.432774832170475,2.4274929643103844,11.620731735304606,63.22322516852818,0.6477611940298508,3.0,115.0,-0.006218667403950454,1.0,242.0,1.3688300879597406,0.4244490379818516,0.016615264153442957,0.0004957894949590934,0.008476748376851842,0.7569617469834735,0.006601277670402972,-0.03482230587259938,0.009286483959943559,-0.052189071117030306,0.0,,3.0,0.33674062759188017,-0.04753847594090027,-0.0683633089144608,-0.026713642967339753
2026-06-30 16:30:00+00:00,-0.032231760494610566,0.11039186008586481,-0.5793472491765627,0.0,0.0,0.03852551700493747,1.4835325116421074,2.4628221841392133,13.07312391274655,63.44600012726858,0.6417910447761194,3.0,115.0,-0.006218667403950454,1.0,242.0,1.3688300879597406,0.1717217305950163,0.015380808509718543,0.0003983082529523175,0.0068535558823081605,0.5351542873948052,-0.0028177256204529044,-0.037113063120327805,0.009275486875612743,-0.05968446762025703,0.0,,3.0,0.3475089970157017,-0.046043101324367425,-0.07074553893287974,-0.021340663715855256
2026-06-30 17:30:00+00:00,-0.015377212266518713,0.1626897504794322,-0.5270493587829952,0.0,0.0,0.03727836135093121,1.5355115390904344,2.4989870226906166,14.766584150407384,63.780537218420086,0.6417910447761194,3.0,115.0,-0.006218667403950454,1.0,242.0,1.3688300879597406,0.2842147721563708,0.06811578741075859,0.00040028388577674875,0.009216532217910297,0.8218768343726038,-0.01674701632973319,-0.03816189867226427,0.009299039938031911,-0.055797592483593395,0.0,,3.0,0.36609821178658747,-0.047297809867614386,-0.06952363283077993,-0.025071986904448933
2026-06-30 18:30:00+00:00,0.1968166483862149,0.2135445685473124,-0.476194540715115,0.0,0.0,0.03615060053726938,1.5874322760609572,2.537301574899655,16.71826371664235,63.89432507655264,0.6358208955223881,3.0,115.0,-0.006218667403950454,1.0,242.0,1.3688300879597406,0.3527070579068092,0.05226833841416229,0.0004395447046542936,0.009147751759390076,0.8307336147971928,-0.02382419639825928,-0.048006294836234975,0.009368250445002438,-0.04400827610665825,0.0,,3.0,0.42416713066718925,-0.049171593649044054,-0.07090036044549086,-0.027442826852597215
2026-06-30 19:30:00+00:00,0.12218183082061788,0.22058536981650168,-0.46915373944592575,0.0,0.0,0.03535762092108181,1.63439950795621,2.5788532782717675,18.879681559651186,64.18072115674234,0.6358208955223881,3.0,115.0,-0.006218667403950454,1.0,242.0,1.3688300879597406,0.191494469774818,0.019470700352991883,0.0004027658108892756,0.0071060812521146115,0.5801702824034216,-0.025384961822048968,-0.055237975340743706,0.00931341283281105,-0.04453026596481857,0.0,,3.0,0.4579571047070564,-0.04867056067626497,-0.07033033955578097,-0.027010781796749074
2026-07-01 13:30:00+00:00,0.8329425007891121,0.9420297734434027,0.25229066418097523,1.0,1.0,0.0377790782988822,1.6729165331742581,2.6276259031577043,21.196191152852844,64.21426814096888,0.6298507462686567,3.0,115.0,-0.006218667403950454,1.0,246.0,1.5435687698317717,1.731766169979285e-69,5.055952988567211e-42,9.718656723929e-05,0.03072507274947257,1.3970114378824266e-40,-0.13442420919539622,-0.1302196064878749,0.019417497817113456,0.02319307981804508,1.0,1.0,3.0,0.5189719414235577,-0.05313424030401633,-0.07260875371609535,-0.03365972689193754
2026-07-01 14:30:00+00:00,0.6886738797540873,0.8244078511905601,0.13466874192813272,1.0,2.0,0.03856346524770951,1.7042794433987083,2.6789038595672756,23.02767968071147,64.48192936201173,0.6298507462686567,3.0,115.0,-0.006218667403950454,1.0,246.0,1.5435687698317717,0.008098392365915141,0.22450158487947938,5.479104734663452e-05,0.025277773742679744,0.5775462394538137,-0.0999739372127646,-0.10308995724839409,0.01982574737799839,0.008015414319042069,1.0,1.0,3.0,0.5305243077043346,-0.052820317202105144,-0.07324961895703645,-0.032391015447173904
2026-07-01 15:30:00+00:00,0.7639399094815061,0.9054561393957574,0.21571703013333,1.0,3.0,0.040169969080328424,1.7166961996910644,2.730687559057686,21.54357575046411,64.45483303514277,0.6238805970149254,3.0,125.0,-0.006344941363250932,1.0,246.0,1.5435687698317717,0.14477479839721166,0.6406621203368359,6.083634041307803e-05,0.012153195115188064,0.8952901471087391,-0.11851384638652984,-0.11285827024806006,0.019890020288312216,0.029406779374705927,1.0,1.0,,,,,
2026-07-01 16:30:00+00:00,0.7907585271062347,0.9511168571219404,0.26137774785951295,1.0,4.0,0.041722249441035426,1.7174537418235452,2.780005321104106,22.042785601837256,64.61636087244953,0.6238805970149254,3.0,125.0,-0.006344941363250932,1.0,246.0,1.5435687698317717,0.6114463088181659,0.3415028190980333,0.0004494714352902707,0.007533239345104917,0.8115102526148714,-0.1253951612523312,-0.10755451692478157,0.01983470987092599,0.03262128436135736,1.0,1.0,,,,,
2026-07-01 17:30:00+00:00,0.7233984722118273,0.9088110180003866,0.21907190873795912,1.0,5.0,0.04319722094849063,1.7138042506587432,2.82428459452863,22.082224982255845,64.47614300899376,0.6179104477611941,3.0,125.0,-0.006344941363250932,1.0,246.0,1.5435687698317717,0.46071217060806696,0.49330222161927173,0.00031213975369066626,0.0077363132748733245,0.8472366163621297,-0.11531931400040252,-0.10693507195090302,0.019838511802654123,0.033298022998880406,1.0,1.0,,,,,
2026-07-01 18:30:00+00:00,0.6506912660379682,0.8345038352756274,0.1447647260132,1.0,6.0,0.044194340824484625,1.708209115173868,2.8600233182582873,21.71303503009879,64.44506177138358,0.6179104477611941,3.0,125.0,-0.006344941363250932,1.0,252.0,1.483009824502042,0.5982532904739636,0.363828283136397,0.00043551765235797483,0.007339798595190024,0.7992854806368997,-0.1028950829908144,-0.09771527969600813,0.019870657795871702,0.03018452509133418,1.0,1.0,,,,,
2026-07-01 19:30:00+00:00,0.4865539581931063,0.733944947377752,0.044205838115324525,1.0,7.0,0.04498602715400686,1.701468178816648,2.886963816918399,21.13994524919159,64.16978507402087,0.6119402985074627,3.0,125.0,-0.006344941363250932,1.0,252.0,1.483009824502042,0.4457809928280556,0.48630816473087035,0.00030324935546506863,0.008271211068959278,0.8933947445710246,-0.09334550720559243,-0.09698435907778746,0.019880698396393583,0.03161707355295995,1.0,1.0,,,,,
2026-07-02 13:30:00+00:00,0.014038705045568,0.270980320585583,-0.4187587886768444,0.0,0.0,0.044782207067829934,1.6952167457905754,2.91041144342572,20.42570119027588,63.933981789469385,0.6119402985074627,3.0,125.0,-0.006344941363250932,1.0,252.0,1.483009824502042,1.0679035343115908e-11,1.5035509154760242e-07,9.718653508029077e-05,0.030725069235932125,2.5127540331936346e-06,0.05811193627049338,-0.05663274980262312,0.02146068481367888,-0.013372701116362684,0.0,,,,,,
2026-07-02 14:30:00+00:00,0.0646231505967623,0.3524379104144996,-0.3373011988479278,0.0,0.0,0.04478575070708326,1.6894682682231175,2.929497766833804,19.91633542287218,63.589264123029906,0.6059701492537314,3.0,125.0,-0.006344941363250932,1.0,252.0,1.483009824502042,0.03396392747051408,0.6656299954866718,-2.1589353027986848e-05,0.014326633697183885,0.7470814976640068,0.02416221184209766,-0.07297058867469097,0.021542443690811534,-0.028561487435989186,0.0,,,,,,
2026-07-02 15:30:00+00:00,0.05505432517388031,0.39859132230187705,-0.2911477869605504,0.0,0.0,0.04490859466997677,1.6847341736421124,2.9626823934107978,19.489668224362106,63.30948324581661,0.6059701492537314,3.0,125.0,-0.006344941363250932,1.0,252.0,1.483009824502042,0.628265711309233,0.32503111339259494,0.0004646955336524341,0.007499677760817427,0.800389944651339,0.028584392074464393,-0.08691712316097888,0.02151828601578043,-0.023936988640857138,0.0,,,,,,
2026-07-02 16:30:00+00:00,0.06279587894819219,0.42709566433499435,-0.2626434449274331,0.0,0.0,0.045029943414649984,1.6808458042428875,3.0026957549420246,19.208862137362512,63.11974052769092,0.6,3.0,135.0,-0.005580698941383744,1.0,256.0,1.6803901216343526,0.35865677261504364,0.5734426585737779,0.00022400127268845394,0.008402734868979581,0.8692856881013459,0.030555120617914877,-0.08785560583806573,0.021521624431622012,-0.008098879270357795,0.0,,,,,,
2026-07-02 17:30:00+00:00,0.03982487217649499,0.41551171551901994,-0.2742273937434075,0.0,0.0,0.045096463602835896,1.6771193993940714,3.0495561416433046,19.070614257632695,62.88033334659061,0.6,3.0,135.0,-0.005580698941383744,1.0,256.0,1.6803901216343526,0.6659122802206094,0.3070408677146953,0.000494732653223589,0.006983442499260339,0.7309482871406532,0.028859760951333246,-0.08949100374743413,0.021514826964119473,-0.007997099734683655,0.0,,,,,,
2026-07-02 18:30:00+00:00,-0.01801124212040254,0.36653425785841265,-0.3232048514040148,0.0,0.0,0.04506546911462859,1.672985963094442,3.102069869321454,19.063835157533312,62.832884258362235,0.5940298507462687,3.0,135.0,-0.005580698941383744,1.0,256.0,1.6803901216343526,0.4154760228705768,0.5265872882004541,0.0002735509222850406,0.00808398210261588,0.8676728604414772,0.02925803403879179,-0.08882919556862046,0.021520846859116125,-0.010768388761521308,0.0,,,,,,
2026-07-02 19:30:00+00:00,-0.11948373553872794,0.3297085963338784,-0.36003051292854904,0.0,0.0,0.04499509599194249,1.6683004003716517,3.158162055309998,19.168701109139718,62.67057739390231,0.5940298507462687,3.0,135.0,-0.005580698941383744,1.0,256.0,1.6803901216343526,0.6327996566298679,0.33494730788643606,0.00046572807933690797,0.0071551713345194504,0.7666909047165674,0.025270417432156744,-0.0858554750877949,0.021536642589929902,-0.004116016257863286,0.0,,,,,,
2026-07-06 13:30:00+00:00,-0.31773624660256916,0.16721746312086486,-0.5225216461415626,0.0,0.0,0.044734007734056586,1.6631117423028507,3.2157000453406805,19.377813630593618,62.72577610838447,0.5880597014925373,3.0,135.0,-0.005580698941383744,1.0,256.0,1.6803901216343526,0.03736373519317323,0.22613910975357843,7.479878018182145e-05,0.02451142140751703,0.6842537441421174,-0.00010066055522539585,-0.08587845198960276,0.02153593362010618,-0.02455427411698441,0.0,,,,,,
2026-07-06 14:30:00+00:00,-0.5079377925275818,0.02976984816013288,-0.6599692611022946,0.0,0.0,0.045001503811861,1.656371146158747,3.2731412848237342,19.72284893779889,62.60592058448061,0.5880597014925373,3.0,135.0,-0.005580698941383744,1.0,262.0,1.6519132109457302,0.09146132541034493,0.4096913195059454,7.316257231185199e-05,0.018876557931222986,0.9312752986675474,0.030740795400933774,-0.06336117086786253,0.021781655775936742,-0.030128809778006804,0.0,,,,,,
2026-07-06 15:30:00+00:00,-0.5608016819851566,0.026534985070930696,-0.6632041241914968,0.0,0.0,0.04504295914896823,1.6486049012578459,3.3298687301458907,20.17878134909668,62.68274007782488,0.582089552238806,3.0,135.0,-0.005580698941383744,1.0,262.0,1.6519132109457302,0.5481229960941443,0.41479815989559243,0.00038974084610307705,0.0073959959188848986,0.8167331281200803,0.03774038319503514,-0.07284097923728927,0.02170862301949799,-0.038254660039006794,0.0,,,,,,
2026-07-06 16:30:00+00:00,-0.5443039457430945,0.06843321481589354,-0.621305894446534,0.0,0.0,0.044999585538121445,1.6396631974384956,3.3854476306282164,20.73384759217139,62.582658886328055,0.582089552238806,3.0,135.0,-0.005580698941383744,1.0,262.0,1.6519132109457302,0.37213894191856733,0.5418364721603621,0.00024014168415707578,0.008805840020223155,0.9109162253548455,0.03515557301415928,-0.07665773439539025,0.02172986323755457,-0.026916565910580115,0.0,,,,,,
2026-07-06 17:30:00+00:00,-0.5557459591458911,0.08986094874017748,-0.59987816052225,0.0,0.0,0.04493241990919186,1.628777631671026,3.4394225782576453,19.94500058293431,62.66406507630825,0.5761194029850746,3.0,140.0,-0.00623898418766175,1.0,262.0,1.6519132109457302,0.5802283088698007,0.37915150645706686,0.00041970061059869255,0.007430189675793107,0.8136726232967781,0.030661960565475876,-0.07840533780487613,0.021733919299466012,-0.01883600610925562,0.0,,,,,,
2026-07-06 18:30:00+00:00,-0.5374241886670486,0.06026579210148093,-0.6294733171609465,0.0,0.0,0.04515081806931791,1.614787864493933,3.4908342198042623,20.349129337985094,62.576726860566424,0.5761194029850746,3.0,140.0,-0.00623898418766175,1.0,262.0,1.6519132109457302,0.49534151101672425,0.4581609924631866,0.0003437471968641615,0.007695902034982494,0.8482627289108581,0.02962877284536436,-0.06689781992213417,0.02172966869369541,-0.02162792191437024,0.0,,,,,,
2026-07-06 19:30:00+00:00,-0.6893070763376835,0.07174352863552153,-0.617995580626906,0.0,0.0,0.045052364393861115,1.5982131612970782,3.539739961600312,20.747600773992364,62.643325991161795,0.5701492537313433,3.0,140.0,-0.00623898418766175,1.0,266.0,1.5860331363637457,0.5310214075448634,0.42719733206429805,0.00037519171183165144,0.007531738900526653,0.8321151829154044,0.02354482380861711,-0.08024330867083984,0.021628815870669428,-0.022723618336903506,0.0,,,,,,
2026-07-07 13:30:00+00:00,-0.5043430722516646,0.29596965153985977,-0.39376945772256766,0.0,0.0,0.044476003421903526,1.5795141223852296,3.5896711851855043,21.233876938429574,62.5713444525592,0.5701492537313433,3.0,140.0,-0.00623898418766175,1.0,266.0,1.5860331363637457,6.479934828370394e-09,3.58694762900664e-05,9.717889796011696e-05,0.030724234443541217,0.0004031439565675377,-0.0348181958972229,-0.11745876650194687,0.02246303771359152,0.01633113123730423,1.0,,,,,,
2026-07-07 14:30:00+00:00,-0.6150459740957036,0.25763736319391056,-0.43210174606851687,0.0,0.0,0.04434756390320049,1.557815771202258,3.641417359677575,21.839818392428224,62.6088886211034,0.564179104477612,3.0,140.0,-0.00623898418766175,1.0,266.0,1.5860331363637457,0.14941886723252523,0.7623175331559678,3.804040528256149e-05,0.00919499262437953,0.7051859690872927,-0.04688759292398936,-0.09063364911163996,0.022274458816890764,0.007128522923473213,1.0,,,,,,
2026-07-07 15:30:00+00:00,-0.7199344438822034,0.18247265291187864,-0.5072664563505488,0.0,0.0,0.0442884235933674,1.5331080513152415,3.6943766111884138,22.541858330600263,62.53639171231545,0.564179104477612,3.0,140.0,-0.00623898418766175,1.0,266.0,1.5860331363637457,0.766091690163834,0.20029356252842248,0.0005872583050620352,0.006985403226738891,0.6402418154145096,-0.03691799589479361,-0.08250578934142094,0.022353621815667475,-0.0012338347098173053,0.0,,,,,,
2026-07-07 16:30:00+00:00,-0.6957883380998409,0.20070487470886572,-0.4890342345535617,0.0,0.0,0.04402798033297943,1.5040518335590196,3.7495715875648257,23.34088414616456,62.54232456025824,0.5582089552238806,3.0,140.0,-0.00623898418766175,1.0,266.0,1.5860331363637457,0.25647981302249395,0.6711469214483525,0.00013202068712466806,0.008661775347883701,0.8066711122032494,-0.033089409270716796,-0.09559160251142673,0.022271477419554053,0.0015468064165657935,1.0,,,,,,
2026-07-07 17:30:00+00:00,-0.650801361293336,0.17743604407427147,-0.5123030651881559,0.0,0.0,0.04367583732640827,1.4699440488515436,3.8063665561785607,24.19336536982089,62.44940576770846,0.5582089552238806,3.0,140.0,-0.00623898418766175,0.0,336.0,0.0,0.7502505603630877,0.22930352735024284,0.0005700323394065181,0.006701651036397532,0.6328143674609642,-0.026223698517928717,-0.0987683073312553,0.022244499822386868,0.004726188740285853,1.0,,,,,,
2026-07-07 18:30:00+00:00,-1.0427405300019879,0.16110744598527177,-0.5286316632771557,0.0,0.0,0.043385239638978716,1.4306890403243826,3.864257674804696,25.025926128769225,62.41794944731659,0.5522388059701493,3.0,75.0,0.0005987835234961547,0.0,336.0,0.0,0.3373602350418721,0.606111865046648,0.00020219747783141993,0.008169203407019208,0.8324573954573142,-0.02870228179282197,-0.0965347542977395,0.02225217613667152,0.004004722517030768,1.0,,,,,,
2026-07-07 19:30:00+00:00,-1.2561922777313717,0.09756349271383957,-0.5921756165485879,0.0,0.0,0.04331248853191673,1.392764972003979,3.9218756952649834,25.977698818835748,62.3239816672812,0.5522388059701493,3.0,75.0,0.0005987835234961547,0.0,336.0,0.0,0.6431609031609642,0.30702548006148594,0.00047890924261646903,0.007549830936223866,0.795823235405367,-0.017198167687813903,-0.08711339547468144,0.022329404195683075,-0.006449295472224836,0.0,,,,,,
2026-07-08 13:30:00+00:00,-1.323637417924631,0.0846028671031735,-0.6051362421592539,0.0,0.0,0.04321728233508257,1.358099049295895,3.9794308032472676,27.112384629503104,62.30770464616789,0.5462686567164179,3.0,75.0,0.0005987835234961547,0.0,336.0,0.0,0.42264615481614654,0.5287110853222922,0.00027808437475192454,0.007855971477422723,0.8480051683533951,0.021546155336085615,-0.08968497404126552,0.022314761222593547,,,,,,,,
2026-07-08 14:30:00+00:00,-1.2304100278430805,0.2536996030260184,-0.436039506236409,0.0,0.0,0.04302029829289654,1.35934650083034,4.037615578917553,28.54393497835976,62.2168424140559,0.5462686567164179,3.0,75.0,0.0005987835234961547,0.0,336.0,0.0,8.329681194172113e-05,0.008413108784814494,9.544464133436391e-05,0.030526415370547136,0.04944015654182285,-0.012414689912933596,-0.10437321280665612,0.022674872814527885,,,,,,,,
2026-07-08 15:30:00+00:00,-1.3231192925556854,0.26797443508179714,-0.4217646741806303,0.0,0.0,0.04268041686234935,1.4141115353477802,4.094994450575373,30.166547009437053,62.19868034259964,0.5402985074626866,3.0,75.0,0.0005987835234961547,1.0,276.0,2.079914056802859,0.1435503267937983,0.7786053119805608,3.047348179898086e-05,0.008960406707499166,0.672228014302806,-0.02475937594109867,-0.11386644295292259,0.022619399924619726,,,,,,,,
2026-07-08 16:30:00+00:00,-1.4953648994560433,0.18859336388237194,-0.5011457453800555,0.0,0.0,0.042473628514900434,1.4680062889241858,4.151680821731892,32.05122908283464,62.11758886122397,0.5402985074626866,3.0,75.0,0.0005987835234961547,1.0,276.0,2.079914056802859,0.7548747470696915,0.20312617339211195,0.0005788493843988978,0.007198280008806308,0.6691834619596273,-0.010165043013800279,-0.1029389199047741,0.022731413152700716,,,,,,,,
2026-07-08 17:30:00+00:00,-1.5284979183108007,0.17943409727004733,-0.5103050119923801,0.0,0.0,0.042460191917872966,1.5029719423864445,4.2093722181914695,34.227330697821806,62.105102823610494,0.5343283582089552,3.0,75.0,0.0005987835234961547,1.0,276.0,2.079914056802859,0.3044458683670904,0.6366733927786569,0.00017276279892500807,0.008273959683478663,0.8162874243691194,-0.012435361782230814,-0.09445665278375293,0.022713520170763155,,,,,,,,
2026-07-08 18:30:00+00:00,-1.3455471868528943,0.15968763686030643,-0.530051472402121,0.0,0.0,0.04261310241636207,1.5252557988142392,4.265503243452403,36.752299624100125,62.05086045830274,0.5343283582089552,3.0,75.0,0.0005987835234961547,1.0,276.0,2.079914056802859,0.7229674685629383,0.25436905711577973,0.0005456907784329595,0.006794729804332278,0.6685741472795553,-0.011694879814063697,-0.08440543771354392,0.022703060441566426,,,,,,,,
2026-07-08 19:30:00+00:00,-1.5172600130126068,0.08965611437015632,-0.6000829948922711,0.0,0.0,0.04301388266916948,1.749083971497513,4.167775293582565,39.64952929809947,62.10454278794868,0.5283582089552239,3.0,155.0,-0.005849930505401747,1.0,276.0,2.079914056802859,0.2852241029473111,0.5918359683514617,0.00016898378269466932,0.009799870192394498,0.9259305653550912,-0.010462672378666493,-0.07219110603129897,0.022792474068247567,,,,,,,,
2026-07-09 13:30:00+00:00,-1.5370519396558284,0.08276294901770762,-0.6069761602447198,0.0,0.0,0.0402507599896827,1.6710014437969691,3.9536322495818306,43.129690324650724,62.16417450474285,0.5283582089552239,3.0,155.0,-0.005849930505401747,1.0,282.0,2.087116638327422,0.6845773601134552,0.29007929265456,0.0005113454742013126,0.006915409060620555,0.711568344034319,-0.011282233555847121,0.033457001598283576,0.013882811784460618,,,,,,,,
2026-07-09 14:30:00+00:00,-1.6292437916410818,0.005275542650292247,-0.6844635666121351,0.0,0.0,0.03878125479465725,1.667958476230459,4.010898944536912,46.74440056275142,62.32116482376975,0.5223880597014925,3.0,155.0,-0.005849930505401747,1.0,282.0,2.087116638327422,0.26633191723850025,0.5627881696946636,0.00016205605855234683,0.010948632571048923,0.9777898415002487,0.029173473058916155,0.024774197465024628,0.013602252784421131,,,,,,,,
2026-07-09 15:30:00+00:00,-1.674675037828163,0.05193154317070811,-0.6378075660917193,0.0,0.0,0.03601926060121169,1.6779101141020278,4.075378018358647,50.26693445953935,62.491463221586585,0.5223880597014925,3.0,155.0,-0.005849930505401747,1.0,282.0,2.087116638327422,0.48274332697181394,0.4394251275488226,0.00033899171591261995,0.008447122701164133,0.9116217109838471,0.023422711796885487,0.028070115230492743,0.013519914910441572,,,,,,,,
2026-07-09 16:30:00+00:00,-1.7578815669329821,0.027745490447809766,-0.6619936188146177,0.0,0.0,0.032383641621146625,1.6997507500271778,4.145354850151829,53.629586925009576,62.75419362092181,0.5164179104477612,3.0,155.0,-0.005849930505401747,1.0,282.0,2.087116638327422,0.5561541033554939,0.40377582202837814,0.00039768566184291814,0.007453744571436878,0.8213940102089491,0.01633788637393696,0.03879412772149404,0.013446632557955166,,,,,,,,
2026-07-09 17:30:00+00:00,-1.7399516001832653,0.0013247608727300468,-0.6884143483896974,0.0,0.0,0.02847341946205699,1.7391151430535865,4.227087451286016,56.73404469397598,63.06981007255717,0.5164179104477612,3.0,155.0,-0.005849930505401747,1.0,282.0,2.087116638327422,0.5195612594762327,0.4365988469188492,0.0003652082810449753,0.007597173946058357,0.8391171508655385,0.01982305419090391,0.0406857154075535,0.01345157779339834,,,,,,,,
2026-07-09 18:30:00+00:00,-1.7213007484192275,-0.009117518504722935,-0.6988566277671504,0.0,0.0,0.024459259241789537,1.8135653386609527,4.343249251753807,59.39199408282833,63.48057525649324,0.5104477611940299,3.0,155.0,-0.005849930505401747,1.0,286.0,2.07150236562582,0.5498622738285428,0.41266741051161443,0.0003914065971364131,0.007402512820218545,0.8171833845362736,0.018769239692515427,0.03725888496978591,0.013442485435580229,,,,,,,,
2026-07-09 19:30:00+00:00,-1.8194095693456434,0.00861165926962355,-0.6811274499928038,0.0,0.0,0.020554972000478965,1.9718419650318146,4.591319504349383,61.501584626649425,63.96671868302044,0.5104477611940299,3.0,155.0,-0.005849930505401747,1.0,286.0,2.07150236562582,0.468215450957392,0.481037057215391,0.0003199832792765755,0.00783623419924352,0.8585954394357197,0.0049372217295768905,0.02609162290387035,0.013433235554024495,,,,,,,,
2026-07-10 13:30:00+00:00,-1.8159905911021461,-0.002077027095834907,-0.6918161363582623,0.0,0.0,0.020136453275314666,2.625342885493485,3.8828159639409665,92.1910916186929,94.20879786601556,0.5044776119402985,3.0,165.0,-0.006035485165914843,1.0,286.0,2.07150236562582,0.5914780966963236,0.3746359958713602,0.00042849241279594835,0.007255819257931961,0.7931165653411134,0.0060672094570657364,-0.01858772521514407,0.010948240697274781,,,,,,,,
2026-07-10 14:30:00+00:00,-1.8121984443220653,0.014541333538645094,-0.6751977757237824,0.0,0.0,0.01912260016562644,2.691984575643262,3.8892238499683947,94.2395224509515,94.92956002461635,0.5044776119402985,3.0,165.0,-0.006035485165914843,1.0,286.0,2.07150236562582,0.43531030755263517,0.5112330293090938,0.00029063322207882245,0.007949302772971666,0.8616157293037819,-0.009630260222509346,-0.009018274599582377,0.010727507984025351,,,,,,,,
2026-07-10 15:30:00+00:00,-1.8631972668952883,0.004926452743514651,-0.6848126565189128,0.0,0.0,0.017789235089957136,2.7341464348920836,3.9023224027030152,95.44982543189528,95.44982543189528,0.49850746268656715,3.0,165.0,-0.006035485165914843,1.0,286.0,2.07150236562582,0.6173430193646423,0.3511564468340781,0.0004515081436506185,0.007160964110749634,0.7741777913566379,0.0001028294343958791,-0.0004114474095757714,0.010643377505037493,,,,,,,,
2026-07-10 16:30:00+00:00,-1.7702484599281174,0.007049066244420437,-0.682690043018007,0.0,0.0,0.01617434927101013,2.76233052334031,3.9207964693838755,95.8742609488563,95.8742609488563,0.49850746268656715,3.0,165.0,-0.006035485165914843,1.0,292.0,2.0357059779075346,0.4501361038339826,0.5031034063330062,0.0003026858187428662,0.007770414471576513,0.8481268404399469,-0.004626036943570888,0.0036129701600082775,0.0106032407526582,,,,,,,,
2026-07-10 17:30:00+00:00,-1.8002496527234186,-0.02861580839226361,-0.7183549176546911,0.0,0.0,0.01470584518796154,2.7896412530329124,3.9426430430471733,95.47600551994937,96.00984855368992,0.4925373134328358,3.0,165.0,-0.006035485165914843,1.0,292.0,2.0357059779075346,0.5974459480488291,0.36104905449149693,0.0004355506131811809,0.007424825266727796,0.8076214140672036,-0.002661503668387244,0.009164450787833012,0.010638337443618995,,,,,,,,
2026-07-10 18:30:00+00:00,-1.4055733092083362,-0.03649371199906678,-0.7262328212614942,0.0,0.0,0.013642188150888579,2.808191009480621,3.9677172042904294,94.20609715518911,96.23185672913559,0.4925373134328358,3.0,165.0,-0.006035485165914843,1.0,292.0,2.0357059779075346,0.4752854416162984,0.480817260258378,0.00032494844984169924,0.007665476607800725,0.8428419590531437,-0.0030696373614209627,0.004931213569573156,0.010613493536698968,,,,,,,,
2026-07-10 19:30:00+00:00,-1.3293842566804492,-0.030843965151692358,-0.7205830744141198,0.0,0.0,0.012828190164079094,2.810885760983109,3.995487959149876,91.63651882979804,96.14430968554811,0.48656716417910445,3.0,165.0,-0.006035485165914843,1.0,292.0,2.0357059779075346,0.5666177847694556,0.3964936762588537,0.00040652250322236003,0.0073635782314913035,0.8103999351658024,-0.0009238448231352336,-0.0001026393514216295,0.010609397731363955,,,,,,,,
